FRUITS_VEGGIES,DAILY_STRESS,CORE_CIRCLE,SUPPORTING_OTHERS,SOCIAL_NETWORK,BMI_RANGE,TODO_COMPLETED,FLOW,DAILY_STEPS,SLEEP_HOURS,DAILY_SHOUTING,SUFFICIENT_INCOME,TIME_FOR_PASSION,WEEKLY_MEDITATION,WORK_LIFE_BALANCE_SCORE,GENDER_NEW,AGE_GROUP
3,2,5,0,5,1,6,4,5,7,5,1,0,5,609.5,1,2
2,3,3,8,10,2,5,2,5,8,2,2,2,6,655.6,1,2
2,3,4,4,10,2,2,2,4,8,2,2,8,3,631.6,1,2
3,3,3,10,7,2,3,5,5,5,5,1,2,0,622.7,1,3
5,1,3,10,4,2,5,0,5,7,0,2,1,5,663.9,1,3
3,2,9,10,10,1,6,1,7,8,2,2,8,3,722.3,1,3
4,2,6,10,10,2,8,8,7,7,0,2,8,10,727.2,0,3
3,4,3,5,7,1,8,2,8,6,2,2,2,2,676.2,1,1
5,3,4,3,3,1,10,2,1,10,2,2,3,10,702.8,1,1
4,4,6,10,10,2,3,2,3,6,0,1,8,1,634.4,1,3
2,4,7,1,1,2,2,2,7,8,3,2,0,6,610.1,1,2
1,4,8,0,2,1,2,1,8,7,1,2,1,7,618.6,0,1
2,2,5,2,8,2,7,1,6,8,0,2,2,7,686.4,0,1
5,3,3,6,6,1,8,7,7,6,3,2,6,5,689.6,1,2
3,3,3,7,5,1,8,0,2,8,2,1,5,4,639.7,1,1
3,3,4,10,10,1,7,2,8,6,2,2,3,10,720.4,1,3
4,2,4,6,10,1,8,2,1,8,1,2,3,3,673.5,0,1
4,2,10,5,10,1,7,1,10,8,3,2,8,6,707.6,0,1
5,3,7,10,5,1,6,2,8,9,7,2,4,7,727.8,1,2
3,1,10,10,6,2,8,4,1,8,0,2,1,2,687.1,0,2
2,4,8,6,5,1,8,1,4,4,3,2,2,5,652.9,0,1
3,5,4,5,3,2,10,6,3,7,7,2,10,10,668.6,1,1
5,2,6,10,10,2,4,4,3,7,2,2,6,8,709.4,0,2
2,2,10,10,10,1,10,6,7,7,1,2,5,7,752.7,0,2
2,4,10,5,5,2,6,1,7,6,3,2,3,10,677.7,1,2
1,5,3,6,5,1,2,2,8,7,6,2,1,1,633.9,0,1
1,4,2,5,3,1,1,5,8,7,4,2,1,1,628.8,0,1
2,4,3,10,7,1,6,0,5,7,1,2,2,2,692.8,1,1
3,4,4,7,10,1,4,1,10,6,3,1,2,8,673.2,1,2
4,2,3,1,2,1,7,2,4,7,3,2,1,7,673.9,1,0
5,3,3,7,5,1,7,2,10,7,0,1,5,10,712.5,0,1
3,1,5,2,10,1,5,4,3,8,1,2,4,1,692.6,1,2
0,5,3,3,8,2,4,4,1,6,10,2,2,1,574.5,1,2
1,3,3,2,3,1,2,2,5,8,0,1,3,7,630.1,1,3
4,2,6,10,8,1,10,2,10,7,3,2,4,10,746.5,0,1
3,3,2,0,5,2,3,1,2,6,6,1,2,10,591.7,0,1
2,3,4,10,8,1,5,5,2,6,3,2,6,10,729.4,1,3
2,5,8,5,2,2,2,0,10,8,10,1,0,10,593.7,1,2
4,1,10,10,10,2,8,3,7,6,2,1,4,10,682.8,0,3
5,3,6,10,7,1,8,5,3,9,3,2,6,10,723.4,1,3
4,2,8,8,4,1,5,4,3,7,1,2,4,8,687.3,1,1
4,3,8,10,3,2,0,0,3,5,2,2,0,2,635.9,1,3
2,3,8,10,10,2,5,0,2,9,3,1,0,10,655.2,1,3
3,2,1,1,10,1,7,5,7,7,3,1,5,8,652.4,0,1
2,3,10,3,4,1,7,1,8,8,3,2,2,3,657.9,1,2
3,5,2,9,10,1,10,1,10,5,7,2,2,2,686.6,1,2
5,3,10,10,6,1,7,4,10,6,1,2,4,10,732.7,1,3
4,2,10,5,8,2,6,3,10,8,2,1,3,7,685.5,1,1
3,2,10,10,10,2,10,3,7,7,2,2,3,10,742.5,1,3
2,3,10,10,10,2,7,4,2,8,2,2,1,1,663.5,1,2
4,3,3,10,10,1,4,6,8,7,4,2,5,9,710.4,1,1
3,5,9,5,10,2,8,4,10,8,4,2,3,5,658.3,1,1
1,2,6,1,10,2,5,1,5,6,1,2,1,2,633.1,0,2
5,2,6,4,9,1,5,3,6,8,3,2,3,5,677.9,1,3
4,2,10,10,2,2,4,2,1,6,1,2,4,4,640.8,1,1
1,4,1,1,7,1,0,5,3,6,8,1,2,1,557.9,1,0
4,2,6,2,10,2,6,3,5,8,3,2,1,2,669.2,1,2
5,4,6,5,10,1,4,4,10,7,2,2,4,5,712.5,0,2
4,3,1,10,2,1,9,2,10,7,0,2,1,7,712.5,1,3
0,5,2,1,2,1,0,0,1,10,2,1,0,0,571.9,0,1
0,5,2,1,2,1,1,0,1,10,2,1,0,0,575.3,0,1
4,3,7,5,8,1,7,3,8,7,1,2,9,4,678.1,1,1
5,2,5,4,4,1,4,4,6,7,3,1,8,8,648.8,0,1
1,1,2,1,5,1,5,4,8,6,0,2,1,7,649.0,0,1
2,5,4,10,0,1,5,1,2,9,4,1,1,10,656.9,1,2
3,3,8,7,6,1,8,4,5,6,7,2,4,8,680.7,1,1
3,3,8,7,6,1,8,4,5,6,7,1,4,8,663.7,1,1
2,1,3,2,4,2,5,2,10,7,1,2,3,10,661.5,0,1
3,1,1,1,3,1,0,0,6,7,2,2,1,1,609.7,1,3
3,2,4,10,10,2,7,0,1,8,1,2,2,6,656.5,1,1
4,3,10,10,10,1,9,3,8,8,0,2,6,10,739.5,0,1
3,5,0,2,3,1,8,2,10,4,0,2,1,10,657.5,1,1
0,4,2,2,3,2,1,0,4,4,10,1,0,0,528.8,1,2
4,3,8,10,10,2,10,2,7,6,1,2,1,3,694.7,0,3
5,1,4,2,2,1,10,1,4,8,2,2,5,10,662.2,1,3
5,2,1,10,10,1,8,2,5,7,0,2,2,10,704.7,1,1
5,2,1,4,5,1,8,2,10,8,6,2,1,6,694.0,1,2
5,2,1,4,5,1,8,2,10,8,6,2,1,6,694.0,1,2
3,3,10,5,7,1,8,4,10,8,1,1,3,7,709.3,1,1
0,5,2,0,0,2,0,1,1,6,10,1,1,10,538.8,0,1
1,1,2,1,3,1,2,2,8,8,1,2,1,10,654.5,0,0
5,1,4,10,4,2,10,1,1,8,3,2,3,10,680.3,1,3
0,5,2,0,0,2,0,1,1,6,10,1,1,10,538.8,0,1
3,4,7,5,7,2,7,2,3,6,5,2,0,4,651.4,1,1
5,2,5,5,10,1,9,4,2,8,0,2,5,5,724.7,1,1
5,2,6,10,10,2,5,2,6,6,0,2,2,5,677.5,1,3
4,4,2,10,10,2,6,5,7,6,0,2,3,7,696.4,1,3
2,4,6,4,5,1,8,1,2,8,1,1,6,4,658.4,1,2
5,0,3,10,7,1,10,4,8,8,1,2,5,10,749.7,1,2
5,0,3,10,7,1,10,4,8,8,1,2,5,10,749.7,1,2
3,4,7,4,4,2,6,1,9,6,9,2,1,10,676.4,1,2
3,4,4,2,5,2,1,1,9,6,10,2,0,10,594.8,1,1
5,3,1,10,10,1,9,5,10,8,0,2,5,10,758.6,1,1
3,4,1,4,3,1,5,0,7,6,7,2,1,10,640.3,0,1
3,2,3,8,10,1,8,1,8,7,2,2,1,7,678.1,0,2
2,3,4,10,10,2,8,3,4,6,1,2,1,7,678.8,0,2
1,5,1,1,3,2,1,0,1,10,6,2,0,1,551.5,1,2
5,5,2,10,8,1,9,2,10,6,3,1,2,1,639.2,1,1
1,3,6,10,10,1,9,6,7,7,1,2,5,3,718.7,1,1
1,3,6,7,10,1,9,4,5,7,2,2,3,3,697.9,1,1
2,3,3,5,5,1,5,3,4,7,1,2,4,4,670.5,1,3
4,3,10,10,10,1,4,3,3,7,6,1,2,6,666.9,1,2
5,4,10,4,8,2,4,0,8,6,5,1,2,3,638.8,0,1
5,4,3,10,8,2,3,1,5,6,3,1,5,6,651.8,1,1
3,2,3,2,3,1,8,3,10,9,2,1,2,9,639.8,0,1
3,2,8,8,5,1,5,1,6,7,6,2,2,7,687.9,1,2
2,3,10,3,4,2,1,2,2,7,1,2,0,2,593.6,1,1
3,4,8,8,3,1,6,1,5,8,7,1,1,3,626.7,1,1
2,2,1,0,10,1,7,3,3,6,1,1,1,7,658.2,0,1
1,2,4,1,1,1,8,0,1,7,3,1,5,7,605.3,1,3
3,2,6,5,9,2,5,4,1,6,2,1,2,2,645.9,1,2
2,2,6,3,2,1,4,3,6,8,0,2,5,6,669.4,0,1
1,3,5,1,2,1,2,1,10,7,0,1,0,7,605.4,1,1
3,2,7,7,5,2,9,2,5,6,3,2,2,8,690.9,1,3
5,2,7,4,3,1,7,7,1,9,3,2,5,10,709.4,1,0
5,2,7,4,3,1,7,7,1,9,3,2,5,10,709.4,1,0
3,5,3,2,10,2,10,1,10,6,4,1,3,10,627.3,1,1
2,5,10,3,2,1,5,2,4,8,10,2,3,10,643.5,1,3
2,1,0,0,6,1,5,2,8,7,3,2,4,4,637.3,0,1
1,2,8,4,5,1,5,1,9,10,3,2,2,4,665.3,1,1
1,2,8,4,5,1,5,1,9,10,3,2,2,4,665.3,1,1
5,2,5,6,5,1,7,3,10,9,5,2,3,10,714.6,0,1
5,3,6,5,10,1,9,3,9,5,6,1,5,3,649.0,1,1
5,2,4,4,10,1,9,2,10,7,3,2,1,10,717.6,1,2
5,4,3,10,10,1,8,2,10,7,0,2,2,8,748.2,0,2
3,5,7,2,5,1,3,1,9,7,8,2,0,10,637.5,1,2
2,3,7,2,5,1,3,2,9,4,3,1,1,7,628.4,1,1
3,4,5,0,5,1,3,4,3,5,3,2,4,5,634.2,0,0
5,4,7,4,4,1,2,0,3,9,5,2,3,8,653.7,0,1
1,3,5,6,2,1,8,2,10,8,0,1,4,10,656.6,0,1
2,0,10,2,5,1,10,1,1,10,0,2,7,10,670.5,1,2
1,2,1,3,7,2,2,1,1,8,0,2,0,4,588.5,1,2
2,3,3,2,8,1,8,3,6,8,10,2,1,8,672.8,1,2
5,4,3,3,10,1,7,2,10,6,2,2,3,5,695.3,0,1
2,3,5,6,5,2,6,1,2,6,5,1,1,1,591.7,0,2
3,2,5,1,10,2,8,3,5,9,7,2,1,8,649.0,1,1
5,3,10,6,10,2,8,4,7,7,1,2,2,5,708.5,1,3
1,1,6,6,4,1,9,4,3,6,1,2,2,4,673.5,1,0
0,4,1,8,3,1,1,1,4,5,8,2,0,4,595.3,1,1
3,4,6,10,10,2,4,1,10,7,4,2,6,5,671.7,1,3
3,4,4,2,3,1,0,1,10,5,7,2,2,3,625.4,1,0
5,1,6,2,7,1,7,6,7,10,1,2,3,7,705.7,0,0
5,2,10,8,10,1,10,5,9,9,3,2,6,5,753.5,0,2
5,1,4,2,10,1,8,8,8,10,1,2,5,7,707.6,0,0
5,0,4,4,8,1,9,7,10,10,0,2,5,5,713.1,0,0
5,2,4,7,1,2,9,1,7,6,1,2,8,4,687.9,1,3
2,3,4,10,8,1,5,5,2,6,3,2,6,10,729.4,1,3
5,3,10,5,5,2,8,2,5,7,9,2,3,7,665.6,1,3
1,2,3,1,2,2,2,0,2,8,2,1,0,1,576.8,0,1
2,5,6,2,4,2,3,1,5,6,10,2,3,3,602.5,1,2
3,4,5,8,4,1,5,4,7,6,2,2,2,7,669.2,1,2
2,2,6,4,4,1,6,2,4,7,3,2,4,6,680.7,1,2
5,5,5,10,10,1,4,5,4,9,3,2,9,5,694.7,1,2
3,4,2,10,3,2,3,4,1,9,0,2,0,0,612.5,1,2
4,3,6,4,7,1,7,2,5,7,3,2,2,10,679.2,0,2
2,3,3,0,10,1,7,6,3,8,1,2,6,10,677.3,0,1
5,1,8,10,10,1,10,6,6,7,0,2,1,10,730.4,1,2
3,5,3,6,4,1,10,4,2,8,2,1,4,7,658.4,1,2
5,3,4,10,2,1,9,1,4,6,1,2,2,6,714.5,1,2
5,5,5,6,10,1,0,4,6,6,8,1,1,3,619.7,1,0
4,3,7,4,5,1,8,2,6,7,3,2,3,5,672.6,1,1
3,3,2,3,3,2,8,0,3,8,3,2,0,1,602.5,1,2
4,3,7,10,4,1,8,2,5,7,0,2,1,7,689.4,1,3
3,2,10,6,6,2,8,10,2,7,2,2,4,3,683.7,0,3
3,2,10,6,6,2,8,10,2,7,2,2,4,3,683.7,0,3
1,5,1,6,4,1,9,6,4,6,1,2,0,1,632.9,1,3
1,1,5,3,7,1,5,2,5,8,3,2,1,4,665.8,0,1
5,3,10,10,6,2,10,7,6,6,1,2,6,7,733.6,1,3
5,2,10,10,10,1,8,2,10,8,1,2,2,7,711.0,1,3
1,3,2,2,1,2,2,0,3,10,4,1,0,10,558.7,0,1
4,3,10,10,10,1,10,9,10,8,4,2,10,5,753.5,1,3
3,2,3,2,5,1,6,3,3,7,4,1,4,4,636.3,1,1
3,3,8,4,1,2,4,1,2,9,4,1,1,6,604.2,1,1
1,4,6,10,7,2,2,5,2,5,1,1,1,5,620.4,0,3
3,4,5,10,6,1,7,1,10,5,5,2,0,3,645.8,1,1
3,4,1,4,1,2,6,2,9,6,2,1,1,2,594.8,0,1
2,3,10,1,10,2,10,5,10,6,1,2,5,8,674.9,0,1
5,3,5,8,10,2,10,5,10,6,2,2,4,7,715.7,1,3
2,1,2,0,1,2,1,2,1,6,10,2,0,10,596.6,0,3
5,1,4,2,4,1,4,3,2,8,3,2,3,7,680.5,0,0
5,1,4,2,4,1,4,3,2,8,3,2,3,7,680.5,0,0
3,2,8,8,8,1,10,5,10,7,0,2,1,7,715.9,1,2
3,3,5,8,2,2,5,2,10,7,2,2,1,3,639.4,1,3
5,1,3,0,9,1,5,3,7,8,2,2,1,9,698.5,1,1
0,1,9,8,10,1,2,1,2,8,4,1,0,1,639.7,0,1
4,4,4,10,4,1,5,3,5,7,1,2,10,10,714.9,1,3
2,2,4,4,5,1,3,2,9,7,4,2,2,8,657.9,1,1
4,2,6,1,10,2,5,6,3,8,1,2,1,10,658.6,1,3
5,1,10,10,5,1,10,6,6,8,0,2,4,10,732.3,1,3
5,2,3,3,10,2,10,1,4,7,1,2,10,10,706.2,1,3
3,4,7,6,6,2,9,1,9,5,7,2,0,0,642.2,1,1
5,2,3,4,5,1,4,5,7,9,3,2,2,9,702.1,1,3
2,3,10,10,8,1,5,3,6,7,1,1,5,10,699.8,1,1
4,2,2,10,10,1,7,6,5,7,2,1,8,8,665.6,0,3
3,3,9,8,5,2,7,7,1,10,3,2,6,7,677.3,1,0
5,2,8,10,10,1,7,5,10,7,5,2,4,4,729.5,1,2
0,3,5,4,5,1,2,2,1,6,5,1,1,10,628.9,1,1
2,5,4,4,4,1,2,0,1,8,4,1,1,3,583.4,1,1
0,4,4,0,3,2,5,3,1,8,1,2,5,9,597.0,0,1
5,4,10,7,3,1,6,0,8,7,6,2,3,3,679.8,1,1
2,4,0,9,8,1,2,2,4,9,8,1,4,10,628.4,0,2
2,4,10,5,5,2,2,2,1,5,5,2,0,2,627.0,0,2
2,1,8,10,5,1,7,8,7,8,2,2,10,10,739.3,0,1
4,4,10,10,7,2,8,4,10,8,10,2,7,7,704.2,1,2
1,4,6,5,7,1,4,1,1,7,3,1,2,10,661.4,1,0
5,4,10,7,3,1,6,0,8,7,6,2,3,3,679.8,1,1
2,4,8,4,4,2,8,3,4,6,7,2,1,8,615.9,0,2
4,4,5,7,7,1,8,7,8,8,2,2,4,9,741.2,1,3
3,1,3,10,3,2,7,2,10,8,1,1,5,10,677.0,0,2
3,1,3,10,3,2,7,2,10,8,1,1,5,10,677.0,0,2
4,4,5,3,10,2,9,1,3,7,3,2,1,2,644.8,0,3
1,1,4,10,10,1,8,7,10,6,2,2,5,10,727.6,0,1
1,1,4,10,10,1,8,7,10,6,2,2,5,10,727.6,0,1
3,4,1,10,1,2,7,2,3,6,0,1,1,3,608.9,1,2
3,1,9,10,10,1,9,6,2,7,1,2,6,10,734.7,1,1
1,4,10,6,2,1,2,2,3,10,1,1,1,8,650.5,1,1
5,0,9,8,6,1,6,6,8,9,1,2,3,10,743.1,0,1
3,1,10,10,10,2,8,10,5,9,1,2,5,10,725.5,1,3
5,1,7,7,10,1,8,10,8,6,0,2,5,10,749.3,0,1
3,4,5,4,10,2,8,7,10,6,3,2,5,3,703.8,1,2
4,5,4,5,10,1,5,3,8,6,5,2,2,5,660.9,1,3
4,2,10,10,4,1,5,6,2,7,1,1,5,10,702.4,0,2
2,5,2,10,10,2,4,4,5,10,3,2,2,7,639.0,0,2
2,5,2,10,10,2,4,4,5,10,3,2,2,7,639.0,0,2
1,3,4,4,2,2,4,0,1,9,1,2,0,1,609.1,0,1
5,0,3,10,5,2,0,0,9,4,10,2,4,10,645.4,0,3
4,2,5,4,9,1,6,2,7,8,10,2,3,3,688.3,1,2
4,2,5,4,9,1,6,2,7,8,10,2,3,3,688.3,1,2
4,1,9,3,4,1,6,2,4,9,1,2,3,4,698.1,1,1
5,5,5,3,2,1,3,3,8,6,7,1,3,5,615.0,1,1
4,2,8,8,7,1,9,5,9,7,2,2,5,10,727.6,1,2
4,1,10,7,8,2,6,8,5,7,1,2,3,10,720.0,1,2
5,3,10,10,10,2,6,6,10,7,2,2,4,10,727.8,1,2
5,0,10,10,10,2,10,6,8,8,1,2,3,10,754.8,1,3
1,4,4,3,4,2,6,4,3,6,0,2,1,5,624.2,0,2
4,2,4,3,6,1,8,1,7,8,6,2,1,4,676.4,1,2
3,4,1,0,0,1,3,0,2,7,2,1,0,1,573.2,0,1
2,5,1,10,0,2,0,5,1,5,0,2,0,1,581.1,1,3
5,3,2,3,5,1,6,1,3,7,7,2,2,5,624.4,1,2
3,1,5,4,7,1,5,3,6,8,2,2,5,7,667.7,1,1
4,2,3,6,3,2,4,4,6,8,1,2,5,8,667.7,0,1
5,2,10,10,5,1,6,4,6,8,1,2,6,10,754.4,1,1
4,3,9,4,10,1,6,4,6,6,2,2,3,7,706.4,1,2
5,5,4,3,9,1,1,2,8,5,0,2,1,3,645.4,0,3
1,3,3,1,5,2,3,3,1,5,3,2,8,2,598.1,1,2
2,2,8,1,3,1,3,1,7,7,5,2,0,4,625.2,0,1
5,1,10,10,10,1,7,5,3,7,1,2,2,5,728.1,0,1
4,3,2,10,8,1,4,0,2,7,1,2,0,7,668.4,1,3
2,3,3,2,8,1,8,3,6,8,10,2,1,8,672.8,1,2
5,4,10,10,10,2,7,5,8,6,3,2,6,3,710.2,1,3
1,2,2,0,6,1,3,2,3,7,0,2,4,10,629.5,0,0
2,3,10,7,10,1,5,10,8,6,3,2,2,4,693.2,1,2
4,4,5,10,10,2,3,1,6,7,10,2,2,5,638.6,0,1
4,3,10,7,10,2,6,6,7,8,2,2,4,10,729.1,0,2
2,3,3,1,3,1,2,8,4,6,4,1,1,2,607.4,0,3
4,4,5,8,10,1,8,2,9,7,1,2,1,2,685.1,0,1
2,5,5,2,10,1,5,6,5,8,1,2,3,10,655.6,1,1
2,1,2,10,2,2,9,2,5,8,2,2,5,10,664.1,1,2
2,2,8,6,3,1,4,1,3,8,1,2,1,5,672.2,1,1
1,2,6,8,7,2,7,2,2,7,1,2,5,7,665.0,0,3
2,2,10,10,7,2,4,4,4,6,1,2,5,7,687.3,1,2
5,1,3,0,5,1,9,5,4,8,5,2,3,3,646.9,1,3
4,4,6,10,2,1,8,1,8,8,5,2,1,5,681.7,0,3
4,1,8,10,8,1,10,2,10,7,1,2,5,7,741.4,0,3
3,1,4,10,10,2,9,6,10,8,0,2,7,5,722.9,1,1
3,4,6,0,4,1,2,2,8,9,10,2,0,9,620.7,1,0
3,4,4,0,3,1,3,0,8,8,10,2,0,5,589.9,1,0
5,1,5,3,10,1,10,3,5,7,2,2,2,10,720.0,0,1
3,3,1,3,1,2,1,0,5,8,7,2,1,3,575.7,1,1
5,1,10,6,10,1,3,6,5,6,0,2,0,7,684.1,1,3
5,2,10,10,10,1,7,10,5,7,1,2,10,10,769.3,1,2
2,3,3,3,6,1,1,2,3,6,2,2,1,3,620.8,1,2
1,5,4,2,10,2,3,5,1,4,2,1,8,3,601.3,1,1
5,2,10,10,10,2,10,10,8,5,1,2,10,10,771.2,1,3
4,2,4,10,5,2,7,1,8,7,4,2,1,10,671.3,1,3
4,5,8,2,7,1,5,1,2,7,0,2,3,10,649.7,0,1
1,4,5,6,3,2,3,1,5,5,4,2,1,3,600.6,0,1
4,2,3,10,10,1,10,0,8,7,7,2,2,10,700.2,1,2
4,2,4,0,4,1,10,0,10,6,1,2,0,7,646.0,1,2
0,1,5,3,7,2,5,7,3,7,5,2,6,6,636.3,1,2
2,3,8,6,10,1,7,1,2,6,2,2,0,10,681.8,1,1
3,1,9,9,10,2,5,9,5,5,1,2,9,5,699.2,0,2
4,4,5,5,7,2,6,1,2,6,2,1,3,3,642.7,1,3
3,3,4,2,10,1,3,2,7,5,0,1,2,7,665.6,1,1
5,0,6,5,6,2,5,1,5,6,1,2,10,7,684.1,0,3
2,3,10,4,6,2,1,2,6,6,5,2,2,8,641.8,0,2
1,4,1,10,10,2,5,4,1,8,1,2,5,1,627.6,1,3
3,5,2,10,10,1,7,3,5,5,4,1,1,10,673.7,0,2
1,4,4,10,6,2,8,1,3,7,1,2,3,5,682.2,0,3
1,3,3,1,5,2,5,0,1,6,4,2,0,1,579.6,1,2
5,2,5,5,2,2,0,3,3,7,0,2,4,10,656.7,1,3
5,2,2,1,2,1,8,4,5,8,2,1,4,10,655.6,1,0
5,2,6,5,6,1,6,8,8,9,10,2,6,10,709.1,0,0
5,5,3,1,1,2,1,1,5,9,8,1,0,2,553.8,1,1
3,4,4,1,7,2,3,3,7,8,4,2,0,10,630.5,1,1
2,1,8,10,6,1,8,7,6,8,3,2,4,2,710.2,1,0
3,1,10,10,7,1,8,5,8,5,1,2,4,10,754.2,1,2
3,3,6,4,10,2,4,3,6,6,1,1,1,7,657.1,1,2
2,5,4,3,10,1,9,3,10,6,9,1,2,4,610.3,1,1
1,3,0,0,2,2,1,0,1,7,7,2,0,10,556.0,0,1
4,5,1,3,10,2,0,1,5,6,10,1,0,7,554.9,0,1
3,1,2,10,5,2,7,4,2,6,0,2,4,10,683.5,0,2
5,2,3,6,6,1,10,2,10,8,7,2,5,10,721.2,1,1
2,3,6,5,10,2,9,5,4,7,1,2,4,3,668.8,0,1
2,2,5,2,10,2,7,3,5,7,5,1,5,10,638.4,0,2
5,5,2,2,0,2,5,1,2,6,7,1,0,2,559.4,1,1
2,4,3,0,10,1,6,3,7,8,2,2,2,7,679.8,0,2
2,1,2,3,1,2,4,2,5,5,0,2,5,4,632.9,0,1
5,3,10,6,10,1,8,2,6,8,1,2,10,6,722.1,1,2
5,2,2,10,6,2,3,3,1,7,0,2,2,10,683.5,1,3
4,3,5,10,7,1,9,4,7,5,3,2,1,3,691.1,1,1
3,0,10,2,3,1,8,2,9,7,1,2,7,5,702.1,0,2
4,3,10,10,10,1,10,4,7,7,3,2,1,10,764.6,1,3
4,2,5,2,4,1,8,2,8,7,0,2,1,10,701.9,0,3
5,5,5,5,5,2,5,5,5,5,5,2,5,5,656.7,0,2
3,3,10,10,10,2,8,5,2,5,5,2,4,6,703.7,1,3
2,3,6,3,10,2,9,1,2,7,1,2,1,7,648.0,1,1
5,1,5,10,3,1,3,1,7,7,0,2,1,4,683.0,1,3
5,3,10,6,10,1,8,2,6,8,1,2,10,6,722.1,1,2
1,1,5,1,5,1,5,1,3,8,0,2,1,6,643.3,0,1
3,4,10,5,4,2,9,2,2,9,0,1,2,5,643.3,0,2
1,2,7,8,8,2,9,8,3,7,1,2,1,7,682.2,1,2
4,3,5,2,2,1,5,1,2,7,10,2,1,5,646.3,1,2
3,3,6,4,3,1,4,2,5,5,2,2,1,2,626.1,0,2
1,2,8,3,3,2,4,1,2,9,1,2,1,7,622.9,1,1
5,4,5,8,5,2,5,1,4,7,5,1,3,10,633.1,1,2
1,3,5,6,3,2,6,7,4,8,7,1,2,3,609.5,0,2
1,4,10,10,10,2,0,0,10,6,4,2,0,0,625.6,1,2
4,5,2,10,10,2,4,2,10,8,1,2,3,3,656.6,1,2
2,4,4,10,10,2,8,2,4,8,4,2,1,3,663.9,0,2
5,2,7,10,3,1,2,2,9,9,1,1,1,7,704.2,1,2
3,3,2,10,4,1,3,2,6,8,4,2,2,6,666.0,0,2
1,2,5,2,10,1,8,3,8,7,4,2,4,3,642.4,0,3
3,1,7,6,10,2,6,6,8,7,4,2,7,7,686.6,1,2
3,1,2,2,6,1,7,0,6,9,0,2,0,6,659.4,0,3
5,3,10,6,10,1,8,2,6,8,1,2,10,6,722.1,1,2
3,1,1,1,1,1,9,1,5,7,0,2,8,5,621.4,0,3
3,3,7,10,10,1,5,7,9,7,7,2,7,10,731.0,1,2
1,3,10,0,10,1,6,1,10,8,2,1,1,10,663.4,0,1
2,3,8,5,4,1,7,5,4,7,2,1,8,4,667.1,1,0
2,5,3,5,2,2,5,4,4,8,1,1,1,3,585.7,1,2
3,2,2,2,3,1,4,1,5,8,3,1,2,1,626.7,1,2
2,5,1,2,5,2,4,2,4,6,3,1,1,3,597.2,1,1
3,2,1,3,5,1,10,8,4,8,3,2,3,9,675.8,1,1
5,1,5,6,3,1,10,6,10,8,0,2,5,3,729.7,1,3
5,3,10,4,2,1,7,4,6,8,1,2,2,7,703.4,1,2
3,4,6,8,3,1,5,2,8,6,6,2,4,10,655.8,1,1
2,2,5,2,2,1,3,3,5,8,2,1,1,4,625.0,0,1
0,1,6,0,5,2,2,0,3,7,1,2,1,10,626.1,0,1
2,4,4,3,6,1,6,3,5,7,0,1,5,4,653.7,1,1
5,0,1,1,10,1,10,5,5,10,0,2,10,10,724.0,0,1
2,2,5,4,5,1,3,4,6,7,4,2,9,5,670.9,0,1
5,0,10,10,10,2,8,5,6,6,1,2,1,5,699.6,1,2
5,1,2,1,3,2,9,3,6,7,2,2,0,4,635.2,1,1
2,4,10,5,4,1,3,1,4,6,10,1,7,5,655.0,1,2
5,3,6,2,3,1,8,1,5,7,1,1,1,10,657.1,0,1
2,3,4,2,3,2,5,2,5,9,2,1,3,7,611.6,0,1
2,4,8,5,10,2,6,1,2,8,1,2,1,7,672.0,0,2
2,2,3,3,2,2,2,1,1,5,4,1,2,2,584.5,0,2
4,4,3,5,6,1,6,1,10,8,4,1,1,10,685.5,1,3
4,4,2,0,4,2,2,1,2,6,10,1,0,3,550.9,0,2
1,2,2,6,1,2,2,1,2,6,3,2,2,6,603.6,0,2
5,1,5,5,5,1,6,0,8,7,0,2,2,5,686.6,1,2
3,2,10,8,10,2,6,1,7,6,5,2,3,5,696.4,1,2
5,2,4,4,7,1,5,2,10,7,5,2,3,7,670.0,0,1
4,3,7,4,4,2,8,1,6,7,7,2,0,7,618.2,1,3
5,2,4,4,7,1,5,2,10,7,5,2,3,7,670.0,0,1
3,2,10,8,10,2,3,3,5,7,0,2,3,3,684.3,1,3
3,2,3,3,3,1,6,1,2,8,2,2,3,6,665.2,1,1
4,1,5,4,5,1,7,1,8,9,4,2,5,10,700.6,0,1
4,3,4,10,6,2,4,5,3,7,5,2,10,7,656.7,1,3
4,3,8,8,8,1,7,8,10,7,4,2,8,10,741.4,1,0
2,2,4,1,4,2,5,7,2,7,2,1,8,9,627.6,0,2
3,2,8,5,6,1,6,5,1,5,5,1,0,3,611.7,0,2
2,3,3,0,5,1,7,3,8,6,0,2,4,7,645.6,0,1
4,1,10,6,3,2,8,5,4,7,2,2,4,7,704.5,1,1
4,4,3,3,10,1,6,1,6,7,1,2,1,4,684.5,1,1
4,2,4,9,4,1,10,2,10,8,3,2,5,10,699.1,0,1
4,2,4,9,4,1,10,2,10,8,3,2,5,10,699.1,0,1
5,3,2,4,5,1,6,4,10,7,3,2,1,7,671.7,0,2
4,2,8,3,10,1,9,6,4,8,2,1,7,10,694.5,0,1
1,5,3,2,3,1,1,3,1,7,2,1,3,10,596.8,0,0
5,3,1,3,1,1,9,2,5,7,0,2,4,10,691.1,1,2
1,3,6,1,1,2,9,1,7,9,1,2,2,10,640.9,1,1
2,5,4,5,7,2,10,4,10,7,3,2,1,4,661.5,0,2
3,2,10,4,2,2,5,1,1,6,3,1,1,10,622.1,0,2
3,2,10,4,2,2,5,1,1,6,3,1,1,10,622.1,0,2
5,2,10,10,10,1,7,2,8,7,3,2,5,10,747.8,1,1
5,2,7,2,3,1,4,2,7,9,0,1,2,10,690.2,1,1
3,4,3,5,8,1,9,5,3,8,1,2,6,8,694.3,1,2
0,3,2,2,1,2,0,0,1,10,7,1,0,5,551.5,1,1
4,3,7,2,4,1,5,2,6,7,10,1,2,7,645.4,0,1
5,1,4,10,10,2,10,7,4,8,0,2,3,7,697.9,1,3
3,4,1,10,4,2,7,1,5,6,1,1,1,5,633.1,1,1
4,0,10,10,10,2,7,3,4,7,0,2,7,10,738.5,0,3
2,2,2,2,9,1,6,2,6,6,7,2,0,2,641.8,0,2
2,4,5,1,3,2,5,1,1,7,1,1,0,10,603.6,0,2
2,4,5,1,3,2,5,1,1,7,1,1,0,10,603.6,0,2
0,4,9,10,10,1,10,5,2,8,2,2,3,7,706.0,1,3
5,3,10,8,10,2,6,2,10,7,5,2,2,7,687.0,1,2
5,3,10,8,10,2,6,2,10,7,5,2,2,7,687.0,1,2
2,4,7,3,1,2,8,0,5,4,1,2,1,7,637.8,1,3
4,2,3,5,2,1,2,5,5,6,0,1,6,10,651.8,1,3
2,2,4,1,10,2,8,0,4,5,10,1,0,5,614.0,1,2
1,3,3,8,3,1,9,2,1,8,1,2,1,3,649.7,1,1
1,3,3,8,3,1,9,2,1,8,0,2,1,2,648.0,1,1
5,2,6,4,10,1,7,5,10,7,0,2,4,8,722.7,0,3
4,1,10,5,8,1,3,2,9,7,0,2,1,10,731.0,1,3
4,2,4,4,8,1,6,1,8,8,1,2,1,5,690.2,0,3
4,2,3,10,9,2,5,1,6,8,1,2,1,9,674.5,1,3
5,2,6,3,7,1,5,4,7,8,0,2,7,7,713.8,1,1
2,4,6,7,7,2,6,4,5,7,7,2,6,6,657.1,0,2
3,3,5,2,3,2,10,5,3,7,2,2,10,5,658.4,0,2
3,1,10,7,10,1,9,2,9,7,0,2,2,8,739.5,1,3
1,5,10,5,6,1,3,3,5,6,2,2,1,10,651.8,1,1
1,5,5,6,5,1,2,2,4,5,3,2,1,10,634.4,1,1
5,1,9,5,5,1,0,2,10,9,1,2,2,10,714.6,1,1
5,1,10,10,5,1,10,8,10,8,0,2,8,10,780.7,1,3
4,1,7,3,10,2,0,4,1,9,0,2,5,10,700.9,1,3
5,0,10,10,10,1,10,6,10,4,0,2,3,10,781.6,1,3
5,1,10,10,10,1,10,8,10,6,0,2,6,10,799.0,1,3
3,1,10,10,8,1,9,5,8,8,0,2,10,6,734.4,0,2
3,4,3,5,2,1,8,1,5,8,1,1,0,2,628.4,1,2
4,1,4,5,8,1,4,3,2,7,0,2,3,7,678.6,1,3
5,4,5,6,8,1,4,1,8,6,4,2,1,10,681.3,0,3
1,3,10,5,10,2,5,3,8,6,7,2,5,8,693.2,0,2
4,1,6,8,10,2,7,3,7,7,4,2,1,2,659.2,1,2
1,4,5,0,1,2,4,2,5,6,0,1,3,10,607.6,0,1
4,2,5,10,3,1,5,3,5,6,1,2,3,10,704.5,0,3
4,2,5,10,3,1,5,3,5,6,1,2,3,10,704.5,0,3
3,1,9,9,5,1,8,1,2,8,2,2,2,5,699.2,1,1
3,1,7,4,3,1,6,1,1,7,2,2,1,4,671.6,1,1
5,3,3,7,7,1,7,1,9,7,3,2,8,10,707.2,1,3
5,1,8,4,6,1,8,2,4,7,0,1,1,7,680.7,0,2
4,1,10,0,10,2,7,4,9,8,0,1,3,5,670.0,0,0
2,2,2,1,2,1,1,2,1,8,1,2,2,4,607.2,0,2
5,0,0,2,1,1,10,7,10,10,3,2,6,10,709.7,0,0
3,3,4,3,5,1,5,2,5,7,10,2,1,7,641.8,0,1
1,5,5,3,10,1,0,1,5,8,4,2,2,3,636.9,0,1
3,1,7,8,8,2,8,10,5,5,2,2,8,10,719.6,1,3
5,2,1,6,1,2,8,1,3,8,4,2,0,10,658.6,0,3
4,4,7,5,10,2,8,6,3,8,3,1,1,7,655.2,1,0
4,2,5,10,3,1,5,3,5,6,1,2,3,10,704.5,0,3
4,2,5,10,3,1,5,3,5,6,1,2,3,10,704.5,0,3
5,2,7,4,1,1,7,1,3,9,0,2,2,7,660.5,1,3
2,3,10,10,10,2,6,1,1,6,2,1,0,10,649.3,1,2
4,1,6,1,10,2,8,2,6,9,1,2,3,9,673.0,1,2
4,2,5,10,3,1,5,3,5,6,1,2,3,10,704.5,0,3
2,4,1,4,7,2,0,2,5,7,5,2,6,7,619.7,1,3
4,2,5,10,3,1,5,3,5,6,1,2,3,10,704.5,0,3
5,2,6,5,9,1,2,1,10,8,1,2,4,10,714.4,0,2
5,3,2,1,4,2,9,2,10,6,0,2,2,3,647.7,1,2
2,4,3,0,3,2,7,4,3,8,10,2,0,0,600.8,1,2
3,4,10,5,10,2,8,1,3,8,1,2,1,7,685.8,0,3
4,0,8,6,5,1,10,3,5,8,0,2,7,5,723.6,1,1
4,3,5,6,4,1,8,1,6,8,1,2,1,10,689.8,1,0
4,1,5,2,4,2,5,0,2,7,7,2,1,4,612.3,1,0
5,2,10,8,10,1,10,8,2,8,1,2,8,10,740.0,1,1
1,5,7,3,10,1,5,1,4,6,10,2,1,1,607.4,0,1
5,3,3,2,2,1,2,1,2,7,2,2,1,3,627.6,1,3
3,2,9,10,10,1,4,7,6,7,1,2,7,5,715.1,1,2
4,1,10,7,4,1,5,2,1,8,1,2,1,7,709.2,1,2
5,5,2,9,4,1,5,5,6,8,5,2,7,9,705.1,1,1
3,5,3,2,10,2,8,2,2,6,8,2,0,2,583.2,1,2
2,1,5,0,10,2,2,0,3,7,2,2,1,4,615.9,0,3
2,3,6,10,2,2,6,3,3,10,1,2,4,10,694.7,0,1
2,1,10,10,10,2,10,1,6,10,0,2,7,10,714.0,0,2
5,2,10,10,3,1,4,3,8,7,1,2,3,8,705.3,1,2
3,3,2,0,0,1,5,5,7,6,0,1,1,2,642.0,0,2
4,2,4,0,6,2,4,1,3,7,1,1,1,6,600.6,0,1
5,4,10,10,3,1,5,0,8,7,8,1,0,0,620.3,1,2
5,1,10,10,4,1,9,3,10,8,1,2,4,8,751.8,1,2
5,0,2,10,4,1,5,1,4,8,0,1,2,8,663.9,0,0
3,3,10,8,10,1,8,3,5,5,1,2,3,3,711.1,0,1
2,3,10,5,10,2,8,2,5,7,4,1,1,4,628.2,1,2
1,2,10,5,10,1,8,10,6,7,1,1,5,9,727.0,0,0
0,5,5,3,2,2,10,1,1,3,7,2,1,2,563.7,1,1
5,2,3,10,10,1,8,10,10,7,3,2,3,10,760.1,1,2
2,2,1,10,0,1,8,6,10,7,1,2,2,3,663.2,0,2
4,1,5,6,10,1,7,2,4,7,1,2,1,10,706.2,1,3
4,4,6,1,7,1,8,1,6,7,3,2,1,4,664.1,0,3
5,2,10,4,10,1,6,2,8,8,2,1,3,3,681.7,1,1
4,3,1,0,1,2,2,2,3,8,2,1,2,6,583.8,0,2
3,3,0,2,4,1,0,3,10,6,2,2,1,1,620.5,0,2
3,2,7,3,4,1,2,1,3,7,6,2,2,2,627.8,1,0
1,2,4,3,2,1,8,0,2,7,1,2,5,3,637.8,1,2
2,3,10,10,7,1,4,2,10,7,1,2,1,6,693.8,1,2
2,3,10,10,7,1,4,2,10,7,1,2,1,6,693.8,1,2
2,2,6,3,5,1,6,1,3,9,1,1,1,3,635.0,1,1
5,2,5,3,10,1,8,2,8,9,1,2,3,7,710.8,0,1
1,3,1,3,4,2,1,1,1,7,10,1,2,10,596.8,0,2
2,4,3,7,8,2,9,2,3,7,6,2,3,5,636.3,0,2
2,4,3,7,8,2,9,2,3,7,6,2,3,5,636.3,0,2
2,4,3,7,8,2,9,2,3,7,6,2,3,5,636.3,0,2
5,0,8,10,6,2,8,2,2,8,2,2,5,9,706.0,0,3
5,2,4,2,4,1,4,6,10,5,3,2,5,4,684.9,1,1
2,0,1,1,10,1,0,0,4,8,0,2,0,1,612.9,0,0
5,3,7,3,4,1,8,5,10,8,1,2,6,9,728.0,1,2
2,2,10,10,10,2,8,4,7,5,2,2,2,10,704.7,1,2
2,2,10,10,6,1,8,3,5,8,1,1,5,10,703.2,1,3
4,1,6,10,10,1,9,7,9,7,0,2,4,10,756.5,1,3
5,3,10,10,10,2,5,2,2,8,0,2,0,1,666.9,0,2
4,1,10,7,5,2,0,5,1,8,1,1,4,1,629.3,0,3
2,2,1,10,3,1,4,1,2,7,9,2,0,4,614.0,1,2
5,3,7,7,3,2,2,1,3,9,1,2,4,10,662.2,1,3
4,3,10,7,4,1,8,1,7,8,3,2,2,10,705.3,1,3
5,3,8,10,10,1,7,1,5,6,2,2,2,10,719.8,1,2
3,2,3,2,10,1,3,1,10,5,5,2,1,5,657.7,0,0
1,0,4,1,10,2,2,0,8,5,0,2,0,10,638.6,0,1
2,1,5,5,8,2,5,8,2,8,1,2,2,5,689.0,0,1
3,3,10,10,5,1,2,0,1,9,10,1,2,10,644.8,0,1
4,3,4,4,4,1,6,1,7,7,2,1,6,8,652.4,0,1
2,4,9,1,10,1,4,1,4,7,5,1,2,6,622.9,1,1
2,1,1,1,2,2,7,0,3,7,1,2,4,7,627.8,0,1
5,2,10,10,8,1,8,3,5,7,5,1,6,10,718.3,0,2
3,5,4,2,4,1,8,7,10,8,3,2,3,3,661.7,1,0
5,3,5,6,4,2,6,2,6,6,0,2,5,5,667.3,0,2
5,2,3,2,10,1,8,3,4,7,2,2,3,8,665.4,1,1
1,1,10,6,10,2,6,10,10,8,3,2,10,10,751.8,0,0
2,4,2,1,2,1,4,3,5,6,3,2,4,4,617.8,0,1
0,1,10,6,10,2,7,7,8,8,1,2,8,10,736.1,0,0
0,1,10,6,10,2,7,7,8,8,1,2,8,10,736.1,0,0
2,5,5,8,7,2,4,4,8,7,5,1,1,3,620.3,0,1
0,4,2,3,2,1,5,2,2,8,10,2,2,8,595.5,0,0
3,2,10,7,5,1,8,5,3,6,2,2,4,10,734.7,1,0
4,3,8,10,10,2,9,1,2,8,4,2,2,4,651.6,1,2
3,3,4,2,3,1,8,4,3,7,10,2,4,7,648.2,0,2
1,2,7,2,4,1,7,1,1,8,7,2,0,5,636.1,1,1
3,5,5,5,3,1,10,10,8,5,2,1,10,10,699.8,0,0
2,3,3,1,10,2,6,3,8,8,1,2,2,6,640.9,0,3
3,3,6,10,10,2,4,0,7,8,3,2,1,7,676.4,1,2
2,2,7,4,6,1,9,5,8,8,4,2,5,6,688.5,0,0
5,3,10,10,10,1,9,2,10,7,1,2,3,10,748.2,0,3
4,3,3,10,10,2,7,6,10,9,7,2,3,2,661.9,0,1
4,2,8,10,10,1,6,3,3,6,3,1,10,10,716.0,1,3
5,0,10,10,10,2,10,10,6,8,0,2,8,10,778.2,0,2
3,1,8,3,6,1,9,7,10,8,0,2,10,6,734.8,0,1
2,1,10,10,10,2,8,7,5,5,0,2,8,5,734.9,1,3
1,2,3,2,8,1,3,2,3,8,2,1,3,2,616.1,0,1
4,1,4,3,10,1,10,6,9,7,0,2,5,10,697.0,1,3
4,4,10,4,10,2,8,3,4,6,7,2,4,4,675.4,0,1
4,1,4,10,5,2,3,5,5,7,7,2,5,10,718.3,1,2
4,3,4,5,4,1,7,6,7,8,1,1,5,7,659.4,0,2
5,0,0,0,3,2,7,0,7,7,0,1,1,10,626.9,0,1
1,2,3,3,6,2,3,1,4,8,2,2,2,1,604.4,0,1
2,3,10,10,10,1,5,5,10,8,1,2,5,5,760.3,1,2
2,1,5,4,10,1,8,4,2,7,1,2,7,5,687.1,1,2
2,3,10,8,6,1,5,2,4,7,1,2,0,3,682.4,1,2
0,0,3,2,8,2,5,0,1,6,0,1,6,10,620.4,0,0
3,4,3,1,3,2,6,3,8,7,1,2,1,2,610.1,1,2
1,1,5,10,5,1,8,2,6,6,0,1,10,3,680.9,1,0
2,2,6,6,10,1,6,3,7,7,5,2,7,4,671.1,1,2
3,2,5,7,10,1,5,2,7,7,4,2,4,5,683.0,1,2
4,1,8,8,10,1,3,6,6,8,1,1,5,10,717.0,1,3
4,3,3,5,10,2,8,1,8,8,1,2,2,10,688.5,1,3
1,4,2,1,5,2,6,1,3,6,3,1,0,10,593.6,0,2
2,4,5,3,6,2,3,3,5,7,0,2,2,7,638.4,0,1
3,2,2,6,2,2,5,2,4,6,2,2,1,5,643.1,1,3
3,5,1,0,8,1,10,1,8,7,10,2,0,10,622.0,0,3
2,3,6,2,8,1,4,3,2,6,4,2,1,10,649.5,1,2
2,3,2,1,6,1,5,2,6,7,3,2,1,7,653.9,1,2
2,3,3,4,3,1,9,2,6,7,4,2,5,7,657.3,1,3
2,3,5,4,7,2,8,3,5,6,1,2,1,10,667.1,1,2
3,5,1,0,10,1,0,0,10,7,10,2,1,5,632.6,1,1
5,4,6,1,4,1,4,0,8,7,4,2,0,3,666.2,1,2
3,4,2,5,10,2,10,1,5,8,2,2,5,10,648.8,0,2
3,3,10,6,10,1,2,2,8,8,0,2,0,8,691.9,1,1
2,3,2,0,2,2,6,1,4,7,2,2,1,10,626.3,0,1
1,2,2,0,1,2,3,0,2,9,4,1,0,10,588.9,1,1
2,3,6,9,3,2,8,1,1,7,1,1,1,7,608.7,0,2
2,1,4,5,2,2,6,1,1,9,2,1,2,2,617.6,0,1
2,4,2,3,10,2,10,1,2,8,4,2,2,10,651.6,0,2
5,1,10,4,10,1,8,3,10,5,1,2,4,4,718.9,0,0
5,1,10,5,10,1,7,10,10,5,2,2,4,5,729.1,0,0
2,0,2,6,2,2,4,4,1,6,1,2,1,10,671.4,1,3
4,2,5,2,8,1,5,5,1,7,3,1,3,5,622.3,1,1
1,0,10,10,7,1,7,3,1,7,1,1,3,2,634.2,1,1
1,0,10,10,7,1,7,3,1,7,1,1,3,2,634.2,1,1
4,3,5,5,5,1,2,6,2,7,3,2,6,9,682.0,1,1
3,1,4,10,7,1,9,4,3,6,2,1,3,5,688.8,1,1
4,4,6,8,5,1,2,2,4,7,0,2,1,3,656.9,1,2
3,3,6,5,10,2,5,2,2,7,1,2,2,1,661.6,1,3
5,1,5,10,8,1,10,2,10,8,3,2,8,5,755.2,1,1
5,2,10,5,5,1,10,3,5,7,3,2,5,3,697.9,1,1
2,0,10,6,4,2,6,3,1,7,0,1,2,6,671.6,1,3
1,5,5,5,2,1,5,6,10,6,3,1,3,9,663.0,0,1
1,1,6,3,4,1,10,3,2,8,0,2,5,7,672.0,0,3
5,3,10,5,3,1,2,0,8,5,10,2,4,7,665.8,1,1
5,1,4,7,4,1,8,1,6,8,1,1,4,8,688.1,0,1
0,4,8,5,5,2,7,6,6,8,0,2,10,3,677.9,0,1
5,3,10,10,4,1,5,3,8,7,1,2,8,10,734.2,1,2
5,0,6,2,5,1,5,6,6,8,1,1,7,10,694.9,0,0
3,5,2,3,4,1,5,5,5,6,1,1,5,5,656.9,1,1
3,4,3,3,6,2,7,3,4,7,2,2,4,2,639.9,1,1
3,3,5,5,10,1,1,2,10,7,4,2,2,5,681.9,1,3
3,3,3,6,8,2,7,4,6,6,2,2,7,3,677.5,1,3
3,2,10,8,4,2,6,5,6,9,0,2,4,10,693.4,0,0
5,2,6,10,10,1,9,4,5,9,4,2,4,10,713.6,1,1
2,2,10,10,10,1,8,6,7,8,3,1,5,9,703.6,1,1
3,2,10,8,4,2,6,5,6,9,0,2,4,10,693.4,0,0
3,4,5,10,10,2,9,2,8,8,2,2,10,10,714.0,0,1
2,3,10,10,10,2,5,3,2,8,2,2,0,5,689.0,1,1
5,2,4,4,10,2,2,6,7,8,5,2,2,4,674.7,1,0
3,3,10,5,6,1,7,2,6,6,0,2,4,10,731.9,0,2
3,0,5,3,5,1,8,5,5,6,3,2,5,8,692.6,1,2
5,4,2,10,8,1,8,3,5,8,2,2,6,4,679.4,0,3
4,4,5,10,8,1,6,0,4,8,2,2,7,8,703.0,1,1
2,5,4,2,9,1,6,3,2,8,3,2,3,10,646.5,0,1
2,5,4,2,9,1,6,3,2,8,3,2,3,10,646.5,0,1
1,5,5,0,10,1,7,0,5,6,1,1,1,7,624.6,1,1
4,5,10,2,2,1,7,5,10,6,1,2,0,4,674.9,1,1
3,1,5,5,10,1,5,3,4,6,5,2,4,2,692.4,1,2
0,3,2,2,3,1,7,5,3,7,7,2,6,3,632.9,0,0
3,2,10,3,10,1,6,1,5,7,0,2,1,9,687.7,1,0
2,3,10,5,10,1,8,2,6,7,3,1,4,10,699.8,1,0
1,2,8,5,10,1,6,4,10,7,6,2,5,10,709.1,0,0
1,2,4,6,10,1,6,1,8,5,7,1,0,10,652.2,1,0
2,5,8,6,3,1,2,1,5,7,5,1,0,5,595.9,1,0
5,2,9,1,6,1,4,0,4,8,3,2,1,4,648.6,1,0
4,2,5,3,10,1,4,2,4,8,2,2,3,4,672.4,1,0
4,2,5,3,10,1,4,2,4,8,2,2,3,4,672.4,1,0
5,3,9,10,10,1,8,2,4,7,3,1,4,10,696.0,1,0
5,2,4,7,2,1,9,1,7,9,3,1,3,9,681.7,1,0
3,4,8,1,10,1,9,1,8,8,1,2,1,3,702.1,1,0
3,4,8,1,10,1,9,1,8,8,1,2,1,3,702.1,1,0
3,4,8,1,10,1,9,1,8,8,1,2,1,3,702.1,1,0
1,1,3,3,10,1,7,4,5,7,6,2,5,5,682.6,1,0
5,3,4,2,8,1,7,2,6,7,2,2,2,4,689.6,1,0
5,3,10,4,10,1,8,3,4,8,4,2,4,7,699.6,1,0
4,2,5,3,10,1,4,2,4,8,2,2,3,4,672.4,1,0
0,2,5,6,10,2,3,1,3,7,2,2,2,10,673.7,1,2
3,3,8,7,5,1,8,2,8,6,4,2,1,10,700.0,1,2
1,1,3,10,10,2,2,1,5,7,1,2,4,1,633.3,0,1
5,0,4,0,10,1,6,1,3,7,2,2,2,10,683.9,0,0
2,5,8,6,3,1,2,1,5,7,5,1,0,5,595.9,1,0
2,4,3,10,10,1,7,6,3,7,4,2,6,4,689.0,1,1
5,1,7,5,10,1,6,3,9,7,1,2,3,10,727.6,1,0
5,2,10,7,10,1,9,3,9,9,4,2,3,9,722.9,1,0
1,4,10,4,10,1,6,0,7,7,3,2,3,3,657.5,1,0
4,4,5,6,10,1,7,5,4,6,2,2,2,5,653.3,1,0
3,3,6,7,10,1,8,4,7,8,2,2,2,4,698.5,1,0
0,5,7,3,10,1,7,3,10,8,2,2,9,1,653.2,1,0
4,2,7,3,6,1,5,1,7,7,1,1,2,7,650.7,1,0
1,3,5,4,6,1,7,0,3,9,4,2,2,4,633.3,1,0
3,2,10,4,10,1,5,2,7,8,5,2,4,4,690.0,1,0
2,2,10,4,10,1,6,4,9,6,2,2,7,8,701.9,0,0
3,1,7,5,10,1,8,2,7,8,1,2,2,5,722.3,1,0
2,3,6,3,10,1,5,1,10,8,2,2,1,3,663.4,1,0
1,3,4,3,7,1,2,0,3,8,4,1,3,5,605.9,1,0
2,4,10,5,10,1,8,1,6,8,4,2,3,6,694.9,1,0
2,3,10,9,10,1,4,0,4,7,1,2,1,5,694.3,1,0
3,3,3,4,10,2,5,0,6,8,10,1,2,10,618.4,1,0
2,4,3,1,2,1,2,1,6,6,10,2,2,2,619.7,1,0
1,3,5,4,6,1,7,0,3,9,4,2,2,4,633.3,1,0
5,2,6,4,9,2,9,4,3,8,3,2,0,3,643.3,1,3
2,2,5,6,10,1,7,4,10,8,5,2,4,5,687.2,0,0
3,2,5,5,8,1,6,6,6,10,1,2,2,9,707.2,1,0
3,3,3,10,10,2,7,3,9,6,3,2,3,10,684.9,1,2
4,5,10,2,2,1,7,5,10,6,1,2,0,4,674.9,1,1
2,2,3,3,10,1,8,2,10,6,3,2,1,10,669.8,0,2
5,1,5,10,5,1,7,6,10,6,5,2,4,4,734.4,0,1
4,5,10,2,2,1,7,5,10,6,1,2,0,4,674.9,1,1
2,5,1,1,4,1,2,1,2,8,1,2,4,10,661.8,0,2
2,3,4,3,10,1,3,1,9,8,1,2,1,5,634.3,1,2
2,3,2,10,3,1,5,5,1,6,3,1,1,6,622.1,0,0
3,1,10,2,3,1,5,2,6,7,3,2,2,10,711.7,0,3
1,5,3,10,3,2,8,1,7,4,5,2,1,7,651.8,0,2
4,1,5,4,4,1,4,2,3,8,1,2,3,10,690.9,0,3
1,2,2,1,3,2,7,1,1,7,2,2,0,10,598.5,0,2
2,3,2,6,5,2,7,2,1,6,5,2,1,4,606.8,0,3
1,4,2,2,2,2,4,2,2,7,4,1,4,2,574.9,1,1
3,0,3,1,3,1,9,1,4,6,1,2,4,10,641.4,0,1
2,4,2,7,9,2,5,4,3,6,7,1,1,3,632.7,1,1
5,1,10,10,10,1,10,10,3,8,0,2,6,10,752.1,1,3
5,1,8,10,5,2,7,2,10,8,1,2,2,10,721.2,0,3
4,3,9,10,5,1,10,10,4,7,2,1,10,10,731.7,0,1
3,3,7,10,6,1,3,6,10,6,1,1,4,5,697.0,1,0
5,1,6,3,10,1,9,3,10,8,0,2,3,8,724.6,0,2
5,4,10,10,10,1,7,8,10,6,2,2,2,10,732.7,0,2
4,1,7,8,10,1,8,7,7,7,4,2,5,10,756.1,0,1
3,3,10,6,10,1,0,6,8,8,2,2,7,10,714.0,1,0
3,3,10,6,10,1,0,6,8,8,2,2,7,10,714.0,1,0
3,4,8,0,1,1,0,3,2,7,0,1,3,5,631.0,1,3
1,4,10,10,10,2,10,8,10,8,3,2,9,5,722.9,0,3
2,3,3,10,5,1,5,5,1,8,1,2,1,4,648.0,1,1
1,4,4,7,10,2,6,3,1,7,1,2,3,2,632.5,1,2
4,0,1,10,2,1,1,1,1,8,2,2,5,10,673.5,0,3
2,3,2,2,2,2,2,2,1,9,8,1,0,10,573.4,1,2
5,2,6,10,10,2,6,2,10,7,3,2,1,2,698.9,1,3
3,4,2,10,10,1,0,1,2,6,10,1,1,0,625.7,1,0
2,2,6,10,10,1,9,2,7,8,0,2,3,10,735.9,1,3
2,2,6,10,10,1,9,2,7,8,0,2,3,10,735.9,1,3
2,3,10,10,10,1,8,1,10,7,1,2,5,2,715.9,0,1
5,4,1,3,5,1,9,2,10,7,5,2,1,5,656.4,1,3
5,1,10,5,9,2,10,8,8,9,8,2,10,10,738.0,0,0
2,5,10,5,10,2,5,6,10,10,7,2,4,10,657.0,1,0
4,2,7,5,10,2,8,5,6,8,1,2,6,10,734.0,1,0
0,0,10,3,10,2,10,1,4,8,4,1,10,8,648.6,0,0
1,1,1,1,10,1,6,1,1,10,0,1,0,1,619.5,0,0
3,2,4,4,7,1,7,3,5,8,8,2,1,1,665.8,1,0
5,3,8,5,10,2,10,7,8,10,7,1,10,10,716.1,0,0
2,2,8,3,4,1,3,4,5,7,2,1,2,3,635.0,1,0
3,1,8,5,10,2,5,2,9,6,10,2,2,7,693.4,1,0
5,2,10,5,10,1,10,7,6,8,1,2,7,5,739.1,0,0
3,5,10,0,10,1,0,10,10,9,8,2,10,4,699.3,1,0
3,2,10,7,10,1,5,1,6,8,2,2,6,10,715.3,0,0
2,2,8,4,10,2,7,6,10,7,5,1,6,6,692.1,0,0
1,3,4,3,5,2,1,0,3,7,3,2,0,0,605.7,1,0
1,3,7,2,10,1,1,6,5,10,3,1,7,8,669.6,1,0
1,2,5,1,7,2,5,1,10,6,5,1,1,10,615.4,0,0
3,4,10,5,10,1,4,3,10,10,5,2,3,7,723.3,0,0
2,1,10,10,10,1,5,6,8,8,3,2,6,4,715.7,1,0
3,1,6,2,10,1,9,2,4,8,2,2,3,7,696.2,1,0
0,1,3,3,10,1,5,3,7,9,3,2,6,10,680.0,0,0
1,1,10,4,10,1,3,1,1,8,2,2,0,2,661.6,1,0
4,4,8,4,10,1,9,4,7,6,1,2,10,7,701.5,1,0
3,2,10,4,10,1,5,1,6,8,2,2,6,10,700.0,0,0
0,1,3,3,10,1,5,3,7,9,3,2,6,10,680.0,0,0
3,5,10,6,10,2,7,5,9,9,2,2,6,9,682.1,1,0
5,3,8,4,10,2,8,5,4,7,4,2,7,10,709.6,1,0
2,2,10,10,8,1,4,4,9,8,2,2,5,4,710.8,1,0
3,1,4,2,10,1,5,2,10,10,3,1,2,10,679.1,0,0
4,1,5,8,10,1,8,6,7,9,5,2,4,9,720.8,1,0
2,2,10,4,10,1,5,1,6,8,2,2,6,10,696.6,0,0
2,4,6,4,10,1,3,8,5,6,8,2,6,4,651.8,1,0
5,4,10,10,10,1,10,2,10,8,5,2,2,5,734.8,1,0
4,1,5,4,10,1,8,7,7,8,5,2,4,8,695.1,1,0
4,4,3,7,6,1,3,2,2,5,2,1,0,2,600.0,0,3
3,4,4,4,4,1,1,1,10,6,7,2,1,5,622.2,1,3
4,1,9,4,7,2,2,1,3,8,0,2,9,10,675.6,1,2
3,5,1,4,2,1,2,2,2,5,6,1,1,2,567.7,0,3
4,1,5,4,4,1,4,2,3,8,1,2,3,10,690.9,0,3
3,2,10,5,10,2,9,3,9,9,3,2,6,4,685.5,1,0
1,3,9,5,4,2,6,4,2,8,3,2,8,2,665.2,1,3
5,5,5,5,2,2,4,1,1,6,9,1,2,9,596.6,1,2
2,4,2,4,3,1,4,4,7,7,3,2,4,10,683.0,0,1
3,4,3,3,9,2,8,4,6,7,1,1,4,6,616.5,1,1
5,1,2,2,8,1,9,1,10,6,0,2,4,10,717.4,0,3
1,3,4,10,10,2,2,2,2,2,2,2,0,2,585.8,0,3
3,2,8,9,10,1,8,3,4,7,1,2,6,3,716.4,0,3
2,2,7,4,7,2,3,1,8,6,1,2,1,4,623.5,1,3
5,3,6,5,10,2,3,6,3,8,1,2,8,3,667.1,1,3
3,3,10,10,7,1,4,3,4,8,2,2,4,7,697.9,1,2
3,3,7,5,10,1,7,10,10,6,3,2,1,3,700.4,0,2
4,3,4,4,10,2,8,4,5,8,2,2,3,5,677.7,1,3
5,2,6,5,8,2,4,4,10,8,2,2,3,5,682.1,0,3
0,3,3,5,4,1,0,1,3,10,2,2,1,8,619.9,1,0
5,2,5,4,4,1,6,2,10,8,4,2,2,5,682.1,1,1
2,3,7,5,9,1,9,4,7,7,3,2,2,7,696.6,0,0
3,3,0,3,2,1,2,1,1,7,10,1,1,10,591.7,0,2
2,5,7,5,10,2,7,1,7,7,1,1,1,2,626.9,1,2
5,4,4,7,10,1,2,2,7,7,4,2,3,10,677.9,1,1
1,3,2,3,7,2,1,1,6,9,6,2,0,10,599.9,1,0
3,4,5,5,3,1,3,1,1,5,1,2,2,4,644.0,1,2
2,3,7,7,9,1,8,4,5,7,2,1,0,6,680.9,0,1
3,4,1,6,4,1,10,0,7,8,8,2,0,5,656.0,1,2
2,0,10,10,10,1,7,8,2,7,0,1,9,10,721.1,1,2
4,3,4,2,3,1,7,1,5,8,3,2,1,3,643.7,1,3
1,3,6,2,2,1,10,5,5,8,10,2,4,7,653.9,1,2
5,2,10,10,10,2,7,5,6,8,1,1,8,10,715.3,1,1
2,2,3,3,5,1,3,1,2,7,2,2,1,10,653.1,1,3
3,0,6,9,3,1,10,6,5,6,0,2,8,10,709.6,0,1
2,3,10,2,10,1,6,3,3,8,2,2,8,3,687.5,1,3
4,1,2,2,4,1,1,2,2,8,0,1,1,6,619.3,1,1
1,1,8,2,4,1,7,5,10,8,3,2,3,5,649.8,0,1
4,4,6,6,10,2,7,3,1,7,7,2,2,5,676.7,0,3
5,4,10,1,8,1,4,3,6,8,1,2,2,3,654.1,1,1
4,4,2,10,10,1,4,3,5,7,1,2,1,10,669.0,1,2
5,0,10,2,10,2,8,10,10,10,0,2,10,10,779.4,1,2
3,3,7,10,6,1,3,6,10,6,1,1,4,5,697.0,1,0
3,5,5,10,10,1,0,2,10,10,10,1,2,5,646.8,1,1
1,3,5,5,10,2,7,5,1,7,4,2,0,0,629.1,1,1
4,2,10,3,7,1,4,2,4,8,1,2,0,2,660.5,0,1
4,1,7,10,10,1,9,5,7,7,0,2,8,6,740.8,1,1
5,5,5,2,3,1,1,1,10,6,1,1,1,5,613.7,1,2
5,3,4,2,2,1,5,3,8,5,1,2,1,5,652.2,0,1
1,5,4,10,6,2,8,2,1,5,1,2,2,5,628.7,0,2
5,1,6,3,10,1,4,2,10,6,0,2,5,7,712.3,1,3
1,5,5,10,10,2,4,1,1,6,7,2,0,10,623.8,1,2
5,1,0,5,10,2,10,3,3,6,0,2,3,10,722.8,0,3
5,2,10,10,4,1,7,3,10,8,1,2,5,5,733.1,1,1
5,3,3,4,10,1,8,1,9,7,5,2,1,1,659.6,1,1
2,3,8,5,8,1,8,2,10,7,2,2,2,7,717.6,0,3
3,4,3,3,10,2,7,1,1,9,10,2,0,5,617.6,1,2
2,3,10,10,10,1,8,10,2,6,3,2,10,5,690.3,1,0
1,2,3,3,2,1,5,4,10,7,1,1,4,5,639.4,1,2
1,1,4,10,10,1,8,7,10,6,2,2,5,10,727.6,0,1
5,3,4,10,10,1,0,1,10,7,1,1,1,3,641.1,1,3
2,2,10,10,10,2,4,8,5,6,2,1,7,10,704.5,0,1
3,2,4,4,10,1,5,7,8,6,0,2,1,7,671.1,0,0
4,2,5,10,6,1,3,2,4,7,3,2,1,5,668.8,1,1
1,5,4,5,5,2,7,1,2,5,0,1,1,3,596.6,1,0
3,4,8,5,10,2,8,2,7,7,5,2,2,10,660.9,0,0
1,1,1,3,6,2,1,1,2,6,10,2,0,5,612.1,0,2
3,3,7,10,10,2,7,0,2,8,1,2,2,3,660.1,1,3
2,4,5,10,10,1,8,3,5,10,1,2,5,5,695.1,1,2
5,2,10,10,10,1,10,8,10,8,0,2,10,6,787.5,0,1
5,1,2,0,6,1,6,1,5,7,1,2,2,8,669.0,0,1
1,4,10,10,10,1,8,2,8,7,1,2,2,10,724.0,1,2
1,3,5,10,8,1,9,3,7,8,0,2,7,7,703.6,1,2
3,3,6,4,3,2,3,3,6,7,4,2,2,6,638.6,1,3
3,3,5,10,5,1,3,4,5,7,3,2,2,9,692.8,0,1
4,4,6,0,2,1,2,0,2,7,1,2,1,2,607.2,0,2
4,3,3,3,10,2,8,3,5,6,1,2,1,7,622.9,1,3
0,3,5,5,7,2,5,3,6,6,0,2,0,6,636.7,0,1
5,4,10,10,7,2,6,3,4,7,4,2,0,5,694.3,1,2
5,2,10,8,10,1,10,5,7,6,5,2,5,7,744.0,1,0
5,3,4,7,3,2,9,6,10,8,0,2,7,9,678.7,1,2
2,3,5,7,10,1,2,4,7,8,8,1,2,5,664.5,0,0
4,1,6,10,10,1,6,8,4,9,4,2,3,1,696.4,0,0
1,3,5,10,10,1,3,2,5,7,2,2,2,9,692.8,0,0
2,3,5,9,10,1,2,3,7,8,7,1,2,5,667.9,0,0
4,1,10,10,10,1,7,5,4,9,2,2,2,8,718.5,0,0
5,1,5,5,7,2,7,0,2,8,1,2,4,7,658.4,0,0
4,4,5,10,10,1,10,10,9,7,0,2,10,2,731.0,1,1
3,2,10,6,10,2,10,6,8,7,0,2,3,10,734.2,1,0
0,4,5,4,2,1,2,0,3,4,0,2,0,3,598.3,0,1
0,4,5,4,2,1,2,0,3,4,0,2,0,3,598.3,0,1
4,3,4,6,2,1,5,1,7,6,1,2,5,5,689.6,1,3
2,3,3,1,6,1,0,1,3,7,7,1,0,2,592.1,1,1
4,1,10,10,10,2,9,2,5,7,0,2,6,7,726.8,1,3
2,5,5,10,5,2,4,2,2,6,1,1,2,2,590.0,1,2
3,4,10,8,10,2,4,1,2,6,1,2,1,3,632.5,1,3
2,2,8,2,8,1,4,1,6,6,7,1,1,4,635.0,1,1
5,2,3,2,10,1,7,8,7,7,0,2,7,10,742.5,0,0
5,0,10,4,10,2,9,2,10,7,0,2,1,3,702.3,0,2
5,4,10,10,2,2,4,2,5,6,2,1,1,3,639.9,1,2
2,4,4,4,4,2,7,3,8,8,2,2,2,5,659.6,1,3
4,5,4,8,6,1,4,5,9,9,2,2,8,10,699.1,1,2
2,3,3,3,5,2,4,2,1,7,0,2,1,2,608.7,0,2
5,5,7,10,10,2,7,4,6,4,4,2,7,4,699.2,1,2
3,5,3,10,10,1,8,2,3,6,2,2,4,4,656.5,1,3
5,4,6,10,10,1,5,4,6,6,1,2,3,10,711.5,0,3
1,1,7,1,6,2,5,2,2,7,0,1,3,6,629.3,0,1
3,3,1,1,4,2,5,0,10,7,0,2,0,7,646.2,0,3
1,4,10,10,10,1,2,3,4,6,3,2,4,10,685.6,0,0
2,5,10,10,10,1,7,7,7,8,1,2,8,9,707.0,0,2
2,4,3,3,4,2,9,8,1,6,3,1,8,3,596.6,1,1
2,1,3,4,3,1,6,1,5,9,1,2,0,10,672.8,0,3
4,4,8,1,7,1,4,2,4,8,1,2,0,7,643.5,1,3
3,5,10,4,8,1,5,1,2,7,1,1,5,2,642.9,1,1
3,2,0,10,10,1,7,7,8,8,1,2,3,10,708.9,1,2
3,4,2,4,7,1,7,1,2,7,3,2,2,7,658.2,1,1
2,2,5,6,3,1,3,1,8,7,1,2,4,2,657.7,1,2
3,2,8,8,4,2,7,4,10,7,1,2,2,10,705.7,1,2
1,0,3,3,1,1,8,1,10,6,5,2,1,10,680.0,0,2
3,2,10,7,6,2,8,5,5,8,1,2,9,7,706.6,1,3
1,4,1,3,0,1,6,0,3,8,10,1,0,3,544.7,1,2
3,3,2,1,3,1,8,1,1,8,0,2,0,3,637.8,0,2
4,3,10,10,10,1,9,6,7,7,4,2,10,7,747.6,1,2
4,3,7,6,9,2,4,3,9,6,6,1,3,3,656.0,1,1
1,4,10,10,10,1,2,3,4,6,3,2,4,10,685.6,0,0
1,4,10,10,10,1,2,3,4,6,3,2,4,10,685.6,0,0
4,3,5,5,5,1,7,3,8,7,2,2,2,5,661.1,1,1
0,4,6,4,9,2,4,1,3,5,2,2,1,2,598.5,0,2
5,2,8,5,10,1,7,5,10,8,1,2,5,10,729.7,0,2
5,3,5,5,10,1,8,3,9,8,1,2,5,4,710.8,1,1
3,4,3,5,5,2,3,1,4,6,2,2,1,2,605.7,0,2
2,4,2,1,3,1,1,1,5,9,2,2,1,3,613.3,0,1
1,2,7,6,5,1,3,6,7,7,1,1,1,9,664.3,0,1
5,3,5,5,10,1,8,3,9,8,1,2,5,4,710.8,1,1
3,2,5,6,7,1,10,1,10,7,1,2,1,3,692.1,0,2
3,2,6,4,3,1,5,0,1,8,3,2,0,7,659.9,1,1
2,2,10,10,10,1,9,4,6,7,1,2,1,10,733.8,1,2
1,2,0,0,2,1,3,2,1,8,0,1,2,10,591.9,0,1
5,2,8,10,6,1,7,4,6,7,2,2,4,10,735.5,1,3
5,3,5,5,10,1,8,3,9,8,1,2,5,4,710.8,1,1
5,3,5,6,2,2,6,2,10,7,1,2,2,6,681.9,1,3
5,3,4,2,1,2,4,2,3,6,7,1,3,10,632.7,0,2
2,1,5,10,10,2,8,3,5,8,0,2,7,7,706.6,0,2
2,2,10,4,4,2,1,2,7,8,5,2,2,10,654.3,1,3
3,2,2,3,2,1,5,0,2,7,3,1,0,5,605.5,1,2
1,4,3,2,1,2,2,0,1,4,9,1,0,3,533.3,1,1
2,3,6,2,3,1,8,1,5,6,6,2,2,2,626.3,1,1
2,4,4,5,10,1,1,1,6,7,7,1,0,10,609.7,0,3
2,5,5,3,3,2,3,1,2,9,1,2,0,10,631.4,1,1
4,1,6,6,2,2,9,2,1,7,0,2,1,10,681.8,1,3
5,3,7,7,5,1,5,3,7,7,2,1,6,4,688.1,1,1
4,3,4,2,6,1,8,3,9,7,1,2,8,10,729.3,1,1
3,4,7,10,10,1,8,4,10,7,10,2,5,10,710.8,0,2
3,4,4,10,10,2,4,2,3,7,3,2,2,4,644.8,1,2
2,5,4,1,7,2,4,0,5,7,10,1,0,7,580.6,1,0
5,2,10,10,10,2,8,10,1,6,3,2,3,7,715.6,1,1
5,4,6,3,10,1,5,1,2,7,5,1,0,7,617.4,1,0
3,4,5,10,10,1,4,2,6,7,10,2,10,10,684.5,0,2
3,4,9,6,10,2,3,1,4,6,5,1,2,7,651.6,1,2
5,4,3,10,5,2,8,9,8,6,7,2,7,2,681.3,1,2
5,3,4,2,1,2,4,2,3,6,7,1,3,10,632.7,0,2
2,4,5,3,3,2,3,2,1,9,0,2,0,10,638.0,1,1
5,4,8,10,10,1,8,4,10,8,1,2,8,10,758.6,1,3
4,1,10,10,5,2,8,7,2,7,2,2,3,10,710.9,0,3
5,4,0,10,3,2,3,3,4,5,3,1,1,4,598.7,0,3
5,1,6,4,5,1,7,2,7,8,1,2,2,6,701.9,0,1
2,5,3,10,10,1,3,3,6,10,6,1,2,10,659.6,0,1
5,1,4,10,10,2,8,3,2,10,0,2,1,7,703.0,1,0
3,4,3,10,10,1,3,2,8,6,3,2,1,6,652.4,1,1
5,1,10,8,4,1,9,0,4,8,1,2,1,7,706.4,1,3
5,3,5,5,10,2,5,2,5,5,2,2,0,6,665.2,1,3
1,5,3,3,10,1,7,2,10,7,3,1,2,10,666.6,0,2
3,2,6,5,1,1,10,3,10,7,0,2,3,7,675.1,1,1
1,2,5,2,10,2,9,5,3,8,2,2,4,6,662.0,0,3
1,3,2,2,3,2,2,1,2,7,1,2,2,10,614.0,1,1
4,3,7,5,10,1,6,5,10,7,1,1,2,6,693.8,1,0
2,1,5,3,4,1,3,2,8,8,1,2,2,5,663.0,0,0
3,3,10,10,5,2,7,4,4,8,1,2,4,8,714.9,1,2
5,1,3,10,10,1,8,3,10,8,0,1,8,10,731.4,1,2
2,0,5,6,5,1,3,1,5,7,0,2,2,5,660.5,1,3
2,1,5,3,4,1,3,2,8,8,1,2,2,5,663.0,0,0
3,2,10,10,6,2,7,3,9,8,1,2,3,10,702.3,1,3
2,1,8,3,8,1,7,3,10,8,0,2,1,5,692.3,0,1
2,5,2,1,10,2,10,3,2,8,3,2,2,5,631.2,1,2
5,2,6,8,10,1,10,4,6,7,0,2,8,10,718.5,0,1
2,3,9,10,4,1,7,1,8,8,2,2,1,5,697.0,0,3
4,2,3,3,3,2,7,2,8,8,1,2,4,10,671.5,1,3
2,1,6,5,8,2,5,0,10,6,0,1,1,3,647.7,1,0
2,4,3,1,10,1,3,1,6,9,2,1,2,10,622.0,1,3
5,2,5,5,5,2,8,4,10,8,1,2,1,10,697.4,1,2
5,3,1,3,5,1,6,4,8,6,1,2,6,8,681.3,1,3
1,3,2,0,8,1,2,0,4,6,6,1,0,2,581.9,1,0
3,2,3,0,3,2,4,0,4,6,1,2,0,5,598.9,1,3
3,2,3,0,3,2,4,0,4,6,1,2,0,5,598.9,1,3
4,3,4,7,7,1,5,6,10,6,3,2,10,10,715.7,0,2
4,3,10,7,7,2,9,3,7,8,2,1,2,9,688.3,1,3
3,2,3,3,5,2,5,2,10,7,5,1,1,10,636.0,0,2
1,4,4,3,5,1,2,1,8,7,1,1,1,1,582.9,0,0
5,2,4,2,6,2,8,5,6,7,5,2,10,8,716.8,0,3
4,4,3,0,3,1,5,1,2,6,0,2,0,7,617.2,1,2
0,2,5,10,7,1,3,4,1,8,10,2,2,6,622.5,0,1
5,5,6,3,10,2,4,3,8,6,6,2,0,1,615.0,0,3
0,3,6,3,10,1,5,4,10,8,10,2,6,10,668.5,1,0
1,2,2,5,3,2,3,3,3,7,0,2,4,4,617.6,1,2
3,3,5,3,3,1,10,4,7,5,1,1,3,8,669.0,1,1
5,3,10,3,10,2,5,5,3,7,3,1,0,5,638.0,1,3
5,1,5,2,10,1,8,3,5,6,2,2,6,5,687.5,1,2
4,2,10,10,6,1,5,2,3,7,4,1,4,5,675.4,1,1
4,1,9,7,3,1,3,2,7,6,1,2,3,9,681.1,1,2
3,4,5,2,3,2,7,4,8,9,7,2,0,7,627.5,1,1
2,2,10,5,10,2,8,4,10,7,3,2,2,10,712.5,0,3
3,3,6,7,8,1,8,5,8,7,1,2,2,4,691.7,0,2
5,1,10,8,3,1,8,4,4,8,0,2,6,10,742.1,0,1
2,4,4,8,10,1,5,3,9,6,2,1,4,10,674.7,1,1
4,1,7,7,3,1,7,1,2,7,1,2,3,10,712.6,1,3
5,1,9,5,5,2,5,6,6,7,0,2,7,5,689.6,0,3
5,3,2,4,7,2,5,2,1,8,0,2,0,10,663.3,1,2
4,1,10,4,10,1,3,2,4,8,4,2,6,10,699.6,1,1
3,3,5,7,4,1,8,4,6,8,1,2,1,3,689.8,1,3
4,2,9,10,10,1,8,4,2,8,2,2,4,10,716.2,0,3
1,1,2,2,2,1,4,1,8,9,1,2,1,7,642.8,0,1
2,1,4,10,5,2,10,2,2,8,0,2,2,6,661.8,0,3
1,1,10,9,6,2,0,2,2,6,1,1,1,7,595.1,0,1
5,2,10,5,10,1,8,10,2,8,10,2,3,10,743.4,0,1
2,2,7,2,10,2,3,3,3,7,0,2,4,5,646.5,1,3
4,3,8,6,1,1,7,1,10,6,5,2,1,10,647.7,0,1
3,1,4,10,10,2,9,4,6,7,0,2,4,5,706.6,0,2
1,1,10,10,8,2,6,2,10,6,0,1,10,8,673.2,0,1
5,3,2,1,6,1,8,1,3,8,3,1,2,7,628.0,1,1
3,3,7,7,7,2,4,4,6,6,1,1,4,3,612.9,1,2
3,0,3,5,2,1,5,5,5,8,7,2,2,10,679.4,0,2
3,3,7,0,4,1,7,0,5,7,1,1,1,10,645.2,0,1
5,2,10,10,10,1,10,5,10,7,6,2,4,10,770.3,1,3
2,1,6,8,6,1,8,2,4,7,4,1,1,5,648.4,0,1
4,3,3,10,10,1,7,3,5,6,3,2,3,3,667.1,1,1
5,3,8,2,2,1,1,0,3,6,4,2,2,1,624.2,1,2
3,4,3,5,10,1,7,3,6,7,4,1,2,4,655.6,1,1
2,2,2,3,3,2,8,5,1,8,8,2,1,0,605.5,1,1
4,3,7,6,7,2,6,4,5,8,6,2,4,5,662.4,1,1
3,3,2,3,8,2,7,3,6,6,3,2,2,2,638.4,1,1
3,3,8,4,10,1,3,4,6,5,0,1,1,7,648.4,1,1
3,3,8,4,10,1,3,4,6,5,0,1,1,7,648.4,1,1
3,1,9,4,10,1,1,3,5,5,0,1,1,7,646.5,1,1
4,2,10,10,10,1,5,2,10,6,2,2,2,6,742.9,1,2
4,2,10,10,10,2,2,5,4,7,1,1,2,10,673.9,1,0
2,3,6,8,5,2,5,3,7,7,9,2,2,4,652.4,1,1
2,4,9,2,9,2,8,3,1,6,8,1,3,2,588.1,1,2
5,1,10,5,10,1,9,3,3,8,2,2,1,7,684.1,1,2
1,4,2,10,4,1,1,3,5,8,0,1,2,10,623.3,0,1
2,4,9,2,9,2,8,3,1,6,8,1,3,2,588.1,1,2
3,3,3,5,9,1,5,1,10,7,3,2,1,4,678.5,1,1
3,2,4,7,8,2,8,7,7,7,5,2,4,3,671.1,1,1
5,1,8,10,6,2,9,8,8,7,1,2,8,10,754.6,0,1
4,3,8,10,10,2,7,6,9,7,1,2,5,9,729.3,1,1
4,5,6,3,1,1,2,0,1,7,0,2,0,8,618.9,0,1
2,3,2,8,5,1,10,4,5,8,1,2,3,7,686.2,1,0
2,3,4,10,10,1,9,3,2,10,3,2,8,4,686.0,1,2
2,3,0,6,6,1,0,0,4,5,2,2,0,10,627.6,1,1
5,0,1,10,3,1,10,10,8,7,0,2,10,10,741.0,0,3
5,0,5,10,10,2,6,1,10,5,1,2,5,10,724.0,1,3
5,2,10,10,6,2,10,3,2,6,0,2,5,10,709.0,0,3
1,5,0,3,2,1,0,0,3,7,0,1,0,5,571.7,0,2
4,1,9,8,4,1,8,4,4,8,2,1,10,7,714.9,1,1
1,3,2,10,10,1,5,2,2,6,0,1,0,10,617.2,1,1
2,3,2,2,4,1,3,1,6,8,1,2,1,9,640.5,0,3
5,2,10,8,5,2,8,0,8,8,0,2,2,10,700.4,1,0
1,2,3,1,2,1,9,1,6,8,9,2,3,6,616.7,0,1
4,5,7,7,3,1,6,2,7,9,4,1,1,6,651.1,1,0
4,5,7,7,3,1,6,2,7,9,4,1,1,6,651.1,1,0
2,2,4,5,3,2,7,3,4,8,1,1,8,10,643.5,1,2
5,3,5,4,5,2,6,4,3,7,4,2,2,10,665.2,1,3
0,2,5,3,10,2,6,5,5,6,1,1,6,7,643.3,1,1
5,3,10,4,10,2,8,3,8,8,0,2,2,10,697.0,0,3
3,1,6,4,5,1,5,10,2,5,0,2,8,10,729.2,1,1
5,3,3,3,7,1,6,4,4,7,5,2,1,10,667.1,1,3
2,2,8,8,10,2,0,3,1,7,5,2,1,4,632.5,1,2
3,4,10,4,10,2,7,6,5,7,1,2,1,5,672.4,1,2
2,5,2,1,2,1,4,0,1,5,10,1,0,1,552.2,1,2
1,3,10,10,10,1,10,6,9,7,1,2,4,4,737.8,1,0
1,3,10,10,10,1,10,6,9,7,1,2,4,4,737.8,1,0
1,3,10,10,10,1,10,6,9,7,1,2,5,5,746.3,1,0
5,0,5,10,3,1,8,4,9,8,2,2,2,5,736.3,1,2
4,3,3,1,7,1,3,2,4,7,2,2,3,2,641.6,1,0
1,1,0,3,3,1,7,6,3,6,1,2,2,10,690.5,0,1
1,1,0,3,3,1,7,6,3,6,1,2,2,10,690.5,0,1
2,5,6,10,10,1,7,5,8,7,2,2,10,10,701.9,0,1
1,3,4,10,10,1,5,2,10,8,1,2,0,7,692.3,1,1
1,3,10,10,10,1,10,7,8,7,1,2,4,6,742.7,1,0
5,2,8,1,5,1,10,3,3,8,5,2,5,7,673.9,0,1
4,3,10,10,4,2,7,2,7,9,1,2,1,5,678.3,1,3
1,5,8,10,10,1,6,2,7,9,0,2,0,2,680.0,1,3
3,1,5,10,3,2,4,2,4,8,1,2,2,10,672.4,1,3
1,1,5,5,3,1,5,2,10,9,8,2,2,8,658.5,0,1
1,3,2,5,10,2,3,0,3,6,7,2,0,1,576.6,0,2
5,4,5,10,10,2,8,5,10,7,2,2,3,10,726.1,1,3
5,4,5,10,10,2,8,5,10,7,2,2,3,10,726.1,1,3
1,4,4,10,4,1,7,1,10,9,0,2,10,10,706.1,0,1
3,3,6,6,10,1,4,3,5,7,3,2,2,10,720.0,1,3
3,1,3,7,10,1,5,8,10,7,3,2,9,10,705.7,1,2
5,3,5,10,6,2,7,1,10,6,1,2,2,10,705.5,0,3
4,3,6,6,5,1,5,6,2,7,3,2,6,7,676.9,1,3
3,3,2,3,6,2,6,5,4,6,8,2,7,6,641.4,0,1
2,2,4,3,3,2,2,3,4,6,3,2,2,2,610.8,1,1
4,4,6,10,9,1,4,2,8,8,0,2,2,10,729.3,1,3
5,3,6,3,6,1,9,1,3,7,4,2,1,3,670.3,1,1
1,3,5,10,10,2,6,2,1,6,1,2,5,7,679.9,0,3
1,3,4,4,4,1,2,2,1,8,3,2,5,5,637.8,1,1
0,2,4,0,4,1,4,0,5,10,7,1,1,3,588.0,1,1
5,2,10,10,10,1,8,8,10,8,1,1,5,10,768.8,0,0
3,2,7,5,4,1,5,1,10,7,1,2,1,3,673.4,1,3
2,3,4,3,10,2,4,2,5,6,4,2,1,3,639.9,1,1
1,3,8,8,5,1,5,2,2,6,1,2,1,3,652.9,1,3
1,0,2,0,0,1,8,10,3,4,10,2,4,10,681.6,0,3
5,5,0,2,2,1,0,2,1,5,0,1,8,0,611.7,1,2
4,3,7,8,9,2,6,3,6,8,0,2,4,9,686.4,1,3
1,3,1,1,10,1,5,7,7,4,3,2,0,4,645.0,0,0
1,3,8,2,5,1,3,3,2,6,1,1,1,1,591.7,0,1
4,3,10,4,10,1,3,1,3,7,5,2,2,3,677.1,1,1
2,3,4,4,7,2,7,3,8,7,1,1,1,3,635.6,0,2
3,5,5,8,10,1,8,7,3,6,4,2,3,2,687.1,1,2
1,5,1,3,6,1,0,3,5,8,2,1,1,8,601.2,1,2
5,3,6,10,10,1,6,3,10,8,4,2,8,6,719.5,1,1
3,1,10,5,10,1,8,8,5,7,1,2,1,7,730.2,1,1
4,4,4,10,5,1,9,1,8,7,0,2,5,8,730.8,0,3
3,2,3,5,3,2,7,1,2,7,3,2,6,2,632.7,0,3
5,1,2,5,2,1,10,3,5,7,1,2,3,10,696.2,0,3
2,3,5,10,8,2,3,1,4,6,2,1,5,10,649.9,1,1
3,4,8,10,10,2,7,2,7,7,0,2,8,4,723.8,0,2
5,2,10,10,10,1,5,5,7,7,1,2,7,10,752.7,0,1
5,2,5,5,4,2,5,0,7,8,1,2,1,10,669.6,1,0
5,1,2,10,7,1,9,5,10,8,0,2,8,10,770.5,0,3
2,3,7,2,10,2,4,0,5,7,3,2,0,3,619.7,0,1
2,3,7,3,10,1,8,4,10,7,3,2,5,10,702.3,1,2
4,4,9,5,5,2,6,5,6,5,6,1,7,5,636.5,0,2
4,3,10,10,10,2,9,3,2,8,6,2,10,10,746.8,1,2
2,1,7,10,10,1,9,3,3,8,5,2,5,1,716.4,1,1
5,2,10,2,3,2,10,2,7,7,4,2,5,10,683.0,1,3
5,4,5,7,10,2,6,3,4,8,10,2,4,3,658.8,1,2
5,3,5,5,10,2,7,3,3,8,1,2,9,4,697.7,1,3
2,5,1,3,1,1,5,0,4,8,5,1,2,4,589.1,1,2
2,2,3,4,10,2,6,4,10,7,1,1,6,5,659.8,1,1
1,3,8,1,6,1,7,5,2,8,1,1,5,9,655.0,1,0
1,4,1,10,10,2,0,1,4,7,1,1,0,10,585.5,0,2
1,5,3,1,8,1,3,0,6,8,10,2,0,0,594.6,1,2
4,4,10,7,7,2,5,7,8,7,4,2,10,10,720.6,0,3
4,3,6,10,6,1,7,7,10,6,0,1,5,8,720.8,1,1
3,1,5,5,3,1,7,5,4,6,2,2,6,8,704.3,0,3
4,2,4,3,5,2,10,3,6,7,4,1,5,10,650.5,1,1
2,3,3,4,2,1,6,2,4,6,0,1,3,5,644.8,0,2
5,0,10,0,4,1,9,1,6,8,0,2,1,3,679.6,0,1
4,2,4,10,10,2,10,5,8,7,3,2,7,7,707.0,1,1
2,1,2,2,3,1,7,0,5,8,2,2,2,7,653.9,0,2
5,5,3,0,5,1,6,0,10,7,10,2,0,10,629.2,1,0
4,2,7,10,10,1,5,3,10,5,5,2,5,7,707.0,0,2
4,5,3,5,10,1,8,5,8,6,1,2,7,10,740.8,1,3
4,5,4,4,10,1,8,2,8,10,2,2,2,6,682.1,1,2
5,2,10,10,10,2,7,3,9,6,1,2,8,7,759.7,1,2
2,3,4,3,4,1,6,3,2,7,3,1,2,10,622.5,1,1
2,3,3,4,4,1,6,3,2,7,0,1,2,10,627.6,1,1
5,1,9,8,3,1,2,4,7,7,1,2,6,10,703.4,0,3
5,5,2,10,10,1,5,4,5,7,10,1,8,6,665.6,1,3
5,4,0,10,0,1,5,4,5,7,10,1,9,6,655.4,1,3
4,3,6,4,10,1,8,6,2,7,4,2,6,2,690.5,1,1
2,2,6,5,9,1,3,8,5,8,6,2,7,6,704.9,0,1
5,3,8,10,10,1,10,2,9,8,2,2,5,10,768.6,1,0
5,4,8,6,10,2,2,1,4,7,4,2,1,6,668.8,1,3
3,2,6,5,5,1,4,3,6,7,1,1,7,7,655.6,1,2
3,3,7,10,8,1,5,6,7,8,1,2,10,8,747.8,1,2
5,4,5,7,10,2,6,3,4,8,10,2,4,3,658.8,1,2
5,0,10,8,6,1,4,5,10,8,0,2,6,10,728.0,0,2
3,3,3,10,9,2,5,10,5,7,0,2,8,2,686.0,1,2
4,3,2,10,10,2,3,3,7,5,2,2,0,4,658.8,0,3
3,4,6,7,4,1,7,2,6,6,5,2,2,8,667.3,1,1
3,3,4,5,4,1,7,3,3,7,3,2,2,8,656.7,1,1
1,5,6,3,6,1,6,5,3,7,1,1,2,5,660.1,1,0
3,1,8,6,10,2,7,5,10,7,2,2,3,10,726.1,0,1
2,2,5,3,2,1,5,2,2,8,10,2,1,3,617.6,1,1
2,2,5,0,5,1,2,2,1,6,0,2,2,0,647.6,0,1
5,2,3,1,3,1,9,1,4,8,1,2,2,7,663.9,1,1
5,0,10,8,6,1,4,5,10,8,0,2,6,10,728.0,0,2
1,0,3,1,1,1,0,0,1,9,0,1,0,10,609.1,0,1
1,3,5,4,4,2,7,1,1,6,5,2,1,5,635.7,1,2
3,1,8,10,10,2,6,1,1,5,3,2,8,10,705.2,1,3
2,1,4,2,4,1,8,5,5,8,5,2,1,8,670.9,1,2
3,1,4,1,4,1,5,4,2,8,2,2,4,7,651.6,1,1
2,3,4,2,6,1,9,4,2,8,10,2,3,7,643.1,1,2
3,1,2,0,2,1,0,0,1,9,2,1,1,10,597.2,0,1
2,3,10,4,6,2,5,3,3,5,10,2,2,5,659.7,1,3
2,5,4,2,4,1,3,0,7,10,3,2,1,1,619.0,1,1
2,5,2,0,10,1,8,1,1,7,5,1,1,10,622.3,1,1
3,2,8,6,8,1,8,1,10,10,3,2,8,7,723.3,0,0
3,4,6,3,4,1,7,1,8,8,7,2,4,10,700.4,1,2
3,2,6,6,10,1,8,2,10,10,4,2,8,7,723.3,0,0
5,4,2,2,5,1,2,2,6,6,1,1,3,6,626.5,1,1
3,5,0,6,5,1,2,0,3,9,5,1,2,4,599.3,1,1
1,4,3,2,2,1,2,0,5,4,10,2,1,7,597.0,1,1
3,1,6,6,6,1,8,3,9,7,4,2,4,7,681.7,1,1
5,5,6,10,10,1,3,2,10,8,1,2,1,3,700.8,1,2
2,2,3,3,5,2,8,8,2,7,0,2,10,3,663.3,0,1
4,0,10,8,10,1,10,10,10,8,8,2,9,10,770.5,0,2
3,1,6,6,8,1,8,2,10,10,2,2,8,7,728.4,0,0
5,4,5,2,8,2,3,1,5,6,9,2,1,10,643.3,0,3
5,2,6,3,9,1,8,3,8,9,1,1,2,8,704.0,1,0
2,5,3,3,3,1,3,1,7,10,2,2,0,2,612.2,1,1
5,5,3,3,2,2,8,2,1,5,9,2,1,3,627.0,1,2
2,3,3,2,3,2,2,1,2,8,0,2,0,4,605.7,0,2
5,4,2,2,1,2,2,1,2,6,7,1,2,2,561.1,0,3
3,3,9,5,2,1,5,2,9,9,1,1,3,7,670.2,1,1
0,5,10,10,5,2,4,1,8,7,7,1,10,3,637.3,1,2
1,5,4,4,3,1,6,0,4,7,10,2,0,2,588.9,0,2
5,1,10,10,10,1,5,1,8,7,2,2,1,10,729.1,1,2
5,1,10,10,10,1,5,1,8,7,2,2,1,10,729.1,1,2
2,1,0,1,3,2,5,0,4,8,0,1,0,10,611.2,0,1
3,2,4,8,7,2,6,5,4,6,3,1,4,4,644.8,0,0
4,2,7,4,8,1,7,2,7,8,1,2,4,7,730.8,1,3
4,2,7,4,8,1,7,2,7,8,1,2,4,7,730.8,1,3
4,2,7,7,8,1,8,2,7,8,1,2,4,7,739.3,1,3
5,1,10,9,4,2,9,5,10,7,1,2,2,10,744.8,1,3
5,1,9,9,5,2,8,4,10,7,0,2,3,10,739.7,1,3
5,3,7,1,10,1,3,1,3,7,0,2,0,7,677.1,1,2
2,3,7,8,7,2,5,4,7,7,3,2,4,10,672.8,0,1
2,4,6,1,2,1,2,1,1,6,3,2,1,10,601.7,1,3
2,1,6,5,10,1,7,4,10,8,1,2,6,6,729.7,0,0
3,2,10,10,10,2,5,10,7,7,2,2,10,4,732.3,1,3
2,1,2,2,2,1,2,1,3,5,3,1,2,7,605.3,1,0
5,5,2,2,10,1,2,0,4,5,10,2,0,10,622.5,1,3
2,3,0,0,3,1,1,3,4,8,5,1,2,2,584.0,1,0
3,2,7,6,8,1,8,2,10,10,2,2,8,5,726.7,0,0
5,3,3,8,10,2,9,4,10,8,1,2,6,10,728.0,0,2
5,2,5,3,3,2,2,5,4,4,5,2,2,6,627.4,0,1
3,3,5,3,4,1,7,4,3,7,0,1,1,10,672.0,1,1
3,4,3,2,3,1,4,2,2,7,0,1,3,4,612.3,0,1
5,4,10,8,10,1,8,5,3,7,1,2,2,9,712.8,0,3
4,3,6,4,10,1,8,6,2,7,4,2,6,2,690.5,1,1
4,2,3,7,8,2,7,4,6,7,2,2,6,7,674.3,1,1
4,2,3,7,8,2,7,4,6,7,2,2,6,7,674.3,1,1
4,2,3,7,8,2,7,4,6,7,2,2,6,7,674.3,1,1
2,3,4,2,3,1,5,2,3,10,4,1,4,5,628.4,1,1
2,5,2,0,1,1,5,3,10,4,10,1,0,0,562.3,0,3
4,2,3,5,8,2,7,4,6,7,2,2,6,7,672.6,1,1
4,2,3,3,8,2,7,4,6,7,2,2,6,8,670.9,1,1
3,4,7,10,10,2,5,1,3,6,1,2,1,7,656.5,1,2
4,4,3,3,3,1,3,1,7,8,6,1,3,2,622.0,1,1
3,2,5,10,3,1,10,3,8,7,2,2,5,10,722.3,0,3
1,3,4,10,6,1,8,5,2,7,0,2,9,10,693.9,0,2
0,5,4,5,10,2,10,6,2,6,1,2,1,10,651.2,1,0
0,5,4,5,10,2,10,6,2,6,1,2,1,10,651.2,1,0
2,1,5,10,8,1,8,4,2,7,1,2,6,10,741.5,0,2
5,4,5,7,4,1,6,5,6,7,4,2,6,6,721.9,0,2
5,4,0,5,3,2,4,2,10,7,10,1,2,10,632.6,0,2
0,3,5,0,8,1,4,2,10,8,2,2,0,10,654.9,0,1
1,4,0,1,3,2,7,1,4,6,0,2,1,7,612.5,0,1
5,5,10,10,10,2,10,10,10,10,10,2,10,10,752.2,0,2
5,5,10,10,10,2,10,10,10,10,10,2,10,10,752.2,0,2
5,5,10,10,10,2,10,10,10,10,10,2,10,10,752.2,0,2
4,3,5,10,8,1,6,8,3,6,4,2,6,10,702.4,1,3
5,2,9,4,6,1,6,1,2,7,7,2,1,10,688.8,1,3
2,4,5,10,10,1,10,5,9,7,2,2,8,10,751.4,1,3
0,4,4,6,10,1,5,4,2,7,0,2,0,3,607.2,1,0
5,4,0,5,3,2,4,2,10,7,10,1,2,10,632.6,0,2
0,3,5,0,8,1,4,2,10,8,2,2,0,10,654.9,0,1
3,3,8,10,8,2,7,3,9,6,7,1,4,4,669.6,1,3
5,4,1,3,4,2,4,1,5,7,2,2,0,5,618.0,0,3
2,1,10,7,3,1,6,0,4,8,3,2,3,8,679.2,0,1
3,4,6,10,10,1,9,3,10,6,1,2,5,10,748.0,1,3
5,3,10,10,6,1,7,1,7,7,1,2,3,10,717.0,0,1
1,3,10,5,10,1,9,5,3,8,2,2,4,2,706.2,1,0
3,2,8,7,5,1,7,3,4,7,2,1,2,4,648.4,1,1
2,3,5,3,10,2,7,3,3,6,5,2,3,7,642.9,1,0
2,3,2,3,10,2,9,10,8,7,7,2,10,10,708.7,1,1
1,5,5,10,4,1,7,5,6,6,8,2,3,10,672.4,1,1
1,4,8,4,8,1,7,5,8,8,2,2,1,2,652.8,0,1
5,4,0,0,5,1,0,5,10,6,0,1,1,10,615.4,0,2
4,2,4,3,3,1,10,1,5,8,10,2,2,6,642.0,1,2
2,1,8,2,8,1,9,10,8,8,2,2,0,3,725.9,1,2
2,5,3,0,5,1,10,3,3,8,5,2,3,0,639.9,1,0
0,5,1,0,1,2,0,0,2,4,10,1,0,0,496.1,1,3
0,5,1,0,1,2,0,0,2,4,10,1,0,0,496.1,1,3
3,4,4,4,5,1,4,1,5,8,3,1,2,10,630.1,1,3
3,2,8,3,10,1,9,5,7,7,1,2,1,7,730.6,1,0
5,3,7,9,6,1,7,2,3,7,1,2,1,1,692.4,1,2
5,3,7,9,6,1,7,2,3,7,1,2,1,1,692.4,1,2
5,1,10,5,10,2,9,8,10,7,1,2,5,10,731.2,1,2
5,3,10,10,10,1,2,1,10,7,1,2,1,7,695.5,1,3
3,4,6,10,7,1,9,0,5,5,1,2,2,10,711.1,1,1
4,4,6,4,4,1,5,2,7,8,1,1,5,7,650.9,1,2
5,4,4,4,10,1,8,0,9,8,3,2,0,9,670.0,1,1
1,2,3,2,7,2,10,2,4,6,1,1,2,2,612.5,0,3
5,4,10,10,6,2,10,6,10,8,2,2,8,10,741.6,1,2
5,5,5,7,10,1,6,0,10,8,10,2,10,5,683.8,1,1
4,3,5,5,10,2,10,3,9,7,1,2,2,10,720.8,1,3
5,1,8,10,8,1,10,5,5,6,0,2,5,10,750.4,1,3
3,3,10,7,10,2,7,3,10,8,2,2,8,8,741.6,0,2
5,0,10,10,10,1,10,10,10,10,0,2,10,10,820.2,0,2
2,5,4,3,10,2,5,3,5,6,5,2,8,5,650.1,1,2
5,2,10,10,9,1,8,3,8,8,2,2,6,6,734.4,1,1
3,3,4,3,2,2,7,1,6,7,5,2,2,10,655.6,0,3
1,3,10,4,4,1,9,2,1,10,4,2,4,10,706.2,0,1
2,3,10,5,3,2,4,3,1,8,10,2,0,5,656.5,1,1
4,5,2,3,2,1,3,0,1,7,8,2,0,4,607.0,1,1
4,2,3,7,1,2,8,2,7,8,4,1,2,10,650.9,1,1
2,0,0,1,0,1,7,1,10,7,1,2,10,10,690.4,0,1
1,1,1,1,5,1,2,0,2,7,2,1,0,5,590.2,0,0
4,3,6,4,10,1,8,6,2,7,4,2,6,2,690.5,1,1
3,2,1,6,4,1,4,5,3,7,3,2,7,7,665.2,0,3
2,1,3,5,8,2,4,5,5,8,1,1,1,2,628.4,1,1
2,2,8,6,10,2,0,1,8,9,5,2,0,2,639.4,1,1
3,2,5,10,5,1,4,3,4,7,3,2,4,7,706.2,1,2
1,2,4,2,3,1,9,6,4,8,0,2,6,8,684.3,0,1
2,4,0,3,1,1,1,2,6,8,0,1,5,9,618.4,0,1
4,4,6,10,10,2,6,8,8,6,4,2,3,7,679.6,1,0
1,3,3,2,10,1,4,5,7,5,2,2,1,4,665.6,0,0
0,5,5,1,4,2,8,1,5,6,5,2,6,1,616.1,1,1
2,4,5,2,10,2,3,2,10,7,3,1,1,2,608.8,1,3
1,4,3,1,10,2,8,3,10,8,3,1,3,1,617.5,1,1
5,2,10,6,4,1,8,4,8,8,1,2,10,10,758.2,1,1
4,3,6,2,8,1,7,8,5,6,5,2,3,2,672.2,0,1
2,4,0,3,1,2,7,2,1,10,10,2,1,10,582.1,0,3
3,2,6,4,5,1,5,4,10,8,0,2,10,10,731.4,0,1
5,3,5,6,8,2,8,5,9,7,6,1,1,2,637.5,0,1
0,3,6,1,10,1,10,2,2,7,2,2,1,6,685.4,0,2
2,0,1,0,6,2,3,2,2,8,2,1,1,1,585.3,1,1
4,5,3,1,8,1,7,2,5,8,5,2,5,5,642.0,1,1
2,2,4,10,10,1,8,2,8,8,1,2,2,5,698.7,1,2
0,4,3,10,8,2,3,2,3,8,2,2,2,4,638.2,0,1
2,4,4,10,4,2,4,3,10,7,1,1,2,2,644.5,1,1
5,5,3,5,10,1,8,4,7,6,8,2,1,7,682.8,1,1
3,2,5,2,8,1,7,7,10,7,5,1,7,10,698.9,0,0
5,2,7,4,10,1,7,3,9,9,1,2,3,7,736.5,1,2
3,4,3,3,3,2,0,0,2,8,2,1,0,7,563.2,1,3
4,3,10,7,10,1,10,3,5,7,2,2,3,5,704.7,1,1
4,3,5,7,7,2,8,7,10,7,1,2,4,7,688.7,1,3
4,2,5,3,6,1,7,1,7,5,3,2,1,7,665.6,1,2
3,3,8,7,6,1,5,3,10,8,4,2,1,10,728.0,1,2
2,4,2,2,7,2,4,2,3,6,1,2,1,5,597.0,1,1
3,1,9,6,10,1,10,6,7,7,2,2,2,7,749.3,1,0
3,1,9,6,10,1,10,6,7,7,2,2,2,7,749.3,1,0
3,1,9,6,10,1,10,6,7,7,2,2,2,7,749.3,1,0
4,5,3,3,4,1,8,0,3,8,2,2,0,10,662.0,1,3
2,4,8,4,10,1,8,3,7,10,3,1,3,9,690.4,0,0
2,2,10,3,4,2,3,2,7,6,3,1,4,10,648.8,1,1
5,3,4,3,4,1,3,2,1,3,10,1,1,4,592.6,1,2
3,2,7,4,4,2,1,1,5,6,0,1,4,8,636.5,0,3
2,1,5,3,3,1,10,2,10,5,2,2,3,5,688.3,1,3
2,2,10,6,10,1,5,2,10,8,10,1,3,4,692.3,1,2
2,2,10,5,10,1,5,2,10,8,9,1,5,6,707.6,1,2
5,1,10,10,10,1,7,7,10,4,4,2,10,10,766.3,1,2
5,4,3,3,5,1,3,3,4,8,2,2,1,2,635.0,1,2
3,2,4,4,2,1,2,2,5,6,2,2,2,5,643.3,1,3
4,2,6,6,10,1,8,6,6,8,4,2,5,3,705.1,1,2
4,3,8,7,3,2,4,6,5,7,6,1,3,6,648.6,0,0
3,3,6,7,3,2,6,6,2,8,4,1,6,7,641.4,1,1
3,3,6,7,3,2,6,6,2,8,4,1,6,7,641.4,1,1
4,5,5,10,6,1,7,2,8,6,3,1,1,7,666.0,1,2
3,3,6,7,3,2,6,6,2,8,4,1,6,7,641.4,1,1
3,3,6,7,3,2,6,6,2,8,4,1,6,7,641.4,1,1
3,3,6,7,3,2,6,6,2,8,4,1,6,7,641.4,1,1
3,3,6,7,3,2,6,6,2,8,4,1,6,7,641.4,1,1
3,3,6,7,3,2,6,6,2,8,4,1,6,7,641.4,1,1
3,3,6,7,3,2,6,6,2,8,4,1,6,7,641.4,1,1
3,3,6,7,3,2,6,6,2,8,4,1,6,7,641.4,1,1
3,3,6,7,3,2,6,6,2,8,4,1,6,7,641.4,1,1
3,3,6,7,3,2,6,6,2,8,4,1,6,7,641.4,1,1
3,3,6,7,3,2,6,6,2,8,4,1,6,7,641.4,1,1
3,3,6,7,3,2,6,6,2,8,4,1,6,7,641.4,1,1
3,3,6,7,3,2,6,6,2,8,4,1,6,7,641.4,1,1
3,3,6,7,3,2,6,6,2,8,4,1,6,7,641.4,1,1
3,3,6,7,3,2,6,6,2,8,4,1,6,7,641.4,1,1
3,3,6,7,3,2,6,6,2,8,4,1,6,7,641.4,1,1
3,3,6,7,3,2,6,6,2,8,4,1,6,7,641.4,1,1
3,3,6,7,3,2,6,6,2,8,4,1,6,7,641.4,1,1
3,3,6,7,3,2,6,6,2,8,4,1,6,7,641.4,1,1
3,3,6,7,3,2,6,6,2,8,4,1,6,7,641.4,1,1
3,3,6,7,3,2,6,6,2,8,4,1,6,7,641.4,1,1
3,3,6,7,3,2,6,6,2,8,4,1,6,7,641.4,1,1
3,3,6,7,3,2,6,6,2,8,4,1,6,7,641.4,1,1
3,3,6,7,3,2,6,6,2,8,4,1,6,7,641.4,1,1
3,3,6,7,3,2,6,6,2,8,4,1,6,7,641.4,1,1
3,3,6,7,3,2,6,6,2,8,4,1,6,7,641.4,1,1
3,3,6,7,3,2,6,6,2,8,4,1,6,7,641.4,1,1
4,4,4,0,2,2,7,2,6,7,1,2,1,5,623.3,1,1
3,4,10,3,5,2,3,3,4,8,6,2,1,10,643.5,1,1
1,5,6,4,10,1,4,4,6,7,1,2,6,3,655.6,1,1
3,1,5,2,3,2,5,7,2,7,0,2,1,4,653.1,0,2
3,2,8,4,10,1,7,4,6,7,1,2,2,6,715.1,0,3
5,3,8,4,6,1,3,3,5,7,0,2,0,4,670.7,0,1
2,3,1,7,7,2,4,1,6,6,2,2,6,2,631.6,1,3
3,3,6,7,3,2,6,6,2,8,4,1,6,7,641.4,1,1
3,3,6,7,3,2,6,6,2,8,4,1,6,7,641.4,1,1
3,3,6,7,3,2,6,6,2,8,4,1,6,7,641.4,1,1
3,3,6,7,3,2,6,6,2,8,4,1,6,7,641.4,1,1
3,3,6,7,3,2,6,6,2,8,4,1,6,7,641.4,1,1
3,3,6,7,3,2,6,6,2,8,4,1,6,7,641.4,1,1
3,3,6,7,3,2,6,6,2,8,4,1,6,7,641.4,1,1
3,3,6,7,3,2,6,6,2,8,4,1,6,7,641.4,1,1
3,3,6,7,3,2,6,6,2,8,4,1,6,7,641.4,1,1
3,3,6,7,3,2,6,6,2,8,4,1,6,7,641.4,1,1
3,3,6,7,3,2,6,6,2,8,4,1,6,7,641.4,1,1
4,3,7,10,8,1,4,3,10,8,2,2,2,10,728.0,1,2
5,2,6,2,5,1,7,1,10,9,6,1,3,7,665.3,1,1
5,4,7,7,4,1,7,5,5,10,5,2,5,7,693.4,1,1
5,2,8,7,9,1,6,9,8,8,3,2,9,5,746.3,0,2
2,3,6,5,3,1,10,5,6,7,2,1,4,10,693.0,1,3
2,3,6,5,3,1,10,5,6,7,2,1,4,10,693.0,1,3
5,0,10,7,10,1,9,10,10,9,9,1,9,9,767.3,0,2
4,2,6,10,7,2,9,3,4,8,2,2,1,9,723.4,0,3
2,2,7,9,6,1,8,2,9,6,2,2,2,3,708.7,0,0
3,1,5,3,5,2,10,4,2,8,1,2,1,10,663.5,1,2
2,3,4,1,10,2,2,0,6,6,10,2,1,1,592.5,0,1
4,4,1,7,2,2,10,1,3,7,2,2,1,2,631.2,1,1
3,3,4,3,5,2,5,0,3,8,4,1,7,4,629.7,0,1
4,4,1,3,6,2,5,2,6,8,2,2,1,8,623.5,0,3
3,2,6,10,10,1,3,2,5,7,2,2,10,10,740.4,1,2
5,3,5,6,5,1,9,7,8,8,1,2,8,7,719.1,1,3
3,3,6,7,3,2,6,6,2,8,4,1,6,7,641.4,1,1
3,3,6,7,3,2,6,6,2,8,4,1,6,7,641.4,1,1
3,3,6,7,3,2,6,6,2,8,4,1,6,7,641.4,1,1
3,0,6,9,3,2,2,3,2,10,4,1,10,9,675.8,1,1
5,3,6,0,5,1,10,1,1,8,4,2,0,10,624.2,0,1
4,4,2,1,3,2,4,2,4,7,4,2,0,3,583.8,0,1
3,2,5,7,8,1,8,6,3,6,2,2,2,8,697.3,1,0
1,3,5,2,10,2,5,5,10,5,0,2,4,5,659.4,1,1
1,2,7,8,7,2,6,4,3,7,2,2,4,10,673.7,1,2
5,3,3,5,8,2,2,0,10,7,2,2,1,5,629.2,1,2
5,1,4,8,10,2,10,6,6,7,1,2,5,4,681.1,1,3
3,3,5,8,10,1,6,6,8,8,4,2,5,5,695.3,1,0
5,2,6,10,7,1,8,5,5,9,0,2,5,3,725.5,1,2
2,5,5,2,2,1,5,2,2,8,5,1,1,5,598.9,1,1
3,1,4,5,6,1,2,3,5,7,2,1,7,7,689.4,1,1
1,2,4,2,2,1,3,8,10,7,1,1,9,7,668.3,1,1
2,4,10,10,10,2,8,4,3,6,6,2,4,10,688.8,0,2
2,1,3,5,3,1,10,5,5,9,2,2,1,4,669.4,1,1
1,2,5,2,10,2,7,10,10,5,2,2,4,5,681.5,1,1
3,5,10,10,10,2,10,6,2,6,10,2,7,10,714.1,1,2
2,2,5,6,10,2,5,2,6,8,4,2,3,7,657.5,0,2
4,4,6,5,3,1,10,8,5,8,5,2,5,6,703.2,1,3
3,0,6,9,3,2,2,3,2,10,4,1,10,9,675.8,1,1
4,4,3,10,10,1,6,0,4,6,10,2,0,5,632.9,1,1
4,3,10,4,8,2,7,5,8,8,5,2,8,8,717.4,1,2
1,5,7,6,10,2,4,2,2,6,3,2,3,4,632.5,1,3
5,3,6,10,2,1,5,1,9,5,1,2,2,10,720.4,0,3
1,3,10,5,10,1,7,4,10,6,4,1,4,5,669.8,1,0
3,3,6,1,1,1,6,2,5,7,5,1,2,3,631.6,0,1
2,2,3,1,10,2,4,3,5,8,4,2,5,3,630.1,1,2
3,3,6,3,3,2,5,4,8,9,1,2,7,10,709.1,1,0
5,3,3,1,10,1,6,1,10,6,2,2,0,8,681.7,1,2
3,3,4,4,3,2,8,5,8,8,3,1,1,2,598.4,1,1
3,3,4,4,3,2,8,5,8,8,3,1,1,2,598.4,1,1
2,4,4,3,3,2,8,4,2,8,3,2,2,2,656.7,0,1
2,4,4,3,3,2,8,4,2,8,3,2,2,2,656.7,0,1
4,3,5,10,10,1,8,4,8,8,2,1,7,3,714.0,1,1
3,5,4,6,5,2,4,0,3,5,2,2,0,4,627.4,0,3
1,2,10,10,10,1,9,10,10,7,0,2,10,10,758.4,1,3
4,2,6,1,6,1,5,3,3,7,4,2,3,6,658.4,1,0
2,4,1,2,1,1,1,1,2,10,1,1,2,2,587.4,1,0
2,4,1,2,1,1,1,1,2,10,1,1,2,2,587.4,1,0
3,3,4,10,8,2,8,5,3,5,4,2,1,5,652.9,1,3
3,3,1,7,7,2,1,3,3,8,2,2,2,3,622.9,1,2
1,2,2,8,6,1,5,2,8,6,2,1,2,7,652.4,0,2
5,3,4,4,2,1,4,0,6,8,10,2,0,5,623.5,1,3
2,1,9,2,8,1,8,2,1,8,1,2,1,5,683.7,0,2
3,4,4,4,4,2,2,2,2,6,6,2,1,3,605.3,1,3
4,2,3,8,10,2,2,0,2,5,0,2,0,4,647.6,1,3
2,5,5,10,10,1,5,2,4,8,1,2,10,2,704.7,1,1
5,2,10,10,10,1,7,5,8,7,1,2,5,7,758.0,1,2
5,0,10,5,10,1,10,1,10,10,2,2,4,10,719.9,0,0
2,2,3,10,10,2,5,2,6,5,0,2,0,10,675.6,1,3
5,3,3,1,3,1,10,0,5,6,4,2,0,10,629.7,0,3
2,3,10,5,10,1,8,5,7,7,2,2,3,7,698.3,1,1
1,3,5,2,4,1,7,3,1,6,0,1,0,1,608.5,1,3
4,4,7,10,10,1,7,6,8,7,1,2,8,3,741.0,0,1
4,4,7,10,10,1,7,6,8,7,1,2,8,3,741.0,0,1
4,4,8,6,10,1,7,7,7,7,1,2,10,5,745.9,0,1
3,2,2,10,5,1,5,0,8,6,8,2,1,3,642.2,0,1
5,0,10,5,10,1,10,1,10,10,2,2,4,10,719.9,0,0
2,2,4,8,10,2,7,3,2,8,0,2,2,10,704.3,0,1
5,5,4,10,8,1,4,1,1,5,4,2,3,10,679.7,0,3
1,2,6,1,8,2,8,3,3,8,6,2,7,7,690.9,0,1
2,4,2,1,3,1,7,1,3,8,10,2,1,10,633.1,0,1
0,5,2,10,3,2,10,4,3,5,2,2,1,7,617.2,1,3
2,2,7,10,10,1,5,3,6,7,1,1,5,8,713.4,1,1
5,3,4,7,10,1,7,2,5,7,8,2,1,7,670.7,1,0
5,3,4,7,10,1,7,2,5,7,8,2,1,7,670.7,1,0
4,3,1,7,6,1,6,4,6,8,2,1,9,8,677.9,1,1
4,3,1,7,6,1,6,4,6,8,2,1,9,8,677.9,1,1
4,3,1,7,6,1,6,4,6,8,2,1,9,8,677.9,1,1
4,2,2,8,10,1,5,1,6,6,4,2,1,5,662.2,0,1
3,4,6,3,10,2,6,2,8,8,1,2,8,5,695.3,1,2
3,1,8,10,5,1,7,3,5,7,5,2,1,4,699.6,1,2
5,1,6,10,7,1,6,2,4,5,4,2,0,7,688.8,0,3
5,5,8,10,10,1,7,3,8,7,1,1,6,5,695.1,0,2
3,4,4,7,6,2,6,9,8,4,8,1,3,5,614.6,0,1
5,1,8,10,10,1,8,4,10,8,2,2,5,10,772.2,1,2
3,4,4,7,6,2,6,9,8,4,8,1,3,5,614.6,0,1
3,3,6,4,8,2,4,5,3,5,4,1,4,6,630.8,1,1
2,4,3,10,10,1,4,4,2,9,5,2,1,4,672.2,1,3
2,2,4,10,8,1,8,6,7,7,2,2,4,4,710.2,1,2
5,3,7,10,5,1,8,3,4,10,4,1,2,9,700.0,1,3
4,5,2,1,10,2,2,1,10,8,10,1,0,5,602.2,1,1
3,3,3,3,5,2,3,6,8,8,5,2,3,5,630.7,0,1
2,2,4,0,5,1,6,2,4,6,1,2,1,5,639.7,1,1
5,3,2,10,10,1,5,5,4,7,6,2,0,7,689.2,1,2
3,2,7,6,10,2,8,3,3,8,3,2,5,7,682.4,0,2
5,3,2,10,10,1,4,5,4,7,6,2,0,7,694.3,1,2
4,4,4,3,4,2,3,2,5,7,1,2,1,3,628.2,1,2
1,2,5,10,10,1,7,7,1,6,2,2,1,5,686.7,1,2
5,4,8,2,8,1,10,5,7,8,3,2,5,6,713.8,0,1
5,2,2,3,3,2,3,0,2,6,1,2,1,2,632.5,1,1
5,2,2,3,3,2,3,0,2,6,1,2,1,2,632.5,1,1
5,4,4,10,10,1,4,1,10,6,5,2,6,4,681.7,1,1
4,1,4,6,6,1,5,6,4,7,0,2,5,10,718.1,0,2
4,1,3,5,6,2,5,1,1,7,1,2,6,7,641.0,0,3
0,5,3,10,10,2,3,1,9,4,1,2,0,1,633.5,0,2
3,2,10,10,7,1,2,3,6,7,3,2,3,8,691.3,1,1
5,4,2,6,3,1,3,2,7,7,1,2,5,10,684.7,1,2
2,1,10,10,9,2,5,6,2,6,0,2,3,7,705.6,1,2
3,5,3,6,6,1,3,2,4,8,10,1,1,10,629.9,1,2
3,4,10,8,10,2,9,3,10,7,2,2,8,5,721.0,1,2
1,5,0,0,5,2,2,1,1,7,1,2,0,10,574.7,0,3
2,3,2,3,3,1,6,2,8,6,5,1,2,5,606.5,1,2
2,2,2,3,5,1,8,0,5,9,5,2,0,2,645.6,1,1
2,2,2,3,5,1,8,0,5,9,5,2,0,2,645.6,1,1
2,2,10,3,6,2,8,7,5,7,2,2,3,4,650.3,1,0
5,1,10,6,10,2,10,5,7,8,0,2,3,10,735.9,1,1
5,1,10,6,10,2,10,5,7,8,0,2,3,10,735.9,1,1
1,4,5,10,10,1,4,2,10,7,0,1,1,3,664.9,0,1
2,3,5,10,4,1,8,3,3,7,0,1,5,3,663.5,1,1
4,4,10,7,10,1,7,4,10,7,5,2,9,2,732.9,0,2
3,3,6,5,5,1,8,1,10,8,5,1,1,3,660.0,1,1
3,4,5,1,1,2,4,1,6,7,6,1,2,2,591.0,0,2
4,3,10,10,7,1,4,4,5,6,8,2,2,7,714.7,1,1
1,5,2,1,4,2,2,1,1,9,10,1,2,3,547.9,1,1
3,3,7,9,6,2,8,6,3,8,8,1,8,10,660.3,1,0
3,1,3,1,3,1,8,3,7,8,1,2,1,1,657.7,0,0
4,5,10,5,2,2,3,1,2,8,3,1,4,3,598.9,1,2
1,3,10,8,5,2,1,4,10,6,3,2,6,10,676.6,0,1
1,5,2,1,4,2,2,1,1,9,10,1,2,3,547.9,1,1
2,1,3,5,2,2,5,1,3,6,2,1,4,3,602.1,1,1
2,2,9,5,3,1,5,3,1,7,3,2,1,10,692.0,0,1
3,4,7,3,4,2,4,1,10,7,10,2,0,7,615.6,0,3
4,3,2,6,7,2,4,4,8,7,0,2,4,4,664.5,1,3
2,2,5,10,10,1,6,2,3,8,1,2,9,10,726.6,1,1
2,2,4,6,8,2,3,3,6,7,5,2,2,5,643.7,1,2
1,4,3,2,3,1,0,2,3,6,4,1,1,1,585.1,1,0
2,5,8,4,10,2,1,2,6,6,5,1,3,1,594.2,1,0
1,5,2,1,4,2,2,1,1,9,10,1,2,3,547.9,1,1
4,5,2,4,1,1,0,0,1,8,0,2,9,10,632.7,1,3
1,5,3,1,6,2,3,2,8,8,4,1,2,10,581.4,1,1
3,1,9,5,4,2,3,5,4,7,5,2,6,4,663.7,0,1
3,3,6,10,5,1,7,6,5,8,0,1,10,10,710.0,1,1
4,4,2,2,2,2,3,2,8,7,2,1,4,10,608.4,0,2
5,5,10,10,10,1,7,7,10,7,3,1,7,7,741.4,1,3
3,4,4,1,6,2,7,4,7,9,6,2,1,5,629.0,0,1
3,2,10,10,10,1,5,3,7,7,1,2,5,5,735.7,1,0
2,4,7,10,10,1,1,6,10,8,10,1,10,3,661.7,0,0
4,4,7,10,10,1,2,0,8,7,2,1,0,10,693.4,1,3
4,5,7,5,10,1,5,4,3,8,3,2,4,3,685.8,1,1
4,3,3,6,5,2,10,2,8,8,7,2,1,7,647.7,1,2
3,2,10,10,10,1,9,5,3,8,1,2,5,6,701.1,1,2
3,1,9,5,4,2,3,5,4,7,5,2,6,4,663.7,0,1
4,1,10,10,10,1,8,8,7,8,0,2,10,10,795.4,1,3
2,3,2,8,2,1,2,2,3,6,1,1,3,6,627.6,0,2
1,5,1,1,2,1,3,3,3,7,2,1,10,10,619.3,0,0
1,5,1,1,4,1,3,2,2,6,4,1,8,10,601.9,0,0
0,2,1,0,2,1,7,1,5,8,3,1,1,5,606.3,0,1
2,1,10,10,10,1,2,6,6,7,2,2,9,10,744.0,1,2
0,2,1,0,2,1,7,1,5,8,3,1,1,5,606.3,0,1
2,2,3,3,6,1,6,4,1,7,2,2,1,4,649.5,1,2
4,1,6,3,4,1,7,4,8,8,1,2,3,5,697.0,1,2
5,0,5,4,6,1,7,10,7,6,0,1,2,4,676.0,0,1
1,0,7,10,5,1,7,5,4,8,1,2,1,7,708.1,0,1
3,3,2,5,5,1,6,6,3,8,1,2,1,9,668.8,1,1
1,3,2,5,5,1,2,2,5,8,6,1,1,2,626.7,1,1
2,4,3,2,4,2,10,3,4,5,7,1,2,2,597.0,1,1
2,1,4,5,10,1,5,5,2,6,1,2,7,6,676.7,0,2
1,3,6,3,10,2,3,2,10,6,1,2,3,7,657.9,1,1
1,1,5,5,4,1,3,2,10,8,0,2,1,7,670.2,0,1
5,1,7,7,4,1,10,2,8,8,1,2,0,6,710.6,1,3
3,2,5,0,10,2,7,1,6,7,2,2,3,3,631.8,0,1
2,3,5,2,4,1,10,1,2,8,0,1,0,1,614.2,1,1
1,2,4,3,4,2,4,4,5,7,3,2,1,5,601.0,0,1
2,3,4,5,10,2,8,3,6,9,4,2,2,5,666.2,0,1
3,1,4,7,10,2,7,2,2,8,0,2,3,7,704.3,0,1
3,2,3,10,5,2,3,5,3,7,0,2,1,3,663.5,1,3
1,1,3,3,4,1,4,2,3,4,3,1,3,3,611.9,1,1
1,1,3,3,4,1,4,2,3,4,3,1,3,3,611.9,1,1
2,1,6,3,7,1,4,4,4,5,3,1,3,4,632.7,0,0
4,2,3,3,5,2,2,3,3,4,3,1,7,3,634.0,1,3
3,4,6,5,8,1,7,6,3,4,9,2,9,4,671.4,1,0
4,1,8,8,5,2,7,9,2,5,4,1,4,8,666.3,1,2
0,3,5,5,8,2,2,2,2,8,3,2,2,4,612.5,1,2
4,3,6,5,10,1,5,8,7,7,5,2,0,5,693.2,1,1
1,3,3,2,7,2,7,2,1,8,5,2,1,10,637.8,0,2
3,1,2,2,1,1,0,0,3,8,0,1,0,3,597.4,1,2
3,5,7,7,5,2,5,1,3,10,3,2,2,8,659.0,1,3
5,4,7,4,5,1,8,3,4,9,3,1,5,8,665.8,1,3
0,2,4,4,6,1,3,1,2,8,3,2,2,3,631.2,0,0
1,4,4,5,5,1,9,3,3,8,3,2,4,9,660.3,1,0
2,2,6,5,8,1,8,4,6,8,1,1,4,5,652.4,0,0
4,4,3,2,7,2,6,2,5,8,3,1,1,3,609.7,1,2
2,5,3,2,4,1,7,2,7,5,0,2,2,1,631.6,0,1
1,5,5,6,10,2,5,1,3,5,5,1,0,2,569.6,1,3
0,4,8,1,3,1,4,0,10,6,4,1,1,3,625.6,0,1
5,4,3,10,10,1,7,2,7,7,3,2,5,10,725.5,1,3
5,3,6,4,5,1,5,3,8,8,0,1,4,10,671.5,0,1
4,2,3,5,10,1,9,7,7,8,2,2,10,10,718.9,1,2
3,3,10,5,10,1,5,5,10,7,5,1,5,5,702.3,1,3
4,2,6,3,2,2,4,4,5,8,3,2,6,6,664.1,0,2
3,2,7,1,2,1,2,4,2,8,10,1,5,4,612.5,1,3
5,3,8,10,10,1,8,6,10,7,1,2,5,10,775.4,1,2
2,2,4,1,9,1,6,4,4,6,1,1,5,4,651.6,0,0
4,4,10,6,7,1,9,7,6,6,3,2,8,8,735.3,0,3
3,0,1,5,5,1,9,3,10,7,2,2,2,10,726.1,1,2
3,4,7,1,10,1,4,1,4,7,0,2,1,7,651.8,1,3
2,4,4,2,7,2,8,1,3,8,0,1,2,7,605.9,0,3
4,4,10,6,7,1,9,7,6,6,3,2,8,8,735.3,0,3
4,4,10,6,7,1,9,7,6,6,3,2,8,8,735.3,0,3
3,3,10,7,3,1,1,1,1,10,2,2,1,10,680.7,1,1
4,3,6,2,3,2,7,8,8,7,3,2,8,1,669.6,0,1
4,3,4,6,4,2,2,4,6,4,6,2,8,8,658.4,0,2
4,3,4,6,4,2,2,4,6,4,6,2,8,8,658.4,0,2
5,4,2,10,9,1,10,5,2,7,1,1,10,10,716.0,1,3
5,3,5,10,10,2,10,8,5,7,2,2,5,10,721.7,1,3
3,4,4,1,10,1,6,4,10,7,4,1,1,5,642.8,0,1
3,3,7,10,10,2,7,5,1,8,4,2,3,10,644.6,1,0
2,4,5,6,6,1,6,6,6,6,3,2,1,4,663.9,1,3
4,1,8,2,4,1,8,5,8,7,1,2,1,2,684.9,0,1
1,3,5,5,5,1,0,2,4,6,3,2,1,4,649.9,1,1
1,2,5,4,6,2,1,1,3,7,2,2,2,6,644.8,1,1
5,3,10,4,10,1,8,4,10,9,10,2,3,10,719.7,1,2
5,3,3,10,2,2,7,2,4,7,6,2,4,10,685.8,1,3
3,3,4,5,6,1,7,2,4,7,2,2,2,4,662.0,0,2
0,3,3,2,4,1,6,2,1,6,1,2,0,7,628.9,0,2
2,4,3,3,8,2,3,1,5,6,6,2,0,5,626.3,1,3
4,3,8,9,6,2,5,1,7,7,1,2,1,7,684.7,1,2
3,3,4,10,8,2,8,8,4,8,3,2,8,8,721.7,1,2
3,1,8,1,10,1,7,4,5,4,2,2,0,4,705.8,1,0
2,3,8,10,8,1,9,5,2,7,2,2,3,4,704.1,1,1
2,4,6,2,4,2,7,0,8,8,2,2,1,9,635.8,1,1
2,3,4,3,6,1,7,2,8,8,4,1,4,4,629.0,1,1
5,3,2,9,10,1,7,3,10,8,0,2,1,7,704.2,1,3
2,3,4,5,4,1,5,1,10,6,1,2,1,8,685.1,0,0
4,3,2,3,4,1,7,2,10,7,1,1,1,3,629.2,1,1
5,2,10,10,10,1,6,6,10,8,5,2,10,10,787.5,1,1
3,3,9,3,9,2,5,8,7,7,1,2,4,5,684.7,1,0
3,1,4,1,2,2,3,1,5,7,0,2,0,5,623.1,1,3
1,5,10,10,10,1,5,2,5,3,2,2,0,7,678.4,0,1
2,3,6,10,8,1,9,5,8,6,0,2,4,10,730.6,1,1
3,1,4,2,5,2,8,1,4,8,1,2,1,7,646.9,1,1
4,1,10,10,10,1,2,8,7,7,0,2,4,3,722.1,1,1
5,1,6,5,2,1,3,3,10,7,1,2,9,10,729.5,0,3
5,1,10,10,10,2,5,3,10,6,1,2,10,10,758.2,0,3
5,3,5,5,10,1,10,2,10,9,5,2,1,10,736.7,1,2
2,3,3,2,2,1,3,2,2,6,3,2,1,0,598.5,1,1
1,4,3,2,2,1,5,1,2,8,4,1,1,7,617.6,0,2
3,4,4,9,9,1,8,1,1,6,4,1,1,4,637.4,1,2
1,2,5,5,5,1,7,1,4,9,2,2,1,8,698.1,1,1
5,5,6,10,10,1,5,1,6,7,10,2,0,2,664.1,1,2
1,3,5,5,5,1,0,2,4,6,3,2,1,4,649.9,1,1
3,2,2,1,3,1,5,2,5,7,3,1,2,7,631.6,1,2
1,5,10,2,5,1,1,10,1,7,3,2,1,10,651.2,1,1
4,2,5,5,5,1,7,4,3,8,4,2,3,8,673.9,0,1
3,1,3,3,2,2,5,4,4,6,3,2,3,4,639.7,1,1
3,1,3,3,2,2,5,4,4,6,3,2,3,4,639.7,1,1
3,1,3,3,2,2,5,4,4,6,3,2,3,4,639.7,1,1
2,3,6,6,5,1,7,7,6,7,5,2,2,4,676.0,1,1
3,5,4,8,6,2,4,2,10,6,1,2,0,5,656.2,0,2
2,2,5,1,5,1,4,0,2,7,0,2,1,10,651.4,0,3
4,4,8,7,10,1,6,2,7,8,1,2,1,6,729.1,1,3
2,1,4,10,8,1,8,5,5,8,2,2,6,7,721.9,0,2
5,2,10,10,6,1,8,7,8,8,0,1,7,10,731.0,1,1
1,3,4,3,10,1,3,4,2,8,0,2,3,3,641.4,1,2
2,2,4,4,10,1,3,3,2,8,0,2,3,3,648.2,1,2
5,4,5,10,10,1,6,1,5,8,2,2,2,4,708.3,1,2
2,4,5,7,10,1,0,5,7,8,2,1,4,2,667.9,1,0
5,3,4,10,8,2,8,8,5,7,2,2,6,7,699.6,1,3
1,5,2,4,4,2,2,2,2,6,1,1,3,2,578.1,1,3
2,3,10,4,5,1,7,2,5,7,5,2,2,0,645.2,1,0
5,1,10,10,8,1,8,7,10,9,1,2,3,9,772.4,1,3
1,3,10,10,10,2,7,2,5,7,5,2,5,10,708.1,1,3
5,2,4,10,10,2,8,4,10,7,2,1,6,10,722.7,1,2
2,2,3,3,9,2,3,1,2,10,3,1,0,5,594.2,1,1
5,3,5,2,8,1,8,5,4,8,2,2,0,3,653.7,1,2
3,2,4,10,7,1,7,3,9,8,7,1,5,7,695.5,1,1
1,4,4,3,7,1,6,1,2,7,4,2,3,3,648.0,1,1
5,3,10,10,10,1,10,9,5,10,1,2,10,10,780.1,0,2
2,3,4,10,10,1,8,1,10,8,3,2,6,6,733.1,1,2
5,4,4,5,5,2,7,1,4,8,2,2,4,10,662.2,0,2
5,0,3,0,2,2,8,1,2,7,0,1,1,10,620.8,0,3
3,3,2,10,10,2,3,1,3,6,3,1,4,4,637.8,0,1
2,5,10,10,10,1,4,3,4,6,3,2,5,4,690.7,1,2
2,3,10,8,10,1,5,3,7,10,2,2,2,6,719.3,1,0
5,1,10,10,10,1,8,3,10,9,1,2,5,10,774.1,1,1
2,3,5,3,9,2,7,4,3,8,3,2,3,5,663.7,0,0
4,2,3,10,6,2,3,3,4,8,2,2,4,6,704.7,1,3
5,5,8,2,2,1,3,0,1,6,6,1,0,10,622.1,0,0
5,1,2,1,0,1,5,4,2,8,0,2,4,10,656.7,0,1
2,2,4,5,4,1,8,6,7,8,3,2,3,5,673.0,0,1
2,2,10,10,10,1,7,2,3,9,1,1,2,7,675.8,1,0
2,2,10,7,10,1,7,1,3,9,1,1,1,5,665.6,1,0
1,3,4,7,4,1,3,3,2,5,2,1,3,8,601.7,1,2
1,3,10,10,4,2,6,2,10,10,4,2,10,10,697.8,1,1
4,2,10,10,10,1,9,5,10,8,7,2,2,6,721.2,1,2
0,5,3,0,5,2,10,3,3,7,0,1,0,0,563.2,0,2
1,2,6,10,10,1,6,3,6,6,3,2,2,7,670.7,0,1
4,1,4,10,10,1,3,6,5,8,1,2,4,7,721.9,0,2
2,1,10,10,6,2,7,8,7,6,0,2,5,8,735.5,0,3
4,1,2,8,3,2,7,8,1,6,1,2,7,5,668.0,0,3
0,3,10,10,10,2,7,4,6,6,2,2,8,3,667.3,1,1
4,2,10,10,10,1,6,1,10,8,1,2,4,10,728.0,1,2
5,2,5,8,10,1,10,5,4,8,0,2,4,4,723.4,1,3
4,2,6,10,10,1,5,3,4,7,4,1,5,5,677.3,1,0
4,2,6,10,10,1,5,3,4,7,4,1,5,5,677.3,1,0
5,4,6,5,10,2,2,3,3,6,5,2,0,7,646.3,0,2
5,2,10,4,5,2,8,6,4,5,1,2,4,5,676.9,1,2
1,3,2,5,10,2,5,1,4,5,3,2,0,2,634.4,1,3
1,1,3,2,6,1,6,2,6,8,2,2,3,9,672.8,0,0
1,1,3,2,6,1,6,2,6,8,2,2,3,9,672.8,0,0
5,3,8,4,10,2,4,3,4,5,3,1,8,10,671.8,1,3
2,4,3,8,10,2,3,0,1,9,1,1,0,1,598.9,1,1
5,1,8,10,10,1,7,6,8,7,1,2,6,10,768.2,0,1
3,3,3,4,6,1,8,1,4,8,2,2,1,8,652.0,1,0
4,4,4,7,4,2,9,3,5,9,6,2,8,5,683.0,1,0
4,3,4,3,6,2,4,3,2,6,2,1,2,0,607.0,1,0
3,2,5,7,2,2,8,6,7,7,9,2,5,8,669.4,1,1
1,4,10,3,10,1,8,5,2,8,1,1,5,6,656.7,1,0
2,5,0,10,7,2,10,6,7,5,2,1,0,2,619.7,1,1
4,4,5,4,10,1,7,6,6,7,2,2,3,7,703.2,1,2
3,5,4,10,10,2,8,1,1,7,7,2,1,3,635.9,1,1
1,2,4,3,7,2,9,2,6,6,2,2,4,9,633.3,0,1
5,2,7,4,7,2,6,4,3,5,1,2,5,8,678.4,1,3
2,4,2,10,10,1,7,4,10,7,1,2,2,10,721.0,0,2
1,0,4,10,10,1,5,3,3,5,0,2,4,4,681.8,0,1
4,2,7,8,10,2,9,7,6,6,4,1,7,7,674.1,0,1
3,3,9,10,5,1,9,3,10,6,1,2,7,10,739.5,1,1
0,1,4,1,10,1,9,0,4,8,1,1,2,10,655.4,0,0
3,3,4,3,10,1,8,7,4,8,0,1,5,10,694.5,1,0
5,2,3,3,4,1,3,1,8,7,0,2,1,7,650.9,0,1
2,3,5,2,4,2,3,4,6,7,4,1,0,10,602.9,0,3
0,3,2,2,2,2,2,5,1,8,5,2,4,7,602.1,1,1
4,4,5,3,7,1,2,5,6,7,2,1,2,2,621.6,1,2
3,1,1,2,5,1,5,2,10,8,0,2,2,10,671.9,0,2
2,4,10,10,10,2,10,6,6,6,10,2,6,10,708.1,0,2
2,2,7,4,5,1,6,2,8,7,4,2,4,8,683.2,1,1
5,5,2,1,10,2,5,4,5,8,5,2,0,0,585.9,0,2
1,3,10,10,9,1,4,8,8,5,0,2,3,10,710.0,0,1
3,5,6,7,7,2,3,2,2,6,5,2,1,4,634.2,1,2
4,3,3,5,2,1,3,0,10,7,10,1,2,5,620.7,1,1
2,5,4,4,9,2,7,6,5,8,3,1,5,4,631.8,1,1
2,5,6,1,2,2,5,0,6,6,3,1,0,1,578.9,0,2
5,1,10,6,7,1,7,3,8,8,0,2,8,10,734.4,1,1
1,4,4,8,10,2,4,6,3,6,4,1,7,5,654.8,1,2
5,2,10,10,7,2,9,5,2,7,3,2,7,8,716.0,0,3
2,3,8,10,5,1,7,3,2,8,4,1,2,7,670.3,1,0
4,2,5,4,10,1,8,3,1,9,2,2,1,10,717.9,0,3
5,5,4,10,10,1,7,1,10,6,3,2,1,5,710.6,1,2
5,3,10,10,10,1,6,5,10,7,0,1,2,10,714.2,1,2
2,3,3,3,4,1,4,2,5,6,3,2,2,8,641.6,0,0
2,1,7,2,6,2,3,2,2,5,0,2,2,6,637.4,1,1
5,2,6,5,2,2,5,2,5,8,5,2,2,5,631.8,1,2
5,2,6,3,2,1,1,7,1,8,0,2,3,10,712.6,0,1
2,2,4,5,5,1,3,1,1,7,1,2,2,6,671.6,1,1
2,5,6,1,2,2,5,0,6,6,3,1,0,1,578.9,0,2
4,5,8,9,10,1,6,2,6,6,4,2,1,2,658.8,1,3
5,2,6,3,2,1,1,7,1,8,0,2,3,10,712.6,0,1
3,3,6,3,0,1,0,0,2,10,3,1,3,10,624.8,0,1
3,3,5,3,5,1,9,5,9,9,1,2,8,10,745.0,1,2
2,3,6,6,5,1,9,4,5,8,2,2,1,3,686.2,0,2
2,5,10,5,5,1,7,3,2,8,10,2,5,4,687.3,1,2
1,1,6,2,10,2,7,4,6,8,1,2,2,10,696.6,0,0
4,4,10,10,3,1,5,3,10,7,7,2,5,2,698.9,1,1
3,1,3,2,3,1,3,1,7,8,1,2,1,10,678.1,0,2
2,4,5,1,8,1,4,3,2,6,5,1,1,10,637.6,0,0
1,5,10,10,4,2,3,3,2,6,5,1,1,10,651.2,0,0
5,1,4,8,10,1,7,4,10,8,3,2,3,10,731.4,1,1
1,2,3,2,5,1,2,3,4,7,1,2,1,8,648.4,1,1
3,2,8,10,7,2,1,5,5,7,2,2,10,7,711.5,0,3
4,3,5,10,6,1,7,3,1,7,5,2,1,5,659.7,1,2
3,2,9,4,4,1,8,1,7,8,2,2,2,6,712.1,1,3
2,2,8,7,10,1,5,6,3,5,2,1,4,6,676.7,0,1
1,0,3,1,1,1,10,2,2,8,0,1,2,1,600.6,0,1
4,1,5,6,6,1,7,3,8,9,0,2,3,10,727.8,1,2
3,1,1,10,10,2,6,6,7,5,3,1,2,8,650.3,0,1
5,3,10,6,10,1,6,2,8,7,2,2,2,7,727.4,0,1
4,4,10,10,3,1,5,3,10,7,7,2,5,2,698.9,1,1
5,1,6,8,2,2,5,4,7,8,0,2,2,4,700.2,1,3
3,3,5,5,5,2,5,5,5,5,5,2,5,5,649.9,0,1
3,3,4,5,5,2,4,5,5,5,3,2,5,5,641.4,0,2
3,1,4,3,5,2,5,4,5,5,4,1,4,3,622.7,0,1
3,3,2,10,10,1,6,10,2,5,0,2,1,10,722.4,0,1
3,2,5,5,3,2,4,5,5,7,4,1,7,5,633.3,0,1
4,4,9,10,5,1,9,3,6,7,2,2,1,5,730.4,1,3
2,2,4,3,10,1,8,4,1,6,1,2,1,2,654.4,0,2
1,2,6,6,2,1,2,5,6,6,2,1,8,10,658.8,0,0
2,5,5,4,10,1,8,4,5,6,2,2,6,5,685.8,1,2
1,2,7,5,4,1,3,2,6,5,0,2,4,6,651.8,0,0
1,2,2,3,5,2,6,1,5,5,3,2,3,3,643.1,0,2
4,4,10,10,3,1,5,3,10,7,7,2,5,2,698.9,1,1
0,4,3,0,7,2,3,1,1,8,1,2,2,5,619.1,1,1
0,5,5,6,10,1,4,8,4,4,5,1,3,7,668.2,0,0
5,1,2,0,3,1,3,8,10,8,1,2,4,10,690.6,0,2
5,2,10,4,10,1,5,6,7,8,3,1,6,10,724.0,0,0
2,4,2,3,6,1,2,1,4,7,7,1,2,2,583.8,1,1
5,3,2,7,10,1,4,9,6,6,7,2,6,7,711.5,0,2
2,1,3,10,2,2,10,0,9,8,0,2,2,10,671.7,1,2
5,2,4,6,10,2,4,4,8,10,0,2,1,10,733.1,1,2
1,4,4,0,6,1,3,1,3,7,1,2,1,10,641.4,0,1
5,3,8,6,8,2,4,6,9,7,2,2,4,8,700.4,1,3
2,5,4,10,2,2,6,2,1,7,2,2,3,4,642.7,1,2
2,5,4,10,2,2,6,2,1,7,2,2,3,4,642.7,1,2
5,2,5,10,10,2,8,6,7,8,4,2,3,5,720.6,0,2
3,1,4,5,10,1,2,1,9,7,2,2,5,10,698.7,1,1
2,3,10,10,10,2,5,6,10,6,10,2,7,10,729.3,1,2
5,4,4,5,10,2,4,2,2,9,0,2,0,9,658.6,1,3
2,3,6,3,6,2,7,2,2,6,5,2,0,3,635.9,0,2
3,0,0,0,10,1,1,4,8,8,3,2,0,10,664.7,0,3
4,3,8,9,10,1,7,8,9,6,6,2,7,6,700.2,1,2
4,3,5,10,8,2,4,1,4,8,3,1,4,10,674.1,1,2
4,5,4,4,10,2,7,6,7,6,2,2,8,10,686.2,1,3
5,5,3,6,4,1,3,2,3,7,7,2,1,7,643.1,1,1
5,4,1,10,10,1,8,1,1,7,3,1,3,10,647.8,1,1
3,4,9,4,10,1,3,2,10,5,1,1,2,1,644.1,0,1
3,5,6,1,4,2,5,0,4,9,4,2,1,3,609.7,0,1
3,1,8,10,5,1,5,5,1,9,3,2,7,5,723.0,0,1
3,1,8,10,5,1,5,5,1,9,3,2,7,5,723.0,0,1
1,1,2,3,5,1,7,1,6,9,1,2,4,4,659.4,0,1
2,2,4,10,10,1,0,2,10,7,3,2,2,7,668.3,1,1
1,3,2,2,8,2,4,0,3,8,4,2,0,5,600.8,1,1
2,4,0,0,3,1,5,1,5,7,0,1,5,5,597.6,1,1
1,3,6,5,7,2,8,3,1,8,5,2,10,10,682.0,0,1
1,3,6,5,7,2,8,3,1,8,5,2,10,10,682.0,0,1
3,3,5,10,10,2,8,9,10,8,4,1,4,8,692.3,1,1
2,3,4,8,10,2,3,3,3,6,3,2,4,3,641.2,1,2
2,1,2,3,2,1,5,1,8,8,2,2,3,8,678.3,0,3
4,1,4,2,2,2,8,2,5,8,2,2,1,10,682.8,1,3
2,0,6,10,10,1,5,1,5,8,1,1,1,10,677.7,0,0
2,3,10,10,10,2,8,4,7,6,3,2,4,3,684.5,1,3
5,4,2,3,6,1,7,5,7,7,1,2,8,5,696.6,1,1
3,3,10,5,10,2,8,1,7,8,2,2,2,4,679.8,1,3
4,1,3,6,4,2,3,7,5,8,4,1,8,6,657.3,0,1
4,4,3,2,9,1,7,2,5,7,1,2,2,7,660.5,0,1
2,5,6,4,10,1,5,0,5,7,3,2,0,1,652.0,1,2
4,3,7,6,5,1,6,4,8,8,5,2,2,7,669.8,1,2
2,5,10,10,10,2,1,6,2,6,3,2,1,4,644.4,1,1
2,4,3,2,3,2,3,0,4,6,3,2,0,7,626.1,1,3
5,5,4,10,5,2,3,3,10,5,3,2,10,5,708.7,0,2
3,3,3,2,4,1,4,5,2,7,10,1,2,7,593.6,0,2
4,2,6,5,5,1,6,2,7,6,4,2,5,10,698.1,1,2
1,1,5,2,8,1,8,2,6,7,1,1,4,6,659.0,1,1
2,1,1,4,10,2,6,1,7,8,1,2,2,2,645.8,0,3
3,3,5,6,4,2,6,3,1,6,0,2,10,10,678.2,0,1
3,1,5,1,10,1,9,4,4,9,2,2,3,8,670.9,1,1
3,4,4,4,2,2,5,1,5,7,0,2,0,5,670.7,1,3
1,3,3,4,8,1,7,1,2,7,3,2,3,5,665.0,0,1
3,4,5,4,8,1,4,3,8,7,1,1,1,7,649.2,0,3
5,3,10,10,8,2,8,1,3,8,5,1,6,7,692.6,1,1
1,3,9,10,6,2,7,3,4,7,0,1,4,6,655.2,0,3
2,4,6,7,10,2,4,3,2,7,1,2,3,1,658.2,1,2
3,5,4,3,2,2,3,0,1,9,1,1,0,2,598.9,0,1
5,3,10,10,8,2,8,1,3,8,5,1,6,7,692.6,1,1
1,1,2,2,5,2,4,1,1,8,2,1,0,3,597.0,1,1
4,1,0,0,2,2,8,1,7,6,1,2,3,4,613.1,0,3
4,4,5,4,10,1,7,2,3,7,4,2,1,7,689.0,1,2
5,2,2,9,8,1,5,10,9,6,1,1,3,10,735.9,1,2
2,5,10,5,5,2,5,1,4,5,3,1,2,2,629.3,0,2
2,4,10,10,6,2,4,3,10,4,4,2,2,8,703.4,0,3
5,3,10,5,9,1,3,7,10,7,2,2,4,8,748.2,1,0
5,1,4,10,6,1,8,1,3,7,0,2,1,7,712.8,0,1
2,3,4,4,10,1,7,3,5,4,6,2,4,4,685.4,0,2
3,3,7,10,10,1,5,6,10,6,3,2,6,6,686.8,1,2
2,4,4,2,6,1,4,2,5,5,2,1,0,3,604.0,1,2
1,0,5,3,4,1,7,4,8,7,2,2,2,7,696.8,0,3
2,5,6,3,2,1,4,0,8,5,0,1,6,7,616.5,0,1
5,3,10,10,5,1,7,4,9,8,4,2,4,10,697.2,1,3
4,3,5,10,8,1,7,1,3,6,0,1,1,10,700.7,0,1
4,3,10,8,10,1,3,4,10,6,1,2,2,3,717.4,1,2
1,3,8,2,8,2,0,3,4,8,1,2,4,10,650.3,0,1
2,2,5,10,10,2,5,2,2,6,2,1,0,4,622.3,0,2
5,1,4,3,4,1,7,1,10,8,2,2,2,9,699.1,0,2
4,2,4,2,5,1,2,2,3,7,3,2,1,3,639.7,1,2
4,0,10,10,10,1,5,5,10,8,0,2,10,10,753.5,1,1
5,4,6,10,10,1,7,8,10,9,10,1,0,10,673.8,0,2
0,3,10,10,5,1,7,4,1,7,3,1,10,7,686.9,0,1
3,0,10,10,10,1,9,9,10,9,2,2,8,7,777.5,1,2
1,2,9,5,7,2,7,3,3,8,0,1,4,4,645.0,1,2
4,4,6,6,6,1,2,2,4,5,3,2,2,4,636.1,0,3
2,5,8,7,7,1,8,8,10,6,2,2,10,5,717.4,0,2
2,4,3,3,3,1,10,3,1,8,2,1,0,1,617.4,1,1
5,3,7,5,10,1,4,5,10,9,8,2,0,10,661.9,0,2
5,3,6,8,6,1,4,4,10,9,9,2,0,7,646.6,0,2
2,2,2,10,10,2,5,7,4,7,1,1,5,10,639.9,0,3
2,2,3,3,2,1,4,2,3,8,3,2,2,8,663.7,0,1
5,3,5,10,10,1,8,7,10,8,1,2,10,10,745.0,1,2
2,4,6,3,7,1,3,1,2,6,5,2,0,5,627.4,1,2
5,0,5,10,6,1,8,2,2,8,0,2,5,7,719.6,1,1
1,2,3,0,0,2,4,2,1,6,1,2,1,4,591.5,0,1
3,1,3,3,5,2,9,6,8,6,0,2,4,2,676.2,1,2
4,2,3,5,5,2,7,2,8,7,2,1,1,10,667.9,1,3
5,4,5,10,10,2,7,3,8,6,1,1,2,10,677.9,1,3
4,2,7,5,10,1,8,2,6,7,1,2,1,10,718.5,1,2
2,4,10,10,10,2,7,7,3,7,2,2,7,7,733.2,1,3
2,4,7,6,9,2,10,3,2,8,2,2,4,8,670.3,0,2
1,2,1,6,4,1,7,1,4,9,1,2,10,10,679.4,0,1
3,3,8,4,7,2,6,9,5,8,4,1,2,6,645.4,0,1
4,2,1,4,7,1,7,3,3,6,1,2,3,10,651.4,0,1
2,2,4,8,8,1,6,3,1,8,1,2,6,7,665.0,1,1
4,3,8,5,4,2,8,3,2,6,6,1,2,10,642.7,1,3
3,3,7,3,0,1,5,0,1,7,4,2,1,4,620.6,1,2
2,2,3,8,3,2,7,4,5,8,0,2,4,10,686.2,1,3
1,3,4,3,6,1,8,8,7,6,0,1,4,7,655.6,0,1
4,1,10,10,3,1,8,9,8,7,0,2,5,9,744.4,1,1
5,0,5,10,10,2,10,7,9,7,0,2,3,10,749.7,1,2
5,0,5,10,10,2,10,7,9,7,0,2,3,10,749.7,1,2
1,3,3,0,6,2,8,7,1,7,5,2,8,5,632.5,0,2
4,3,3,10,10,2,8,1,10,8,0,2,8,2,697.4,1,1
4,0,10,10,10,1,8,5,10,7,0,2,10,10,799.2,0,2
4,1,8,5,7,2,9,2,5,8,1,2,4,10,710.0,1,2
4,3,4,10,3,2,10,3,7,8,0,2,6,10,730.8,1,3
3,2,6,2,5,1,5,2,10,8,1,2,2,10,680.4,0,1
2,1,1,0,2,1,2,1,4,8,1,2,2,3,629.9,0,3
3,1,2,5,10,1,6,5,10,8,0,2,10,6,711.0,0,3
2,1,5,3,6,1,6,1,1,7,2,2,2,3,649.5,0,1
4,3,4,10,3,2,10,3,7,8,0,2,6,10,730.8,1,3
5,5,10,8,10,1,10,3,8,4,10,2,10,2,723.4,1,0
2,4,8,6,10,1,3,4,6,6,3,2,1,1,675.8,1,0
3,5,6,6,10,1,2,1,4,8,4,2,3,3,674.1,1,0
1,5,5,5,8,1,5,2,4,8,10,2,0,3,609.5,1,0
3,4,3,7,8,1,1,1,5,6,1,1,0,5,616.1,1,0
4,4,3,6,7,1,1,1,5,6,1,1,1,4,611.0,1,0
4,2,3,2,10,1,2,2,10,7,7,2,1,5,668.3,0,1
4,1,10,3,10,1,5,3,10,8,1,2,3,5,729.7,1,1
5,1,10,3,10,1,4,3,10,8,1,2,1,5,729.7,1,1
5,2,10,7,10,1,6,2,7,8,5,2,3,8,718.9,1,1
4,2,3,3,6,1,8,1,5,8,1,2,3,10,691.3,0,1
1,2,6,5,1,1,6,3,4,7,3,2,1,5,646.7,1,1
1,5,9,3,5,1,2,0,2,9,1,1,2,10,646.7,1,1
5,2,10,6,6,1,4,1,10,8,2,1,1,9,690.6,0,1
3,4,4,9,10,1,8,6,5,7,3,2,4,7,713.2,1,2
0,1,5,1,10,1,4,1,3,9,1,2,1,7,629.9,0,0
2,2,6,6,6,2,7,3,4,8,0,1,3,7,652.0,1,1
0,2,5,4,4,1,7,3,3,8,5,2,1,5,653.5,0,2
0,1,6,3,5,2,8,2,5,8,6,2,3,10,662.4,0,1
4,4,7,10,6,2,7,1,5,6,3,2,2,8,694.3,0,3
1,1,5,0,3,2,4,1,4,9,1,2,1,3,636.9,0,3
1,1,5,0,3,2,4,1,4,9,1,2,1,3,636.9,0,3
1,3,7,6,3,1,1,1,1,9,0,2,1,4,634.6,1,1
4,3,6,4,3,2,7,6,7,7,4,1,6,10,649.0,1,1
2,4,5,3,5,1,7,0,3,7,2,1,0,5,609.1,0,2
0,2,5,2,5,1,8,0,6,7,3,2,2,10,652.2,1,1
2,4,10,10,10,1,5,0,7,8,4,2,4,5,676.4,1,1
5,2,10,3,10,1,2,2,6,6,2,2,1,7,708.1,1,3
4,4,1,4,5,1,7,0,7,6,7,2,0,5,631.8,1,0
5,3,10,10,10,1,8,8,8,6,6,2,10,7,752.7,1,0
3,3,7,10,10,1,3,4,5,8,2,2,3,3,706.6,1,0
5,3,10,10,10,1,8,8,8,6,6,2,10,7,752.7,1,0
5,2,5,4,8,1,9,4,4,6,2,1,2,4,672.0,1,0
2,3,10,8,10,1,9,3,5,9,1,2,5,3,715.3,1,0
3,5,10,10,10,1,8,2,10,6,10,1,2,5,695.3,1,0
4,4,6,3,10,1,5,4,8,6,10,2,5,5,686.4,1,0
5,3,10,10,6,1,8,5,6,8,3,2,2,10,730.6,1,3
4,4,3,1,9,2,7,1,5,6,4,2,0,5,614.4,1,2
2,2,3,2,10,1,1,3,9,4,6,1,0,1,606.3,1,2
2,5,5,7,3,1,3,1,6,4,6,2,1,2,609.1,1,1
1,5,10,3,10,2,2,10,10,7,5,1,0,6,634.3,1,1
1,5,10,3,10,2,2,10,10,7,5,1,0,6,634.3,1,1
5,2,6,9,10,1,4,2,3,7,0,2,0,10,706.0,0,2
2,5,5,7,3,1,3,1,6,4,6,2,1,2,609.1,1,1
1,2,6,7,3,2,9,1,1,7,1,1,6,10,624.0,1,1
5,2,5,8,10,1,8,2,5,8,0,2,2,5,703.2,0,1
1,4,5,2,0,2,5,1,1,8,1,2,1,10,610.6,1,2
0,3,0,5,4,1,0,1,3,7,8,2,0,10,624.4,0,0
4,4,8,10,10,1,9,2,7,7,1,2,5,5,734.0,1,2
4,4,10,10,10,2,8,5,3,7,3,2,2,8,697.5,0,2
4,4,10,10,10,2,8,5,3,7,3,2,2,8,697.5,0,2
3,4,2,2,4,1,8,0,5,8,3,1,6,4,628.4,0,2
3,2,7,9,10,1,8,4,6,7,3,2,8,7,735.5,0,1
5,1,1,0,6,1,9,4,6,5,1,2,4,10,677.3,0,1
0,4,5,7,3,1,3,1,10,1,10,1,0,2,592.3,0,2
4,3,4,10,3,2,10,3,7,8,0,2,6,10,730.8,1,3
3,3,2,0,2,1,3,1,2,7,3,2,1,6,608.9,1,3
5,4,6,6,4,1,8,2,6,7,2,2,2,10,669.2,0,1
1,2,7,10,7,2,3,0,10,6,0,2,0,8,649.4,0,2
1,3,6,3,1,1,6,2,1,5,6,2,0,3,604.9,1,2
1,1,4,10,7,2,9,3,1,8,3,2,7,5,671.8,1,2
2,5,4,4,2,1,5,1,7,7,5,2,2,5,616.7,1,3
2,4,4,3,10,2,3,1,1,7,2,2,1,3,613.8,0,2
4,1,3,10,10,1,8,2,8,8,1,2,9,6,746.3,0,2
3,0,2,0,0,1,2,0,3,7,0,2,5,10,646.5,1,2
5,5,10,10,10,2,6,1,10,8,10,2,1,7,680.4,1,2
2,3,7,8,3,2,7,5,2,8,3,2,3,7,655.0,0,1
3,4,5,10,10,1,6,3,10,6,5,2,3,5,705.5,0,2
4,5,3,5,7,1,10,1,8,9,8,2,1,7,685.3,1,2
5,4,8,5,10,1,7,8,4,8,3,2,2,5,694.5,1,0
5,3,6,4,9,1,9,2,10,6,1,2,2,9,714.0,0,1
5,3,6,4,9,1,9,2,10,6,1,2,2,9,714.0,0,1
3,1,8,10,7,2,8,9,5,6,1,2,3,8,718.1,1,2
4,1,4,3,5,1,8,0,10,8,1,2,0,5,683.8,1,3
0,1,10,7,10,1,5,4,7,9,1,2,5,10,681.7,0,0
5,3,10,7,10,2,5,3,4,7,0,2,1,0,651.8,1,2
4,3,5,8,5,2,4,2,10,6,0,1,3,10,683.4,1,3
3,3,3,7,7,1,2,2,8,7,3,1,0,3,627.1,1,2
3,2,5,10,3,1,10,3,7,8,0,1,4,10,705.3,1,3
1,3,3,1,1,2,2,0,1,9,3,2,0,1,566.6,0,1
5,0,5,4,10,1,3,3,6,8,10,2,0,2,662.6,1,3
3,1,6,10,10,2,8,2,9,7,1,2,3,10,695.3,0,3
2,0,4,5,10,2,2,4,3,10,5,2,2,6,665.8,1,2
1,5,1,3,10,1,8,6,8,5,2,2,8,0,638.6,0,3
2,2,3,4,6,2,0,3,8,5,2,1,2,0,611.4,1,2
3,2,3,10,10,1,5,2,10,8,1,1,2,3,671.9,1,1
4,2,3,5,10,1,8,2,7,7,2,2,0,6,698.3,1,1
4,1,10,10,8,1,7,6,8,8,0,2,6,7,761.6,1,3
1,4,4,6,10,2,7,0,8,6,7,2,1,7,643.9,0,3
1,4,3,1,1,1,3,1,1,10,0,2,1,4,616.1,0,0
4,4,4,10,10,2,8,10,1,6,2,2,9,7,705.4,1,1
5,2,7,10,6,1,8,2,7,9,0,2,2,10,697.0,0,1
5,3,10,10,10,1,9,1,5,7,7,2,6,7,718.3,1,2
3,5,8,10,2,1,3,3,7,8,1,1,1,7,649.2,1,1
2,4,10,8,4,1,7,1,7,8,7,2,1,6,650.9,1,1
2,1,2,2,6,1,0,1,2,8,2,2,1,6,614.2,0,1
3,4,8,6,10,2,4,0,4,7,6,1,1,6,612.7,1,2
1,1,4,3,4,1,3,1,5,7,1,2,2,4,621.4,0,0
3,4,10,5,10,2,4,3,3,8,3,2,6,3,665.4,0,3
2,4,3,10,4,2,1,4,3,8,0,2,2,2,658.6,1,2
2,1,2,2,6,1,0,1,2,8,2,2,1,6,614.2,0,1
2,1,2,2,6,1,0,1,2,8,2,2,1,6,614.2,0,1
5,2,3,10,6,1,10,1,2,7,0,2,4,10,688.8,1,2
2,2,3,1,2,1,3,3,6,7,1,2,2,5,652.2,0,1
4,1,3,9,4,1,6,4,5,7,1,2,5,4,706.4,1,3
3,1,10,10,10,1,10,5,9,10,3,2,8,10,748.6,1,3
4,4,8,8,10,1,10,6,2,6,1,1,1,3,652.9,0,3
1,3,3,10,10,2,9,4,7,8,2,2,6,3,662.8,0,2
3,4,2,2,2,1,4,0,1,8,5,2,0,6,600.4,1,1
3,3,3,7,4,2,0,3,9,10,0,1,0,9,653.4,0,1
2,3,3,4,10,1,2,1,10,10,3,1,2,4,640.0,1,0
3,4,10,4,5,1,8,4,8,4,10,2,3,9,694.5,1,1
3,2,10,10,10,1,10,2,5,6,0,2,8,7,752.1,1,3
5,1,6,8,2,1,7,4,2,8,3,1,0,6,682.2,1,3
2,4,5,2,10,2,4,1,4,7,2,2,1,6,645.0,0,1
5,3,6,10,5,1,9,5,4,7,6,2,4,5,682.4,1,2
2,5,8,5,4,1,2,2,3,6,5,1,1,5,597.0,0,2
4,3,5,8,5,2,4,2,10,6,0,1,3,10,683.4,1,3
2,3,4,10,10,2,9,4,4,6,0,2,8,10,697.5,0,3
5,2,2,8,7,2,7,1,8,8,2,2,0,8,676.6,0,1
2,4,7,6,10,1,4,0,3,7,3,2,1,10,689.0,0,0
3,4,5,7,10,2,3,5,3,8,8,2,1,5,656.9,1,1
4,2,6,10,4,1,10,5,2,7,6,2,7,5,685.4,1,2
1,1,4,6,9,2,7,1,2,7,5,1,2,2,598.7,1,3
5,1,6,8,7,1,8,2,6,7,2,2,3,10,738.9,1,3
2,3,5,10,10,1,8,3,10,7,0,2,4,8,727.8,1,3
4,1,10,4,3,1,6,2,5,7,5,2,2,10,694.5,1,1
1,1,5,5,4,1,5,5,8,7,0,1,10,10,722.3,0,2
2,1,7,5,6,1,8,2,2,8,1,2,2,10,685.6,1,0
5,5,9,3,10,1,10,1,10,7,1,1,0,10,659.8,1,0
1,4,8,4,8,2,5,4,7,7,3,2,3,5,659.2,0,1
1,1,8,2,5,1,5,2,4,8,6,2,2,2,635.0,1,1
2,1,8,3,9,1,7,4,6,8,1,2,8,7,693.2,1,0
5,4,2,3,5,1,8,0,5,9,7,1,8,7,676.2,0,3
4,1,5,10,8,1,4,3,1,6,2,2,1,5,712.2,0,1
1,3,4,10,10,1,5,5,3,6,4,2,3,4,690.5,1,1
3,4,2,2,10,1,8,1,8,6,10,2,10,5,671.1,0,2
3,5,4,2,4,1,7,3,5,5,10,1,1,1,578.5,1,2
0,1,6,3,8,1,4,2,4,7,2,1,1,9,626.3,1,1
5,4,10,10,10,1,7,3,7,6,0,2,1,7,713.4,1,2
5,4,10,10,10,1,7,3,7,6,0,2,1,7,713.4,1,2
3,4,7,7,6,1,7,4,1,5,6,1,7,9,669.5,1,2
4,2,5,10,9,1,5,2,9,7,1,2,6,10,744.6,0,3
3,5,4,10,3,2,3,3,4,7,3,1,2,2,639.9,0,2
3,3,5,10,3,1,3,3,7,8,1,1,6,2,645.8,0,3
1,1,6,5,5,2,4,3,3,5,2,2,5,10,688.6,0,3
0,4,1,5,5,1,2,2,4,6,4,2,0,10,622.7,1,2
4,3,6,10,5,1,10,5,10,6,1,2,3,10,722.5,1,3
5,5,5,10,4,1,4,1,9,8,0,1,3,6,683.6,1,3
3,1,5,2,6,1,3,1,2,8,3,1,1,1,639.7,1,2
3,3,6,4,7,2,7,3,6,8,2,2,8,3,681.3,0,0
3,3,8,4,5,1,7,1,8,6,10,2,2,10,666.0,0,2
5,3,8,5,10,1,3,5,7,8,3,2,5,10,705.3,1,1
3,3,5,5,2,1,2,2,1,6,4,1,1,5,594.9,0,3
4,4,1,0,2,1,0,2,2,8,3,1,3,6,585.3,1,3
4,4,2,1,1,1,1,0,1,8,1,1,1,10,597.0,1,3
3,4,10,3,2,1,3,4,6,9,0,2,1,5,662.8,1,1
2,1,9,10,8,2,8,9,8,7,5,2,4,7,705.3,1,1
4,4,10,10,10,1,9,7,6,9,1,2,8,9,724.0,1,1
2,4,8,7,10,1,8,2,5,6,7,2,3,1,656.9,0,2
5,2,0,2,4,1,10,3,3,8,0,1,2,1,616.1,0,1
5,1,1,2,2,1,9,7,7,7,5,2,9,9,686.4,0,1
4,3,2,3,6,1,2,2,3,8,6,2,0,5,617.8,1,3
5,4,3,2,2,1,3,1,3,9,7,2,5,1,641.8,1,1
3,3,10,0,4,2,3,2,10,10,5,1,1,10,628.1,1,0
2,4,10,10,10,2,7,1,3,6,4,1,6,7,649.7,1,2
3,4,7,2,10,2,2,3,6,8,3,2,1,7,637.1,0,1
0,4,3,0,4,2,0,2,2,8,9,1,1,3,546.2,0,1
5,1,5,3,4,2,7,3,5,8,2,2,1,6,664.1,0,2
3,3,7,6,6,1,8,3,5,8,6,2,2,6,674.3,1,0
2,4,5,3,4,1,10,10,10,6,1,1,2,4,642.6,1,2
2,2,10,10,10,1,6,1,5,8,0,2,2,7,718.5,0,1
3,4,7,2,10,2,2,3,6,8,3,2,1,7,637.1,0,1
2,3,9,10,10,1,8,4,10,6,2,2,9,7,759.9,0,3
2,1,7,10,4,1,8,2,5,7,1,2,1,7,703.0,1,3
1,1,10,10,5,1,9,1,2,6,2,2,1,10,661.4,1,2
4,4,8,10,10,2,5,2,6,6,0,2,8,5,699.6,1,3
4,4,5,3,6,1,9,1,10,9,1,1,5,7,687.4,1,3
0,5,2,0,1,1,1,1,1,9,8,1,0,10,563.2,1,1
5,4,3,2,1,1,7,1,10,8,0,2,2,10,644.7,1,3
5,0,4,6,5,2,8,2,10,6,2,1,2,10,691.9,1,3
5,0,4,6,5,2,8,2,10,6,2,1,2,10,691.9,1,3
5,4,10,10,10,2,5,6,4,6,1,2,8,4,716.2,1,3
2,1,7,5,5,1,8,4,4,8,3,2,4,5,686.0,0,2
4,1,2,5,10,1,5,5,7,7,1,2,1,7,676.2,0,1
1,5,2,10,2,1,7,1,4,5,10,2,2,1,625.9,1,2
2,2,1,1,2,2,2,0,4,4,0,1,0,1,567.9,0,1
2,2,1,0,2,2,2,0,6,5,1,1,0,2,568.5,0,1
1,5,10,6,7,2,3,1,6,6,5,2,1,7,657.1,0,2
4,2,5,10,10,2,7,2,6,8,0,2,6,7,683.0,0,1
2,3,4,1,10,1,4,1,8,7,4,2,2,5,637.3,0,2
0,5,1,10,10,2,3,2,3,5,4,1,4,7,612.1,0,2
4,4,10,4,7,2,3,1,8,8,1,2,1,10,681.7,1,2
2,1,3,7,10,1,5,2,6,8,4,2,8,3,691.5,1,2
2,2,3,10,10,2,6,3,6,7,1,2,6,7,677.7,1,1
4,3,5,8,5,2,4,2,10,6,0,1,3,10,683.4,1,3
2,2,7,5,10,1,8,3,4,7,3,2,1,5,670.5,1,1
2,5,4,2,10,2,3,4,2,6,7,1,4,3,600.2,0,1
3,4,2,0,10,2,0,0,2,8,5,1,0,10,600.6,0,1
1,4,8,7,10,2,5,5,5,6,3,1,1,3,617.8,0,1
5,2,2,6,4,2,1,1,3,9,2,1,1,3,612.9,1,1
5,3,8,10,6,1,8,8,10,7,0,2,8,10,758.4,1,1
3,3,4,2,6,1,7,1,2,8,3,1,1,8,639.7,1,0
1,2,3,4,8,1,7,4,3,7,4,2,1,4,651.6,0,1
3,1,5,4,5,2,7,5,8,8,2,2,6,7,685.1,0,2
2,1,8,1,5,1,4,2,2,6,0,2,2,6,630.8,0,1
3,3,5,8,10,2,8,7,1,7,3,2,6,3,697.1,1,2
3,1,10,10,10,1,10,3,2,7,3,2,2,1,712.6,0,2
5,1,5,3,10,2,5,1,9,7,1,2,0,10,693.6,1,1
1,1,10,10,4,1,5,1,5,6,1,1,1,1,662.0,0,1
4,4,3,0,10,1,8,2,4,6,1,1,4,2,626.1,0,1
1,1,1,2,9,1,0,0,10,6,0,2,0,6,629.0,0,1
4,4,10,10,3,2,8,1,4,6,7,2,0,4,653.3,1,1
2,3,3,5,3,2,5,1,8,7,8,1,0,10,608.4,0,1
2,4,4,0,7,1,8,1,7,5,10,2,0,7,636.7,1,0
0,4,4,7,10,2,8,3,10,4,6,2,0,7,657.5,0,0
5,5,7,7,10,1,7,8,8,7,6,2,7,5,701.9,1,2
5,5,8,10,10,2,8,6,6,7,3,1,10,5,689.6,0,2
5,5,8,10,10,2,8,6,6,7,3,1,10,5,689.6,0,2
1,4,4,4,4,2,2,3,2,8,4,1,1,4,602.3,0,2
3,1,10,5,10,2,9,1,4,7,1,2,2,7,696.0,0,3
1,2,7,0,10,1,1,3,8,6,2,2,0,4,649.0,0,1
4,2,10,4,10,1,8,8,10,7,0,2,4,10,755.0,0,1
5,1,8,10,5,1,10,4,10,8,2,2,4,10,745.0,1,3
4,4,3,3,10,2,3,2,4,6,4,1,1,2,600.6,1,1
5,0,0,10,10,2,10,3,1,7,0,2,2,10,720.9,0,3
1,0,10,10,10,1,9,6,5,5,0,2,10,5,745.1,0,2
2,0,10,10,10,1,10,7,5,5,0,2,10,5,753.6,0,2
4,3,10,10,10,1,6,2,9,8,1,1,4,10,724.4,1,2
5,5,5,4,0,2,4,2,6,6,1,2,0,10,628.2,0,3
3,1,10,10,8,1,8,2,5,8,3,2,2,10,716.8,1,2
2,2,5,1,6,2,4,1,3,8,2,2,3,2,614.4,1,2
5,5,6,2,3,2,4,2,10,6,7,1,0,7,620.5,1,2
5,5,6,2,3,2,4,2,10,6,7,1,0,7,620.5,1,2
3,1,5,3,1,2,4,2,1,8,3,2,2,7,639.5,1,1
1,2,5,4,6,2,3,7,2,5,0,2,2,8,632.3,1,3
4,3,4,10,10,2,9,9,5,8,0,2,10,10,738.9,0,3
4,3,4,10,10,2,9,9,5,8,0,2,10,10,738.9,0,3
5,3,3,3,10,1,7,3,2,6,3,2,0,4,639.3,1,2
3,0,6,10,5,1,7,2,10,10,0,2,4,10,748.8,0,3
3,0,10,10,10,1,4,3,8,7,1,2,3,10,722.3,1,2
1,1,5,4,5,1,7,4,5,6,0,2,1,6,665.4,0,1
2,2,4,4,2,2,7,1,2,5,3,2,0,8,628.9,1,3
4,1,6,10,3,2,8,2,8,7,0,2,4,10,712.1,1,2
5,2,3,1,4,1,8,1,3,8,1,2,3,7,690.9,0,1
3,5,5,8,10,2,7,7,2,6,8,2,5,0,641.0,1,2
4,3,9,5,10,1,6,1,6,7,1,2,9,10,721.9,1,3
4,1,2,2,3,1,7,1,6,8,4,2,1,2,640.5,1,2
3,4,2,1,10,1,5,3,3,8,3,2,5,3,641.6,1,2
3,3,10,5,10,2,8,3,7,6,1,1,1,7,676.0,1,2
5,2,10,10,4,1,7,4,6,8,0,1,5,6,720.4,1,3
5,4,4,2,6,1,5,1,5,6,10,1,0,10,616.1,1,1
4,2,5,4,5,1,5,6,6,5,3,2,3,6,679.0,1,3
4,2,7,7,9,1,5,2,7,7,0,2,3,10,713.6,1,3
1,0,4,1,10,2,7,3,7,7,1,1,1,5,643.9,0,1
1,1,10,2,5,1,8,2,5,7,2,2,2,8,679.2,0,1
0,3,2,9,10,1,0,3,2,9,3,2,1,1,600.8,0,2
2,2,1,0,1,1,1,0,1,9,4,1,1,10,585.3,1,1
1,3,5,7,10,2,5,7,4,5,5,2,7,7,670.1,0,1
3,2,2,7,8,1,8,10,6,8,2,2,1,4,701.7,1,2
3,5,7,10,4,1,7,1,5,8,2,2,2,2,676.0,1,1
3,2,10,10,10,2,7,6,8,8,1,2,2,5,741.2,0,2
5,0,5,2,5,1,6,5,10,7,2,2,6,10,709.1,1,2
2,3,4,10,10,2,8,3,8,8,1,1,1,5,678.3,1,1
2,3,6,10,4,1,9,3,5,6,1,2,3,10,713.0,1,2
1,2,2,3,3,1,3,6,3,6,2,2,4,5,644.6,0,3
1,5,3,2,10,1,8,1,3,6,6,1,3,4,619.1,1,0
5,5,9,10,10,1,5,1,10,6,1,2,5,10,707.2,1,2
2,3,5,5,10,1,8,0,1,8,5,2,0,1,634.4,1,2
1,2,5,10,10,2,8,1,5,8,1,2,2,5,677.7,0,2
4,5,5,4,8,2,5,3,5,8,5,2,7,7,659.0,1,3
3,3,4,10,10,2,8,3,5,8,2,2,5,10,693.0,1,1
3,3,4,10,10,2,8,3,5,8,2,2,5,10,693.0,1,1
2,3,2,2,10,2,1,1,1,7,1,1,2,7,607.0,1,2
5,2,8,4,10,1,8,4,3,7,3,2,1,6,711.1,1,2
5,4,5,4,10,2,5,5,4,8,7,2,6,5,648.6,1,1
4,4,4,2,1,1,2,0,5,7,5,2,0,5,619.7,1,2
2,4,10,6,10,1,5,3,8,8,10,1,4,6,640.9,1,0
3,1,5,2,3,1,3,0,1,8,1,2,2,5,648.0,0,1
3,4,8,3,10,1,8,9,3,8,3,1,7,10,677.3,1,2
4,2,7,10,10,2,3,1,6,8,4,2,8,7,684.7,0,2
1,3,8,4,8,2,8,1,4,7,5,2,0,7,611.0,1,2
0,3,1,1,2,2,6,0,2,8,10,2,0,8,575.1,1,3
0,3,1,1,2,2,6,0,2,8,10,2,0,8,575.1,1,3
0,3,1,1,2,2,6,0,2,8,10,2,0,8,575.1,1,3
0,3,1,1,2,2,6,0,2,8,10,2,0,8,575.1,1,3
4,2,7,6,8,1,7,3,8,7,1,2,2,7,712.1,1,1
2,5,4,10,10,2,8,2,4,7,10,1,2,7,628.0,1,3
5,4,10,10,7,2,4,3,6,7,4,2,4,8,703.2,1,3
2,3,6,3,10,1,1,0,1,7,3,2,1,3,629.1,1,1
5,4,10,10,8,2,3,3,6,7,5,2,2,10,698.1,1,3
4,1,2,7,2,2,7,4,4,7,1,1,6,7,660.3,1,3
1,3,4,1,4,2,3,5,1,8,1,1,4,4,590.2,1,2
2,2,1,2,1,1,4,1,1,9,10,2,4,10,660.1,1,1
2,1,6,2,10,2,7,2,8,6,1,2,2,5,662.6,1,2
1,0,4,4,10,2,5,1,1,4,5,2,0,10,638.7,1,3
1,1,9,6,9,1,8,4,5,6,2,2,1,3,665.4,1,1
2,1,10,5,5,1,7,1,7,8,0,2,5,10,718.9,1,1
1,3,6,8,2,2,8,6,4,5,1,2,10,6,665.0,1,3
5,4,6,5,3,2,4,2,5,7,7,2,5,10,660.5,0,3
5,3,10,10,10,1,6,3,8,8,1,2,9,10,766.7,0,2
3,1,9,7,10,1,7,3,7,6,1,2,3,10,716.8,0,3
2,4,5,7,2,1,8,0,1,7,10,2,0,4,635.9,1,2
1,3,6,4,1,1,4,2,6,6,2,2,0,5,614.6,0,1
5,3,10,5,10,2,0,2,3,4,0,2,2,10,668.0,0,1
5,5,3,4,10,1,5,1,4,6,0,2,1,7,661.8,1,2
1,1,4,1,6,2,6,3,2,7,1,2,7,10,649.7,0,1
1,2,3,2,2,1,7,2,7,6,2,2,5,3,643.7,1,1
2,4,4,2,4,2,8,5,4,6,2,2,8,7,655.0,1,1
1,1,10,2,9,2,10,7,3,7,1,2,6,7,678.8,0,1
2,5,10,10,10,2,2,0,1,6,10,2,0,2,623.8,1,1
3,0,5,0,6,2,1,0,5,10,0,1,0,1,577.8,1,0
2,2,8,8,2,2,6,1,3,7,1,2,0,10,658.4,1,3
4,2,10,10,10,1,9,2,9,8,0,1,5,10,741.4,1,0
2,4,5,7,3,1,9,1,3,8,1,2,0,10,648.4,1,1
2,3,5,3,10,2,8,8,9,8,1,1,2,2,646.2,1,1
3,3,5,3,5,1,7,1,5,8,5,2,3,10,674.3,1,2
3,3,5,3,5,1,7,1,5,8,5,2,3,10,672.6,1,2
4,4,5,0,10,1,2,0,6,10,4,2,1,1,622.2,0,1
4,3,10,3,6,2,5,1,4,9,8,1,2,10,655.6,1,2
2,0,5,8,8,1,8,3,10,9,1,2,2,5,718.0,0,2
2,3,5,5,10,2,8,1,10,8,1,1,1,4,658.3,1,1
2,3,6,0,2,1,6,0,7,7,3,1,1,9,620.1,0,1
3,5,4,8,10,1,3,1,2,6,3,2,1,1,620.6,1,2
4,4,0,4,6,1,7,1,6,7,4,2,0,10,660.7,0,0
4,2,8,7,3,2,2,2,4,8,7,2,2,8,643.5,1,3
1,1,5,4,5,2,7,2,6,7,2,2,2,2,655.6,0,2
1,1,5,4,5,2,7,2,6,7,2,2,2,2,655.6,0,2
2,5,3,10,10,2,7,1,6,6,4,1,0,2,599.3,1,2
3,4,7,5,10,1,5,1,3,9,8,1,2,10,629.9,1,0
3,4,6,5,3,1,6,3,6,7,3,2,1,3,669.2,1,2
3,4,3,3,10,1,1,2,7,7,5,2,2,5,657.5,1,0
3,2,8,5,10,2,7,6,2,7,0,2,2,5,670.1,1,3
3,2,1,2,3,1,3,1,1,7,0,2,4,0,624.0,0,0
5,1,6,6,3,1,4,10,4,8,1,1,10,10,726.8,0,1
1,4,3,5,10,1,9,2,7,7,1,2,0,10,703.4,0,2
2,3,1,1,4,2,4,0,2,6,2,1,1,5,562.8,0,2
5,1,6,10,6,1,8,5,7,9,3,2,7,7,729.3,1,3
1,2,5,3,5,1,8,2,5,10,4,1,4,5,637.3,0,1
1,2,4,0,2,1,1,0,1,5,10,1,0,0,550.5,0,1
1,4,4,8,6,1,4,3,5,7,4,1,4,5,643.5,1,1
2,1,8,1,5,1,4,2,2,6,0,2,2,6,630.8,0,1
4,5,10,10,9,1,6,3,10,10,9,2,4,5,709.7,1,2
4,3,2,5,4,2,3,2,4,7,2,2,4,5,626.3,0,1
5,2,2,3,5,1,7,2,5,7,1,2,0,10,682.6,1,0
5,3,6,10,10,2,6,2,10,7,10,1,3,5,666.6,1,2
5,5,10,4,2,1,10,3,5,8,1,1,0,1,648.8,1,1
3,3,10,10,7,2,6,2,4,9,2,1,1,7,694.7,1,2
1,2,1,2,6,1,5,5,3,7,1,2,3,6,651.6,0,1
0,5,0,0,10,2,8,10,2,5,4,1,1,10,577.9,0,2
4,3,5,4,3,1,7,2,5,6,2,1,1,0,643.3,0,1
2,3,3,3,4,1,7,2,8,8,2,2,1,10,673.2,1,1
1,3,1,10,10,2,3,0,2,6,10,2,0,0,598.5,1,2
5,4,10,10,5,1,4,1,1,9,3,2,1,1,670.3,1,1
2,4,4,10,10,2,7,2,9,7,2,2,3,8,686.8,0,3
1,4,4,3,5,1,6,0,5,7,3,2,0,10,619.7,0,0
4,3,10,6,10,1,5,5,4,6,7,1,5,4,673.7,1,2
2,1,4,2,5,2,7,2,6,6,1,1,2,4,645.2,0,2
1,4,5,10,3,2,4,2,6,7,2,2,1,3,643.7,1,1
3,4,7,8,8,2,7,1,3,6,1,2,1,5,692.2,1,3
2,2,1,2,10,2,10,0,5,6,1,2,0,7,655.2,1,2
1,3,2,1,10,1,5,2,3,5,4,1,3,5,607.0,1,1
3,2,5,5,6,1,7,3,9,6,2,2,8,6,703.6,0,3
3,2,5,5,6,1,7,3,9,6,2,2,8,6,703.6,0,3
5,3,6,4,8,2,8,1,10,7,2,2,0,9,675.1,1,2
2,1,6,4,10,1,0,2,7,8,5,2,3,0,644.1,0,0
4,3,4,10,10,1,4,1,10,10,5,1,4,10,696.1,1,0
1,3,2,2,1,2,0,2,10,10,6,1,0,6,595.8,1,1
3,1,10,10,8,1,7,2,8,8,5,2,0,10,736.1,1,2
0,3,4,1,7,2,7,4,4,6,1,1,5,2,590.4,0,1
5,4,5,10,10,2,8,4,7,8,5,2,10,2,691.7,1,1
5,4,5,5,2,1,9,2,8,8,2,2,2,9,656.2,1,3
1,4,5,10,10,1,5,1,7,7,5,2,1,5,649.0,1,1
1,3,8,4,10,2,8,2,4,8,1,2,3,7,665.6,0,1
5,3,4,5,7,1,8,6,10,8,3,1,4,10,721.2,1,3
0,3,2,1,5,1,7,3,7,7,0,1,1,1,611.6,0,1
3,2,8,4,4,2,2,5,4,6,1,2,0,7,658.4,1,3
3,4,2,0,4,1,5,2,10,7,10,2,2,10,634.3,1,0
3,4,1,0,2,1,4,1,10,7,7,2,2,10,612.2,1,0
3,2,8,6,6,2,2,5,4,7,2,2,3,5,663.7,1,3
4,4,3,4,3,1,5,2,3,5,2,1,4,2,637.6,1,0
4,2,10,8,10,2,9,10,5,8,1,2,7,3,711.7,1,1
2,4,0,0,5,1,0,0,5,8,3,2,3,4,597.8,0,3
2,3,5,0,3,1,3,1,1,7,1,1,1,2,586.6,0,0
3,3,3,4,4,1,5,2,8,8,1,2,4,10,671.5,0,1
3,2,10,10,10,1,6,4,8,7,2,2,4,2,707.0,1,2
2,3,2,10,4,1,2,1,3,8,2,2,1,1,655.2,0,2
4,5,8,10,6,1,6,4,8,6,1,2,4,2,701.7,1,1
4,0,4,4,5,1,9,1,5,8,4,2,3,10,682.8,0,1
1,3,0,0,4,2,4,1,1,10,5,1,0,10,573.6,0,1
2,3,2,0,4,1,5,0,1,7,8,1,5,1,576.4,1,1
2,3,2,0,4,1,5,0,1,7,8,1,5,1,576.4,1,1
2,5,3,10,3,1,3,6,2,8,2,2,5,3,655.0,1,3
1,3,2,3,10,2,3,3,3,6,5,1,1,5,597.0,1,2
3,4,4,3,8,2,7,4,3,7,4,2,1,3,634.6,0,2
5,3,5,3,5,2,8,2,7,7,0,2,2,5,669.4,1,3
3,1,10,8,10,2,7,8,5,8,1,2,6,6,704.9,1,3
2,0,4,0,0,1,5,8,9,5,0,2,2,5,650.7,1,2
4,2,9,5,7,1,8,0,4,8,8,2,1,3,667.3,1,2
3,4,5,3,10,1,8,1,6,6,3,2,6,2,655.4,1,1
3,4,5,7,5,1,7,5,7,7,2,1,2,5,666.0,1,1
4,4,9,6,5,1,8,2,9,7,1,1,2,6,669.8,0,1
2,3,5,1,2,1,8,1,10,8,2,2,2,10,678.7,1,1
2,3,5,1,2,1,8,1,10,8,2,2,2,10,678.7,1,1
2,3,5,1,2,1,8,1,10,8,2,2,2,10,678.7,1,1
2,3,8,6,10,2,5,2,7,7,7,2,2,10,635.4,1,2
4,1,5,4,4,1,6,4,10,8,0,2,3,7,709.3,1,1
5,5,10,8,4,2,6,4,4,6,7,2,4,6,683.9,1,3
4,3,7,1,3,1,7,2,3,7,1,2,0,3,648.2,0,1
4,1,6,3,8,1,7,2,10,6,1,2,2,10,685.1,0,2
4,1,6,3,8,1,7,2,10,6,1,2,2,10,685.1,0,2
4,1,6,3,8,1,7,2,10,6,1,2,2,10,685.1,0,2
3,3,10,9,7,1,4,4,5,7,4,1,3,10,697.9,1,1
3,3,2,0,3,1,7,7,7,8,5,2,7,10,686.6,0,1
2,2,4,6,10,2,8,6,2,8,5,2,6,3,651.6,1,2
2,2,7,3,8,2,3,4,5,6,1,2,2,6,639.9,0,2
3,1,10,10,8,2,8,3,5,7,0,2,5,10,706.4,0,1
2,3,6,1,10,1,4,2,10,5,4,2,1,2,649.2,0,0
5,4,10,10,10,1,10,6,7,6,6,2,2,7,745.7,1,1
4,4,7,1,5,1,5,2,8,6,4,1,6,3,616.7,1,1
3,2,8,7,5,1,7,2,7,6,1,2,2,4,679.4,0,2
5,2,4,10,6,1,7,4,7,8,1,2,6,10,756.3,1,3
3,3,10,10,10,1,10,8,10,8,1,2,8,10,758.6,1,0
5,3,4,7,7,1,7,4,6,8,1,1,6,10,720.4,1,3
4,3,7,10,10,2,7,3,6,7,7,2,4,7,708.3,1,1
5,3,8,6,10,2,5,1,2,7,2,1,4,10,649.7,0,3
3,3,6,2,10,1,4,2,4,7,2,1,2,5,645.0,1,1
2,1,3,2,1,1,6,0,8,7,2,1,2,8,627.1,0,1
5,1,4,1,2,1,7,1,8,9,1,2,2,10,687.0,1,1
1,1,6,5,5,1,6,2,1,7,6,2,8,10,683.5,0,1
1,5,3,2,8,2,7,2,2,9,3,1,0,3,582.1,1,0
3,4,6,7,10,1,8,2,10,5,4,2,0,3,676.4,1,2
5,4,3,5,5,1,8,2,10,6,7,2,10,6,697.0,1,1
2,1,10,4,8,1,4,7,2,7,2,2,0,10,680.3,0,0
2,3,3,4,6,1,4,3,8,7,2,2,2,7,645.8,1,1
3,3,10,4,7,1,6,4,10,6,5,1,5,6,669.8,0,2
3,3,10,8,7,1,6,8,10,6,5,1,4,6,691.9,0,2
1,4,10,3,4,2,4,3,3,7,9,1,2,4,595.5,1,1
4,4,5,8,10,1,8,4,5,6,6,1,3,5,658.6,0,1
1,4,6,1,6,1,6,1,6,7,3,1,1,6,609.7,0,1
3,5,2,2,5,2,9,1,4,7,3,2,3,10,639.9,1,1
1,5,3,10,10,2,5,1,1,8,1,2,4,1,624.2,0,2
2,1,6,5,6,1,9,1,7,8,0,2,1,10,708.7,0,1
2,4,5,4,6,1,1,0,3,6,10,1,0,4,595.3,1,2
5,3,8,10,6,2,2,0,2,8,5,2,1,10,690.7,1,3
0,4,6,2,1,2,6,3,1,8,7,1,3,9,610.6,0,1
5,4,5,5,4,1,4,1,3,7,7,2,2,3,644.8,1,2
5,2,6,6,4,1,9,2,6,7,1,2,1,8,698.1,1,2
2,2,4,1,7,2,4,2,6,6,4,2,3,6,628.2,0,1
4,4,8,6,10,1,5,3,10,7,7,2,3,1,698.9,1,0
5,4,6,10,10,1,4,2,4,7,3,2,6,10,697.7,1,3
5,4,8,1,6,1,5,2,10,8,1,2,1,8,666.8,1,2
5,3,5,6,3,1,7,2,2,7,0,2,5,7,668.4,0,1
5,5,2,3,2,2,7,0,10,7,4,2,0,10,644.5,1,1
3,3,10,10,8,1,6,5,10,8,3,1,0,5,690.6,1,1
2,5,5,10,10,1,1,3,10,4,2,2,2,2,667.7,1,1
3,3,10,2,10,2,7,5,7,7,1,1,7,10,676.2,1,2
5,1,10,10,7,1,7,2,5,7,0,2,4,10,743.8,0,3
0,4,2,6,10,2,5,4,9,6,3,2,6,4,649.2,0,1
5,1,5,10,10,1,8,1,4,7,0,2,4,4,690.9,1,3
2,5,5,10,8,1,9,6,3,9,1,1,0,10,689.4,1,1
1,1,4,10,5,1,7,2,1,8,1,2,5,10,726.2,0,1
1,2,10,3,10,1,4,1,10,7,1,2,1,10,666.6,0,0
5,2,5,8,9,1,5,7,10,6,1,1,5,10,715.7,1,0
1,3,3,4,6,1,5,0,6,7,5,2,0,10,643.7,1,0
5,2,4,10,7,1,7,3,4,8,2,1,7,10,721.7,1,3
5,3,3,10,6,1,7,2,3,8,3,1,5,10,711.3,1,3
0,5,4,3,2,1,0,4,5,8,7,1,0,0,584.2,1,0
2,4,5,8,6,2,4,8,5,5,6,1,0,1,624.4,1,2
1,5,3,0,3,2,3,5,7,10,1,1,0,3,595.2,1,1
1,3,1,4,4,1,1,2,2,9,8,1,1,4,592.3,1,2
4,3,3,3,5,1,3,2,4,6,0,2,2,4,665.2,1,3
3,1,3,5,4,1,3,5,6,7,2,2,5,7,693.0,1,1
2,2,10,7,4,2,8,7,2,7,3,2,10,10,702.4,1,1
4,3,3,5,2,1,3,3,5,8,0,1,6,6,636.9,0,1
1,5,3,4,4,1,1,2,8,10,9,2,5,5,649.8,1,0
1,5,3,4,4,1,1,2,8,10,9,2,5,5,649.8,1,0
1,5,5,5,8,1,7,2,3,7,3,1,3,4,619.3,1,0
2,2,5,8,4,2,9,8,4,8,0,2,5,7,714.9,1,1
1,2,5,6,10,1,3,3,3,9,0,2,1,4,674.1,0,0
2,3,3,3,10,1,8,1,10,9,1,2,2,10,672.1,1,3
1,2,5,6,10,1,2,0,10,6,1,2,1,5,651.1,1,3
2,4,2,2,2,2,8,8,2,9,1,1,0,5,592.3,1,2
4,3,2,10,10,2,4,1,10,5,1,1,6,5,640.7,0,1
5,5,10,10,10,2,6,4,6,8,4,1,4,7,681.3,1,2
5,5,4,0,8,1,9,2,5,8,7,2,3,10,686.2,1,0
4,1,3,7,5,1,9,3,5,5,1,2,3,5,712.8,1,2
4,3,4,10,2,1,8,8,7,9,2,2,5,10,724.2,1,3
1,5,6,2,10,2,2,2,1,3,6,1,0,10,579.0,0,1
2,3,10,10,10,1,8,10,5,8,1,2,5,5,761.0,0,2
3,2,4,4,4,1,6,3,10,6,4,2,2,2,661.3,1,3
1,1,6,10,6,1,10,2,9,9,1,1,4,10,712.7,1,0
1,3,3,2,5,1,2,2,2,7,2,2,1,7,603.8,0,1
3,4,4,10,5,2,7,2,10,7,10,2,1,3,622.4,1,1
3,3,5,5,10,2,7,5,3,7,1,2,1,2,665.2,0,2
1,1,5,4,2,1,7,2,10,8,2,1,3,10,661.7,0,2
3,4,0,2,1,1,0,4,1,5,1,1,4,3,604.9,0,1
3,4,0,2,1,1,0,4,1,5,1,1,4,3,604.9,0,1
2,2,3,4,5,1,8,3,10,6,1,2,6,10,700.4,0,1
5,4,10,10,10,1,8,6,10,7,0,2,10,10,749.9,0,2
1,2,5,5,7,1,5,1,3,7,5,2,4,7,651.6,0,1
2,3,7,10,10,1,8,2,4,8,2,2,7,7,721.7,1,3
1,0,7,10,2,2,8,8,8,8,3,2,4,10,717.4,1,3
5,2,5,6,5,2,6,1,8,6,0,1,4,3,674.5,1,3
1,3,1,1,3,1,7,1,2,7,4,1,2,10,629.3,0,1
4,2,3,1,2,2,1,5,1,9,3,2,6,7,622.7,1,3
3,4,6,4,3,1,9,2,5,7,4,2,2,10,670.7,1,1
3,1,6,6,6,1,8,4,6,8,1,2,5,7,713.6,1,2
4,3,4,10,8,2,8,4,3,8,7,2,4,5,673.9,1,0
4,2,10,10,10,1,10,5,8,7,3,2,6,8,742.7,1,0
3,2,6,10,10,2,7,10,8,6,2,1,10,7,722.1,1,2
0,1,1,5,3,1,8,5,3,8,3,1,8,10,655.2,0,1
5,3,4,2,10,2,10,5,10,6,6,2,3,10,731.0,1,3
5,3,4,2,10,2,10,5,10,6,6,2,3,10,731.0,1,3
5,3,4,2,10,2,10,5,10,6,6,2,3,10,731.0,1,3
5,3,4,2,10,2,10,5,10,6,6,2,3,10,731.0,1,3
2,3,6,6,3,2,7,5,3,7,3,1,5,6,643.1,0,1
4,1,7,10,7,1,6,6,3,6,1,1,8,10,699.0,1,2
1,2,3,1,2,1,5,2,6,8,2,2,1,5,645.6,1,1
1,4,3,5,8,2,4,2,2,7,3,1,4,5,595.3,1,1
2,2,9,10,3,1,5,5,9,7,3,1,3,8,710.6,1,1
1,2,2,1,4,1,6,1,8,7,0,2,1,5,633.9,1,2
5,1,3,3,10,1,5,0,3,6,0,2,1,2,649.7,1,1
4,0,10,10,5,2,5,1,10,6,3,2,1,1,703.8,0,3
3,4,9,5,4,1,4,2,4,7,1,2,1,9,655.2,1,1
2,2,4,6,5,2,7,6,9,6,2,2,1,3,671.3,1,2
1,1,2,7,5,1,7,1,8,4,3,2,5,8,670.7,0,1
3,2,4,6,5,1,8,8,10,9,7,2,8,7,718.0,1,2
3,2,4,10,3,1,2,0,10,8,1,2,8,10,700.8,0,1
3,2,4,10,3,1,2,0,10,8,1,2,8,10,700.8,0,1
3,4,3,3,4,1,4,3,5,7,7,1,2,2,612.9,1,2
1,0,2,0,6,1,7,4,3,8,0,2,4,10,665.4,0,1
5,2,3,6,2,1,5,2,2,10,2,1,2,7,645.2,0,2
1,5,8,4,4,2,5,2,10,6,4,1,5,10,620.5,1,2
5,3,0,10,0,1,0,0,1,8,7,1,0,10,590.2,0,1
3,2,5,10,6,2,8,10,1,4,2,1,9,6,713.5,1,3
0,4,5,10,10,2,9,1,5,6,4,1,1,4,629.7,0,2
3,2,0,5,3,2,5,3,5,6,0,2,3,5,641.6,1,3
5,2,10,5,3,2,9,4,5,8,1,2,3,10,715.1,1,3
1,3,3,10,10,1,7,5,10,6,2,2,5,10,742.9,0,1
2,5,10,10,10,1,7,7,8,7,8,2,7,8,724.0,1,2
4,2,8,10,10,1,3,3,10,7,5,2,4,3,705.7,1,2
3,2,3,4,2,1,7,2,3,6,1,2,1,5,658.2,0,1
1,3,6,0,3,2,1,1,2,7,0,2,0,8,581.7,0,1
4,0,5,4,10,1,9,0,8,8,0,1,4,10,688.5,0,0
1,4,3,2,3,2,3,4,5,8,0,1,3,10,585.9,0,3
2,2,3,2,3,1,5,1,1,9,0,2,2,2,658.4,1,0
3,1,1,1,7,1,7,1,10,7,0,2,2,10,704.0,0,1
5,4,2,0,3,1,8,0,5,6,2,2,3,10,641.6,1,2
4,4,4,8,10,1,4,5,6,9,3,2,5,4,678.1,1,1
4,0,4,4,3,1,8,2,8,10,1,2,2,10,714.4,0,3
3,4,7,3,2,2,1,1,2,6,3,1,2,7,583.2,1,1
5,1,10,6,2,1,8,3,10,9,1,1,4,10,711.2,1,2
2,3,7,4,10,1,2,2,3,6,1,2,1,4,639.5,1,3
2,2,7,10,6,2,10,8,6,9,2,2,8,8,735.9,1,3
1,2,3,3,7,1,1,1,1,7,4,2,0,3,634.2,0,2
3,5,3,10,10,1,3,2,8,5,5,1,3,5,636.9,1,2
3,4,2,4,10,1,3,3,6,6,2,2,0,3,662.2,1,1
5,1,1,1,1,1,7,2,2,8,3,2,3,2,643.1,1,1
1,2,6,2,6,2,7,3,5,7,2,2,2,7,626.5,0,1
2,3,2,1,4,1,2,3,4,9,1,1,2,10,608.0,0,1
5,2,7,7,10,1,4,1,6,7,5,2,2,10,723.6,0,2
2,5,2,2,4,1,3,0,5,10,10,1,2,8,569.3,0,1
4,4,8,7,7,1,6,8,5,6,7,2,7,6,694.3,0,1
5,3,5,5,10,1,3,1,10,7,6,2,1,7,688.7,1,2
5,4,3,4,5,2,7,3,5,9,3,2,4,5,667.7,1,2
5,4,4,4,4,2,7,3,5,10,3,2,4,6,666.2,1,2
2,5,1,2,0,1,3,1,5,7,1,1,1,1,580.6,0,1
1,2,6,6,6,1,2,2,3,7,2,2,3,10,677.1,0,1
3,1,5,10,8,1,7,7,5,7,1,2,3,10,740.4,1,3
2,4,10,10,4,2,4,4,4,5,8,2,2,6,661.6,0,3
5,2,4,2,10,1,8,4,2,8,2,2,1,7,714.5,0,1
2,4,1,0,8,1,10,3,6,8,6,2,0,1,632.0,1,1
2,2,9,2,10,1,7,2,2,8,1,2,1,3,649.9,1,3
4,3,6,4,10,2,6,5,5,6,3,2,2,5,656.9,1,3
5,2,4,2,10,1,8,4,2,8,2,2,1,7,714.5,0,1
1,5,1,5,4,1,1,3,4,9,7,1,1,5,596.1,1,1
5,2,4,9,10,1,8,8,4,7,2,2,8,10,752.1,1,3
1,5,1,10,2,2,4,2,1,6,6,2,6,4,615.3,1,3
5,4,5,7,10,1,8,4,7,6,1,2,2,7,710.0,1,2
1,1,3,10,5,2,7,4,7,6,4,2,5,7,679.4,0,3
5,1,3,4,4,1,5,2,7,6,5,2,1,10,659.0,0,3
5,3,10,10,10,1,5,2,8,8,2,2,8,10,749.7,1,3
2,2,7,7,4,1,9,3,7,8,3,2,2,10,690.0,1,2
3,4,2,3,3,1,5,2,1,5,5,2,2,10,627.0,1,1
5,2,8,8,3,1,9,2,2,8,5,2,1,3,666.9,1,3
1,0,5,1,5,2,9,2,10,6,0,2,10,10,691.9,0,1
5,2,6,5,5,1,9,7,10,8,0,2,7,9,731.4,0,2
5,5,4,3,1,1,3,3,10,6,2,2,6,10,673.2,1,3
0,5,3,10,10,1,9,5,10,6,1,2,0,10,681.7,1,3
5,3,10,6,10,1,2,5,10,7,4,2,3,4,698.9,1,0
1,1,4,1,10,2,9,9,10,5,8,2,2,10,684.9,1,1
2,3,3,0,5,1,5,5,5,6,5,2,0,5,645.0,1,1
4,4,9,7,8,1,8,2,5,5,1,1,10,7,712.8,0,0
3,2,3,2,3,1,7,2,9,8,8,2,0,7,625.8,0,1
3,3,9,4,4,1,5,2,5,7,4,2,3,6,675.8,0,1
3,1,10,10,8,2,2,2,2,8,0,2,3,7,689.0,1,3
0,3,4,3,6,1,7,5,6,7,1,1,2,1,648.8,0,1
0,3,4,5,3,1,5,5,8,7,1,1,0,7,650.9,0,1
2,4,1,0,1,2,5,0,1,6,0,1,0,2,550.7,1,2
5,1,4,0,3,1,6,2,10,7,0,2,1,10,668.3,1,3
3,3,3,7,10,2,10,5,9,6,4,2,8,10,695.1,0,1
3,3,3,7,10,2,10,5,9,6,4,2,8,10,695.1,0,1
2,4,3,2,6,1,9,3,6,9,2,1,5,7,664.5,0,1
1,5,0,1,1,1,0,4,10,9,1,1,10,10,643.2,1,0
2,1,6,3,2,2,5,4,5,6,1,2,5,5,653.5,0,3
5,2,10,10,10,2,5,6,4,6,3,2,10,10,728.1,1,2
3,4,0,1,4,1,2,0,6,9,1,2,0,10,635.6,0,1
5,2,7,10,10,2,10,2,10,5,2,2,1,10,739.3,1,3
3,3,5,10,10,2,3,2,3,6,1,2,6,5,663.3,1,1
1,4,7,8,7,1,6,2,5,6,2,2,2,4,692.6,0,0
3,3,4,4,5,1,7,1,9,8,3,1,2,5,641.1,1,1
1,5,2,5,1,1,1,2,5,6,10,1,5,1,568.5,0,1
2,0,5,3,7,2,5,2,7,8,0,2,4,3,671.3,0,2
1,3,5,6,9,1,5,1,2,5,0,1,3,5,649.3,1,1
4,2,6,7,6,2,7,7,2,8,5,2,4,5,668.6,1,2
1,5,3,7,3,1,1,2,8,7,6,1,1,10,611.8,1,0
3,5,0,0,3,1,4,3,5,10,10,1,0,10,599.9,1,0
3,4,1,5,5,1,0,0,8,7,0,1,0,2,596.5,0,2
1,4,5,3,2,1,8,5,3,9,0,2,7,10,684.3,0,1
4,2,4,10,3,1,7,0,8,7,0,2,0,5,678.1,1,3
1,3,6,3,5,1,6,2,8,7,2,2,2,8,669.6,0,1
2,3,5,4,4,2,3,1,1,7,0,1,1,10,591.7,0,1
3,2,5,5,2,1,8,2,6,8,1,2,2,4,681.3,1,2
4,4,4,5,10,1,6,4,7,8,3,1,2,8,674.7,1,1
3,2,9,5,5,1,5,5,6,6,5,1,6,5,669.0,0,0
2,1,4,4,4,1,3,2,5,8,2,1,2,7,653.9,0,0
4,3,6,10,5,2,6,5,5,9,3,2,1,10,706.8,1,3
4,3,6,10,5,2,6,5,5,9,3,2,1,10,706.8,1,3
3,3,5,5,3,2,3,3,5,7,5,1,0,10,609.5,0,2
3,0,2,3,7,2,3,2,4,6,2,1,2,6,632.9,0,3
3,0,2,3,7,2,3,2,4,6,2,1,2,6,632.9,0,3
3,3,5,5,3,2,3,3,5,7,5,1,0,10,609.5,0,2
5,4,9,10,8,1,9,2,4,7,5,1,7,5,679.0,0,2
3,4,8,9,8,1,5,3,4,7,5,1,4,4,656.9,0,2
3,3,7,6,10,2,5,0,3,8,0,2,1,1,629.7,1,2
4,2,6,8,10,1,8,5,10,7,2,2,6,8,744.8,1,1
2,2,3,3,10,1,3,2,10,8,4,1,1,5,660.0,0,1
4,3,10,5,6,1,4,2,7,6,3,1,4,10,721.9,0,2
5,3,10,10,4,1,6,1,5,5,2,2,2,7,714.5,1,1
5,5,3,10,10,1,7,6,10,7,2,2,8,3,683.6,1,2
4,5,10,2,3,1,10,2,3,8,0,1,2,1,626.3,1,3
4,4,3,0,2,1,2,1,2,8,5,1,4,7,615.9,1,1
5,2,10,10,10,1,10,2,9,7,5,2,5,10,758.2,1,3
3,1,10,3,10,1,9,9,9,6,2,2,5,10,749.5,1,1
5,2,7,5,7,2,5,4,6,7,1,2,1,10,693.0,1,2
5,4,4,4,10,1,9,3,8,8,1,2,3,10,680.0,1,2
5,4,4,4,10,1,9,3,8,8,1,2,3,10,680.0,1,2
2,3,10,10,10,2,4,3,6,6,3,2,10,10,701.3,1,2
5,1,2,2,6,1,8,2,9,7,3,2,2,10,686.8,1,3
2,3,10,0,4,1,9,5,3,9,3,1,7,7,669.0,1,1
2,1,2,4,8,2,5,8,6,7,1,2,1,1,647.1,1,2
3,2,9,3,8,1,8,2,4,9,4,2,3,4,679.4,1,0
3,2,2,6,5,2,5,3,1,8,5,1,6,5,629.3,1,2
1,4,10,7,10,2,7,2,1,8,1,2,8,10,704.1,1,2
2,2,5,10,8,2,8,6,7,7,0,2,5,7,710.2,1,3
2,2,3,3,5,1,5,2,5,8,1,2,3,10,667.5,0,1
5,5,8,6,1,1,10,1,7,8,2,2,1,2,671.3,1,3
3,1,4,3,6,1,6,5,10,7,1,2,8,8,705.7,1,2
5,2,10,2,3,2,7,5,10,7,2,2,2,10,678.5,1,1
3,0,3,10,10,1,9,3,2,8,0,2,1,10,706.0,0,1
0,5,2,0,8,2,2,1,3,5,6,2,0,10,586.6,0,2
2,1,7,8,3,2,8,3,2,7,2,2,6,7,682.0,0,3
1,2,7,10,6,1,8,1,2,8,2,2,3,4,704.3,0,1
4,2,2,1,3,1,4,1,5,8,3,2,1,7,647.1,1,2
2,4,2,1,10,2,1,0,4,4,2,2,0,1,584.9,0,2
3,2,8,4,10,2,9,8,4,6,0,1,4,10,680.5,0,2
1,4,8,4,9,1,1,1,2,4,6,1,2,10,613.4,1,2
1,5,3,10,10,1,7,0,3,6,4,1,0,3,617.4,1,2
1,1,4,0,5,1,7,3,1,8,6,2,6,10,661.6,0,1
1,1,4,0,5,1,7,3,1,8,6,2,6,10,661.6,0,1
5,3,2,10,10,2,10,2,5,7,0,2,0,8,640.1,1,1
0,5,7,8,10,1,5,1,1,4,3,1,1,7,631.9,1,0
3,4,4,7,2,2,3,3,3,7,2,2,2,3,619.3,1,2
0,3,1,0,10,2,3,1,1,6,5,1,2,0,571.1,0,2
3,1,10,8,10,2,7,1,5,8,0,2,0,4,693.0,0,2
5,0,10,10,10,1,7,5,4,7,0,2,5,10,747.0,1,3
1,1,1,0,5,1,1,0,3,8,0,2,0,6,602.5,0,3
5,4,3,3,3,1,2,0,8,7,4,2,2,6,627.1,1,3
1,1,6,10,6,1,8,5,2,5,1,1,10,10,713.9,1,1
5,5,5,3,4,1,9,0,8,5,5,2,1,4,625.0,1,2
1,1,6,10,6,1,8,5,2,5,1,1,10,10,713.9,1,1
3,4,0,0,0,2,5,0,10,5,10,2,0,10,565.9,0,2
2,2,8,10,6,2,5,4,3,8,3,2,8,10,696.0,0,3
5,4,3,3,3,1,2,0,8,7,4,2,2,6,627.1,1,3
5,4,3,3,3,1,2,0,8,7,4,2,2,6,627.1,1,3
1,1,10,10,5,2,5,6,1,10,3,2,7,10,684.1,0,0
1,3,5,8,10,1,7,2,6,6,3,2,1,4,679.2,1,2
3,5,2,5,7,2,10,6,10,7,10,1,8,10,664.9,0,3
1,1,1,4,2,2,2,1,1,6,1,2,0,2,584.7,1,1
1,4,5,2,7,1,8,4,5,9,1,1,5,10,660.9,1,1
3,4,4,2,5,1,3,0,2,6,5,2,0,3,598.5,1,2
2,5,0,2,4,1,5,2,10,7,2,2,2,5,647.9,0,1
2,4,5,5,10,1,3,4,3,6,2,1,5,7,663.3,1,0
5,2,10,10,7,1,7,2,2,7,5,2,6,10,724.5,1,3
3,5,4,10,10,2,10,1,3,10,1,2,10,4,708.3,0,2
3,1,2,2,1,1,4,3,10,10,1,1,4,10,653.6,0,2
4,3,7,7,7,1,10,7,8,9,1,2,7,7,739.7,1,2
2,3,3,10,2,2,7,3,6,7,0,2,6,7,650.5,1,1
4,5,3,5,3,1,9,2,10,6,6,2,6,10,678.3,1,3
5,2,10,10,10,1,10,4,10,8,1,2,8,10,748.4,1,1
2,4,3,5,10,2,3,4,5,5,7,2,2,2,624.4,1,0
4,3,2,3,5,1,3,2,2,6,3,2,4,7,649.5,1,1
5,3,7,4,8,1,6,8,3,7,0,2,1,7,675.4,0,2
2,4,10,6,5,1,6,2,7,7,6,2,5,3,666.0,1,1
2,2,4,10,10,2,0,5,6,7,1,2,8,4,667.5,1,1
5,1,7,5,4,1,5,4,4,5,1,2,3,7,675.2,0,3
2,4,10,3,10,1,9,1,10,8,10,2,1,5,680.4,1,2
3,5,7,4,4,1,6,4,10,6,2,2,1,10,690.2,1,2
3,5,8,9,5,2,4,2,4,6,6,2,1,4,638.0,1,1
3,4,9,5,7,2,0,1,7,7,5,2,4,3,659.2,1,2
1,3,4,2,2,1,4,5,2,8,1,1,5,10,648.2,1,2
2,1,5,2,3,1,8,3,10,8,1,2,1,9,694.0,1,3
1,4,1,2,7,1,2,3,4,5,1,1,3,3,598.7,0,1
5,3,5,4,10,1,9,1,7,8,3,2,2,2,708.7,1,1
3,3,8,5,8,2,5,4,6,6,0,2,2,10,694.5,1,3
1,4,10,3,4,2,4,3,3,7,9,1,2,4,595.5,1,1
5,2,9,10,10,2,7,8,3,8,1,1,8,7,723.2,1,3
1,4,7,5,4,2,6,5,9,10,0,2,2,7,644.9,1,0
4,2,7,10,10,1,8,2,7,7,1,2,7,7,735.7,1,2
4,2,7,5,10,1,8,10,6,8,0,2,1,2,710.2,1,3
1,5,8,1,2,2,0,1,1,9,7,1,0,0,547.9,1,1
5,3,3,4,7,1,5,3,9,2,5,2,2,10,673.9,0,0
2,0,2,2,3,2,10,2,6,5,0,2,3,6,653.5,1,3
4,2,7,5,10,1,8,10,6,8,0,2,1,2,710.2,1,3
2,2,6,4,4,1,7,4,8,8,10,1,1,8,649.4,1,2
3,3,4,3,4,1,8,4,7,8,10,1,1,10,647.5,1,2
1,2,2,2,2,2,4,1,1,8,0,1,5,5,595.3,0,2
3,2,4,7,2,1,7,3,1,6,2,1,2,7,657.8,1,2
2,5,3,4,2,2,1,3,4,7,8,1,0,8,568.5,1,0
2,3,6,2,3,1,3,2,3,6,2,2,0,10,653.1,0,1
1,4,10,8,10,1,9,4,10,6,2,1,6,10,697.0,0,1
1,3,10,6,10,2,8,6,10,5,5,2,8,3,710.4,1,1
1,5,3,3,3,1,1,1,5,8,1,1,0,1,606.3,1,0
1,4,5,1,1,1,1,0,3,10,1,1,0,7,606.3,0,1
1,4,10,8,10,1,9,4,10,6,2,1,6,10,697.0,0,1
5,3,4,10,10,1,4,1,8,7,10,2,1,2,656.0,1,3
5,3,1,8,10,2,6,6,10,6,1,2,6,7,674.9,0,2
0,5,1,4,10,1,1,0,6,4,10,1,0,1,556.4,1,1
5,4,10,3,9,1,4,2,10,8,9,1,1,10,677.0,0,1
5,2,10,10,10,1,6,3,5,8,2,2,4,8,735.5,1,2
1,1,3,10,10,1,4,3,8,7,3,1,4,10,681.5,0,1
1,3,3,2,6,1,8,1,6,6,2,2,5,5,655.4,0,1
5,5,3,0,5,1,5,2,8,5,5,2,2,10,630.1,0,1
1,3,4,10,2,1,6,3,8,5,3,2,1,6,667.5,1,2
5,5,6,10,10,1,7,1,6,8,0,1,3,10,717.0,1,3
3,4,5,3,1,2,8,0,3,8,2,2,0,7,639.9,0,2
5,0,10,6,5,2,5,2,5,6,0,2,1,7,697.7,1,3
1,5,1,2,6,2,6,3,6,6,3,2,1,3,602.7,1,1
4,3,6,5,10,2,6,0,8,7,7,2,0,5,652.6,0,2
4,3,4,10,10,1,6,1,7,7,5,2,2,4,684.7,1,1
1,3,3,5,2,2,2,1,3,5,1,2,0,1,598.5,1,3
0,3,2,1,5,2,0,1,5,7,4,2,0,1,589.1,0,1
2,0,2,2,4,1,10,1,5,9,1,2,4,7,679.6,1,3
0,0,0,0,1,2,1,0,6,10,4,2,0,8,600.1,1,3
3,5,2,10,10,2,2,2,2,6,7,2,2,10,629.1,0,2
3,5,2,5,4,2,2,2,2,6,5,2,2,7,595.1,0,2
3,3,10,5,2,1,3,2,5,6,5,2,1,9,672.2,0,1
3,2,5,5,4,1,8,3,1,7,0,2,1,5,703.9,1,2
0,3,6,1,9,1,4,2,5,7,1,2,0,5,623.1,1,2
1,2,5,10,10,2,5,3,5,6,0,1,1,1,616.1,0,2
2,5,10,10,10,2,3,2,1,9,1,2,2,8,687.3,1,3
3,4,6,3,1,2,8,0,3,8,2,2,0,6,629.7,0,2
2,3,6,2,5,2,3,2,3,7,5,2,1,3,605.7,1,1
5,1,10,10,3,1,8,3,10,5,2,2,3,10,741.0,1,3
2,2,1,0,10,1,6,0,3,6,5,2,0,3,624.2,0,0
4,5,0,2,5,1,5,3,8,6,5,1,2,3,618.4,1,2
3,1,5,10,10,1,10,4,10,7,0,1,6,10,744.8,1,1
2,1,10,10,10,1,9,4,5,8,3,2,10,10,755.9,1,0
5,3,8,10,10,1,7,1,10,6,0,2,2,10,717.4,1,1
3,2,3,9,10,1,7,5,2,5,3,2,1,3,674.8,1,1
3,3,10,10,10,1,5,6,4,6,1,2,0,10,712.8,1,3
1,5,1,1,2,2,2,0,1,10,7,1,0,10,560.0,0,3
3,2,4,5,10,1,7,4,3,7,1,2,1,6,700.9,0,3
4,3,4,10,10,1,6,1,4,6,1,2,3,5,702.6,1,2
2,5,4,2,4,1,3,0,4,7,6,2,0,2,612.7,1,1
2,3,5,3,5,1,7,2,4,8,1,2,3,10,663.9,0,3
5,1,8,10,10,2,8,4,6,6,3,2,4,10,730.2,0,2
2,4,6,2,8,1,8,3,5,8,1,2,1,2,667.5,0,1
5,2,10,4,6,1,7,2,4,8,4,2,3,3,713.2,1,1
5,4,3,4,5,1,7,5,9,9,5,1,4,8,670.2,1,1
0,2,2,2,6,1,4,4,7,6,0,1,7,7,635.2,1,0
5,5,5,7,7,2,1,2,5,5,1,2,5,10,641.4,1,3
3,2,10,5,10,2,5,3,8,8,6,2,2,3,673.2,1,0
4,1,4,3,8,1,9,2,9,7,2,2,4,10,686.8,1,2
4,4,3,3,5,2,7,1,2,7,1,2,2,4,632.7,1,3
2,2,2,3,4,1,4,5,4,10,3,1,3,6,633.7,1,1
2,3,10,10,10,1,4,2,8,7,2,2,3,5,703.6,1,0
2,4,8,6,8,2,1,5,4,7,6,2,1,6,646.7,0,2
3,5,10,10,10,2,7,5,10,7,3,2,3,9,698.9,1,2
1,5,2,6,10,1,10,5,7,7,0,2,4,10,684.7,1,0
2,5,10,10,6,1,0,1,10,7,2,1,1,10,646.2,1,1
5,3,2,2,1,1,10,3,1,10,0,2,1,1,641.6,0,3
2,3,5,5,10,2,8,7,7,7,4,2,6,4,681.3,0,3
2,3,5,5,10,2,8,7,7,7,4,2,6,4,681.3,0,3
4,4,3,5,4,2,5,2,6,7,4,1,2,3,604.6,0,2
5,3,10,10,10,1,8,5,10,7,0,2,8,10,763.5,1,2
1,5,3,10,9,1,5,2,10,7,2,1,7,2,658.1,1,3
5,3,5,10,10,2,4,8,9,7,5,1,10,10,661.3,1,1
2,3,6,3,4,2,7,3,5,7,4,2,4,3,636.7,1,1
0,4,8,0,10,2,2,0,10,8,2,2,0,2,609.0,0,0
4,5,1,10,7,1,2,2,6,8,4,2,1,3,660.9,1,1
4,3,2,2,6,2,5,1,6,6,10,2,1,10,614.6,1,1
3,4,8,4,4,2,6,2,4,8,3,2,1,10,650.3,1,2
2,1,3,10,3,1,3,3,1,10,6,2,2,7,653.5,1,1
4,4,10,2,10,1,5,4,10,6,10,2,1,10,680.0,0,2
4,4,10,2,10,1,5,3,10,6,10,2,3,10,683.4,0,2
4,3,2,0,5,1,4,0,8,7,1,1,1,10,627.1,1,3
2,3,5,2,5,1,7,5,2,7,1,2,5,4,631.0,0,3
3,3,2,3,8,1,1,1,3,8,4,1,4,5,645.0,1,1
5,2,10,2,10,1,5,4,1,6,4,2,1,2,700.3,1,2
2,5,1,3,6,2,8,10,1,5,2,2,2,10,645.7,1,3
5,1,10,10,10,1,10,5,10,8,0,2,2,10,760.3,1,1
1,4,10,3,4,2,4,3,3,7,9,1,2,4,595.5,1,1
5,0,10,6,6,1,9,1,8,9,0,2,1,10,744.8,1,3
0,2,7,5,7,2,6,2,2,8,3,2,2,4,632.9,1,1
4,3,6,8,10,1,8,4,7,7,7,2,4,5,715.3,1,1
1,1,10,10,5,1,6,1,2,8,3,1,2,2,660.1,1,0
1,1,10,10,5,1,6,1,2,8,3,1,2,2,660.1,1,0
3,2,7,5,10,1,9,1,7,6,2,2,1,2,708.3,0,2
3,2,7,5,10,1,9,1,7,6,2,2,1,2,708.3,0,2
5,3,4,5,8,2,3,0,5,7,5,2,1,1,616.3,1,2
4,1,4,3,4,2,8,2,4,7,0,2,2,4,638.2,0,3
0,4,3,6,1,1,2,9,2,6,0,2,8,9,651.2,0,2
2,2,3,1,5,1,6,6,1,6,0,2,8,7,668.0,0,2
0,4,1,2,3,2,3,1,1,4,0,2,0,0,552.0,1,3
2,5,7,4,5,2,3,3,6,5,4,1,2,5,605.9,1,1
2,5,7,4,5,2,3,3,6,5,4,1,2,5,605.9,1,1
2,3,10,5,5,1,5,1,8,9,1,1,3,10,704.0,1,1
0,2,5,10,10,1,8,7,7,8,1,2,8,10,759.7,1,0
1,4,6,4,2,1,4,3,5,6,4,2,2,5,638.2,0,1
3,0,6,5,2,1,9,1,2,8,1,2,3,3,711.1,0,3
2,1,0,0,10,2,3,4,4,7,0,2,2,10,645.0,0,3
4,4,8,5,3,2,8,3,4,8,0,1,3,10,663.9,1,2
2,4,4,9,5,1,3,0,3,8,1,2,3,7,658.6,1,2
3,1,4,0,7,1,2,1,4,7,4,2,2,6,631.4,0,0
0,5,0,0,0,2,1,0,1,10,0,1,0,3,544.7,0,1
2,1,4,1,3,2,5,4,8,8,3,2,0,3,620.5,1,2
2,5,8,10,10,2,4,1,2,8,5,2,1,3,629.5,1,3
2,4,5,2,10,2,6,2,3,7,1,1,0,10,643.1,1,3
3,5,10,5,3,2,1,0,3,6,0,2,1,10,656.5,0,1
3,4,8,2,2,1,2,1,3,6,0,2,2,10,665.0,0,1
5,3,3,8,6,1,5,4,2,6,5,2,8,7,671.6,1,1
3,1,4,5,2,2,3,0,3,6,0,2,1,6,648.0,0,3
2,1,10,10,10,2,5,2,2,6,5,1,6,2,639.3,1,3
3,4,3,5,10,2,8,1,9,6,10,1,3,6,616.9,1,1
3,2,10,3,3,1,8,2,8,7,0,2,2,7,700.2,1,1
2,3,6,2,5,1,7,6,9,6,2,2,9,8,701.9,0,2
4,1,10,5,5,1,2,3,6,6,1,1,8,7,680.9,0,3
5,3,10,10,10,1,5,3,10,7,7,2,1,7,704.0,0,1
0,4,3,7,10,2,6,3,2,9,1,2,5,6,670.5,1,2
4,5,5,10,10,2,8,3,2,8,5,2,7,10,694.1,1,3
5,4,1,1,0,1,1,1,1,10,0,1,0,10,602.5,0,1
1,5,4,3,5,2,6,6,10,8,0,2,1,2,634.5,0,1
5,3,5,10,10,2,7,5,9,7,2,2,7,10,732.7,0,3
2,4,3,10,10,2,3,10,9,6,1,1,10,4,662.8,1,3
2,1,10,3,10,1,0,2,10,7,0,2,1,10,670.0,0,1
1,3,2,2,4,2,3,1,6,6,1,2,1,2,618.0,0,2
2,1,3,3,1,2,3,1,8,7,0,2,2,3,627.1,1,3
5,3,5,5,2,2,4,2,10,6,5,2,1,5,623.9,1,3
5,3,5,5,2,2,4,2,10,6,5,2,1,5,623.9,1,3
3,4,7,10,10,1,3,1,8,5,5,2,1,3,667.5,1,0
2,1,10,10,2,1,8,3,10,6,0,1,0,5,707.2,1,1
1,2,7,3,6,2,1,0,4,8,2,1,2,7,635.0,1,1
5,4,6,3,10,2,8,6,8,7,6,2,0,0,662.8,1,2
5,3,7,6,3,2,6,5,3,7,7,2,2,10,636.3,1,2
1,4,1,2,0,1,0,1,1,7,0,1,0,1,581.5,1,1
4,3,5,6,3,2,1,7,2,8,1,1,3,10,638.0,1,3
5,4,10,10,10,2,8,8,10,5,4,2,10,1,742.7,1,2
4,3,5,8,10,1,6,1,10,7,1,2,1,3,678.5,1,1
3,1,6,6,10,1,9,6,10,7,2,1,3,7,681.9,1,2
2,3,2,7,7,2,5,0,3,6,7,2,1,2,591.9,1,2
2,0,10,0,6,1,0,1,1,8,0,2,3,0,620.8,0,0
3,1,5,5,10,2,0,0,2,6,2,2,0,0,610.4,1,1
2,5,2,1,6,2,6,2,2,7,1,2,4,7,637.8,1,1
2,1,4,7,5,1,8,3,7,7,1,2,3,3,686.4,0,1
4,5,2,10,10,2,1,3,9,5,1,1,1,4,625.2,1,2
3,2,4,10,6,1,4,4,7,9,2,1,2,7,698.7,1,2
4,2,3,5,10,2,8,10,4,8,1,2,10,10,699.6,0,2
2,4,3,7,10,1,6,2,5,7,1,2,3,10,674.1,0,2
1,4,3,2,5,2,7,2,2,8,0,2,0,1,609.1,1,2
1,0,1,7,7,2,4,5,6,8,0,2,6,10,688.1,0,3
1,4,4,1,1,2,3,0,1,9,2,1,0,8,566.6,1,1
4,3,10,10,6,1,4,2,3,6,1,2,3,6,697.3,0,1
5,4,4,3,4,1,7,1,8,8,0,2,1,5,678.3,1,2
2,0,2,5,9,1,0,3,5,6,7,1,4,7,639.9,0,2
3,4,9,0,10,1,3,6,2,7,5,1,3,10,639.5,1,0
3,2,7,5,8,1,8,2,7,8,4,2,2,10,690.0,1,0
3,3,1,1,1,1,7,5,8,9,2,2,5,7,670.0,1,1
2,3,6,4,8,1,0,4,9,7,2,2,2,8,669.8,1,1
2,3,6,4,8,1,0,4,9,7,2,2,2,8,669.8,1,1
5,4,6,3,10,2,3,2,6,6,4,2,2,3,633.3,1,0
5,1,6,3,1,1,1,1,5,4,2,1,1,10,634.4,1,3
4,0,4,4,1,1,5,0,2,7,0,2,1,7,659.9,1,2
3,2,5,2,6,1,3,3,5,7,3,1,3,3,640.1,0,2
2,4,3,7,3,2,1,2,1,9,1,1,1,5,617.6,1,2
1,5,2,5,2,1,0,0,10,9,7,1,1,10,605.8,1,1
1,5,2,1,0,2,0,2,1,8,10,1,2,2,547.7,1,1
3,1,8,6,6,2,4,2,6,7,1,2,3,4,669.2,0,1
4,2,3,9,10,1,1,2,3,9,1,1,2,4,648.6,1,1
1,3,5,3,4,2,7,1,2,5,0,1,3,9,634.0,0,3
2,4,10,3,7,2,8,6,3,9,6,2,7,10,684.3,1,3
2,4,10,3,7,2,8,6,3,9,6,2,7,10,684.3,1,3
2,1,10,10,8,1,3,5,7,9,5,2,4,10,725.9,0,2
1,4,4,5,6,2,4,2,1,7,10,2,1,5,598.5,1,2
5,2,10,10,8,2,8,6,5,7,1,2,1,5,720.0,1,3
2,3,3,1,3,1,6,3,1,8,0,2,0,3,644.6,1,3
4,5,10,6,10,2,6,6,10,7,3,2,7,5,685.3,1,2
5,1,10,5,10,1,10,3,7,8,1,2,3,10,732.5,1,3
5,1,10,5,10,1,10,3,7,8,1,2,3,10,732.5,1,3
2,3,5,10,10,2,1,2,2,6,3,2,3,10,690.3,1,3
3,2,10,10,5,1,8,3,3,6,2,1,2,6,668.4,1,1
3,2,3,6,8,1,6,3,6,7,2,2,4,7,684.5,1,1
2,3,5,7,6,1,8,5,7,5,5,2,7,8,691.1,0,3
2,3,6,7,6,1,7,5,7,5,3,2,5,8,691.1,0,3
3,5,5,8,5,1,2,2,10,7,4,2,4,5,680.2,0,2
4,2,3,4,10,1,8,2,10,4,3,1,0,10,662.6,0,3
2,2,3,4,3,2,7,3,5,8,0,2,1,4,660.7,1,2
2,2,3,4,3,2,7,3,5,8,0,2,1,4,660.7,1,2
5,4,5,8,9,1,10,9,1,8,6,2,8,9,697.3,1,3
2,4,5,10,10,1,10,9,5,6,5,2,9,1,706.2,1,3
2,3,7,10,10,1,7,7,5,6,9,2,3,6,679.0,0,1
4,3,2,8,10,1,7,2,8,7,7,2,1,4,684.9,1,2
3,3,5,10,10,1,5,3,10,6,0,2,2,6,707.2,1,0
1,2,4,2,10,1,2,2,3,7,1,2,1,4,629.5,0,2
4,3,7,5,10,2,4,4,6,7,2,2,3,7,684.5,1,2
2,5,2,0,5,2,5,4,1,6,3,2,0,4,584.7,0,1
4,3,2,3,4,2,3,3,1,7,4,1,2,4,629.1,1,1
4,3,2,3,4,2,3,3,1,7,4,1,2,4,629.1,1,1
1,2,4,3,3,1,1,0,1,9,0,2,6,4,655.0,1,1
3,2,8,3,4,2,6,2,5,9,1,2,5,7,655.8,1,1
3,3,8,7,9,2,7,8,8,7,4,2,6,5,686.6,1,3
3,3,10,5,8,1,5,2,7,8,1,2,4,3,683.2,0,2
2,2,0,3,5,2,1,3,3,8,8,2,3,0,612.7,1,1
2,2,5,10,10,1,4,6,4,5,2,2,2,4,688.8,1,2
3,1,6,6,2,2,5,10,10,8,1,2,5,10,722.9,1,3
3,1,6,6,2,2,5,10,10,8,1,2,5,10,722.9,1,3
5,1,3,7,5,1,5,2,4,8,0,1,2,5,674.1,0,3
5,5,10,8,10,2,8,2,7,7,7,2,1,10,701.7,1,2
2,3,3,5,6,2,4,3,3,7,1,2,1,1,636.3,1,2
4,1,8,3,10,2,3,2,5,7,0,2,2,10,682.6,1,3
2,3,3,10,10,2,7,2,4,8,0,2,8,2,672.4,1,2
1,5,0,2,7,1,1,1,1,9,1,1,0,10,571.7,1,0
1,4,5,5,8,2,4,2,5,5,6,1,1,2,604.0,1,3
2,5,5,7,4,1,6,5,5,6,2,1,6,10,650.1,0,1
2,3,4,2,6,1,5,2,8,8,2,2,2,8,652.8,0,0
3,1,4,2,6,2,8,4,8,7,1,2,2,3,654.3,1,1
4,1,2,10,10,1,4,2,8,7,1,1,2,7,676.4,0,2
2,2,5,2,9,2,4,4,6,7,1,2,2,8,648.8,0,2
2,2,5,2,9,2,4,4,6,7,1,2,2,8,648.8,0,2
5,3,5,5,8,1,9,7,7,9,1,2,1,8,729.3,1,3
5,1,10,5,5,2,5,6,5,7,1,2,5,7,703.0,1,1
2,4,3,10,10,1,6,2,1,6,2,2,0,10,669.7,1,3
5,1,0,4,4,1,10,0,10,6,1,2,6,7,734.4,0,3
5,5,5,10,10,2,1,6,2,7,1,2,8,10,678.6,1,3
3,3,6,10,10,1,8,5,6,8,1,2,1,7,713.6,0,3
1,3,8,10,10,2,4,1,4,7,6,2,1,2,648.4,1,2
3,2,4,4,10,1,7,2,2,6,2,1,1,3,642.7,1,2
5,3,10,10,6,2,6,7,1,6,3,2,8,10,732.6,1,1
4,3,6,10,9,2,8,8,9,7,3,2,8,10,719.1,1,3
4,3,7,8,10,1,7,6,9,6,2,2,5,7,713.8,0,1
1,1,4,1,5,1,3,6,8,6,0,2,2,8,672.8,0,0
3,2,5,4,10,1,10,5,10,7,5,2,1,2,676.8,1,2
5,0,1,10,5,1,3,2,10,9,10,1,5,7,702.7,0,2
1,4,5,10,10,2,2,3,9,6,4,2,5,5,639.0,0,2
3,4,5,3,6,1,10,1,10,7,4,2,1,7,671.7,1,1
5,2,4,3,7,1,8,4,10,7,5,2,6,10,710.8,0,0
3,2,2,0,5,2,4,2,3,7,2,1,0,5,583.6,1,0
5,3,5,3,5,1,8,1,5,7,2,2,1,5,694.5,0,2
5,3,5,9,10,2,8,5,10,8,1,1,5,5,683.8,1,1
5,4,9,7,10,1,1,1,10,7,2,2,1,7,671.7,0,3
2,3,8,2,6,2,8,0,5,7,9,1,0,1,594.2,1,1
3,3,10,6,8,1,2,1,3,8,9,2,3,5,662.0,1,2
4,1,10,10,10,1,8,2,10,8,0,2,10,10,770.5,1,3
3,1,8,1,10,1,2,2,5,7,1,2,1,4,663.9,1,0
5,4,6,10,10,1,7,4,3,7,7,2,5,7,683.9,1,2
2,3,8,5,7,1,4,3,6,7,3,2,2,6,672.6,0,2
2,2,3,10,10,1,4,0,3,6,5,1,1,10,654.8,1,2
0,4,2,4,1,2,8,4,5,6,1,2,9,3,643.3,1,1
0,3,6,10,10,2,0,3,10,10,1,1,1,3,631.5,1,2
3,3,3,6,10,2,4,2,7,6,5,2,7,3,625.0,1,3
3,1,10,10,4,1,3,1,2,9,1,2,1,7,648.4,1,2
1,3,6,10,10,2,6,8,6,7,3,1,5,7,652.2,1,1
4,1,8,10,5,1,0,2,2,8,1,2,6,6,675.4,1,3
4,4,1,4,10,1,6,4,4,7,5,1,2,8,631.4,1,1
5,1,10,10,2,2,3,3,3,7,0,1,10,10,666.9,1,3
3,3,3,5,9,1,3,0,3,6,4,2,1,1,629.3,1,2
5,5,8,10,8,1,5,5,6,6,5,2,10,10,723.4,1,1
2,5,3,10,10,1,5,0,2,6,8,2,1,2,624.0,1,2
4,4,8,10,10,2,7,2,3,6,2,1,6,10,646.3,1,1
5,2,9,5,6,1,10,2,10,8,10,2,3,7,687.2,1,2
4,1,10,10,10,1,8,7,1,7,3,1,4,4,690.3,0,3
3,5,2,2,3,2,2,0,3,10,8,2,1,10,611.4,0,2
2,3,1,4,10,2,5,1,4,7,2,2,1,7,662.0,0,2
4,4,10,10,10,2,8,2,10,9,1,1,8,5,692.5,1,1
0,3,10,4,10,2,7,2,3,8,4,1,10,2,655.2,0,2
4,3,6,4,10,1,8,6,5,7,2,2,1,5,697.9,1,2
2,2,7,10,8,1,3,3,3,8,1,2,0,7,675.6,1,1
2,3,4,5,10,2,8,1,7,7,1,2,1,3,640.5,1,2
1,4,3,3,5,1,3,4,3,4,5,2,10,5,632.3,1,0
1,4,7,10,6,1,4,3,5,6,1,2,8,3,687.5,1,2
3,3,3,10,8,2,9,0,10,5,1,2,0,1,639.0,1,1
1,3,6,7,8,2,3,6,4,8,1,2,7,5,658.8,1,1
2,4,5,10,10,2,7,2,9,8,2,1,3,3,666.6,1,1
1,4,5,3,8,1,6,4,7,7,3,2,4,5,650.7,0,1
2,4,3,3,4,1,8,2,6,8,2,2,3,8,666.0,1,2
4,2,8,5,4,1,8,6,4,6,3,2,4,8,692.4,1,2
2,3,10,7,5,1,4,4,7,8,5,1,4,7,674.7,0,1
2,3,2,0,3,1,1,1,4,7,0,1,1,10,605.9,0,1
2,3,2,0,3,1,1,1,4,7,0,1,1,10,605.9,0,1
2,5,2,10,5,1,6,3,2,7,5,2,4,1,678.6,1,2
1,5,1,1,4,1,0,4,2,6,7,1,2,2,562.8,0,1
2,2,5,6,6,1,7,5,1,8,5,2,1,3,663.3,0,3
1,3,2,3,6,1,7,8,8,7,1,2,1,7,676.4,0,3
2,5,2,10,10,2,2,0,3,5,10,2,1,1,583.2,1,3
1,3,6,2,8,1,7,1,2,6,4,2,1,10,659.7,0,1
1,2,2,4,6,2,2,1,10,7,2,2,1,2,646.2,1,1
3,0,4,10,10,1,3,3,6,10,0,1,0,7,635.8,0,1
4,4,6,3,2,2,8,3,7,7,1,2,2,4,671.1,0,2
4,4,6,3,2,2,8,3,7,7,1,2,2,4,671.1,0,2
0,3,5,2,5,1,1,3,3,7,2,1,1,5,595.5,1,1
0,3,5,2,5,1,1,3,3,7,2,1,1,5,595.5,1,1
4,4,9,8,10,2,1,2,2,8,2,1,1,2,607.4,1,2
2,3,2,10,10,2,8,1,6,7,3,2,1,2,660.7,0,2
2,3,5,2,3,2,9,2,10,7,3,1,0,1,619.0,1,2
4,1,10,10,10,1,5,6,10,8,1,2,4,10,736.5,0,0
5,5,8,10,10,1,8,3,10,8,2,2,9,9,750.1,0,2
5,5,10,10,10,2,10,0,10,10,0,1,10,10,735.2,0,0
5,1,10,6,10,2,4,4,9,8,1,1,10,5,707.4,0,0
0,5,10,6,10,1,0,3,10,9,10,2,0,8,634.7,1,0
2,5,3,1,10,2,2,2,8,7,3,2,1,4,608.4,1,0
2,5,5,5,5,2,6,2,1,6,1,1,6,4,613.6,0,0
2,1,10,6,10,2,5,6,3,8,5,2,8,5,684.1,0,0
2,4,3,6,10,1,0,5,7,7,2,1,0,3,623.5,1,0
2,3,3,6,8,2,6,2,8,8,3,1,2,10,663.0,1,0
2,5,10,1,10,2,5,2,10,6,1,1,5,5,634.1,0,0
5,0,10,7,10,1,10,10,10,9,0,2,10,10,787.7,0,0
5,4,4,3,10,1,5,5,7,7,2,1,3,5,645.6,1,0
1,5,3,2,5,1,0,5,10,3,2,1,2,0,589.3,0,0
2,3,10,3,10,2,5,8,6,5,1,1,0,5,624.6,0,0
4,1,3,4,10,1,6,2,2,8,0,2,2,6,672.0,0,0
1,5,3,10,10,1,5,5,4,8,1,2,0,1,638.4,0,3
1,5,2,0,4,1,2,3,1,7,1,2,5,10,610.4,0,0
5,5,4,1,5,1,1,1,1,5,3,1,8,6,603.2,1,0
5,4,5,10,5,1,9,5,8,8,5,2,10,6,741.2,0,0
2,1,0,0,7,2,1,1,2,7,0,2,3,4,595.3,0,0
1,3,5,8,9,2,3,5,2,8,0,2,1,5,644.8,1,0
2,3,2,3,6,2,2,0,8,6,3,2,4,5,626.9,1,0
4,3,5,3,5,1,5,1,7,6,3,1,6,4,653.9,0,0
4,3,5,2,4,2,1,4,8,7,1,1,4,3,605.0,0,0
5,2,7,10,10,1,9,10,10,7,3,2,7,10,755.0,0,0
3,5,3,0,3,1,0,1,1,3,10,1,2,0,543.3,0,0
2,0,10,10,10,1,9,9,10,8,5,2,3,8,728.0,0,0
0,4,8,0,10,1,0,1,9,5,10,2,2,0,604.8,1,0
1,1,4,6,8,1,5,1,2,7,0,1,1,2,634.4,1,0
4,2,4,6,9,1,7,7,4,6,0,2,2,5,694.1,0,0
4,2,4,6,9,1,8,7,9,6,4,2,3,6,693.4,1,0
2,4,5,5,10,2,3,4,3,7,3,1,3,3,614.2,1,0
3,5,5,8,6,2,1,2,10,6,5,1,2,4,601.8,0,0
3,4,2,3,3,1,3,3,5,9,0,1,3,4,626.9,1,0
5,4,5,5,10,1,5,6,7,7,4,1,6,6,662.6,1,0
4,4,4,3,9,2,5,5,8,6,3,1,9,5,640.5,0,0
2,2,8,3,5,1,8,1,7,8,5,1,2,5,656.0,1,0
1,5,0,0,6,2,2,0,10,6,0,1,0,10,574.6,0,0
4,5,4,0,5,1,1,1,1,5,3,1,6,6,593.0,1,0
2,4,3,3,4,1,2,0,4,4,2,1,1,1,569.6,1,0
1,3,0,7,10,1,10,9,8,7,0,1,7,7,691.7,1,0
0,3,0,3,10,2,1,1,1,7,10,1,3,10,564.5,0,0
5,0,10,10,10,1,10,10,10,8,0,2,10,10,816.4,0,0
2,2,8,3,5,1,8,1,7,8,5,1,2,5,656.0,1,0
4,4,2,5,10,1,3,1,5,8,10,1,0,4,626.7,1,0
2,4,3,2,6,1,0,6,6,9,7,1,4,3,630.5,0,0
2,2,10,0,6,2,4,0,4,6,3,2,1,7,614.2,0,0
2,0,10,2,10,1,9,5,8,8,2,1,4,3,685.1,0,0
5,0,10,10,10,1,10,10,10,9,0,2,10,10,818.3,0,0
5,3,1,1,5,2,1,0,8,6,10,1,4,10,582.7,0,0
1,3,7,8,9,2,3,5,1,8,0,2,1,5,649.7,1,0
5,2,10,3,10,1,7,6,10,7,1,2,4,6,705.7,0,0
1,2,2,1,2,1,4,3,10,7,3,2,3,4,649.6,0,0
0,1,6,1,5,1,0,0,1,8,0,2,6,10,648.0,0,0
5,5,5,10,5,2,5,7,8,5,7,2,10,10,687.9,0,3
1,5,3,1,3,1,1,0,1,7,1,1,1,3,578.1,1,0
4,4,4,7,6,1,3,1,8,9,7,1,2,1,629.2,0,0
2,2,10,0,6,2,4,0,4,6,3,2,1,7,614.2,0,0
4,4,8,10,10,1,6,5,5,7,4,2,4,5,684.3,1,0
1,3,0,7,10,1,7,7,9,7,0,1,7,9,688.5,1,0
4,4,2,5,10,1,3,1,5,8,10,1,0,5,631.8,1,0
5,2,5,2,10,1,3,4,10,6,1,2,6,3,714.0,0,0
3,3,3,6,8,1,10,2,10,4,1,2,2,1,654.1,1,0
0,0,10,8,10,1,6,7,7,10,0,1,5,7,724.4,0,0
2,2,10,0,6,2,4,0,4,6,3,2,1,7,614.2,0,0
3,5,1,3,5,1,1,0,5,7,6,2,3,7,611.2,0,0
5,3,0,8,4,2,5,7,6,7,4,2,2,10,652.2,0,0
0,2,8,6,3,1,2,5,2,6,4,1,1,3,600.2,0,0
3,1,6,7,7,1,8,7,7,7,3,2,7,8,718.7,1,0
5,0,5,5,5,2,5,5,5,6,5,2,5,5,677.3,0,0
3,2,4,7,7,1,7,7,7,9,3,2,2,5,685.1,1,0
3,4,6,2,8,1,7,1,8,5,6,1,2,5,647.1,1,0
1,2,10,10,10,2,10,10,10,10,10,1,10,10,721.6,0,0
3,5,1,2,5,1,0,0,4,7,10,2,2,4,590.6,0,0
1,2,3,1,10,2,0,0,3,6,9,1,0,2,561.3,1,0
2,4,4,6,3,2,3,2,2,3,10,2,10,3,596.2,0,0
3,2,6,3,9,1,10,6,10,8,0,2,3,4,695.7,1,0
3,2,6,0,10,2,3,5,5,10,1,1,7,10,630.5,0,0
0,4,10,4,10,2,5,2,6,4,4,2,0,2,627.8,0,0
1,5,3,1,3,1,1,0,1,7,1,1,1,1,571.3,1,0
3,1,4,3,5,2,8,3,3,8,1,2,4,7,677.3,0,0
5,1,1,0,10,1,5,2,4,6,1,1,10,0,641.4,0,0
2,1,10,3,10,2,0,1,5,5,1,1,4,0,612.5,0,0
3,4,5,4,5,2,3,2,6,6,8,1,6,6,624.8,0,0
3,3,8,5,10,1,0,2,5,6,0,1,2,5,639.9,0,0
3,5,1,2,4,1,0,0,4,6,10,1,2,3,566.6,0,0
3,0,10,2,8,1,5,2,4,7,0,2,4,7,682.4,0,0
5,3,10,2,10,1,4,5,10,7,2,2,8,10,719.3,0,0
2,1,3,2,6,2,6,1,8,4,2,2,4,7,629.9,1,0
1,2,7,3,10,1,1,4,1,8,1,1,10,4,631.0,0,0
3,4,6,10,4,1,5,0,8,7,0,2,0,4,659.4,1,0
2,3,8,5,10,1,5,4,10,9,2,1,4,3,638.1,0,0
0,2,5,2,0,1,8,0,2,1,7,1,9,5,606.0,0,0
5,4,10,10,10,2,5,3,2,8,3,2,2,7,694.1,0,3
5,5,10,5,7,1,3,3,7,8,0,1,4,10,698.5,0,0
2,0,10,10,10,1,6,10,10,8,2,2,7,8,738.2,0,0
3,3,4,10,10,2,8,2,10,8,1,2,2,4,705.9,0,3
2,3,10,10,10,1,10,4,7,7,4,2,3,5,722.1,0,0
2,3,6,3,7,2,3,1,10,8,3,1,5,2,627.7,1,0
3,3,6,8,10,1,8,5,8,7,4,2,2,5,725.7,0,0
1,2,3,1,10,2,1,0,3,7,8,1,0,1,564.9,1,0
1,4,10,3,10,1,5,3,7,8,10,1,1,4,630.5,1,0
0,1,5,1,5,1,0,0,1,8,0,2,5,10,644.6,0,0
3,5,7,5,10,2,5,4,7,9,5,2,8,0,654.5,0,0
1,2,10,0,10,1,8,1,2,7,1,2,3,5,665.0,0,0
3,1,10,4,10,1,9,5,10,10,4,2,5,10,740.3,0,0
2,4,8,10,10,2,5,2,1,6,2,2,1,2,642.5,1,2
1,1,10,0,4,2,0,3,3,3,4,1,8,1,598.1,0,0
5,1,4,3,10,1,6,1,10,7,2,1,2,10,687.0,1,0
1,1,5,3,10,1,0,7,6,7,5,1,7,4,645.4,1,0
0,0,7,0,0,1,0,0,1,1,0,2,0,0,576.9,1,3
1,1,5,1,3,1,4,2,3,8,5,1,5,2,614.4,1,0
1,5,4,4,10,2,1,2,10,5,10,1,3,2,606.7,1,0
3,2,5,2,10,2,5,3,1,7,2,1,3,3,637.6,0,0
5,1,4,3,10,1,6,1,10,7,2,1,2,10,687.0,1,0
2,1,10,3,10,2,0,1,5,5,1,1,4,0,612.5,0,0
5,5,3,2,2,1,0,1,3,3,10,1,1,1,555.6,0,0
5,5,10,5,10,1,0,3,8,8,0,1,6,10,714.0,0,0
4,2,10,7,10,1,6,7,10,7,0,1,5,7,724.4,0,0
2,4,8,6,10,2,4,1,3,7,0,2,7,3,617.6,0,3
3,1,3,2,2,2,8,5,8,4,3,2,5,8,638.4,0,0
1,1,4,3,4,1,4,3,3,8,3,1,5,2,631.4,1,0
2,1,4,2,4,1,0,0,6,7,1,2,2,2,616.5,1,0
2,5,4,2,5,1,0,2,5,5,10,1,0,10,598.9,1,0
3,4,8,10,10,2,5,3,5,7,10,2,7,10,670.7,0,0
5,2,6,10,10,1,7,4,9,8,6,2,3,5,724.4,1,0
3,5,10,4,6,2,0,5,6,9,5,2,8,0,632.2,0,0
3,2,10,7,10,1,5,7,2,8,2,1,8,7,697.5,1,0
5,3,10,4,5,1,5,4,4,8,3,2,4,7,696.2,1,0
2,1,10,3,10,2,0,1,5,5,1,1,4,0,612.5,0,0
2,3,8,3,10,1,2,1,8,9,1,1,3,4,636.0,0,0
0,5,0,0,0,2,0,0,1,1,10,1,0,0,480.0,0,0
2,3,5,3,10,1,3,2,4,6,3,1,3,2,612.5,1,0
4,3,6,8,10,1,3,3,7,8,8,2,7,8,688.3,1,0
1,3,4,3,10,2,8,3,4,5,0,2,0,2,654.8,0,1
5,4,6,3,10,1,0,2,7,8,10,2,3,5,642.4,1,0
2,5,3,1,6,1,0,3,7,6,10,1,7,10,599.5,1,0
1,0,4,2,1,1,0,8,1,8,0,1,0,2,629.3,1,1
2,5,10,2,7,2,4,2,5,9,6,1,1,10,618.4,0,1
5,3,3,2,5,1,4,3,2,8,0,2,6,3,634.6,0,0
5,2,3,6,1,1,7,3,4,6,2,1,1,8,655.0,1,1
5,1,10,5,10,1,8,4,10,8,1,2,8,5,733.1,0,1
3,4,4,2,6,1,5,7,6,7,1,2,6,5,659.0,1,1
0,3,4,10,10,1,1,0,7,6,5,1,0,5,626.7,1,1
0,3,4,10,10,1,1,0,7,6,5,1,0,5,626.7,1,1
1,3,1,10,3,2,8,1,4,8,0,2,2,3,636.7,0,3
4,5,3,2,4,1,0,0,10,5,10,1,0,2,571.0,0,0
0,0,0,0,0,2,0,0,1,1,0,1,0,0,531.0,0,0
1,5,2,2,2,1,0,1,3,6,4,1,3,6,585.1,1,0
1,2,6,6,10,1,6,2,10,8,1,2,6,5,705.9,1,1
2,5,4,2,5,1,0,4,10,8,1,2,6,1,634.5,0,0
3,4,9,8,9,2,7,7,9,6,6,2,7,7,693.4,1,2
4,4,4,8,2,2,5,1,1,6,10,2,0,0,603.4,1,1
2,3,4,2,3,1,7,4,6,6,4,1,4,3,653.7,1,1
5,5,10,10,10,1,8,1,5,7,1,2,0,1,709.8,1,2
2,3,10,2,6,1,5,2,4,6,1,2,0,3,639.7,0,3
5,5,10,10,10,1,8,1,5,7,1,2,0,1,709.8,1,2
3,1,7,6,9,2,8,8,6,8,2,2,3,6,711.9,1,1
2,3,5,5,4,1,7,6,4,5,2,2,3,1,665.0,1,1
4,1,10,6,6,1,9,5,9,7,0,2,2,6,741.2,1,1
3,3,10,5,10,1,7,4,10,7,7,2,10,10,736.3,1,1
5,5,5,2,5,1,4,1,10,6,1,1,2,8,640.9,1,1
5,3,4,7,10,1,4,5,9,6,2,2,1,3,679.8,1,1
5,2,8,10,4,2,6,10,8,6,1,2,8,7,747.6,1,1
2,3,5,10,7,2,7,4,2,6,0,2,0,7,686.9,1,3
5,3,4,6,4,2,2,3,9,7,6,2,3,8,663.0,1,2
5,3,3,10,10,2,7,4,5,7,3,2,1,10,648.6,1,3
3,2,5,3,2,1,7,1,5,9,2,2,3,10,703.4,1,1
5,3,8,9,10,1,7,3,10,9,4,2,5,6,726.5,1,0
3,2,5,3,2,1,7,1,5,9,2,2,3,10,703.4,1,1
3,2,5,3,2,1,7,1,5,9,2,2,3,10,703.4,1,1
3,3,1,6,4,1,2,1,5,5,1,2,2,9,627.8,0,3
5,4,10,10,5,1,5,1,7,7,3,1,3,10,701.7,0,2
3,3,10,10,10,2,8,4,10,7,2,2,7,7,705.7,1,2
2,3,4,3,6,1,7,0,2,7,2,2,1,3,619.1,1,1
2,3,4,3,6,1,7,0,2,7,2,2,1,3,619.1,1,1
2,4,3,4,1,1,5,1,4,6,2,1,0,7,604.0,0,2
4,2,4,8,5,2,9,5,10,7,5,2,7,5,692.1,1,3
3,4,7,2,2,1,8,2,2,6,1,2,8,10,673.3,0,3
3,3,4,1,5,2,7,1,9,7,1,1,3,3,632.4,0,2
3,3,4,1,8,2,7,1,9,8,1,1,8,3,653.0,0,1
3,1,4,1,9,2,9,1,8,8,0,1,10,3,674.9,0,1
4,4,0,1,5,1,6,0,9,8,6,1,0,3,581.6,0,0
5,5,4,2,5,1,10,0,5,8,1,2,1,3,655.6,1,2
3,4,2,6,10,2,3,3,5,8,2,2,2,10,645.4,0,1
2,0,3,1,6,1,7,3,4,6,5,2,8,3,661.8,0,1
2,3,4,4,5,1,7,1,2,7,3,1,1,8,641.2,1,1
5,2,6,2,6,2,3,3,1,7,5,1,5,10,641.0,1,1
2,2,1,2,4,1,1,2,2,10,0,2,0,10,638.4,0,0
3,3,1,5,10,2,7,6,7,8,2,2,2,5,657.7,0,1
2,5,4,4,3,1,0,1,5,6,1,2,0,4,622.9,0,0
2,5,4,4,3,1,0,1,5,6,1,2,0,4,622.9,0,0
2,5,4,4,3,1,0,1,5,6,1,2,0,4,622.9,0,0
1,2,7,2,6,1,8,8,3,6,4,2,2,5,666.7,0,1
5,4,10,10,6,1,7,6,5,7,1,2,7,10,730.2,1,1
5,4,10,10,6,1,7,6,5,7,1,2,7,10,730.2,1,1
5,2,10,10,10,1,6,1,6,7,4,2,7,7,723.6,1,2
1,3,6,10,8,1,10,0,5,6,10,2,5,2,663.7,1,2
4,1,10,10,10,1,8,8,4,7,2,2,8,7,760.6,0,2
2,4,6,7,10,1,6,3,6,7,4,1,2,1,647.1,1,0
1,4,6,10,10,2,7,5,8,5,2,2,3,10,701.5,1,1
1,0,2,0,10,2,5,2,2,10,1,2,0,7,611.2,0,1
1,0,2,0,10,2,5,2,2,10,1,2,0,7,611.2,0,1
2,1,7,5,10,2,5,2,5,7,1,1,2,6,653.7,0,1
2,5,5,10,10,2,7,1,7,7,0,1,2,3,655.8,1,1
5,3,5,10,7,1,8,1,10,8,0,2,2,10,741.6,0,3
3,2,7,3,7,1,6,2,3,6,5,2,6,4,676.9,0,1
3,4,8,10,10,1,6,4,7,7,6,1,1,10,711.9,1,1
2,1,8,3,6,2,10,6,4,6,3,2,3,10,677.1,1,1
4,1,9,8,5,2,8,4,6,7,0,2,2,5,704.9,1,3
3,4,8,10,10,1,6,4,7,7,6,1,1,10,711.9,1,1
1,3,4,6,10,2,5,2,1,6,3,2,1,3,610.2,1,2
1,4,3,1,7,1,2,1,1,9,3,2,0,5,610.8,1,1
3,3,4,3,1,2,3,0,3,6,4,1,2,4,585.1,0,2
1,2,10,5,4,1,8,2,1,7,1,2,0,2,654.6,1,1
3,4,10,5,5,2,4,1,10,5,4,2,1,5,664.5,1,3
1,4,6,6,10,1,10,2,10,4,4,2,2,10,669.4,1,1
4,2,2,4,10,2,7,2,7,7,2,2,8,3,671.1,0,3
3,2,3,6,3,2,0,2,3,8,2,2,1,7,622.9,1,0
4,4,5,5,4,1,7,7,1,9,2,2,6,6,680.5,1,2
2,4,1,10,10,2,5,0,4,7,4,1,0,10,648.4,1,1
1,3,5,1,7,1,3,2,7,6,2,1,1,10,611.4,1,1
1,4,3,10,2,1,3,1,9,6,10,1,2,4,606.7,0,1
3,2,3,6,3,2,0,2,3,8,2,2,1,7,622.9,1,0
3,2,3,6,3,2,0,2,3,8,2,2,1,7,622.9,1,0
1,4,7,8,10,1,5,1,8,7,4,1,0,1,615.2,1,1
4,2,6,5,5,1,7,1,4,7,1,2,1,10,677.3,1,1
2,4,6,3,4,1,3,2,8,8,2,1,2,10,623.9,0,1
3,5,10,5,10,2,7,4,9,6,5,1,3,10,686.6,1,1
2,2,10,10,6,2,8,3,7,7,8,1,10,10,688.1,1,1
0,5,7,5,5,2,8,6,4,8,5,2,3,2,633.3,1,1
0,5,7,6,6,2,8,4,4,8,5,2,1,1,623.1,1,1
3,2,3,4,4,1,8,1,6,8,1,2,1,7,691.5,1,1
2,3,5,3,4,2,2,4,4,8,2,2,3,3,618.0,1,1
5,0,6,0,6,1,6,5,4,7,0,2,4,3,692.6,0,1
1,4,5,10,9,1,7,1,2,8,0,2,6,5,685.6,1,3
3,5,4,10,5,1,5,1,2,9,10,1,0,5,619.5,1,1
1,0,10,10,8,1,3,3,6,6,10,2,0,0,674.1,1,1
1,1,3,10,10,1,4,5,2,8,5,2,4,9,695.8,1,1
2,5,4,3,10,2,8,2,9,6,3,1,1,8,625.4,1,2
3,5,4,10,5,1,5,1,2,9,10,1,0,5,619.5,1,1
5,4,6,7,5,1,10,2,10,8,3,2,2,10,665.1,1,2
4,2,5,8,7,2,7,3,4,5,1,1,7,10,663.3,0,2
2,1,6,2,3,1,4,2,5,9,5,1,0,5,635.4,1,1
5,3,3,6,5,1,4,2,9,7,3,1,10,8,647.7,0,1
1,3,5,4,9,2,6,1,2,6,1,1,3,10,644.4,0,1
3,5,10,10,10,2,7,2,3,8,1,2,1,5,643.3,1,1
2,2,10,5,10,2,0,3,10,8,1,2,5,10,700.8,1,0
4,1,10,8,5,1,9,8,9,7,0,2,7,10,759.9,0,3
3,1,4,3,2,1,3,1,2,6,1,2,1,1,635.9,0,3
2,4,2,5,3,1,1,1,4,6,0,1,8,3,619.3,1,1
2,4,2,5,3,1,1,1,4,6,0,1,8,3,619.3,1,1
2,4,2,5,3,1,1,1,4,6,0,1,8,3,619.3,1,1
2,4,6,3,10,2,8,5,4,7,3,1,2,10,660.3,0,1
4,3,7,9,5,1,8,5,6,7,1,1,3,6,674.3,1,0
5,2,10,10,6,2,2,2,3,6,0,2,2,4,668.4,1,3
1,5,1,1,2,2,3,1,7,4,2,1,0,0,539.6,1,3
1,1,1,3,1,2,5,1,4,8,2,2,2,10,624.8,0,3
4,4,1,10,10,2,3,2,3,7,7,1,9,6,632.9,0,3
2,3,4,5,6,1,3,5,1,7,2,2,3,4,649.5,0,1
1,2,3,10,6,2,0,3,1,7,3,2,3,4,617.2,1,1
1,2,3,10,6,2,0,3,1,7,3,2,3,4,617.2,1,1
5,3,5,10,1,1,4,3,2,8,1,2,4,6,695.8,1,3
3,3,0,5,10,1,3,3,6,9,10,2,1,4,645.8,1,0
1,3,6,5,10,2,4,8,3,7,0,2,2,4,641.4,0,1
3,5,8,10,10,2,8,5,5,7,1,2,3,5,721.7,1,3
2,3,4,5,3,1,5,4,5,6,2,2,2,7,653.5,1,2
3,0,10,10,10,1,7,5,9,6,1,1,7,10,749.5,0,0
5,3,6,10,6,1,9,3,10,5,0,2,3,10,724.0,1,3
1,0,6,8,10,2,10,8,5,8,0,2,7,10,728.7,1,2
5,0,2,2,2,1,8,7,10,7,1,2,10,10,717.6,0,1
3,2,3,5,7,1,8,2,5,7,3,2,1,5,657.1,0,1
3,3,8,10,5,2,5,3,5,8,5,2,1,5,662.4,0,3
5,5,0,2,2,1,5,0,1,8,10,1,0,10,595.3,1,1
5,5,1,2,2,1,5,0,1,8,10,1,3,10,598.7,1,1
1,2,10,3,10,1,10,2,2,6,0,2,5,3,695.4,0,0
1,0,10,5,10,1,10,0,2,7,0,2,5,3,712.6,0,0
4,5,4,5,10,1,7,1,5,4,5,2,1,0,632.7,1,1
4,5,4,5,10,1,7,1,5,4,5,2,1,0,632.7,1,1
5,1,3,0,2,1,7,4,5,8,3,2,4,7,669.2,0,2
4,2,3,10,10,2,7,3,7,7,5,2,4,7,698.3,1,2
4,3,3,5,4,2,5,1,2,7,3,1,1,7,642.9,1,3
4,3,3,5,4,2,5,1,2,7,3,1,1,7,642.9,1,3
4,3,3,5,4,2,5,1,2,7,3,1,1,7,642.9,1,3
4,3,3,5,4,2,5,1,2,7,3,1,1,7,642.9,1,3
2,4,2,2,6,1,3,0,8,7,0,2,0,7,633.9,1,2
3,1,2,1,3,1,9,3,3,8,1,2,6,10,685.8,1,2
2,4,6,6,3,1,7,0,2,7,2,2,1,4,634.4,1,3
2,1,7,10,6,1,10,8,2,7,3,1,4,8,705.8,0,3
2,1,7,10,6,1,10,8,2,7,3,1,4,8,705.8,0,3
2,2,3,0,2,1,0,3,3,7,2,2,0,1,604.0,0,0
1,2,10,7,10,1,9,1,2,8,3,2,2,4,700.9,1,1
1,2,10,8,10,2,8,1,7,7,1,2,1,7,689.8,0,2
3,3,4,5,6,2,2,0,1,8,1,1,0,9,634.4,1,1
0,3,10,5,3,2,7,3,3,5,2,2,3,5,646.1,1,1
3,2,10,10,10,1,7,6,2,8,1,1,8,10,728.1,1,3
4,2,4,4,4,1,3,0,3,7,4,2,1,3,660.1,1,2
2,4,7,6,4,2,5,0,4,10,0,1,1,1,635.4,1,2
4,0,10,0,2,1,0,2,1,8,0,1,3,9,641.2,0,1
3,2,5,1,5,1,8,1,1,6,3,1,0,10,625.5,1,2
2,4,2,2,6,1,3,0,8,7,0,2,0,7,633.9,1,2
4,2,6,10,5,1,7,4,9,7,2,1,6,10,731.0,0,3
1,5,1,1,2,1,3,3,1,8,0,1,0,10,614.0,0,0
2,2,8,7,8,2,5,6,3,8,2,2,5,5,687.5,0,2
1,5,1,1,2,1,3,3,1,8,0,1,0,10,614.0,0,0
1,4,4,1,5,1,6,3,10,6,2,2,2,3,686.8,1,2
2,2,4,0,3,2,1,1,1,6,2,2,0,1,569.4,1,3
3,1,5,2,10,2,8,5,10,6,1,2,5,5,671.5,0,3
5,3,9,6,10,1,7,2,8,7,2,2,2,2,701.9,1,2
5,3,4,10,10,1,5,1,10,7,2,2,6,5,670.0,0,1
0,3,2,2,10,2,2,1,9,5,10,2,1,1,592.9,0,2
0,3,1,1,10,2,2,1,9,5,10,2,1,1,587.8,0,2
5,0,10,1,4,1,10,3,10,8,0,2,0,10,712.7,0,0
3,3,6,10,5,2,10,3,3,5,2,1,3,7,683.5,1,2
4,1,7,1,10,1,1,1,8,7,5,2,1,6,661.1,0,1
3,4,3,2,7,1,6,2,5,7,2,1,1,6,624.8,1,1
5,1,4,10,10,2,4,6,6,7,3,2,7,8,723.6,1,3
1,3,3,1,7,1,3,1,10,6,6,2,1,5,659.6,0,1
2,3,10,10,10,1,2,4,4,5,2,1,8,6,656.5,1,1
5,1,5,6,10,2,2,3,10,6,3,2,1,4,669.8,0,3
5,3,4,3,8,1,5,1,3,6,0,2,3,3,648.0,1,1
4,1,10,3,10,1,5,3,4,9,1,2,2,10,703.2,1,0
5,2,10,10,10,1,4,2,8,9,3,2,2,10,731.2,1,0
1,1,0,1,1,2,5,2,10,6,1,1,1,5,622.2,0,3
3,4,10,4,10,2,9,4,7,8,6,1,5,3,664.5,1,1
3,2,3,2,3,2,3,0,3,7,1,2,1,4,615.9,1,1
1,5,2,1,7,2,1,0,1,8,5,1,0,1,557.9,1,1
2,0,6,4,2,1,3,1,1,9,3,2,3,10,683.9,1,3
3,4,3,2,7,1,6,2,5,7,2,1,1,6,624.8,1,1
5,3,6,4,9,1,5,6,6,7,4,2,5,5,684.5,0,0
5,3,10,10,8,1,9,4,6,8,0,2,8,10,771.4,1,1
3,5,5,3,2,1,2,1,10,6,9,1,3,2,601.8,1,0
2,3,10,6,10,1,5,10,10,6,1,2,2,6,714.0,0,2
5,1,7,1,10,1,3,6,6,7,2,1,6,4,667.5,1,0
3,2,7,3,10,1,10,6,10,7,0,2,10,4,717.6,1,0
2,3,10,7,10,1,4,2,6,7,5,2,3,4,672.6,1,0
2,1,6,7,4,1,10,5,9,8,0,1,4,10,712.5,1,0
3,2,8,10,4,1,8,2,9,8,2,1,10,10,726.1,0,0
2,3,6,10,6,1,8,6,6,9,0,2,9,7,718.9,1,0
2,3,6,10,6,1,8,6,6,9,0,2,9,7,718.9,1,0
1,5,5,3,10,2,0,3,2,5,2,2,2,2,620.4,1,2
2,5,2,1,10,2,5,2,5,6,2,1,1,5,597.4,1,2
3,3,3,4,6,2,9,4,7,7,1,2,8,4,674.5,1,1
2,2,4,5,6,2,7,7,7,7,3,2,3,6,705.1,1,0
3,3,10,6,9,1,9,5,6,7,4,2,4,8,710.0,1,0
2,4,5,5,8,2,2,1,8,8,2,1,0,5,634.1,1,0
4,3,10,8,8,2,9,5,6,8,0,1,1,10,689.8,1,1
1,4,6,3,3,1,7,1,5,7,7,1,2,7,607.8,1,0
2,1,5,8,10,2,9,8,10,8,1,2,6,10,741.6,0,2
4,1,7,4,7,1,9,2,9,9,1,1,2,10,697.4,1,1
2,4,1,2,5,1,4,0,10,10,2,2,1,10,643.4,1,1
2,5,1,0,10,1,2,3,1,6,4,1,0,4,610.2,0,2
2,5,1,0,10,1,2,3,1,6,4,1,0,4,610.2,0,2
0,5,10,7,10,2,2,2,10,5,8,1,0,4,598.2,1,1
2,3,8,3,5,1,7,3,10,7,3,2,3,6,680.2,0,0
4,1,9,2,8,1,2,3,2,6,5,2,1,2,639.3,1,2
4,1,4,10,10,1,9,4,5,8,1,2,8,7,750.8,1,3
2,5,1,0,6,1,0,0,1,8,10,1,0,10,557.9,1,1
5,4,5,1,5,1,7,5,3,7,2,2,1,1,627.8,0,3
2,3,8,0,2,1,3,1,10,7,8,1,1,3,625.8,0,2
0,4,4,6,3,2,3,5,3,9,2,2,3,9,667.3,1,2
4,5,10,10,10,2,8,5,7,7,10,2,4,8,698.3,0,1
5,2,5,10,4,2,5,3,10,7,3,2,5,10,700.6,0,3
3,1,8,10,7,1,10,6,4,8,2,2,8,8,750.6,1,2
1,4,3,3,2,2,0,2,2,6,10,1,1,2,537.3,0,1
2,2,4,0,7,1,4,2,10,7,3,1,2,7,647.9,1,0
2,3,5,10,6,1,10,2,8,7,3,2,1,4,695.1,1,1
2,3,5,10,6,1,10,2,8,7,3,2,1,4,695.1,1,1
2,5,5,10,3,1,1,1,5,6,1,2,2,7,656.9,1,2
2,5,3,1,7,2,4,4,3,5,3,1,2,3,603.6,1,0
3,4,4,5,6,2,6,2,1,5,8,1,2,4,616.8,1,1
3,5,3,3,8,2,5,1,3,5,7,2,1,6,603.6,1,3
1,5,4,5,2,1,0,0,5,9,0,1,1,3,592.9,0,2
1,5,1,10,10,1,4,5,10,8,1,1,4,8,636.2,0,2
1,1,4,2,7,1,1,2,5,9,2,2,1,2,642.2,1,2
3,3,5,10,10,1,8,3,10,7,3,2,5,7,732.9,1,1
2,2,4,5,8,2,7,4,5,7,2,2,8,8,691.1,0,3
5,2,4,5,3,2,10,4,8,8,0,2,5,10,714.0,1,3
1,5,3,3,5,2,8,1,7,7,5,1,2,2,589.5,1,1
4,2,5,10,10,2,8,3,5,5,2,2,10,3,692.4,1,1
2,2,7,5,9,1,8,10,10,5,5,1,6,7,671.3,0,1
1,3,8,6,9,1,8,4,2,7,1,2,0,3,683.7,0,1
3,2,3,6,8,1,5,3,5,8,0,2,4,2,704.9,1,2
2,2,5,2,1,2,3,1,4,7,0,1,1,4,614.4,1,1
3,4,5,10,10,2,10,4,10,7,3,2,3,5,709.1,1,1
2,3,4,4,2,1,7,2,4,7,1,2,1,1,648.4,1,1
2,3,3,10,10,2,8,10,6,6,7,2,8,4,670.7,0,1
1,3,2,4,5,1,9,3,6,8,1,1,5,7,659.2,0,0
4,2,4,4,4,2,3,0,2,7,2,2,3,6,612.3,0,1
2,4,7,10,5,1,6,1,8,7,2,2,4,7,688.3,1,1
2,2,5,4,4,1,4,3,1,5,3,2,6,3,640.6,1,2
1,3,9,5,3,2,7,2,3,8,4,1,1,5,602.5,1,1
0,3,4,10,10,1,8,4,1,6,0,1,4,0,644.2,1,2
0,3,4,10,10,1,8,4,1,6,0,1,4,0,644.2,1,2
4,1,5,7,10,1,5,6,2,6,3,2,2,5,692.0,0,1
3,3,6,5,2,1,9,6,5,7,1,2,3,4,672.4,1,1
3,4,7,5,5,1,8,3,5,7,3,1,4,6,640.1,1,1
1,4,8,4,10,1,8,8,10,10,1,1,10,3,711.4,1,1
2,2,5,3,5,1,6,8,4,8,3,1,2,5,631.6,0,1
5,1,1,4,4,1,3,3,6,7,1,2,3,3,667.5,1,0
5,5,4,10,10,1,3,1,10,7,1,2,0,10,707.4,0,2
4,3,5,4,10,1,8,2,9,6,1,1,2,6,667.9,1,1
5,3,8,10,10,2,8,6,5,8,3,2,8,8,735.5,1,3
2,2,10,10,10,2,7,5,2,8,1,2,2,5,675.4,1,0
5,3,8,4,10,1,5,10,10,6,1,1,5,5,685.1,1,1
2,4,6,1,5,2,7,1,7,6,7,1,3,4,611.4,1,1
0,2,8,3,4,2,2,3,3,6,0,2,1,10,648.0,1,0
3,3,3,6,10,1,8,4,8,9,1,2,5,6,695.5,1,1
1,4,10,1,10,1,6,3,5,6,1,2,8,7,675.6,0,0
2,2,6,10,10,1,8,7,3,8,4,1,6,8,709.6,1,0
1,2,10,3,10,1,10,10,10,7,0,2,3,10,712.5,1,1
2,1,9,6,8,1,8,8,10,7,1,2,8,4,721.0,0,0
1,1,9,6,6,1,7,8,10,7,1,2,8,6,726.1,0,0
2,2,5,6,5,1,5,5,5,8,4,1,3,4,659.0,1,1
1,1,9,6,6,1,7,8,10,7,1,2,8,6,726.1,0,0
5,1,7,9,8,2,8,4,9,6,3,2,5,7,705.3,1,0
2,5,7,4,10,2,4,1,10,7,10,2,2,5,658.1,1,1
4,5,6,10,10,2,5,2,8,8,8,2,2,10,698.7,1,2
3,3,4,2,6,2,4,2,2,6,4,1,2,5,610.4,1,1
2,3,3,1,10,1,3,1,2,8,3,1,1,7,638.0,1,0
3,4,3,4,6,2,5,3,9,5,3,1,1,7,626.9,1,1
0,5,10,9,2,2,7,7,1,7,2,1,10,10,629.1,0,1
3,4,3,5,10,2,10,7,5,6,3,2,4,10,687.5,1,1
5,0,10,10,10,1,10,10,10,7,0,2,10,10,814.5,0,2
5,1,7,5,10,2,7,1,5,7,1,2,6,10,706.4,0,1
2,5,3,1,6,2,4,2,5,8,8,2,1,6,589.3,0,2
1,3,1,6,2,2,0,0,2,7,3,2,0,7,597.0,0,0
5,1,7,5,10,2,7,1,5,7,1,2,6,10,706.4,0,1
4,1,6,3,5,1,7,2,10,8,0,2,1,8,692.3,0,1
3,5,7,10,7,2,4,10,6,6,0,2,6,9,682.6,1,0
2,1,1,0,10,1,7,2,5,6,1,1,0,10,655.2,0,0
1,3,1,0,2,1,1,4,3,7,4,1,0,8,593.8,0,0
2,2,7,5,4,2,4,8,1,7,1,2,8,5,661.4,0,3
5,3,5,5,4,1,7,2,2,7,1,2,5,5,685.4,1,1
3,2,6,4,7,1,6,5,7,8,0,2,7,10,715.5,0,1
3,2,6,4,7,1,6,5,7,8,0,2,7,10,715.5,0,1
3,2,6,4,7,1,6,5,7,8,0,2,7,10,715.5,0,1
3,2,6,4,7,1,6,5,7,8,0,2,7,10,715.5,0,1
5,1,10,10,5,1,8,1,6,7,1,2,4,10,721.9,1,2
4,4,9,5,5,1,9,0,6,9,2,1,1,4,652.6,1,2
5,3,10,3,3,1,5,2,5,6,2,2,1,7,675.6,1,3
2,2,5,3,4,1,5,2,5,10,3,1,3,6,625.4,0,1
2,2,7,4,7,2,6,4,2,7,0,1,5,4,620.8,0,0
1,2,3,1,5,2,3,1,2,6,0,2,1,10,617.2,1,3
4,2,4,4,10,1,8,2,10,6,1,2,1,6,703.8,0,1
3,3,4,7,10,2,3,5,10,7,1,1,3,9,634.3,0,1
1,3,3,7,8,2,3,4,5,8,1,2,10,3,652.2,0,2
3,3,5,6,10,2,7,5,1,7,1,2,7,8,646.1,1,3
3,2,10,10,10,1,5,8,10,7,2,1,8,5,698.9,1,1
5,3,8,5,3,1,6,3,8,8,2,2,2,6,697.0,1,2
5,3,10,1,10,1,7,3,6,7,3,2,2,6,684.5,1,0
2,3,7,7,10,1,9,6,7,6,5,2,5,5,728.7,0,1
1,1,5,1,2,1,7,1,6,6,3,1,3,5,631.6,0,0
2,4,9,10,6,1,5,2,2,7,5,2,1,7,654.8,1,2
2,4,9,10,6,1,5,2,2,7,5,2,1,7,654.8,1,2
3,1,6,6,9,2,6,7,6,7,4,2,8,7,682.8,1,3
2,0,10,5,10,1,5,2,5,6,1,2,1,10,689.2,0,3
3,4,2,3,4,2,5,1,8,7,3,2,2,2,620.3,0,3
3,4,2,3,4,2,5,1,8,7,3,2,2,2,620.3,0,3
5,3,9,5,9,1,7,6,4,7,3,2,3,4,675.6,1,1
2,3,2,1,4,1,0,1,10,7,1,2,0,10,641.1,1,1
4,3,6,6,4,2,8,4,8,6,0,2,2,5,671.1,1,3
1,5,9,0,0,1,5,0,6,10,10,1,1,3,617.1,1,0
1,5,9,0,0,1,5,0,6,10,10,1,1,3,617.1,1,0
3,3,5,5,3,1,10,8,5,7,2,2,9,3,674.1,0,1
3,3,6,2,4,1,6,4,3,7,5,2,9,3,629.5,1,1
0,0,6,6,5,1,5,3,7,9,0,2,5,10,698.7,0,2
3,4,3,2,7,1,1,1,5,6,6,2,1,2,622.9,1,1
1,3,4,1,2,1,3,1,4,7,10,1,0,10,590.6,0,1
3,5,5,5,4,1,5,2,5,8,2,2,10,10,667.5,0,3
3,4,0,3,1,1,0,0,2,6,10,1,1,10,554.3,0,0
3,4,4,5,10,2,5,1,10,5,2,2,0,10,674.7,0,1
2,5,10,2,10,2,1,2,3,5,3,1,1,10,625.7,1,1
3,0,0,0,3,2,7,1,3,5,2,2,0,7,617.2,0,3
3,2,2,3,4,1,6,0,3,7,4,1,2,5,617.6,1,1
5,1,5,5,10,1,10,10,3,8,0,1,8,2,702.8,1,2
3,3,2,3,6,1,7,2,3,8,4,1,3,9,645.0,0,1
3,5,0,1,2,2,1,1,4,5,1,1,0,1,537.5,1,3
3,5,0,1,2,2,1,1,4,5,1,1,0,1,537.5,1,3
2,5,1,1,1,2,1,1,4,9,10,1,1,0,529.8,1,3
2,1,10,10,10,1,2,2,10,8,10,2,4,10,709.3,0,1
1,4,3,2,2,1,4,2,5,4,1,1,1,2,576.6,1,2
2,4,4,2,4,1,2,3,8,3,4,1,0,2,600.8,1,2
5,0,7,10,5,1,7,3,10,8,0,1,10,10,750.1,0,1
3,1,5,10,5,1,3,5,7,8,5,2,5,4,720.6,0,2
2,0,6,4,10,2,10,5,8,8,0,2,6,5,725.9,0,0
3,0,8,6,10,2,10,8,8,9,0,2,8,10,765.2,0,0
3,2,3,5,6,1,5,1,9,6,4,2,1,10,659.4,0,2
1,5,3,2,2,2,0,1,1,6,10,1,0,10,549.0,0,2
1,3,2,0,6,1,2,2,2,8,7,2,1,2,600.6,1,2
3,1,4,4,2,1,5,0,3,8,5,1,1,7,639.9,1,1
5,3,7,10,8,1,8,8,10,7,4,2,10,10,753.3,1,2
5,5,2,0,4,2,6,2,1,6,3,2,3,2,593.2,1,2
3,1,1,3,1,1,6,5,7,7,1,2,8,10,674.5,0,3
5,3,10,10,10,2,8,4,5,5,1,2,10,5,731.5,1,3
0,5,0,10,10,2,3,0,1,4,1,1,3,1,596.2,0,1
3,1,10,10,10,1,5,5,10,8,1,2,10,10,762.0,1,2
3,2,8,4,3,1,4,5,5,8,0,2,2,2,686.2,1,2
1,5,7,2,10,2,4,1,10,7,10,2,2,4,603.7,1,0
2,3,7,10,8,2,5,6,10,7,5,2,8,8,732.9,1,1
0,5,0,0,0,2,0,0,1,1,10,1,0,0,480.0,0,1
1,4,10,5,10,1,4,4,2,7,8,1,2,6,634.4,1,2
5,4,4,2,3,1,3,0,6,4,9,1,3,5,578.5,0,2
3,4,10,10,5,2,6,6,5,8,8,2,5,6,687.9,1,1
4,4,3,5,5,1,1,4,6,6,8,2,5,4,641.8,0,2
2,5,7,9,9,1,7,9,8,6,7,1,7,3,666.0,1,1
1,5,3,8,3,1,5,10,10,8,1,1,2,5,673.6,1,0
3,5,2,7,2,2,0,3,8,4,10,2,0,10,612.9,1,1
2,5,6,10,10,1,8,5,10,7,0,2,6,4,741.4,1,3
2,3,4,1,10,2,4,4,7,4,2,1,4,2,622.9,0,3
2,3,5,10,10,2,10,2,1,7,2,2,2,3,649.5,1,2
4,3,8,6,5,1,7,1,8,7,3,2,3,7,674.7,1,1
5,3,2,6,3,1,9,2,7,8,1,2,7,10,690.0,0,1
5,2,3,3,2,1,10,4,10,8,8,2,1,10,692.3,1,1
2,2,8,10,5,1,5,2,9,7,2,1,2,5,691.9,0,0
5,2,8,10,10,1,5,1,10,7,3,2,7,10,722.7,1,3
2,4,7,7,10,1,6,6,4,7,2,2,2,4,687.5,1,0
2,3,3,10,2,1,9,4,10,7,1,1,5,7,678.5,1,2
4,3,0,2,4,1,6,1,4,6,1,2,2,9,648.2,0,2
1,2,5,2,4,1,3,3,7,7,5,2,1,10,649.0,0,1
2,1,10,10,5,2,8,5,8,9,0,1,6,10,721.0,1,3
0,3,4,3,3,1,3,0,2,8,4,2,0,10,636.3,1,3
4,1,10,10,8,1,8,8,8,8,0,2,5,10,765.0,1,2
4,2,4,3,3,1,5,2,5,8,4,1,3,6,628.4,1,1
5,3,10,10,10,1,6,6,6,7,1,2,2,7,738.9,1,2
4,4,5,7,5,1,8,3,1,6,9,2,4,8,640.8,1,1
1,2,3,0,4,1,4,0,1,7,1,1,0,1,588.3,1,1
2,1,10,6,6,1,9,3,2,7,2,2,8,10,724.5,1,2
2,3,6,6,5,1,3,6,4,7,3,2,4,8,677.3,0,0
1,1,2,10,4,2,3,6,1,7,0,1,8,3,605.3,0,3
1,1,2,10,4,2,3,6,1,7,0,1,8,3,605.3,0,3
3,2,5,10,3,2,8,10,2,8,1,2,2,8,683.9,0,1
2,5,7,10,10,1,10,6,10,7,10,2,10,2,707.4,1,1
4,3,10,10,10,2,10,4,7,8,4,2,1,10,717.2,1,0
2,1,10,10,7,2,8,6,3,7,3,2,4,10,702.6,0,3
3,1,10,10,9,1,7,2,6,7,2,2,6,10,728.7,1,3
2,1,2,4,3,2,7,0,7,8,4,2,3,10,667.9,1,2
3,2,7,3,10,1,5,2,5,10,10,2,1,10,669.6,0,0
5,1,6,7,5,1,7,4,10,8,1,2,3,10,734.8,1,3
3,1,3,7,2,1,4,1,2,7,1,2,2,2,646.3,0,1
3,3,10,5,10,1,6,7,6,8,5,2,4,8,717.0,1,0
4,4,4,1,4,1,4,2,7,7,4,2,1,3,643.9,1,2
2,2,5,10,10,1,7,3,7,8,1,2,5,10,746.1,1,1
1,5,5,3,2,2,0,1,1,7,2,1,1,5,557.7,0,1
1,5,3,3,0,2,0,5,2,5,1,1,0,2,564.3,0,0
4,4,3,5,10,1,8,1,10,6,0,1,2,5,652.8,1,1
3,1,10,3,3,2,7,3,1,6,5,2,3,7,634.0,1,3
3,1,10,3,3,2,7,3,1,6,5,2,3,7,634.0,1,3
2,3,2,2,10,2,8,2,1,8,1,2,1,1,612.3,0,3
2,1,6,5,4,1,1,2,3,6,10,2,0,2,625.9,1,1
5,2,1,0,1,1,2,1,1,10,2,2,2,2,590.6,0,1
4,3,8,8,7,1,8,7,8,6,7,2,2,7,701.7,0,1
1,3,6,7,10,1,8,6,5,7,5,2,8,5,723.4,1,1
3,3,1,5,10,2,4,0,1,7,0,1,6,3,607.0,1,3
3,5,3,7,3,1,6,4,5,6,10,2,2,4,663.7,1,1
4,2,7,7,10,1,7,4,10,7,2,2,5,6,743.1,0,1
2,3,2,2,10,2,8,2,1,8,1,2,1,1,612.3,0,3
4,5,7,6,2,1,5,3,7,7,2,1,2,8,642.2,1,2
2,2,5,4,9,1,8,4,4,7,0,2,2,2,670.5,0,1
3,3,7,7,6,2,7,4,3,8,0,2,5,5,672.2,1,2
3,3,6,7,3,1,0,6,5,1,0,2,0,4,644.0,0,0
3,3,6,7,3,1,0,6,5,1,0,2,0,4,644.0,0,0
3,1,6,5,3,1,9,6,8,7,1,2,6,8,739.3,0,3
3,1,10,9,10,2,8,7,10,7,0,2,10,5,746.5,1,0
3,3,4,10,10,2,4,5,2,6,4,1,3,3,618.9,1,3
3,5,6,2,3,1,1,1,5,7,2,2,2,5,621.4,0,1
3,5,6,2,3,1,1,1,5,7,2,2,2,5,621.4,0,1
4,3,9,7,5,1,8,8,7,6,4,2,7,7,718.5,0,1
0,3,6,8,10,2,5,6,7,6,3,1,3,4,635.2,1,0
5,5,10,5,5,1,9,10,2,9,3,2,10,10,721.5,1,2
0,4,2,3,10,2,9,0,4,7,6,2,0,2,594.0,0,2
3,1,3,8,3,1,8,2,8,7,2,2,4,7,693.4,0,0
3,1,4,8,3,1,7,2,8,7,1,2,4,6,690.0,0,0
0,5,6,6,10,2,9,4,7,8,1,1,0,0,608.4,1,1
5,5,3,10,10,2,2,2,4,6,2,1,4,3,619.3,0,2
2,5,6,3,6,2,3,0,4,7,4,2,1,8,650.1,1,1
1,5,7,10,7,2,8,4,8,8,5,2,8,9,686.8,0,1
0,1,10,4,2,2,3,5,4,6,1,2,7,8,666.9,1,1
3,2,4,5,8,2,7,1,6,6,4,2,0,10,631.6,1,3
3,3,2,2,5,2,0,1,7,5,4,1,1,1,573.8,0,2
3,4,7,10,10,1,7,5,8,7,1,1,4,10,701.9,1,2
5,5,3,10,10,2,2,2,4,6,2,1,4,3,619.3,0,2
3,1,3,4,3,1,4,5,6,10,0,2,3,10,678.3,1,1
3,4,10,10,7,2,7,5,8,5,9,2,9,10,691.3,1,2
3,1,3,7,2,1,4,1,2,7,1,2,2,2,646.3,0,1
2,1,3,1,5,2,3,4,2,7,2,1,1,7,603.8,0,1
2,3,10,2,9,1,6,3,8,8,7,1,3,5,669.8,1,0
3,3,8,4,10,1,7,5,6,8,1,2,1,4,706.8,0,2
4,4,5,2,5,2,8,6,6,7,2,2,1,10,660.7,0,1
2,5,10,2,9,1,9,0,2,9,2,2,4,4,680.7,1,1
4,5,3,6,2,2,2,1,1,10,4,1,0,3,604.2,1,3
4,5,3,3,2,2,2,0,1,10,5,1,0,1,588.9,1,3
3,3,4,5,10,1,5,0,2,8,9,2,1,1,626.1,0,2
5,3,10,10,10,2,2,2,6,6,4,2,2,4,674.1,1,2
2,2,10,7,9,1,2,3,2,5,1,2,2,5,664.6,1,0
0,1,10,4,2,2,3,5,4,6,1,2,7,8,666.9,1,1
3,3,7,10,8,1,7,3,7,6,4,2,5,5,693.0,1,1
2,5,5,10,9,1,5,1,3,5,2,2,1,2,647.8,1,3
4,1,4,3,6,2,8,4,6,8,2,1,6,7,677.9,0,0
3,2,4,10,2,1,8,3,8,8,0,1,2,10,690.2,0,2
5,3,10,10,10,2,2,2,6,6,4,2,2,4,674.1,1,2
0,1,10,4,2,2,3,5,4,6,1,2,7,8,666.9,1,1
5,0,5,10,5,1,10,10,5,7,0,2,10,10,747.2,1,3
4,3,5,8,10,1,4,1,6,8,1,1,1,8,676.2,1,3
1,0,2,3,4,2,3,1,3,6,2,1,1,1,580.0,1,3
0,1,10,4,2,2,3,5,4,6,1,2,7,8,666.9,1,1
4,2,5,10,10,1,3,1,9,8,0,2,3,7,683.6,1,1
3,4,2,2,10,2,5,1,8,5,3,2,1,2,621.6,1,3
3,2,6,10,6,2,5,4,7,5,2,2,3,10,679.2,1,1
0,5,1,6,2,2,7,1,4,10,0,1,0,6,572.5,1,1
3,2,6,10,6,2,5,4,7,5,2,2,3,10,679.2,1,1
3,2,6,10,6,2,5,4,7,5,2,2,3,10,679.2,1,1
3,2,5,3,10,2,7,2,9,5,1,2,1,6,688.1,1,3
5,3,8,8,10,1,9,4,5,7,2,1,7,6,703.0,1,1
3,2,6,10,6,2,5,4,7,5,2,2,3,10,679.2,1,1
0,1,10,4,2,2,3,5,4,6,1,2,7,8,666.9,1,1
5,2,6,3,4,1,7,4,3,7,1,2,1,3,649.9,1,1
5,2,6,3,2,1,7,4,1,7,1,2,2,2,642.7,1,1
3,2,7,5,5,1,5,0,10,8,2,1,1,8,677.0,1,1
3,5,10,10,10,2,5,4,6,7,4,2,5,4,693.0,0,2
5,1,10,10,10,1,7,2,6,7,2,2,10,8,762.7,1,2
5,2,5,2,10,1,9,1,4,6,1,2,1,10,682.2,1,2
3,3,10,8,8,2,8,3,5,4,1,2,4,5,666.7,0,2
2,3,3,4,5,2,4,7,1,6,4,2,5,2,622.1,0,2
2,3,3,4,5,2,4,7,1,6,4,2,5,2,622.1,0,2
2,1,3,4,4,2,6,5,1,8,3,2,3,6,651.4,0,1
3,1,3,7,2,1,4,1,2,7,1,2,2,2,646.3,0,1
0,1,10,4,2,2,3,5,4,6,1,2,7,8,666.9,1,1
5,3,5,10,6,1,2,0,5,6,0,2,0,2,667.1,1,1
0,1,10,4,2,2,3,5,4,6,1,2,7,8,666.9,1,1
5,5,0,10,10,2,10,3,5,6,7,2,6,0,650.1,1,1
5,1,4,10,10,1,1,5,10,10,3,2,4,10,767.5,1,1
2,1,7,5,10,1,5,6,7,7,1,2,8,3,700.0,1,1
3,1,10,2,10,1,8,0,1,5,3,1,4,10,650.8,1,0
3,2,10,10,10,1,8,10,8,7,7,2,8,7,773.3,1,1
0,5,0,0,6,2,4,0,5,8,0,1,1,3,589.3,0,1
2,4,1,2,4,2,5,2,5,5,5,2,1,8,605.7,0,2
2,1,10,10,10,1,3,5,2,7,1,2,1,10,688.8,0,2
2,4,2,4,5,1,6,1,1,7,5,1,1,7,595.1,0,3
5,5,7,8,7,1,5,1,7,7,2,2,1,6,652.4,0,2
4,3,3,3,4,2,5,1,10,7,7,1,4,10,636.0,1,2
3,3,4,5,3,2,7,6,3,7,1,2,6,7,660.1,1,3
5,5,4,7,4,1,3,1,1,7,1,2,1,7,635.9,0,2
0,5,10,4,10,1,7,0,3,10,2,2,0,10,642.0,1,1
2,5,2,10,9,1,4,6,6,6,10,2,7,9,657.1,0,1
5,1,10,10,6,1,8,1,8,8,0,2,4,10,736.1,1,1
2,2,3,10,10,1,7,1,3,6,1,2,3,4,641.2,0,3
2,2,3,10,10,1,7,1,3,6,1,2,3,4,641.2,0,3
2,4,3,4,10,2,2,7,1,5,7,2,1,4,601.5,0,2
0,3,10,1,5,1,0,0,1,6,2,2,3,2,601.7,1,0
2,5,10,7,10,2,3,6,3,7,5,1,3,7,634.6,1,1
2,5,10,7,10,2,3,6,3,7,5,1,3,7,634.6,1,1
4,5,10,0,8,2,3,4,1,8,5,1,10,1,605.5,1,0
5,1,5,3,7,1,8,3,4,8,5,2,7,10,701.3,0,0
3,3,4,7,2,2,5,4,4,7,3,2,3,8,668.8,1,3
4,4,5,2,4,2,3,2,4,6,3,2,1,3,617.6,1,2
2,1,3,3,5,1,2,0,6,5,9,2,5,5,621.2,0,0
3,1,3,3,3,2,7,2,1,8,1,1,2,4,627.6,1,3
5,3,7,4,10,1,6,5,9,7,6,2,4,10,720.8,1,0
1,5,10,1,10,2,2,5,2,9,1,2,6,10,646.7,1,1
0,3,6,5,5,2,2,10,6,7,1,2,2,5,643.7,1,1
3,5,10,10,10,1,9,1,3,5,2,2,1,10,724.3,1,1
5,3,5,5,6,2,9,5,8,6,7,1,1,10,662.6,1,2
0,3,10,1,6,1,7,4,5,6,0,1,4,6,665.4,1,0
1,1,0,3,5,2,6,0,3,8,1,1,1,5,580.4,0,1
4,4,8,7,9,2,7,6,5,9,2,2,7,9,706.8,1,3
4,4,8,7,9,2,7,6,5,9,2,2,7,9,706.8,1,3
4,2,2,4,3,2,3,1,1,8,0,2,1,5,615.7,1,3
4,4,4,10,8,1,5,5,6,7,10,2,1,2,659.0,0,1
3,2,3,2,10,1,4,3,10,8,3,2,3,10,697.4,1,2
5,3,6,10,10,2,8,1,3,8,3,2,2,10,716.4,0,3
2,3,3,8,10,1,6,3,5,7,7,2,5,5,679.2,1,3
2,1,8,10,10,2,8,3,4,7,3,2,4,2,680.7,1,3
3,3,7,10,7,2,5,4,5,7,0,1,0,2,640.1,1,2
3,3,7,10,7,2,5,4,5,7,0,1,0,2,640.1,1,2
3,2,5,10,4,1,7,4,7,7,2,2,2,5,708.5,0,1
3,2,5,10,4,1,7,4,7,7,2,2,2,5,708.5,0,1
4,3,10,10,10,1,7,3,8,8,1,1,8,10,742.9,1,1
2,4,8,10,10,1,6,2,2,5,3,1,8,2,647.6,0,1
2,5,4,3,10,2,6,5,5,6,5,1,3,4,602.5,1,1
1,1,4,2,5,1,3,1,5,6,10,1,1,5,595.7,0,2
4,5,2,4,10,2,5,2,6,7,7,2,1,3,606.3,0,3
2,2,7,5,1,1,4,0,5,5,1,1,2,4,621.0,1,1
2,2,7,5,1,1,4,0,5,5,1,1,2,4,621.0,1,1
1,2,6,4,6,1,9,2,2,7,2,2,4,6,682.0,1,2
4,1,2,8,4,2,6,8,8,7,1,2,4,2,671.3,1,1
2,2,10,1,10,1,3,3,1,10,5,1,3,3,646.7,1,0
3,2,7,5,6,1,8,2,10,8,7,2,1,7,680.4,0,2
3,1,3,7,2,1,4,1,2,7,1,2,2,2,646.3,0,1
2,3,8,6,10,2,8,3,7,8,6,2,3,8,696.8,1,3
5,4,4,1,5,1,5,1,1,6,1,1,1,10,600.0,0,1
5,3,7,2,10,1,6,10,10,9,1,1,0,5,701.0,1,1
1,5,2,5,4,1,10,4,7,6,1,1,4,5,652.2,1,0
1,5,10,10,0,1,10,0,2,5,10,1,0,0,605.1,1,1
2,3,4,7,10,1,10,0,8,7,0,1,5,10,690.0,1,1
3,5,9,5,8,1,6,3,7,8,7,1,0,5,625.4,1,1
5,1,4,10,10,2,9,1,10,7,0,2,5,10,739.7,1,2
2,0,3,3,3,2,7,4,4,8,0,2,6,10,667.3,0,3
4,1,6,5,3,1,7,5,5,8,1,1,7,10,679.4,0,3
3,1,3,7,2,1,4,1,2,7,1,2,2,2,646.3,0,1
1,1,5,7,2,1,0,3,2,7,1,2,3,4,639.5,0,1
3,1,3,7,2,1,4,1,2,7,1,2,2,2,646.3,0,1
4,2,9,4,6,1,10,6,6,9,2,2,4,9,729.1,1,1
5,2,7,7,6,2,8,6,10,7,2,2,4,7,719.3,1,3
1,0,1,3,1,2,4,1,3,7,1,2,4,10,661.8,0,3
3,0,2,4,3,1,6,5,7,8,1,2,4,9,695.1,0,2
1,5,3,5,4,1,10,7,5,8,1,1,4,5,638.6,1,1
4,4,5,10,5,1,6,1,10,6,5,2,3,10,710.6,0,2
5,3,3,3,3,1,10,3,2,7,10,2,8,10,676.9,1,2
5,3,7,10,5,1,10,6,8,7,0,2,7,10,756.3,1,3
2,2,7,6,7,2,10,9,1,8,7,2,2,7,702.4,1,3
2,5,4,10,10,1,6,4,6,7,7,2,5,1,674.3,1,2
2,3,4,7,3,2,5,4,2,6,5,2,3,3,625.7,0,0
4,5,10,10,10,2,1,10,10,6,6,2,6,5,712.3,0,1
4,5,4,3,4,2,7,3,4,7,6,2,3,3,628.0,1,2
4,5,10,10,10,2,1,10,10,6,6,2,6,5,712.3,0,1
4,5,10,10,10,2,1,10,10,6,6,2,6,5,712.3,0,1
4,2,1,2,1,2,1,1,5,7,0,2,2,4,635.0,1,3
4,5,4,7,10,1,9,1,8,7,0,2,1,6,703.6,1,1
4,2,4,5,8,1,9,2,8,9,2,2,4,6,690.4,1,3
2,3,3,10,8,1,2,5,6,6,5,2,7,4,658.8,1,1
4,5,4,8,7,2,7,2,4,8,0,1,7,7,662.2,1,3
2,5,5,7,4,2,9,3,7,7,8,2,1,2,642.2,0,1
4,1,4,5,7,2,7,6,10,7,0,2,10,6,705.7,0,3
1,2,3,1,10,2,0,3,6,6,6,1,1,6,573.8,0,0
3,1,3,9,10,1,9,8,6,5,0,2,9,9,730.0,1,2
2,2,6,3,8,1,5,1,6,8,2,2,1,1,667.7,1,2
1,2,5,10,10,2,7,4,2,7,3,1,2,5,625.9,1,1
2,0,2,6,6,2,10,3,10,7,1,2,3,7,695.5,1,3
3,2,5,3,5,1,7,5,2,7,2,2,2,7,685.4,1,3
1,3,8,10,6,2,0,6,7,8,2,1,3,6,669.6,1,1
1,3,7,9,5,1,9,8,10,7,3,2,8,10,736.3,0,2
1,2,8,6,5,2,5,3,2,7,2,2,2,10,658.2,1,1
0,0,4,4,2,1,2,1,1,5,2,2,6,10,606.6,0,0
3,3,6,5,4,1,7,0,6,8,2,2,1,2,654.1,1,2
2,2,3,6,2,2,2,4,3,2,2,1,5,9,633.6,0,1
5,3,4,4,3,2,10,0,2,7,0,2,1,10,639.5,0,2
2,3,7,3,10,1,2,1,8,9,3,1,1,5,627.5,1,1
1,1,10,10,10,2,5,2,7,8,2,2,3,3,691.7,1,3
1,2,2,0,4,2,7,2,5,6,2,1,0,2,587.2,1,2
5,5,3,1,5,1,5,4,10,7,4,2,4,10,659.8,1,3
1,1,10,10,10,1,10,8,10,8,1,2,4,10,729.7,1,1
5,2,4,10,8,1,8,4,9,6,0,2,10,5,737.6,0,1
2,3,3,2,3,1,5,4,10,7,6,2,2,2,656.4,1,3
4,3,7,3,4,1,7,7,6,7,1,2,1,8,647.1,0,1
1,5,2,8,5,1,0,4,2,7,7,1,3,7,605.5,1,0
3,2,4,10,10,1,7,1,8,8,0,2,1,8,686.8,1,3
3,3,6,6,10,2,8,5,10,7,0,2,7,10,731.2,0,3
3,0,7,4,6,2,6,4,3,9,2,2,6,4,692.8,1,1
3,1,4,0,4,1,8,2,6,7,3,1,8,7,660.7,0,0
5,3,6,2,8,1,6,2,5,9,3,1,6,7,688.1,1,1
5,0,2,3,2,1,7,2,5,8,0,1,3,10,667.5,1,2
2,3,4,1,1,2,3,1,1,9,1,2,2,10,610.8,0,1
2,3,6,0,7,2,6,1,3,9,1,1,1,3,619.7,0,2
4,0,2,3,3,1,4,4,3,8,1,2,2,4,673.9,0,3
4,2,9,9,10,1,7,3,10,7,3,2,1,5,722.7,1,2
4,4,6,10,5,1,4,2,8,8,1,2,6,8,717.4,0,2
4,5,6,7,10,1,9,7,10,10,8,1,7,8,709.7,1,0
5,1,10,9,10,1,7,5,10,8,3,2,8,10,767.1,1,3
1,4,10,4,1,1,6,3,1,3,7,2,0,10,653.8,1,3
1,1,5,5,4,2,3,3,2,6,0,2,6,6,627.4,0,2
2,5,1,8,10,2,4,0,10,6,10,2,0,2,593.3,1,1
5,0,8,6,10,1,7,6,6,9,1,2,7,10,764.8,1,0
4,3,7,10,5,1,5,3,6,8,10,2,5,3,647.3,1,1
2,3,3,1,3,1,7,1,5,8,2,1,1,5,611.4,1,0
2,2,10,1,3,2,5,4,8,7,9,2,1,4,647.5,1,1
5,1,5,5,4,1,7,6,10,7,0,2,5,8,746.5,0,3
5,2,7,6,10,1,9,2,10,6,4,2,0,3,705.5,1,3
3,5,2,2,1,1,1,1,2,6,9,2,4,3,578.1,1,2
2,1,3,1,10,2,5,0,1,6,0,2,1,2,623.8,1,2
5,3,3,5,9,1,7,0,7,6,6,1,0,2,625.0,1,2
5,1,8,10,7,1,8,4,6,7,3,2,7,7,728.7,1,3
4,1,4,1,3,1,10,7,1,8,2,2,3,10,668.4,1,1
4,1,4,3,6,2,10,3,8,9,2,2,4,10,704.0,1,2
5,2,3,4,10,2,8,3,10,6,1,2,1,6,707.2,1,2
1,1,3,10,4,1,10,2,5,8,0,2,6,0,686.2,0,2
1,1,3,10,4,1,10,2,5,8,0,2,6,0,686.2,0,2
1,4,9,6,2,1,5,2,10,6,2,1,1,2,612.0,1,1
2,3,7,3,10,1,2,1,8,9,3,1,1,5,627.5,1,1
1,2,5,5,4,1,8,7,10,7,5,1,7,5,654.7,0,1
3,5,2,0,1,1,1,1,1,6,5,1,0,5,569.4,0,1
2,2,5,2,5,2,3,3,6,9,1,2,0,3,618.6,1,1
4,2,10,10,10,1,8,5,5,8,7,2,7,4,733.8,1,2
3,5,0,5,2,1,7,2,6,9,0,2,2,5,640.7,1,2
3,0,10,10,10,2,6,3,8,8,0,2,9,7,741.2,1,1
3,1,4,3,5,1,2,2,6,8,1,2,3,7,684.7,0,1
3,4,0,0,0,2,5,2,1,4,3,2,0,10,594.5,1,3
5,3,2,3,1,2,6,2,8,8,3,2,2,10,661.3,1,3
5,0,7,1,5,1,7,2,7,7,3,1,3,10,674.5,1,1
4,1,4,3,6,2,10,3,8,9,2,2,4,10,704.0,1,2
2,2,4,5,5,1,6,3,4,9,2,1,4,6,655.6,1,3
2,2,4,5,5,1,6,3,4,9,2,1,4,6,655.6,1,3
2,5,5,4,8,2,3,3,2,6,10,2,1,5,586.6,0,1
2,5,5,7,10,2,7,2,4,6,1,2,6,2,661.8,0,3
1,4,10,5,4,2,5,1,5,5,7,2,1,3,595.5,1,1
2,5,5,7,10,2,7,2,4,6,1,2,6,2,661.8,0,3
5,2,6,10,2,2,9,5,10,8,0,2,2,10,712.7,1,2
3,5,5,5,10,2,7,2,4,7,2,2,6,2,662.0,0,3
5,2,1,2,4,1,7,3,10,9,1,2,8,10,724.8,0,1
2,4,6,5,10,2,5,1,3,6,6,2,10,2,644.6,0,3
2,5,0,3,2,2,0,0,1,4,10,1,0,1,529.9,1,2
1,1,7,5,4,1,6,2,9,8,6,2,0,5,653.0,0,2
3,1,8,3,1,1,1,1,1,6,2,1,1,1,611.9,0,2
3,5,6,10,10,1,5,2,6,7,5,2,6,7,716.8,1,1
5,4,7,6,10,1,6,3,10,8,0,1,3,8,661.7,1,1
5,3,0,4,6,1,3,1,6,7,7,2,1,5,642.0,0,2
2,4,8,2,4,1,3,2,4,7,7,2,4,10,645.0,0,1
1,0,2,0,3,1,1,0,1,8,0,1,0,1,588.5,1,1
2,4,4,8,3,2,2,5,2,6,7,1,4,3,601.9,1,3
3,2,5,3,6,1,9,3,3,6,0,1,1,5,644.6,1,1
1,3,4,7,10,1,5,1,1,7,7,2,1,10,649.5,1,2
3,3,7,3,10,1,4,4,6,8,0,2,4,10,688.1,0,1
2,2,2,2,10,2,8,2,3,8,0,2,3,8,687.5,1,0
3,5,10,3,2,2,1,1,1,10,5,2,0,1,597.4,1,3
2,5,2,6,3,1,4,1,2,10,2,2,2,10,629.9,1,0
3,5,5,10,5,2,10,9,10,8,10,2,5,5,687.2,1,2
5,1,6,8,3,1,5,3,4,6,0,2,8,10,736.6,1,3
4,2,7,7,5,1,6,2,8,8,3,1,1,7,685.1,0,1
4,3,10,5,10,1,8,4,10,8,1,2,2,7,751.8,0,2
4,4,9,10,8,1,9,5,8,8,4,2,7,4,744.6,1,3
5,4,1,1,3,1,10,1,2,8,10,2,2,10,643.1,1,2
5,2,5,10,5,1,7,1,4,8,0,1,5,7,689.4,1,1
4,3,6,9,10,1,6,1,10,8,2,1,1,3,680.4,0,2
4,3,6,9,10,1,6,1,10,8,2,1,1,3,680.4,0,2
2,1,1,0,3,1,10,1,7,8,2,1,0,5,618.6,0,1
3,3,5,3,6,1,8,0,10,6,2,2,1,8,695.3,1,1
1,5,1,1,8,1,1,0,3,6,6,2,0,1,566.4,0,2
1,5,1,1,8,1,1,0,3,6,6,2,0,1,566.4,0,2
4,2,10,10,10,2,8,4,7,9,0,2,6,6,715.7,1,3
4,2,6,5,2,1,8,2,2,7,1,1,5,8,646.3,0,1
4,3,3,8,3,1,4,3,5,8,4,2,3,8,657.3,1,2
0,3,6,3,6,1,5,0,4,7,0,2,0,2,639.9,1,2
2,4,8,2,6,2,10,6,2,8,4,2,6,6,683.9,1,3
4,2,10,10,10,1,0,2,5,6,1,2,3,2,685.8,0,2
4,2,5,5,7,1,8,1,4,7,6,1,8,7,675.6,1,1
5,2,1,9,5,2,5,2,7,9,10,2,5,7,676.6,1,3
5,2,2,6,5,2,5,2,7,9,5,2,2,10,680.0,1,3
4,3,4,3,4,2,3,1,1,6,5,2,0,6,618.7,1,1
4,3,6,9,10,1,7,6,5,8,5,1,2,5,703.2,1,0
5,5,6,10,10,2,10,4,7,7,0,2,1,5,674.5,1,3
4,2,5,6,5,1,5,4,7,9,4,2,5,6,698.7,1,1
5,5,4,10,10,2,5,2,4,8,4,1,1,3,650.3,1,2
2,5,4,10,10,1,3,4,10,7,7,2,1,2,646.2,1,1
1,4,8,7,10,2,7,4,6,8,3,2,1,4,677.9,0,2
4,3,3,3,7,1,3,3,4,7,5,2,3,2,653.5,1,3
4,5,4,6,6,1,7,4,6,8,3,2,5,5,679.6,1,2
5,2,8,10,10,1,10,2,10,7,4,2,4,10,751.6,1,2
3,5,7,5,10,2,6,1,7,7,0,2,0,7,647.3,0,3
1,4,3,7,10,1,8,2,5,8,3,2,1,3,650.5,1,1
2,2,8,4,10,1,7,1,4,7,0,2,2,4,728.3,0,1
5,3,1,0,10,1,10,0,10,8,5,2,4,10,653.2,0,1
2,4,1,1,3,1,10,0,10,9,7,2,1,2,626.2,1,1
3,0,7,4,10,1,8,1,3,8,1,2,0,1,673.9,1,3
4,5,4,5,10,1,10,5,6,6,2,2,4,10,696.2,0,1
0,3,2,2,5,2,2,0,1,8,2,1,1,6,573.2,0,1
3,5,3,4,5,1,3,3,3,6,2,1,3,2,610.6,1,2
3,2,5,3,7,1,8,3,6,8,0,2,1,10,696.6,1,2
0,2,0,0,3,2,7,1,2,6,1,2,1,10,635.9,0,1
5,2,5,6,3,1,6,3,10,7,3,1,1,7,681.9,1,1
1,3,3,3,4,1,4,2,3,7,1,2,2,4,641.4,0,1
2,2,8,10,10,2,10,5,10,6,3,2,6,10,722.5,1,1
3,3,10,6,10,2,7,2,4,7,4,2,2,10,689.2,0,3
3,4,5,10,10,1,10,8,10,6,10,2,8,1,712.3,1,2
5,1,10,10,10,1,10,10,10,8,3,2,10,10,782.4,1,2
2,1,5,3,4,2,8,2,4,7,4,1,2,3,655.2,1,1
3,3,1,1,5,1,4,1,6,6,0,2,1,5,640.1,0,2
2,0,6,10,5,1,9,10,6,8,0,2,2,10,732.3,0,1
1,2,10,8,10,2,8,3,3,8,1,2,3,10,714.7,0,1
2,4,9,10,5,2,5,1,7,7,7,2,2,5,640.5,0,1
1,5,1,1,3,1,0,1,3,5,5,1,3,10,617.2,1,1
4,3,6,5,7,1,6,1,8,7,1,1,8,1,667.9,1,1
3,3,10,10,10,1,8,2,10,7,2,2,3,7,729.5,1,1
4,2,5,5,8,1,8,3,5,6,8,2,6,10,711.3,1,2
1,4,5,10,10,1,2,2,4,7,10,2,1,4,667.1,1,1
1,4,5,10,10,1,2,2,4,7,10,2,1,4,667.1,1,1
5,3,10,10,10,2,7,4,8,8,3,2,1,10,727.6,1,1
3,4,4,10,10,1,9,7,7,6,2,2,2,3,689.6,1,1
2,2,10,2,6,2,2,2,1,7,3,1,0,3,608.7,1,2
5,1,6,7,5,1,8,5,2,8,1,2,10,10,729.8,0,1
3,4,4,6,10,2,6,8,9,7,1,2,3,7,678.3,1,3
4,3,5,4,10,2,4,5,7,7,4,2,3,7,657.5,1,2
1,3,6,6,10,1,8,2,9,7,1,2,4,5,703.8,0,1
3,3,7,1,3,1,2,1,3,8,0,2,1,2,619.5,0,1
0,5,5,6,8,1,2,1,2,6,3,2,2,10,625.7,1,1
3,3,3,0,6,1,7,9,5,7,2,2,2,10,674.1,1,1
3,1,5,10,10,1,10,2,1,7,0,2,2,10,727.7,1,2
1,2,10,5,10,1,0,1,3,6,3,2,1,3,637.8,1,0
5,4,8,3,10,1,3,4,10,8,5,1,2,10,663.4,1,1
4,5,3,8,10,2,5,5,10,8,8,1,2,10,644.7,1,1
5,4,4,6,10,2,7,7,10,8,4,1,5,7,702.5,1,2
3,3,6,5,6,1,7,3,7,7,3,1,7,8,684.7,0,1
3,3,6,5,6,1,7,3,7,7,3,1,7,8,684.7,0,1
2,4,3,2,3,2,9,0,4,8,1,1,0,10,629.9,1,3
2,4,4,4,5,2,1,1,8,6,1,2,0,6,608.2,0,1
3,3,5,8,10,1,8,6,4,7,1,2,5,8,707.9,0,3
4,2,7,2,5,1,8,2,10,7,5,1,2,10,673.4,0,2
4,1,5,2,10,2,8,2,7,8,1,2,1,8,671.3,0,2
5,1,6,8,3,1,5,3,4,6,0,2,8,10,736.6,1,3
1,1,3,1,1,2,0,1,1,7,2,2,0,1,584.9,0,1
3,2,5,8,10,1,8,3,6,7,3,2,7,4,727.0,1,1
2,1,4,1,3,1,8,2,2,8,2,2,4,2,649.9,1,1
5,3,3,10,10,1,10,4,3,7,1,2,4,10,685.6,1,2
3,1,10,10,10,2,6,2,10,7,3,2,2,10,724.4,0,2
3,2,6,7,8,1,3,3,7,7,3,2,1,10,691.5,1,2
4,2,5,5,4,2,5,1,4,7,3,2,4,1,655.2,1,1
3,5,5,10,10,1,1,0,5,8,1,1,0,10,650.5,1,1
2,3,1,1,3,1,5,2,2,7,0,2,1,5,627.6,0,1
5,1,8,6,7,2,9,3,3,7,1,2,6,10,724.7,1,3
3,2,8,9,7,2,7,2,5,8,1,2,1,7,670.9,0,3
5,0,4,10,10,1,10,5,7,1,0,2,10,10,768.5,1,3
3,2,10,10,10,2,8,7,4,6,3,1,5,7,707.7,1,1
5,5,6,10,10,1,4,3,10,9,3,2,3,5,685.7,1,2
1,4,4,3,8,2,1,1,9,6,6,2,0,4,588.0,0,1
5,2,8,8,3,1,6,5,5,9,1,1,2,4,669.4,1,1
1,4,6,4,1,2,2,1,1,6,5,2,0,5,577.9,0,1
3,3,3,5,10,1,8,7,7,9,2,2,2,2,683.4,0,2
2,4,2,1,1,2,0,2,2,7,2,1,0,10,581.7,0,1
5,2,4,10,4,1,8,5,10,7,10,2,5,10,714.2,1,1
2,1,8,5,8,1,7,6,7,8,3,2,2,1,686.6,1,1
3,3,5,6,4,2,10,4,8,4,10,2,0,3,604.4,1,2
2,3,3,7,10,1,6,3,5,7,3,1,2,5,682.6,1,1
2,1,8,5,8,1,7,6,7,8,3,2,2,1,686.6,1,1
3,3,9,10,10,1,7,4,7,9,1,2,3,10,736.1,0,1
4,1,8,10,5,2,1,3,6,7,0,2,1,6,701.5,0,3
1,3,10,10,10,2,6,4,4,8,8,2,6,1,662.2,1,1
5,3,5,6,4,2,8,5,8,8,3,2,2,10,698.7,1,3
3,1,2,5,10,2,6,3,8,8,1,2,3,4,656.2,0,0
3,3,5,4,5,1,6,3,7,7,4,2,6,6,664.3,1,0
2,2,4,4,3,2,6,4,2,6,3,2,6,3,632.5,0,2
5,2,10,10,8,1,9,10,1,6,2,2,4,5,693.5,1,2
2,2,8,6,6,1,4,4,3,5,1,2,4,3,686.9,0,1
5,3,3,9,10,1,6,7,10,7,3,2,7,7,743.1,0,3
2,2,3,8,10,2,5,1,10,7,1,2,2,5,661.5,1,2
2,3,1,3,3,2,2,2,3,5,4,2,0,2,586.6,0,1
2,3,5,4,10,1,4,2,6,7,1,1,1,4,625.0,1,0
4,4,6,10,5,2,4,5,8,7,1,2,3,6,671.3,1,3
2,5,0,5,10,1,3,3,3,7,7,2,1,10,638.0,1,0
2,2,8,1,2,1,1,1,2,8,3,1,0,7,609.1,1,1
1,4,1,4,1,2,5,2,5,7,0,1,3,0,589.1,1,3
5,5,7,6,4,2,6,3,3,7,2,2,2,10,682.2,1,3
3,3,10,10,10,2,8,7,10,7,0,2,8,10,768.6,1,2
1,5,4,5,6,2,3,1,6,6,0,2,0,1,589.1,0,2
5,4,7,5,4,1,1,1,7,8,8,1,1,2,627.1,1,2
4,2,4,10,6,2,6,4,2,8,3,2,5,7,694.1,0,1
3,3,4,3,0,2,8,0,5,8,0,1,0,7,628.4,1,2
4,2,5,10,10,1,9,2,10,8,2,1,2,7,721.2,1,2
5,1,3,8,6,1,8,3,6,6,1,2,2,7,697.9,1,2
5,3,9,6,8,2,8,5,3,7,4,2,3,10,699.2,1,2
2,3,2,3,4,1,8,2,1,6,4,1,2,6,632.3,0,1
4,2,3,2,10,2,6,3,5,6,1,2,5,6,667.1,0,2
1,3,3,10,4,2,5,2,5,6,1,2,1,7,679.0,0,2
1,2,10,2,4,2,7,4,2,8,1,1,0,9,619.3,0,1
5,0,5,10,3,1,7,3,6,8,0,2,1,10,723.8,1,1
5,2,0,0,2,2,3,0,1,8,0,2,0,10,600.4,0,2
5,3,5,7,3,1,7,5,8,8,4,1,9,5,698.7,1,1
2,1,4,0,10,1,7,1,4,5,1,2,0,1,639.5,1,1
2,1,4,0,10,1,7,1,4,5,1,2,0,1,639.5,1,1
5,1,2,10,10,1,8,3,6,6,4,2,6,10,720.0,0,2
4,0,10,9,10,1,5,3,6,8,0,2,3,5,728.9,0,3
4,3,4,10,7,1,6,2,10,7,1,2,10,7,736.3,1,1
0,4,8,5,5,2,4,2,10,8,1,2,2,3,643.0,1,2
3,2,10,10,10,1,7,5,8,8,3,2,5,5,725.9,1,2
3,4,1,4,7,2,8,0,1,6,2,1,1,2,603.4,1,1
3,4,5,10,4,2,6,1,5,8,3,1,3,5,626.7,0,3
3,5,6,10,10,2,8,7,5,6,10,2,6,2,655.2,1,2
1,2,3,7,10,1,4,5,6,8,1,2,10,10,708.5,1,2
2,5,10,10,10,1,2,4,8,6,1,2,2,7,701.7,0,2
5,3,4,10,10,2,3,1,3,7,10,2,1,5,660.1,1,2
3,1,4,2,9,1,7,2,7,7,1,2,1,9,693.2,1,1
4,4,3,4,10,1,0,3,5,8,1,2,3,6,652.2,1,1
1,5,2,10,10,1,2,2,4,9,5,2,0,2,633.5,1,1
5,2,4,4,10,1,5,2,3,8,2,2,2,3,706.2,1,2
4,0,6,10,10,1,2,2,3,7,1,2,5,10,709.4,0,0
2,3,4,4,10,2,8,2,6,6,1,1,2,4,628.2,0,1
5,5,4,0,10,1,7,0,2,7,1,2,2,7,636.1,1,2
1,4,10,8,10,1,9,3,2,9,4,2,0,2,707.9,0,2
3,2,4,6,7,1,8,3,10,8,10,2,5,10,685.5,0,0
3,3,6,7,10,1,7,9,5,7,1,2,6,7,713.2,0,3
0,3,6,10,10,1,8,3,3,6,2,2,1,10,676.9,1,0
2,5,2,10,3,1,8,5,1,6,2,1,4,10,642.5,1,3
4,4,6,4,2,1,3,2,8,7,3,1,2,9,654.3,1,1
4,5,1,0,2,2,9,2,2,6,2,1,1,2,566.2,0,2
5,3,5,3,10,2,7,1,5,7,4,2,0,10,635.0,1,3
5,3,5,3,10,2,7,1,5,7,4,2,0,10,635.0,1,3
3,2,4,6,8,1,7,2,3,8,10,1,4,10,636.5,1,2
4,5,3,0,2,1,2,0,2,7,7,2,0,4,591.9,1,1
4,4,2,2,3,1,3,1,8,7,7,2,1,7,628.8,0,1
3,4,4,7,5,1,8,1,8,8,1,2,1,7,664.7,1,1
1,3,2,5,2,2,4,1,1,9,4,1,1,10,598.9,0,1
2,2,6,3,4,1,7,2,5,5,1,1,2,5,612.5,1,2
3,2,7,8,10,1,7,3,10,7,10,2,3,6,707.4,0,1
3,3,6,8,6,1,8,1,10,8,3,2,1,5,668.5,1,1
5,3,1,1,2,1,7,2,2,7,0,1,1,2,595.3,1,3
3,1,5,5,7,1,7,5,7,8,0,1,5,8,695.1,0,1
3,3,3,3,10,2,2,4,10,7,2,2,8,5,683.6,0,1
3,4,6,7,10,1,6,3,7,7,3,2,3,5,705.1,1,2
2,1,4,5,6,1,7,7,10,7,1,2,5,6,729.5,0,0
3,1,4,3,7,1,7,7,10,7,1,2,7,6,734.6,0,0
1,3,10,1,2,1,0,1,5,7,3,2,1,1,614.6,0,1
3,5,6,10,10,1,6,3,10,6,1,1,9,3,717.4,1,3
2,2,5,10,10,1,5,4,2,8,1,2,2,3,665.2,0,3
5,1,6,5,5,2,1,4,9,7,3,2,5,4,671.5,1,3
3,1,10,6,10,1,8,4,10,7,3,2,2,5,719.3,1,1
3,2,2,5,3,1,1,1,8,9,3,1,1,8,651.3,0,1
5,1,6,8,10,1,9,2,5,8,1,2,1,10,737.2,0,3
2,4,3,10,2,1,5,3,7,9,2,2,3,5,654.5,1,2
2,3,5,4,1,2,0,0,1,8,1,2,1,1,605.5,0,1
5,0,10,10,10,1,7,10,10,9,0,2,4,10,786.0,1,3
3,1,0,7,0,1,7,7,3,9,0,1,10,10,663.9,0,0
4,3,4,3,10,1,8,2,8,8,2,1,1,10,652.8,1,2
2,5,3,5,8,1,2,7,10,8,5,2,4,7,660.0,0,2
5,4,3,1,8,1,5,2,4,7,3,1,3,9,638.2,0,1
4,4,10,10,10,2,9,7,10,7,2,2,5,8,755.0,1,2
4,4,3,4,3,1,2,2,10,7,5,2,4,6,639.4,0,1
1,4,4,6,2,1,5,2,3,6,4,2,0,10,641.2,0,3
4,3,8,5,3,1,6,1,2,8,2,1,4,10,644.8,1,1
4,3,8,5,3,1,6,1,2,8,2,1,4,10,644.8,1,1
5,3,7,6,5,1,5,3,5,7,10,2,1,7,653.7,1,3
3,5,9,7,3,1,2,1,2,6,4,1,1,5,617.2,1,1
2,3,4,6,3,1,8,3,5,8,3,2,2,3,652.2,1,1
5,4,5,10,4,1,8,2,5,10,3,2,2,5,713.8,1,0
2,3,4,6,7,1,5,4,3,6,4,2,10,2,671.8,1,1
3,3,10,2,10,2,6,2,7,6,1,2,2,6,650.5,0,1
2,3,10,5,10,2,8,10,8,7,3,2,7,10,742.7,1,3
5,2,10,10,7,1,10,4,10,6,4,1,8,7,749.7,1,1
4,2,7,7,10,1,9,10,10,7,3,2,6,10,721.0,1,2
5,4,2,1,1,2,3,0,4,7,0,1,3,7,585.5,1,3
2,1,2,7,6,1,8,0,5,8,0,1,0,2,621.6,1,3
2,3,4,3,5,2,5,3,10,8,2,2,1,2,636.2,1,2
2,3,3,3,8,1,7,2,5,9,4,2,2,8,657.5,1,2
4,2,3,4,10,1,8,1,5,7,0,2,1,5,669.0,1,3
5,2,3,4,3,1,7,2,10,7,0,2,3,6,688.7,1,1
5,4,3,4,10,1,9,3,10,6,5,2,4,7,663.0,1,2
5,3,1,10,10,1,8,3,6,8,1,2,4,5,722.1,1,2
2,0,4,6,6,2,7,3,4,6,0,2,0,10,663.5,1,3
4,5,2,10,3,2,8,5,10,6,7,2,1,4,617.1,1,3
4,5,2,10,3,2,8,5,10,6,7,2,1,4,617.1,1,3
3,1,6,10,10,1,6,3,10,7,3,1,6,10,732.9,1,1
4,3,5,10,4,2,0,1,1,8,1,1,1,5,597.0,1,1
2,3,6,4,5,1,6,4,3,6,5,2,3,7,675.2,1,0
1,4,4,4,2,1,5,1,2,9,7,2,0,4,611.0,0,1
2,5,8,2,5,1,4,5,10,6,5,1,1,10,610.3,0,1
3,2,10,3,2,2,4,5,4,8,8,1,1,10,653.7,0,2
1,5,7,7,4,2,2,0,2,3,1,1,0,10,623.4,0,3
1,3,7,10,6,2,6,4,3,7,0,2,6,6,687.3,0,1
2,5,3,0,2,2,10,2,1,9,0,2,2,10,636.3,1,3
4,0,1,1,3,1,1,5,8,8,3,1,1,7,642.6,0,3
5,3,5,10,2,1,3,5,6,8,2,2,6,10,694.9,0,1
2,3,3,0,2,1,7,1,9,8,3,2,3,7,651.3,0,1
2,0,5,3,10,1,6,2,5,7,2,2,2,7,694.5,1,3
5,4,3,10,10,1,10,3,10,8,2,2,6,10,751.8,1,3
4,0,1,1,3,1,1,5,8,8,3,1,1,7,642.6,0,3
3,3,4,6,8,1,7,7,7,7,6,2,6,7,696.6,1,1
4,5,6,7,10,2,10,1,10,6,5,2,3,10,688.5,0,2
5,2,3,7,10,1,5,1,2,8,0,1,2,10,672.0,1,1
4,3,9,10,10,1,7,8,10,6,3,2,6,5,732.7,1,1
5,4,6,8,9,2,4,5,8,6,10,1,10,10,684.7,1,2
3,3,10,8,7,1,6,4,7,7,2,2,2,2,688.1,0,1
3,2,2,10,5,1,3,3,7,7,4,2,2,10,681.3,0,1
5,2,4,7,2,1,6,3,5,9,1,2,8,8,698.3,0,3
4,4,10,8,10,2,8,1,2,8,1,2,1,5,707.7,1,2
5,0,10,10,10,2,10,10,10,10,0,2,10,7,781.1,1,3
3,5,7,10,7,1,4,2,5,8,3,2,3,10,681.1,1,2
3,5,7,10,7,1,4,2,5,8,3,2,3,10,681.1,1,2
2,2,5,5,5,2,8,2,3,7,1,2,4,5,661.8,1,2
3,2,9,10,8,1,7,2,10,7,5,2,5,10,722.7,1,2
2,2,6,6,3,1,7,2,2,8,2,2,2,5,661.8,0,2
2,3,4,10,5,2,3,0,1,7,7,1,1,4,601.9,0,2
3,4,3,5,4,1,9,4,10,7,10,2,2,2,649.6,1,1
3,4,3,5,4,1,9,4,10,7,10,2,2,2,649.6,1,1
3,4,3,5,4,1,9,4,10,7,10,2,2,2,649.6,1,1
3,3,1,2,8,2,6,2,4,6,4,2,2,5,626.1,1,1
2,3,6,3,8,2,6,2,3,8,0,2,5,7,656.9,0,2
2,1,8,5,5,1,8,8,5,6,2,1,2,4,679.0,1,2
4,2,9,6,10,2,7,5,4,9,7,2,3,10,710.0,1,2
0,5,6,1,1,1,10,6,4,10,0,1,0,10,649.0,0,2
4,4,5,6,10,2,6,4,10,6,2,2,2,10,681.7,0,2
4,2,3,5,2,1,2,3,1,7,0,2,0,5,651.2,1,1
3,2,8,7,6,2,4,0,6,7,0,2,0,10,657.3,1,1
2,4,6,10,8,2,3,1,4,7,5,1,1,1,621.2,1,2
3,3,2,1,3,2,3,3,9,5,5,2,4,5,615.0,1,1
2,4,2,7,10,1,7,2,8,3,2,2,2,8,663.7,1,2
4,2,2,2,1,1,3,1,10,7,4,1,1,10,636.0,1,3
5,1,10,5,5,1,6,1,1,8,0,1,2,7,675.2,1,3
2,2,3,3,9,2,0,0,2,6,3,2,0,3,600.2,1,2
4,2,4,4,7,1,6,4,10,6,6,2,2,10,707.2,0,1
2,2,6,7,6,1,6,7,6,7,4,2,6,7,703.2,0,2
1,1,6,7,8,1,5,1,5,8,1,2,1,5,670.9,0,2
1,1,2,2,3,1,3,1,6,7,3,1,1,7,585.9,0,1
2,4,8,10,9,2,5,6,4,6,5,1,2,4,626.1,0,2
3,4,5,4,6,1,5,1,8,7,0,1,1,2,620.3,0,3
4,5,7,10,4,1,5,1,5,7,2,2,3,3,677.5,1,2
0,3,5,0,7,2,4,1,5,8,3,2,0,5,587.6,0,1
1,0,2,10,2,1,10,10,1,6,1,2,10,7,730.9,1,3
2,2,4,0,6,1,5,2,9,7,0,2,1,10,647.7,0,1
2,2,8,8,10,1,7,3,10,8,2,2,5,5,705.9,1,1
2,5,7,5,6,2,2,1,1,10,3,2,0,2,616.1,1,2
2,2,4,0,2,1,4,1,5,7,0,2,0,10,621.4,0,1
4,4,9,8,9,1,7,8,10,8,0,2,7,9,743.3,0,1
4,3,2,3,10,2,8,2,6,7,2,2,2,2,659.0,0,3
1,2,4,1,4,2,2,1,2,7,0,1,2,1,557.9,1,3
2,1,3,3,10,1,8,3,5,8,6,2,8,3,684.5,0,0
2,1,3,3,10,1,8,3,5,8,6,2,8,3,684.5,0,0
4,3,1,3,10,1,8,5,8,8,2,2,2,10,715.7,1,2
3,3,3,2,10,2,3,0,6,6,7,2,0,3,606.1,1,2
5,1,10,10,10,1,5,2,10,8,1,2,3,10,746.7,0,2
0,5,3,0,8,2,2,0,2,5,10,2,1,2,557.5,0,2
3,1,1,10,3,1,8,1,5,9,2,2,1,3,677.9,0,1
4,3,4,4,4,2,10,2,8,7,1,2,2,7,674.7,1,1
5,5,0,10,2,1,1,3,8,7,1,1,1,6,642.4,1,2
5,4,5,6,3,1,7,7,7,7,0,2,2,3,667.7,1,1
3,3,4,7,7,2,8,4,10,8,5,2,1,4,646.4,1,2
4,4,1,6,1,1,1,0,1,8,1,1,2,10,598.7,1,3
3,4,2,7,6,2,1,1,8,6,1,1,1,7,599.7,1,3
5,2,7,3,4,1,7,7,10,8,3,2,5,7,704.2,0,1
1,1,10,10,10,1,5,1,8,9,1,2,1,10,722.7,1,1
5,1,5,10,2,1,9,10,7,7,1,2,10,10,761.2,0,2
1,1,10,10,10,1,5,1,8,9,1,2,1,10,722.7,1,1
3,3,10,10,10,1,7,3,7,8,2,2,7,4,729.1,1,1
1,5,2,5,5,2,2,1,1,5,2,2,2,2,606.6,0,2
4,1,3,0,5,1,7,1,8,7,1,2,0,10,659.4,1,1
5,2,3,5,0,1,4,4,10,8,10,1,4,10,673.6,0,1
4,4,6,9,5,2,5,5,4,9,7,2,7,7,677.7,1,0
4,4,6,9,5,2,5,5,4,9,7,2,7,7,677.7,1,0
5,3,6,5,7,1,8,4,4,6,0,2,2,4,675.4,1,2
1,5,4,6,10,1,0,3,7,10,3,1,0,2,641.1,1,1
5,3,8,4,10,2,0,6,10,6,1,2,3,10,685.1,0,1
5,3,8,4,10,2,0,6,10,6,1,2,3,10,685.1,0,1
2,4,0,2,5,1,4,1,10,7,8,2,1,1,625.8,0,2
2,4,1,1,4,1,1,1,10,7,8,2,1,2,622.4,0,2
3,3,4,4,10,2,7,10,10,6,7,2,10,7,719.1,0,2
0,3,0,0,3,2,1,0,1,5,1,1,0,2,531.8,0,1
5,0,10,10,10,2,6,5,7,6,0,1,8,6,689.6,1,1
5,3,9,7,5,1,4,6,7,7,10,2,2,6,674.5,1,2
4,2,8,10,10,2,9,3,5,7,5,1,4,7,675.8,0,1
2,4,3,10,3,2,7,5,1,7,5,2,8,7,666.5,1,3
3,0,5,7,5,2,5,8,10,6,2,2,10,10,722.5,1,1
3,2,6,3,5,1,8,4,9,7,2,2,2,6,671.5,0,1
3,5,1,1,0,1,3,1,2,7,1,2,2,7,615.7,1,2
5,1,10,10,10,1,10,10,10,8,1,2,2,10,779.0,1,3
5,3,10,3,6,1,2,2,3,6,2,1,3,6,641.2,1,2
1,2,2,1,1,1,1,1,1,7,1,2,0,0,571.3,1,1
2,3,5,0,5,2,1,0,1,6,2,2,1,7,625.5,1,3
5,3,6,9,10,2,7,2,10,7,7,2,1,4,707.4,1,2
5,4,4,5,10,2,10,0,3,8,0,1,0,10,662.0,1,3
1,5,4,3,4,2,2,1,2,6,10,2,1,2,586.6,0,2
1,3,9,10,8,2,7,3,10,6,2,2,4,5,697.0,0,3
2,3,7,4,10,1,8,3,8,7,1,2,1,2,681.5,0,3
4,5,5,10,4,1,8,3,10,5,2,2,1,2,684.9,0,1
4,5,4,10,5,1,8,2,10,5,2,2,1,1,683.2,0,1
5,4,5,9,5,1,6,1,8,8,1,2,1,3,676.6,1,3
5,3,6,9,10,2,7,2,10,7,7,2,1,4,707.4,1,2
3,2,3,3,4,1,5,2,9,7,2,2,6,5,686.8,0,3
5,1,10,10,3,1,6,2,9,8,1,2,3,10,724.4,0,3
5,4,6,10,10,1,8,10,9,8,6,2,8,7,756.7,0,2
5,4,2,3,3,1,3,3,7,8,1,1,1,10,633.9,1,3
5,4,2,3,3,1,3,3,7,8,1,1,1,10,633.9,1,3
1,1,5,2,5,2,7,2,2,7,1,2,10,10,676.9,0,1
5,3,7,10,10,1,7,5,3,6,9,2,8,3,717.7,1,3
1,1,8,10,10,1,6,3,1,8,1,2,6,6,699.0,1,2
2,1,4,4,10,1,7,4,5,7,3,2,4,5,675.8,0,1
5,4,5,7,6,1,2,1,6,9,2,2,1,2,656.0,1,2
4,4,5,3,6,2,1,1,5,8,10,2,1,2,604.6,0,2
5,2,4,4,4,1,6,3,10,6,5,2,3,8,691.9,1,1
2,3,6,6,5,1,7,2,4,8,2,2,4,4,679.2,1,0
2,5,1,1,0,1,8,0,1,8,0,1,1,10,583.4,0,2
5,2,10,4,3,1,7,3,2,7,1,1,0,5,627.6,1,1
1,3,1,5,3,2,0,0,1,8,10,2,0,10,595.3,0,1
2,3,5,8,10,1,6,5,2,7,1,2,3,7,685.4,0,1
3,1,10,6,10,1,10,10,6,4,4,2,10,6,751.9,0,1
3,3,3,4,4,1,7,4,5,7,3,2,3,10,662.2,0,1
5,3,6,10,10,2,6,2,6,7,2,2,10,7,703.2,1,2
1,4,3,1,10,1,2,1,7,7,2,2,0,2,608.2,0,1
2,4,6,2,4,1,7,1,10,7,1,2,2,10,663.2,1,1
5,5,1,10,3,2,10,1,2,8,7,2,1,10,660.1,1,3
4,2,3,3,9,1,2,2,7,4,6,1,5,10,656.9,1,1
4,2,3,3,9,1,2,2,7,4,6,1,5,10,656.9,1,1
2,2,5,5,10,2,7,3,2,8,4,2,1,10,658.4,1,2
1,4,8,8,10,1,5,5,8,7,3,1,4,6,649.2,1,2
1,4,4,1,1,1,5,1,1,8,3,2,0,1,595.3,1,1
3,5,3,10,4,2,1,2,5,7,10,2,5,5,623.1,1,1
2,2,5,10,10,1,7,5,5,7,7,2,8,5,674.1,1,1
4,3,10,10,10,2,8,5,6,7,1,2,1,3,710.0,1,1
5,3,5,5,10,1,7,2,2,6,3,2,2,4,685.2,1,2
1,2,4,10,5,2,4,4,3,5,2,2,2,10,620.6,0,2
1,4,5,5,6,1,6,7,6,10,3,1,0,1,613.7,1,1
5,4,2,0,4,1,3,0,5,7,5,2,1,7,606.1,1,3
4,2,4,10,5,1,8,4,5,8,3,2,6,10,728.7,0,3
2,1,4,9,2,1,2,1,2,8,2,1,0,3,624.4,1,2
5,4,3,1,2,2,6,1,2,7,1,2,2,10,617.4,0,3
3,4,4,2,7,1,3,1,8,6,4,2,2,6,645.6,0,2
1,5,2,2,2,1,5,1,3,9,0,2,1,10,626.5,1,1
2,4,2,10,10,2,7,2,5,6,9,2,1,5,643.3,1,2
5,3,5,4,10,2,5,3,10,6,1,2,2,10,673.2,1,2
4,2,4,8,6,2,2,2,3,10,1,2,4,5,664.1,0,2
2,1,3,5,3,2,7,10,2,8,2,2,10,5,682.2,0,1
0,2,6,6,1,1,8,10,1,8,0,2,10,2,676.9,0,1
1,5,0,0,1,2,0,0,1,5,10,1,0,0,509.7,1,3
5,3,9,10,10,1,5,10,10,8,0,1,10,5,746.7,0,2
2,5,4,3,2,2,0,2,5,5,4,2,1,3,590.4,1,1
3,3,6,3,4,2,3,0,5,7,7,2,0,3,612.9,1,2
3,2,6,5,10,2,3,2,10,7,0,2,1,5,659.8,0,3
5,4,5,2,5,1,5,2,5,6,2,2,1,6,653.5,1,1
0,1,4,8,4,2,7,3,6,6,1,2,6,0,641.8,1,1
3,3,3,2,7,1,1,0,5,9,7,1,0,1,596.3,1,2
2,1,6,4,10,1,6,3,4,6,2,2,2,4,663.5,0,0
4,5,10,7,10,1,10,3,7,8,5,2,2,5,690.0,1,2
1,3,4,8,5,2,7,0,5,8,7,1,0,7,633.5,1,3
2,2,1,1,1,2,3,0,1,10,2,2,3,3,585.5,1,1
4,3,2,2,10,1,7,2,6,9,1,1,7,7,650.9,1,1
1,3,1,5,5,1,0,1,9,7,4,1,2,10,635.8,0,1
3,5,8,10,10,1,6,4,4,6,8,2,2,10,690.7,1,2
5,5,10,10,10,2,4,5,5,7,5,2,5,6,687.7,1,3
2,1,9,10,3,1,4,2,5,6,2,2,1,7,667.1,0,1
1,3,3,0,5,2,0,0,2,7,3,2,0,4,576.6,0,1
2,4,4,5,6,1,3,4,1,9,2,1,0,3,617.6,0,1
2,2,10,7,10,1,8,10,5,6,3,2,6,8,758.9,1,0
4,5,5,8,3,1,8,1,3,6,6,2,3,4,690.5,1,2
3,2,2,2,1,1,2,1,2,9,0,2,0,7,624.6,1,1
3,2,1,1,1,1,2,1,2,9,0,2,0,7,617.8,1,1
3,1,7,4,10,1,9,2,6,7,2,2,1,7,679.4,0,1
2,3,4,6,10,2,5,1,5,7,1,2,1,4,638.4,1,2
3,3,3,3,0,2,6,1,10,8,3,1,3,10,605.6,0,1
5,0,8,10,6,1,6,2,3,8,0,2,3,7,724.9,0,3
2,4,6,8,8,2,7,2,3,6,1,2,2,3,654.8,1,1
1,5,4,2,4,2,1,1,5,5,9,1,2,3,553.0,0,1
3,3,4,4,7,1,10,3,5,6,2,2,5,9,701.1,1,2
1,3,9,9,10,1,8,4,1,7,4,2,9,6,709.0,1,2
4,2,3,10,10,2,5,4,6,6,3,1,7,3,660.5,0,1
1,5,5,10,10,2,4,4,6,7,3,2,2,2,652.2,0,1
3,5,10,6,4,1,5,3,10,5,10,2,1,3,666.2,1,2
4,4,7,10,9,2,6,5,7,6,9,1,4,5,674.3,1,1
4,2,3,10,10,2,5,4,6,6,3,1,7,3,660.5,0,1
2,5,5,10,10,2,5,3,5,5,3,2,6,3,648.2,1,1
1,1,10,10,5,2,2,4,3,7,0,2,6,5,685.6,0,2
5,5,10,5,10,2,6,2,10,7,3,2,0,3,675.1,1,2
3,3,5,4,10,2,7,5,10,6,2,1,3,4,666.4,0,1
4,3,4,10,10,2,8,6,10,8,0,2,5,3,722.9,1,2
2,3,4,5,5,2,5,2,3,8,0,1,2,7,634.8,0,1
1,3,10,8,10,2,9,8,2,8,1,2,4,2,694.1,0,2
2,3,6,7,8,1,6,5,1,6,5,2,2,3,671.4,1,1
0,3,4,5,10,1,8,8,10,7,8,2,4,3,671.7,0,1
2,2,3,1,10,1,2,3,8,5,4,2,0,9,664.1,0,1
2,4,5,2,10,1,7,8,4,6,2,2,2,2,655.0,1,1
2,2,5,10,5,1,7,5,1,7,0,2,1,3,681.8,1,1
2,3,7,5,10,1,3,2,4,5,6,1,1,5,646.3,0,1
5,5,6,3,10,2,3,4,7,8,5,2,2,10,652.6,1,1
0,3,4,10,10,1,7,5,6,6,9,2,2,10,703.0,1,1
4,4,3,6,10,2,1,2,8,6,6,1,2,4,620.1,1,0
3,2,2,5,3,1,5,3,5,7,2,2,2,7,677.5,1,2
1,2,10,5,10,2,8,7,3,7,3,1,0,7,644.8,1,3
4,5,5,8,5,2,5,1,7,6,2,2,1,4,657.3,1,3
3,2,4,8,10,1,5,6,10,7,6,1,5,7,705.7,0,1
3,4,2,4,4,1,6,2,7,5,3,2,4,4,663.9,1,1
5,4,1,10,10,2,9,2,4,7,1,1,0,1,626.3,1,1
0,1,10,6,4,1,8,5,5,8,1,2,5,10,694.7,1,1
3,5,10,4,3,1,8,1,9,7,5,2,1,1,654.5,1,2
2,4,5,0,5,1,4,0,1,7,7,2,10,10,654.6,0,1
1,2,4,5,2,1,2,3,2,8,4,2,2,10,641.4,0,1
4,3,10,5,8,1,7,9,5,5,5,1,5,9,704.3,0,1
2,2,8,7,10,1,7,9,7,7,4,2,7,6,710.2,0,0
1,5,5,0,4,1,5,1,10,8,8,2,1,10,649.8,0,1
3,5,6,10,6,1,6,2,3,6,1,2,6,2,690.5,1,3
2,3,10,10,10,2,7,0,1,7,1,2,0,3,681.8,0,2
1,3,7,10,7,1,5,0,6,7,6,1,1,5,635.2,1,1
2,5,5,10,5,1,8,4,4,7,5,2,2,7,685.8,0,2
1,1,2,5,4,1,8,4,6,7,0,2,8,9,699.8,0,3
2,3,6,10,5,1,7,7,6,7,4,2,4,7,718.5,0,1
1,5,2,5,4,1,6,2,9,7,1,2,5,10,671.5,0,3
3,2,10,6,3,2,3,4,2,6,2,1,3,10,656.3,1,1
3,2,5,10,10,2,6,3,6,8,1,2,4,10,686.4,1,2
4,4,2,5,5,1,6,1,3,6,2,1,2,4,624.2,1,2
5,2,7,5,9,2,7,3,1,7,4,2,7,7,698.8,0,2
5,3,7,8,9,1,7,5,4,6,4,2,7,7,714.5,1,2
5,1,8,3,10,1,7,5,10,8,1,2,6,10,726.3,0,1
3,0,5,6,2,1,5,0,8,8,2,2,2,10,663.0,0,1
1,1,1,2,0,1,0,3,3,8,3,1,1,9,595.7,0,1
5,2,5,6,3,1,8,3,7,6,2,2,2,10,715.1,1,3
3,3,0,7,7,1,6,3,3,5,3,2,2,3,675.0,0,3
0,1,4,10,10,2,7,4,3,7,1,2,7,5,680.5,0,2
3,2,6,3,10,1,7,1,7,5,1,2,2,6,658.8,0,1
3,2,6,3,10,1,7,1,7,5,1,2,2,6,658.8,0,1
5,3,2,2,3,1,3,0,3,6,1,1,0,10,615.7,1,2
3,3,4,4,10,1,5,1,3,8,3,2,1,4,650.1,1,2
0,5,5,10,5,2,7,2,8,8,10,2,4,10,632.4,0,1
3,1,10,10,10,1,9,8,3,6,1,2,10,2,750.0,1,3
2,4,5,10,8,1,6,5,5,7,4,2,6,3,703.0,1,1
4,3,5,0,10,1,6,2,10,6,3,2,1,10,676.6,1,2
1,2,10,10,6,2,1,8,4,5,2,2,4,4,688.8,1,3
0,2,10,10,6,2,1,8,5,5,2,2,4,3,694.1,1,3
5,4,5,1,2,1,9,6,2,9,7,1,1,7,628.0,1,3
5,4,5,8,5,1,8,1,4,7,7,2,3,2,665.4,1,2
1,2,8,4,5,1,1,3,1,7,5,2,5,7,658.0,1,1
2,2,7,10,5,2,7,4,9,8,1,2,4,8,704.0,1,3
5,2,10,10,7,2,7,1,10,6,1,2,1,7,702.1,0,3
5,0,9,10,10,1,8,4,5,8,2,2,8,10,769.5,1,1
4,1,2,3,2,2,6,1,1,9,1,2,3,10,638.0,0,1
1,2,4,6,3,1,4,2,5,8,0,1,1,7,616.5,0,1
5,5,3,5,3,2,4,2,7,7,1,2,1,8,654.1,0,1
2,2,5,4,4,1,6,1,3,6,7,1,2,2,605.5,1,1
4,3,10,4,4,1,4,2,4,5,1,2,3,1,656.5,1,1
2,5,2,3,1,1,5,1,3,7,3,1,0,7,607.4,1,0
2,5,2,3,1,1,5,1,3,7,3,1,0,7,607.4,1,0
2,4,6,2,8,2,2,5,1,7,8,1,0,10,596.8,1,3
4,2,2,1,9,1,2,1,3,7,1,2,0,5,631.2,0,1
5,1,4,10,5,2,10,7,5,6,2,2,10,10,743.6,1,2
5,2,6,5,3,1,9,7,7,8,1,2,4,10,729.1,0,3
0,2,7,7,3,1,2,1,2,7,2,1,0,10,625.9,0,1
1,4,6,2,2,1,0,0,2,7,4,1,1,2,590.2,1,2
3,2,3,10,10,1,8,2,8,8,2,2,6,10,707.2,1,3
1,2,4,5,2,2,10,3,4,8,1,2,5,3,641.8,1,1
1,2,4,5,2,2,10,3,4,8,1,2,5,3,641.8,1,1
0,2,7,7,3,1,2,1,2,7,2,1,0,10,625.9,0,1
2,2,10,7,4,1,9,6,5,8,1,2,1,6,706.6,1,2
3,5,3,10,7,2,1,3,3,6,2,1,2,7,648.0,1,3
5,2,4,10,6,1,7,1,7,8,0,2,3,10,724.0,1,3
1,5,7,5,10,2,5,10,3,7,5,1,0,3,612.5,1,2
2,1,7,7,5,2,9,7,1,7,1,2,2,10,709.0,1,1
5,4,9,6,6,1,1,2,4,8,1,2,8,2,680.9,1,2
5,5,7,3,10,2,5,2,7,7,3,1,1,1,625.2,1,2
2,3,4,5,5,1,5,2,3,7,0,2,1,1,656.7,1,2
2,3,4,5,5,1,5,2,3,7,0,2,1,1,656.7,1,2
2,3,4,5,5,1,5,2,3,7,0,2,1,1,656.7,1,2
2,2,4,3,5,1,10,2,3,7,0,2,1,1,663.5,1,2
4,1,10,10,10,1,6,2,10,6,1,2,4,5,715.7,1,1
2,3,2,6,10,2,7,8,1,7,3,2,3,6,675.0,1,2
1,4,6,10,10,1,5,1,7,6,0,2,0,1,643.7,1,2
3,3,6,5,9,1,6,1,7,8,5,1,2,4,674.7,1,0
5,2,5,4,2,1,2,0,2,8,4,2,1,8,607.4,0,1
2,2,5,7,10,2,3,10,3,7,2,2,6,6,683.9,1,3
2,2,5,7,10,2,3,10,3,7,2,2,6,6,683.9,1,3
3,3,2,2,5,1,6,1,3,5,4,2,1,10,675.0,0,3
3,4,7,4,10,2,7,8,4,7,7,2,9,7,670.5,0,1
3,5,4,2,10,2,7,10,10,6,9,2,3,0,647.7,0,1
2,3,1,5,10,2,6,1,10,5,1,2,3,10,666.2,0,2
4,3,6,10,10,1,5,6,6,8,2,2,7,7,728.9,1,1
4,3,8,10,8,1,6,1,8,5,3,2,1,4,716.8,1,3
0,5,2,10,10,2,4,0,5,5,7,2,2,7,602.3,1,2
5,2,10,4,4,1,6,3,5,8,2,1,3,5,693.0,0,3
5,2,9,10,10,1,8,3,10,8,1,2,3,10,755.2,1,2
5,5,3,1,2,2,0,1,1,6,10,1,0,2,533.7,1,2
3,4,9,8,10,1,8,3,6,7,2,2,2,8,696.4,0,1
5,3,7,6,5,1,10,1,10,8,2,2,2,8,711.0,1,1
2,1,10,10,7,2,8,2,5,6,3,2,1,10,709.6,1,3
5,4,10,7,4,1,7,5,7,7,1,2,8,7,723.8,1,3
5,3,5,3,10,1,8,5,10,6,0,2,6,7,729.3,1,2
2,4,5,7,10,1,6,9,9,6,0,2,8,7,749.5,0,3
5,3,5,3,10,1,8,5,10,6,0,2,6,7,729.3,1,2
2,2,3,3,5,1,7,5,4,8,1,2,4,5,677.5,1,2
4,2,2,3,9,2,4,1,3,7,5,2,1,4,627.8,0,1
2,2,5,5,10,2,8,5,4,6,3,2,5,2,668.6,1,2
2,5,4,10,10,2,5,1,1,7,3,2,0,7,637.6,1,2
5,0,2,5,5,1,7,4,10,8,1,2,1,10,677.0,0,3
4,3,5,6,10,2,8,7,8,6,4,2,10,7,689.8,1,2
5,4,4,8,4,1,5,3,8,8,2,1,4,6,659.6,1,3
2,4,6,5,10,2,6,3,1,8,5,1,4,0,612.3,1,1
2,2,2,10,10,1,9,2,8,9,0,2,2,10,668.3,1,2
3,5,3,5,1,2,4,0,1,8,4,2,0,3,583.4,1,1
1,3,4,1,3,2,5,1,4,5,3,2,1,7,612.3,0,2
5,4,3,1,3,1,2,1,6,6,3,2,1,0,618.0,0,2
4,4,3,10,5,1,6,3,6,6,2,1,3,5,655.4,1,3
1,4,2,2,2,2,4,2,2,6,1,2,1,4,613.8,1,2
3,4,8,8,8,2,7,3,2,5,2,2,8,4,657.8,0,3
1,4,4,2,4,1,3,3,4,6,2,2,3,6,629.5,0,1
1,1,2,4,4,1,3,4,3,7,2,2,6,10,685.6,0,3
5,5,10,5,10,2,5,2,10,7,7,2,0,3,624.1,1,1
1,0,4,3,10,1,8,2,3,8,2,2,2,7,672.2,1,1
3,4,10,4,4,1,5,2,4,7,7,1,2,5,614.4,1,1
4,3,6,3,5,2,8,1,2,7,1,2,1,10,661.6,1,3
4,3,6,3,5,2,8,1,2,7,1,2,1,10,661.6,1,3
5,2,1,1,4,2,2,1,8,8,3,2,2,10,657.9,0,2
5,2,1,1,4,2,2,1,8,8,3,2,2,10,657.9,0,2
5,2,1,1,5,2,3,1,7,8,2,2,2,10,661.1,0,2
5,2,1,1,5,2,3,1,7,8,2,2,2,10,661.1,0,2
5,1,1,1,5,2,2,1,7,8,2,2,2,10,669.6,0,2
4,4,1,7,1,2,8,9,2,7,1,2,7,1,658.2,0,1
3,3,3,0,5,1,5,1,10,9,0,2,1,10,661.9,0,1
3,3,3,6,2,1,3,3,1,9,0,1,3,8,626.1,1,3
3,5,6,4,2,1,2,0,6,8,5,2,0,10,645.6,1,3
1,4,1,4,10,2,5,1,6,7,10,2,1,2,602.9,1,2
3,3,4,10,10,2,3,4,3,7,1,2,5,5,683.9,0,2
3,4,4,6,10,1,5,4,10,6,0,2,5,5,669.8,1,2
4,3,6,5,5,1,8,1,9,8,7,2,2,10,697.2,1,1
2,5,3,0,5,1,3,0,1,7,4,1,0,6,584.9,1,1
3,1,1,0,5,2,1,0,4,8,2,2,1,7,592.5,0,2
5,4,5,10,10,1,5,1,2,7,7,2,4,4,692.2,1,1
3,3,6,6,7,1,1,5,4,6,2,2,8,1,672.0,1,3
3,3,5,10,5,2,6,7,7,7,3,2,10,8,710.2,1,2
2,5,8,6,10,1,4,1,10,7,2,2,3,6,678.5,0,1
1,2,4,1,6,1,3,3,10,7,0,2,4,10,670.0,0,1
3,3,5,2,4,2,6,5,9,7,2,2,2,1,632.4,0,2
5,4,7,10,10,1,3,2,8,8,2,2,1,7,705.5,1,1
3,3,5,10,5,2,6,7,7,7,3,2,10,8,710.2,1,2
5,3,7,1,2,1,8,2,5,7,2,2,1,2,670.7,0,1
2,3,5,0,10,2,10,0,4,5,4,2,0,10,624.2,0,2
4,3,5,3,7,2,5,0,7,8,5,2,0,7,639.0,1,1
4,3,5,3,7,2,5,0,7,8,5,2,0,7,639.0,1,1
2,5,3,2,10,2,2,0,2,7,10,1,0,1,537.5,1,1
2,4,3,5,1,2,5,0,10,8,1,1,0,10,607.3,0,1
1,3,2,2,10,2,1,0,2,5,3,1,4,5,583.0,1,3
4,4,3,7,3,2,10,4,3,8,2,2,0,7,636.5,1,3
5,1,4,8,5,1,8,2,5,7,0,2,3,5,696.2,1,2
5,3,7,1,2,1,8,2,5,7,2,2,1,2,670.7,0,1
3,1,3,7,2,2,8,1,8,6,0,2,1,10,659.2,1,3
3,5,2,1,2,1,3,0,1,4,6,2,0,3,579.2,1,1
3,4,6,7,7,1,7,5,7,5,1,2,5,5,684.3,1,2
5,1,10,10,10,1,2,1,5,7,3,2,5,5,733.6,1,2
1,3,2,5,4,1,8,3,8,4,0,1,6,10,653.7,0,0
3,5,2,4,4,2,8,1,2,6,7,1,1,5,598.5,1,2
0,3,0,3,2,1,0,0,10,3,0,1,0,10,592.7,0,3
2,2,7,7,10,1,8,5,4,8,3,2,10,7,728.5,1,2
3,4,10,8,10,2,10,5,5,8,1,2,8,6,693.0,0,3
5,2,10,10,10,1,10,8,10,8,0,2,8,7,797.7,1,3
2,1,8,2,10,2,4,2,2,6,0,1,2,10,635.9,0,0
3,4,2,2,1,2,7,0,5,7,1,2,1,8,641.8,1,2
1,3,5,4,5,1,3,0,7,7,1,1,2,2,616.7,1,1
2,4,4,10,8,1,9,7,10,8,0,2,9,3,746.7,0,3
5,0,8,5,8,1,9,2,9,7,3,2,2,10,722.5,0,2
3,1,10,2,10,2,10,3,5,8,1,2,2,7,689.6,1,3
1,3,3,3,6,1,10,1,1,8,1,1,1,5,649.7,0,3
1,3,3,3,6,1,10,1,1,8,1,1,1,5,649.7,0,3
3,3,4,3,6,2,4,1,5,7,7,2,1,8,612.9,1,2
2,4,10,9,4,2,4,3,8,7,2,1,2,10,654.3,0,2
3,3,2,10,6,1,3,3,4,9,1,1,2,5,652.2,0,2
5,0,5,4,4,2,4,3,3,7,1,2,7,5,699.2,1,2
3,2,3,5,5,2,5,4,5,7,2,2,3,4,650.3,0,3
1,3,2,4,7,2,6,3,1,6,1,1,5,2,594.9,1,2
1,5,4,10,10,2,3,4,5,6,1,2,2,10,643.3,0,2
3,3,10,6,8,2,7,1,3,8,1,2,2,2,656.9,1,2
4,1,2,10,2,1,10,6,10,8,0,2,8,10,733.1,0,3
1,5,3,2,2,2,1,3,7,6,10,1,1,2,550.2,1,1
1,5,3,2,2,2,1,3,7,6,10,1,1,2,550.2,1,1
0,0,5,10,5,1,10,3,8,9,1,2,5,10,749.9,1,3
2,5,3,10,10,1,10,3,6,8,1,2,7,10,701.7,0,3
2,2,5,10,7,1,2,2,7,7,0,1,3,7,691.5,0,0
2,2,5,10,8,1,2,2,7,6,0,1,3,4,672.6,0,0
4,2,5,4,10,2,6,8,5,8,2,2,3,10,696.4,1,1
3,2,2,3,3,1,4,0,2,7,7,2,1,9,624.2,1,1
5,0,3,0,1,1,7,0,2,8,0,2,1,7,641.4,0,1
4,0,8,8,3,1,5,7,7,7,3,2,7,5,711.9,1,1
3,2,10,6,6,2,8,3,5,8,2,2,4,6,677.7,1,2
1,4,2,0,9,1,5,1,1,8,7,1,1,1,590.2,0,0
3,2,5,7,8,2,8,2,2,7,4,2,5,8,688.8,1,0
0,3,7,10,10,1,7,4,10,7,2,2,3,10,709.1,1,0
3,3,4,10,6,1,5,1,5,7,5,2,8,5,677.5,0,3
1,4,2,0,9,1,5,1,1,8,7,1,1,1,590.2,0,0
0,5,6,5,4,1,3,1,1,7,10,1,0,2,586.6,1,1
4,3,5,4,10,1,7,2,8,7,2,2,5,4,700.2,1,0
4,2,10,5,8,1,6,1,8,8,7,2,5,7,719.1,1,2
3,3,3,10,10,1,7,2,3,7,4,1,1,10,641.4,1,2
1,3,5,4,2,1,9,0,6,8,0,2,1,10,666.0,0,1
3,4,3,4,3,1,7,3,3,4,1,1,5,4,605.1,1,1
0,5,2,10,10,2,2,1,4,6,7,2,1,7,610.8,1,2
4,3,10,10,5,1,7,2,8,7,0,2,4,10,730.8,1,2
3,2,3,4,6,1,5,1,8,7,3,2,1,2,642.4,1,2
4,3,10,6,5,1,10,6,10,7,8,2,5,10,748.2,1,1
4,1,10,4,10,1,3,4,6,8,0,2,3,10,715.3,0,0
2,3,7,10,10,2,3,4,4,7,1,1,5,3,622.9,0,3
2,4,10,9,4,2,4,3,8,7,2,1,2,10,654.3,0,2
2,3,3,7,5,1,8,4,6,7,1,2,5,5,670.9,0,1
3,4,10,10,10,2,3,1,1,5,4,1,2,10,637.2,1,1
2,2,6,3,6,1,7,3,8,7,1,2,5,5,705.3,1,0
2,2,10,8,10,2,6,2,7,8,1,2,6,3,705.3,0,1
0,2,0,0,2,1,0,3,5,5,5,1,4,0,571.7,1,0
1,1,1,0,2,1,2,3,4,5,1,1,1,0,595.3,1,1
0,5,3,3,6,2,7,1,2,9,10,2,5,1,588.9,1,1
3,5,10,3,10,2,5,4,6,6,5,1,0,10,623.1,1,1
3,2,8,10,6,1,6,4,4,8,1,2,5,5,709.8,1,2
3,2,8,10,6,1,6,4,4,8,1,2,5,5,709.8,1,2
5,0,7,7,4,1,8,3,5,6,3,2,6,10,713.0,1,3
1,5,3,7,7,2,8,2,3,7,5,2,2,7,629.5,1,2
3,3,8,6,10,2,4,1,3,8,3,2,8,2,672.2,1,1
4,1,7,3,7,1,7,1,8,9,2,2,4,10,687.0,1,1
5,2,10,10,10,2,7,2,10,8,1,2,1,3,717.8,1,2
5,2,10,10,10,2,7,2,10,8,1,2,1,3,717.8,1,2
4,1,6,10,4,1,2,2,5,9,3,1,2,10,696.6,1,1
1,5,10,10,10,1,5,1,9,7,3,1,0,2,663.0,1,0
5,4,3,1,10,2,5,2,9,7,10,2,4,4,629.0,0,2
3,3,5,10,10,1,4,6,7,7,3,2,5,7,703.4,1,1
1,2,4,1,3,2,6,0,8,6,5,1,4,5,608.2,0,1
2,5,7,8,10,1,7,5,6,7,4,2,4,3,681.1,1,2
5,2,6,10,10,1,7,7,10,8,8,2,6,6,738.2,1,2
2,4,3,3,5,2,3,0,1,7,6,1,1,0,559.4,1,1
3,2,6,7,6,2,10,3,6,8,7,1,3,6,654.1,1,1
3,2,3,7,7,2,10,4,3,8,7,1,4,4,645.0,1,1
4,2,3,7,4,2,3,6,4,8,1,2,6,6,684.3,1,1
3,4,10,4,10,1,6,2,5,7,2,2,1,2,663.9,1,1
3,2,1,0,5,2,8,4,6,6,0,2,0,3,646.9,0,1
3,4,6,4,10,1,6,2,10,7,4,2,2,2,663.2,1,0
3,4,6,4,10,1,6,2,10,7,4,2,2,2,663.2,1,0
5,4,6,9,9,1,8,4,9,8,4,2,9,7,726.1,1,3
5,3,10,10,8,1,7,7,6,7,5,2,8,10,759.3,1,2
2,5,5,3,3,2,3,0,6,7,9,2,0,6,579.1,1,2
2,5,5,3,3,2,3,0,6,7,9,2,0,6,579.1,1,2
1,4,7,10,10,2,4,0,4,8,0,2,1,7,674.1,1,0
2,2,6,2,5,1,7,0,10,7,5,1,1,9,653.0,0,1
4,2,3,6,10,2,6,4,4,7,2,1,2,5,662.0,1,2
5,3,3,4,10,2,3,1,8,9,6,2,0,2,629.2,1,2
1,5,10,5,10,1,3,8,2,6,5,2,3,10,697.1,1,2
3,5,2,4,10,1,0,1,10,5,0,2,3,10,662.8,1,2
3,2,7,5,5,2,7,4,7,9,2,2,3,10,717.4,0,3
3,3,3,2,4,2,4,1,10,6,1,1,1,10,634.1,1,1
4,3,10,8,10,1,6,3,2,6,2,1,5,5,668.2,1,1
1,5,8,10,6,1,5,1,3,8,1,2,0,2,621.2,1,1
3,4,5,3,3,1,6,0,4,2,1,2,0,5,638.9,0,2
2,4,3,10,9,1,5,1,6,7,3,1,2,4,655.6,1,2
5,0,10,10,8,2,9,10,7,7,0,2,5,10,749.3,0,3
3,3,3,2,4,2,4,1,10,6,1,1,1,10,634.1,1,1
2,2,5,10,10,2,7,1,5,5,1,2,7,2,643.1,1,1
5,2,6,7,3,1,7,2,2,8,3,2,2,10,694.1,0,2
4,3,9,10,6,1,9,3,10,8,1,2,9,8,743.3,0,1
1,2,4,3,4,1,8,3,1,8,2,2,10,4,675.2,0,2
3,4,8,3,3,2,8,1,5,7,1,2,0,10,657.1,1,3
3,4,4,5,4,1,9,3,10,7,2,2,3,8,705.7,1,1
4,4,4,7,10,2,8,8,8,7,3,2,3,8,667.9,0,2
0,5,5,4,5,1,7,2,7,6,2,2,1,10,652.2,0,1
5,3,6,2,2,2,10,1,1,6,1,2,5,7,634.0,1,3
5,2,5,10,1,1,7,1,10,10,1,1,3,10,721.6,0,3
3,3,8,2,4,1,6,1,7,7,2,1,1,2,642.2,1,1
4,3,6,3,10,2,7,6,8,8,2,2,4,7,666.4,1,0
4,3,6,3,10,2,7,6,8,8,2,2,4,7,666.4,1,0
2,2,10,9,9,1,10,5,10,8,1,2,2,3,722.9,1,2
5,3,6,1,5,1,10,2,7,7,6,1,1,8,633.7,1,1
3,3,5,1,5,1,8,6,7,8,4,2,1,6,657.7,1,1
2,2,10,2,10,1,7,3,3,7,2,2,2,5,672.0,0,1
2,4,1,10,10,2,1,0,2,8,1,2,1,3,619.3,1,3
4,1,3,5,6,2,8,4,10,7,0,1,3,6,663.2,1,2
2,4,5,3,10,1,7,3,1,7,2,1,1,3,612.1,1,1
3,1,5,3,7,2,7,3,1,7,2,2,10,10,686.9,0,3
1,2,4,10,10,2,6,4,4,4,2,2,6,4,659.7,1,2
3,1,6,6,10,2,3,1,5,8,1,2,0,3,660.7,1,2
5,4,3,4,4,1,0,4,2,7,6,1,5,4,603.8,1,3
3,2,8,10,8,1,6,1,8,7,2,2,7,10,717.2,0,1
2,2,10,5,4,1,4,2,5,6,4,1,3,5,656.9,1,1
5,2,5,9,4,1,8,1,4,8,3,1,3,10,672.4,1,1
3,2,0,1,4,1,4,1,4,9,2,2,1,10,633.5,1,1
4,4,1,5,7,1,5,4,10,7,1,1,5,10,641.1,0,1
1,5,3,0,4,1,6,6,8,7,4,1,7,10,635.6,0,2
3,2,8,10,5,1,9,2,5,7,1,2,1,7,733.6,1,2
2,3,10,10,10,1,10,1,10,7,1,2,3,7,748.2,0,2
2,1,10,10,6,1,7,4,10,8,1,1,3,3,719.5,1,1
1,4,5,10,10,2,7,4,2,8,0,1,1,10,651.6,1,3
5,3,5,10,10,1,7,8,10,7,3,2,10,6,768.6,0,1
3,2,8,5,9,1,8,2,6,7,4,2,1,10,711.7,1,2
5,3,10,10,5,1,8,4,6,7,2,2,6,8,718.5,1,2
3,4,5,3,3,1,5,1,5,6,1,2,1,5,650.1,1,1
0,4,4,4,4,1,2,1,2,8,0,2,1,10,634.6,0,3
2,4,2,8,1,1,5,10,10,9,0,2,10,10,711.2,1,1
2,5,3,10,6,2,8,3,10,6,0,2,4,3,686.8,1,2
1,4,1,1,3,2,1,1,4,3,5,1,1,7,557.5,1,2
3,3,10,10,10,1,6,4,4,8,4,1,9,7,720.0,1,1
1,2,8,8,10,1,4,1,10,8,4,1,4,8,699.1,0,1
0,1,8,7,8,1,4,3,4,7,3,2,1,10,675.6,0,1
3,2,5,10,5,2,5,2,5,5,1,2,6,5,648.2,1,2
4,2,2,1,1,1,6,3,2,8,5,1,0,5,624.4,1,1
2,4,2,6,1,1,2,2,8,9,6,1,2,3,634.3,0,1
4,3,9,9,5,1,9,5,4,8,4,2,8,4,709.8,1,2
1,2,7,8,5,1,7,2,6,7,1,1,4,4,670.9,0,1
5,1,9,2,10,2,8,3,3,6,3,2,2,1,658.2,0,1
3,4,2,7,8,2,5,5,3,6,7,1,3,7,612.3,0,1
2,4,3,10,5,1,8,0,8,6,1,2,2,10,654.1,0,2
1,2,8,8,10,1,4,1,10,8,4,1,4,8,699.1,0,1
3,5,5,5,5,2,5,5,5,7,2,2,0,10,658.8,1,1
3,5,5,5,5,2,5,5,5,7,2,2,0,10,658.8,1,1
4,4,2,2,3,1,8,1,4,8,3,1,0,10,662.2,1,1
1,4,7,10,10,2,1,2,6,7,3,1,1,5,638.6,1,1
3,3,3,10,1,1,10,1,6,8,1,1,10,2,713.6,0,3
1,1,4,6,3,2,8,2,8,7,1,1,2,5,640.7,1,2
5,2,3,5,6,1,9,5,8,7,3,1,5,7,698.5,1,0
0,5,0,6,0,1,0,1,1,6,1,1,3,3,588.1,0,2
5,3,4,2,4,1,9,5,3,8,0,2,3,10,685.8,1,2
3,0,3,1,3,1,9,3,6,8,1,1,9,10,684.7,0,1
1,4,2,5,3,1,7,3,8,5,8,1,3,4,608.0,1,1
4,3,4,10,10,1,8,2,5,5,4,2,1,4,700.9,0,2
4,3,4,10,10,1,8,2,5,5,4,2,1,4,700.9,0,2
2,5,5,8,10,1,4,4,3,6,6,2,7,3,658.2,1,2
3,2,10,2,10,1,4,1,10,7,0,2,2,10,717.6,1,0
3,3,5,2,6,1,4,5,3,7,4,1,10,5,641.4,0,1
2,1,4,1,4,1,4,2,2,8,1,2,0,9,638.0,1,1
4,3,6,3,2,2,6,3,1,7,0,2,2,10,661.4,1,2
3,3,4,8,5,1,8,2,5,7,7,2,10,7,680.9,1,2
5,4,8,3,10,2,6,2,6,8,1,2,4,4,671.1,1,2
5,4,6,4,10,2,7,3,6,8,1,2,4,5,688.1,1,2
1,1,6,2,10,2,10,4,4,5,3,2,2,5,642.9,0,2
3,4,2,7,7,1,7,0,10,8,6,2,5,10,685.5,1,0
2,4,0,0,6,1,0,2,2,7,0,1,0,0,578.3,0,0
5,4,5,5,10,2,7,3,6,7,5,1,7,10,655.6,1,1
2,4,10,3,6,1,7,4,8,7,0,2,0,10,691.7,0,1
4,4,2,2,3,1,8,1,8,7,1,2,1,10,659.4,0,2
5,1,10,7,8,1,8,2,1,8,0,2,2,10,716.0,0,1
5,1,10,7,8,1,8,2,1,8,0,2,2,10,716.0,0,1
1,4,1,0,10,2,0,0,6,6,0,1,0,0,561.9,0,1
2,4,10,3,6,1,7,4,8,7,0,2,0,10,691.7,0,1
3,3,10,10,10,1,5,1,9,7,2,2,3,7,693.6,1,3
3,2,4,4,6,1,2,1,3,8,1,2,0,7,656.9,1,3
3,2,5,0,5,2,2,0,10,8,1,2,0,10,668.5,0,1
3,3,4,6,2,2,7,0,6,6,1,2,0,7,652.0,1,3
3,3,4,6,2,2,7,0,6,6,1,2,0,7,652.0,1,3
1,5,5,6,10,1,3,5,5,6,3,2,1,2,636.5,1,1
5,1,7,10,10,1,9,2,10,8,0,2,1,1,711.0,0,1
3,2,5,4,6,2,8,3,7,8,1,2,1,8,676.4,1,1
2,4,5,1,4,1,7,1,5,8,4,2,2,6,625.0,1,2
3,2,5,10,10,2,10,10,2,6,1,2,10,5,731.1,1,3
3,1,10,8,7,2,3,2,5,6,1,2,2,7,687.5,0,3
4,1,4,5,0,1,7,4,1,5,0,2,4,10,667.8,1,3
3,2,8,8,10,1,10,3,10,7,2,2,3,5,741.4,1,1
5,0,5,3,2,1,8,2,5,8,0,2,3,9,684.5,0,1
5,0,5,3,2,1,8,2,5,8,0,2,3,9,684.5,0,1
2,5,10,6,2,1,7,1,2,8,1,2,3,7,665.2,1,1
2,4,10,8,2,1,7,3,2,8,1,2,3,7,673.7,1,1
5,0,5,3,2,1,8,2,5,8,0,2,3,9,684.5,0,1
5,3,5,10,8,2,6,4,3,7,4,1,2,8,665.2,1,2
3,4,1,4,4,1,5,0,3,6,7,2,0,5,634.4,1,1
5,4,10,5,8,2,6,3,8,8,6,1,6,5,661.3,1,1
3,2,10,3,10,1,7,2,5,7,4,2,2,4,692.8,1,1
1,4,4,3,10,2,0,0,8,7,10,2,0,7,603.3,0,2
4,5,2,2,1,1,10,3,10,9,3,2,4,10,685.7,1,3
4,5,2,2,1,1,10,3,10,9,3,2,4,10,685.7,1,3
2,3,4,2,4,2,2,2,1,6,0,2,2,3,603.4,1,2
3,3,5,10,10,1,8,6,10,6,2,2,6,2,719.1,1,2
2,4,9,8,9,1,7,4,6,7,2,2,6,7,706.6,1,1
5,4,7,3,10,1,7,5,3,6,10,2,0,3,673.5,1,2
3,3,6,5,10,2,7,6,8,6,5,2,10,5,706.8,1,1
2,4,3,3,4,2,3,2,9,6,10,2,0,2,615.2,0,1
5,4,10,7,10,1,10,1,7,6,2,2,2,2,691.3,1,2
5,4,7,7,10,1,5,2,9,7,4,2,9,10,739.5,1,3
3,4,5,3,5,1,6,3,10,4,7,2,1,1,637.1,1,3
2,4,4,2,2,2,2,1,2,7,6,1,3,2,578.3,1,1
5,2,2,5,10,1,9,3,7,8,0,2,2,8,698.5,1,2
2,2,8,6,7,1,6,2,5,6,5,1,3,10,685.8,1,2
5,3,4,10,6,2,3,4,10,7,1,2,6,6,697.2,1,3
2,1,4,10,2,1,5,0,5,7,1,2,0,7,652.0,1,2
3,4,6,6,3,1,6,3,6,8,0,2,2,10,696.6,0,1
2,3,6,10,4,1,6,2,4,10,3,1,4,6,652.4,1,3
5,2,7,10,6,1,7,6,2,8,3,2,5,5,700.9,0,1
5,5,2,0,5,1,7,0,6,5,10,1,1,0,609.3,1,3
2,2,10,7,7,1,8,6,2,7,4,2,6,10,693.9,0,0
3,3,4,10,6,1,4,5,5,6,2,2,3,10,682.4,1,1
2,2,2,5,2,2,2,2,2,7,2,2,0,10,620.8,1,3
1,2,4,5,10,1,8,7,10,6,5,2,6,10,727.6,0,1
3,4,7,1,2,1,5,1,10,9,1,1,5,10,650.0,1,1
5,2,3,5,2,2,0,1,4,8,2,1,3,10,638.4,0,2
4,1,7,10,10,1,3,7,1,6,1,2,10,9,746.2,1,3
4,5,8,6,10,1,5,8,4,9,6,2,3,5,691.3,1,1
3,2,10,10,10,2,6,8,9,7,3,2,4,7,722.5,0,1
4,1,10,10,6,1,10,9,4,8,3,1,2,10,723.4,1,2
2,2,5,10,10,2,8,5,1,6,0,2,5,1,659.5,1,2
3,4,5,9,3,1,7,1,10,7,10,1,1,10,641.1,1,3
3,4,5,9,3,1,7,1,10,7,10,1,1,10,641.1,1,3
3,4,10,7,10,2,9,7,9,7,5,2,10,9,741.2,0,3
5,0,10,10,5,2,10,7,5,9,0,2,5,10,739.1,1,3
1,2,4,2,7,1,4,3,8,9,4,2,4,10,698.9,0,1
1,2,4,2,7,1,4,3,8,9,4,2,4,10,698.9,0,1
2,0,0,2,4,2,0,4,2,7,3,2,4,1,590.2,0,1
5,2,2,3,3,2,5,2,3,6,1,2,0,5,625.9,1,3
2,5,3,3,4,2,6,1,5,7,6,1,5,3,589.1,1,3
2,5,0,10,10,2,5,6,3,6,9,1,7,1,629.3,1,1
3,5,6,8,10,2,7,3,6,7,6,2,2,6,674.3,1,2
3,2,2,3,7,1,6,6,10,7,2,2,4,10,710.8,0,2
3,2,2,3,7,1,6,6,10,7,2,2,4,10,710.8,0,2
1,3,10,2,8,2,6,2,3,7,3,1,1,3,629.5,0,2
2,4,3,3,7,2,3,0,8,6,0,2,0,2,609.9,0,3
2,1,3,3,3,2,1,1,3,7,2,2,1,4,619.3,0,1
4,1,10,10,7,2,8,10,6,7,5,2,10,10,716.8,1,3
1,4,2,1,2,2,8,1,3,6,1,1,1,2,571.5,1,2
2,5,3,3,5,1,6,6,5,6,10,2,2,2,616.1,1,0
5,4,6,2,5,2,7,7,8,6,2,2,2,3,659.2,1,1
5,1,9,5,10,2,8,2,8,7,0,2,1,10,715.5,1,1
2,2,3,5,5,1,3,2,7,6,0,2,6,7,696.4,0,1
5,3,6,3,5,1,7,5,6,7,1,2,2,8,694.7,1,3
1,5,4,4,4,1,10,10,1,6,2,1,5,9,651.0,1,1
4,1,6,4,3,1,3,0,2,4,2,2,1,8,649.1,0,1
4,1,7,10,10,1,8,7,8,6,1,2,8,7,730.6,1,2
3,3,6,10,7,1,7,1,7,7,5,2,6,8,701.7,0,1
1,1,1,5,1,1,1,2,3,8,1,1,9,8,626.3,0,1
1,1,1,5,1,1,1,2,3,8,1,1,9,8,626.3,0,1
2,3,5,3,3,1,6,5,7,7,0,2,2,1,645.6,1,1
4,3,5,4,10,2,7,2,3,8,2,2,8,5,670.5,0,1
1,2,7,5,10,2,8,4,8,6,0,1,4,7,669.4,1,1
2,3,5,3,3,1,6,4,8,7,0,2,2,1,664.5,1,1
3,1,10,7,5,2,10,2,2,7,1,2,1,1,658.2,1,0
5,3,10,6,10,1,8,3,7,8,3,2,1,7,734.2,1,1
4,2,10,7,7,1,8,2,9,8,3,2,3,8,731.2,1,1
2,4,5,2,3,2,7,2,4,8,2,2,3,7,641.8,0,3
3,1,8,7,10,1,7,3,7,6,2,2,3,7,704.9,0,1
3,1,1,0,1,1,0,1,7,5,2,1,1,10,599.3,0,1
3,1,8,5,10,1,7,3,7,6,2,2,3,7,696.4,0,1
4,3,3,1,3,1,4,2,6,6,3,2,1,5,635.0,1,1
5,1,6,10,5,2,9,2,6,7,0,1,6,10,716.8,1,3
4,2,6,8,10,1,8,3,10,8,2,2,5,10,734.8,0,2
3,4,5,3,9,1,10,0,8,7,0,2,1,7,686.6,1,3
5,3,5,6,2,1,3,0,6,8,1,1,4,5,645.6,1,1
5,2,6,7,7,1,9,3,3,6,1,1,5,8,654.8,1,2
3,4,5,10,5,1,6,5,2,9,3,1,1,5,633.1,1,2
5,4,5,5,5,1,4,4,8,8,1,1,2,10,683.4,1,1
0,3,6,1,4,1,1,1,4,6,1,1,0,2,598.9,0,0
3,2,6,8,10,1,7,6,3,8,2,2,2,4,711.3,1,2
5,3,7,6,10,2,9,6,10,8,2,2,3,10,731.4,0,1
2,0,10,10,10,2,3,10,6,8,0,1,10,10,700.0,0,1
2,1,5,4,6,2,5,3,10,7,0,2,3,10,700.6,1,1
3,5,6,5,10,1,7,3,6,6,3,1,4,10,680.9,1,1
3,5,6,5,10,1,7,3,6,6,3,1,4,10,680.9,1,1
2,3,2,3,10,2,5,4,5,6,3,2,2,6,631.4,0,2
5,2,5,10,6,1,7,1,5,7,3,2,0,8,696.2,1,3
4,2,8,10,8,1,7,3,7,7,3,2,2,7,713.6,1,1
3,3,4,4,10,2,3,1,2,6,6,2,0,2,620.6,0,3
1,1,4,5,10,1,1,10,5,9,1,2,4,0,696.6,1,0
2,5,2,1,2,1,7,4,6,7,5,2,1,2,631.8,1,1
3,3,8,8,10,1,10,3,5,7,3,2,7,10,721.7,1,3
2,4,1,0,5,1,2,1,10,7,7,1,4,2,588.4,1,1
1,3,5,5,10,2,3,2,4,7,4,2,2,6,624.6,1,1
3,0,5,10,10,1,5,8,10,10,0,2,8,10,750.5,0,1
1,4,2,1,8,1,6,2,3,6,1,2,4,6,639.5,1,2
5,0,6,2,7,1,10,10,4,8,0,2,6,10,721.7,0,1
1,3,6,6,2,1,5,1,3,7,1,2,1,7,641.4,1,3
4,4,10,10,10,2,7,7,1,7,6,2,8,10,727.7,1,1
4,2,8,5,10,2,10,2,7,8,1,2,4,2,695.1,1,3
4,2,8,5,10,2,10,2,7,8,1,2,4,2,695.1,1,3
5,2,1,4,10,1,7,2,9,7,6,2,1,7,673.2,0,3
3,4,4,4,5,1,4,4,6,6,4,2,2,10,653.7,1,1
3,0,8,1,2,1,10,2,1,9,1,2,0,2,641.4,1,2
3,2,10,10,7,1,10,9,7,8,5,2,8,10,749.5,1,0
1,4,3,10,7,1,10,1,2,6,1,2,1,8,678.4,1,2
1,1,10,7,10,1,5,6,2,7,1,2,3,10,726.2,1,1
2,5,2,5,6,1,8,1,4,6,2,1,5,5,646.5,1,1
1,1,4,8,2,1,6,2,3,7,4,2,0,8,666.9,0,1
2,2,3,2,6,1,5,4,2,5,5,2,1,4,620.4,1,1
0,3,7,3,3,1,2,4,8,6,1,2,5,10,672.8,0,1
1,4,2,10,6,1,2,0,10,6,1,2,1,10,671.5,1,3
2,1,3,5,5,2,3,1,4,7,3,1,2,5,614.4,0,2
2,0,8,5,10,1,3,7,8,6,5,2,9,6,705.1,0,1
5,1,4,10,3,2,5,2,5,7,0,2,3,7,679.2,1,3
3,3,4,6,10,1,3,1,10,8,1,2,1,10,702.5,0,3
4,2,6,8,5,1,9,3,10,6,1,2,4,10,742.9,1,3
3,3,7,10,10,2,5,1,6,7,3,2,0,1,640.3,0,1
5,5,2,2,3,1,5,2,10,8,2,2,7,10,663.4,0,1
5,5,2,2,3,1,5,2,10,8,2,2,7,10,663.4,0,1
5,4,6,4,10,1,10,6,2,7,1,2,1,7,699.0,1,3
2,2,4,10,10,1,3,2,9,6,4,1,2,10,664.5,1,1
4,3,3,2,8,1,7,3,10,7,3,2,2,7,658.1,0,1
3,3,5,10,6,1,5,1,6,7,3,2,1,3,667.5,1,2
3,2,4,10,4,1,6,2,5,8,0,2,1,8,670.9,1,2
2,3,3,4,4,1,7,2,5,6,1,1,2,5,641.6,0,1
4,3,2,6,5,2,7,3,4,7,2,1,3,2,626.3,1,2
1,1,5,4,4,1,6,3,4,7,1,2,6,6,673.9,0,1
3,3,10,6,8,2,8,1,1,8,1,2,3,3,656.5,0,3
2,3,10,4,10,1,6,4,4,7,2,2,2,7,690.9,1,1
1,3,4,5,8,1,6,2,9,7,2,2,6,8,678.3,0,0
1,4,4,5,10,1,5,0,8,8,3,2,0,0,630.7,0,0
1,3,5,3,10,2,0,5,10,7,4,2,2,10,637.7,0,0
1,2,6,7,4,2,8,1,7,8,3,2,2,10,676.4,1,2
2,3,10,10,10,2,5,2,2,8,2,1,9,5,685.6,1,1
2,4,1,0,10,1,3,0,3,7,6,2,0,10,615.9,0,1
4,1,8,8,8,1,10,3,10,7,3,2,3,10,738.0,0,3
4,3,7,10,6,1,3,2,7,9,3,1,1,7,703.8,0,0
5,2,0,0,2,1,4,0,10,7,5,2,1,10,629.2,0,1
3,3,4,2,2,1,10,0,3,7,0,2,2,7,661.8,1,3
2,4,7,8,10,2,5,4,4,6,10,2,8,7,689.0,1,2
0,5,2,1,1,2,0,0,1,8,7,2,0,1,554.5,0,1
0,5,2,1,1,2,0,0,1,8,7,2,0,1,554.5,0,1
1,3,1,5,6,2,3,2,3,8,5,2,1,7,619.5,1,2
2,4,4,10,6,1,8,1,3,8,2,2,1,4,668.8,1,3
1,5,2,2,10,1,8,1,8,4,1,2,1,0,643.5,1,1
1,4,10,2,3,1,3,1,5,8,0,1,1,7,614.8,0,1
3,1,10,10,10,2,9,1,5,8,0,2,2,5,691.3,0,3
1,5,2,3,1,1,5,2,5,4,0,1,0,3,612.3,0,2
4,1,3,4,7,1,7,5,4,6,0,2,2,6,670.3,0,1
3,1,0,0,0,2,0,1,2,5,1,2,0,10,605.1,0,1
1,4,3,4,3,1,6,2,5,6,0,2,3,4,622.9,0,1
1,3,10,10,10,2,5,2,10,5,3,2,6,2,659.4,1,2
2,1,4,9,3,2,4,5,5,6,0,2,5,10,687.5,1,3
1,4,5,2,3,1,7,3,5,8,5,2,3,2,647.1,0,2
3,3,7,3,10,2,7,2,8,6,4,2,8,3,677.9,1,1
1,5,2,8,10,2,2,0,1,6,7,1,1,1,560.9,1,1
2,2,6,10,5,2,8,2,3,6,3,1,3,4,632.7,0,1
5,2,10,10,10,1,10,10,10,8,5,1,10,10,767.1,1,1
4,3,6,10,10,2,5,4,3,8,5,2,3,10,658.6,1,3
5,2,6,5,10,1,5,3,6,5,1,2,1,5,707.9,1,3
3,3,5,10,10,2,7,2,7,8,1,2,5,2,695.1,1,1
5,3,8,6,3,1,8,1,5,8,2,2,2,4,713.4,1,2
1,3,10,6,10,1,7,2,6,5,1,2,1,5,677.3,1,1
2,4,8,2,10,1,6,6,2,7,1,2,5,1,661.6,0,1
4,4,9,4,3,2,6,1,9,6,10,2,6,5,642.4,1,2
3,5,3,10,7,1,5,7,1,5,3,2,10,10,717.1,1,2
1,2,1,1,3,2,0,1,2,5,2,2,1,5,588.1,0,1
3,2,1,9,4,1,2,2,4,6,2,1,1,7,639.7,0,2
2,4,5,1,4,1,2,0,8,7,5,1,0,1,582.9,0,1
2,2,5,5,10,1,6,5,7,5,2,2,8,10,708.1,1,2
3,3,3,6,10,1,5,8,5,5,3,2,8,3,663.5,1,2
2,3,7,5,7,2,7,4,10,7,4,2,4,6,688.7,1,1
5,5,6,4,5,2,7,3,8,8,2,2,2,5,649.4,1,3
4,0,6,2,10,2,5,5,5,8,2,2,1,7,670.9,1,1
3,3,8,10,10,1,10,4,4,7,0,2,6,3,697.7,1,2
3,1,7,3,5,1,7,2,9,7,0,2,1,7,683.4,0,1
5,1,10,10,7,2,7,4,7,6,1,2,9,10,735.5,1,1
2,1,10,10,10,2,6,3,8,7,0,2,6,7,718.9,0,1
3,4,6,6,5,2,8,3,2,6,10,2,7,2,639.3,1,2
3,4,6,6,5,2,8,3,2,6,10,2,7,2,639.3,1,2
1,1,5,10,10,1,7,3,5,6,1,1,8,3,658.6,1,1
1,1,5,10,10,1,7,3,5,6,1,1,8,3,658.6,1,1
1,2,5,1,10,1,6,3,2,8,3,1,3,6,641.4,1,2
4,3,10,10,10,1,9,7,8,7,0,1,7,8,742.7,1,1
5,3,10,10,10,1,7,2,10,8,7,2,2,7,756.9,1,1
4,0,4,5,8,2,10,2,10,10,1,2,3,10,723.3,0,3
1,3,10,3,3,1,7,2,4,8,2,1,2,5,648.6,1,0
1,3,10,3,2,1,7,2,4,8,2,1,1,3,641.8,1,0
1,4,0,0,3,1,6,0,3,7,0,1,0,10,576.8,0,3
4,4,3,3,3,1,4,1,8,7,3,1,1,3,620.3,0,1
3,4,3,6,10,1,7,3,6,8,3,1,1,4,645.6,1,2
1,0,6,8,7,2,4,2,2,10,1,1,9,3,645.2,1,2
1,5,3,0,5,2,9,1,3,8,10,2,2,0,594.0,1,1
2,3,4,3,7,2,2,4,6,4,7,2,1,4,612.5,1,0
3,2,8,4,10,2,5,7,3,8,1,2,10,9,689.2,1,0
1,5,3,3,10,1,7,2,4,5,5,2,2,5,646.3,1,0
2,1,5,0,4,1,7,3,5,7,2,1,3,8,645.2,0,1
1,3,5,5,10,2,7,4,5,9,1,1,7,5,645.6,1,1
3,3,7,10,10,1,6,3,4,8,3,2,8,10,728.5,0,3
2,4,2,8,10,1,3,0,3,6,1,2,0,0,654.8,1,1
4,4,10,10,10,1,8,8,7,9,10,2,10,10,763.3,1,3
2,5,4,3,10,1,8,6,6,5,3,2,5,3,662.0,1,1
2,5,4,3,10,1,8,6,6,5,4,2,6,3,655.2,1,1
1,4,10,10,10,2,3,2,10,7,5,2,2,7,661.5,0,2
1,0,5,4,5,1,8,3,5,7,2,2,1,6,655.4,0,2
2,4,3,5,9,1,5,6,7,8,5,2,2,4,661.1,1,2
0,0,5,0,4,2,0,0,10,8,5,2,0,10,620.9,0,2
5,0,3,2,2,1,2,2,10,8,0,1,2,10,663.4,0,1
5,5,3,2,7,2,6,1,5,7,0,2,2,10,638.4,0,1
0,2,4,3,3,1,1,1,5,7,9,2,1,7,612.9,1,3
0,1,2,0,1,2,2,0,3,6,0,2,0,10,597.0,1,2
0,2,3,0,3,1,3,1,4,5,4,2,3,1,602.1,0,2
3,3,6,3,2,2,5,3,8,9,2,1,2,3,630.9,1,1
4,1,5,2,6,1,5,1,8,8,0,2,2,10,691.9,0,1
3,3,6,4,6,1,5,1,5,7,8,2,1,5,636.7,1,1
3,2,10,3,5,2,9,2,5,7,1,2,1,7,682.6,0,2
4,5,8,3,4,1,0,0,10,6,2,2,1,7,647.7,1,1
5,4,5,10,1,1,6,4,6,9,1,1,2,10,676.4,1,3
1,2,3,0,2,2,1,1,5,7,0,2,1,10,612.9,1,3
3,4,2,1,9,2,5,3,5,7,2,2,1,2,629.9,1,1
4,5,10,7,7,2,8,5,5,6,6,2,2,7,689.2,1,3
5,5,10,5,4,1,2,2,1,6,4,1,3,4,635.7,1,3
3,2,2,4,3,1,7,1,10,8,2,2,1,9,685.5,0,1
1,3,3,3,6,2,5,1,3,7,2,2,4,1,592.1,1,1
2,0,5,10,10,1,10,4,10,6,1,2,4,10,756.5,0,3
1,4,2,3,3,1,2,2,2,7,2,1,7,7,639.5,0,1
2,1,6,7,5,1,6,5,6,8,3,2,2,7,693.2,0,1
2,3,2,2,3,2,5,1,1,6,1,2,0,2,623.8,0,3
2,1,6,2,6,2,4,5,1,6,6,2,2,3,601.7,1,3
3,3,6,4,6,2,5,4,5,7,5,2,5,5,646.9,1,1
4,3,4,10,10,2,8,2,8,8,10,2,6,10,715.7,1,1
1,5,2,10,2,1,1,1,1,5,5,1,0,2,581.1,1,1
1,1,9,6,3,2,5,2,2,8,8,2,1,5,632.9,1,2
4,0,10,10,6,1,6,8,9,6,1,2,7,10,761.4,1,1
2,3,8,3,9,2,8,5,6,6,3,1,3,5,645.2,1,2
2,4,4,3,7,1,6,3,10,7,4,2,5,4,647.9,0,1
4,4,9,4,10,1,8,6,8,7,8,2,6,8,722.3,1,0
4,2,6,7,1,2,5,0,5,8,0,2,1,4,643.7,1,3
4,2,6,7,1,2,5,0,5,8,0,2,1,4,643.7,1,3
3,5,1,10,1,2,0,0,2,6,0,1,0,10,584.9,0,2
2,1,4,3,2,2,5,6,7,7,1,2,4,8,676.2,0,3
3,2,7,3,10,1,9,5,10,6,0,2,5,10,751.4,1,3
3,5,10,8,10,2,7,3,5,7,7,2,4,7,663.9,1,2
2,2,4,7,3,1,3,2,5,7,1,2,5,4,675.8,0,1
2,2,4,7,3,1,3,2,5,7,1,2,5,4,675.8,0,1
4,3,4,4,3,1,6,3,5,7,3,2,3,7,655.4,0,1
3,3,4,5,4,1,5,1,6,7,1,2,1,2,653.9,0,2
5,1,10,10,10,2,6,6,5,6,1,2,6,10,755.5,0,2
5,2,3,5,5,1,6,2,10,7,3,2,2,10,707.4,1,3
2,1,1,1,1,2,10,4,5,8,1,2,4,5,667.5,1,3
3,1,10,10,7,1,10,4,10,8,3,2,6,5,729.7,0,1
4,3,10,7,7,1,8,2,9,9,3,2,5,4,728.0,1,0
5,4,7,4,10,1,8,2,8,7,3,2,2,8,679.8,1,1
3,3,5,4,3,1,7,2,10,8,2,2,1,9,688.9,1,2
2,4,3,1,3,2,3,2,4,7,3,2,0,3,611.0,0,3
4,1,3,2,10,1,8,5,6,8,2,2,2,10,706.8,1,2
3,2,7,2,6,1,8,5,4,8,0,2,3,10,691.1,0,1
4,1,3,2,10,1,8,5,6,8,2,2,2,10,706.8,1,2
3,2,2,2,3,1,9,2,4,8,3,2,4,7,680.9,1,2
5,2,10,6,10,1,10,7,8,8,1,2,3,6,742.9,1,2
3,4,6,6,10,2,6,1,3,8,5,2,1,5,673.9,1,2
5,4,3,3,10,2,2,1,8,8,0,2,1,1,632.4,0,2
5,3,7,10,2,1,5,1,5,8,7,1,0,10,652.2,1,1
1,4,8,3,8,1,6,0,3,5,0,2,1,1,639.3,1,1
4,3,4,6,5,1,8,5,1,8,1,2,6,10,709.2,1,3
3,3,3,10,10,1,6,3,6,7,1,2,5,4,669.2,0,2
3,5,3,8,5,1,6,4,10,4,10,1,6,10,659.2,1,1
1,3,4,4,5,1,3,0,5,7,1,1,1,8,616.3,0,1
1,3,4,4,5,1,3,0,5,7,1,1,1,8,601.0,0,1
0,5,0,0,0,2,0,0,1,1,10,1,0,0,480.0,1,1
2,2,8,6,10,2,6,8,1,6,5,2,2,5,656.1,1,2
2,2,3,6,5,2,5,4,5,9,1,1,2,5,625.2,1,2
3,5,10,10,5,1,5,3,3,6,0,2,1,10,709.2,1,2
5,3,10,6,5,2,10,5,10,8,1,2,5,10,739.9,1,3
3,3,10,3,3,1,3,2,1,8,3,2,3,5,668.4,1,2
4,1,10,4,10,1,7,5,8,7,3,2,3,10,725.7,1,1
5,0,4,4,3,1,7,2,6,8,2,2,4,7,684.7,0,2
2,3,4,3,10,1,6,4,4,6,6,2,3,6,660.1,0,1
2,2,8,6,10,2,6,8,1,6,5,2,2,5,656.1,1,2
2,2,5,10,4,1,5,1,5,6,1,1,5,2,648.4,0,1
1,5,8,4,10,1,3,1,8,8,4,2,1,6,652.8,1,1
5,1,10,10,10,1,9,6,6,7,0,2,8,6,755.9,0,3
3,1,2,7,5,1,9,6,7,6,3,2,2,8,694.7,1,3
2,3,4,5,7,1,3,6,7,6,6,2,8,6,679.4,0,1
2,2,8,6,10,2,6,8,1,6,5,2,2,5,656.1,1,2
2,4,6,4,2,2,5,1,2,7,2,2,1,7,617.4,0,2
5,3,10,7,10,1,4,4,10,8,10,2,3,10,733.1,0,1
2,5,3,1,10,2,8,0,5,6,2,1,0,2,583.8,1,1
4,5,1,6,5,2,6,5,10,6,10,2,3,10,674.9,0,3
3,1,6,8,3,2,3,1,9,6,1,2,1,8,661.1,0,3
3,3,3,0,2,2,7,3,2,5,1,2,4,6,611.9,0,1
3,3,5,2,3,2,5,0,6,6,1,2,2,7,628.2,1,1
2,2,8,6,10,2,6,8,1,6,5,2,2,5,656.1,1,2
2,0,2,0,0,2,0,0,3,8,0,2,0,7,602.5,1,3
1,3,6,5,1,1,6,2,4,8,2,2,3,10,696.2,0,1
0,4,0,2,4,2,10,2,9,8,6,1,0,4,607.1,0,2
0,1,10,3,10,2,7,9,4,7,0,2,3,6,685.8,1,1
3,3,4,10,7,2,3,0,6,6,5,2,1,7,653.7,1,3
5,3,8,3,8,1,9,2,8,7,1,2,3,10,724.0,1,3
2,4,5,0,5,1,5,4,10,8,1,2,8,3,653.2,0,2
1,2,7,10,5,1,10,8,2,7,1,2,0,0,676.9,1,3
3,2,10,4,10,1,3,4,10,7,1,2,3,5,705.7,1,1
3,3,5,8,10,1,5,7,7,8,1,2,5,10,703.6,1,0
1,3,2,3,4,2,3,1,4,8,3,1,2,10,604.4,1,1
1,3,10,10,4,2,8,1,1,9,0,2,8,10,683.9,1,1
2,1,5,3,1,1,1,1,8,7,1,1,1,3,625.4,1,3
4,3,0,2,10,2,5,3,10,6,5,2,2,7,632.4,0,1
4,3,0,2,10,2,5,3,10,6,5,2,2,7,632.4,0,1
4,3,0,2,10,2,5,3,10,6,5,2,2,7,632.4,0,1
2,3,5,5,2,1,4,1,5,6,2,1,3,8,621.2,0,2
2,2,7,0,8,1,8,2,7,8,1,2,2,7,671.3,0,1
4,2,3,10,6,1,9,7,8,8,9,2,8,10,742.9,0,1
4,1,10,5,10,1,7,9,5,9,2,2,3,10,727.2,0,0
1,4,6,6,3,2,3,3,3,9,1,2,1,4,635.0,0,2
1,4,5,7,10,1,7,4,10,7,8,2,6,8,681.9,0,1
1,0,0,10,4,2,1,0,8,9,5,1,8,8,641.1,1,3
5,3,2,0,4,1,2,1,5,9,1,2,2,10,660.9,1,1
2,5,8,10,10,2,6,1,7,7,9,2,3,1,643.9,1,2
5,2,6,5,5,1,6,4,3,7,4,2,4,8,673.7,1,1
4,3,6,5,5,1,3,2,8,9,3,1,5,10,685.3,1,2
5,3,4,6,4,1,8,2,10,6,1,1,2,7,693.6,0,2
5,3,3,6,6,1,3,1,3,7,1,2,1,7,634.6,0,0
2,4,3,3,8,2,4,0,4,10,7,2,2,10,616.7,0,1
2,2,8,6,10,2,6,8,1,6,5,2,2,5,656.1,1,2
3,4,5,3,10,1,7,6,7,6,2,1,6,10,704.9,1,0
3,2,10,10,6,1,6,2,2,7,0,1,3,7,680.3,1,0
3,4,6,8,4,1,8,3,5,8,0,2,10,2,701.5,0,1
4,3,2,4,4,1,6,2,7,9,7,2,3,8,669.8,1,1
4,3,2,4,4,1,6,2,7,9,7,2,3,8,669.8,1,1
3,3,2,2,10,1,7,0,10,8,4,2,10,10,685.5,1,0
1,1,4,5,6,1,6,4,6,7,1,2,4,10,693.0,0,1
1,2,9,2,9,1,6,6,3,7,1,1,3,7,670.3,1,0
3,0,6,4,4,2,0,0,1,6,0,2,0,8,640.8,1,3
5,3,3,1,4,1,7,1,3,7,5,2,1,7,629.5,1,1
5,3,5,6,4,1,3,5,9,8,4,2,3,4,666.6,1,0
4,3,4,7,9,2,2,1,5,7,8,2,1,9,624.8,0,1
3,4,2,2,2,1,5,3,1,7,8,2,1,7,603.6,0,2
2,5,5,8,10,2,5,4,10,6,4,1,5,4,659.6,1,1
4,3,4,7,9,2,2,1,5,7,8,2,1,9,624.8,0,1
5,2,4,3,2,1,7,1,2,7,0,2,2,10,685.4,1,2
3,5,10,10,4,2,4,1,3,7,2,1,4,5,636.3,1,1
3,3,5,8,10,1,5,7,7,8,1,2,5,10,703.6,1,0
3,5,6,5,10,2,6,2,7,7,4,2,2,5,655.8,1,1
4,3,10,10,7,1,5,3,6,5,8,2,3,8,701.1,0,1
2,1,4,3,7,1,7,3,10,8,0,2,1,5,702.5,0,3
2,3,10,10,10,2,7,9,6,6,1,1,10,8,723.4,0,2
5,3,8,8,10,1,6,1,5,7,3,2,2,7,696.2,1,2
1,4,2,2,10,2,4,4,3,6,5,1,1,5,617.4,1,0
5,1,3,2,8,2,7,1,8,6,1,1,2,8,635.4,0,0
5,3,3,8,10,1,8,8,10,6,2,2,2,10,737.8,1,1
1,4,10,3,7,2,4,1,10,7,1,2,1,10,678.5,1,3
4,2,3,4,7,1,8,8,9,7,4,1,7,6,691.9,1,0
2,1,4,3,7,1,7,3,10,8,0,2,1,5,702.5,0,3
5,2,4,10,6,2,4,2,6,8,0,2,2,10,684.7,1,3
5,1,10,10,10,1,9,3,8,8,0,2,5,4,732.7,1,3
1,0,4,3,2,1,5,1,4,7,0,2,0,6,658.6,0,1
0,5,3,5,5,2,7,2,6,5,10,1,0,5,587.2,1,1
3,3,5,2,4,1,0,0,3,8,0,2,1,5,628.0,1,2
2,2,3,8,10,2,8,2,3,8,1,2,1,3,673.9,0,1
1,5,3,3,3,2,4,0,1,5,5,2,0,10,606.6,1,1
2,3,6,10,10,1,8,3,9,7,3,2,1,5,702.1,0,2
1,3,10,10,10,1,4,2,10,6,3,2,3,2,722.5,1,2
1,4,3,4,10,1,4,8,3,6,2,2,2,8,642.9,1,0
2,3,3,10,6,1,8,3,8,8,8,2,1,6,661.3,0,0
1,2,7,2,4,1,3,4,3,6,7,2,4,6,632.7,0,1
2,3,3,2,5,2,3,3,3,7,8,2,3,4,624.4,1,2
3,3,10,10,7,1,9,1,5,8,0,2,8,5,725.3,1,3
5,3,9,4,6,1,5,7,10,7,0,2,8,10,698.9,1,3
2,1,3,5,9,1,8,3,3,8,1,2,8,7,707.9,0,0
2,4,3,3,10,2,3,3,6,7,5,2,2,6,618.2,0,2
2,5,10,4,10,1,8,6,1,7,5,2,3,3,664.8,1,1
5,5,5,4,10,1,6,0,5,7,10,2,2,10,679.2,1,2
4,2,7,10,7,2,4,3,6,7,2,2,6,7,696.4,1,1
2,3,5,5,4,1,3,1,2,7,2,2,3,2,659.9,0,1
3,3,3,10,10,2,8,3,4,6,0,2,6,5,692.4,1,2
3,4,5,3,3,1,7,1,3,7,1,2,2,5,639.7,1,1
5,3,3,8,4,1,6,1,10,7,0,2,1,6,687.0,1,3
2,3,8,10,10,1,8,10,6,7,1,2,4,3,732.1,0,1
2,4,7,4,10,1,4,7,9,7,10,1,2,10,652.8,0,1
3,1,6,4,7,1,6,0,5,7,2,2,3,3,658.8,1,2
3,3,10,7,10,2,9,4,8,7,4,2,5,7,718.9,0,0
1,5,0,0,1,1,3,0,10,6,10,2,1,1,615.4,0,0
2,3,9,10,10,1,6,4,8,6,5,2,2,5,720.4,1,0
4,4,6,3,2,2,7,4,2,7,6,2,1,2,624.2,1,3
5,3,9,9,10,1,8,2,7,7,5,2,7,9,745.9,1,3
5,5,4,1,6,1,2,0,10,9,0,1,1,10,646.6,0,1
2,3,2,4,5,2,7,1,5,8,3,2,0,8,647.1,0,1
0,3,6,4,5,1,5,8,5,9,9,2,10,10,694.9,1,2
2,3,5,3,5,1,7,3,3,6,8,2,1,0,624.2,0,1
3,5,10,10,2,2,6,1,4,8,0,2,4,10,696.2,1,3
1,3,3,7,4,1,3,2,1,8,2,2,1,1,598.7,0,2
5,3,7,6,8,1,8,4,5,7,3,2,3,7,713.2,1,2
5,4,4,10,10,2,9,4,4,7,3,2,2,7,665.4,1,3
3,3,1,4,4,1,2,2,4,8,8,2,1,10,660.5,0,1
3,3,1,4,4,1,2,2,4,8,8,2,1,10,660.5,0,1
2,3,2,3,2,1,8,2,10,7,8,2,0,8,663.2,1,1
4,3,6,10,10,1,4,3,6,7,1,2,7,5,699.8,1,1
3,4,5,7,6,1,2,3,2,7,2,2,3,4,670.1,1,3
5,1,10,2,0,1,5,0,2,9,0,1,0,10,651.8,0,2
3,3,10,8,5,2,9,9,10,7,0,2,8,10,756.7,1,3
2,3,7,3,9,2,2,1,2,6,7,1,2,7,618.9,0,1
0,1,2,0,10,1,3,3,5,10,1,1,0,7,618.6,1,0
5,3,4,3,4,1,5,3,5,8,0,2,2,5,667.5,0,2
2,4,10,10,8,1,8,1,3,8,2,1,4,10,670.5,1,2
0,2,3,4,10,1,5,6,10,6,7,2,2,10,651.1,0,3
5,3,8,8,10,1,8,5,7,8,2,2,2,10,725.7,1,2
3,0,7,10,10,1,7,8,6,7,3,2,8,5,742.3,0,1
2,3,5,5,10,2,6,2,10,8,5,2,1,4,658.3,1,3
3,3,1,4,4,1,2,2,4,8,8,2,1,10,660.5,0,1
3,3,8,4,6,1,5,1,10,7,3,2,2,10,700.6,0,2
2,2,2,0,3,1,0,0,6,8,4,1,0,3,616.7,1,2
1,1,10,1,10,1,0,1,4,7,2,2,1,3,629.7,0,1
3,3,7,10,5,1,9,2,10,7,1,2,2,9,705.7,1,0
1,3,4,6,4,2,4,1,1,5,5,2,0,3,599.8,0,1
3,3,1,4,4,1,2,2,4,8,8,2,1,10,660.5,0,1
5,2,4,1,8,1,9,2,2,9,10,2,2,10,682.4,0,0
2,1,8,7,5,1,5,3,5,7,0,2,2,5,694.5,0,2
5,0,8,3,10,1,10,4,9,8,0,2,1,10,770.3,1,1
3,2,3,10,10,2,3,2,7,6,1,1,3,9,648.8,1,1
3,2,3,10,10,2,3,2,7,6,1,1,3,9,648.8,1,1
5,2,7,0,4,1,6,2,7,10,2,1,0,10,661.5,0,1
2,0,6,4,5,1,3,1,1,8,1,2,3,8,678.6,1,2
1,5,2,10,3,2,3,1,3,7,5,1,0,8,588.7,1,0
3,3,1,4,4,1,2,2,4,8,8,2,1,10,660.5,0,1
5,1,10,6,5,1,10,4,10,7,0,2,1,7,710.8,1,3
2,3,2,1,3,1,1,3,2,6,4,2,2,5,620.6,0,1
2,3,2,1,3,1,1,3,2,6,4,2,2,5,620.6,0,1
3,1,6,4,6,2,6,3,6,8,2,2,3,5,681.3,1,2
3,1,6,4,6,2,6,3,6,8,2,2,3,5,681.3,1,2
3,4,2,0,2,1,1,0,4,8,1,1,1,7,601.0,0,2
5,3,7,5,10,1,5,4,9,7,4,2,4,6,698.7,1,2
1,1,4,1,5,1,0,1,6,5,1,1,1,10,607.6,0,1
3,3,1,4,4,1,2,2,4,8,8,2,1,10,660.5,0,1
1,2,2,1,2,1,5,3,10,6,10,2,0,10,627.3,0,3
1,3,2,6,7,1,2,4,7,8,2,2,2,5,650.9,0,2
2,3,4,6,8,2,3,3,3,8,4,2,4,3,643.3,1,1
4,1,10,10,4,1,2,3,4,9,4,2,2,10,693.0,0,1
4,1,5,7,10,1,7,5,7,8,5,2,3,6,710.4,1,0
3,3,1,4,4,1,2,2,4,8,8,2,1,10,660.5,0,1
5,0,2,10,10,2,9,7,10,5,0,2,10,7,741.0,0,2
5,2,2,10,10,1,7,4,5,7,5,2,6,10,696.2,1,1
4,0,5,0,8,1,9,1,8,7,0,2,2,10,713.8,0,1
5,1,10,10,10,1,9,0,7,9,1,2,10,10,785.4,1,2
3,1,7,5,5,1,8,5,7,8,1,2,8,10,742.7,1,1
0,4,0,0,2,1,0,0,1,4,8,1,2,10,572.4,0,1
4,3,6,4,3,1,4,2,4,7,1,2,1,10,670.5,1,3
3,3,1,4,4,1,2,2,4,8,8,2,1,10,660.5,0,1
3,5,2,4,10,1,4,1,2,7,0,2,0,1,637.8,0,2
3,1,8,3,6,2,7,1,4,7,1,2,1,9,690.9,0,2
3,3,1,4,4,1,2,2,4,8,8,2,1,10,660.5,0,1
1,0,10,10,2,1,4,4,10,6,0,2,1,10,700.4,1,2
3,4,1,0,10,2,8,0,10,5,8,1,1,7,593.1,1,2
2,1,6,3,4,2,8,2,5,8,0,2,0,5,647.1,1,1
2,2,10,10,10,2,7,3,6,7,0,2,9,7,691.3,1,1
1,5,1,5,10,2,8,3,3,6,6,1,0,1,564.7,1,2
1,2,10,10,10,2,6,3,6,7,0,2,7,7,681.1,0,1
3,3,6,3,4,1,5,3,5,6,5,2,3,5,663.7,0,2
3,3,1,4,4,1,2,2,4,8,8,2,1,10,660.5,0,1
1,4,4,3,10,1,4,4,5,5,5,2,1,5,631.2,1,2
2,1,4,3,1,2,8,1,5,8,1,2,2,10,650.5,1,3
1,4,10,4,4,1,1,2,5,5,3,2,10,10,655.0,1,0
2,3,2,2,5,2,3,1,4,7,4,1,4,3,607.6,1,1
4,5,4,10,5,2,3,2,9,9,10,2,5,2,637.9,1,2
5,1,6,10,8,1,10,9,1,7,0,2,10,8,775.3,1,3
2,3,2,1,3,1,1,3,2,6,4,2,2,5,620.6,0,1
2,2,2,5,10,1,7,3,8,6,1,1,1,3,649.0,1,0
3,3,1,4,4,1,2,2,4,8,8,2,1,10,660.5,0,1
2,3,3,2,4,1,8,5,6,8,1,2,2,5,671.1,1,3
1,1,6,10,4,1,6,2,2,6,1,2,1,3,666.5,0,0
3,2,3,2,10,1,8,3,10,8,4,1,5,10,678.7,1,1
5,1,4,7,10,1,8,1,2,9,1,2,1,10,707.9,1,1
5,5,2,6,10,2,3,0,2,8,10,2,2,10,621.0,1,1
4,2,4,4,4,2,4,2,2,7,4,2,1,5,624.2,1,2
2,2,3,2,10,1,8,3,10,7,2,2,1,5,675.1,0,2
3,3,1,4,4,1,2,2,4,8,8,2,1,10,660.5,0,1
3,3,1,4,4,1,2,2,4,8,8,2,1,10,660.5,0,1
2,2,5,3,3,2,8,2,3,7,1,2,0,5,644.8,1,3
3,3,1,4,4,1,2,2,4,8,8,2,1,10,660.5,0,1
5,2,10,10,6,1,5,6,10,7,4,2,6,6,756.7,1,2
5,2,10,10,10,1,5,6,10,7,4,2,6,6,765.2,1,2
2,2,6,10,4,2,5,3,6,9,3,1,1,8,645.8,1,2
3,3,1,4,4,1,2,2,4,8,8,2,1,10,660.5,0,1
3,2,6,10,10,1,8,5,7,7,1,2,8,7,720.4,0,3
1,4,7,5,3,1,6,3,6,5,6,1,7,9,638.2,0,1
4,1,10,10,10,1,6,3,3,6,1,1,3,7,687.1,0,1
2,3,7,6,7,2,7,6,3,6,4,2,2,6,658.2,0,2
3,3,1,4,4,1,2,2,4,8,8,2,1,10,660.5,0,1
2,3,3,8,10,2,8,7,7,6,5,2,5,6,715.1,1,2
1,5,3,3,4,1,3,3,7,7,5,1,0,4,604.8,1,2
1,1,1,10,7,1,0,0,5,4,1,1,1,10,620.8,0,0
1,3,5,5,3,1,6,1,10,8,0,1,1,7,661.7,1,3
2,3,10,4,10,2,5,1,3,7,1,2,2,4,661.8,1,3
3,5,1,10,3,1,4,0,10,6,10,2,0,10,644.3,0,2
2,1,0,2,1,1,3,0,3,6,2,1,3,6,602.1,0,1
4,2,6,10,8,1,5,6,7,7,2,2,6,4,717.0,1,3
4,5,10,10,10,2,7,5,5,4,5,2,10,10,705.8,0,1
2,1,3,2,4,2,2,4,4,7,3,2,4,6,641.6,0,2
1,4,2,0,1,2,4,1,4,6,5,2,0,8,592.1,0,1
3,5,1,10,3,1,4,0,10,6,10,2,0,10,644.3,0,2
3,2,6,3,10,2,8,2,3,5,0,2,2,10,673.3,1,3
1,1,9,3,3,1,6,1,3,10,0,1,0,10,648.8,0,1
1,1,9,3,3,1,5,1,2,10,0,1,1,10,638.4,0,1
3,3,1,4,4,1,2,2,4,8,8,2,1,10,660.5,0,1
2,4,5,10,10,1,8,2,10,7,3,2,2,5,710.8,1,2
5,2,9,6,6,1,8,2,3,8,2,2,2,7,714.7,1,1
5,2,9,6,6,1,8,2,3,8,2,2,2,7,714.7,1,1
2,3,3,3,5,1,8,2,7,5,1,1,2,4,626.5,1,3
3,3,3,10,10,2,3,3,2,6,1,2,2,10,663.1,1,3
2,0,8,4,2,2,10,3,10,8,0,2,2,10,705.9,0,3
2,5,4,5,1,1,2,1,10,4,10,2,0,10,604.8,0,3
3,5,5,10,10,2,0,1,1,8,10,2,1,3,625.9,1,1
5,3,6,3,5,1,8,0,7,8,5,1,3,10,679.8,1,1
5,3,2,4,10,2,2,0,2,6,2,2,0,2,591.7,1,2
3,3,1,4,4,1,2,2,4,8,8,2,1,10,660.5,0,1
1,3,1,3,7,1,2,1,3,7,2,2,1,10,626.1,0,1
3,1,6,4,6,2,6,3,6,8,2,2,3,5,681.3,1,2
5,4,4,1,6,1,8,1,7,6,3,2,2,8,670.9,1,1
3,4,6,10,10,1,5,3,4,8,1,2,6,1,680.9,1,2
2,1,4,0,10,2,0,0,7,5,0,1,5,10,609.5,1,2
3,3,1,4,4,1,2,2,4,8,8,2,1,10,660.5,0,1
4,0,5,3,4,1,7,3,6,8,2,2,4,7,689.8,0,3
1,3,0,5,7,1,3,3,6,9,1,1,5,10,640.7,1,1
1,3,10,6,4,2,6,3,5,6,0,2,2,4,658.6,1,2
3,3,5,3,7,2,10,6,9,7,1,2,4,5,685.1,1,2
3,3,1,4,4,1,2,2,4,8,8,2,1,10,660.5,0,1
3,3,10,0,10,1,5,5,6,6,7,1,4,5,670.7,0,0
4,2,3,1,10,1,7,3,5,7,0,2,2,4,679.2,0,1
2,1,9,4,3,2,10,1,1,7,2,2,8,2,669.9,1,2
3,1,5,8,9,1,8,8,10,7,6,2,7,8,748.2,0,2
4,2,8,4,10,1,5,8,10,5,3,1,10,4,679.8,1,3
0,4,6,3,10,1,3,0,5,7,1,1,2,8,653.7,0,0
3,3,3,3,3,1,7,1,5,6,7,2,1,10,665.4,0,2
3,4,6,4,5,1,3,1,2,6,5,2,1,2,637.6,1,1
3,2,6,2,4,2,3,0,1,7,5,1,2,6,573.0,0,1
3,3,9,5,10,2,10,3,5,7,2,2,8,3,677.5,1,2
4,4,2,3,2,1,8,2,5,9,2,1,2,10,642.2,0,1
3,3,1,4,4,1,2,2,4,8,8,2,1,10,660.5,0,1
1,2,7,4,6,2,5,2,3,7,2,2,8,5,666.9,0,2
0,5,7,3,3,1,4,4,2,7,1,2,1,7,637.8,1,1
2,2,7,3,7,1,4,3,2,6,3,2,2,5,639.3,0,1
3,3,1,4,4,1,2,2,4,8,8,2,1,10,660.5,0,1
1,5,6,6,3,2,5,2,1,7,2,2,1,7,590.0,1,3
1,2,2,10,5,2,4,1,9,8,1,2,2,3,673.4,0,2
3,2,10,10,3,2,8,6,2,7,1,1,4,10,707.5,1,3
1,3,8,4,3,1,5,0,4,8,1,2,2,4,653.7,1,1
1,0,7,0,6,2,8,2,3,7,0,1,0,7,612.5,0,0
4,1,6,3,8,1,4,4,6,7,2,2,7,9,715.1,0,2
3,3,1,4,4,1,2,2,4,8,8,2,1,10,660.5,0,1
3,2,10,3,2,1,2,1,2,8,5,2,2,8,643.1,1,2
2,4,2,3,10,1,4,2,7,7,10,1,2,3,601.4,1,1
3,3,1,4,4,1,2,2,4,8,8,2,1,10,660.5,0,1
4,3,10,10,10,2,7,10,7,6,2,2,4,2,710.0,1,3
0,5,1,5,2,1,0,0,1,8,5,2,0,6,612.3,1,3
0,5,2,3,2,1,0,0,1,8,5,2,0,10,591.9,1,3
3,3,1,4,4,1,2,2,4,8,8,2,1,10,660.5,0,1
5,2,8,8,4,1,9,7,10,7,2,2,2,5,714.2,1,1
2,2,8,5,10,1,8,6,9,7,2,2,9,7,727.6,1,3
5,3,6,10,5,2,6,3,10,8,1,2,9,10,721.2,1,3
4,3,4,3,6,1,7,1,3,7,8,2,2,4,649.9,0,2
3,3,1,4,4,1,2,2,4,8,8,2,1,10,660.5,0,1
3,5,5,4,10,2,7,1,1,5,2,2,0,2,616.8,0,3
3,3,1,4,4,1,2,2,4,8,8,2,1,10,660.5,0,1
2,2,4,10,10,1,8,4,3,7,0,2,3,10,721.3,0,1
5,3,2,9,10,1,8,6,8,7,2,2,7,1,679.8,1,0
3,0,0,0,10,1,1,1,5,7,0,2,0,8,646.9,0,0
5,3,9,8,10,2,7,4,5,7,3,2,2,1,696.2,1,2
5,4,3,6,6,2,7,2,6,5,8,2,0,2,646.7,0,2
2,2,4,4,8,2,6,2,1,6,0,2,5,7,673.1,0,2
4,4,4,6,10,2,5,2,8,8,3,2,0,5,649.4,0,2
3,3,1,4,4,1,2,2,4,8,8,2,1,10,660.5,0,1
4,2,1,4,5,1,7,1,5,6,1,2,0,4,663.7,1,1
1,5,5,4,10,2,7,0,4,7,0,2,6,1,609.3,1,1
4,1,6,10,10,1,8,4,6,8,4,2,5,9,725.5,0,1
2,4,5,1,3,1,1,2,8,7,4,1,1,7,599.9,0,1
4,4,2,3,6,2,3,1,1,6,2,2,1,4,620.4,1,2
2,4,3,2,1,2,3,1,3,7,4,2,3,4,598.9,0,2
4,3,3,5,3,1,9,2,6,8,2,2,4,10,679.6,1,1
2,4,10,10,10,1,7,8,8,7,1,2,10,8,773.3,0,1
2,4,10,10,10,1,7,8,8,7,1,2,10,8,773.3,0,1
5,2,3,10,4,2,7,5,10,7,3,1,8,10,700.6,1,2
4,3,10,10,10,1,6,5,10,7,3,2,7,6,746.5,0,2
3,1,4,3,6,1,7,3,7,8,1,1,6,8,681.5,0,1
0,2,3,4,5,1,7,3,3,7,0,2,1,2,643.1,0,0
5,3,10,7,10,1,10,7,9,7,3,2,4,10,758.2,1,2
4,5,1,7,6,2,4,7,4,4,0,1,8,9,627.4,1,1
3,1,5,5,10,1,6,4,2,6,0,2,1,2,690.3,0,1
2,1,4,4,10,1,6,5,10,6,2,1,2,8,714.0,0,1
3,5,10,3,8,1,4,1,4,7,7,2,4,2,629.7,1,1
0,2,3,4,5,1,7,3,3,7,0,2,1,2,643.1,0,0
5,3,5,10,10,1,3,6,4,5,10,2,3,10,702.4,0,2
2,4,8,10,10,2,3,1,1,9,4,2,5,10,666.9,0,1
4,3,5,4,5,1,5,5,5,7,1,2,2,6,660.5,0,1
2,5,9,3,5,2,2,3,3,7,6,2,0,4,610.8,1,1
5,1,1,10,2,1,10,10,7,7,2,2,10,10,751.0,0,1
5,1,1,10,2,1,10,10,7,7,2,2,7,10,740.8,0,1
5,3,1,0,5,1,0,0,5,6,1,2,0,10,624.6,0,1
3,3,4,10,10,1,9,5,5,6,1,1,5,5,684.1,0,1
1,5,1,2,10,1,3,2,10,7,3,2,6,7,659.8,0,0
2,2,5,3,8,2,7,1,10,8,3,1,1,4,636.2,0,1
2,2,10,7,10,1,7,4,9,8,1,2,2,5,715.9,0,2
3,1,5,1,10,1,1,5,2,8,1,2,4,10,687.3,0,1
1,3,5,0,10,1,5,1,5,7,6,2,0,2,635.0,0,1
2,5,1,7,5,1,4,3,6,5,10,1,0,1,611.0,1,1
3,0,4,2,3,2,2,2,2,8,0,2,1,7,634.6,1,3
5,4,3,8,4,1,10,2,7,9,1,2,1,2,674.9,1,1
5,4,6,10,10,2,10,2,7,8,1,2,6,10,720.6,1,1
4,2,8,4,4,1,2,1,1,7,10,2,0,3,605.3,0,1
2,3,3,3,10,1,9,2,5,7,1,2,10,5,686.0,0,1
2,3,3,5,10,1,9,6,4,7,1,2,10,3,690.9,0,1
2,3,3,4,10,1,8,4,4,7,1,2,10,3,690.9,0,1
2,3,5,3,3,2,4,3,8,4,1,1,3,5,635.0,1,1
3,5,4,4,10,2,8,4,8,8,6,2,4,6,671.5,1,0
2,5,5,5,7,1,7,1,5,8,3,2,7,5,693.0,1,1
5,3,7,5,8,1,10,5,8,7,1,2,8,10,749.5,1,2
3,3,10,1,10,1,4,4,5,8,3,2,1,3,670.9,1,0
1,2,10,2,10,1,7,1,7,7,8,2,0,1,669.4,1,0
5,3,10,4,10,1,7,1,7,5,2,2,2,3,701.3,1,0
1,4,10,10,10,1,6,7,5,8,10,2,7,10,706.6,1,0
1,4,10,5,8,1,6,3,8,6,3,1,7,2,659.2,1,0
1,4,5,3,10,1,8,2,6,6,2,2,2,5,677.5,1,0
1,2,1,2,8,1,6,2,8,7,3,2,1,5,647.5,1,0
5,3,10,4,10,1,7,1,7,5,2,2,1,3,701.3,1,0
5,2,10,6,6,1,9,4,3,7,1,2,8,10,740.0,1,3
3,2,8,10,6,1,4,3,8,8,3,2,2,7,715.7,1,1
3,5,1,0,1,2,0,8,4,6,2,1,0,10,576.8,0,2
2,5,3,10,8,2,2,0,1,4,8,2,0,10,616.6,0,3
5,1,10,10,10,1,8,4,7,8,1,2,3,4,739.3,1,3
4,4,5,4,6,1,9,2,9,7,1,2,3,3,681.7,1,0
2,0,7,3,6,1,3,1,6,7,1,1,1,9,636.9,0,0
1,1,2,2,10,2,2,1,8,8,2,2,2,10,652.8,1,3
2,2,6,4,5,1,8,2,5,7,0,1,2,10,662.2,0,0
2,5,4,8,8,1,3,3,2,8,2,2,1,7,666.9,1,0
4,4,2,5,2,2,3,3,10,6,3,1,4,6,632.4,0,1
1,1,10,6,10,1,10,2,8,7,1,2,6,4,720.6,1,0
5,2,2,3,1,1,10,2,10,7,1,2,3,10,690.4,1,3
4,1,7,4,4,2,2,0,6,7,1,1,2,9,660.7,0,2
2,3,5,0,5,2,8,2,10,9,5,1,5,10,626.2,1,1
4,2,5,10,9,1,6,1,3,8,1,2,10,9,731.7,0,2
4,1,10,10,10,1,9,1,8,8,0,2,7,3,734.4,1,1
3,5,0,0,1,1,4,2,4,9,10,2,7,10,657.3,1,2
5,2,3,3,3,2,4,2,4,7,10,2,1,2,614.4,1,2
3,3,9,5,10,2,9,5,4,7,0,2,5,8,687.5,0,1
4,1,7,4,4,2,2,0,6,7,1,1,2,9,660.7,0,2
3,4,5,5,2,2,8,4,3,8,0,2,4,10,646.7,1,3
2,3,7,4,10,2,10,6,5,7,2,1,9,2,679.2,0,0
3,2,4,5,5,1,5,5,2,7,2,2,5,10,675.2,1,0
4,4,9,6,10,1,6,1,8,6,2,2,1,5,688.1,1,1
1,3,6,10,6,2,6,6,3,8,1,1,10,10,670.5,1,2
3,3,9,9,8,1,8,5,6,7,0,2,6,5,720.2,1,2
0,4,8,5,10,2,2,4,3,7,0,2,2,8,638.0,0,1
4,3,9,3,10,1,5,6,5,8,1,2,3,10,708.3,1,2
1,3,4,4,5,2,7,3,4,7,1,2,2,3,660.3,1,2
5,2,4,10,10,1,7,2,9,7,1,2,9,7,727.6,0,1
5,2,4,10,10,1,7,2,9,7,1,2,9,7,727.6,0,1
5,4,10,10,10,1,6,2,8,6,4,2,1,10,708.5,1,1
5,1,10,6,10,1,7,5,7,7,3,2,7,4,742.5,1,2
5,4,4,4,3,2,10,7,1,5,3,1,3,7,628.7,1,3
1,4,4,1,6,2,1,0,6,6,8,2,0,1,590.8,0,2
3,4,4,9,6,2,8,6,8,7,7,2,2,9,676.4,1,3
1,4,5,2,2,1,1,1,10,6,5,2,1,7,629.0,1,1
5,3,10,4,4,2,4,4,4,6,4,2,2,10,670.3,1,3
2,2,10,10,10,1,8,5,8,8,1,2,8,10,744.6,1,2
2,1,2,0,4,1,10,2,1,8,0,2,1,3,648.0,1,3
2,1,2,0,4,1,10,2,1,8,0,2,1,3,648.0,1,3
2,4,8,7,7,1,6,3,5,7,0,2,4,6,684.3,0,3
2,3,2,3,8,1,8,3,4,7,4,1,5,3,624.6,0,1
2,4,3,4,3,1,7,5,3,9,3,2,2,7,641.8,0,1
1,1,5,2,2,2,4,4,5,5,1,2,2,8,656.7,0,2
2,2,2,1,4,2,4,2,3,8,3,1,1,5,592.3,1,1
0,5,2,1,1,2,6,3,3,7,5,1,0,7,546.2,1,2
1,3,6,7,5,1,5,4,3,7,3,2,3,5,673.7,0,1
1,2,4,10,10,1,10,1,6,9,0,1,1,2,659.4,1,1
3,3,5,7,10,2,8,6,8,6,1,1,1,6,676.2,0,0
3,4,5,5,7,1,7,6,3,7,1,2,8,7,707.7,1,1
4,1,5,7,4,1,0,1,10,8,7,2,1,10,695.7,1,2
2,4,10,8,5,1,8,2,7,5,0,1,2,3,680.9,0,1
3,4,3,5,5,1,7,2,7,6,0,1,2,3,665.8,0,1
2,4,10,0,10,2,6,1,10,8,2,1,8,10,639.6,0,0
2,3,4,3,10,1,10,3,10,8,5,2,3,9,680.4,1,1
5,3,8,2,6,1,4,6,9,7,2,2,4,8,686.8,0,3
5,3,8,10,10,1,8,2,5,8,2,2,4,10,749.1,1,3
5,3,0,0,1,1,3,1,10,7,1,1,1,7,607.1,0,2
4,2,6,1,10,1,2,1,6,6,2,1,1,5,658.8,0,2
3,3,3,10,2,1,2,2,6,8,1,1,4,10,655.8,1,3
5,3,4,10,3,1,10,2,10,7,2,2,2,7,722.7,1,3
5,2,10,10,10,1,8,4,10,8,0,2,5,5,755.2,1,3
3,3,4,10,10,2,4,1,7,7,0,1,2,7,652.4,1,1
2,4,6,7,4,1,5,2,4,8,1,1,2,9,643.5,0,2
0,4,4,4,4,2,1,1,2,7,2,1,0,7,569.8,1,2
4,1,4,4,2,2,2,2,1,8,5,2,1,10,676.9,1,2
4,4,4,6,9,2,7,5,7,8,7,2,6,7,695.1,1,0
3,5,2,6,5,1,0,0,3,5,10,2,2,3,610.4,1,0
3,5,6,4,10,1,6,1,2,6,4,2,1,5,632.5,1,0
4,3,10,0,10,1,4,3,2,6,3,2,2,7,671.6,1,0
3,5,2,1,10,1,8,2,3,8,7,2,0,10,633.1,1,2
3,3,4,4,8,1,8,10,4,7,3,2,0,3,687.5,1,2
4,2,7,10,7,1,7,3,3,7,1,2,9,10,729.8,1,1
4,4,10,10,10,1,8,8,10,7,7,2,10,10,749.9,1,2
4,4,10,10,10,1,8,8,10,7,7,2,10,10,749.9,1,2
5,0,6,10,5,2,4,5,4,7,0,2,7,3,697.7,1,3
5,1,0,6,3,1,9,10,4,9,0,2,8,10,728.7,1,2
1,1,0,0,1,1,7,5,4,6,2,2,1,7,634.6,1,1
2,2,2,0,1,1,10,0,2,8,0,2,0,1,622.7,1,3
2,2,3,0,0,1,10,1,2,8,1,2,0,0,622.7,1,3
5,4,3,8,7,1,4,3,7,6,3,2,3,4,694.7,1,2
4,2,3,3,5,1,8,2,4,7,2,2,3,4,660.3,0,1
5,2,6,6,10,1,7,2,9,7,1,1,3,6,695.3,1,1
2,3,3,10,8,1,5,2,6,5,2,2,2,8,694.3,1,3
5,5,10,4,10,1,6,3,2,6,5,2,1,4,658.0,0,3
5,4,5,6,6,2,8,4,7,8,6,2,6,7,705.3,1,0
4,5,5,2,1,2,2,1,3,7,0,2,2,10,638.0,1,3
3,1,10,10,8,1,7,3,3,8,1,2,2,10,747.0,1,3
3,4,3,6,5,2,4,2,2,6,2,2,7,5,635.9,1,3
0,4,3,0,3,2,2,1,2,6,2,1,3,4,559.4,0,1
5,2,6,5,10,1,8,4,8,7,5,2,4,10,703.6,0,1
5,4,10,7,5,1,5,2,9,8,5,1,3,10,685.3,0,1
4,3,7,6,5,2,6,1,1,9,1,2,1,1,661.8,1,2
4,3,4,4,10,1,6,4,10,6,5,2,8,1,669.8,1,2
2,4,4,7,10,1,9,5,6,6,5,2,2,7,686.0,0,1
1,3,4,4,5,2,7,3,4,7,1,2,2,3,660.3,1,2
1,3,4,4,5,2,7,3,4,7,1,2,2,3,660.3,1,2
1,4,10,10,10,2,5,2,7,7,0,2,3,10,708.5,0,2
0,1,2,3,3,1,1,7,1,7,0,2,3,1,642.7,0,1
4,1,2,10,6,1,8,2,9,7,3,2,2,10,714.0,0,3
0,1,2,3,3,1,1,7,1,7,0,2,3,1,642.7,0,1
5,0,7,10,5,2,3,1,5,8,3,2,0,3,674.3,1,3
4,5,9,8,7,2,7,2,2,10,5,2,1,7,670.7,1,1
4,1,4,5,5,1,8,2,6,6,1,2,2,10,714.9,1,3
2,2,10,10,10,1,4,6,10,7,2,2,3,7,753.3,0,1
4,3,7,3,6,2,5,2,3,7,4,2,0,2,646.5,1,2
5,3,4,4,5,1,4,4,7,5,3,1,4,5,652.0,1,2
5,5,5,10,10,1,5,2,10,6,10,1,3,3,661.3,1,0
4,2,8,3,7,1,8,2,5,8,5,2,2,10,686.2,0,3
2,2,10,10,10,2,5,7,8,7,2,1,4,6,688.3,1,1
3,2,1,3,4,2,3,3,4,9,3,1,3,7,640.3,1,1
3,3,10,4,10,2,7,4,10,5,2,1,1,4,673.0,1,1
3,3,4,10,5,1,3,1,6,7,3,2,1,10,694.7,1,2
1,3,6,10,10,1,4,2,1,6,10,2,1,10,654.4,1,1
1,3,6,10,10,1,4,2,1,6,10,2,1,10,654.4,1,1
5,4,5,5,8,1,3,5,10,7,1,2,1,7,709.1,1,2
1,4,2,5,10,2,0,1,10,8,5,1,0,2,580.1,0,2
5,3,8,10,8,1,10,6,4,7,0,2,6,10,752.1,0,3
5,2,4,10,10,1,8,2,5,7,1,2,4,7,711.5,1,3
4,5,8,4,2,1,2,2,1,8,0,1,5,2,624.2,1,3
3,1,5,2,7,1,3,1,7,7,0,1,2,10,655.8,0,0
5,5,5,6,5,2,6,0,7,6,10,2,0,5,613.1,1,2
5,2,3,10,10,2,3,2,6,7,1,2,2,8,693.0,1,2
1,4,5,3,5,1,7,4,2,8,5,2,10,10,668.6,0,1
3,0,10,10,7,1,10,10,1,7,2,2,10,10,780.4,1,3
2,4,6,4,10,1,8,0,2,8,2,2,0,4,656.7,1,2
2,1,7,4,10,2,5,4,7,5,5,2,3,6,679.2,0,2
1,4,5,10,0,2,0,0,1,3,0,2,1,0,567.1,1,2
2,5,7,4,4,1,7,1,3,7,0,1,1,7,638.0,0,2
4,1,3,2,10,1,9,5,6,7,3,1,2,5,676.0,0,1
4,0,4,0,3,1,5,4,5,9,0,2,4,10,703.4,0,0
3,3,8,4,10,1,10,5,6,8,1,2,2,6,730.6,1,3
2,0,10,0,4,2,6,0,2,7,0,2,0,10,636.1,0,1
5,5,4,2,9,1,7,3,1,8,1,1,3,1,620.8,1,2
5,2,10,4,5,1,1,2,5,7,0,2,1,7,689.4,1,2
1,1,10,5,5,2,8,1,7,4,7,2,2,10,650.1,0,3
4,2,8,4,5,1,8,2,7,8,1,2,3,7,703.6,1,3
3,2,10,10,3,2,10,4,2,4,2,1,2,6,666.1,1,3
5,2,4,2,10,1,4,0,3,6,1,2,1,2,665.0,0,2
0,4,5,1,3,1,3,4,1,6,8,1,2,3,562.6,1,3
3,3,4,10,4,2,1,3,4,6,1,2,3,7,638.0,1,3
3,3,4,10,4,2,1,3,4,6,1,2,3,7,638.0,1,3
5,2,8,10,7,1,7,3,6,7,0,2,4,4,733.8,1,2
5,3,10,3,7,1,4,3,2,9,4,2,4,10,679.0,0,1
5,3,10,10,10,1,8,2,8,7,5,2,1,4,720.6,1,2
2,5,3,10,5,1,7,4,7,8,1,1,2,7,666.2,0,2
5,2,10,10,10,1,8,3,1,8,0,2,5,4,739.8,1,1
3,2,3,4,10,1,2,4,10,8,0,2,4,7,675.3,0,0
2,3,7,0,5,1,5,5,10,6,3,1,6,10,671.5,0,1
1,2,0,10,3,1,2,0,2,10,2,1,5,10,641.8,0,0
1,2,0,10,3,1,2,0,2,10,2,1,5,10,658.8,0,0
2,4,4,2,5,1,8,3,8,7,3,2,1,8,662.8,1,1
3,2,10,3,4,1,5,1,2,6,7,1,3,7,613.8,0,1
4,1,6,5,3,1,3,2,4,8,5,1,1,10,640.1,1,1
1,0,1,1,7,1,5,0,4,8,1,2,1,7,652.0,0,1
3,3,10,6,5,2,8,5,6,8,6,1,6,10,689.8,1,2
1,1,5,0,1,1,10,2,5,10,0,2,1,8,673.0,0,3
3,4,4,3,3,2,5,2,5,8,1,2,5,3,653.9,0,2
3,5,5,6,10,1,10,1,10,6,3,2,8,7,710.6,1,2
2,4,2,0,7,1,8,4,5,9,4,2,4,8,677.9,1,0
2,3,10,4,10,1,1,1,4,6,0,2,1,1,646.5,1,2
4,4,3,0,6,1,3,3,3,7,3,2,3,4,627.8,0,1
2,4,3,3,3,2,6,6,5,8,5,2,2,8,636.9,1,1
2,5,4,3,5,2,3,1,4,7,5,2,1,5,622.9,1,2
2,3,3,7,10,1,8,3,3,7,1,2,1,6,658.4,0,1
5,2,6,10,10,1,2,6,10,6,2,1,4,8,725.9,0,2
2,3,3,10,3,2,4,2,7,7,6,1,2,3,630.3,1,1
3,3,4,3,10,1,7,4,5,7,3,2,4,10,669.0,0,2
3,3,6,6,10,1,7,5,10,7,4,2,2,5,704.0,0,2
4,5,9,10,5,2,8,6,5,7,1,2,10,7,701.3,1,3
3,2,3,3,4,2,6,7,10,7,1,2,0,7,666.6,0,1
3,3,6,7,10,1,4,2,10,8,3,1,5,6,677.0,1,1
5,1,6,10,10,1,9,3,4,7,0,2,5,10,745.3,0,1
2,4,7,3,10,1,8,4,10,8,2,1,3,6,668.5,1,1
3,4,7,5,6,1,7,6,5,7,5,2,1,6,660.5,1,2
4,2,5,6,3,1,4,4,5,7,7,1,7,4,645.2,1,2
1,5,5,5,5,1,5,3,7,8,3,2,0,7,633.9,1,2
1,4,5,10,10,2,2,1,3,7,3,1,2,3,617.6,1,1
5,4,2,10,1,2,7,2,2,9,3,1,10,10,646.7,0,2
3,2,0,10,3,1,9,2,4,6,2,2,2,4,672.0,1,3
4,3,8,10,4,1,8,9,6,7,3,2,1,3,704.9,0,3
2,1,5,10,10,2,5,1,6,6,1,2,1,5,646.9,1,3
0,4,3,2,4,1,1,0,10,7,2,1,1,7,603.7,0,0
4,1,4,4,3,2,8,5,5,9,1,2,4,4,684.7,0,2
3,1,1,3,10,1,3,2,1,6,0,2,1,10,623.8,0,3
3,1,1,3,10,1,3,2,1,6,0,2,1,10,623.8,0,3
3,1,1,3,10,1,3,2,1,6,0,2,1,10,623.8,0,3
3,1,1,1,10,1,3,1,1,6,1,1,2,10,603.4,0,3
5,4,4,4,10,1,10,8,8,8,3,2,2,7,751.4,1,2
0,3,4,2,3,1,3,3,8,7,0,2,2,2,639.0,0,1
3,4,10,10,10,1,8,3,2,7,10,2,3,1,670.1,1,2
5,3,5,1,3,1,9,6,10,8,10,1,1,9,626.0,1,2
5,2,3,5,3,2,3,2,2,7,1,2,3,8,676.9,1,3
3,1,4,10,6,2,8,3,9,5,3,2,4,3,703.4,0,3
3,1,4,10,6,2,8,3,9,5,3,2,4,3,703.4,0,3
3,4,10,10,10,2,2,2,4,7,2,2,3,2,651.8,0,2
1,3,9,4,9,1,9,1,10,8,2,2,1,9,722.9,1,1
1,2,6,0,10,2,5,3,3,7,1,2,8,7,666.9,0,2
3,2,5,9,10,1,6,6,6,8,4,2,6,4,703.4,0,3
5,4,6,1,3,1,4,2,7,8,4,2,1,7,644.1,1,1
5,5,1,3,2,2,5,4,1,9,1,2,1,10,643.1,1,3
5,5,1,3,2,2,5,4,1,9,1,2,1,10,643.1,1,3
2,1,10,10,1,2,5,2,2,7,1,2,10,10,693.9,0,3
3,3,8,10,6,2,4,10,6,8,10,2,5,10,659.2,1,3
5,5,5,3,2,1,2,0,1,8,10,1,1,7,590.2,0,2
3,2,6,10,9,1,5,7,5,7,8,2,0,7,703.0,1,3
3,2,7,7,10,2,6,3,6,8,7,1,1,7,662.6,1,1
1,4,7,10,10,2,10,7,8,7,4,2,6,4,707.0,0,2
2,3,5,3,4,1,2,4,4,9,2,1,0,3,599.5,1,1
1,3,1,5,1,2,4,4,1,10,2,1,2,7,599.1,1,2
3,1,10,2,10,1,6,3,5,6,1,2,5,7,704.5,1,3
4,5,5,10,10,2,8,7,10,6,5,1,10,5,702.1,1,0
5,3,4,3,10,1,5,2,6,7,2,2,1,7,670.9,1,1
3,1,10,10,2,1,7,4,3,8,2,2,6,10,733.4,0,3
3,5,2,2,7,1,9,1,9,5,7,2,1,9,650.7,1,1
1,2,7,4,10,2,7,5,5,7,4,1,3,3,641.8,1,2
4,1,4,4,4,1,8,4,4,8,1,2,1,2,672.4,0,1
5,3,9,3,7,1,7,1,2,9,0,2,3,7,694.3,1,1
3,3,4,4,7,2,3,1,1,6,5,2,1,6,608.5,0,3
3,3,4,4,7,2,3,1,1,6,5,2,1,6,608.5,1,3
3,5,4,0,10,1,7,1,10,3,8,1,2,6,618.2,0,2
5,2,10,2,10,1,9,7,10,8,3,2,4,10,743.3,1,2
2,5,10,10,10,1,5,1,10,8,8,1,3,10,673.6,1,1
1,2,10,2,10,2,5,3,3,7,1,1,2,3,632.9,0,2
0,4,1,2,2,2,3,1,2,7,5,1,2,5,554.5,1,1
0,4,1,2,2,2,3,1,2,7,5,1,2,5,554.5,1,1
5,3,5,1,2,1,2,2,4,8,0,2,1,10,638.4,0,3
3,5,8,10,10,1,7,3,5,7,3,2,2,10,699.6,1,2
4,1,1,10,4,1,10,4,10,8,0,2,4,10,763.7,0,3
2,2,1,10,4,1,8,1,2,6,4,2,8,10,693.7,0,1
1,3,7,4,3,1,2,1,1,7,4,1,2,7,644.4,1,1
2,3,3,0,3,2,2,2,10,5,2,2,2,5,611.8,0,1
2,3,10,8,4,2,2,1,2,7,6,2,1,4,598.7,0,3
4,3,3,1,2,1,2,0,2,7,2,2,0,1,595.3,0,1
3,2,4,10,8,2,7,3,7,7,3,1,6,5,643.9,1,2
1,0,10,10,6,1,7,3,10,7,2,2,3,10,736.3,1,2
2,3,2,5,5,2,1,4,4,7,8,1,2,10,607.6,1,2
5,5,5,2,2,1,5,0,4,6,10,1,2,2,593.8,1,1
5,3,10,10,10,1,8,2,8,8,0,2,8,10,759.9,1,2
5,2,2,10,7,2,2,1,5,8,3,1,2,10,689.6,0,2
0,4,1,5,6,2,4,0,8,6,2,1,0,2,604.8,0,2
3,4,3,7,7,1,9,4,7,6,9,2,5,10,684.5,1,2
4,0,4,2,5,1,3,4,10,8,1,2,5,8,688.9,0,1
1,3,7,3,10,1,10,1,6,7,10,2,2,5,655.6,1,2
0,4,0,3,2,1,1,1,2,8,0,2,6,10,595.5,0,1
0,4,0,3,2,1,1,1,2,8,0,2,6,10,595.5,0,1
2,2,10,10,7,2,7,2,3,9,0,2,10,10,714.9,1,1
4,3,10,10,10,2,10,9,4,7,1,2,10,10,726.6,1,3
2,3,4,6,10,1,7,2,7,9,7,2,4,7,697.0,1,0
2,3,4,6,10,1,7,2,7,9,7,2,4,7,697.0,1,0
5,1,2,10,10,1,7,6,5,8,1,2,4,10,757.6,0,2
1,5,3,1,5,2,4,2,2,8,10,2,1,10,612.5,1,1
1,2,4,2,8,1,3,1,1,8,3,2,1,7,620.8,0,2
5,3,4,10,9,2,10,1,10,6,4,1,8,7,671.5,1,1
5,3,6,10,10,2,10,1,10,6,4,1,8,5,669.8,1,1
3,2,10,10,10,2,10,6,10,7,1,2,4,8,741.4,0,1
4,1,2,0,5,1,7,1,7,8,3,2,1,10,679.8,0,2
3,3,5,8,10,2,7,3,6,7,5,1,7,10,684.5,1,1
5,1,5,10,10,2,4,1,8,7,1,2,8,7,713.8,0,1
4,3,10,3,5,1,7,3,3,6,3,1,1,8,666.7,1,1
4,2,10,10,8,1,8,7,10,7,1,2,4,9,761.8,0,1
5,2,5,10,10,2,10,1,10,6,4,1,10,4,698.7,1,1
4,1,10,5,9,1,8,1,8,8,4,2,3,7,707.2,1,1
5,2,10,10,10,1,9,7,10,7,2,2,8,8,782.2,1,1
5,2,10,10,10,1,9,7,10,7,2,2,8,8,782.2,0,1
4,2,4,10,2,1,7,1,4,7,2,2,3,6,660.3,1,1
5,3,10,10,5,1,5,3,3,6,3,1,3,5,680.3,1,1
5,3,7,10,4,1,3,2,2,6,2,1,4,5,673.3,1,1
2,5,7,3,4,2,7,1,7,8,4,2,1,1,632.2,1,1
3,2,3,3,3,2,3,0,4,7,2,1,0,0,605.9,0,1
3,1,7,4,3,1,6,6,8,8,2,2,0,10,683.4,0,0
1,3,6,5,4,1,7,2,5,8,4,2,1,6,682.8,1,0
5,2,2,4,5,1,7,3,5,6,4,2,1,3,650.1,0,3
3,2,5,5,10,1,8,1,10,5,4,2,0,4,669.6,0,0
1,4,7,10,10,2,5,3,2,5,0,2,6,10,688.4,1,3
5,2,6,10,6,1,4,2,3,5,3,2,6,10,707.3,0,2
4,3,6,4,8,2,8,8,2,8,3,2,8,5,672.0,1,2
4,3,6,4,8,2,8,8,2,8,3,2,8,5,672.0,1,2
3,4,5,10,6,2,10,3,3,6,5,2,5,5,654.8,1,3
5,4,5,5,2,2,4,0,2,8,5,2,3,5,643.1,1,3
2,4,5,10,4,2,4,2,1,9,1,2,5,1,651.6,1,3
3,2,5,10,10,2,6,3,4,7,2,2,6,10,687.5,1,3
4,3,5,10,8,1,7,6,5,7,2,2,5,7,723.4,1,1
1,4,10,10,10,1,10,4,9,9,0,2,4,10,750.1,0,3
1,2,4,1,3,1,3,3,8,6,4,1,0,4,621.8,0,1
1,2,4,1,3,1,3,3,8,6,4,1,0,4,621.8,0,1
5,4,10,8,8,1,4,1,4,8,10,1,4,7,663.9,0,1
2,3,4,8,10,1,7,0,10,7,5,1,1,10,661.5,1,1
4,2,1,5,7,1,5,5,2,6,0,2,2,10,703.9,0,3
2,5,3,2,10,2,5,8,1,9,1,1,1,1,593.8,1,2
5,3,8,10,8,1,6,3,9,7,2,2,3,4,714.0,1,3
5,4,10,8,8,1,4,1,4,8,10,1,4,7,663.9,0,1
3,5,3,5,6,1,2,3,1,7,3,2,1,10,654.6,0,1
4,4,4,3,6,2,7,0,10,7,10,2,2,3,642.8,1,3
5,5,2,3,7,1,7,3,10,8,1,2,3,10,668.5,1,3
5,1,2,5,2,2,9,5,8,8,1,2,5,10,671.5,1,3
3,3,5,7,8,2,5,2,8,4,2,2,1,4,662.2,1,2
1,4,4,5,10,2,10,3,3,7,3,2,2,7,672.0,0,3
0,2,5,2,1,1,6,3,3,8,2,2,6,2,636.5,0,1
5,2,10,10,10,2,5,3,5,9,2,2,5,10,705.1,0,3
1,3,5,2,10,2,1,0,2,7,2,1,2,2,597.0,1,3
2,4,2,2,3,2,5,1,4,7,3,1,0,5,592.3,1,1
5,2,0,0,2,2,1,2,2,9,10,1,0,7,571.9,1,1
5,2,0,0,2,2,1,2,2,9,10,1,0,7,571.9,1,1
0,1,6,4,6,2,8,4,10,5,0,2,4,10,656.0,0,1
5,2,10,10,10,1,7,7,10,7,7,2,7,10,749.9,0,2
2,5,0,4,9,1,7,1,2,5,4,1,2,3,584.7,1,3
5,3,0,2,9,2,7,2,9,4,3,1,0,10,602.9,0,2
5,3,2,2,10,2,3,2,9,4,3,1,0,10,608.0,0,2
2,4,10,7,7,1,8,4,6,8,4,1,3,2,672.8,1,1
4,2,3,1,10,2,3,3,3,8,3,2,1,3,658.6,1,2
3,3,7,8,10,1,7,3,8,8,3,2,3,10,724.2,1,0
2,3,10,10,5,2,7,4,2,6,1,2,8,8,681.8,0,2
2,3,10,10,5,2,7,4,2,6,1,2,8,8,681.8,0,2
3,4,10,4,10,1,7,1,3,6,0,2,1,7,680.3,1,3
1,4,4,3,6,1,7,1,1,8,1,1,3,8,629.3,0,1
4,3,10,1,4,1,5,0,6,6,6,2,2,8,628.2,1,1
1,3,10,10,10,1,10,2,8,5,1,1,2,7,677.7,1,2
1,3,10,10,10,1,10,2,8,5,1,1,2,7,677.7,1,2
4,4,10,5,5,2,6,2,3,6,10,2,3,5,639.5,0,1
2,3,6,5,10,1,9,3,10,8,1,2,3,9,711.0,1,1
2,3,4,10,10,2,8,4,5,8,1,2,4,10,701.5,1,2
2,4,4,2,5,2,5,3,4,8,3,2,4,7,606.1,0,3
5,1,3,1,5,1,8,1,10,6,2,2,3,10,708.9,0,3
2,3,4,10,2,1,7,1,1,6,7,2,1,7,640.8,1,2
5,1,3,1,5,1,8,1,10,6,2,2,3,10,708.9,0,3
2,3,10,10,5,2,7,4,2,6,1,2,8,8,681.8,0,2
1,3,5,10,10,2,3,1,5,5,3,1,1,5,619.3,1,3
3,2,1,10,3,2,4,1,1,8,0,2,2,3,614.0,1,3
3,1,5,9,5,1,8,2,8,8,2,2,4,4,681.7,1,1
2,3,10,10,5,2,7,4,2,6,1,2,8,8,681.8,0,2
5,3,8,10,10,1,8,3,10,7,2,2,6,10,729.5,1,1
1,2,5,3,3,1,3,1,8,6,1,2,3,8,640.5,0,1
5,3,10,10,10,2,2,3,7,8,3,2,1,5,708.7,1,3
3,3,7,8,7,1,8,1,10,7,1,2,1,10,731.2,1,3
5,4,4,7,10,2,8,3,5,7,10,2,1,2,626.5,1,2
4,2,7,10,10,2,5,4,9,7,4,2,1,6,710.6,0,1
2,2,1,4,4,1,3,2,2,5,0,1,1,1,603.4,0,1
2,2,1,4,4,1,3,2,2,5,0,1,1,1,603.4,0,1
5,1,8,5,1,1,3,1,7,8,1,1,1,10,683.2,0,2
2,2,1,4,4,1,3,2,2,5,0,1,1,1,603.4,0,1
3,4,7,10,9,2,5,4,2,5,5,2,1,10,647.6,0,2
3,5,1,1,3,1,5,1,1,6,10,2,3,4,600.0,1,1
4,2,8,10,3,1,5,3,5,6,0,2,2,10,718.1,0,3
3,5,6,4,10,2,5,8,8,6,2,1,8,4,657.5,1,2
1,3,5,1,2,2,2,3,3,7,10,2,7,3,597.2,1,1
1,5,7,2,3,2,2,7,1,7,10,2,7,3,601.9,1,1
2,5,6,4,1,2,3,0,3,10,2,1,0,10,570.6,1,3
1,5,0,1,4,1,8,1,2,5,7,1,1,1,572.8,1,3
3,1,6,10,10,1,8,3,10,7,1,2,10,5,721.0,0,1
5,4,4,10,3,1,10,3,10,4,3,2,5,5,711.9,1,1
5,1,3,6,1,1,8,0,3,6,10,2,0,5,644.6,0,3
4,4,6,3,6,1,7,1,3,7,4,2,1,3,658.4,1,1
3,1,1,4,7,1,3,5,2,8,4,1,3,2,626.1,1,2
5,5,10,10,10,1,4,2,6,7,5,2,6,3,689.6,1,3
5,4,7,5,1,1,7,4,5,8,4,2,4,10,662.4,1,2
3,2,3,2,2,2,0,0,8,8,2,1,1,10,605.2,1,3
3,2,8,10,6,1,8,4,7,7,0,2,5,5,718.7,1,2
1,3,1,1,2,1,5,2,10,7,0,2,1,10,632.6,0,1
2,2,10,5,10,1,2,4,7,7,7,2,0,10,683.0,1,1
5,3,8,8,4,1,10,3,3,6,3,2,3,5,687.1,1,2
1,2,3,10,10,1,7,1,8,9,4,1,1,10,664.9,1,1
3,3,0,10,10,1,4,1,5,7,2,2,2,5,674.1,1,3
5,2,6,8,10,1,5,5,10,9,0,2,6,9,706.1,1,1
5,2,6,8,10,1,5,5,10,9,0,2,6,9,706.1,1,1
3,1,9,10,8,1,6,2,7,7,1,2,2,8,711.9,0,3
3,3,4,0,10,1,1,2,7,5,2,2,1,2,640.1,0,0
2,1,8,2,7,1,8,3,7,8,2,2,1,3,667.9,1,1
3,3,10,10,5,2,7,5,1,10,2,2,2,10,702.8,1,3
4,3,4,6,10,2,5,5,5,7,3,2,5,7,689.4,1,2
3,2,5,10,6,2,8,4,9,8,0,1,0,2,654.7,0,3
2,2,5,6,3,1,3,1,9,7,7,2,3,10,654.5,1,3
0,4,8,10,8,1,7,2,9,6,1,1,2,10,696.8,0,1
3,2,9,8,6,2,8,6,3,8,5,2,4,5,699.4,1,1
3,3,9,8,8,2,8,5,4,8,5,2,3,3,687.7,1,1
1,3,4,3,2,2,0,0,4,6,1,1,0,7,598.9,1,1
1,0,5,8,10,2,6,4,9,6,0,2,4,7,691.7,1,0
4,4,4,10,5,1,8,2,6,7,2,2,1,3,677.7,1,1
2,3,10,1,4,1,4,8,1,4,0,2,4,10,652.3,0,3
3,1,10,10,4,1,5,4,1,5,0,2,5,4,683.1,0,3
5,4,4,7,10,2,7,5,4,7,1,2,10,2,689.2,1,1
1,2,8,5,10,2,7,7,7,6,8,2,8,5,665.8,1,1
1,3,3,10,6,1,2,5,2,9,1,1,5,8,645.0,1,1
2,5,5,0,3,1,6,3,1,6,10,1,0,2,571.1,1,1
3,2,10,5,8,1,6,2,7,7,4,1,4,4,684.7,1,2
4,0,6,2,4,1,4,3,3,3,0,2,4,4,654.2,1,0
1,4,7,10,4,2,0,5,1,7,1,1,1,10,642.7,1,3
4,1,6,2,2,2,3,2,2,7,3,2,2,10,666.7,1,3
5,3,9,4,10,1,7,4,9,6,2,2,2,5,700.2,1,0
2,4,3,6,3,2,1,3,5,7,3,2,1,3,626.5,1,2
2,2,7,7,10,1,2,1,6,9,0,2,2,7,696.8,0,1
5,3,3,4,6,2,7,3,4,8,3,2,1,6,623.1,1,2
0,3,10,5,5,1,7,4,10,8,0,2,10,10,736.5,0,1
5,2,10,10,10,1,6,8,8,6,2,2,10,10,786.7,0,1
5,2,10,10,10,1,6,8,8,6,2,2,10,10,786.7,0,1
2,3,8,4,5,1,6,2,3,6,7,1,1,4,627.6,0,1
0,0,5,5,10,1,4,4,6,6,0,2,5,10,699.6,0,2
0,3,8,0,1,1,7,3,1,8,0,2,10,10,649.7,1,1
5,4,3,2,3,2,6,2,3,7,2,2,1,5,651.6,0,1
2,3,2,1,2,2,2,4,2,7,6,2,2,7,588.5,0,1
3,3,3,3,5,1,5,1,3,7,5,2,4,2,627.8,1,2
3,3,3,3,3,1,4,2,3,7,5,2,2,1,619.3,1,2
4,4,0,0,5,2,4,4,3,6,10,2,1,6,593.6,1,2
3,0,4,6,8,1,10,5,2,9,0,2,4,10,704.5,0,1
3,4,4,3,3,2,7,5,5,6,3,1,5,8,626.3,1,2
5,5,4,10,10,1,8,4,10,7,5,2,6,4,717.6,0,1
3,5,5,0,10,2,9,1,3,7,3,2,1,2,622.7,1,1
3,4,4,4,10,2,7,1,4,7,7,2,7,7,641.6,0,3
3,4,5,7,10,2,4,2,5,6,2,1,1,5,658.6,1,3
3,3,3,5,2,2,6,1,8,7,5,2,2,6,649.2,0,2
1,1,1,5,5,2,1,2,3,6,2,1,8,7,586.8,0,3
2,3,1,10,10,2,5,5,4,5,2,2,3,7,682.0,0,3
3,2,8,5,5,1,3,6,10,9,2,2,6,7,711.2,1,1
3,4,10,6,6,1,6,4,4,8,3,2,3,3,677.5,1,1
5,2,10,10,10,1,10,3,5,8,1,2,6,7,730.4,1,3
3,1,6,5,2,1,4,1,2,7,1,2,3,10,678.6,0,0
1,2,6,0,6,1,2,7,4,7,2,1,1,6,631.4,0,1
3,2,3,10,5,2,10,3,4,7,3,2,1,10,672.2,0,2
1,4,10,5,10,2,5,2,3,6,5,2,1,5,637.8,0,1
3,4,7,8,10,2,5,5,6,7,2,2,1,4,657.3,1,1
2,3,1,5,3,2,3,1,3,7,0,2,0,4,595.5,1,1
3,1,4,10,4,1,3,2,7,8,4,2,2,4,683.2,1,2
5,3,4,9,10,1,8,2,3,7,3,2,6,10,724.7,0,2
3,2,5,0,7,2,7,0,4,8,2,2,3,4,640.1,1,2
5,1,9,5,5,1,10,1,7,7,0,2,1,10,734.0,0,3
2,2,4,4,3,1,7,3,4,7,1,2,2,8,672.2,1,2
2,5,2,4,4,2,3,1,4,5,10,1,2,3,578.3,1,3
2,2,4,4,6,2,8,6,8,7,1,2,1,4,659.4,1,3
2,3,2,1,5,2,9,0,10,6,3,2,1,6,642.6,1,2
5,2,5,7,4,1,8,5,5,6,1,2,3,5,699.4,1,1
2,5,5,3,2,1,6,1,2,6,1,2,1,10,666.5,1,3
5,2,10,10,10,2,8,6,10,7,1,2,7,8,758.4,1,2
2,0,4,8,1,1,8,7,2,10,0,1,9,10,704.7,0,2
3,2,3,10,5,2,10,3,4,7,3,2,1,10,672.2,0,2
2,1,5,10,6,1,7,2,3,8,4,2,3,7,699.4,0,0
2,3,4,10,10,1,8,6,2,5,1,1,3,3,678.2,1,0
3,2,10,10,10,2,6,1,8,6,3,2,7,10,730.6,0,2
3,4,7,8,10,1,8,4,10,8,2,2,8,6,733.1,1,1
4,4,3,3,8,1,4,0,3,6,2,1,0,5,631.0,0,0
1,4,6,2,4,2,7,2,9,5,3,1,1,0,581.0,0,2
5,2,6,5,8,1,4,3,3,7,2,2,2,10,678.8,0,1
5,2,6,5,8,1,4,3,3,7,2,2,2,10,678.8,0,1
4,2,5,4,10,1,6,8,4,7,7,2,6,3,673.9,0,2
0,3,3,1,1,2,1,0,2,7,5,1,0,1,552.8,1,2
4,4,10,10,10,2,5,5,5,7,1,2,6,10,704.7,1,3
1,5,0,0,3,2,2,3,10,6,0,2,1,1,598.4,0,1
1,1,4,5,5,1,2,1,1,8,2,2,1,1,656.5,1,2
3,4,6,6,8,2,6,2,2,7,6,1,0,2,608.9,1,2
2,1,6,4,10,1,6,6,10,8,1,2,4,6,719.5,0,1
2,1,6,4,10,1,6,6,10,8,1,2,4,6,719.5,0,1
5,1,2,8,1,2,9,7,8,8,0,2,8,8,695.3,1,0
2,1,5,6,4,2,10,2,5,7,2,2,3,10,692.8,1,3
3,4,8,6,8,2,3,5,5,8,3,1,4,6,640.3,1,1
1,3,7,4,10,2,5,4,3,5,7,2,1,2,630.8,1,1
3,3,8,4,10,2,6,2,6,7,6,2,0,3,626.7,0,1
5,2,10,7,9,1,7,6,4,9,1,2,5,9,730.4,1,2
3,0,4,10,6,2,9,10,5,6,1,2,5,7,735.1,1,3
1,0,8,2,7,2,1,1,6,7,2,2,1,7,630.1,0,1
3,2,8,4,2,2,4,2,2,8,4,1,3,10,627.8,1,2
3,2,5,8,10,1,9,6,8,8,2,2,1,4,717.4,1,2
3,1,4,2,10,2,7,5,3,7,3,2,2,8,677.1,0,2
3,1,10,6,2,1,9,5,4,9,1,2,5,10,710.0,1,1
2,3,5,3,5,1,5,2,10,8,2,2,0,5,663.4,1,2
0,5,1,0,2,2,4,0,1,8,6,1,1,3,544.3,1,0
1,5,0,3,1,2,7,0,1,7,7,1,2,10,590.0,1,2
2,3,0,2,6,2,5,1,6,6,5,2,1,8,616.3,1,3
3,3,3,1,3,1,4,2,7,7,1,1,6,3,628.6,0,1
4,2,4,4,8,1,7,3,1,6,1,2,2,7,707.1,1,1
5,5,8,2,10,2,8,2,5,6,7,2,0,5,646.7,1,1
1,2,8,5,10,2,7,4,3,7,0,2,5,3,648.2,1,3
4,1,7,6,3,1,7,3,6,8,1,2,2,10,711.9,1,1
0,1,2,10,1,1,10,5,5,10,7,2,5,10,674.7,0,0
0,1,2,10,1,1,10,5,5,10,7,2,5,10,674.7,0,0
3,5,4,2,8,2,8,3,2,6,3,2,5,3,617.2,0,2
5,3,7,2,5,1,7,1,2,7,1,2,1,4,676.9,1,2
4,2,5,3,8,2,4,2,7,9,10,2,2,5,666.4,1,1
5,3,8,5,10,2,7,3,10,8,1,2,2,7,722.9,1,1
2,5,0,5,3,1,0,0,1,6,7,1,3,1,552.4,1,3
3,4,4,10,8,2,6,1,4,7,3,2,2,10,663.7,1,2
2,4,5,10,8,2,9,3,3,7,5,2,2,3,682.2,1,2
3,1,8,5,8,1,7,5,5,8,2,2,5,10,706.6,1,0
5,4,3,10,10,2,8,8,9,4,0,1,3,10,703.2,1,1
2,3,5,10,5,1,0,1,5,8,2,2,0,7,653.9,1,2
2,2,10,10,10,1,7,4,9,7,1,2,8,8,697.0,1,1
2,3,3,8,5,2,2,2,3,7,7,1,4,7,604.0,0,2
3,1,10,3,5,2,7,7,1,7,2,2,2,1,652.9,0,2
2,2,4,1,5,2,5,1,2,7,1,2,0,4,610.6,1,3
2,3,9,6,10,1,7,3,6,7,2,2,3,6,698.1,1,1
2,4,6,6,7,2,1,1,5,6,2,1,3,2,612.7,1,1
4,2,5,3,8,2,4,2,7,9,10,2,2,5,666.4,1,1
2,2,10,7,8,2,9,5,8,7,2,2,10,6,717.2,1,1
2,2,10,5,5,2,8,4,7,7,2,2,5,6,694.9,1,1
3,3,5,3,10,2,5,8,6,6,6,2,2,10,677.5,1,2
3,3,5,3,10,2,5,5,7,6,4,2,2,10,679.4,1,2
4,2,4,4,4,2,3,2,1,6,2,1,0,2,598.3,1,3
3,5,1,4,1,1,10,0,1,8,8,2,0,2,598.7,1,3
3,3,5,3,10,2,5,5,7,6,4,2,2,10,679.4,1,2
4,0,6,10,2,1,7,7,5,7,1,2,8,10,728.5,0,2
5,3,4,10,10,1,7,3,6,8,2,2,1,10,705.1,1,2
3,3,5,10,6,2,3,2,7,5,5,2,1,5,641.8,1,1
5,3,4,10,3,2,4,0,4,7,3,2,0,7,662.0,1,3
4,0,6,4,10,1,10,8,8,8,2,2,10,10,759.9,0,1
5,4,4,10,10,2,7,5,4,9,3,1,7,10,703.2,1,3
2,0,6,0,10,1,5,2,8,8,5,2,1,10,674.9,1,0
3,2,4,5,5,2,7,4,6,6,1,2,2,10,679.2,0,2
1,3,2,7,3,2,6,1,1,8,4,1,1,5,598.7,1,0
4,3,10,4,8,1,7,1,9,6,1,2,2,7,710.4,1,2
4,3,4,6,10,2,9,1,4,8,1,2,8,6,672.4,1,1
3,1,6,10,10,2,8,10,8,8,0,2,3,10,748.0,0,3
4,3,9,7,5,1,3,1,7,8,1,2,1,1,678.1,0,1
5,5,8,5,8,2,5,5,5,6,5,2,2,3,667.1,1,3
3,3,5,3,10,2,5,5,7,6,4,2,2,10,679.4,1,2
5,3,8,5,4,2,8,6,10,8,3,2,7,10,719.5,0,1
4,1,8,3,8,1,9,3,8,7,1,2,4,4,701.9,1,1
5,2,3,10,10,1,8,6,4,8,1,2,8,10,714.9,1,1
4,3,9,7,10,2,7,6,9,10,5,2,9,6,726.5,0,1
1,3,4,4,2,1,0,0,2,10,2,2,2,7,628.2,1,0
3,1,8,4,10,1,7,4,8,7,2,2,3,5,712.1,0,0
4,3,4,2,10,2,2,3,7,7,3,2,0,7,643.9,0,1
0,5,3,7,10,2,10,8,5,8,10,2,0,5,642.0,0,1
3,3,4,10,10,1,7,6,9,8,4,1,4,8,704.0,0,1
3,3,4,10,10,1,8,3,10,8,3,1,4,8,719.5,0,1
3,3,3,10,5,2,6,2,5,8,7,2,5,6,647.1,1,2
3,3,3,10,5,2,6,2,5,8,7,2,5,6,647.1,1,2
2,3,2,2,2,1,3,1,7,5,2,2,0,1,621.4,0,2
3,0,5,8,3,1,2,2,6,7,1,2,5,3,679.4,0,2
4,1,5,3,6,1,6,3,10,7,1,2,3,7,715.9,0,1
3,4,8,3,4,2,3,2,8,7,3,2,0,4,652.6,1,2
2,0,5,5,10,1,5,10,6,7,1,1,8,10,711.7,1,0
3,3,5,7,6,2,5,0,4,8,1,2,3,5,660.5,1,3
1,2,3,5,10,1,3,1,6,6,0,2,1,1,635.0,1,2
1,3,2,5,10,2,8,3,3,6,2,2,1,3,646.3,0,2
5,1,7,9,10,1,9,6,9,8,5,2,8,8,749.9,1,3
4,2,5,2,8,1,8,5,9,8,3,2,7,5,702.3,1,2
5,5,4,5,10,1,2,1,5,6,9,2,3,10,645.0,1,2
3,4,3,3,3,2,6,1,6,8,4,2,1,6,645.6,0,1
1,3,6,2,8,2,8,6,8,7,1,2,2,3,649.2,0,1
0,1,2,1,4,2,6,5,7,8,1,2,7,10,690.0,1,1
1,2,3,1,5,2,7,0,2,8,1,1,0,3,587.0,1,3
2,4,8,10,10,2,9,5,3,6,5,2,8,10,704.1,0,2
4,3,7,4,7,2,6,1,6,6,1,2,2,1,638.4,1,1
5,5,5,3,10,1,1,3,10,7,1,2,4,5,647.9,0,0
2,4,5,10,2,2,6,1,5,6,9,1,1,5,619.5,1,2
5,3,7,10,10,1,9,3,7,8,2,2,7,4,696.8,1,1
2,5,8,5,10,2,3,1,10,7,5,2,3,6,664.9,1,2
1,3,2,1,5,1,4,0,3,8,7,1,0,10,609.3,0,1
0,2,3,1,2,2,1,1,3,7,1,1,1,8,561.5,0,2
3,3,7,2,10,2,3,1,4,7,3,1,7,4,628.0,1,1
5,1,7,6,4,1,9,2,6,8,1,2,5,7,708.5,0,2
4,4,3,3,10,2,7,2,3,6,1,2,8,1,649.7,0,1
5,0,8,10,8,1,8,9,4,6,0,2,2,10,750.2,1,3
2,3,10,10,10,2,9,6,1,7,4,1,5,10,668.2,1,2
1,1,8,4,8,1,1,0,10,6,2,1,1,6,661.3,1,2
1,1,0,4,2,1,2,1,2,9,2,1,0,10,626.3,1,0
1,2,2,7,6,1,9,7,5,8,2,2,5,10,684.5,1,0
5,4,7,4,5,1,8,5,10,7,2,2,2,6,693.8,1,1
1,3,5,4,3,2,3,0,3,8,1,1,1,4,585.5,1,1
4,4,8,10,8,2,6,5,9,7,2,1,4,1,666.4,1,1
3,2,4,10,5,1,7,0,5,7,3,2,2,7,692.8,1,1
4,1,6,10,10,2,9,5,9,6,5,2,9,5,732.5,1,1
1,4,10,4,5,2,3,5,5,5,5,2,1,4,624.4,1,3
2,5,1,5,1,1,7,7,8,9,1,2,0,7,670.0,1,3
4,3,7,10,3,1,7,3,7,8,0,2,5,8,717.2,0,3
4,4,10,8,10,1,10,3,10,7,5,2,8,7,731.2,1,2
5,2,3,10,10,1,8,6,4,8,1,2,8,10,714.9,1,1
4,2,10,2,3,2,1,3,3,7,0,1,2,1,612.5,0,2
4,3,2,10,8,1,2,1,10,7,3,2,2,10,670.0,0,2
5,1,4,5,6,1,5,4,10,8,2,2,1,10,721.2,0,3
5,3,7,5,2,2,8,4,3,7,1,2,7,7,668.6,1,3
2,5,1,10,1,2,9,9,2,9,0,2,10,10,696.0,0,3
2,3,10,5,10,2,9,2,7,8,0,2,2,3,698.5,1,2
2,2,1,3,3,1,3,5,7,7,2,1,3,6,625.2,0,1
5,1,10,8,6,2,8,2,10,8,1,2,1,8,716.1,1,3
1,4,4,5,5,1,5,1,4,6,10,1,0,5,597.2,0,2
3,2,7,5,6,1,6,3,10,9,1,2,2,10,699.3,0,1
5,0,3,10,10,1,1,2,4,6,2,1,4,10,672.0,1,2
3,1,8,10,10,1,8,10,5,9,0,1,10,10,769.7,0,1
3,2,10,10,10,1,2,10,4,8,0,1,10,10,747.2,0,1
4,3,10,4,6,1,6,3,10,7,6,2,3,3,700.6,1,2
3,1,4,7,10,1,7,3,4,8,1,2,4,4,703.0,1,0
1,2,10,10,10,2,8,6,8,7,0,2,6,7,732.5,0,1
3,2,7,6,7,2,6,2,5,7,1,2,1,1,658.8,0,2
4,2,5,8,8,2,7,0,3,6,3,2,2,3,671.8,1,2
5,2,3,10,10,1,8,6,4,8,1,2,8,10,714.9,1,1
4,5,3,1,1,1,8,0,5,6,3,1,0,10,602.5,1,2
4,5,3,1,1,1,8,0,5,6,3,1,0,10,602.5,1,2
4,3,7,7,9,1,8,9,10,7,2,2,4,9,736.3,1,0
3,3,10,8,5,1,5,2,5,8,0,1,3,10,686.2,1,1
3,3,3,1,1,1,1,2,1,8,1,1,5,0,576.6,0,1
3,3,3,1,1,1,1,2,1,8,1,1,5,0,576.6,0,1
3,1,2,1,3,1,1,2,1,8,1,1,5,0,586.8,0,1
4,4,10,1,6,2,8,3,10,6,0,2,1,7,676.6,1,2
5,3,5,4,2,2,2,1,5,6,2,2,1,1,602.5,0,1
4,5,7,10,3,1,7,4,6,6,7,2,3,10,704.7,1,2
5,3,3,8,2,2,2,1,6,2,10,2,1,10,669.9,1,3
2,0,6,10,10,2,8,8,8,7,0,2,3,10,727.4,1,2
4,1,4,3,2,1,7,3,5,8,1,1,10,10,667.5,0,1
1,5,7,9,10,2,8,2,10,7,5,2,3,6,663.2,1,1
2,3,3,1,5,1,4,1,1,8,7,2,1,10,631.0,1,2
4,2,8,5,4,2,8,4,5,7,2,2,4,10,670.7,0,2
3,3,10,8,8,1,8,7,9,8,2,2,10,7,734.6,1,1
4,4,7,10,10,1,7,3,4,7,4,2,1,7,701.1,1,1
2,4,10,10,8,2,6,3,2,8,1,2,1,7,683.9,0,1
4,3,4,5,3,1,8,4,3,7,3,2,10,8,677.1,0,1
5,2,5,10,5,1,8,4,1,7,2,2,8,5,732.8,1,2
5,4,10,10,10,2,8,2,10,7,3,1,8,3,695.5,1,1
5,3,0,0,1,1,4,0,10,8,3,1,1,10,629.4,1,2
1,2,1,2,10,1,5,6,2,7,3,1,0,4,603.8,1,2
4,0,8,9,6,1,8,2,8,8,0,2,2,4,712.3,0,1
3,4,4,8,3,2,8,4,7,6,2,2,1,1,633.5,1,3
1,3,9,7,5,1,7,1,3,7,4,2,2,10,672.0,0,1
1,3,3,10,10,1,0,4,7,5,4,2,2,4,680.9,1,1
2,1,2,3,4,1,9,5,6,8,5,2,6,10,666.0,0,1
5,1,10,10,3,1,8,2,10,7,3,2,4,10,722.7,1,2
2,4,8,4,10,1,6,2,6,6,0,2,1,5,672.4,1,1
1,3,4,0,2,2,4,0,5,8,5,2,0,10,601.2,0,3
3,4,2,3,10,2,8,7,10,7,1,1,1,4,654.7,0,1
3,4,2,3,10,2,8,7,10,7,1,1,1,4,654.7,0,1
1,0,0,4,5,2,2,2,2,7,0,2,0,7,629.3,0,0
1,4,5,5,4,1,8,2,10,8,3,2,1,5,651.5,1,1
2,1,5,6,10,1,4,5,1,8,1,1,5,9,687.1,1,0
1,4,3,2,5,2,5,1,1,6,3,1,1,6,593.2,1,2
2,1,8,4,7,1,5,10,1,5,3,2,3,10,727.3,1,0
1,4,0,2,3,2,5,2,2,6,4,1,5,10,557.7,0,1
4,5,9,5,10,1,5,2,9,7,3,2,1,2,649.4,1,3
3,1,4,3,5,1,3,1,7,5,1,1,2,10,660.5,0,3
3,4,5,5,10,2,3,0,7,6,5,1,0,4,643.7,1,0
5,5,1,7,10,1,10,10,7,6,1,2,9,10,745.7,1,1
4,3,5,8,2,2,8,2,9,8,7,2,1,3,634.3,1,0
5,1,5,5,10,1,9,1,5,8,0,2,4,10,718.5,1,1
1,2,9,4,3,1,3,1,2,8,1,2,1,8,656.7,1,1
5,0,10,0,10,2,0,10,10,3,0,2,10,0,660.7,0,0
5,0,3,0,10,1,10,5,10,10,3,2,10,7,748.8,0,0
2,3,3,5,10,1,6,2,4,8,10,2,1,7,650.3,1,0
5,0,7,0,10,1,4,4,10,10,0,1,1,5,701.2,0,0
5,5,3,5,5,1,0,1,4,10,5,1,7,7,618.4,0,0
3,5,5,10,10,1,6,1,3,7,5,2,4,4,666.9,1,2
3,4,4,2,5,1,2,3,4,7,8,2,3,4,611.0,1,2
2,2,3,10,10,1,6,2,8,8,1,2,5,10,741.2,1,3
4,4,10,10,10,1,8,8,10,7,10,2,10,10,765.2,1,1
5,3,4,8,8,1,7,2,4,8,0,1,10,10,706.4,1,2
3,4,9,4,4,1,3,3,4,7,1,2,2,6,670.5,1,1
5,0,10,10,10,1,8,6,6,8,1,2,6,10,771.4,0,1
2,3,5,7,10,1,7,8,2,6,6,2,6,5,668.2,0,2
2,3,5,8,10,1,5,6,3,7,6,2,6,6,685.6,0,2
2,4,5,0,5,1,4,1,2,6,1,1,1,6,586.6,0,3
2,1,6,8,7,1,9,3,5,7,2,2,5,5,709.8,0,1
0,3,3,7,2,1,5,3,7,7,4,2,2,5,650.7,0,1
1,1,6,8,6,2,5,1,4,6,1,2,2,5,665.2,0,1
3,2,8,6,6,1,9,3,6,7,1,2,1,6,696.4,1,1
2,5,5,5,5,1,6,3,5,6,1,2,0,2,631.4,1,1
2,1,10,2,10,1,8,2,1,7,2,1,1,6,654.6,0,1
2,1,10,2,10,1,8,2,1,7,2,1,1,6,654.6,0,1
2,2,4,5,9,1,0,2,3,6,2,2,8,2,671.8,0,1
4,1,5,8,10,1,5,3,9,6,3,2,2,8,690.0,1,1
1,2,6,3,6,1,7,2,5,7,1,2,1,2,662.2,1,1
1,4,5,6,10,1,7,2,3,6,3,2,1,10,668.4,0,1
2,4,5,8,6,1,6,5,8,6,4,2,5,6,677.9,1,1
3,2,8,6,6,1,9,3,6,7,1,2,1,6,696.4,1,1
1,2,6,3,6,1,7,2,5,7,1,2,1,2,662.2,1,1
2,2,10,3,10,1,8,5,7,6,5,1,0,10,676.0,1,1
5,5,4,3,5,2,8,3,5,7,0,2,3,10,680.9,0,1
5,4,6,2,10,1,9,1,5,7,1,2,2,5,658.8,0,1
5,1,7,4,6,1,7,4,8,7,1,2,6,2,688.3,1,2
3,5,6,4,10,1,4,6,8,10,1,1,4,0,658.3,1,0
5,1,10,10,10,1,8,5,5,6,2,2,5,10,765.7,1,3
2,1,10,7,10,1,6,6,10,8,1,2,3,3,702.5,1,0
5,4,9,5,10,1,6,3,10,7,5,2,4,4,709.1,0,1
5,1,8,4,10,2,7,3,3,8,1,2,5,5,665.4,1,1
2,1,1,0,1,2,2,0,2,7,1,2,0,7,617.4,0,2
0,5,10,10,10,2,4,6,10,7,0,1,0,0,637.7,1,1
3,4,9,6,8,1,5,4,4,7,1,2,1,6,696.0,0,1
5,3,8,10,10,1,8,3,10,6,5,2,0,6,719.1,1,1
5,0,4,4,2,1,6,2,9,9,3,2,4,8,690.6,1,0
5,0,4,4,2,1,6,2,9,9,3,2,4,8,690.6,1,0
3,3,6,4,8,2,6,1,9,7,2,2,6,5,691.9,0,1
3,3,6,4,8,2,6,1,9,7,2,2,6,5,691.9,0,1
2,1,4,10,10,2,7,3,3,8,2,2,2,7,694.3,0,1
5,3,8,4,4,2,3,0,5,8,3,1,1,10,616.5,0,2
5,3,8,4,4,2,3,0,5,8,3,1,1,10,616.5,0,2
5,3,8,4,4,2,3,0,5,8,3,1,1,10,616.5,0,2
4,5,2,5,5,2,0,1,2,6,0,1,1,10,600.2,1,3
4,2,2,5,5,2,6,3,7,7,4,2,4,6,645.6,1,2
2,5,7,10,10,2,9,8,6,5,1,2,8,10,702.8,1,3
2,5,7,10,10,2,9,8,6,5,1,2,8,10,702.8,1,3
4,2,8,10,5,1,7,2,5,8,2,2,2,10,732.1,0,3
2,1,2,2,0,1,1,0,3,5,0,2,1,1,593.4,0,3
4,4,3,2,3,1,7,2,3,8,3,1,1,5,622.9,1,1
3,3,6,4,8,2,6,1,9,7,2,2,6,5,691.9,0,1
3,3,5,5,5,1,6,3,3,7,4,2,4,7,687.3,1,1
5,3,6,7,10,2,10,8,5,7,1,2,0,7,692.8,1,1
1,4,10,0,2,2,2,0,2,7,0,2,0,4,581.7,0,2
1,2,0,5,7,1,8,1,5,7,0,2,0,7,670.7,0,1
5,4,1,2,1,1,6,0,5,10,3,1,1,5,598.2,1,3
5,4,1,2,1,1,4,1,5,10,3,1,1,4,596.5,1,3
1,2,9,3,10,1,9,3,4,8,5,2,7,7,704.7,1,1
1,2,9,3,10,1,9,3,4,8,5,2,7,7,704.7,1,1
4,5,2,10,3,1,2,0,2,8,1,2,0,7,643.1,1,3
4,1,8,2,10,2,3,4,5,9,2,2,1,5,666.0,1,1
2,0,7,8,3,2,7,7,10,6,0,2,9,9,688.5,0,3
3,2,7,7,5,2,5,2,3,7,3,1,2,8,655.0,0,3
2,5,5,5,8,1,3,3,3,8,5,2,0,3,656.9,0,1
3,4,2,1,4,1,8,3,10,7,1,2,2,5,658.1,0,1
3,5,10,10,10,2,8,0,6,7,9,2,2,3,677.7,1,1
5,1,9,10,5,1,8,1,3,7,2,2,2,8,700.9,1,1
2,4,3,0,10,1,2,3,10,5,10,2,7,6,644.1,1,1
1,3,7,5,10,1,8,1,6,6,1,2,2,4,660.5,0,0
3,3,10,10,5,1,3,4,6,6,3,2,2,10,708.1,1,2
4,2,10,10,10,1,8,10,6,7,1,2,7,10,767.8,1,2
4,1,7,4,7,1,8,3,6,7,1,2,4,6,701.5,0,0
2,5,6,6,3,2,0,2,1,6,10,1,4,10,598.3,0,1
2,5,10,10,10,2,0,2,1,6,5,1,4,7,651.0,1,2
3,1,4,4,6,2,5,1,6,7,6,2,1,10,672.6,1,1
4,2,2,5,5,2,6,3,7,7,4,2,4,6,645.6,1,2
4,0,8,0,8,2,10,7,8,7,5,2,0,3,695.1,0,1
1,2,5,3,10,1,4,2,5,8,1,2,5,5,667.5,1,1
3,4,7,10,6,2,4,4,6,8,7,1,6,7,666.0,1,2
1,3,3,8,10,1,2,3,6,5,7,2,3,5,631.4,0,2
4,5,10,6,10,1,5,2,10,10,3,2,1,10,680.8,1,0
1,3,5,5,4,2,4,4,6,8,0,2,1,1,642.2,1,1
4,3,10,6,10,1,6,5,6,6,6,2,1,7,720.0,1,0
5,5,2,10,10,1,7,1,9,6,3,2,2,5,701.9,0,2
1,1,3,10,2,2,0,0,1,8,2,2,1,10,637.8,1,3
2,1,7,6,2,1,4,3,1,7,0,2,2,8,688.6,0,1
5,4,10,10,10,2,8,9,4,7,1,2,2,10,741.9,1,3
3,3,10,6,10,1,4,3,10,6,3,2,1,3,707.2,1,3
1,3,4,10,8,2,7,5,1,8,7,2,5,2,663.3,1,2
3,5,0,0,1,2,0,0,5,5,3,2,0,10,588.7,0,3
3,3,0,0,10,2,7,0,2,5,5,1,2,10,610.2,1,3
3,3,6,10,10,2,3,4,3,7,1,2,4,7,685.6,0,3
1,4,3,1,1,2,4,4,8,5,3,1,2,6,597.8,0,1
3,0,6,10,10,2,6,10,6,8,1,2,8,7,752.7,0,3
5,5,10,6,10,2,6,8,10,9,10,1,9,7,684.0,1,0
3,2,4,8,4,2,5,7,4,4,0,2,5,8,659.7,0,0
1,3,3,5,6,1,5,5,1,8,1,1,4,10,636.1,0,0
4,2,3,6,4,2,5,5,5,7,2,2,4,7,662.2,0,0
5,2,5,10,10,1,7,6,10,7,6,2,8,10,738.0,0,2
3,3,6,10,10,2,3,4,3,7,1,2,4,7,685.6,0,3
1,5,10,0,6,1,1,1,3,7,10,2,0,3,619.3,1,0
2,5,4,3,10,1,6,3,8,7,5,2,1,2,671.3,1,0
3,1,5,2,4,1,7,3,5,8,0,2,1,10,653.9,0,1
1,4,9,5,9,1,7,4,1,8,2,2,3,6,685.4,0,0
1,3,10,4,2,1,7,5,8,8,5,1,5,10,663.0,1,0
3,3,8,5,7,2,10,5,5,10,9,1,5,5,681.5,0,0
1,3,6,6,3,1,8,5,10,8,2,1,10,3,665.1,1,0
1,0,8,3,6,1,5,6,10,8,2,2,10,6,717.8,1,0
3,2,3,1,9,1,6,1,1,7,0,2,4,3,659.7,0,0
3,2,3,1,9,1,6,1,1,7,0,2,4,3,659.7,0,0
5,3,4,10,8,2,2,4,5,7,4,2,3,7,648.6,0,2
4,3,5,8,5,2,7,5,9,1,7,1,7,7,656.7,1,0
0,2,7,7,10,2,6,8,6,7,5,2,3,7,693.0,1,0
4,1,3,9,7,2,3,3,4,7,6,2,6,5,662.0,0,0
2,3,10,3,1,1,4,1,1,8,2,1,5,2,632.7,0,0
2,5,7,2,7,1,2,2,5,8,4,1,5,3,633.5,0,0
4,3,6,9,5,1,4,3,10,7,7,1,3,7,658.1,1,0
3,3,10,6,7,1,8,10,8,3,8,1,5,1,682.4,0,0
5,5,10,5,4,1,5,6,10,8,6,1,6,7,694.0,1,0
2,0,6,2,5,1,5,1,3,4,6,1,0,1,620.4,0,0
2,1,3,3,6,1,5,1,4,5,1,1,0,3,627.6,0,1
2,0,10,10,10,2,8,6,10,8,3,2,7,7,748.4,0,2
2,2,10,4,10,1,7,3,4,6,1,1,1,3,649.9,1,1
3,1,3,2,5,1,2,2,5,7,1,2,0,3,635.0,0,1
2,1,8,6,5,1,7,7,5,7,1,2,5,7,703.0,0,1
1,2,6,4,4,1,6,2,4,7,1,2,1,4,673.9,0,1
5,0,10,10,10,2,9,10,10,7,2,2,1,10,743.1,0,1
2,3,9,3,8,1,5,5,10,7,6,2,1,8,680.2,0,1
1,2,6,2,5,1,7,0,1,8,1,2,1,3,627.6,1,1
1,1,8,3,10,1,3,3,3,7,1,1,2,3,656.7,0,1
4,2,4,4,9,1,10,5,8,7,2,1,8,3,681.5,1,1
3,3,10,3,10,1,8,2,10,7,5,1,4,5,644.5,0,1
1,2,10,5,10,1,1,3,5,7,1,2,5,4,653.7,0,1
2,3,9,3,8,1,5,5,10,7,6,2,1,8,680.2,0,1
5,0,10,10,10,2,9,10,10,7,2,2,1,10,743.1,0,1
3,2,5,5,3,2,6,3,10,6,3,2,3,5,668.1,1,1
1,3,7,8,10,1,7,3,3,5,2,2,1,4,675.0,0,1
2,1,5,9,7,1,8,9,8,7,0,2,4,10,744.4,0,2
1,2,6,4,4,1,6,2,4,7,1,2,1,4,673.9,0,1
2,1,10,5,10,1,9,3,7,6,1,2,3,8,708.3,1,1
4,3,4,10,10,1,9,1,4,7,0,2,2,7,718.1,1,3
3,4,10,10,10,2,4,1,4,7,1,2,5,7,694.3,1,3
2,4,3,8,2,2,8,4,6,8,2,1,2,10,621.8,1,2
1,4,2,2,9,2,2,0,3,5,4,2,0,8,620.6,0,2
3,1,9,7,10,1,10,6,9,7,7,2,4,8,751.4,0,2
1,5,2,10,3,1,2,1,2,6,4,1,3,3,581.5,0,1
1,5,5,6,10,1,5,1,2,10,3,1,0,1,626.5,1,0
4,5,3,5,6,1,6,6,5,8,8,2,2,4,648.8,0,1
2,4,5,7,10,1,9,3,4,8,1,2,8,2,691.1,1,2
1,3,6,10,10,1,7,4,10,7,1,2,7,2,688.7,1,1
4,3,2,7,8,1,4,3,5,6,4,2,2,7,679.0,0,1
1,2,10,10,10,2,8,4,10,6,2,2,7,5,714.0,0,1
5,0,10,10,2,1,5,6,10,9,0,2,9,5,745.2,1,3
1,3,10,3,2,2,5,1,5,7,8,2,1,3,592.5,1,1
5,1,2,10,2,1,8,2,10,8,2,2,5,10,745.0,1,1
4,4,5,4,6,2,10,2,1,7,5,2,1,5,642.7,0,2
1,3,3,2,3,2,5,2,5,9,1,2,1,10,657.5,0,1
3,2,7,5,5,1,7,3,6,8,2,2,3,2,677.9,1,1
2,3,6,10,10,2,8,0,8,7,0,2,0,2,645.8,0,2
3,3,6,5,2,1,5,2,1,7,10,2,5,7,664.8,0,3
4,3,6,3,7,1,3,2,7,7,2,2,1,2,666.0,1,1
1,2,2,4,10,2,6,8,6,7,1,2,8,5,659.0,1,2
4,2,8,10,6,1,2,4,6,8,1,1,10,1,667.7,1,1
5,1,6,4,7,1,7,2,6,7,1,2,6,1,687.9,1,2
4,1,6,7,10,2,7,8,4,7,4,2,8,7,718.1,1,1
3,1,7,9,5,1,10,4,8,10,2,2,6,10,750.1,1,0
0,3,0,5,5,2,3,9,8,6,6,1,3,6,620.1,1,1
4,1,7,4,8,2,6,7,3,7,1,2,8,4,675.4,1,1
5,0,0,10,10,2,2,2,10,6,0,2,1,10,673.2,0,1
2,3,2,10,2,2,7,4,5,8,1,2,2,2,655.6,0,3
2,1,5,2,2,1,4,0,5,8,1,2,0,10,681.1,0,3
3,0,7,2,9,1,0,2,7,7,2,2,1,3,666.0,1,1
5,1,3,10,6,1,6,2,5,7,0,2,1,10,696.2,1,0
4,2,3,5,10,1,7,6,10,7,0,2,8,10,743.1,1,1
1,1,2,3,6,1,2,4,3,7,2,2,2,5,636.3,0,2
1,1,6,3,7,1,8,3,8,7,0,2,4,10,671.3,0,1
0,2,4,4,10,1,9,2,3,6,3,2,3,7,690.5,0,1
3,2,8,9,9,2,8,4,6,7,3,2,5,9,701.5,1,1
5,1,9,9,10,1,5,1,5,6,2,2,1,8,731.7,1,1
1,4,6,1,1,1,0,2,2,7,2,2,1,10,620.8,0,1
2,2,8,4,10,1,5,4,9,8,2,2,7,5,719.3,1,1
4,2,8,8,6,1,8,6,10,7,1,2,5,7,734.6,1,1
1,3,10,5,5,2,6,1,7,6,1,1,1,5,630.1,0,1
3,2,6,4,7,1,6,5,6,6,1,1,5,6,675.8,0,1
1,2,9,2,4,2,7,2,2,7,1,2,1,1,625.9,0,1
1,3,10,10,10,1,8,6,6,7,2,1,5,5,676.0,0,1
3,3,10,5,5,2,8,5,6,7,1,2,3,10,706.6,0,1
3,3,10,5,5,2,8,5,6,7,1,2,3,10,706.6,0,1
2,1,7,10,10,1,9,2,8,7,0,2,1,9,713.8,1,1
2,3,10,10,10,1,7,5,10,6,10,2,5,10,722.5,0,1
2,3,4,7,8,1,5,4,8,7,2,2,3,10,698.5,0,1
2,2,7,10,10,2,6,5,7,7,1,2,2,5,681.3,0,1
2,1,9,2,7,1,4,5,8,6,3,2,1,10,693.2,1,1
2,3,4,7,8,1,5,4,8,7,2,2,3,10,698.5,0,1
2,3,4,7,8,1,5,4,8,7,2,2,3,10,698.5,0,1
1,3,10,5,5,2,6,1,7,6,1,1,1,5,630.1,0,1
1,2,8,3,8,1,4,0,6,7,1,2,0,10,672.6,0,1
4,4,6,2,5,1,5,2,1,6,8,2,1,5,647.6,0,1
2,2,2,1,2,2,0,2,3,5,0,2,1,5,588.3,0,1
4,1,6,4,10,2,8,3,8,6,0,2,5,10,696.6,0,1
2,2,2,1,2,2,0,2,3,5,0,2,1,5,588.3,0,1
5,0,10,10,10,2,8,6,2,8,1,2,10,10,772.3,1,3
4,2,2,4,10,2,5,5,1,7,10,2,0,2,607.0,0,2
4,2,10,2,10,2,9,1,4,6,1,1,3,6,634.6,1,1
1,2,3,1,7,1,5,2,5,7,3,2,2,5,633.3,1,1
1,1,6,3,7,1,8,3,8,7,0,2,4,10,671.3,0,1
4,3,10,10,5,1,2,4,6,5,4,1,10,10,721.5,0,1
2,2,5,10,8,2,5,1,10,7,0,2,1,6,671.7,0,3
1,1,6,3,7,1,8,3,8,7,0,2,4,10,671.3,0,1
3,4,5,4,10,2,3,2,5,7,3,2,5,8,650.3,0,2
3,3,10,3,10,2,8,6,1,8,2,2,4,4,682.0,1,2
2,3,6,2,5,1,6,4,9,8,7,1,1,10,670.0,0,1
2,2,1,0,5,1,1,0,10,7,0,1,0,10,625.8,0,1
4,1,2,3,1,1,5,2,3,7,1,2,2,7,634.6,0,3
4,1,10,8,10,1,8,4,8,7,7,2,7,10,744.4,1,0
3,3,2,4,1,2,5,0,1,8,0,2,0,5,612.3,1,3
3,3,5,10,5,2,7,3,5,7,6,2,2,8,682.6,0,2
2,1,3,3,2,2,7,1,7,9,2,2,2,4,661.3,1,3
4,5,2,3,4,2,1,0,3,6,2,2,1,5,597.0,1,3
4,0,2,10,10,2,10,8,4,5,0,2,8,5,675.2,1,3
3,2,4,2,4,1,3,4,2,8,0,2,3,4,656.7,0,1
1,3,2,5,10,2,3,1,7,7,1,2,1,5,647.3,1,1
2,2,5,5,10,2,7,2,4,6,1,2,1,7,668.6,0,2
5,5,0,5,2,1,6,10,6,5,0,1,0,0,587.2,0,1
0,2,5,3,5,2,5,4,1,6,2,2,4,6,654.4,0,2
2,1,4,2,2,2,6,5,7,9,1,2,10,9,691.9,1,3
3,5,4,10,10,2,6,2,10,6,1,2,5,3,666.4,0,2
1,3,4,4,2,2,8,4,3,8,1,1,4,7,621.2,1,2
4,1,8,3,5,1,6,2,6,8,5,2,5,10,677.9,1,1
4,2,6,3,7,1,5,6,3,8,3,1,0,5,628.0,1,2
2,3,2,3,4,1,2,3,2,7,1,2,0,5,607.2,1,1
2,3,2,3,4,1,2,3,2,7,1,2,0,5,607.2,1,1
0,0,1,0,0,2,4,0,1,7,2,1,8,1,566.2,0,3
5,3,3,10,10,2,8,7,10,7,4,1,7,10,698.9,0,2
3,3,3,10,5,2,6,3,4,8,2,1,2,10,655.4,1,2
3,2,6,10,10,1,8,2,8,8,1,2,4,5,736.1,1,1
1,5,4,3,6,1,7,0,9,6,1,2,0,2,633.9,1,1
3,3,9,10,10,2,6,2,4,8,1,1,3,7,696.2,1,3
4,3,5,10,10,1,3,1,8,6,3,2,8,4,711.9,0,2
4,3,8,8,6,1,6,7,9,7,7,2,8,7,714.0,1,2
3,0,4,7,8,1,7,3,10,8,0,2,6,0,705.9,0,2
2,3,6,3,10,1,8,4,6,8,2,2,8,1,691.5,1,2
4,3,8,3,9,1,3,3,10,6,2,2,1,6,659.6,1,3
4,3,8,3,9,1,3,3,10,6,2,2,1,6,659.6,1,3
4,2,5,4,6,2,8,1,5,7,7,1,1,3,636.7,1,2
1,3,3,2,10,1,10,0,10,8,1,2,1,0,654.9,1,1
3,3,7,7,7,1,7,1,3,7,1,2,4,7,702.6,1,1
2,3,5,4,9,2,10,3,7,7,1,2,1,5,659.2,1,2
3,3,5,8,5,2,8,1,5,7,5,2,0,5,667.3,1,3
4,3,10,5,10,1,8,6,7,7,1,1,5,10,715.3,1,3
4,1,8,10,8,1,4,8,10,7,2,2,3,7,726.1,1,2
5,2,10,5,2,1,9,4,10,7,1,1,2,10,712.5,1,3
4,3,5,10,10,1,3,1,8,6,3,2,8,4,711.9,0,2
4,2,4,8,8,2,7,6,10,6,1,2,9,7,702.1,0,1
1,1,3,7,10,2,3,6,7,5,0,1,1,2,645.2,0,2
2,3,3,1,2,1,2,3,8,7,7,2,5,8,640.7,0,1
4,2,5,4,6,1,8,3,7,7,3,2,3,9,681.3,0,2
1,0,5,4,7,1,3,5,3,7,3,1,4,7,655.0,1,2
1,1,5,6,5,1,2,7,2,7,2,1,4,6,648.0,0,2
2,3,10,3,10,2,5,4,5,6,1,2,1,10,670.5,0,1
2,4,5,2,4,1,3,1,8,8,1,2,0,10,639.2,0,2
3,1,7,2,8,1,5,5,6,8,0,2,3,7,674.5,1,1
5,2,6,6,10,1,8,4,8,7,1,2,10,4,701.9,0,1
1,3,1,1,1,2,0,0,1,7,6,1,0,1,523.7,1,1
5,4,8,4,10,1,7,5,5,7,1,2,5,5,716.6,1,1
4,2,10,8,10,2,3,0,2,7,0,2,1,2,661.6,1,3
3,3,7,7,7,1,7,1,3,7,1,2,4,7,702.6,1,1
3,3,4,10,2,2,5,2,2,6,2,1,6,2,622.3,0,2
2,0,10,4,10,1,7,1,5,8,2,2,4,8,698.1,0,2
2,0,10,4,10,1,7,1,5,8,2,2,4,8,698.1,0,2
3,4,10,10,10,2,10,10,8,8,0,2,4,10,749.7,0,1
2,3,4,10,2,1,9,2,4,8,1,2,3,5,682.6,1,1
2,3,3,2,10,2,5,1,5,8,7,1,0,4,613.1,0,1
3,2,8,9,10,1,9,1,10,6,1,2,1,5,710.6,1,3
1,5,5,10,9,2,2,1,2,5,5,2,0,1,594.9,1,2
2,2,2,2,10,1,0,2,10,6,0,2,5,10,700.4,0,2
0,2,10,9,6,1,10,2,2,9,1,2,2,8,711.3,1,0
5,2,3,0,5,1,4,2,4,7,5,2,2,6,629.7,0,1
1,4,3,3,1,1,5,5,5,10,4,2,1,3,618.6,1,2
5,4,2,7,5,1,6,1,10,7,1,2,2,10,661.5,1,1
2,0,10,4,10,1,7,1,5,8,2,2,4,8,698.1,0,2
1,2,10,3,10,1,2,6,5,6,6,2,1,3,651.8,1,1
3,0,10,4,10,1,7,2,10,8,0,2,1,4,721.2,1,3
5,5,3,5,7,2,8,1,2,7,0,1,1,1,583.4,1,1
3,3,4,0,3,2,0,0,2,9,2,1,0,10,571.9,1,1
5,0,6,4,5,2,7,2,7,8,0,2,2,5,707.0,1,2
3,5,3,7,4,2,6,1,8,8,8,2,2,4,625.6,1,2
5,2,5,10,10,1,10,4,10,6,3,2,7,10,768.4,1,3
3,5,4,2,7,2,0,2,5,6,10,1,2,0,580.4,0,0
4,5,4,1,7,1,0,6,2,4,2,1,5,10,620.2,1,0
5,4,6,2,10,1,5,2,4,7,10,2,0,5,646.7,1,2
5,4,4,0,8,1,3,0,4,6,1,2,0,1,619.3,0,2
5,4,4,0,10,1,6,0,5,6,1,2,0,1,629.7,0,2
4,3,8,0,5,1,5,4,8,7,2,2,2,3,656.0,0,1
5,4,4,0,10,1,6,0,5,6,1,2,0,1,629.7,0,2
2,3,10,0,7,1,8,0,2,6,1,2,3,5,673.3,1,2
3,2,4,10,5,2,8,6,6,7,0,1,5,5,686.2,0,3
5,3,8,10,10,2,8,9,8,7,0,2,8,7,715.5,1,3
3,2,6,10,10,1,7,5,9,8,4,2,2,4,698.9,1,2
4,3,4,2,5,2,7,2,5,7,1,2,4,5,621.4,1,3
5,0,3,8,9,1,9,3,10,7,0,1,1,10,705.7,0,1
3,3,7,4,7,2,4,5,7,6,4,2,1,7,657.3,1,3
1,3,4,4,10,1,6,1,3,7,2,2,1,5,672.0,1,1
2,2,10,3,10,1,7,4,8,8,1,2,3,2,680.0,0,0
2,4,1,0,2,1,8,3,1,6,2,1,1,5,605.1,0,1
3,1,5,2,3,1,7,1,5,10,4,2,2,10,667.9,0,3
1,4,2,10,10,1,3,0,6,5,7,2,0,1,633.1,0,1
4,3,1,0,2,2,5,1,6,7,2,2,1,5,604.6,0,1
4,3,1,0,2,2,5,1,6,7,2,2,1,5,604.6,0,1
2,4,7,5,7,2,4,3,4,7,5,2,1,2,609.3,1,2
4,2,6,10,10,2,8,3,8,7,1,2,5,6,700.2,1,3
0,2,4,4,3,1,2,0,4,8,0,1,0,3,619.7,0,1
3,2,7,0,5,1,3,2,3,7,1,2,1,10,668.6,1,1
4,5,3,10,10,2,2,3,7,6,4,2,7,5,684.5,1,3
5,2,7,2,6,1,6,2,7,7,0,2,1,3,667.7,1,1
1,3,1,1,5,2,2,1,3,5,5,2,0,3,571.3,0,3
4,0,8,8,6,1,7,3,7,6,0,2,2,3,715.1,1,1
4,3,9,2,5,1,8,2,8,10,2,1,5,10,671.9,1,1
2,5,6,6,5,1,8,1,2,6,10,2,0,9,632.5,1,2
5,1,8,10,2,1,8,3,2,9,1,2,4,10,745.3,1,1
3,4,5,2,2,2,3,0,5,7,6,1,1,10,584.0,0,2
4,1,5,2,7,1,7,1,1,8,0,2,1,10,649.7,0,0
2,4,7,2,10,2,3,1,8,7,1,2,0,1,635.6,0,1
4,0,7,10,3,2,9,1,9,9,1,2,1,7,697.4,1,1
2,2,7,2,5,1,2,4,9,9,4,2,4,5,675.3,0,3
3,2,2,3,6,1,8,1,10,7,1,1,2,3,646.2,1,1
2,1,2,1,3,1,3,4,3,8,0,1,1,2,611.0,0,1
3,3,5,2,4,1,3,4,8,7,2,2,2,2,662.8,0,1
3,3,5,2,4,1,3,4,8,7,2,2,2,2,662.8,0,1
1,3,10,10,10,2,1,7,3,6,1,1,2,9,656.5,1,1
4,0,10,10,4,1,6,3,5,6,1,2,8,6,735.1,1,3
4,1,10,10,4,2,9,9,5,7,2,2,8,9,725.1,0,3
4,1,10,10,4,2,9,9,5,7,2,2,8,9,725.1,0,3
1,1,10,7,4,1,4,3,4,9,3,2,3,10,713.4,0,1
5,3,5,10,5,1,7,1,6,7,3,2,10,10,723.6,1,1
5,3,5,10,5,1,7,1,6,7,3,2,10,10,723.6,1,1
4,4,10,9,7,2,6,4,10,8,2,2,3,6,680.4,1,1
2,3,6,10,6,1,5,6,6,7,3,2,5,6,684.5,1,2
1,3,10,10,10,2,3,3,10,7,10,2,2,8,676.8,0,3
2,3,6,6,3,1,2,3,3,6,0,1,2,10,648.0,1,2
1,5,5,2,2,1,2,0,1,6,0,1,0,9,593.2,1,1
1,5,5,2,2,1,2,0,1,6,0,1,0,9,593.2,1,1
1,5,5,2,2,1,2,0,1,6,0,1,0,9,593.2,1,1
5,2,2,5,6,1,7,5,5,7,2,2,2,10,684.3,0,2
3,4,3,4,3,2,3,3,8,5,6,1,3,3,585.9,1,2
2,4,10,10,10,1,9,8,6,6,3,2,3,8,728.5,1,0
5,4,1,8,1,1,5,5,7,8,2,1,4,4,649.2,1,1
2,1,9,8,9,2,8,2,5,6,5,1,4,7,662.0,1,3
2,1,2,3,2,1,2,1,3,6,4,1,2,8,598.7,0,1
5,1,10,10,10,1,9,9,10,8,0,2,7,10,790.9,1,3
2,3,3,6,2,1,3,2,2,8,4,1,2,3,631.2,1,3
2,3,3,6,2,1,3,2,2,8,4,1,2,3,631.2,1,3
3,2,8,8,8,1,8,3,7,8,4,2,5,8,698.5,0,2
3,1,2,2,3,1,9,2,5,8,4,2,6,3,667.5,1,1
1,5,4,3,3,2,0,0,1,7,1,1,0,4,557.7,1,1
1,5,3,3,3,2,4,2,4,7,9,1,4,3,560.0,1,1
1,5,7,3,10,1,3,2,9,8,7,2,4,2,670.0,1,2
4,2,1,1,10,1,5,1,1,6,10,2,0,10,654.4,1,1
1,1,5,2,3,1,10,4,6,8,0,2,1,6,679.6,1,3
5,5,0,3,2,2,0,1,1,6,0,1,2,10,583.0,1,3
5,3,3,7,8,1,5,2,8,7,10,2,6,10,681.5,1,1
5,3,4,5,8,1,5,2,8,8,10,2,4,10,676.6,1,1
4,2,8,4,4,2,3,3,3,5,0,2,3,10,661.4,1,3
3,3,10,10,10,2,5,5,2,7,2,1,5,7,665.0,1,2
1,1,10,9,10,1,7,2,4,7,1,2,2,10,728.3,0,2
1,3,6,7,3,1,7,5,2,9,0,2,4,2,684.1,0,1
3,1,5,10,8,1,10,5,7,7,0,2,3,10,708.5,0,1
3,3,10,4,4,1,1,5,2,8,3,2,4,10,692.4,0,1
2,5,7,7,6,2,2,3,2,8,3,2,2,5,622.7,0,3
1,0,6,2,6,1,10,4,10,4,0,2,4,10,696.6,0,1
4,4,1,5,4,2,5,0,4,6,3,2,1,4,614.2,0,3
4,4,1,5,4,2,5,0,4,6,3,2,1,4,614.2,0,3
3,3,9,10,7,2,4,1,3,6,3,2,2,7,668.4,1,3
5,0,6,8,4,2,10,1,8,9,1,2,2,10,702.3,0,3
5,0,6,8,4,2,10,1,8,9,1,2,2,10,702.3,0,3
1,1,7,10,5,1,9,2,2,7,0,2,1,10,690.5,1,2
2,1,8,5,6,2,7,3,3,8,2,2,5,10,704.5,1,1
3,3,1,0,10,1,3,3,3,8,1,2,6,7,658.6,1,1
1,5,1,0,10,1,5,0,5,8,1,2,0,3,628.4,0,2
5,1,10,10,10,2,8,5,5,7,4,2,4,10,752.3,0,2
3,5,5,5,10,1,0,0,6,6,10,2,0,2,626.5,1,2
1,3,2,10,4,1,2,2,1,5,4,2,2,2,623.6,1,1
5,3,10,10,10,2,8,6,6,7,7,2,2,10,730.4,1,1
1,3,3,2,10,1,10,0,10,8,1,2,1,0,654.9,1,1
2,2,5,10,10,1,6,2,8,8,2,2,1,3,702.1,1,1
2,3,0,0,4,1,7,1,1,9,1,1,2,10,615.9,0,1
5,1,7,5,10,1,7,7,7,8,3,2,3,7,732.5,1,0
1,4,2,2,2,1,0,1,1,7,8,2,0,8,593.4,1,1
3,0,2,0,0,1,4,2,6,8,2,2,2,5,649.0,0,2
2,2,10,3,10,1,8,7,3,5,1,2,1,10,707.3,0,1
0,3,4,3,10,1,4,4,3,7,2,2,2,10,663.5,0,1
1,3,3,0,10,1,2,3,7,7,1,2,1,8,655.8,0,1
3,4,10,5,10,2,8,7,5,6,2,1,2,3,655.2,0,1
2,2,8,5,10,2,7,4,7,6,7,2,8,10,706.6,0,1
2,2,5,3,7,1,6,6,7,6,7,2,2,5,652.2,1,1
5,2,10,7,10,1,7,7,2,6,0,2,3,5,722.6,0,1
0,3,4,3,10,1,4,4,3,7,2,2,2,10,663.5,0,1
5,1,10,8,10,2,8,4,8,5,2,2,7,3,711.7,1,2
1,2,10,2,10,1,7,1,3,6,1,2,2,3,659.9,1,1
2,4,6,6,10,1,3,4,6,7,2,1,2,5,648.8,1,1
3,4,3,10,8,2,8,1,5,7,5,1,1,3,633.3,1,2
2,3,6,5,10,2,8,5,4,7,6,2,5,7,658.6,1,2
3,3,4,4,2,1,6,0,3,9,1,2,1,5,669.0,0,2
2,4,5,3,6,1,5,0,5,6,10,2,2,4,619.5,0,1
4,4,2,2,3,2,7,2,10,6,3,1,2,7,613.7,0,2
5,2,10,7,10,1,7,7,2,6,0,2,3,5,722.6,0,1
2,5,2,10,10,1,2,4,6,7,2,2,10,3,687.9,0,3
3,5,4,10,10,1,7,0,2,6,5,2,1,9,659.7,1,1
1,5,2,3,4,1,2,1,1,6,10,1,3,1,562.6,0,1
1,5,2,3,4,1,2,1,1,6,10,1,3,1,562.6,0,1
2,3,1,0,7,1,2,1,2,7,1,2,1,7,636.1,1,3
2,4,5,5,3,1,3,1,3,6,3,2,1,2,637.8,0,2
2,1,8,5,6,2,7,3,3,8,2,2,5,10,704.5,1,1
5,2,10,7,10,1,7,7,2,6,0,2,3,5,722.6,0,1
1,4,5,10,3,1,8,1,10,7,0,1,7,6,654.7,0,2
1,3,4,2,2,2,3,2,10,6,3,1,7,6,601.8,0,1
2,1,5,0,9,2,7,3,8,5,0,2,4,4,633.5,0,0
3,0,10,1,2,1,1,0,3,8,0,2,1,7,665.4,1,1
3,4,5,3,6,2,5,1,1,8,3,2,0,2,620.8,0,3
1,3,5,2,9,2,8,6,1,10,1,2,5,9,687.5,1,1
3,4,6,4,10,1,9,3,8,8,5,2,3,10,710.6,0,2
4,4,2,5,3,1,7,2,7,7,2,1,0,9,637.1,0,1
3,3,4,4,6,2,1,1,2,8,1,2,4,2,632.9,1,1
5,4,5,10,10,2,5,10,7,6,1,2,9,10,744.0,1,1
3,5,3,3,5,2,5,4,5,7,4,2,3,3,638.4,1,0
3,5,3,3,5,2,5,4,5,7,4,2,3,3,638.4,1,0
5,5,1,1,5,1,5,1,3,7,4,2,1,8,643.1,1,2
5,4,6,5,6,1,9,2,7,8,3,2,2,8,642.4,1,3
0,3,4,3,10,1,4,4,3,7,2,2,2,10,663.5,0,1
0,2,6,1,2,1,5,4,9,8,7,2,6,10,663.2,1,2
5,1,10,6,8,1,3,3,5,9,0,1,2,4,679.6,0,1
4,4,1,0,4,2,3,3,3,7,5,1,4,2,575.1,0,1
0,3,4,3,10,1,4,4,3,7,2,2,2,10,663.5,0,1
1,4,5,3,2,2,5,3,8,5,6,2,2,8,636.9,1,1
3,4,10,3,5,2,7,4,9,7,2,2,3,3,683.4,1,1
3,4,4,0,4,2,2,2,6,6,2,2,3,3,592.5,0,2
3,4,4,0,4,2,2,2,6,6,2,2,3,3,592.5,0,2
3,4,4,0,4,2,2,2,6,6,2,2,3,3,592.5,0,2
5,3,5,1,10,1,8,1,2,5,0,2,1,5,659.5,1,2
2,3,6,6,10,2,7,3,2,8,3,2,4,3,670.3,0,2
3,4,9,3,8,2,5,5,2,7,4,2,4,4,665.0,0,2
3,1,6,7,10,2,8,5,7,7,3,2,3,10,725.5,1,2
3,3,10,6,10,1,8,8,5,8,8,2,4,3,706.6,1,3
5,2,6,10,3,1,4,5,2,5,1,2,10,10,749.6,0,3
4,4,4,6,10,1,3,10,5,8,4,2,5,10,703.2,0,3
5,3,4,2,1,1,3,0,3,8,5,2,0,2,624.6,0,3
4,4,10,10,10,2,4,1,7,6,2,2,2,2,681.1,1,1
2,5,7,10,8,2,5,3,6,9,10,2,1,10,659.4,1,2
3,3,6,10,10,2,7,6,5,8,1,2,8,1,679.4,1,2
5,3,5,10,7,1,10,1,6,6,2,2,5,5,689.4,1,1
3,3,10,10,10,1,5,10,6,7,1,2,10,1,740.6,1,2
2,3,10,10,10,1,8,2,10,7,4,2,2,7,698.9,1,1
2,3,7,10,10,1,7,3,10,8,3,2,1,10,716.1,1,2
2,2,5,3,10,2,10,3,8,8,3,2,4,5,693.6,1,2
5,2,4,8,10,2,5,3,10,7,2,2,2,3,668.3,1,2
1,4,2,3,1,1,3,1,8,4,5,2,2,8,601.0,1,1
3,3,7,10,10,2,9,5,5,7,7,2,5,8,694.5,1,1
2,2,5,8,5,2,5,1,5,7,3,1,2,10,665.6,1,3
1,1,5,10,5,2,5,5,2,6,5,2,4,6,681.8,0,2
4,2,6,5,5,1,6,8,7,7,3,2,8,8,715.3,1,1
1,4,3,9,10,2,4,5,1,6,6,1,0,1,593.2,1,1
4,4,3,4,3,1,3,5,6,7,0,1,0,10,650.5,1,1
5,4,5,10,10,2,2,1,7,7,2,2,9,10,691.5,0,3
5,1,10,10,10,1,8,5,10,9,2,2,7,10,755.4,0,1
1,3,4,6,10,1,8,2,7,8,3,2,2,2,666.2,1,1
3,4,0,10,10,1,7,1,9,6,0,2,3,7,662.8,1,3
4,4,5,2,4,1,7,4,3,8,10,1,2,10,641.6,0,1
0,5,2,3,2,1,0,3,6,10,7,1,0,10,586.5,0,2
5,3,6,8,8,1,10,7,10,5,1,1,6,6,703.6,1,2
1,4,3,9,10,2,4,5,1,6,6,1,0,1,593.2,1,1
1,4,3,9,10,2,4,5,1,6,6,1,0,1,593.2,1,1
2,4,9,7,10,2,4,7,2,6,4,1,0,7,630.8,1,1
4,3,5,4,1,1,9,1,6,8,7,2,1,6,654.1,1,2
3,2,8,8,8,1,3,0,6,9,1,2,1,10,696.8,0,1
3,5,5,4,5,2,9,3,5,9,3,2,1,6,635.4,1,3
2,1,3,1,1,1,2,1,2,8,1,1,2,10,600.6,0,1
2,2,4,2,10,1,5,1,4,7,2,2,2,4,643.3,0,2
3,3,5,3,10,2,5,5,2,6,5,1,8,4,641.0,1,1
5,4,4,10,10,2,7,4,9,4,10,1,3,7,659.0,1,2
3,5,10,2,10,1,2,3,10,4,3,1,3,4,630.3,1,1
1,5,2,10,10,1,10,10,10,5,3,2,10,9,730.8,0,2
2,3,6,7,6,2,6,3,2,8,10,1,2,10,666.9,1,1
0,0,3,10,10,1,10,1,1,6,2,2,8,0,698.6,1,1
2,5,2,0,10,1,0,0,3,6,5,1,0,2,564.7,0,2
3,2,7,2,3,1,5,0,5,7,1,2,0,4,658.8,1,2
5,4,10,10,5,1,5,4,10,8,5,2,5,3,707.6,1,2
1,2,5,3,5,2,2,4,6,7,3,2,8,3,621.6,1,3
2,3,10,9,7,1,4,6,10,7,4,2,5,7,683.6,1,0
3,1,4,4,5,1,8,4,10,8,0,2,5,7,702.5,0,1
1,2,5,3,5,2,2,4,6,7,3,2,8,3,621.6,1,3
5,0,7,0,1,1,9,4,10,7,1,2,0,10,649.6,0,2
5,0,7,0,1,1,9,4,10,7,2,2,0,10,647.9,0,2
5,3,6,2,1,1,5,1,6,6,1,1,1,4,655.4,1,1
3,4,9,9,10,1,9,8,5,7,0,2,6,7,730.2,0,0
2,3,10,9,7,1,4,6,10,7,4,2,5,7,683.6,1,0
4,1,4,10,8,1,6,4,7,8,3,2,4,7,722.3,1,1
2,1,3,1,1,1,2,1,2,8,1,1,2,10,600.6,0,1
3,3,4,10,3,2,5,0,1,5,0,2,2,10,645.7,1,2
2,4,10,6,2,2,10,1,1,9,1,2,2,6,649.9,1,3
4,3,1,0,1,2,2,0,1,9,1,1,0,10,576.8,0,2
5,1,5,5,2,1,6,1,2,8,2,2,3,10,685.6,0,1
5,0,10,10,10,1,8,4,8,7,0,2,1,10,751.2,1,2
2,1,10,10,10,1,8,10,5,6,1,1,10,10,750.4,1,0
1,3,4,1,5,2,2,1,1,6,3,2,4,2,589.8,0,2
2,5,2,4,5,1,3,2,8,3,2,1,10,4,629.7,1,0
3,3,5,7,4,2,6,4,4,7,4,1,4,5,633.1,0,1
5,2,4,4,2,1,3,1,1,7,4,2,1,7,629.1,1,2
5,2,10,10,5,1,10,3,8,8,2,2,2,10,729.3,1,2
4,5,8,6,7,2,2,1,2,6,10,2,1,9,634.2,1,2
5,4,2,5,2,1,9,1,10,7,5,2,0,10,695.5,1,2
3,5,3,6,8,2,3,2,6,7,5,2,2,4,633.5,0,3
3,4,7,10,10,1,9,10,1,7,1,2,2,2,703.9,1,2
5,3,3,5,6,1,6,4,8,6,0,2,2,8,676.2,1,3
4,4,10,5,10,2,10,10,2,8,2,2,10,3,711.1,0,1
1,4,5,2,5,2,0,4,6,8,2,1,3,2,603.1,1,1
0,3,3,5,6,1,4,4,1,7,3,1,5,7,627.4,0,1
1,5,5,10,2,2,1,1,4,5,5,2,1,10,629.3,1,1
1,5,5,3,5,1,0,0,10,7,8,1,1,10,598.6,0,2
5,3,10,10,10,2,7,0,5,8,3,2,3,3,679.4,1,0
3,3,4,7,9,2,9,9,5,7,1,2,9,8,697.9,1,3
5,3,9,10,8,1,3,2,6,6,2,2,3,6,687.7,0,1
3,4,10,10,3,1,8,3,8,7,1,2,2,7,718.9,1,3
2,1,6,7,10,1,5,5,7,6,2,2,8,3,684.5,1,3
2,1,7,4,5,2,6,3,3,8,1,2,4,4,668.8,0,1
4,2,10,8,10,2,7,7,9,8,4,2,8,7,717.6,1,2
2,5,3,10,7,1,8,0,1,5,5,2,10,10,661.0,1,1
5,1,10,10,6,1,10,10,10,8,1,2,10,10,772.2,1,2
5,4,4,9,6,1,10,1,6,8,0,2,1,4,693.2,1,3
0,5,2,2,1,2,1,0,1,8,10,1,1,3,522.2,0,1
0,5,8,4,1,2,4,0,2,9,4,1,0,1,594.0,1,2
2,5,6,10,10,1,0,2,10,6,1,1,8,6,681.7,1,2
2,1,10,10,8,2,7,9,6,7,2,2,8,7,733.8,0,3
2,1,10,10,8,2,7,9,6,7,2,2,8,7,733.8,0,3
2,2,4,0,0,2,0,1,2,5,0,1,1,10,569.4,0,3
2,2,4,4,3,1,8,2,9,6,2,2,2,2,650.9,1,2
2,2,4,4,6,1,6,6,7,7,3,2,6,5,676.2,0,1
4,3,6,10,10,2,5,2,7,6,6,2,1,3,653.9,1,2
2,5,2,10,2,2,6,1,4,6,0,2,8,1,646.5,1,3
4,3,8,7,5,1,10,4,7,7,0,2,10,5,710.2,0,0
2,3,4,10,6,2,10,5,10,7,0,2,10,4,698.9,0,0
2,2,1,10,3,2,6,1,2,6,3,2,1,3,654.6,1,2
2,2,10,6,6,2,8,7,2,8,5,2,7,7,683.9,1,1
2,2,10,6,6,2,8,7,2,8,5,2,7,7,683.9,1,1
2,4,5,4,6,1,0,1,1,1,3,1,2,2,580.3,1,2
1,2,3,3,6,2,7,3,7,8,2,2,4,7,656.0,0,1
5,1,5,3,6,1,5,7,10,8,1,2,4,7,712.7,1,3
2,4,4,2,5,1,1,1,2,9,8,1,0,5,590.6,1,1
3,1,3,1,3,2,6,3,2,6,0,2,1,7,622.3,0,1
5,3,4,10,10,2,5,5,10,8,1,2,2,10,683.8,1,2
1,2,4,2,6,1,6,3,10,7,4,2,3,2,651.3,0,1
5,2,3,8,6,1,8,4,10,8,2,2,7,7,722.9,1,2
4,4,4,3,5,2,6,1,10,7,10,2,1,8,630.9,0,1
3,3,3,2,6,1,9,2,5,7,1,2,1,7,636.7,1,2
5,2,7,5,10,2,6,5,10,8,1,2,2,9,716.1,1,1
2,4,4,3,5,2,7,4,2,7,1,2,1,4,629.3,1,1
2,2,4,2,5,1,7,1,3,8,4,1,0,7,629.7,1,2
0,1,4,1,7,1,6,1,8,7,2,2,1,4,633.9,0,0
4,2,0,0,5,1,8,2,10,7,0,2,3,10,663.2,0,0
5,3,2,4,4,1,5,3,10,7,0,1,2,7,658.1,0,1
1,5,8,3,10,1,8,10,5,5,2,1,2,1,675.4,0,1
1,5,7,3,10,1,9,10,5,5,1,1,3,1,680.5,0,1
3,3,7,10,3,1,7,1,6,6,1,1,2,10,682.6,1,2
5,4,6,10,10,2,7,5,10,6,6,2,2,5,703.8,1,2
3,3,2,1,10,2,5,3,3,6,0,1,0,7,610.6,1,2
1,2,4,2,5,2,5,5,10,5,3,1,1,0,601.6,0,1
3,2,3,0,5,1,5,2,2,6,0,2,0,6,622.3,0,2
2,1,10,10,10,1,7,4,5,7,1,2,8,10,755.7,1,3
1,3,2,4,10,2,3,2,3,6,2,2,1,0,605.5,1,1
0,5,2,3,10,2,3,2,4,6,1,2,1,1,588.7,1,1
3,3,3,3,10,1,2,3,6,8,1,1,0,10,630.3,0,0
1,4,2,4,10,1,8,2,7,6,4,2,3,10,664.1,0,1
2,1,5,3,2,2,5,1,7,8,0,2,3,10,674.7,0,2
1,4,5,2,1,1,4,2,3,6,10,1,3,2,591.9,1,1
5,4,6,7,2,2,4,1,10,7,3,2,2,5,653.0,1,3
3,3,6,6,10,1,7,5,5,6,3,2,10,7,707.9,0,1
4,3,4,10,4,2,4,1,5,7,3,2,0,10,646.9,1,1
2,1,3,2,5,1,8,5,5,7,2,2,3,6,669.0,0,2
2,2,5,3,7,1,4,3,2,6,1,1,8,5,642.7,0,1
2,1,4,10,3,2,10,9,2,8,1,2,10,10,712.8,1,2
4,2,8,3,10,1,9,6,1,6,4,2,8,5,696.9,1,3
3,4,9,5,4,2,6,4,4,6,3,2,2,5,651.6,1,3
3,3,6,2,10,2,0,2,1,7,4,2,4,4,613.8,0,1
4,3,5,6,5,1,7,2,6,7,5,2,2,7,687.9,0,1
3,5,3,5,10,1,9,6,3,6,0,2,0,0,673.5,0,1
2,4,5,10,10,1,5,1,2,5,1,1,1,3,654.4,0,1
5,5,10,10,10,1,7,2,3,6,5,1,10,7,707.5,0,1
5,5,10,7,10,2,8,3,8,6,2,2,3,7,711.9,1,2
3,3,8,5,10,1,10,2,5,8,7,2,5,7,718.5,1,3
4,1,10,8,5,2,4,8,10,9,2,1,5,10,692.5,0,1
3,3,6,2,10,1,7,1,4,7,5,2,0,5,651.8,1,1
3,3,6,2,10,1,7,1,4,7,5,2,0,5,651.8,1,1
4,2,10,8,5,2,3,8,10,9,0,2,7,10,723.1,0,1
1,5,5,6,3,2,4,1,3,9,10,1,1,3,573.8,1,2
5,5,10,10,10,1,6,2,10,6,1,1,8,10,717.4,1,2
5,5,10,10,10,1,6,2,10,6,1,1,8,10,717.4,1,2
5,2,8,8,6,1,8,4,7,8,1,1,6,10,730.8,1,2
5,2,8,8,6,1,8,4,7,8,1,1,6,10,730.8,1,2
1,5,6,2,5,2,3,3,1,9,4,1,0,3,571.7,1,2
5,1,10,10,10,1,6,3,10,7,0,2,6,10,749.9,0,3
0,5,3,4,2,1,4,4,3,10,3,1,0,10,616.5,0,1
4,4,10,10,10,1,6,6,8,7,5,2,5,7,724.0,1,3
3,0,6,3,1,2,10,4,1,10,0,2,10,10,701.1,1,3
2,3,2,5,10,1,7,8,8,6,0,2,8,10,688.1,0,0
3,1,8,4,5,1,7,3,5,7,1,2,2,3,696.2,1,1
3,1,8,4,5,1,7,3,5,7,1,2,2,3,696.2,1,1
3,3,5,8,7,1,8,7,8,8,4,2,7,6,712.3,0,2
1,5,5,7,1,1,3,0,6,5,10,2,2,1,585.5,1,3
3,2,5,3,3,1,9,3,4,7,1,2,3,6,677.3,1,3
1,1,10,4,4,2,7,3,7,7,2,2,2,8,677.9,0,1
2,1,5,3,4,2,5,1,1,8,1,1,5,5,605.5,0,1
2,4,4,8,10,2,5,2,5,7,2,1,6,5,643.5,1,2
5,3,2,3,5,1,8,0,7,8,2,1,1,7,649.2,0,0
3,1,8,10,5,1,7,3,6,8,1,2,3,7,720.4,0,2
4,4,10,10,10,2,6,1,6,7,2,2,6,7,720.2,0,2
5,3,8,6,10,1,7,3,7,7,6,2,8,3,718.7,1,1
3,3,3,6,10,1,10,5,4,10,0,2,6,8,713.6,0,1
3,3,7,8,10,1,8,2,8,8,3,2,2,7,693.6,1,1
3,5,2,7,10,1,4,2,10,7,6,2,2,10,658.1,0,0
4,4,10,3,10,2,10,10,4,7,0,2,7,7,718.1,0,2
4,1,2,4,6,1,0,5,1,9,1,1,4,5,672.0,1,3
5,2,3,5,5,1,2,3,1,8,1,1,3,10,656.5,0,3
2,4,8,2,1,1,8,0,4,7,1,2,0,3,648.4,1,1
2,2,2,0,7,2,2,1,5,8,2,2,0,2,599.5,0,2
4,1,6,2,1,2,8,2,10,8,3,2,1,8,668.5,1,2
2,2,3,0,5,1,6,1,5,7,1,2,1,4,624.8,0,1
3,4,9,3,3,1,3,1,5,7,2,2,2,3,640.1,0,2
2,3,5,3,10,1,5,3,4,6,2,2,3,4,651.6,1,1
3,3,10,8,10,1,6,3,4,7,0,2,7,4,724.9,1,1
2,4,4,3,6,2,4,1,5,6,0,2,1,2,612.7,0,3
3,1,8,5,3,1,7,5,6,6,1,2,5,6,692.8,1,2
2,2,6,5,10,2,8,5,10,7,5,2,5,7,687.0,0,0
5,3,5,2,3,1,1,1,3,6,3,2,1,3,627.6,0,2
4,3,4,5,7,1,6,2,7,8,4,1,3,8,650.9,1,0
5,3,10,10,6,2,7,4,9,8,2,2,6,10,743.1,1,1
2,2,10,10,7,2,5,3,5,7,2,2,1,4,694.5,1,1
4,3,4,5,7,1,6,2,7,8,4,1,3,8,650.9,1,0
1,5,5,5,3,1,0,1,2,5,1,2,3,3,635.7,1,1
1,5,3,10,3,1,6,0,7,6,5,2,4,10,653.9,1,1
2,3,5,10,2,1,3,4,2,7,4,2,4,5,700.7,1,1
4,4,6,10,10,2,5,1,9,7,2,1,3,7,666.4,1,2
5,3,10,10,10,1,8,4,3,8,2,2,6,10,758.9,1,2
3,2,10,3,8,1,4,3,5,6,2,1,1,10,670.5,1,1
4,3,10,6,5,1,6,2,9,5,0,2,8,8,713.6,1,1
4,3,10,10,5,2,7,3,7,6,2,2,8,4,718.5,1,3
3,5,6,5,3,1,1,2,6,8,0,2,0,4,616.7,0,1
5,3,3,5,8,1,7,2,8,8,2,2,3,5,697.0,1,1
5,3,3,5,8,1,7,2,8,8,2,2,3,5,697.0,1,1
3,4,10,9,10,2,6,3,5,7,1,1,7,4,682.6,1,3
4,2,10,8,8,1,8,10,8,6,1,2,7,10,768.0,0,2
4,2,10,8,8,1,8,10,8,6,1,2,7,10,768.0,0,2
5,3,8,8,5,1,7,3,8,8,4,2,2,7,693.6,1,1
3,3,10,10,2,2,4,2,5,5,4,2,4,5,658.4,1,3
2,3,8,8,10,2,8,8,5,6,1,2,1,5,679.0,0,2
0,1,9,5,10,1,5,8,7,8,1,2,10,10,742.7,1,2
2,2,5,10,6,2,7,6,10,7,0,2,10,10,739.7,0,2
4,2,10,10,10,2,8,4,9,8,2,2,5,10,744.8,0,2
4,2,6,7,10,2,8,5,10,7,3,2,5,5,692.1,0,1
4,2,10,10,10,2,8,4,9,8,2,2,5,10,744.8,0,2
5,5,10,10,10,1,9,1,10,7,8,2,1,8,715.9,1,1
2,2,5,10,10,2,8,5,7,7,0,1,5,3,662.6,1,1
2,2,2,3,4,2,2,1,7,7,3,2,1,9,615.0,0,1
3,3,5,5,1,2,1,2,3,9,2,2,4,3,638.4,1,1
3,2,5,2,6,1,8,2,5,7,0,2,7,5,689.4,1,3
4,2,10,10,10,2,8,4,9,8,2,2,5,10,744.8,0,2
2,4,6,6,3,2,4,1,4,9,2,2,1,10,679.4,1,3
2,4,10,5,10,1,5,2,5,6,2,2,0,7,665.4,1,2
1,1,3,10,4,2,5,2,3,5,10,2,1,10,629.1,0,2
4,2,10,10,10,2,8,4,9,8,2,2,5,10,744.8,0,2
5,3,5,2,10,2,2,3,3,6,3,1,4,0,615.7,0,2
3,4,4,4,10,1,4,4,7,5,3,2,4,4,653.7,1,2
2,4,4,0,7,2,2,3,2,6,7,2,0,4,578.1,1,2
1,5,10,10,5,1,3,3,6,7,10,2,7,7,677.7,0,1
2,2,2,5,3,2,0,3,10,7,2,2,8,5,653.0,0,1
5,2,6,8,5,1,9,5,8,8,3,2,8,6,734.4,1,2
4,4,4,10,6,2,9,3,8,8,9,2,4,4,702.1,0,2
3,2,7,4,10,1,6,4,10,7,1,2,6,7,734.6,1,1
2,3,10,10,10,1,4,2,5,6,2,2,0,1,675.6,1,0
2,3,10,10,10,1,2,2,5,6,2,2,1,2,675.6,1,0
2,3,10,10,10,1,2,2,5,6,2,2,1,2,675.6,1,0
5,3,4,5,8,1,5,6,10,7,1,2,10,10,726.1,0,2
2,4,5,5,4,2,5,5,2,8,0,1,3,10,658.4,0,1
5,5,3,0,5,2,0,0,1,9,10,2,0,0,544.5,0,1
3,4,2,4,2,1,4,4,6,8,3,2,0,5,618.4,0,1
3,3,6,8,5,1,8,5,10,8,0,2,4,8,724.6,0,1
3,2,5,4,10,2,5,0,4,9,0,2,0,0,608.0,1,3
2,5,10,5,10,2,1,1,5,6,10,1,0,5,628.0,1,2
1,1,1,2,9,2,0,0,2,5,3,1,0,7,576.2,0,1
2,1,2,0,3,2,2,1,4,6,0,2,1,4,604.0,0,1
2,2,3,10,3,1,8,2,3,6,3,2,2,9,687.1,1,3
3,2,5,6,7,1,9,1,8,6,2,2,7,2,723.8,1,1
4,3,3,3,2,1,7,3,1,8,0,2,9,10,663.3,0,1
4,4,4,5,5,1,3,3,6,7,4,2,0,7,633.5,0,3
4,3,1,2,3,1,8,1,7,7,5,2,0,7,633.7,1,3
5,4,10,5,8,1,5,3,8,6,3,2,1,3,662.6,1,3
5,0,1,2,1,1,8,0,1,8,1,2,1,10,646.3,0,3
5,0,1,2,1,1,8,0,10,8,2,2,1,10,665.1,0,3
0,5,0,0,0,2,0,0,5,9,10,1,0,0,521.5,0,2
0,5,0,0,0,2,0,0,5,9,9,1,0,0,524.9,0,2
0,5,0,0,0,2,0,0,5,9,9,1,0,0,524.9,0,2
3,3,4,1,2,1,4,1,5,10,3,1,1,1,606.7,0,0
3,3,6,4,7,2,3,7,3,6,6,2,3,7,639.5,1,1
3,5,3,4,2,1,6,1,5,7,3,1,0,5,616.3,1,2
3,1,5,10,5,2,8,4,7,8,0,2,2,10,739.3,1,3
5,2,10,10,5,1,6,5,10,7,0,2,6,7,724.4,1,1
4,1,3,2,5,2,1,0,6,7,0,2,1,7,650.5,1,2
2,1,4,3,3,2,4,1,10,6,1,2,1,10,668.1,0,1
4,4,4,5,8,2,7,4,6,7,3,2,7,4,682.8,1,2
4,2,10,10,10,2,8,4,9,8,2,2,5,10,744.8,0,2
4,3,10,10,10,1,9,3,10,7,1,2,1,10,756.7,1,2
3,2,3,5,4,1,8,1,7,6,2,2,2,7,676.0,1,3
5,4,10,10,10,1,2,3,10,6,4,2,0,6,705.5,1,3
4,2,8,5,10,2,5,0,1,6,5,2,1,5,618.7,1,2
3,4,10,4,10,2,7,8,9,6,0,2,7,6,727.4,0,3
1,4,7,5,10,2,0,0,5,5,7,2,0,3,588.7,0,2
5,2,6,4,10,1,8,5,10,8,0,2,3,4,722.9,0,2
5,1,10,5,3,1,3,5,10,8,1,2,3,8,716.1,1,2
4,2,3,0,4,2,1,1,1,7,1,1,3,3,571.3,0,1
1,1,0,0,0,1,2,8,10,9,1,1,2,10,624.5,0,1
2,2,10,10,6,2,2,2,10,6,8,2,1,7,659.6,0,3
3,5,7,10,3,1,6,0,5,8,0,2,1,3,689.6,1,1
4,3,2,7,10,2,8,6,2,9,1,2,1,5,672.2,1,3
3,2,4,3,5,1,7,3,10,8,2,2,4,8,683.8,0,1
4,3,2,7,10,2,8,6,2,9,1,2,1,5,672.2,1,3
5,1,7,3,1,1,4,0,3,8,0,2,1,10,655.2,0,2
4,2,10,6,7,2,4,6,6,7,3,2,3,6,660.7,0,1
4,2,10,6,7,2,4,6,6,7,3,2,3,6,660.7,0,1
4,2,2,10,10,2,6,6,10,7,2,2,10,9,748.2,1,2
4,4,3,5,4,2,10,1,3,6,3,2,3,4,648.0,1,3
4,2,2,10,10,2,6,6,10,7,2,2,10,9,748.2,1,2
4,3,2,7,10,2,8,6,2,9,1,2,1,5,672.2,1,3
3,2,10,10,7,1,7,3,6,6,2,2,8,10,742.1,1,3
4,2,2,10,10,2,6,6,10,7,2,2,10,9,748.2,1,2
4,3,2,7,10,2,8,6,2,9,1,2,1,5,672.2,1,3
2,5,2,5,3,2,3,0,2,7,7,2,0,3,578.3,1,1
5,2,4,4,2,1,7,1,7,7,2,2,0,3,666.0,1,2
1,5,4,10,5,1,0,2,6,7,4,1,1,3,619.9,1,2
1,5,4,10,5,1,0,2,6,7,4,1,1,3,619.9,1,2
1,2,4,7,7,2,8,2,8,7,2,2,2,5,647.5,0,1
5,1,3,6,6,1,8,4,5,7,0,2,5,10,730.2,1,3
2,5,10,3,10,1,5,2,10,7,2,1,1,9,685.3,0,1
2,4,3,3,10,2,7,2,7,8,3,2,2,3,669.6,1,2
3,1,3,10,10,1,10,10,6,8,1,1,10,9,744.2,1,0
3,4,7,6,5,2,5,7,4,8,4,2,4,10,694.5,1,2
4,0,5,10,10,1,10,10,6,7,1,1,9,10,762.7,1,0
4,3,2,1,2,1,5,1,3,5,1,2,1,2,607.0,1,1
4,0,4,10,2,1,5,7,5,8,2,2,2,10,710.0,1,1
3,2,5,10,7,1,5,4,5,7,4,2,3,7,699.6,1,1
1,5,0,10,3,2,10,0,10,6,0,2,0,2,625.6,1,2
5,5,2,6,10,2,3,3,10,8,2,1,1,2,624.3,1,2
3,2,3,7,2,2,3,3,2,7,2,1,3,3,614.0,1,2
1,4,3,4,10,1,5,4,8,8,10,2,3,4,668.1,1,1
1,3,3,5,6,2,5,8,1,5,3,1,4,4,610.0,1,2
1,4,7,5,10,2,0,0,5,5,7,2,0,3,588.7,0,2
1,2,4,5,7,1,2,1,2,8,3,2,0,3,614.2,0,1
5,2,6,10,10,1,9,5,7,7,2,2,5,10,749.3,1,3
5,1,10,10,5,1,8,8,10,8,4,2,7,10,763.7,0,2
2,1,5,2,5,1,5,1,1,7,8,1,1,9,601.9,1,1
3,4,10,6,10,2,7,2,9,7,3,2,10,1,710.6,0,2
4,0,10,8,10,1,7,6,10,7,1,2,5,10,761.8,0,0
3,5,0,7,10,2,4,4,5,6,2,1,1,7,612.7,1,3
5,2,0,3,10,2,5,3,8,8,5,2,0,7,664.7,1,2
2,5,5,2,10,2,6,2,10,6,2,2,2,4,639.2,1,2
2,5,3,10,4,1,7,1,3,7,5,2,1,2,627.8,0,2
3,4,7,10,10,1,4,5,7,8,3,1,2,2,637.3,1,1
1,3,3,2,10,1,10,0,10,8,1,2,1,0,654.9,1,1
2,5,4,10,3,2,9,7,9,3,0,2,4,2,640.1,1,1
3,1,4,10,8,1,6,3,7,5,8,1,2,10,701.3,0,2
5,1,3,5,5,1,10,2,8,8,3,2,5,6,700.4,1,3
0,3,5,5,3,2,1,1,1,7,7,1,1,5,588.3,1,2
3,4,3,10,3,1,5,5,4,8,3,2,0,5,669.0,1,3
3,4,5,2,3,2,6,3,4,8,1,2,5,3,638.4,1,2
3,2,10,10,10,1,5,0,5,6,2,2,1,2,692.6,0,1
1,3,2,8,10,1,0,0,10,6,7,1,0,4,627.3,0,2
0,3,3,7,6,2,3,3,4,5,9,1,2,3,580.0,1,1
1,4,7,2,9,1,2,0,5,5,6,1,0,2,592.1,0,1
3,2,10,10,10,1,6,8,10,8,5,2,7,4,726.3,1,1
5,4,3,0,10,2,0,0,10,6,5,1,2,7,601.8,0,1
5,3,2,6,3,1,8,6,10,8,0,2,6,10,711.0,0,1
4,2,4,5,3,1,7,6,4,8,1,2,8,10,714.9,0,1
3,3,6,9,10,1,10,6,6,7,7,2,6,8,733.8,1,1
1,4,3,7,4,2,7,2,6,7,8,2,0,10,643.7,0,2
1,4,5,3,10,1,5,1,10,7,1,2,2,7,664.9,1,2
4,4,3,6,10,1,2,1,10,6,2,1,5,3,637.5,0,1
3,2,5,8,10,2,5,1,7,6,0,2,6,7,677.7,1,1
1,3,2,8,10,1,0,0,10,6,7,1,0,4,627.3,0,2
5,2,5,4,4,1,5,6,3,6,6,2,10,10,697.3,0,2
4,2,4,10,5,2,8,2,8,6,4,2,6,10,696.6,0,3
1,3,5,3,10,1,7,1,2,8,1,2,2,3,646.5,1,1
1,3,5,3,10,1,7,1,2,8,1,2,2,3,646.5,1,1
3,1,5,5,7,1,10,6,10,7,0,2,4,6,704.0,0,1
2,3,1,0,3,2,4,3,3,7,7,1,1,1,559.8,1,1
2,1,7,7,10,1,8,6,3,8,2,2,1,5,672.2,0,2
5,4,4,3,10,1,9,5,8,6,1,2,2,6,683.0,1,2
2,2,4,6,10,1,9,3,6,8,1,2,10,10,727.2,0,1
4,2,10,10,10,2,8,4,9,8,2,2,5,10,744.8,0,2
2,0,10,4,5,2,5,3,5,7,10,2,3,7,675.8,1,2
2,2,1,10,5,2,3,2,5,8,6,1,6,5,631.8,0,2
1,5,3,8,8,2,1,3,7,4,8,2,8,1,629.7,1,2
4,2,10,10,10,2,8,4,9,8,2,2,5,10,744.8,0,2
4,2,10,10,10,2,8,4,9,8,2,2,5,10,744.8,0,2
4,2,10,10,10,2,8,4,9,8,2,2,5,10,744.8,0,2
4,2,10,10,10,2,8,4,9,8,2,2,5,10,744.8,0,2
2,2,4,6,10,1,9,3,6,8,1,2,10,10,727.2,0,1
2,2,4,6,10,1,9,3,6,8,1,2,10,10,727.2,0,1
5,4,6,6,6,1,5,4,7,9,3,1,0,7,671.5,1,1
3,3,1,2,3,1,10,1,10,8,0,2,3,10,649.8,0,1
2,5,5,5,3,2,8,3,1,6,2,1,5,3,623.8,1,1
4,3,6,10,10,2,9,6,8,7,0,2,9,3,729.1,1,2
1,5,3,5,1,1,3,0,6,7,3,1,2,1,584.2,0,2
4,1,6,9,9,1,3,2,4,7,2,1,7,7,682.4,0,1
5,3,6,10,8,1,7,8,1,7,1,2,9,8,736.2,1,2
4,2,3,1,3,1,5,0,3,8,1,2,0,2,616.1,0,2
3,1,5,10,5,1,5,3,5,8,3,2,5,10,696.4,0,2
4,2,3,10,10,2,7,3,8,9,0,2,5,8,726.1,1,1
5,2,5,5,10,1,8,2,8,8,5,2,1,7,703.8,1,1
4,2,6,4,10,1,8,2,7,8,2,2,6,7,715.5,1,1
5,2,6,8,7,2,7,3,7,6,3,2,2,7,694.7,0,3
1,0,4,4,9,2,8,3,10,8,2,1,2,9,661.7,0,1
1,0,4,4,9,2,8,3,10,8,2,1,2,9,661.7,0,1
1,1,2,10,10,1,5,3,10,6,0,2,2,7,703.8,0,1
1,4,1,2,1,2,0,0,1,10,1,2,0,10,590.6,0,0
5,3,4,10,10,1,6,5,5,7,0,1,3,10,680.9,1,3
1,1,2,10,10,1,5,3,10,6,0,2,2,7,703.8,0,1
5,0,5,2,7,1,8,3,10,8,0,2,5,10,726.3,1,1
5,0,5,2,7,1,8,3,10,8,0,2,5,10,726.3,1,1
4,3,8,5,8,1,3,4,8,8,8,2,4,7,685.1,1,1
4,3,8,5,8,1,3,4,8,8,8,2,4,7,685.1,1,1
5,2,6,8,7,2,7,3,7,6,3,2,2,7,694.7,0,3
2,4,10,10,10,2,6,4,3,7,0,1,7,7,695.8,1,3
5,5,3,3,10,1,1,1,5,10,1,2,3,10,688.3,0,1
2,4,6,5,5,2,2,3,4,4,3,1,7,6,615.5,1,2
1,1,4,0,4,1,7,1,5,8,3,2,2,5,652.2,1,2
1,3,1,3,3,1,3,2,2,10,3,1,1,8,619.7,1,1
5,3,3,10,10,1,5,2,5,7,4,2,7,3,718.3,1,2
2,2,4,10,3,1,6,5,2,6,2,2,3,7,695.4,0,1
1,4,5,4,10,1,7,1,5,7,4,2,2,8,669.0,1,1
4,2,10,10,10,2,5,2,7,8,4,2,4,4,705.3,1,2
5,3,8,10,8,2,8,5,4,8,2,2,5,10,737.0,1,3
1,0,4,4,9,2,8,3,10,8,2,1,2,9,661.7,0,1
1,0,3,3,3,2,3,2,10,9,4,1,1,0,597.3,0,1
3,3,5,3,6,1,5,0,2,7,3,2,0,1,619.1,1,0
3,3,7,8,10,1,5,2,10,7,2,1,6,8,681.9,1,2
4,2,10,6,3,1,8,5,9,7,2,2,10,10,759.9,0,3
3,2,7,6,5,1,2,2,8,8,3,2,2,6,647.7,0,1
5,3,7,3,5,1,3,4,10,6,3,2,4,5,683.4,1,1
2,3,5,0,5,1,5,0,5,6,1,2,1,4,633.1,1,1
3,2,3,2,8,1,6,3,6,6,5,2,4,1,646.9,1,2
5,2,8,10,1,1,9,3,7,9,1,2,3,10,707.2,1,2
3,2,10,5,10,1,9,1,10,8,2,1,1,6,695.7,1,1
5,4,3,10,3,2,6,3,5,7,0,2,2,7,638.4,1,2
3,3,5,2,5,1,7,2,6,8,3,1,1,4,625.2,1,2
2,1,2,3,5,1,7,0,4,6,2,2,1,10,624.4,0,1
1,5,6,3,4,1,8,2,4,7,1,2,0,0,634.8,1,1
2,4,7,3,1,1,2,1,1,7,7,2,0,3,588.3,0,1
3,5,2,1,3,1,3,1,1,5,6,2,0,1,570.9,1,2
2,4,10,9,4,2,2,1,8,5,7,1,0,0,585.9,1,1
2,1,4,8,10,2,7,6,5,9,10,2,0,10,676.2,0,2
2,5,2,2,10,2,5,1,4,6,5,2,1,10,624.4,1,3
5,5,5,7,10,2,8,2,4,5,3,2,1,1,627.6,1,2
4,4,5,6,6,2,7,0,3,8,4,1,8,10,668.8,1,1
2,1,10,2,1,1,7,8,4,7,0,2,4,10,668.8,0,1
2,4,2,1,1,1,2,2,7,7,2,2,2,5,621.8,1,2
1,3,1,3,5,2,3,0,2,5,7,2,0,2,588.1,0,3
5,4,10,2,7,2,5,4,8,7,0,2,6,3,695.1,1,2
0,5,5,9,0,2,1,0,1,8,3,1,0,2,585.1,1,3
2,2,4,5,5,2,4,2,2,8,3,2,3,7,648.2,0,1
3,2,6,4,10,2,5,9,7,8,1,2,4,8,693.4,0,2
1,3,8,5,7,1,6,2,7,7,3,2,0,10,664.3,1,1
3,3,6,5,10,1,8,5,7,8,1,2,4,6,720.6,0,1
2,1,10,8,7,1,3,2,6,6,0,2,6,10,735.3,1,0
4,3,10,8,8,1,9,9,9,9,3,2,8,10,758.6,0,1
4,1,10,10,10,1,7,4,5,8,0,2,4,7,733.8,0,1
5,4,6,3,5,1,4,3,6,6,7,2,2,5,650.3,1,2
3,2,8,4,7,1,5,0,7,7,3,2,2,6,677.9,1,2
1,1,8,2,10,2,4,2,3,7,4,2,1,10,661.8,1,3
5,2,4,5,10,2,3,6,5,8,4,2,1,10,672.6,1,2
3,3,4,3,7,1,6,6,6,7,3,2,7,7,676.0,0,1
3,1,10,7,10,1,9,1,10,7,1,2,0,3,693.8,0,1
2,1,10,3,6,1,7,2,8,7,0,2,1,5,703.6,0,1
4,2,4,10,5,2,5,5,7,10,0,2,5,10,663.2,0,2
5,4,8,10,4,1,7,0,4,6,0,2,0,2,695.8,1,1
5,2,3,4,4,1,4,4,10,6,0,2,3,4,669.8,1,0
3,5,3,0,4,1,10,1,6,9,2,2,0,10,635.6,1,3
3,4,4,5,10,2,5,2,3,8,10,2,1,0,605.9,0,1
3,1,8,8,8,2,8,4,7,5,1,2,2,3,697.9,0,1
1,3,10,4,2,1,7,3,2,9,3,2,1,10,670.5,0,1
3,3,7,3,5,1,4,1,10,6,1,1,2,10,654.5,0,1
5,2,8,10,10,1,5,3,8,7,0,2,5,8,729.1,0,1
3,3,7,3,8,1,8,2,2,7,4,2,2,7,658.2,1,0
3,0,7,6,4,1,10,5,4,9,0,2,6,10,728.7,0,1
4,4,10,4,7,2,1,2,9,7,7,1,1,6,623.9,1,1
3,4,5,6,10,1,9,2,8,7,7,2,2,5,698.5,1,1
3,4,5,9,7,2,8,10,10,8,1,2,7,9,697.4,0,3
3,3,4,5,6,1,8,3,6,5,4,1,2,7,650.1,1,0
5,3,6,10,5,1,8,1,10,8,5,2,3,10,728.0,1,3
2,2,5,4,3,1,7,2,10,7,0,2,6,10,687.0,0,0
1,3,7,2,5,2,5,2,6,7,2,2,2,1,631.8,0,2
3,3,4,5,7,2,3,6,2,6,4,1,0,3,569.6,1,2
1,2,1,1,10,2,1,1,2,6,4,1,0,7,578.1,1,2
2,5,3,0,10,2,7,3,7,6,3,1,0,4,596.1,1,1
2,3,3,3,6,2,5,2,4,8,8,1,2,7,589.1,0,2
2,3,3,3,6,2,5,2,5,8,9,1,2,9,592.7,0,2
1,3,8,5,10,1,7,2,4,7,0,2,2,10,687.5,0,3
5,5,10,10,10,1,4,1,10,6,5,2,1,5,691.9,0,2
3,1,8,6,5,1,6,6,8,8,1,2,6,6,717.4,1,2
1,2,4,8,4,2,6,6,7,7,5,2,7,10,655.8,0,1
3,3,10,6,6,1,7,2,4,7,2,2,1,5,668.8,1,1
3,0,5,5,3,1,7,4,5,7,4,2,10,10,694.5,1,1
4,5,5,5,4,1,2,4,1,8,8,1,1,2,610.6,1,1
0,0,6,4,2,1,1,1,5,9,0,2,1,10,654.1,0,1
5,5,10,10,4,2,5,6,10,8,0,2,8,10,736.5,0,3
5,5,10,10,4,2,5,6,10,8,0,2,8,10,741.6,0,3
1,4,7,9,9,1,7,2,6,9,4,2,2,10,725.7,1,3
1,3,7,6,6,1,5,4,6,8,2,2,4,7,689.8,0,1
4,3,4,7,1,1,7,2,3,7,3,2,2,2,690.7,1,2
1,2,4,7,3,1,6,0,2,7,2,1,2,7,637.8,1,1
2,3,8,7,5,1,3,2,4,8,2,2,2,6,669.0,1,0
3,3,10,3,5,2,7,3,2,6,10,1,2,8,635.9,1,1
4,1,10,5,2,1,8,2,10,6,0,2,4,7,688.5,1,3
3,2,3,10,10,2,5,5,10,6,0,2,8,10,698.7,0,3
4,3,10,10,8,1,10,1,7,8,4,2,1,10,720.6,1,3
3,2,6,4,3,1,2,3,4,6,3,2,3,4,656.7,1,2
2,3,3,8,10,1,5,5,8,7,5,1,4,4,678.1,1,1
2,3,5,10,10,2,7,5,10,7,6,1,4,7,676.8,0,1
5,5,3,4,3,1,10,10,1,6,10,1,3,6,630.6,0,2
1,5,6,10,10,1,1,1,5,8,1,1,0,2,636.9,1,1
1,5,4,5,10,2,2,2,5,6,1,2,0,0,607.6,1,2
5,5,3,4,3,1,10,10,1,6,10,1,3,6,630.6,0,2
4,2,3,8,3,1,8,3,4,7,1,2,2,7,668.8,1,1
1,3,6,10,4,1,6,3,2,8,4,1,5,7,651.6,0,1
2,5,3,9,4,1,3,0,2,8,0,2,2,10,641.4,0,1
2,5,3,9,4,1,3,0,2,8,0,2,2,10,641.4,0,1
3,2,7,1,5,2,3,4,7,8,5,1,7,10,673.0,0,1
1,0,4,4,9,2,8,3,10,8,2,1,2,9,661.7,0,1
2,4,3,4,10,2,1,1,4,6,7,2,3,4,609.1,1,2
2,1,6,6,3,1,8,4,6,8,1,2,2,10,703.4,0,3
5,4,8,5,5,1,9,2,8,7,0,2,1,10,707.0,0,3
4,3,0,10,10,1,4,1,8,7,0,2,2,7,688.3,1,2
3,3,6,5,1,1,2,1,8,7,2,2,2,7,676.4,1,3
3,3,6,5,1,1,2,1,8,7,2,2,2,7,676.4,1,3
4,2,10,7,5,1,4,2,8,7,7,1,3,8,659.4,0,1
5,2,10,5,10,1,7,0,5,7,6,2,1,5,684.3,1,2
3,1,6,4,7,1,1,7,2,8,0,2,6,2,680.5,0,1
5,5,2,10,10,2,6,2,5,7,10,2,1,2,655.4,0,3
2,1,10,10,0,1,8,8,5,8,1,2,7,8,733.8,1,3
5,5,10,10,10,2,5,4,8,7,2,2,3,7,727.4,0,3
4,2,5,10,5,1,9,5,10,8,1,2,7,7,755.2,1,3
0,4,10,6,9,1,6,2,3,7,3,1,3,10,656.7,1,3
5,3,2,8,8,1,3,1,8,7,0,2,1,5,691.7,0,2
3,0,10,2,7,1,8,2,8,8,1,2,6,7,725.9,1,1
5,2,10,10,6,1,8,8,10,7,2,2,6,10,780.5,1,3
5,2,10,10,7,1,8,10,10,7,2,2,10,10,795.8,1,3
3,1,3,7,6,1,5,4,5,9,0,2,5,8,700.0,1,2
2,1,10,4,2,1,7,2,5,8,5,2,2,7,694.7,1,1
3,5,10,0,2,1,0,0,10,6,10,1,2,5,601.8,0,1
5,1,2,10,5,1,4,1,6,7,0,1,1,10,657.3,0,1
3,5,10,0,2,1,0,0,10,6,10,1,2,5,601.8,0,1
4,2,9,10,10,1,8,2,6,7,3,2,3,10,723.6,0,2
2,0,3,8,3,1,2,3,4,10,1,1,4,9,676.2,0,2
5,3,1,10,8,1,9,4,6,6,3,2,1,3,684.3,1,2
1,2,5,7,6,1,7,3,9,8,3,2,3,4,704.0,1,2
1,3,4,1,5,2,5,0,2,8,10,2,0,0,570.0,1,2
5,1,2,10,5,1,4,1,6,7,0,1,1,10,657.3,0,1
5,5,10,0,10,1,7,1,10,7,1,2,0,7,685.3,1,2
5,5,10,0,10,1,7,1,10,7,1,2,0,7,685.3,1,2
0,5,1,0,0,2,3,0,8,7,10,2,0,1,537.0,1,3
4,1,10,5,4,2,8,0,1,8,2,2,2,4,663.3,1,2
5,4,0,0,1,2,0,3,10,5,0,1,0,10,582.9,0,2
2,4,5,5,10,2,3,1,8,7,5,2,4,2,640.7,0,2
3,1,3,10,10,1,7,4,10,8,1,2,8,8,741.6,0,3
4,3,2,7,5,1,5,9,10,6,8,1,5,8,673.2,0,1
4,2,5,10,10,2,6,1,5,8,7,2,4,3,689.6,1,2
0,0,1,9,1,1,1,2,1,7,0,1,0,0,576.4,0,1
5,5,6,6,10,2,8,6,9,7,7,2,2,7,666.4,0,1
3,4,10,4,10,2,3,3,9,8,4,2,0,2,646.2,1,2
2,3,5,1,8,1,8,5,8,8,2,1,0,5,644.3,1,1
5,0,10,10,10,1,8,10,10,8,0,2,9,10,785.8,1,3
5,3,5,10,10,1,10,2,10,8,0,2,2,10,743.3,1,3
2,2,5,6,10,2,8,5,6,6,2,2,5,6,687.7,0,2
2,2,3,5,0,2,4,4,1,10,0,2,4,10,646.7,1,3
3,3,4,2,7,2,7,1,5,7,1,2,3,5,652.0,0,1
2,4,3,10,8,2,4,1,3,5,4,1,0,2,615.5,0,3
2,4,3,10,8,2,4,1,3,5,2,1,0,2,618.9,0,3
2,3,6,6,6,2,8,6,2,7,1,2,9,9,699.0,0,3
1,4,1,2,1,2,2,0,3,7,0,1,0,10,576.8,1,1
4,3,10,10,1,1,10,2,2,8,1,2,0,10,694.1,0,1
3,1,4,5,3,1,4,6,2,8,3,1,6,10,658.4,0,1
3,1,10,3,10,2,4,5,10,5,10,2,6,10,701.9,0,1
1,5,0,0,1,1,2,0,2,6,4,2,0,10,567.9,1,3
5,2,4,4,8,2,7,6,6,6,3,2,6,10,704.7,0,3
3,3,4,5,5,1,6,4,8,5,1,2,4,4,677.7,0,2
5,2,7,5,10,1,7,2,5,8,2,2,1,6,676.0,1,2
4,4,4,5,10,1,3,3,5,6,1,1,1,3,658.6,1,0
3,0,4,4,2,1,8,2,3,9,1,2,2,10,687.7,1,3
4,1,5,10,10,2,7,7,10,6,4,2,5,10,712.3,1,3
1,3,7,1,4,2,8,5,1,2,9,2,2,2,599.2,1,3
4,1,10,10,10,1,5,4,8,7,10,1,4,10,717.2,0,2
5,3,4,0,10,1,6,0,1,6,2,1,0,5,606.8,1,2
5,2,5,8,8,2,5,6,3,7,1,2,4,2,663.5,0,2
5,2,4,8,8,2,5,4,3,7,2,2,4,4,663.5,0,2
5,3,4,6,8,2,5,4,3,7,2,2,4,4,656.7,0,2
3,2,6,10,6,2,10,4,10,7,1,2,4,10,743.1,1,3
2,5,10,10,10,2,5,0,6,8,5,1,0,2,650.7,1,2
1,2,6,6,5,2,8,7,4,6,5,2,4,7,665.2,1,1
3,0,6,8,8,2,9,3,6,8,0,1,5,5,700.0,0,3
5,0,10,2,3,1,8,4,6,8,0,2,10,10,705.1,0,1
4,4,6,4,10,1,3,2,5,9,10,1,3,10,635.4,1,0
2,1,8,3,10,1,3,5,2,6,1,2,3,10,697.1,0,3
2,2,10,10,10,1,3,5,7,7,2,2,4,6,727.2,1,0
3,4,2,10,10,2,4,4,5,7,0,2,10,3,669.0,1,2
5,3,4,2,5,2,2,4,4,7,1,1,2,7,628.0,0,2
3,2,5,9,10,2,5,2,8,6,0,2,2,7,698.3,1,3
2,1,5,4,3,2,6,1,9,7,1,2,1,2,632.4,0,2
5,2,7,5,10,1,7,2,5,8,2,2,1,6,676.0,1,2
3,1,7,6,4,1,7,1,7,8,1,2,0,10,700.2,0,0
4,4,5,10,6,2,8,8,8,8,5,2,6,8,700.4,1,3
5,5,7,5,3,1,10,2,8,8,0,2,4,10,703.8,1,3
1,5,2,7,1,1,1,2,1,6,10,1,2,2,560.9,0,2
3,1,2,2,10,1,2,0,3,8,5,2,0,5,645.0,1,1
4,2,5,6,4,2,2,3,5,8,0,1,1,10,630.1,1,1
4,2,5,6,4,2,2,3,5,8,0,1,1,10,630.1,1,1
2,3,6,5,6,2,7,1,7,7,3,2,3,2,649.0,0,1
5,2,9,10,10,2,2,8,10,7,2,2,8,10,748.2,0,3
1,5,3,3,3,2,5,1,4,8,4,2,0,5,607.8,1,1
1,3,3,10,2,1,0,1,4,6,0,1,2,8,604.0,0,1
1,0,7,5,6,1,6,10,2,6,1,2,3,10,675.0,0,1
4,1,5,10,10,1,10,3,9,6,0,2,10,10,739.3,0,1
2,5,3,2,2,1,5,3,4,8,1,1,3,4,624.8,0,2
2,1,10,10,1,1,9,10,5,8,2,2,4,6,737.2,1,3
2,4,4,9,4,2,4,1,4,8,3,2,2,5,638.4,1,3
4,3,4,7,7,2,7,5,2,7,3,2,1,10,676.9,1,1
4,1,6,10,3,2,10,1,10,8,1,2,2,6,709.3,0,3
2,3,10,10,10,2,6,3,3,8,6,2,3,2,685.8,1,2
3,3,6,8,2,1,8,2,10,8,0,2,1,2,649.8,1,1
4,1,4,1,8,1,5,2,8,8,1,2,2,7,691.9,1,2
3,2,6,10,10,1,8,5,10,6,3,2,7,10,725.9,0,1
5,3,2,10,10,1,6,2,4,7,1,2,8,10,709.6,1,2
1,5,7,8,10,2,3,2,3,9,5,1,1,7,616.3,1,1
5,3,5,6,7,1,7,1,8,6,7,1,1,8,672.8,0,3
0,2,10,0,7,2,2,1,2,2,10,2,0,4,596.0,0,2
5,0,9,10,10,1,10,5,10,7,0,2,10,10,804.3,0,1
5,2,6,5,10,1,7,1,8,7,3,2,1,5,674.7,0,2
4,0,2,3,2,1,5,2,2,9,1,1,10,10,662.0,0,0
4,1,3,3,9,1,8,0,5,8,5,2,1,8,686.2,0,2
4,2,4,10,3,1,7,1,8,7,2,2,6,5,703.6,1,1
1,5,10,4,5,2,5,1,2,6,10,2,0,10,617.2,0,2
2,2,6,10,5,1,6,3,2,6,7,2,10,7,695.4,1,2
5,1,9,10,5,2,8,4,10,8,3,2,5,10,734.8,1,3
3,1,8,5,8,1,9,6,10,7,1,2,4,9,743.1,0,2
5,5,6,6,8,1,7,2,8,7,4,2,3,6,705.3,1,1
2,2,5,10,10,1,10,7,6,6,2,2,10,10,754.0,1,3
5,4,4,2,6,2,8,3,6,7,0,2,2,5,647.1,1,3
1,2,3,5,10,1,10,0,10,6,2,2,1,3,688.5,1,3
1,3,3,2,3,2,1,2,1,7,0,2,1,4,588.3,1,3
2,2,6,3,5,1,6,1,5,7,2,2,1,5,655.4,1,0
4,2,8,10,10,2,10,6,6,8,0,2,5,10,744.2,1,3
1,3,3,10,2,1,0,1,4,6,0,1,2,8,604.0,0,1
3,2,4,4,8,1,7,7,6,7,1,2,4,10,730.4,1,1
1,3,3,10,2,1,0,1,4,6,0,1,2,8,604.0,0,1
5,3,4,7,7,2,6,2,5,6,3,2,2,3,680.7,0,3
2,1,5,0,4,1,7,4,6,7,0,2,4,7,672.6,0,1
3,2,1,10,6,1,2,0,10,7,2,1,1,10,663.2,1,1
2,3,7,4,10,1,7,9,7,5,2,2,4,10,718.3,0,1
2,3,6,10,3,1,3,1,8,8,5,2,2,5,676.6,1,2
5,0,5,7,10,1,7,7,7,8,1,2,9,10,746.1,0,2
2,3,5,3,3,1,2,1,5,6,2,1,1,2,599.1,1,0
1,2,8,4,5,1,6,0,1,8,5,1,1,7,649.7,0,1
2,5,3,2,2,1,4,7,1,9,10,1,5,2,605.7,0,1
3,5,9,4,3,2,4,3,4,6,3,2,2,10,655.0,0,3
1,4,5,2,10,1,1,1,3,6,6,2,3,2,632.7,0,1
1,3,3,10,2,1,0,1,4,6,0,1,2,8,604.0,0,1
2,4,1,6,4,1,8,4,8,6,1,1,5,5,652.4,1,0
5,3,10,10,10,1,8,3,10,6,0,2,2,7,719.1,1,3
3,3,5,10,2,1,10,10,2,8,10,2,10,10,724.7,1,1
1,3,3,6,3,2,7,1,1,6,4,2,3,2,593.2,0,1
1,4,1,6,10,1,3,2,10,4,8,1,5,7,603.1,0,1
2,3,5,5,3,1,6,1,1,9,3,2,1,9,653.3,0,1
4,2,1,2,4,2,3,1,4,7,1,2,0,1,621.2,0,2
2,3,6,5,10,1,7,1,6,8,2,2,1,5,700.0,1,0
2,3,5,0,2,2,10,2,7,6,9,2,2,2,601.2,1,1
3,4,4,1,2,1,6,2,8,8,1,2,1,7,657.9,1,0
3,0,5,1,4,2,5,3,2,10,0,2,4,8,648.6,1,3
1,4,5,2,10,1,1,1,3,6,6,2,3,2,632.7,0,1
5,1,8,10,10,2,8,7,5,8,1,2,8,10,757.6,0,3
5,1,2,3,1,1,2,2,10,8,0,2,10,10,695.7,0,1
4,4,8,10,10,1,5,1,7,7,3,2,2,10,710.2,0,3
3,2,2,5,10,2,7,6,3,7,1,2,10,2,690.7,0,2
1,5,1,10,2,2,10,1,2,5,4,2,1,10,640.8,0,3
3,4,2,6,5,1,4,2,5,7,3,2,3,10,670.7,1,3
1,4,7,6,8,2,8,5,5,6,8,1,1,3,629.7,1,1
3,3,5,10,2,1,10,10,2,8,10,2,10,10,724.7,1,1
4,2,4,4,2,2,5,4,1,9,4,2,3,3,609.1,1,1
5,0,3,2,4,1,9,0,3,7,1,2,1,10,670.3,1,3
5,2,3,5,10,1,6,2,6,7,1,1,5,8,687.9,1,1
4,2,6,10,10,1,8,2,6,6,2,2,5,8,747.2,0,2
2,2,5,5,6,1,9,2,10,7,3,1,5,4,664.9,1,1
2,3,8,8,4,1,5,1,1,7,2,1,6,3,664.8,1,2
1,4,2,0,4,1,3,1,6,8,8,2,0,2,598.0,0,1
1,4,2,0,4,1,3,1,6,8,8,2,0,2,598.0,0,1
4,2,5,5,3,2,6,1,3,7,0,2,1,7,648.2,0,2
3,3,6,10,10,1,7,1,2,7,7,2,2,6,673.5,1,2
5,1,7,4,6,1,9,8,6,6,1,2,3,3,711.5,0,3
3,4,2,1,1,2,4,1,1,9,3,2,0,10,580.2,1,1
1,4,10,3,1,1,3,0,4,9,5,1,1,10,614.8,0,1
1,2,6,10,10,2,8,1,1,7,1,2,5,3,652.9,1,3
5,2,10,4,2,1,7,3,3,6,2,2,6,10,687.1,0,2
3,2,5,3,3,1,8,3,4,7,2,1,3,3,638.2,1,1
4,3,4,4,6,1,9,3,10,7,3,1,3,6,658.1,1,2
3,1,4,3,3,1,6,2,10,9,1,2,2,10,678.9,0,3
2,2,3,10,4,1,5,3,5,8,7,1,3,7,636.9,1,2
2,2,3,5,5,1,4,1,5,7,3,2,1,10,675.8,0,0
5,4,5,7,10,1,10,8,9,7,7,2,5,10,732.7,1,1
5,3,6,10,10,1,8,7,3,6,1,2,8,10,729.6,0,3
1,0,2,4,3,1,3,2,1,10,0,1,2,10,626.3,0,1
1,3,9,10,10,2,8,2,3,8,10,2,0,0,633.1,1,2
4,2,6,2,7,1,6,5,5,7,1,2,3,10,701.3,0,1
5,3,8,4,10,2,9,1,10,8,0,2,2,7,705.9,1,2
5,2,2,2,4,2,3,1,6,7,2,2,1,1,618.2,0,2
5,2,2,2,4,2,3,1,6,7,2,2,1,1,618.2,0,2
2,3,10,3,10,1,1,2,5,6,1,1,6,3,656.9,1,1
4,4,8,2,5,1,6,5,7,6,1,1,0,10,653.9,0,1
5,2,5,6,10,1,7,7,5,7,3,1,8,9,692.8,0,1
2,4,2,4,4,1,8,2,2,8,2,2,1,6,631.2,1,1
5,2,4,10,3,1,7,1,3,8,1,2,1,3,685.8,1,3
1,3,1,2,9,2,2,1,3,8,4,2,2,10,607.6,0,2
3,4,4,6,2,2,6,2,10,6,6,2,3,3,615.4,0,2
3,5,4,10,10,1,0,6,7,8,1,1,10,10,679.8,0,2
1,2,4,10,9,1,7,3,1,6,1,2,1,10,678.2,0,1
3,5,6,0,2,2,2,0,6,5,7,1,1,6,568.5,0,2
3,1,6,2,6,2,5,0,2,8,1,2,2,2,627.8,1,2
3,2,2,5,2,2,1,4,2,10,4,2,2,0,609.5,1,1
5,3,7,2,10,1,6,4,10,7,0,2,2,5,717.6,1,1
3,1,5,8,10,2,6,4,10,8,5,2,5,7,704.2,1,2
1,5,4,2,3,1,5,2,5,5,9,1,5,10,622.7,0,1
2,1,6,5,8,2,4,3,8,7,1,2,8,6,698.5,1,1
2,1,10,10,10,1,8,5,7,7,1,2,5,7,751.0,1,3
4,2,5,10,10,1,10,7,8,4,1,2,5,7,765.9,0,3
1,5,2,3,2,2,7,4,5,5,0,2,3,10,614.2,0,1
2,3,7,10,4,2,7,6,7,7,3,1,1,3,647.3,1,2
1,2,8,3,5,2,1,3,6,5,10,2,5,2,621.2,1,2
1,3,10,4,10,2,4,1,2,5,1,2,2,7,666.3,0,2
5,2,3,0,10,2,10,7,10,8,0,2,2,0,658.3,1,1
4,1,10,7,10,2,6,7,5,6,2,1,3,6,685.8,1,1
4,4,6,6,8,1,8,4,8,5,10,2,10,10,694.7,0,1
5,0,0,1,7,2,10,8,10,8,0,2,10,4,714.4,0,0
5,0,0,1,7,2,10,8,10,8,0,2,10,4,714.4,0,0
5,0,0,1,7,2,10,8,10,8,0,2,10,4,714.4,0,0
4,3,6,3,8,2,4,3,5,5,3,2,2,6,677.1,0,2
5,1,7,10,5,2,7,5,6,8,3,2,5,7,718.7,1,3
4,3,8,8,7,1,9,8,9,9,5,2,8,7,729.7,0,3
1,3,10,4,10,2,4,1,2,5,1,2,2,7,666.3,0,2
4,1,4,9,7,2,7,1,1,8,2,2,0,4,649.7,1,3
4,4,6,6,8,1,8,4,8,5,10,2,10,10,694.7,0,1
2,4,8,4,5,2,4,2,2,7,1,2,1,10,636.1,1,2
2,3,3,8,6,2,7,3,10,7,0,2,4,10,661.5,1,3
4,3,4,5,1,1,3,2,5,6,2,2,1,10,663.7,1,2
1,3,3,2,10,2,8,2,5,6,3,2,2,3,614.4,0,1
3,4,5,10,5,2,7,6,8,7,3,1,7,8,678.1,0,2
0,2,3,4,2,1,3,1,5,8,0,2,0,5,614.8,0,1
4,5,3,4,10,2,9,2,3,7,1,2,1,2,668.6,0,2
3,3,6,4,4,1,4,0,2,8,1,2,2,10,653.3,0,2
4,4,1,4,3,2,3,1,7,6,5,1,2,6,604.6,1,1
5,3,3,1,7,1,4,2,10,5,2,1,2,7,639.0,0,2
3,0,3,3,5,1,7,2,5,8,0,1,2,10,660.7,0,1
3,3,8,4,10,1,10,2,8,8,1,2,3,10,717.4,1,3
4,3,3,10,4,1,1,2,4,6,1,2,1,3,646.5,1,3
5,1,3,3,10,2,2,1,7,7,1,2,2,5,667.7,0,3
4,2,10,5,5,2,2,0,5,6,1,2,0,0,624.6,1,2
5,1,10,7,10,1,9,3,5,8,3,2,5,8,749.1,1,3
3,1,10,3,3,2,5,1,10,7,1,2,10,10,710.8,0,3
3,2,2,5,7,1,8,3,7,7,1,2,2,3,703.4,0,1
2,5,2,8,5,1,5,1,2,6,0,2,0,0,646.1,0,2
1,3,6,2,6,2,8,10,8,7,10,2,5,4,647.5,1,2
2,5,4,4,2,2,4,3,1,7,3,1,2,3,584.9,1,1
3,4,10,10,10,1,7,0,10,7,10,2,1,3,687.0,1,2
5,3,7,10,5,1,2,2,4,7,1,2,1,7,679.0,0,1
4,3,5,8,10,2,7,2,3,7,1,2,1,5,660.1,1,2
4,1,7,10,5,2,8,8,3,7,0,2,7,10,751.9,1,3
5,2,10,8,10,2,8,7,4,7,5,2,4,10,731.7,1,3
3,3,5,2,0,1,7,5,6,7,0,1,4,10,660.7,1,3
5,0,0,5,5,2,6,5,1,8,0,2,1,10,653.1,1,3
5,3,10,10,3,1,5,2,9,7,10,2,4,7,708.9,1,2
2,3,4,2,6,2,3,7,3,8,2,1,4,6,612.7,1,1
4,1,2,5,2,2,9,3,2,6,1,2,4,10,681.8,0,3
2,2,5,4,6,2,5,1,6,8,2,2,2,10,652.4,0,3
3,1,5,2,3,2,10,2,9,8,1,1,1,10,673.4,1,2
2,1,6,4,5,2,8,2,4,6,4,2,3,6,665.2,0,3
1,2,8,6,6,2,7,3,5,7,4,2,4,4,663.9,0,3
1,3,0,1,10,2,0,1,6,7,1,2,1,5,585.9,0,3
1,2,3,1,4,2,2,0,3,4,8,1,1,2,557.5,0,2
1,2,4,0,5,1,5,1,4,5,2,1,4,3,608.9,0,0
4,1,5,3,2,1,7,5,1,7,2,2,5,10,675.0,1,3
1,5,2,3,1,1,2,4,5,9,5,1,1,10,621.8,1,1
4,1,8,10,5,2,6,2,4,8,1,2,5,8,711.5,1,3
3,2,10,10,10,1,10,10,4,8,1,2,10,10,789.7,1,3
3,3,4,7,4,1,6,3,10,6,5,2,2,7,678.3,1,2
5,4,4,10,3,2,6,2,4,8,1,2,1,5,682.6,1,2
1,4,0,9,3,2,7,3,4,8,6,1,1,2,568.7,1,1
2,2,5,6,7,1,7,2,10,7,3,2,0,2,656.4,1,2
3,4,2,10,5,1,4,5,8,5,3,2,10,3,674.3,0,1
3,2,6,10,7,2,8,2,4,7,0,2,1,4,679.0,1,3
1,2,7,0,5,1,2,1,1,4,3,2,0,6,603.0,1,2
5,5,4,10,10,1,10,10,10,7,2,2,5,10,758.4,1,2
1,2,5,3,6,1,6,2,5,6,1,2,1,2,646.7,1,1
5,3,1,5,2,1,5,2,5,7,2,2,4,10,675.8,1,2
2,1,2,2,8,2,3,5,1,8,3,2,8,3,642.9,0,2
4,2,6,6,8,1,3,3,8,6,2,2,3,5,701.7,1,2
3,3,8,7,4,1,6,6,9,8,3,2,2,8,685.3,1,3
4,2,10,7,5,1,7,4,8,7,2,2,4,6,720.6,0,2
5,2,10,6,10,2,9,5,3,8,0,2,3,7,694.3,1,3
2,1,3,6,10,2,10,3,1,8,0,1,1,7,661.6,1,2
1,5,1,2,10,2,6,2,3,6,8,1,1,7,564.7,0,3
2,4,7,2,8,1,3,2,4,6,2,2,2,4,651.6,0,1
5,1,2,7,4,1,4,3,6,7,1,2,4,8,682.8,0,2
3,4,8,3,10,1,7,7,8,7,2,2,0,1,684.9,0,3
3,5,1,10,10,2,3,4,6,6,10,2,3,10,635.0,1,2
5,1,7,10,10,1,8,8,5,8,0,2,5,10,771.2,0,2
2,0,4,2,1,1,10,1,6,8,0,2,4,10,722.1,1,2
5,4,2,5,9,1,3,6,9,6,1,2,3,6,686.6,1,3
1,1,2,2,3,2,8,3,3,6,5,2,6,7,612.3,0,2
0,1,5,6,2,2,7,5,5,5,5,2,3,5,648.2,1,2
0,2,2,2,9,2,1,1,3,9,10,2,2,10,595.9,1,2
1,3,3,2,10,1,10,0,10,8,1,2,1,0,654.9,1,1
3,3,1,6,3,2,2,1,7,6,1,2,1,10,655.6,1,3
2,0,8,7,6,2,9,4,6,5,1,2,4,10,702.8,1,3
3,3,5,3,4,2,5,6,6,8,1,2,3,6,662.6,1,3
5,2,6,5,10,2,6,7,1,6,3,2,7,5,700.3,1,2
5,3,6,10,3,2,6,2,10,7,3,2,3,5,692.1,1,1
4,1,2,2,3,1,3,3,10,9,1,1,3,10,670.4,0,0
3,2,2,10,2,1,6,3,8,5,1,1,2,1,616.5,0,2
2,1,1,1,1,2,6,2,10,7,0,2,2,2,620.7,1,3
2,4,5,6,8,2,8,4,5,7,2,2,6,6,677.5,1,2
1,4,5,10,10,1,8,1,2,7,9,2,4,10,670.1,0,1
5,4,8,1,10,1,1,3,6,10,10,1,0,10,656.2,1,1
5,4,5,10,6,1,6,1,5,8,4,2,1,7,681.1,0,3
4,4,10,10,9,1,7,4,8,7,6,2,2,10,729.1,1,1
2,2,5,10,3,1,3,3,10,7,0,1,5,9,678.5,0,3
5,0,8,10,6,2,8,5,10,6,2,2,8,7,739.5,0,3
2,4,5,8,2,2,0,0,1,10,2,1,1,9,626.3,1,3
4,4,4,6,3,2,4,3,2,6,4,2,4,2,634.2,1,2
5,5,10,10,5,2,5,4,4,7,10,1,4,10,663.7,1,2
1,3,3,0,4,2,0,1,10,7,3,1,1,1,595.2,0,1
2,2,6,3,1,1,5,5,5,7,0,1,2,10,650.3,0,1
1,4,3,10,8,2,0,0,3,8,10,1,0,1,583.8,1,2
3,2,2,3,5,2,6,2,5,7,10,2,3,5,633.3,1,2
3,3,3,5,3,2,4,1,3,5,1,2,0,9,641.0,1,3
1,4,9,1,3,2,0,2,5,9,5,2,4,7,604.8,0,1
3,5,2,10,3,1,1,1,10,5,4,2,5,3,678.1,0,2
2,3,3,10,2,1,7,5,7,7,2,2,2,5,689.8,1,3
3,5,4,10,4,2,5,1,5,4,10,1,1,3,597.0,1,2
5,4,2,7,2,1,3,2,4,8,8,1,4,6,624.8,1,1
4,1,8,3,7,1,7,1,9,6,3,2,1,6,681.5,1,2
4,2,10,6,10,1,10,1,10,7,0,2,6,10,710.8,1,3
1,5,0,3,1,1,2,4,4,8,4,1,1,3,580.6,1,1
2,4,10,10,10,2,5,3,9,6,0,2,1,10,681.5,0,2
2,2,4,10,6,1,4,5,5,6,2,2,7,10,723.2,1,3
1,2,3,3,10,2,3,1,6,8,0,2,5,10,659.2,0,1
4,3,3,3,5,1,7,5,3,7,1,2,3,6,665.2,1,0
4,5,0,10,10,2,3,3,10,5,8,2,4,10,667.9,1,3
5,2,10,10,10,2,6,2,2,7,2,2,2,8,700.7,0,1
2,4,3,7,4,2,4,1,8,6,3,2,1,6,626.9,1,3
2,3,2,4,10,2,2,1,5,6,0,2,1,4,624.6,1,3
2,1,3,4,4,2,3,2,7,5,3,2,4,5,645.2,0,1
4,5,10,10,10,2,6,1,8,8,4,2,10,7,708.9,0,2
4,1,10,10,8,1,8,1,4,8,0,2,3,10,760.8,1,3
2,3,4,1,5,1,5,3,10,6,0,2,2,4,647.7,0,1
2,3,10,7,10,1,8,3,5,8,2,2,2,10,730.4,1,1
4,1,10,10,3,1,7,10,3,9,2,2,10,10,718.3,1,2
4,1,10,10,3,1,7,10,3,9,2,2,10,10,718.3,1,2
3,1,1,8,3,1,10,1,10,8,8,1,1,10,668.5,1,1
4,1,3,3,5,2,6,2,8,8,1,2,1,7,652.8,0,2
2,2,3,2,7,1,3,3,4,3,3,2,7,7,640.8,1,0
5,1,10,10,2,1,7,1,6,7,5,2,1,10,703.2,1,2
4,5,4,10,4,2,5,3,3,7,1,2,9,2,673.7,1,3
1,3,3,0,6,2,7,3,1,5,0,2,4,4,608.3,1,1
3,3,4,2,10,1,7,6,7,6,2,2,2,6,677.7,1,0
3,2,3,1,5,1,5,1,4,9,1,2,3,10,652.2,0,1
4,2,5,3,8,2,6,6,10,6,5,1,4,10,678.3,0,3
2,3,2,2,3,1,4,0,7,7,7,1,0,5,592.9,1,1
0,3,3,10,8,1,2,2,2,4,2,1,5,4,616.8,0,1
3,2,6,5,10,2,7,3,6,6,1,2,1,7,686.0,0,1
1,2,5,6,7,1,6,7,4,7,4,1,5,7,668.8,1,1
4,1,7,8,6,1,9,4,6,7,4,2,1,7,701.5,1,1
5,3,6,7,4,2,4,2,8,6,1,2,6,1,660.9,1,1
3,5,10,10,8,2,5,6,4,6,8,2,8,7,699.2,0,1
3,5,4,10,10,2,3,1,5,4,5,2,2,10,682.0,1,2
5,2,4,10,5,1,4,2,7,7,7,2,3,10,703.4,1,3
3,3,3,5,5,2,5,1,6,6,0,1,0,2,612.9,1,3
4,5,1,2,2,1,8,2,2,7,10,2,1,10,617.4,0,2
5,3,4,1,7,2,3,2,6,7,8,2,4,3,636.9,1,2
2,2,10,5,10,1,8,8,5,7,1,2,10,7,745.5,0,3
2,2,4,5,4,1,5,3,6,6,2,1,2,2,636.7,1,3
2,4,1,2,2,2,7,1,4,9,7,2,0,0,577.4,0,1
0,2,4,6,10,1,3,6,5,7,1,2,1,4,655.4,0,1
2,2,10,7,2,2,2,7,3,5,5,2,2,2,647.8,1,3
3,3,5,3,1,1,0,5,1,8,4,2,5,1,637.8,1,1
1,4,6,5,2,2,5,1,2,6,6,2,0,1,579.8,0,2
3,1,2,2,2,1,8,0,2,9,2,2,0,7,624.6,1,3
3,3,2,2,2,1,8,0,3,9,2,2,0,7,619.7,1,3
4,4,4,10,10,1,8,6,9,7,2,2,10,5,744.6,0,1
5,1,10,10,3,2,7,1,4,8,1,2,1,10,701.3,1,2
4,1,4,2,1,1,8,2,8,8,2,1,8,10,632.4,0,1
4,1,4,5,3,1,9,6,10,7,1,2,2,10,683.6,0,2
4,3,7,5,6,2,6,3,6,7,3,2,3,5,662.4,0,3
3,1,1,6,1,2,3,1,4,7,4,2,3,10,655.2,0,3
3,1,1,6,1,2,3,1,4,7,4,2,3,10,655.2,0,3
0,5,9,0,10,1,2,2,10,5,8,2,3,8,622.0,0,1
0,5,9,0,10,1,2,2,10,5,8,2,3,8,622.0,0,1
1,2,1,5,1,2,3,3,2,5,6,2,1,8,603.4,0,3
4,4,6,4,10,1,6,5,8,8,7,2,1,7,688.5,1,3
0,3,10,2,5,1,2,1,10,6,3,1,0,10,615.4,0,1
4,1,10,10,4,1,8,2,6,7,1,2,1,5,727.0,1,2
1,3,10,4,7,1,5,0,5,7,7,1,0,7,621.4,1,2
3,4,6,0,5,1,7,4,5,7,1,2,5,6,672.4,1,1
2,3,10,10,10,1,8,1,8,7,3,2,2,8,729.1,0,1
2,3,10,10,10,1,8,1,8,7,3,2,2,8,729.1,0,1
5,3,3,7,7,1,7,3,6,6,2,2,1,3,686.0,1,2
3,2,4,10,8,1,9,4,4,8,3,1,2,3,657.1,1,1
2,2,4,1,2,1,9,3,3,9,5,2,2,8,645.2,0,3
3,3,5,2,3,2,10,3,5,8,1,2,5,7,662.4,1,3
2,2,6,2,4,1,3,2,6,7,0,2,4,3,638.6,0,1
4,2,8,8,10,2,6,5,7,8,1,2,6,6,712.1,1,2
3,2,10,10,10,2,9,4,10,7,5,1,3,9,675.1,0,3
4,3,7,4,7,2,8,1,3,8,0,1,9,7,660.3,1,1
1,1,3,2,6,2,2,1,5,6,1,1,0,3,599.1,1,2
1,4,5,2,3,2,9,6,5,7,5,2,6,10,641.8,1,0
4,3,4,7,7,1,6,1,5,8,3,1,3,4,642.0,1,2
2,4,6,10,8,2,7,2,9,6,2,2,4,2,676.4,0,2
5,3,8,10,10,2,5,3,10,7,3,2,8,10,738.0,0,3
5,4,10,10,10,2,7,3,8,7,1,2,7,7,712.1,1,3
4,3,5,5,5,1,5,5,5,5,5,2,4,5,668.6,0,1
2,2,7,9,10,1,4,2,4,6,4,2,6,7,694.1,1,3
5,1,10,4,7,1,7,5,6,8,5,2,5,6,710.2,1,2
3,1,7,8,10,1,8,8,10,7,3,2,10,7,755.0,0,2
5,5,5,8,10,1,7,4,9,6,4,2,1,10,688.3,1,3
0,0,1,3,0,2,5,1,1,8,0,1,0,10,600.4,0,2
3,3,4,4,10,2,2,3,10,6,0,2,1,3,666.4,0,2
5,4,9,6,6,1,8,2,6,8,3,2,4,6,689.8,1,2
5,3,10,10,4,1,7,7,4,7,6,2,8,6,752.1,0,3
5,1,7,5,5,1,6,2,7,9,1,2,5,4,707.2,1,1
4,3,8,10,8,1,8,1,4,8,3,2,1,10,721.7,1,2
4,3,6,10,10,1,8,4,7,9,3,1,9,7,698.7,1,1
4,3,6,10,10,1,8,4,7,9,3,1,9,7,698.7,1,1
2,1,7,6,5,2,4,4,7,8,2,2,3,10,681.5,0,1
2,1,10,7,6,2,5,1,7,7,1,1,5,4,671.1,1,2
3,3,1,5,2,1,3,3,5,8,1,2,4,5,648.8,0,0
3,4,5,7,1,2,6,0,5,6,1,2,4,7,658.6,1,0
4,3,8,10,8,1,8,1,4,8,3,2,1,10,721.7,1,2
0,2,5,3,4,1,1,4,2,6,4,1,2,9,634.2,1,1
1,3,4,10,6,1,2,2,4,7,3,2,1,5,634.8,1,1
3,2,0,3,2,2,9,0,2,9,2,2,1,10,660.3,1,1
1,3,3,10,10,2,10,3,5,6,1,2,3,5,677.3,1,3
4,4,6,5,10,2,8,2,3,6,2,2,4,5,661.6,1,2
2,5,5,0,10,1,7,1,3,7,2,2,1,1,609.1,0,1
5,3,2,10,10,1,4,2,10,6,1,2,3,10,724.2,0,2
5,4,1,1,2,2,2,0,5,8,4,1,1,2,562.1,1,1
5,4,5,10,10,2,9,2,7,8,2,2,3,10,725.7,1,3
5,0,3,4,5,2,3,3,3,8,1,2,4,4,682.4,0,3
3,4,2,10,10,2,5,4,2,6,4,1,2,8,644.4,0,3
5,1,9,9,6,1,8,2,10,7,3,2,2,7,721.0,1,2
1,3,2,2,3,2,0,1,1,8,3,2,0,7,578.3,0,1
3,3,5,8,7,2,3,5,8,6,2,2,5,8,674.5,0,1
3,4,6,4,10,2,9,5,10,7,1,2,10,7,724.4,1,2
2,5,6,6,5,2,2,1,5,6,7,2,0,2,597.4,1,3
1,3,4,2,10,1,4,1,10,6,1,2,1,2,647.7,0,2
4,5,2,10,5,2,3,4,9,5,7,1,3,7,615.0,1,2
1,5,2,3,8,2,4,0,5,7,2,2,0,4,589.1,1,1
3,0,10,10,10,1,5,3,4,8,3,2,2,10,733.6,1,2
4,5,6,7,3,1,4,1,2,5,5,2,0,3,634.0,1,2
2,4,2,2,5,2,3,2,5,8,1,1,1,2,579.1,1,1
4,4,8,3,10,1,5,0,8,7,2,2,0,5,662.8,0,2
5,4,2,2,5,1,3,0,2,6,7,2,0,10,637.6,1,0
4,1,10,10,10,1,8,10,7,5,0,2,10,10,794.8,0,3
5,1,10,10,10,1,10,2,10,6,1,2,8,5,758.2,1,3
1,3,2,4,1,1,0,1,3,7,0,1,0,7,614.2,0,1
5,2,3,10,10,1,9,4,6,9,0,2,1,10,703.6,1,2
4,3,5,7,10,2,5,2,6,6,1,2,2,10,692.8,1,3
5,0,7,10,7,2,8,5,7,7,0,2,10,10,749.3,1,0
3,3,5,4,8,2,8,2,2,6,2,2,0,4,635.9,0,3
2,1,3,10,5,2,8,6,1,7,1,2,1,10,675.0,0,1
5,4,2,3,5,2,6,4,10,8,1,2,5,10,683.8,0,2
5,4,2,3,5,2,6,4,10,8,1,2,5,10,683.8,0,2
5,3,5,10,10,1,3,2,5,8,5,1,2,10,723.6,0,2
0,3,0,5,4,1,9,3,4,10,4,1,10,0,632.0,0,0
1,3,2,4,3,1,10,10,2,8,0,1,10,10,663.5,0,0
5,1,3,10,3,1,8,5,9,7,1,2,8,8,746.3,0,1
4,3,8,10,8,1,8,1,4,8,3,2,1,10,721.7,1,2
2,2,8,6,10,1,3,2,7,8,1,2,2,7,690.0,0,3
1,1,4,1,3,1,5,3,4,7,1,2,1,7,636.5,1,1
1,2,4,8,5,2,7,1,6,7,0,2,1,10,674.3,0,1
4,4,6,4,2,1,5,0,8,7,1,2,0,7,644.1,0,2
5,1,1,3,5,2,2,0,2,7,0,1,1,10,607.2,0,1
1,3,4,2,4,1,7,0,3,7,5,2,2,4,614.2,0,1
2,5,3,3,10,1,8,2,3,5,3,1,3,3,584.9,0,0
5,3,4,4,10,1,7,4,9,9,1,1,5,10,734.8,1,1
5,4,3,10,5,2,7,4,6,6,3,2,2,10,665.6,1,3
4,4,6,4,2,1,5,0,8,7,1,2,0,7,644.1,0,2
2,3,4,6,3,1,2,2,8,7,1,2,3,5,664.5,0,1
0,3,8,2,10,2,10,3,1,8,0,2,2,1,615.7,1,2
2,1,10,4,10,1,8,3,7,9,10,1,3,10,695.3,1,0
3,4,5,5,10,1,5,3,10,6,4,2,7,5,674.9,1,2
2,2,6,10,3,2,7,1,3,5,2,2,1,10,693.7,1,3
1,4,6,6,6,2,4,2,3,6,5,1,4,3,597.0,0,1
5,2,10,10,10,1,9,3,5,8,8,2,1,6,716.8,1,2
2,2,3,5,1,2,5,1,9,9,10,2,4,8,641.3,0,1
5,4,6,10,6,1,8,3,10,5,5,1,4,8,671.3,1,3
3,3,10,7,5,1,8,5,6,7,2,2,4,7,713.4,1,3
5,5,0,10,5,2,7,0,5,7,5,2,0,7,628.2,1,3
1,1,2,10,7,2,8,4,1,8,0,1,7,10,632.7,0,3
5,2,10,5,4,1,10,2,10,8,0,2,2,7,697.4,1,1
1,3,4,4,5,2,2,1,3,7,8,1,6,1,612.5,0,1
5,5,1,3,5,2,6,1,2,7,3,1,0,10,597.0,1,2
4,5,2,10,2,2,4,1,10,7,0,1,1,10,651.3,1,3
1,4,0,0,1,1,0,0,2,9,10,2,0,5,568.5,1,1
5,2,4,5,4,1,5,4,10,7,3,1,4,10,683.6,0,1
3,1,8,2,8,2,9,2,6,6,5,1,1,7,670.7,0,1
3,3,1,5,8,1,5,1,1,5,0,1,3,2,608.3,0,2
3,2,5,10,4,1,4,4,1,8,1,2,7,9,705.8,1,2
4,2,2,10,2,2,8,3,4,6,2,2,2,7,655.0,0,2
5,2,6,5,10,1,5,3,3,7,1,1,7,3,661.8,1,2
1,4,6,7,9,1,7,4,2,6,5,1,2,3,639.3,1,1
4,1,3,3,2,2,3,4,4,10,7,2,3,10,659.2,1,2
4,0,6,10,10,1,8,9,8,9,1,2,10,10,756.7,1,1
5,2,10,10,6,1,0,0,6,6,1,2,2,10,699.6,1,3
3,1,3,0,10,1,5,4,10,7,0,2,1,4,676.8,1,2
2,3,4,8,6,1,5,4,6,7,2,2,4,2,659.0,1,0
5,3,4,10,7,1,9,4,6,7,0,2,3,10,754.2,1,3
2,1,5,10,10,2,5,9,3,8,1,2,7,7,702.8,1,2
3,3,7,6,5,2,5,5,1,7,6,1,1,3,607.0,1,1
3,2,7,8,5,2,6,7,1,8,5,1,5,3,648.0,0,2
5,3,10,10,4,1,8,3,8,7,1,1,1,10,713.8,1,3
3,2,3,4,5,1,7,2,4,8,2,2,0,5,674.1,1,2
4,5,5,9,10,1,7,6,5,8,5,2,0,4,684.5,1,2
1,1,4,0,8,1,1,2,5,8,6,2,2,2,604.6,1,1
4,3,5,6,3,1,6,1,4,8,2,2,2,8,677.5,1,1
2,1,7,2,8,1,6,2,5,7,1,1,4,10,660.5,1,1
5,2,8,10,6,1,10,6,10,6,3,2,4,10,736.1,0,3
4,5,5,5,10,1,3,0,6,10,0,2,2,9,697.0,1,1
2,3,10,6,10,1,5,5,10,7,4,2,8,2,698.9,1,1
2,3,10,7,10,1,4,8,9,7,4,2,8,2,712.3,1,1
3,4,2,4,6,1,1,4,10,7,3,2,2,5,678.5,1,2
1,5,5,1,10,2,5,5,2,10,6,1,4,3,601.0,0,2
1,1,0,1,1,1,2,2,9,5,8,1,2,10,604.8,0,2
1,3,10,5,7,1,7,4,4,7,5,2,1,10,668.8,1,2
4,1,5,8,3,2,9,2,2,7,1,2,3,3,668.4,1,2
0,0,1,2,9,1,7,2,2,6,0,2,3,3,624.0,0,1
5,1,5,5,10,1,6,4,10,8,1,2,6,10,750.1,1,1
2,3,7,6,10,1,8,4,6,8,0,1,1,5,664.3,1,1
1,3,3,2,4,2,3,2,2,7,1,1,1,5,598.7,1,0
1,2,10,10,5,2,1,2,1,8,10,2,3,10,659.9,1,2
2,2,3,4,10,1,5,2,10,9,5,2,4,6,677.2,1,2
3,3,5,8,6,1,9,4,5,8,1,2,7,9,706.6,1,3
5,5,5,5,10,1,2,4,8,6,1,2,2,3,664.3,0,2
2,4,6,2,2,2,0,1,6,6,1,1,1,10,592.5,1,1
4,1,10,10,4,1,5,1,3,7,1,2,3,10,723.0,1,3
2,5,7,6,3,2,2,1,1,8,1,2,0,1,620.8,1,3
4,1,7,0,2,2,4,2,5,7,4,1,3,5,612.9,0,1
4,3,6,10,3,1,8,6,8,8,3,1,8,8,708.9,1,2
5,5,3,10,3,2,7,3,6,5,3,2,3,10,672.2,1,3
3,1,0,2,3,1,6,0,3,6,1,1,1,3,624.2,1,1
4,2,4,10,6,2,6,0,7,10,10,2,1,10,653.0,1,0
4,2,3,2,6,1,10,1,5,7,1,2,2,10,680.9,0,3
4,1,8,10,10,2,10,5,5,8,0,2,3,10,728.7,1,3
1,2,9,10,10,2,9,6,3,6,3,2,5,5,693.9,1,1
3,3,7,4,6,1,6,6,10,7,3,2,5,7,698.9,1,1
5,1,6,10,8,1,7,3,7,8,1,2,2,8,734.2,1,2
3,4,3,3,10,1,8,0,7,7,1,2,0,1,652.4,1,3
3,3,4,5,6,1,1,1,1,6,7,1,1,5,610.2,1,1
2,3,3,2,5,2,2,4,8,7,5,2,2,3,620.3,1,0
0,3,10,10,10,2,10,6,7,6,7,2,3,10,721.9,0,0
1,4,0,0,10,1,6,1,10,6,0,1,1,10,620.5,0,1
3,3,5,2,10,2,6,5,4,6,3,1,1,10,649.9,0,1
2,3,4,10,2,2,6,5,3,7,3,2,4,4,660.1,1,2
4,3,10,5,10,2,9,8,5,5,1,2,5,8,716.2,1,0
3,3,10,3,10,1,9,6,6,7,0,2,8,10,730.4,0,1
5,1,5,4,10,2,6,3,6,9,0,2,2,10,681.5,0,1
1,1,2,3,10,2,10,3,8,7,0,2,3,10,671.3,0,1
2,2,8,7,5,1,5,2,10,7,0,2,3,10,687.0,0,3
1,2,6,10,10,2,7,6,6,8,7,1,2,5,642.2,0,0
4,3,5,2,4,2,6,4,5,7,2,1,5,7,641.8,0,3
3,0,10,5,4,2,9,1,4,7,0,2,1,3,643.3,0,3
3,5,3,2,5,2,4,1,4,7,4,1,2,4,575.3,0,1
4,3,7,6,7,1,7,5,3,6,6,2,6,10,687.1,1,3
3,1,6,4,4,1,8,4,4,7,1,2,5,6,684.1,0,0
0,4,1,10,10,2,5,4,4,6,3,2,8,5,673.7,0,1
3,3,4,5,10,1,7,6,1,7,1,2,0,1,663.1,1,2
4,5,10,8,5,1,8,0,7,7,3,1,0,1,635.4,1,1
2,2,5,4,4,2,5,1,4,7,10,2,2,1,638.2,1,1
4,2,5,4,9,1,4,2,2,8,1,1,1,10,646.5,1,1
5,4,3,3,10,1,5,0,5,7,3,2,1,4,663.9,1,1
2,5,2,2,8,1,6,1,4,7,2,2,3,4,645.0,0,1
5,3,3,1,3,2,8,1,3,6,3,1,1,1,593.6,0,1
4,5,10,9,10,2,7,6,5,7,2,1,5,4,658.8,1,0
4,1,5,10,10,1,9,4,7,7,0,1,2,8,728.9,1,3
4,3,7,5,3,1,8,6,7,7,7,2,1,4,711.9,0,2
4,3,7,5,3,1,8,6,7,7,7,2,1,4,711.9,0,2
4,5,8,7,5,2,7,2,10,7,8,1,2,10,659.8,1,2
1,0,4,10,7,2,3,4,10,7,4,1,4,8,656.4,0,1
3,1,2,2,4,2,9,3,3,8,1,2,2,7,667.1,1,2
5,3,4,8,3,2,8,0,2,7,0,2,0,10,634.4,1,3
4,0,8,10,5,2,7,3,6,8,1,2,3,7,706.8,1,2
3,3,7,7,10,2,7,6,5,7,0,2,2,5,706.4,1,0
4,1,6,9,10,1,4,4,4,8,1,2,7,7,699.6,0,3
3,3,10,10,5,1,5,6,5,8,1,2,10,4,735.5,0,2
3,3,10,8,6,1,8,2,5,7,1,2,4,5,684.3,0,2
2,1,1,3,10,1,8,2,5,7,1,2,1,3,662.2,0,2
5,2,10,10,5,1,8,2,10,7,3,2,4,5,748.2,0,2
5,1,10,10,10,1,8,4,8,7,1,2,4,8,778.4,0,2
5,3,10,8,10,1,9,5,10,7,7,2,3,5,746.5,0,2
4,5,6,4,7,1,5,0,6,9,5,1,0,5,611.8,1,1
3,4,10,10,10,1,10,5,6,7,5,2,8,10,740.6,0,2
2,3,1,1,5,2,10,0,4,5,0,2,1,2,598.7,1,1
2,5,6,5,4,2,1,0,1,8,7,2,1,8,617.4,1,2
5,0,10,5,10,2,6,10,7,7,1,2,10,7,735.7,1,1
5,2,1,3,4,1,9,2,9,9,6,2,3,7,654.9,1,1
4,1,7,7,10,1,6,2,10,7,1,2,8,10,719.3,0,2
3,3,4,2,10,1,7,1,4,8,4,2,1,10,662.2,0,1
1,2,10,10,7,2,5,4,8,7,2,2,1,10,690.0,0,1
1,3,7,6,7,1,6,1,7,8,8,2,1,10,686.6,1,1
2,2,4,10,8,1,5,0,2,5,1,2,10,5,696.9,1,1
1,4,7,10,2,2,9,2,5,8,1,2,5,8,682.8,1,1
4,4,6,5,10,1,6,5,10,8,0,2,6,10,729.7,1,3
5,3,3,3,10,2,5,2,10,7,1,1,1,5,630.9,0,1
2,4,5,7,10,2,7,2,6,6,1,2,5,2,640.1,1,1
5,2,10,10,10,2,8,8,5,6,5,2,10,4,728.3,0,2
5,3,10,10,10,2,7,1,3,7,10,2,2,10,692.4,0,2
3,5,3,2,2,1,9,1,7,7,1,2,1,6,635.4,1,2
3,1,5,0,9,2,8,3,4,9,2,1,3,9,638.6,0,1
4,2,5,10,9,1,7,2,2,7,10,2,1,7,704.1,1,2
3,3,8,6,3,2,4,2,6,6,2,2,6,8,648.6,1,3
5,2,7,8,10,2,4,3,8,8,1,2,3,7,680.0,1,2
4,2,5,10,9,1,7,2,2,7,10,2,1,7,704.1,1,2
5,5,10,8,10,2,6,3,6,5,4,2,1,5,685.8,0,2
5,3,3,4,1,2,4,2,1,7,5,2,0,4,600.2,1,2
4,3,1,4,4,1,10,1,8,5,1,2,2,2,647.1,1,3
2,3,1,2,1,2,4,0,3,7,3,1,1,10,583.6,0,1
1,3,2,8,3,2,7,1,5,7,7,1,2,2,592.5,0,1
2,3,4,1,4,2,3,0,10,6,1,2,3,6,608.6,0,1
2,5,10,6,5,1,5,0,10,5,0,2,1,0,639.0,1,2
5,0,8,10,6,2,8,5,6,8,1,2,2,7,718.7,1,3
4,2,4,10,6,2,7,5,10,5,1,2,2,1,673.0,1,2
3,1,8,5,10,1,7,4,4,7,2,2,7,4,707.9,0,1
0,2,4,3,3,1,7,1,4,8,2,2,3,1,635.0,1,1
0,2,4,3,3,1,7,1,4,8,2,2,3,1,635.0,1,1
4,4,1,2,1,1,8,2,6,6,8,1,5,2,609.5,1,0
3,3,6,8,5,2,7,3,4,8,1,2,3,10,680.9,1,1
3,5,3,2,3,1,5,1,1,6,3,2,1,10,615.3,1,0
0,5,2,0,2,1,0,0,1,10,6,1,0,2,553.2,1,1
5,5,5,4,1,1,4,2,10,6,1,2,3,5,630.7,1,1
2,3,9,10,3,1,10,2,5,4,2,2,1,10,705.8,1,0
5,4,2,10,7,1,6,2,4,9,0,2,3,2,672.6,1,0
2,3,5,10,9,1,7,2,4,6,0,2,5,2,661.8,1,0
3,2,5,5,1,1,2,0,4,10,0,2,1,10,666.0,1,1
3,3,6,4,10,2,7,3,6,7,1,2,2,9,691.3,0,1
3,2,4,4,10,1,5,1,7,8,3,2,6,4,678.1,1,0
1,5,3,5,5,2,8,1,4,7,2,2,2,2,631.4,0,2
4,3,7,10,4,2,8,3,7,6,3,2,4,10,689.6,1,2
3,2,6,7,5,2,7,3,9,8,2,1,4,3,664.9,1,1
3,3,5,4,4,1,2,1,1,7,1,2,1,1,625.7,1,1
4,4,4,3,10,2,8,8,8,8,2,2,1,6,666.4,1,2
5,5,4,10,9,1,5,1,10,7,4,2,4,3,664.9,1,0
5,1,4,5,7,1,8,4,7,8,1,2,2,1,686.6,1,1
3,2,4,2,7,2,7,2,6,8,3,1,2,4,626.9,1,2
5,3,4,3,7,1,10,2,6,8,4,2,3,5,676.2,1,0
2,0,3,3,3,2,3,1,5,6,5,2,3,8,621.2,1,2
2,4,3,2,4,2,5,4,5,5,2,1,1,2,575.1,1,0
5,2,7,3,1,1,3,0,5,7,5,2,1,6,635.0,1,2
2,3,4,10,10,2,5,4,9,7,3,2,4,7,661.3,0,1
4,2,5,5,8,1,5,2,2,7,7,2,1,10,682.0,1,2
5,4,3,7,10,1,10,1,10,4,1,2,10,4,717.0,1,0
4,1,10,10,9,1,9,8,9,5,2,2,10,10,783.3,1,2
3,1,10,10,10,2,4,4,10,4,6,2,6,8,705.1,0,3
2,4,8,7,7,2,5,3,7,6,1,2,2,2,679.4,0,2
3,1,10,5,10,1,9,9,6,8,3,2,3,7,744.2,0,0
1,3,2,0,3,2,5,10,10,4,3,2,0,10,613.3,0,1
5,5,2,4,10,1,8,1,3,4,3,2,0,1,635.7,1,1
3,2,3,2,3,2,5,3,3,7,0,2,1,10,626.1,1,3
5,4,3,7,10,1,10,1,10,4,1,2,10,4,717.0,1,0
5,2,7,9,3,2,5,2,8,8,1,1,2,5,651.1,1,1
5,2,5,3,5,1,10,8,3,9,3,1,4,10,675.8,1,1
1,2,3,1,7,1,7,0,5,5,0,2,1,10,646.5,0,2
5,3,10,10,10,1,6,3,7,7,4,2,1,10,737.4,1,2
4,4,4,6,2,1,8,2,5,9,3,2,2,7,662.6,1,1
5,5,7,10,10,2,9,2,5,8,1,2,2,7,711.7,1,2
5,5,1,10,10,2,6,1,1,8,0,2,0,2,644.6,1,2
2,3,2,5,10,2,3,1,5,6,1,1,6,1,622.9,1,3
5,1,6,10,3,1,3,1,5,8,2,1,5,10,674.3,1,1
3,4,7,4,10,2,7,3,6,5,1,2,7,10,670.5,0,2
1,3,2,1,7,1,3,2,3,6,2,1,0,5,588.5,0,1
3,2,3,2,4,1,1,3,5,7,0,2,6,5,687.7,1,3
2,4,4,1,2,2,3,0,5,6,8,1,0,4,551.5,1,3
1,1,4,1,4,1,1,2,5,7,5,1,3,8,611.2,0,3
5,2,10,8,10,1,4,1,4,7,4,2,1,5,706.2,1,2
4,3,5,7,8,2,7,2,6,7,4,2,6,9,689.6,1,2
1,4,3,3,10,2,5,2,5,4,2,2,1,3,637.8,1,2
4,3,1,0,2,1,3,0,5,7,2,2,1,10,643.5,1,1
1,2,6,2,4,2,4,2,10,7,2,2,1,7,651.3,0,1
4,3,2,2,5,1,4,1,7,8,1,2,2,4,650.9,0,1
4,3,7,10,10,2,7,6,9,7,5,2,5,10,722.5,1,2
1,3,8,3,5,1,9,5,10,6,0,2,3,10,702.1,0,0
4,4,7,4,3,2,6,2,7,7,2,2,1,2,625.2,1,2
3,4,4,10,10,1,7,1,7,6,1,1,2,10,681.1,0,0
1,2,0,0,3,2,1,0,1,6,10,2,1,1,538.8,0,2
4,2,4,5,10,1,7,2,10,8,2,2,2,7,702.5,1,0
3,4,6,3,7,1,8,5,10,7,0,2,10,6,710.8,1,1
3,1,5,10,10,2,8,3,1,8,2,1,7,8,683.7,1,3
3,2,6,3,3,2,6,6,7,6,0,1,6,6,633.5,1,3
0,0,8,10,10,1,4,5,3,7,2,1,1,10,685.6,1,1
2,3,2,4,8,2,5,5,5,6,7,2,1,5,634.8,1,2
1,5,10,5,10,1,0,6,2,8,5,2,8,6,683.9,0,2
5,2,6,5,8,1,9,8,8,6,3,2,9,5,718.7,1,2
5,2,2,1,6,2,5,2,8,7,1,1,1,5,606.7,1,2
3,5,5,7,10,2,5,2,6,6,3,2,0,1,628.2,1,1
2,5,6,6,4,1,1,2,10,6,4,1,3,10,635.8,1,1
3,2,5,8,6,2,8,5,5,8,5,2,2,6,679.4,0,2
5,1,5,3,4,1,10,3,10,4,4,2,4,10,725.5,0,3
4,4,8,8,8,2,9,4,9,7,0,2,8,7,731.0,1,3
2,2,5,5,4,1,6,3,3,7,4,2,1,5,634.6,1,1
2,4,10,10,10,1,5,7,3,8,1,2,2,8,735.1,0,2
3,2,5,4,10,2,7,6,6,7,2,2,5,7,689.6,1,2
3,3,8,8,6,1,8,6,4,9,3,1,4,8,670.9,1,3
5,3,6,5,8,1,3,0,4,7,4,2,5,5,692.6,0,3
1,4,4,3,10,2,7,2,4,9,5,2,3,5,633.5,0,1
3,2,10,3,3,2,4,0,1,6,3,2,0,4,611.9,1,3
5,2,7,5,10,1,2,0,6,8,3,2,1,8,705.1,0,2
3,3,5,3,4,1,6,7,4,6,3,2,6,2,627.8,0,2
1,2,2,1,7,2,2,2,4,5,6,2,0,7,603.8,0,3
1,1,5,10,10,2,7,5,6,7,2,2,10,6,740.6,0,3
1,2,0,0,8,1,10,1,8,7,10,1,2,5,584.6,0,1
3,1,10,0,10,2,4,6,5,7,3,2,0,3,675.8,0,0
5,3,7,8,8,2,7,2,3,7,2,2,6,4,694.1,0,1
2,3,10,10,10,2,4,3,9,5,1,1,2,5,664.3,0,2
2,5,2,5,3,2,5,4,10,7,1,2,3,4,637.7,1,2
1,3,2,8,8,1,3,2,4,8,2,2,3,10,669.0,0,3
3,5,7,3,4,1,5,6,3,8,5,2,2,7,645.0,1,1
2,3,3,2,7,1,5,1,5,7,5,2,1,6,645.2,1,2
3,1,4,10,7,1,10,4,2,5,2,2,8,10,713.9,0,3
4,3,10,5,3,1,9,1,5,5,1,2,0,7,644.8,0,2
1,4,5,8,5,1,9,1,8,6,10,2,2,10,684.7,1,2
1,2,5,3,4,1,9,3,5,7,7,2,5,3,633.3,0,2
5,1,8,10,8,1,7,10,4,8,0,2,10,10,759.1,1,3
2,4,10,3,3,1,2,3,3,5,3,2,4,2,661.4,1,2
2,3,4,4,10,2,5,1,5,7,3,2,3,10,648.6,0,2
5,0,5,4,5,1,10,6,10,7,0,2,7,10,741.4,0,2
4,2,5,5,8,1,8,4,2,6,1,2,5,7,678.4,1,1
4,3,3,5,5,1,7,1,2,7,7,1,2,3,622.5,1,0
3,5,1,5,2,2,7,2,3,6,5,1,3,9,588.5,1,2
3,4,2,0,8,1,4,3,5,7,0,2,4,5,635.0,1,0
3,2,2,5,3,1,0,2,3,6,5,1,0,5,603.8,1,1
3,5,4,10,7,2,4,0,3,7,4,1,1,10,646.5,0,3
0,5,10,0,10,1,10,1,1,6,1,2,4,7,662.9,0,1
1,3,9,5,1,1,4,0,6,7,10,1,0,2,594.4,1,0
1,4,5,2,6,1,3,2,2,7,7,1,4,3,598.7,0,1
4,2,10,7,10,2,7,6,5,7,3,2,7,1,692.8,1,1
4,3,7,4,7,1,7,1,8,7,8,2,1,10,691.7,1,2
5,2,6,3,8,1,3,2,6,8,3,2,3,7,696.6,0,1
2,3,6,4,10,1,10,6,2,8,1,2,3,10,680.5,0,2
5,5,3,7,5,2,6,1,10,6,7,2,1,7,622.2,0,3
2,5,6,4,10,2,8,4,5,6,5,2,1,7,655.2,1,3
2,3,6,4,8,1,9,3,4,7,7,2,1,7,680.7,1,2
2,4,10,8,10,1,7,6,5,5,4,2,4,3,689.0,1,0
5,1,10,4,3,1,6,3,6,8,1,2,3,10,672.8,1,2
1,4,4,3,2,2,0,2,2,8,1,1,1,10,604.0,0,1
4,1,7,10,7,1,7,3,10,7,2,2,6,10,744.8,0,1
5,2,5,6,6,1,7,3,6,7,2,1,4,10,681.1,0,1
5,2,5,5,10,2,7,1,10,7,1,1,6,6,666.6,1,2
4,3,2,3,4,1,7,2,5,8,0,2,6,10,667.5,0,2
2,4,10,7,10,1,6,4,3,7,1,2,2,10,682.2,1,1
2,4,10,6,10,1,3,4,7,9,3,1,10,6,686.8,0,0
3,5,5,4,8,1,2,0,7,8,8,2,1,3,637.3,1,1
4,3,0,2,2,1,1,6,7,8,8,2,0,0,601.6,0,2
4,3,5,8,5,2,2,0,5,9,10,2,1,10,620.1,1,3
3,3,2,5,10,2,4,1,10,7,3,2,1,4,637.7,1,2
4,3,5,4,8,2,5,1,10,7,3,2,1,10,685.3,0,2
4,3,5,9,6,1,2,0,7,8,3,2,6,3,690.0,1,2
3,3,5,2,10,1,8,5,10,8,2,2,1,7,680.4,1,3
2,3,1,4,2,1,2,0,2,8,2,2,0,10,617.6,1,1
5,3,4,10,10,1,9,4,10,7,7,2,10,9,768.6,1,2
2,5,6,4,7,1,7,7,2,8,5,1,7,9,666.9,1,1
4,2,10,10,10,1,7,3,6,8,2,2,3,10,754.4,0,3
5,4,7,6,3,1,6,1,4,7,6,2,0,2,667.1,1,1
5,0,10,4,4,1,6,3,8,8,0,2,3,7,720.8,1,2
3,2,8,8,8,1,5,3,2,7,4,2,2,3,666.7,1,2
5,1,8,8,4,2,8,1,9,8,1,2,3,10,704.0,1,3
2,2,8,5,4,2,8,6,8,7,2,2,8,10,705.3,1,3
2,5,7,10,10,1,7,6,5,8,5,2,6,2,693.0,0,2
4,5,10,7,10,1,6,5,10,7,4,1,3,5,683.6,1,0
3,4,7,9,10,2,9,7,8,7,4,1,6,7,718.9,0,2
3,1,10,10,10,2,9,4,5,8,0,1,5,5,691.3,0,3
5,5,3,10,5,1,10,4,4,8,2,2,2,7,653.7,1,1
2,3,7,3,3,1,7,2,5,8,2,1,1,8,635.2,0,1
3,2,6,3,10,2,3,9,3,7,3,2,7,2,682.2,1,0
2,1,10,10,10,2,9,6,7,7,1,2,7,8,749.3,1,2
3,5,6,7,10,2,7,2,4,6,2,2,1,3,658.4,1,3
5,5,10,10,10,1,8,10,2,10,10,2,10,10,730.2,1,1
2,3,4,10,10,1,9,3,8,7,4,1,3,7,683.2,1,3
2,5,6,10,10,2,8,2,7,6,1,1,0,3,647.1,1,1
3,3,0,3,10,1,8,0,4,7,2,2,2,1,629.7,0,0
3,2,6,7,10,2,8,1,7,8,2,2,1,2,681.5,1,2
4,3,10,6,10,1,8,3,8,8,1,2,4,4,736.1,1,1
4,2,3,0,4,1,6,0,1,6,1,2,1,2,634.0,0,1
5,4,10,4,10,1,5,2,10,7,2,2,3,7,693.8,1,2
3,2,3,3,4,2,5,3,5,5,5,2,10,5,663.5,0,1
1,3,7,5,10,1,3,4,2,7,4,1,1,3,639.5,1,2
5,4,2,2,3,1,6,2,8,8,3,2,3,6,666.4,1,0
5,4,7,8,10,1,8,3,10,8,3,2,5,3,726.3,1,1
2,3,4,6,10,2,9,7,3,7,0,2,8,4,692.4,0,2
3,3,8,8,10,1,7,2,8,6,2,2,5,7,705.1,1,1
3,3,1,0,2,2,7,4,7,6,3,2,2,10,608.0,0,3
2,4,7,2,2,1,7,0,1,9,7,1,2,8,604.0,1,1
2,2,10,10,3,2,6,2,6,9,0,2,4,7,695.1,1,3
4,4,5,10,6,2,8,1,9,8,1,2,2,10,714.2,1,1
3,3,5,10,10,1,5,3,7,7,0,2,3,10,715.3,1,1
4,4,3,2,4,1,7,4,5,7,2,2,6,4,658.8,0,1
3,3,4,4,7,1,1,2,7,7,7,2,0,5,647.3,1,1
0,3,4,6,6,2,4,3,3,5,3,1,4,2,593.4,0,2
4,4,4,10,10,2,7,7,4,7,2,2,1,9,702.8,1,3
2,4,10,7,8,2,6,1,8,6,6,1,0,1,625.2,1,2
3,1,10,1,6,1,8,6,9,7,3,2,9,8,732.7,1,1
3,5,10,10,10,1,7,1,1,6,5,1,5,3,673.1,1,2
4,3,4,4,3,2,1,0,5,6,7,2,1,7,619.5,1,2
2,1,5,10,10,2,2,2,5,7,1,1,3,10,645.2,0,1
3,4,10,10,10,2,8,2,3,8,1,2,0,1,684.1,1,2
5,2,2,10,2,1,4,2,4,7,1,2,0,10,663.7,1,3
2,2,8,4,5,1,3,0,2,6,5,2,0,3,613.8,1,1
2,2,5,3,5,1,7,6,3,9,1,2,4,5,669.0,1,3
4,3,2,5,10,1,6,3,5,5,5,2,2,10,702.6,1,2
2,1,1,3,4,2,3,2,3,8,4,1,5,10,619.5,0,2
3,4,8,9,10,1,7,4,8,9,1,2,5,5,693.8,1,0
4,4,10,10,10,2,8,4,10,8,1,2,1,5,702.5,1,2
4,3,10,10,6,2,8,3,5,6,1,2,8,6,718.1,1,2
5,2,4,10,10,1,10,2,10,8,3,2,7,10,719.5,1,3
3,4,6,10,5,1,8,1,5,7,1,2,3,2,696.2,1,2
4,1,10,7,10,2,5,4,6,6,0,2,2,10,721.7,1,2
5,2,10,7,10,1,5,1,10,9,1,2,5,10,738.4,1,2
2,4,9,6,5,1,5,1,2,7,3,2,2,4,632.7,0,1
4,2,5,10,3,2,6,6,1,5,1,1,3,10,672.9,1,2
4,2,5,10,3,2,6,6,1,5,1,1,3,10,672.9,1,2
1,4,2,4,10,2,3,2,1,5,7,2,4,1,604.9,1,2
5,2,7,5,6,1,8,3,7,8,2,2,5,8,700.2,1,1
3,5,6,0,2,2,5,1,4,8,1,2,0,3,609.5,1,1
5,4,8,10,10,2,5,3,2,6,1,2,6,3,673.3,1,1
3,3,10,8,10,1,5,6,7,7,1,2,8,2,718.7,1,2
5,1,3,8,10,1,9,1,10,8,0,2,2,7,719.5,1,1
2,1,10,4,10,2,5,3,8,8,5,2,10,7,700.4,0,2
1,2,8,8,6,2,9,4,8,8,3,2,4,8,714.0,1,0
2,2,3,4,4,1,4,1,7,7,1,1,1,5,626.9,0,2
3,2,4,2,2,1,4,3,1,7,2,1,2,3,639.3,1,3
3,5,4,6,4,1,3,1,7,3,4,1,3,1,587.0,1,0
0,3,3,0,5,1,10,2,5,5,4,1,2,3,607.4,1,0
2,4,3,3,10,1,8,6,4,6,10,1,2,2,624.4,1,0
2,5,3,8,4,1,2,3,10,6,5,1,7,3,635.8,1,0
2,4,6,10,4,1,6,3,2,8,3,2,0,10,665.2,0,1
5,2,6,7,6,2,8,4,7,9,2,2,2,6,702.1,0,2
5,5,2,6,5,1,7,4,8,8,4,1,2,10,668.1,1,2
5,3,6,10,10,1,8,4,7,6,1,2,1,4,693.0,1,1
1,1,5,4,10,1,6,3,8,7,5,1,2,7,647.5,0,0
0,3,4,3,5,2,1,0,4,7,5,1,0,6,573.6,1,3
5,4,7,2,8,1,5,1,7,6,5,2,2,5,670.9,0,1
3,5,8,4,6,1,1,3,6,6,2,2,2,8,667.3,1,1
5,2,9,5,10,1,6,3,10,7,4,2,1,10,704.0,0,1
5,2,2,6,7,1,7,5,10,7,4,2,8,10,719.3,0,2
3,3,4,10,10,1,2,3,7,8,3,2,5,10,707.0,1,2
5,2,4,5,10,1,6,4,10,7,2,2,8,7,717.6,1,1
4,3,7,10,10,1,4,3,10,6,3,1,3,3,695.3,0,2
1,2,5,5,6,1,9,4,7,7,1,2,1,10,672.8,0,1
3,3,6,2,10,2,7,4,4,6,1,2,3,6,639.7,1,1
4,1,5,5,4,1,7,5,10,7,1,2,4,9,712.5,1,3
2,1,4,5,2,2,3,2,5,10,1,2,2,10,644.1,0,2
2,2,5,5,10,2,5,3,4,10,1,2,4,10,674.5,0,2
3,4,2,7,7,1,5,0,8,9,10,2,1,2,641.1,1,1
4,1,7,7,10,2,10,3,2,9,0,2,3,6,687.5,1,3
3,3,5,8,10,1,6,5,6,8,3,2,6,4,698.3,1,2
3,3,5,4,4,1,6,3,5,8,0,2,2,6,672.6,1,3
3,4,5,10,10,1,3,4,3,7,4,2,0,2,672.0,1,3
5,1,1,6,3,1,10,5,4,7,1,2,3,10,706.2,1,3
1,3,6,4,4,1,4,5,5,8,0,2,8,3,679.4,1,1
3,3,8,7,10,1,4,5,10,4,3,2,3,7,710.2,0,1
5,2,8,10,10,2,8,5,8,7,1,2,10,4,741.0,1,1
4,3,4,6,10,1,10,6,6,8,2,2,8,8,722.1,1,2
3,3,2,1,2,2,4,2,2,4,1,2,2,10,616.8,0,3
5,3,4,10,3,1,8,3,10,7,1,1,4,7,710.8,0,3
5,5,7,10,4,1,5,3,10,7,3,2,1,6,666.6,1,3
5,5,7,10,4,1,5,3,10,7,3,2,1,6,666.6,1,3
0,5,10,2,6,2,5,2,5,6,7,1,2,3,571.9,1,0
3,3,4,5,3,1,5,1,5,7,4,2,1,7,646.9,1,1
1,3,2,2,8,2,0,5,6,6,6,2,0,10,584.0,1,2
1,3,2,2,5,2,0,5,5,6,5,2,0,10,580.4,1,2
3,3,8,6,9,2,4,8,4,8,7,2,7,7,689.4,0,0
4,3,5,6,3,1,5,4,2,7,8,2,5,10,675.2,1,1
4,4,8,10,5,1,5,4,5,8,10,2,3,3,676.0,1,1
2,4,5,6,10,1,7,1,5,8,3,2,5,7,676.0,0,2
3,3,7,6,3,2,7,4,2,7,1,2,7,7,670.1,1,1
2,2,3,1,4,1,8,2,10,8,0,2,3,4,656.6,0,1
5,3,10,7,10,1,2,1,9,7,1,2,0,2,673.2,1,1
1,4,6,3,10,1,6,5,7,7,0,2,1,5,664.3,1,2
3,4,5,2,2,1,8,1,1,7,2,2,6,2,664.8,1,1
3,4,5,10,8,1,2,1,6,5,1,2,2,6,694.3,0,1
1,4,4,4,6,1,7,1,3,7,6,2,2,4,653.3,1,1
3,4,3,10,10,2,7,2,1,7,1,1,0,5,634.2,1,3
3,3,8,10,10,2,5,3,4,6,7,2,3,10,675.4,0,2
5,3,10,10,3,2,9,7,10,9,2,2,7,9,740.1,1,3
2,2,5,1,3,1,1,3,8,8,7,1,3,1,608.6,1,1
2,3,6,3,6,1,6,1,3,7,7,1,2,2,602.3,1,2
0,5,2,3,2,1,7,0,3,4,5,1,3,10,600.0,1,0
3,5,7,10,10,2,4,4,6,7,2,2,4,10,711.7,1,1
4,2,10,5,4,1,7,4,4,7,2,2,3,4,685.8,0,1
2,1,5,5,2,1,3,2,2,6,2,2,4,4,627.4,0,1
2,1,5,5,2,1,3,2,2,6,2,2,4,4,627.4,0,1
5,2,3,5,10,1,10,1,6,8,0,2,1,10,694.9,1,3
3,2,7,8,8,1,3,2,7,6,1,2,5,5,704.9,1,1
3,2,10,6,10,2,5,3,2,7,0,1,1,5,617.4,1,1
1,0,6,2,10,1,8,5,10,7,7,2,8,6,700.6,0,0
4,2,6,3,10,1,6,5,7,7,3,2,4,5,671.1,0,0
1,2,10,2,10,1,6,4,7,9,10,1,2,8,657.9,1,0
1,2,4,3,7,1,3,7,5,7,7,2,1,4,640.1,1,0
2,2,3,4,10,1,8,4,8,7,4,2,5,5,678.1,0,0
2,3,7,5,10,1,5,4,7,8,3,2,3,4,681.5,1,0
1,3,4,4,7,1,6,1,7,7,1,2,2,2,649.0,1,0
1,2,10,4,10,1,4,3,7,8,2,1,4,3,647.5,1,0
1,1,8,2,10,1,6,4,8,8,6,1,8,10,651.1,1,0
1,2,6,2,10,1,6,4,4,8,1,2,3,1,660.5,0,0
2,0,4,2,10,1,8,1,8,8,1,2,1,7,676.6,1,0
2,2,5,3,9,1,4,2,5,8,3,2,3,6,677.7,0,0
1,3,10,3,10,1,5,2,6,7,10,2,2,10,653.9,0,0
2,2,10,10,10,2,9,3,5,7,0,2,6,10,745.5,1,1
4,3,10,10,4,2,8,1,8,7,1,2,2,10,730.8,0,3
1,2,5,10,1,2,1,0,1,3,0,2,0,10,606.2,1,3
1,3,3,10,1,2,1,1,1,3,0,2,1,10,601.1,1,3
2,4,3,0,4,1,3,1,6,6,7,2,2,7,631.6,1,0
2,4,3,0,4,1,3,1,6,6,7,2,2,7,631.6,1,0
2,4,3,0,4,1,3,1,6,6,7,2,2,7,631.6,1,0
2,4,3,0,4,1,3,1,6,6,7,2,2,7,631.6,1,0
3,2,10,5,4,2,3,4,1,7,2,2,6,8,678.4,0,3
2,5,7,10,7,2,9,2,3,7,2,2,3,10,678.8,1,1
2,5,5,7,7,2,5,0,3,6,10,2,1,2,607.2,1,2
1,0,4,10,10,1,10,2,6,6,1,2,5,10,731.9,0,2
2,5,3,4,10,2,3,3,10,8,3,1,5,2,598.8,0,3
5,3,6,8,3,1,10,3,5,7,0,1,1,4,669.0,1,3
1,4,5,1,6,2,5,2,5,7,0,1,10,5,616.3,1,2
3,5,10,5,10,2,1,6,10,8,2,1,5,2,632.8,0,3
2,2,4,3,3,2,3,3,7,8,3,1,8,5,625.4,0,1
3,3,8,9,10,1,8,7,10,8,3,2,3,1,722.9,1,0
1,2,2,7,10,1,5,2,5,6,1,2,3,5,643.3,0,0
5,4,2,8,8,1,7,7,4,8,3,1,7,7,692.8,1,0
2,1,5,3,10,1,7,9,7,8,4,2,1,9,698.5,0,0
2,1,3,10,10,1,7,6,5,8,5,2,1,9,679.4,0,0
1,3,3,3,10,1,7,2,9,7,1,1,3,8,654.5,0,0
3,3,10,6,10,1,8,8,9,9,6,2,7,8,721.2,0,0
2,3,4,7,10,1,9,4,5,8,2,1,6,7,674.3,1,0
2,3,4,5,10,1,7,3,4,8,3,1,2,5,648.6,1,0
2,4,2,4,8,1,8,2,6,8,7,2,2,5,649.0,1,0
2,4,2,4,8,1,8,2,6,8,7,2,2,5,649.0,1,0
4,4,7,6,10,1,6,6,7,8,2,2,6,7,708.7,1,0
3,3,7,5,8,2,4,6,6,9,2,2,5,5,656.0,1,0
3,2,3,7,10,1,7,5,8,9,5,2,2,7,700.6,0,0
1,4,7,1,7,1,6,4,4,8,6,2,3,5,650.3,0,0
2,3,4,3,10,1,3,5,8,7,10,2,2,3,652.6,0,0
4,4,8,5,10,1,6,6,6,8,2,2,6,5,703.4,1,0
3,5,6,5,10,1,5,3,7,8,7,2,5,2,673.0,1,0
2,3,1,5,7,1,4,2,9,7,1,2,2,2,635.8,1,0
2,3,1,5,7,1,4,2,9,7,1,2,2,2,635.8,1,0
5,4,4,5,8,1,9,4,8,6,5,1,7,8,694.9,1,0
1,4,5,4,10,1,6,2,4,8,1,2,1,0,643.5,0,0
2,2,10,5,10,1,8,6,9,7,1,2,3,7,742.9,0,0
4,1,7,5,10,1,7,10,10,10,0,2,5,10,757.3,0,0
2,1,10,10,10,1,3,4,5,8,4,2,2,3,715.1,1,0
4,3,7,0,10,1,1,2,6,8,1,2,1,8,657.5,1,0
2,0,7,3,10,1,8,2,3,8,2,2,2,10,656.9,0,0
1,2,10,1,10,1,8,7,2,8,1,2,4,5,692.4,0,0
5,3,10,6,10,1,8,4,6,8,0,2,3,5,715.3,1,0
5,1,8,8,10,1,7,7,10,7,3,1,5,8,709.1,1,0
3,2,9,7,6,2,5,5,5,8,7,2,2,7,659.0,1,0
3,2,6,7,10,1,7,2,4,7,5,2,3,4,679.0,1,0
3,2,4,5,8,2,5,2,8,8,1,2,7,7,686.8,0,2
5,3,3,10,1,1,8,1,1,6,5,2,0,5,656.1,1,3
5,0,5,5,10,1,10,7,10,7,0,2,5,10,783.9,0,2
5,3,2,3,3,1,3,2,10,5,0,1,5,10,657.7,1,1
2,5,5,5,10,1,5,5,1,7,0,2,10,5,686.9,1,1
3,5,8,6,10,1,9,7,8,6,1,1,1,6,676.2,1,2
3,5,4,3,10,1,7,5,6,7,0,2,10,5,715.1,0,0
3,4,3,10,4,1,2,3,1,10,4,1,3,10,646.7,0,1
5,4,7,4,5,1,8,5,5,8,3,1,5,10,676.0,1,1
2,1,7,3,10,1,5,3,8,8,5,2,3,10,702.1,0,0
1,3,10,4,10,1,3,5,4,7,4,2,1,7,651.8,1,0
1,1,10,10,8,1,8,1,10,10,3,2,4,10,733.5,1,0
3,2,3,7,10,1,8,7,5,7,4,2,1,5,684.3,1,0
4,3,8,8,7,1,5,7,10,7,5,2,5,2,698.9,1,0
2,1,10,3,10,1,8,1,5,6,0,2,1,3,672.2,0,0
2,0,6,2,10,1,8,5,7,8,1,2,6,1,669.6,0,0
0,4,1,3,5,1,10,2,5,8,10,2,4,3,626.7,0,0
1,0,9,8,6,1,4,5,3,7,10,2,7,7,672.0,0,0
3,1,10,8,10,1,7,4,9,8,3,2,5,8,727.8,0,0
2,1,3,1,8,1,6,0,10,7,1,2,1,2,658.1,0,0
3,0,6,10,10,1,4,5,4,7,3,2,2,7,690.9,1,0
5,0,10,4,10,1,7,3,10,9,2,2,3,10,752.0,0,0
4,3,3,10,10,1,8,6,4,9,7,2,3,8,701.5,1,0
3,1,6,2,10,2,3,2,9,7,3,1,2,5,654.5,1,0
2,3,10,8,10,1,7,2,10,8,4,1,3,7,678.7,1,0
2,1,10,10,10,1,2,6,8,7,10,1,5,0,679.8,0,0
3,1,6,8,10,1,5,2,4,7,3,2,1,5,668.8,1,0
3,1,7,8,10,1,5,3,6,7,2,1,4,5,667.5,1,0
0,1,9,4,5,1,6,5,5,7,1,2,3,7,697.9,0,2
0,1,9,4,5,1,6,5,5,7,1,2,3,7,697.9,0,2
2,1,8,10,5,2,5,1,2,8,0,2,2,10,672.0,1,3
3,3,3,10,10,2,1,1,1,5,1,2,1,3,640.6,1,3
3,4,4,1,3,1,1,1,5,7,2,2,1,2,602.7,1,3
1,1,4,10,10,2,8,4,6,5,3,2,2,10,665.4,1,1
5,3,10,9,10,1,8,6,8,8,5,2,7,9,749.7,1,3
2,3,4,4,4,2,5,5,7,6,2,2,1,3,618.2,0,1
0,4,1,3,3,2,10,0,2,10,9,2,4,10,616.3,1,0
0,3,3,5,4,2,4,7,1,10,6,2,10,1,670.5,1,1
3,2,10,7,7,1,3,5,10,7,0,2,6,10,743.1,0,3
5,2,6,8,5,1,8,2,10,9,1,2,3,8,740.1,1,3
3,0,7,10,10,2,6,1,10,7,1,2,7,7,729.5,1,3
5,2,4,6,6,2,3,6,8,6,2,2,2,6,667.7,0,3
2,3,4,10,5,2,9,3,6,6,5,2,4,5,646.9,1,2
2,5,2,5,10,2,7,3,1,7,1,1,1,1,601.9,1,1
1,4,5,5,2,1,6,1,5,6,1,1,2,10,663.7,1,1
5,5,3,10,10,2,7,4,8,6,5,1,5,4,640.5,1,3
5,5,3,10,10,2,7,4,8,6,5,1,5,4,640.5,1,3
4,2,4,4,9,1,7,1,3,7,2,2,2,3,665.2,0,3
0,4,5,5,10,2,4,5,3,7,4,1,5,9,615.9,0,1
4,2,5,10,10,2,6,3,5,7,1,2,8,6,697.9,1,3
4,3,7,7,10,1,7,2,5,7,3,2,2,10,697.9,0,1
2,3,3,4,4,1,2,3,5,7,1,2,1,9,645.2,0,1
2,4,5,10,8,2,8,2,3,7,7,2,2,4,636.3,1,0
2,4,5,8,6,2,8,3,3,7,7,2,2,5,636.3,1,0
2,3,5,7,7,2,8,2,3,6,7,1,1,4,610.6,1,0
4,1,3,8,1,2,10,6,3,6,1,2,9,10,697.3,1,3
4,1,3,8,1,2,10,6,3,6,1,2,9,10,697.3,1,3
3,4,5,2,7,1,10,1,5,7,5,2,1,10,687.7,0,3
5,4,3,3,10,2,10,4,10,6,1,1,3,4,652.8,1,1
2,3,5,10,10,1,4,2,6,7,10,2,5,2,659.0,1,2
2,2,3,9,10,2,3,3,10,6,1,2,2,10,668.1,1,2
1,3,2,1,5,1,5,5,3,9,3,2,2,6,619.7,0,1
1,3,10,5,3,2,7,3,9,7,1,1,3,7,644.3,1,1
1,5,5,10,10,2,9,2,5,7,3,2,5,7,667.3,1,1
1,5,2,3,10,1,8,3,2,8,2,1,0,3,605.7,1,3
3,1,5,3,10,2,4,4,8,6,1,1,1,4,655.8,0,1
3,3,4,7,6,1,7,7,4,6,3,1,6,5,658.4,1,1
2,5,8,5,10,1,5,9,1,8,4,2,3,3,676.9,1,1
3,3,9,10,10,1,7,3,5,7,2,2,5,5,721.7,1,1
0,2,10,0,8,2,3,1,5,5,10,2,2,7,610.8,1,1
1,3,4,3,6,1,4,2,9,6,1,2,1,4,640.7,1,1
2,3,7,6,10,2,7,8,7,7,4,2,6,4,677.9,1,1
1,5,1,2,3,2,4,5,2,6,9,1,4,0,561.1,1,1
0,2,2,3,2,1,1,5,5,6,3,1,4,10,599.1,0,1
2,5,9,7,6,1,7,5,3,6,3,2,6,5,683.7,1,0
2,3,6,7,10,1,5,9,3,7,3,2,4,7,702.6,1,1
3,4,5,0,2,2,2,1,6,6,1,2,2,10,635.0,1,1
0,5,10,10,10,1,1,1,2,5,2,1,0,1,610.2,1,1
0,5,10,2,10,1,2,0,2,5,1,1,1,1,615.3,1,1
1,3,10,2,4,2,3,3,5,6,2,2,1,3,629.7,1,1
3,3,7,7,5,1,4,4,5,6,1,2,3,10,694.3,1,3
3,5,2,6,4,2,5,5,4,8,5,1,2,6,641.8,0,1
3,5,5,3,4,1,7,4,2,6,9,2,0,0,630.8,1,1
3,3,3,5,4,2,8,8,10,7,1,1,2,4,656.4,0,1
4,2,5,7,5,2,7,4,6,7,1,2,4,5,694.7,1,1
4,2,4,2,4,1,3,0,1,8,7,2,0,6,639.5,1,2
2,3,4,4,5,2,4,6,3,8,4,2,0,3,626.3,1,1
1,4,3,4,5,1,7,4,8,7,3,2,6,8,657.7,1,0
4,2,3,3,10,2,8,6,2,8,1,1,5,5,651.6,1,1
4,4,10,4,4,2,4,1,8,5,4,1,3,6,621.6,1,2
3,2,6,4,4,1,8,3,10,6,3,2,2,3,678.3,0,1
1,3,6,10,4,1,4,0,5,7,3,2,0,10,652.0,0,2
2,4,10,4,2,1,7,3,5,7,0,2,1,8,662.2,0,1
1,4,0,2,1,2,2,3,2,5,10,1,2,0,552.4,1,1
1,1,10,10,4,1,10,1,10,7,0,2,1,10,693.8,1,3
3,2,3,4,6,1,1,1,3,8,3,2,1,8,624.6,1,3
3,5,4,2,1,2,2,0,1,10,3,1,0,4,554.9,1,1
1,1,10,10,10,2,6,3,5,6,5,2,7,6,701.1,1,2
5,2,2,1,2,1,4,2,4,8,5,2,7,10,658.8,0,2
1,3,4,4,4,1,7,1,3,6,1,2,3,1,646.3,0,2
2,3,4,4,10,2,7,6,3,9,0,2,3,5,680.9,0,2
3,1,10,10,10,1,6,1,2,7,5,2,2,10,702.4,1,3
2,2,10,10,10,2,5,1,2,7,3,2,2,10,680.3,1,3
3,4,4,7,3,2,7,8,2,6,1,1,1,4,634.2,1,3
2,2,5,6,10,1,7,4,6,8,2,2,4,5,679.6,1,1
3,1,4,7,3,2,8,2,9,9,0,2,2,7,673.6,1,3
3,3,2,10,5,1,4,4,10,8,6,2,2,10,716.1,0,3
1,3,4,8,4,2,5,1,4,8,0,1,1,7,652.0,0,3
2,3,3,10,10,2,4,6,5,6,10,1,1,2,605.9,1,2
1,1,10,3,10,1,7,2,10,8,4,2,1,4,682.1,1,1
2,4,3,0,2,1,5,3,2,7,0,1,3,10,627.6,0,2
3,2,4,5,5,1,7,1,3,7,6,2,2,3,651.6,1,1
1,1,0,1,2,2,8,2,1,6,4,2,1,8,623.8,0,3
2,5,0,2,7,1,6,3,10,8,5,2,1,6,639.6,1,1
3,4,8,6,1,1,7,8,4,6,3,1,7,8,673.7,1,3
1,4,6,5,10,2,8,6,5,8,1,2,5,4,667.5,1,3
4,1,5,6,8,1,7,2,8,8,1,2,5,9,707.2,1,3
3,1,5,5,8,2,10,5,2,6,0,2,8,5,720.9,1,2
2,4,5,4,9,2,3,2,2,7,5,2,1,3,619.1,1,2
5,4,5,10,10,1,4,4,10,6,4,2,6,5,720.8,0,1
1,3,2,2,5,2,2,2,1,5,1,2,4,3,601.5,1,3
0,1,10,10,4,2,8,1,1,7,0,1,7,10,658.0,1,3
4,1,9,10,7,1,7,3,10,8,5,2,3,7,734.8,1,2
3,1,10,10,10,2,7,4,1,6,1,2,9,7,720.7,0,3
3,5,6,10,10,1,6,5,7,7,2,1,1,5,666.0,1,2
0,3,3,3,3,2,0,4,3,6,5,1,2,10,588.5,1,3
5,2,8,10,7,1,5,1,7,7,7,2,1,10,698.3,1,2
2,2,6,0,4,1,8,6,10,8,2,2,4,4,671.9,0,1
5,5,3,2,9,2,7,4,10,5,3,1,2,3,630.5,1,0
5,5,5,7,4,2,0,2,7,5,2,1,0,1,619.7,1,0
3,2,5,1,6,2,4,5,3,7,5,2,10,10,644.8,0,1
4,5,10,4,6,1,7,3,7,7,2,1,2,5,686.4,1,0
0,5,3,3,4,1,4,1,10,8,0,1,2,1,603.9,1,0
0,3,3,4,10,2,5,2,6,6,3,1,1,4,619.7,0,0
1,2,4,3,3,2,4,3,2,7,1,1,4,1,598.7,0,0
3,4,5,5,5,1,8,4,5,7,5,2,2,5,665.6,1,0
5,5,2,3,4,2,3,2,10,4,5,1,1,2,584.4,1,0
1,0,5,4,5,2,2,1,2,6,0,2,3,3,629.1,0,1
3,3,5,3,4,2,4,2,2,8,2,2,3,8,651.6,0,2
2,2,5,0,5,1,6,3,10,8,2,2,6,3,690.6,0,1
3,5,5,4,7,2,0,0,1,7,0,1,0,10,629.1,0,1
5,1,3,10,6,1,5,3,2,8,1,2,1,3,663.5,1,2
1,1,6,7,10,2,9,4,5,8,1,2,8,10,706.6,0,2
3,3,2,10,10,1,9,4,4,8,10,1,8,4,675.8,1,2
1,4,5,6,7,2,7,7,2,6,1,2,8,1,639.3,1,1
3,5,10,7,10,2,2,3,10,7,3,1,2,7,617.3,1,0
5,2,8,4,6,1,8,4,10,7,6,2,1,5,695.5,0,1
5,4,9,6,5,2,8,5,10,8,2,1,4,2,677.0,1,1
1,4,10,2,10,2,8,3,10,6,4,2,6,8,654.5,1,1
3,3,4,3,4,1,8,4,1,5,1,1,1,7,633.8,1,3
4,1,7,4,4,2,9,4,7,9,1,2,4,10,724.2,0,2
5,4,6,10,10,1,8,1,4,7,1,2,10,7,738.5,1,2
2,5,8,10,3,1,3,1,1,6,2,2,0,5,652.7,1,3
3,2,10,7,6,2,5,0,5,6,2,1,3,5,624.6,1,2
2,2,6,7,6,1,8,2,8,8,3,2,2,2,683.4,1,2
3,2,3,8,6,2,7,2,3,7,0,2,3,10,687.3,1,3
4,3,3,4,2,1,3,5,3,6,4,2,10,6,678.6,0,1
1,4,2,2,4,1,2,1,2,7,5,1,3,3,590.2,1,2
4,3,5,3,4,2,5,1,2,6,2,2,2,5,617.2,1,3
3,4,1,2,1,1,7,1,3,7,0,1,0,7,612.5,1,1
5,2,10,10,10,1,7,5,8,7,0,2,4,10,766.5,1,3
3,1,10,9,10,1,10,8,9,8,2,2,6,10,770.3,1,1
3,4,10,10,4,1,8,3,5,8,1,2,1,3,664.1,0,2
2,5,9,7,10,2,3,1,7,6,4,1,0,10,613.1,1,3
2,4,5,10,10,2,5,6,5,7,2,1,4,5,655.4,0,1
1,3,5,3,10,2,8,3,4,5,4,1,4,1,597.0,1,2
1,4,4,10,10,2,2,0,4,6,1,1,0,3,597.2,1,3
2,5,5,8,8,2,3,6,5,7,3,2,7,5,675.8,0,0
3,3,7,7,10,1,7,3,5,4,6,2,3,10,676.9,0,0
3,4,5,8,8,2,5,2,4,7,6,1,3,10,633.1,0,0
3,5,10,10,10,1,4,3,8,8,9,1,2,1,671.5,0,0
3,5,10,10,10,1,1,1,6,6,9,1,2,1,641.8,0,0
2,5,6,10,10,1,2,0,8,9,0,1,0,3,617.3,1,2
3,2,3,2,2,2,3,1,4,7,0,2,0,2,578.7,0,3
4,2,1,10,10,2,2,1,4,6,6,2,6,9,644.8,0,3
1,5,2,1,7,2,5,3,3,7,8,1,1,7,580.2,1,0
4,3,7,10,8,1,8,7,10,7,9,1,5,5,717.6,0,3
3,3,4,5,10,2,7,5,1,6,5,2,2,1,628.9,1,2
1,3,10,4,10,1,6,4,8,7,2,2,1,3,679.8,0,0
2,2,3,10,5,2,10,3,9,6,1,2,5,3,657.7,1,2
1,2,3,6,2,1,2,1,4,8,1,2,2,6,629.9,0,1
2,2,3,10,5,2,10,3,9,6,1,2,5,3,657.7,1,2
2,5,3,5,2,2,5,1,1,6,1,1,2,6,579.6,0,2
4,2,5,7,8,1,7,4,7,7,3,2,2,6,693.2,0,1
3,3,4,2,4,2,5,0,5,7,0,2,2,7,641.8,0,2
3,2,3,10,8,1,8,1,8,7,1,2,2,10,700.2,0,2
4,3,4,10,10,1,2,2,3,7,1,2,10,7,694.1,1,2
1,5,4,10,5,2,3,1,1,5,10,1,3,1,553.9,1,1
5,3,4,6,3,1,6,5,10,7,5,2,5,10,712.5,1,3
2,1,4,10,10,1,8,2,5,6,0,2,2,10,713.0,0,3
5,3,4,10,10,1,4,7,2,7,10,2,6,10,709.2,0,2
5,2,4,10,10,1,3,7,2,7,10,2,7,10,722.8,0,2
2,3,1,2,3,1,1,1,8,8,2,2,2,5,651.1,0,1
4,3,10,3,4,1,5,5,8,7,5,2,3,1,676.4,1,2
5,4,9,7,10,2,10,5,10,5,5,2,10,10,739.3,0,2
3,3,2,4,4,1,8,6,10,7,2,1,3,10,678.5,1,3
2,3,6,5,10,2,10,4,6,7,0,2,2,3,665.8,1,1
4,4,6,10,8,1,10,2,6,6,1,2,2,6,689.4,1,3
1,3,4,3,10,1,2,1,10,8,1,2,9,7,658.3,1,2
3,3,6,5,6,1,8,2,8,7,1,2,1,7,690.0,1,1
3,3,4,9,3,1,4,4,5,9,3,2,3,7,703.4,1,2
4,3,6,8,7,2,8,4,4,6,2,2,8,7,695.8,1,0
1,2,7,10,5,1,8,6,3,8,3,2,6,6,714.7,1,2
2,4,3,4,10,2,6,5,5,6,4,2,4,3,639.9,0,2
4,2,7,5,3,1,5,1,7,8,2,2,0,10,708.7,1,1
3,2,10,5,4,1,4,1,5,10,7,1,3,8,645.8,1,1
1,1,4,7,10,1,7,3,7,7,2,1,2,3,676.2,0,0
3,2,10,6,7,1,6,3,6,8,3,2,3,6,701.7,1,2
3,5,10,10,3,1,0,1,4,6,0,1,1,10,668.6,0,3
2,4,4,3,10,1,8,5,10,6,2,1,3,10,683.4,0,3
3,3,2,1,3,1,5,1,5,5,3,1,0,2,604.0,1,2
1,3,6,5,9,2,6,2,1,6,7,2,0,3,639.1,0,3
4,2,2,1,4,2,6,1,10,7,5,2,0,5,620.7,0,1
2,5,6,10,3,1,5,1,5,7,0,1,8,10,645.2,1,1
1,4,10,1,3,1,2,0,6,8,0,2,1,10,649.0,0,1
2,2,7,8,5,1,7,8,5,7,1,2,4,5,704.7,0,2
2,3,0,3,5,2,3,1,2,8,0,1,1,0,587.0,1,2
0,2,2,1,3,2,5,1,5,7,5,2,0,7,589.1,1,1
5,3,2,2,4,2,3,4,8,7,0,1,2,10,637.3,0,3
1,5,3,3,4,1,0,2,3,10,4,2,10,10,630.1,0,0
2,4,2,1,10,1,8,2,3,8,2,2,2,10,656.9,0,2
2,4,6,3,10,1,9,7,10,7,1,2,1,5,704.0,1,1
3,3,2,10,10,1,6,2,9,8,2,2,5,5,683.6,0,1
1,1,4,1,3,1,6,2,6,7,1,2,5,10,681.1,0,1
3,1,6,4,4,1,3,1,3,7,1,1,1,7,655.0,0,2
1,2,7,0,2,1,0,0,3,10,3,1,4,10,648.8,0,1
5,3,5,5,5,2,7,3,9,8,1,2,4,7,695.5,1,3
3,3,10,7,10,1,5,2,9,6,2,2,2,10,725.7,0,2
4,2,2,3,6,2,10,4,4,8,0,1,0,4,629.9,1,2
3,5,0,3,5,1,1,3,5,4,4,1,3,10,636.1,1,2
0,3,0,0,1,1,2,0,10,9,0,1,0,10,597.3,1,1
4,2,8,10,10,1,6,2,7,7,2,2,4,6,720.4,0,2
3,3,10,10,5,1,10,10,3,8,3,2,2,4,731.7,1,3
3,3,10,10,5,1,10,10,3,8,3,2,2,4,731.7,1,3
5,1,2,2,7,1,6,1,3,5,1,1,3,6,624.0,0,1
5,2,5,5,3,2,2,5,7,8,3,1,4,6,618.6,0,1
2,3,8,4,7,1,7,7,8,7,3,2,2,10,715.5,1,1
2,1,5,2,7,1,7,2,4,7,0,2,2,6,680.7,1,0
2,2,4,3,3,1,3,4,1,8,3,1,4,6,615.7,1,2
2,3,5,4,1,2,6,2,1,7,1,2,3,3,639.3,0,3
3,3,5,6,8,1,6,4,10,6,3,1,4,7,695.3,1,1
2,4,10,5,4,1,5,2,10,7,3,1,0,7,642.8,0,2
2,5,5,3,7,1,4,0,4,7,4,1,1,2,585.5,1,1
2,0,6,1,5,1,2,1,3,6,1,2,2,10,658.2,0,0
2,3,10,5,6,2,1,0,2,7,10,1,0,0,574.9,1,1
3,1,6,7,7,1,5,5,10,7,10,1,4,1,680.2,1,2
5,3,7,10,8,1,7,4,8,8,5,2,8,6,753.1,1,2
0,4,2,0,10,2,0,4,3,7,7,1,0,2,558.1,0,1
3,3,5,5,7,1,6,5,3,7,2,2,2,5,675.4,1,1
1,3,4,2,3,2,8,1,9,7,8,2,1,8,617.1,0,2
0,3,3,3,5,2,6,1,8,7,7,2,1,8,613.5,0,2
5,3,7,5,10,2,9,7,7,8,4,1,8,4,678.1,1,1
3,5,10,10,10,2,10,10,2,6,3,2,3,3,700.5,1,3
4,4,8,4,4,1,4,2,3,4,3,2,3,4,669.7,1,2
3,2,4,4,9,1,8,4,7,8,3,2,4,7,700.2,0,3
2,3,2,1,3,1,3,5,9,8,0,2,1,3,636.0,1,1
3,3,5,4,4,1,7,2,2,6,10,2,0,4,618.9,1,2
2,4,3,10,10,2,1,6,4,8,10,2,8,10,658.8,0,1
4,3,6,8,2,2,7,1,3,8,2,2,1,7,656.9,1,3
5,1,3,10,10,1,5,2,10,8,2,2,2,10,739.9,0,3
2,1,1,1,4,1,1,0,1,7,5,2,1,7,607.0,0,2
3,1,9,10,9,1,7,5,5,8,1,2,2,10,711.7,1,2
1,3,4,6,8,1,8,0,5,6,2,2,2,5,670.5,0,1
3,4,10,7,7,1,5,3,3,8,1,1,2,10,680.7,1,2
0,3,4,1,2,1,3,0,1,6,1,1,4,10,603.4,0,1
4,4,8,10,10,2,7,5,4,7,2,2,8,4,699.4,1,3
4,2,8,3,8,1,6,2,1,9,5,1,1,7,672.0,1,1
1,4,3,1,8,1,6,4,7,7,7,1,3,3,592.9,0,1
3,4,7,5,5,2,5,4,7,7,3,2,5,7,655.8,1,1
2,5,10,8,5,2,7,4,2,7,2,2,10,7,692.2,0,3
5,1,5,8,10,2,8,8,9,8,2,2,4,9,756.7,1,3
2,2,7,3,10,1,5,3,6,7,2,2,2,8,696.4,0,2
2,3,4,2,8,2,4,2,1,7,4,2,1,10,642.7,1,2
2,1,3,10,4,1,10,2,1,7,0,2,3,7,705.6,1,2
2,2,4,8,7,2,8,2,3,7,5,2,1,3,646.5,1,1
5,3,6,10,5,1,8,1,8,7,8,1,8,10,720.6,1,2
3,4,2,0,4,1,3,1,6,8,3,2,1,3,633.7,1,1
3,2,2,6,4,1,4,4,5,8,2,2,2,7,686.2,1,2
2,0,1,0,3,2,5,0,6,9,3,2,0,7,632.2,0,3
4,3,5,7,5,1,4,2,3,8,0,2,3,6,670.5,1,2
2,3,5,8,10,2,6,3,8,7,4,2,2,5,683.2,0,3
0,4,2,4,3,2,2,0,1,7,3,1,0,10,573.0,1,3
1,5,4,4,10,2,5,4,5,6,10,1,5,10,624.6,1,1
3,3,6,7,10,1,8,0,10,8,0,2,0,2,688.9,1,1
3,0,4,7,7,2,5,2,10,6,5,2,2,8,685.1,1,3
4,0,5,4,4,1,6,1,7,8,2,1,5,9,679.8,0,3
2,3,7,7,7,1,7,2,7,6,2,1,3,8,676.0,1,2
3,1,2,3,6,1,1,1,3,8,1,2,1,1,609.3,0,1
2,3,10,10,10,1,8,4,7,8,1,2,10,7,754.6,1,0
4,3,4,10,10,1,5,5,2,7,0,2,0,1,668.4,1,2
5,4,3,10,10,2,7,9,5,7,1,1,10,2,703.0,1,1
5,5,2,2,3,1,5,4,10,4,1,2,3,7,626.9,1,1
5,1,9,3,7,1,6,4,7,6,1,2,6,8,704.9,0,2
3,2,5,4,10,2,8,1,7,7,3,2,4,6,674.5,0,2
2,0,10,5,10,2,8,6,2,3,1,2,7,7,688.0,0,0
2,3,7,3,3,1,6,3,3,10,3,2,4,10,672.6,1,0
1,4,6,5,10,2,5,1,4,7,1,1,2,6,611.0,0,3
2,3,2,1,3,2,6,3,2,8,10,1,0,10,592.1,1,1
4,4,2,10,7,1,6,1,8,6,10,2,6,7,691.5,1,2
3,2,2,2,4,1,7,2,5,7,3,2,1,9,638.4,0,0
5,4,10,3,8,2,5,3,10,6,10,2,1,7,664.7,0,2
3,3,5,8,6,2,5,1,5,8,5,2,1,6,652.2,1,2
4,2,8,2,4,2,5,2,9,6,1,2,1,6,656.0,1,3
1,5,4,2,5,1,2,1,3,6,7,1,1,1,580.0,1,2
1,2,8,4,7,2,5,6,3,6,2,2,1,3,658.2,1,2
2,3,9,2,10,2,6,2,3,7,1,2,0,1,656.7,1,1
2,3,3,3,7,2,1,1,8,6,0,2,1,7,611.6,0,1
3,2,5,8,10,1,10,3,5,8,0,2,2,10,716.8,1,3
2,3,5,8,10,2,6,5,4,8,6,2,6,5,677.5,1,2
4,5,8,5,9,1,6,7,8,5,5,2,5,9,687.9,1,3
5,3,5,2,4,1,5,3,1,7,4,2,2,4,637.6,0,3
4,4,3,3,2,1,7,2,8,7,2,1,1,7,630.5,1,1
1,2,3,3,2,2,4,2,7,8,3,2,1,10,618.6,0,1
2,4,2,10,2,1,2,2,1,8,2,2,1,7,665.0,1,3
3,2,6,10,10,1,7,4,10,7,4,2,10,10,724.4,0,1
3,3,10,2,5,2,6,6,4,6,0,2,2,3,660.1,0,2
1,4,4,6,5,1,4,1,4,6,0,2,2,2,655.0,0,1
3,3,3,10,10,1,9,3,3,6,1,2,7,3,714.3,1,2
3,2,1,6,3,1,10,3,8,7,4,2,2,6,696.8,0,3
5,2,4,6,10,2,8,1,10,8,2,1,2,10,705.9,1,3
4,4,5,10,5,1,8,3,6,6,0,2,4,10,713.2,1,0
3,2,4,5,10,1,9,7,7,9,1,2,5,5,727.6,0,0
5,4,10,9,9,1,6,7,9,7,3,2,4,6,732.7,1,0
2,2,6,1,10,1,8,4,10,7,1,2,3,5,681.9,0,0
2,2,5,7,10,2,8,2,10,6,6,2,3,10,680.0,0,0
5,3,3,5,10,1,8,2,5,7,1,2,3,8,694.5,1,0
2,3,3,6,4,2,8,4,9,8,0,2,6,10,666.6,0,1
5,0,10,10,2,1,6,10,5,8,1,1,10,10,755.9,1,2
2,3,10,1,9,1,5,2,7,7,3,1,2,2,650.7,0,2
3,1,2,10,6,1,8,3,3,9,2,2,4,7,721.7,1,1
5,0,10,10,2,1,2,8,2,8,1,2,8,10,738.3,1,2
1,1,2,5,5,2,2,2,4,7,1,2,2,10,638.2,0,1
2,5,3,5,10,2,3,1,7,6,2,2,4,0,613.1,0,1
2,3,6,2,10,2,2,2,3,5,1,1,6,5,634.2,1,0
5,1,7,3,0,2,3,0,1,7,4,2,0,7,603.6,0,2
3,2,6,6,3,2,10,2,5,8,0,2,7,7,698.1,1,3
5,4,5,10,5,1,6,5,7,8,2,1,5,10,698.5,1,2
4,2,6,6,7,1,7,6,3,8,1,2,10,2,709.6,1,1
4,2,6,6,7,1,7,6,3,8,1,2,10,2,709.6,1,1
4,4,5,3,4,2,4,5,3,7,0,1,0,1,614.2,1,3
3,2,5,2,3,2,7,2,10,6,0,2,2,9,657.9,0,1
3,3,5,2,6,1,2,5,7,6,5,1,3,4,642.0,0,2
3,5,6,7,2,2,3,1,5,4,5,1,1,5,569.8,1,3
1,1,2,2,10,2,8,7,2,5,1,2,4,3,642.5,0,3
5,3,10,10,10,1,7,6,10,7,2,2,8,5,755.0,0,1
3,5,4,10,10,1,5,0,9,9,0,2,0,7,690.6,0,3
3,3,4,8,5,1,3,4,2,7,1,2,1,2,625.9,0,1
3,4,3,2,6,1,4,1,3,8,7,2,0,2,629.7,1,1
1,2,5,5,3,1,7,1,2,6,1,2,3,2,649.5,0,1
2,4,6,0,3,2,2,1,4,6,5,2,1,5,597.2,0,1
2,3,3,3,2,2,8,2,1,8,10,2,0,4,588.5,1,1
3,1,4,4,7,1,4,2,5,7,2,2,2,3,653.7,0,1
2,3,5,3,5,2,2,2,7,9,8,1,4,1,601.8,0,1
2,3,5,3,5,2,2,2,7,9,8,1,4,1,601.8,0,1
5,4,4,2,7,2,5,3,2,8,2,1,3,3,651.6,0,1
5,4,3,4,4,1,3,1,10,5,6,2,0,3,637.3,0,1
3,2,4,2,6,1,7,4,1,8,1,2,3,10,668.4,0,0
5,2,5,7,5,1,7,1,4,7,1,2,5,3,682.4,1,1
5,1,7,10,3,1,10,6,8,7,0,2,7,8,759.7,0,3
2,3,7,10,5,1,4,1,5,7,2,2,3,10,675.8,1,1
4,4,2,8,2,1,6,4,4,8,1,2,4,7,686.0,1,1
1,1,0,0,3,1,4,1,6,9,0,2,0,10,630.5,0,1
3,2,2,2,2,2,8,5,10,6,1,1,5,10,657.9,0,1
4,4,3,6,8,1,7,2,3,9,4,2,1,10,680.9,1,2
0,1,6,3,2,1,8,3,1,6,1,1,8,2,635.7,0,0
3,4,3,6,10,2,3,1,10,7,7,2,2,8,639.4,0,2
4,2,4,7,9,1,5,7,8,8,4,2,1,10,712.3,0,1
4,4,3,3,7,2,8,2,8,6,6,2,1,7,635.4,1,2
3,5,3,5,8,1,6,2,6,7,0,1,1,5,619.9,1,0
0,5,4,10,7,2,8,3,6,7,5,2,7,5,655.6,0,1
2,4,10,10,10,2,8,5,10,8,1,2,8,10,741.6,0,1
4,5,5,1,10,1,3,2,4,5,10,2,0,2,639.5,1,1
4,4,3,3,3,2,3,2,9,6,2,2,1,4,627.1,0,2
3,1,10,6,10,2,9,1,5,6,4,2,4,10,697.7,0,2
3,1,10,6,10,2,9,1,5,6,4,2,4,10,697.7,0,2
1,2,6,5,3,2,4,1,3,7,5,2,3,5,622.7,0,1
2,5,5,10,10,2,5,5,2,6,8,2,4,2,622.3,1,2
4,5,3,3,10,2,4,5,5,5,2,2,3,7,663.5,1,3
3,2,9,2,7,2,9,1,4,8,0,1,3,10,652.0,1,2
2,4,2,2,3,1,1,0,6,7,3,2,0,10,613.1,0,2
4,2,4,4,10,1,10,10,3,6,0,1,10,10,685.4,0,1
2,1,7,0,2,1,0,3,10,8,8,2,3,5,651.5,0,0
3,3,10,7,10,1,1,8,5,7,7,2,5,4,662.2,1,0
5,2,10,1,2,1,0,2,8,7,10,2,5,5,667.9,1,0
4,1,10,4,1,1,1,4,3,9,1,2,5,4,704.7,0,0
2,3,2,1,10,1,2,4,5,8,4,2,2,1,633.5,1,1
4,3,10,3,10,2,5,5,10,7,1,2,3,7,715.9,0,1
1,4,2,6,2,2,8,2,3,6,5,1,5,5,590.2,1,2
5,3,4,10,10,1,7,3,5,8,2,2,4,7,696.4,0,1
4,5,10,10,10,1,8,2,6,8,6,2,1,1,700.0,1,1
1,5,4,4,3,2,8,1,3,5,3,1,0,1,559.4,1,2
5,3,4,9,8,2,5,6,10,8,3,2,7,7,711.0,1,2
2,5,5,2,1,1,5,2,2,6,10,2,1,1,605.3,1,1
4,4,1,1,2,1,5,1,2,8,4,1,5,5,597.2,0,1
3,2,2,2,1,1,3,4,5,8,5,1,3,7,621.6,1,1
3,3,10,10,10,1,8,5,8,8,1,2,3,5,744.6,1,1
3,3,4,0,10,2,2,1,7,8,1,2,0,1,627.1,1,1
3,3,7,4,10,2,3,2,7,6,1,2,4,5,648.8,0,1
1,5,5,7,10,1,9,2,1,6,1,2,2,10,683.3,1,0
5,4,4,10,10,1,6,5,10,5,2,2,2,4,705.3,1,2
1,2,6,4,10,2,1,1,10,5,0,1,1,4,616.9,1,2
1,4,2,9,6,2,3,1,5,8,0,2,3,3,626.7,1,1
5,3,10,5,4,2,7,3,5,8,5,2,0,4,662.4,1,2
5,3,6,6,10,1,9,5,10,7,3,2,10,10,751.6,0,2
3,3,10,3,5,1,8,3,8,7,3,2,4,6,691.7,1,1
3,4,2,6,4,1,8,1,7,9,2,1,1,10,680.0,1,1
4,2,6,2,1,2,8,3,10,9,2,2,10,4,670.4,1,1
1,4,3,0,6,2,10,2,9,9,1,2,0,7,656.6,0,1
5,3,4,10,10,2,10,2,7,7,3,1,5,10,691.5,0,2
2,1,2,1,9,1,5,1,1,7,5,1,0,4,603.6,1,1
3,3,3,4,8,2,5,5,5,6,2,1,2,3,638.2,1,1
5,3,8,10,10,1,6,3,4,7,0,2,6,3,730.0,0,2
1,4,8,5,6,1,6,3,6,7,2,2,5,9,676.0,1,1
3,3,6,10,10,2,7,6,7,6,4,2,2,7,718.5,1,2
3,1,10,10,8,1,7,3,5,6,1,2,6,5,748.7,1,3
3,4,5,4,8,2,4,4,9,8,2,2,4,5,675.1,1,2
4,3,5,4,10,1,6,3,5,8,3,2,1,4,687.9,1,1
4,3,6,8,6,1,7,4,4,7,4,1,7,5,687.5,1,2
5,4,10,10,10,1,7,1,10,7,0,2,10,6,741.4,1,3
2,1,2,4,4,1,7,9,9,8,1,1,2,8,681.9,0,0
3,5,2,3,10,2,2,2,3,7,7,2,1,4,597.2,0,3
2,3,3,10,3,1,10,4,3,6,4,2,3,7,688.8,1,3
3,5,4,10,3,1,8,1,6,7,0,2,5,3,681.1,0,0
0,1,7,5,7,1,8,3,4,8,3,2,4,4,670.7,0,0
3,4,1,0,8,1,4,4,3,5,4,1,5,0,603.6,1,0
2,3,10,1,5,1,0,4,5,8,4,1,2,2,640.3,1,1
1,1,5,4,10,1,2,7,2,6,2,2,2,2,649.5,0,0
5,3,10,7,6,1,8,10,9,8,8,2,3,10,732.9,1,0
3,3,5,8,7,1,6,4,5,7,4,2,3,10,696.2,1,1
3,0,4,5,7,1,9,2,9,8,2,2,3,2,693.8,0,0
3,3,5,5,10,1,9,3,5,6,7,2,1,1,670.5,1,2
3,2,8,3,5,1,2,1,8,5,0,2,2,2,681.1,1,1
1,1,10,10,10,2,8,3,2,9,2,2,4,10,706.2,1,3
5,0,5,10,3,2,4,3,2,8,0,2,10,10,695.8,1,1
3,2,6,10,5,1,8,2,4,8,1,2,2,10,684.3,1,2
3,4,4,10,3,1,5,4,4,7,0,2,6,7,690.9,0,1
2,2,3,4,2,1,5,1,3,6,2,1,5,10,634.4,0,1
4,3,5,2,2,2,2,1,6,6,6,2,2,8,602.7,0,2
5,4,6,2,4,1,2,1,5,6,0,1,2,10,675.6,0,3
2,2,5,10,10,1,0,8,10,8,7,1,2,1,688.9,0,2
5,1,6,6,10,1,8,2,2,6,1,2,4,10,751.5,0,2
2,0,3,1,8,1,8,1,6,7,1,1,8,4,677.7,0,0
1,4,10,5,10,2,6,0,10,6,1,1,0,2,605.2,0,1
5,3,10,10,5,2,10,5,10,6,1,2,6,10,744.6,1,3
3,1,6,10,6,1,8,0,6,7,0,2,6,2,693.0,1,3
5,5,10,10,5,1,7,1,1,9,1,1,2,10,694.1,1,2
5,4,10,10,6,1,6,2,10,7,1,2,2,7,707.4,1,1
3,1,7,9,4,2,8,3,10,5,3,2,3,6,674.7,1,1
1,2,4,4,2,1,5,4,1,8,2,2,2,7,637.8,1,0
1,3,3,10,10,2,5,0,2,7,10,2,0,1,632.7,1,3
5,5,6,9,10,2,8,5,10,6,6,1,9,7,680.0,1,3
5,5,6,9,10,2,8,5,10,6,6,1,9,7,680.0,1,3
1,5,8,4,10,2,3,2,10,6,1,1,0,2,601.8,0,1
1,4,5,10,2,1,0,1,2,7,1,1,2,2,603.8,0,1
1,4,5,10,2,1,0,1,2,7,1,1,2,2,603.8,0,1
5,4,10,6,10,2,3,5,6,4,5,1,1,7,651.6,1,1
1,4,6,7,3,1,8,4,2,8,2,1,8,5,668.6,1,1
1,3,5,10,4,1,8,1,10,9,3,1,7,4,667.0,1,0
2,4,1,3,4,1,7,1,1,7,2,1,1,5,598.5,1,2
3,1,4,1,2,1,4,0,1,6,0,1,1,10,627.2,0,0
1,3,4,3,8,1,7,6,2,8,5,2,7,6,675.4,1,2
5,1,2,6,7,2,8,3,9,5,1,2,4,10,693.2,0,3
2,3,5,3,8,2,2,2,5,7,10,1,2,10,592.5,0,2
0,1,9,10,2,1,4,4,2,8,0,1,2,10,663.5,0,1
2,1,5,3,4,1,7,4,4,8,0,2,3,7,682.6,0,1
3,5,10,4,10,1,10,2,10,7,10,2,1,10,690.4,1,2
3,1,5,2,4,1,10,0,2,8,2,2,0,10,677.1,0,3
3,3,4,1,2,1,4,0,5,8,2,2,1,3,625.0,1,1
3,5,9,6,7,2,7,3,9,5,3,2,4,2,650.7,0,3
1,4,4,2,3,1,6,0,3,9,3,2,0,3,629.9,1,2
2,5,3,5,3,2,6,2,4,7,10,2,0,7,607.6,1,3
5,0,5,10,5,1,8,8,1,8,0,2,6,10,753.4,0,1
2,1,5,10,10,1,10,2,10,6,0,2,3,7,715.7,0,1
2,5,5,3,2,1,4,0,3,7,0,2,0,1,619.3,1,3
2,3,4,3,3,1,7,4,6,9,3,1,4,6,642.4,1,1
2,3,10,2,10,2,1,2,7,7,1,1,1,6,626.9,1,1
5,2,2,0,10,2,6,1,10,8,4,1,4,9,653.2,1,1
5,3,9,4,7,1,9,4,9,8,2,2,6,8,746.5,0,2
5,3,9,4,7,1,9,4,9,8,2,2,6,8,746.5,0,2
2,3,4,10,7,2,7,2,2,7,7,2,3,4,639.5,0,2
2,0,3,4,3,2,4,1,2,7,1,1,2,10,615.7,0,2
1,3,4,6,4,2,0,1,1,8,1,2,1,10,639.5,0,3
1,5,4,7,10,2,9,1,5,6,1,2,1,7,679.0,1,1
2,3,10,10,10,2,8,3,4,6,1,1,2,10,672.0,1,1
1,2,5,4,5,1,5,4,6,3,6,1,3,4,634.4,1,3
4,4,9,9,8,1,8,9,9,9,9,2,9,1,728.0,0,2
3,5,3,10,2,2,5,3,10,5,6,2,2,2,628.8,1,2
5,2,6,10,10,2,10,5,9,6,5,2,6,5,713.8,0,2
5,3,2,10,5,1,10,2,10,7,4,1,6,8,661.5,1,2
2,3,3,4,4,1,1,0,2,7,4,1,0,2,586.8,1,1
2,1,2,2,3,1,8,2,2,8,1,1,1,7,622.7,0,1
3,0,4,7,1,2,1,2,1,7,0,1,3,7,635.9,1,3
5,2,5,10,10,1,8,6,10,6,5,2,4,10,732.7,1,3
3,3,6,10,10,2,9,7,5,6,2,2,8,5,697.7,0,3
5,1,6,3,3,1,8,8,2,6,1,2,8,10,705.6,0,1
4,1,10,9,10,1,8,6,3,8,1,2,8,10,747.0,0,2
5,2,8,1,3,1,1,5,6,8,0,2,5,5,676.2,0,1
2,3,4,3,5,1,3,2,3,8,5,2,1,3,633.1,1,1
3,2,5,1,3,1,2,1,3,4,2,1,3,2,598.3,0,2
5,2,5,1,4,1,3,5,6,8,1,2,5,4,679.6,0,1
3,2,0,0,3,1,2,0,1,7,1,1,0,4,593.4,1,1
4,3,5,7,3,2,5,5,4,6,4,2,5,10,672.0,0,3
5,5,5,10,5,1,5,0,6,8,1,2,6,5,683.0,1,1
1,4,1,0,1,1,2,1,5,7,0,1,2,2,601.0,0,1
4,0,10,10,10,2,8,10,5,7,0,2,10,5,716.6,0,2
1,3,6,10,3,2,6,0,5,9,7,2,0,4,625.2,0,1
3,3,7,10,10,2,8,3,8,5,3,2,2,10,698.1,0,2
4,5,3,8,6,1,6,5,1,7,7,1,2,9,641.0,1,1
4,5,3,8,6,1,6,5,1,7,7,1,2,9,641.0,1,1
3,0,1,5,2,1,7,5,10,7,0,1,8,6,670.0,1,1
4,3,4,5,10,1,4,4,1,10,3,1,4,10,660.3,1,0
0,4,4,0,1,2,0,0,2,5,0,2,0,1,540.5,0,1
1,4,2,1,1,1,3,1,1,8,2,2,1,6,593.6,1,1
3,1,3,3,4,2,9,7,2,8,0,2,1,8,663.5,1,3
2,3,2,10,1,2,4,2,4,5,4,1,1,4,580.0,1,2
1,0,1,10,10,1,7,2,7,6,1,2,5,10,715.1,0,0
1,4,10,6,8,2,3,2,8,6,4,2,4,4,659.2,0,2
1,3,3,7,4,2,3,0,7,6,0,2,6,9,657.3,1,1
3,1,8,7,8,1,6,3,8,7,2,1,1,9,698.5,1,0
2,5,3,7,6,2,8,7,4,7,1,2,6,3,636.5,1,3
4,3,8,5,10,2,9,6,6,7,1,2,7,7,701.5,1,3
4,1,8,4,8,1,7,2,6,8,1,2,3,5,698.3,1,1
4,4,4,0,5,1,3,2,6,6,3,2,1,10,662.2,1,1
1,1,10,3,10,1,2,1,8,5,2,2,3,10,706.6,0,0
4,2,4,5,10,1,10,4,10,7,6,2,2,8,705.7,1,2
1,4,5,10,6,2,4,5,4,8,2,2,4,10,692.8,0,3
5,2,5,10,10,1,7,3,3,4,0,2,3,10,695.2,0,0
4,2,5,4,10,1,8,4,7,6,2,2,9,7,696.4,1,3
2,4,4,4,10,1,6,2,4,7,1,2,3,3,660.3,0,0
5,2,2,5,5,2,10,2,10,8,0,2,1,10,700.8,1,2
1,2,3,7,5,1,5,4,4,8,2,2,1,4,652.0,1,1
5,3,10,7,10,2,6,3,8,7,5,2,3,3,681.5,1,3
5,4,7,3,10,1,7,1,8,6,3,1,1,5,664.3,1,1
2,1,4,3,6,1,3,5,1,8,2,2,4,5,659.9,1,1
1,5,3,8,4,2,4,1,3,7,10,2,2,7,578.5,1,0
2,1,3,2,5,2,5,1,10,7,1,2,4,10,687.0,0,3
0,4,5,8,10,2,1,4,6,6,8,2,2,0,628.2,1,1
0,4,5,8,10,2,1,2,6,7,7,2,2,0,621.6,1,1
4,2,5,3,7,2,7,5,4,8,1,2,8,4,682.6,1,1
0,4,5,4,10,1,7,0,7,5,0,1,0,0,607.8,1,1
4,2,2,5,5,1,4,4,7,7,6,2,2,10,671.1,0,1
0,4,5,4,10,1,7,0,7,5,0,1,0,0,607.8,1,1
3,1,3,10,3,2,1,1,3,7,1,2,3,4,634.6,0,2
3,1,2,5,2,2,1,1,4,7,1,2,2,3,617.8,0,2
1,3,7,4,8,1,7,2,7,5,2,2,4,6,670.7,1,1
5,2,8,2,10,2,4,2,10,8,5,2,4,3,670.2,1,0
4,1,6,7,6,1,4,5,7,8,1,1,4,4,656.0,1,0
5,1,9,8,7,1,5,2,7,8,1,2,4,6,705.3,1,0
2,2,10,10,10,2,10,10,7,7,6,2,3,7,708.5,1,0
1,1,5,2,10,1,5,2,7,7,1,1,1,6,659.2,0,0
3,4,5,7,10,2,3,0,10,8,4,2,1,2,619.2,0,1
3,3,2,3,10,1,8,6,10,6,1,2,10,8,725.9,1,1
1,4,4,2,5,1,7,2,6,8,5,2,1,4,613.3,0,1
4,3,7,10,4,2,7,3,8,6,1,1,2,10,642.2,1,2
3,1,3,1,10,1,5,10,8,7,0,2,4,5,690.0,1,2
5,4,3,4,5,2,10,7,10,8,0,2,8,10,702.5,1,3
5,1,6,5,5,1,9,5,10,8,1,2,3,6,728.0,1,3
4,4,5,4,10,1,2,1,6,8,1,2,1,10,672.8,1,2
1,4,1,7,10,2,8,2,2,7,4,2,0,3,620.8,1,1
3,2,10,10,4,1,8,5,6,7,4,2,9,10,728.7,1,2
2,5,5,10,10,1,6,6,8,7,1,2,9,5,703.6,0,2
1,5,10,7,10,2,2,0,1,6,2,2,1,1,640.8,1,2
2,2,3,10,5,1,5,3,2,8,1,2,5,7,683.9,0,3
1,2,10,10,10,2,2,2,4,7,1,2,4,3,658.6,1,1
5,2,10,10,10,1,5,6,10,8,10,2,1,5,716.1,1,2
4,3,4,2,5,1,3,1,7,5,1,2,2,4,640.1,0,1
3,1,9,5,10,1,9,5,4,8,6,1,8,10,686.0,1,2
3,5,5,10,6,2,5,8,9,7,0,1,0,1,629.0,1,3
3,1,4,5,6,1,6,1,4,7,3,1,4,7,662.0,0,1
3,2,5,3,5,1,8,2,4,8,2,2,3,3,665.6,1,1
2,2,5,8,10,2,4,4,5,8,2,1,2,5,660.7,1,1
5,0,7,4,6,1,6,5,10,6,0,2,7,10,739.5,0,2
5,4,10,6,10,1,5,3,2,7,3,1,4,0,658.2,1,2
4,3,10,10,5,1,8,5,10,7,1,1,6,10,741.4,0,1
2,2,10,10,10,2,6,10,4,6,0,1,8,10,731.5,0,1
1,1,5,10,4,1,9,1,2,9,4,2,5,7,682.4,1,1
2,2,3,3,6,2,4,1,8,6,1,2,1,10,638.8,0,2
3,2,8,3,6,1,8,2,9,8,1,2,3,9,698.9,1,1
5,3,8,10,6,2,9,6,9,7,2,2,6,10,739.5,0,1
2,3,3,1,7,1,5,1,2,7,1,1,2,10,634.4,1,1
3,4,10,10,10,1,9,3,6,7,0,1,3,10,727.0,0,1
4,4,5,10,5,1,8,0,5,8,9,2,3,7,667.5,1,3
2,1,5,10,10,2,10,5,5,8,1,2,8,10,737.2,1,1
2,3,4,10,3,1,2,1,3,8,10,1,1,10,622.9,1,1
0,5,3,2,2,2,7,0,4,9,1,1,0,8,582.5,1,1
2,4,4,2,6,2,8,3,5,7,4,2,1,0,623.1,0,2
2,2,3,4,10,1,8,0,1,7,2,2,1,8,635.9,1,2
0,3,6,3,4,1,6,3,2,7,6,1,1,6,614.0,0,1
5,3,3,3,5,1,8,4,7,8,8,2,2,6,664.5,1,1
2,2,10,8,9,1,6,4,3,6,1,2,7,7,721.1,0,1
1,4,3,10,4,1,6,7,10,6,2,1,6,8,663.0,1,2
2,4,2,0,2,2,5,1,2,8,1,1,0,3,556.4,0,2
2,3,1,3,10,2,8,3,7,8,0,2,1,10,684.9,0,1
3,3,5,6,10,1,9,4,9,7,2,2,9,6,739.5,1,3
3,2,9,4,8,2,8,0,4,8,1,2,1,5,658.8,0,2
4,5,5,10,10,2,10,7,10,7,3,2,4,3,710.8,1,1
0,5,3,2,2,2,3,2,1,6,10,1,0,0,537.1,1,1
4,1,10,8,10,2,2,4,10,8,0,2,5,10,722.9,0,0
2,1,5,2,5,1,0,0,1,8,0,1,0,5,600.4,1,1
2,2,3,10,2,1,7,5,4,5,6,2,5,7,682.0,0,2
1,0,3,1,10,2,4,1,3,7,1,1,2,7,607.4,1,1
2,2,8,5,6,2,8,3,4,7,1,1,6,5,680.7,0,1
4,2,10,10,10,1,9,5,9,7,1,2,6,10,761.6,1,1
1,2,10,8,10,1,9,4,5,6,1,2,4,3,689.2,1,1
2,3,10,2,4,1,5,5,2,7,2,1,1,5,673.5,0,1
1,5,3,4,2,1,7,2,4,7,9,2,1,10,667.1,0,3
1,3,5,1,2,1,9,5,8,8,2,2,2,5,668.1,1,1
1,3,9,8,10,1,5,2,6,7,1,2,2,4,703.2,0,1
4,2,3,5,8,2,8,6,6,7,5,2,1,7,676.0,1,2
4,2,3,6,10,1,6,5,3,8,4,2,2,3,696.0,0,1
2,3,6,4,5,1,7,1,5,7,6,2,1,3,657.1,1,1
2,2,10,10,10,2,10,3,8,7,1,1,1,4,683.2,1,1
1,2,7,2,5,2,7,4,3,7,1,2,3,5,668.6,0,1
2,3,4,6,8,1,9,6,7,6,1,1,7,7,703.2,0,1
2,4,6,10,10,2,1,1,2,5,2,2,1,2,634.0,0,2
3,3,8,8,7,2,5,2,5,7,3,2,3,6,660.5,0,1
4,4,3,2,5,2,3,0,5,10,0,1,2,10,625.4,1,3
5,2,2,2,4,1,3,2,3,8,0,2,2,10,690.9,1,0
3,1,7,8,8,1,7,4,10,7,3,2,1,1,717.6,1,1
2,4,10,10,10,2,6,8,3,6,0,2,8,8,719.4,1,3
2,5,7,10,3,1,10,1,8,9,1,2,2,10,724.4,1,1
5,3,5,6,8,1,3,1,10,8,1,2,3,10,707.6,1,1
1,3,5,8,8,1,7,2,7,7,2,2,3,10,698.3,0,1
1,3,5,7,8,1,7,2,6,7,2,2,2,10,703.2,0,1
0,2,5,10,10,1,8,6,2,7,1,2,3,3,721.1,1,1
2,2,4,10,4,1,5,4,10,6,1,2,4,10,690.2,1,2
3,1,10,10,10,1,8,2,10,7,2,2,10,7,732.9,1,2
4,1,4,9,5,1,8,4,8,6,1,2,7,7,713.6,1,3
5,3,7,3,5,1,6,1,10,8,2,2,2,10,714.4,1,3
4,2,5,7,10,2,3,1,3,9,0,2,3,10,675.8,0,0
2,1,5,5,7,1,6,2,7,8,1,2,2,6,662.8,0,1
1,4,4,5,8,2,5,2,8,8,3,2,1,3,630.7,1,2
3,2,10,3,10,1,3,3,10,7,10,2,2,10,678.5,0,2
4,2,4,3,3,1,4,2,5,9,0,2,2,4,669.4,1,3
4,2,6,5,5,1,7,1,8,8,1,1,6,10,702.1,1,1
4,3,4,10,10,1,9,1,10,7,2,2,7,10,748.2,1,3
0,3,6,1,10,2,5,6,5,9,0,1,0,8,643.9,1,1
3,1,0,5,8,1,5,6,5,7,5,2,6,9,682.6,0,1
2,4,5,5,4,1,5,4,10,6,2,1,4,8,668.1,1,3
4,3,2,5,2,1,7,8,2,9,1,2,8,8,690.9,1,2
5,3,9,7,8,1,8,5,3,7,2,2,8,10,717.9,1,1
5,2,3,10,8,1,7,3,8,8,1,2,5,10,720.8,1,2
1,2,7,3,9,1,8,2,10,7,0,2,1,2,702.3,0,0
2,5,10,10,3,1,5,1,2,6,2,2,1,6,686.9,0,1
2,5,4,10,5,1,5,1,7,6,3,1,2,10,679.4,1,1
5,1,6,10,10,1,8,5,8,7,2,2,8,10,749.5,0,1
3,2,10,4,7,1,7,4,8,7,1,2,3,3,684.9,1,1
4,1,10,8,5,1,8,2,8,8,1,2,3,10,754.8,1,2
0,4,3,2,4,1,2,0,7,7,4,2,1,6,615.0,1,1
2,1,6,6,10,2,3,2,2,7,1,2,1,1,642.9,0,3
4,3,0,1,10,2,6,2,5,8,1,1,2,10,630.1,1,0
3,2,4,3,6,2,5,0,3,6,0,2,3,4,632.7,0,1
3,5,6,4,2,2,6,0,1,7,1,2,0,5,584.9,1,2
1,2,1,1,3,2,1,1,1,7,10,2,0,10,584.9,0,2
1,2,4,2,2,2,7,2,7,7,9,2,2,8,616.7,1,2
3,1,10,10,7,2,7,10,5,8,0,2,8,10,750.8,1,3
3,5,2,5,5,1,8,3,5,8,1,2,1,2,630.1,0,1
3,4,5,10,10,2,8,8,7,6,1,2,10,10,727.0,0,1
4,4,4,4,8,2,5,3,2,7,7,1,1,3,620.8,1,1
3,2,4,5,5,2,0,3,7,7,1,1,6,8,645.6,1,2
3,1,1,10,5,2,2,2,3,10,0,2,3,10,662.4,0,1
2,2,7,10,7,2,7,5,1,9,1,2,1,9,660.1,1,3
5,5,1,2,6,1,5,1,10,8,1,1,2,5,648.1,1,1
2,3,3,3,2,2,5,3,1,7,8,2,1,9,608.7,0,2
3,3,3,3,10,2,5,1,1,7,7,2,1,9,624.0,0,2
5,2,10,10,8,1,8,8,10,8,1,2,8,10,753.5,1,1
3,4,8,8,10,1,3,0,6,6,10,2,1,7,662.2,1,1
2,5,6,10,10,1,1,2,7,6,8,1,3,3,626.7,0,0
2,2,10,10,3,2,8,8,10,8,2,2,8,10,756.9,1,2
5,3,5,10,3,1,2,5,7,7,5,1,4,5,677.9,1,3
4,3,5,4,10,1,7,2,3,8,5,2,3,10,699.4,1,2
3,0,0,3,10,1,7,1,10,8,0,2,0,7,648.1,0,1
5,3,1,2,5,1,8,1,10,8,3,2,3,10,677.0,0,0
2,4,4,3,7,1,9,2,10,8,3,2,3,5,671.9,1,1
3,3,2,3,2,1,5,1,6,6,7,2,0,5,641.8,1,2
4,5,2,3,1,2,1,3,1,8,2,2,2,4,615.7,1,2
3,4,4,3,6,2,2,1,5,6,6,2,0,5,607.6,1,1
3,2,5,2,8,1,5,3,9,7,4,2,1,5,666.4,1,1
3,3,4,5,8,2,7,2,2,8,9,2,0,8,617.6,0,2
2,1,5,2,5,1,9,1,9,7,1,2,2,5,678.3,0,1
2,2,10,8,5,1,7,2,10,7,1,2,2,7,717.6,1,1
2,2,10,8,5,1,7,2,10,7,1,2,2,7,717.6,1,1
3,3,3,5,5,2,3,3,4,7,5,2,1,1,617.8,1,1
5,1,10,6,6,1,4,2,5,10,1,1,5,10,656.0,0,1
4,2,2,7,3,1,6,2,7,7,0,2,6,10,686.4,1,3
2,2,10,8,5,1,7,2,10,7,1,2,2,7,717.6,1,1
1,4,5,3,5,2,2,8,5,9,2,2,2,10,677.9,1,1
1,3,10,7,5,1,2,6,7,5,2,1,3,3,655.4,0,1
3,2,5,10,6,1,9,4,5,7,3,2,1,6,726.8,1,2
2,2,1,0,4,2,0,1,3,4,0,1,1,0,543.9,1,3
3,1,6,2,6,1,8,2,10,7,3,2,2,3,688.7,0,1
1,5,4,5,10,1,5,3,5,6,5,1,2,10,634.8,1,3
1,2,8,4,10,1,9,1,6,8,1,2,1,8,706.8,1,2
5,2,10,6,5,2,8,3,3,9,1,2,3,10,713.2,1,2
3,1,4,3,3,1,7,2,4,8,1,2,2,7,653.7,1,3
3,1,4,10,4,1,5,3,5,6,1,1,3,7,634.8,1,2
1,5,3,1,2,2,2,1,2,8,10,1,0,5,541.1,0,1
1,5,10,8,10,2,3,3,1,8,10,2,1,10,646.3,0,2
2,1,4,2,4,2,8,2,9,6,0,2,3,7,657.7,0,1
4,3,3,10,10,2,3,3,4,6,2,1,1,5,634.6,1,3
1,1,10,10,10,1,5,6,5,7,2,1,2,2,691.1,1,2
3,3,7,6,10,1,5,4,8,6,5,2,3,6,683.0,0,2
3,3,4,4,5,1,3,4,3,7,1,1,2,3,641.4,1,1
1,4,3,1,4,1,1,1,5,4,10,1,3,0,578.3,1,0
3,2,10,10,3,1,4,8,5,7,1,2,6,8,737.0,1,2
3,3,5,6,10,2,6,7,3,7,1,2,2,5,661.8,0,2
4,3,4,6,10,2,6,5,3,7,2,2,2,5,656.7,0,2
2,1,6,5,8,2,0,1,5,9,0,1,0,6,628.6,1,1
4,2,4,5,2,1,7,3,5,7,4,2,7,2,679.2,0,1
3,3,5,10,10,1,5,2,10,7,1,2,0,2,661.5,1,2
2,2,2,1,3,2,5,1,4,8,7,2,2,3,580.6,0,2
2,1,5,10,3,2,8,4,5,8,1,2,6,10,711.7,1,3
5,1,6,3,10,2,8,1,3,6,3,2,1,3,656.5,1,0
3,3,2,3,10,1,2,4,10,8,6,1,1,5,644.7,1,2
2,2,1,2,10,1,7,3,4,7,2,2,3,8,667.1,0,2
2,4,10,10,10,1,8,4,1,8,6,1,5,10,699.0,1,3
2,3,3,8,5,1,5,1,10,7,2,2,3,7,656.4,0,1
4,2,10,10,10,2,8,3,8,9,0,2,2,7,724.4,1,2
2,4,5,6,5,2,7,3,6,7,3,2,3,10,674.3,0,1
3,2,10,10,10,2,8,6,5,6,0,1,3,8,701.1,0,0
3,0,10,6,6,1,6,5,10,9,1,2,5,10,765.6,1,1
3,2,5,4,2,1,5,5,5,7,1,1,3,8,658.8,1,3
1,3,8,0,10,1,6,5,6,7,1,2,6,4,676.0,0,1
2,4,7,3,10,1,2,0,9,9,1,1,1,1,622.6,0,1
1,2,3,10,10,2,2,2,10,3,2,2,2,7,686.2,0,2
1,5,1,4,2,2,9,2,2,8,8,1,2,10,604.0,0,2
2,2,3,2,5,1,1,2,3,6,3,1,3,5,597.0,0,0
5,2,8,9,5,1,8,3,5,8,3,2,3,6,708.3,1,2
4,4,4,5,10,1,7,0,6,5,3,2,0,10,656.9,1,3
5,2,2,4,2,1,3,2,8,8,7,2,2,10,690.2,0,2
1,2,1,3,10,1,3,0,2,8,2,1,3,3,598.9,1,1
0,2,3,1,2,2,5,0,7,6,1,2,0,4,614.8,1,2
1,2,5,5,4,2,7,6,3,7,2,2,2,5,643.1,1,1
2,5,10,10,10,2,9,3,1,6,1,2,1,1,654.4,1,2
0,3,0,1,2,1,9,6,7,8,1,1,1,8,630.5,0,3
2,4,7,10,10,2,8,3,10,8,10,2,0,4,699.1,0,2
1,2,3,3,10,2,5,0,7,7,3,2,2,5,630.3,0,2
1,3,6,8,10,2,6,8,4,6,2,2,0,1,621.0,0,2
5,5,2,5,3,2,3,4,10,7,5,1,7,10,636.0,1,0
4,3,5,2,6,1,5,0,10,8,5,1,3,2,624.3,1,1
4,2,5,7,10,2,5,8,2,8,4,2,3,7,666.9,1,2
3,5,4,4,10,1,6,5,8,8,8,2,3,2,668.1,0,0
2,1,2,2,4,1,3,3,4,6,6,2,1,5,631.2,0,1
1,2,2,5,10,1,4,7,10,4,2,2,1,5,667.7,0,2
3,4,5,10,10,1,3,5,7,4,2,1,2,10,680.7,0,0
4,2,5,4,4,2,6,1,1,7,4,2,2,5,646.1,1,2
2,1,6,1,2,1,8,5,9,8,0,2,2,6,688.7,0,3
4,3,5,0,10,1,4,1,8,7,1,2,1,10,673.0,0,2
5,3,9,9,7,1,6,5,5,7,0,2,8,7,728.5,1,3
2,1,3,2,4,2,7,3,8,6,0,2,3,7,657.5,0,1
5,5,3,3,3,1,8,5,10,5,1,2,5,10,674.7,1,1
3,1,8,10,9,2,5,5,10,7,1,2,1,10,705.7,0,2
1,3,5,1,2,1,4,1,5,7,6,1,2,6,612.9,1,0
0,2,3,10,10,2,2,0,3,9,2,1,5,0,595.9,1,2
2,3,6,5,6,2,4,4,4,5,1,2,5,5,668.4,1,1
1,5,3,6,5,2,5,5,5,8,6,2,8,4,636.9,1,1
1,5,2,3,2,2,8,1,5,6,7,1,1,0,568.5,1,1
5,1,10,5,4,1,6,2,3,7,2,2,5,10,721.3,1,2
5,1,3,10,5,1,7,1,5,7,0,2,6,10,725.1,1,3
1,3,2,1,10,2,5,1,7,4,5,2,1,4,641.6,0,0
3,1,0,10,10,2,8,2,8,8,0,2,2,10,703.8,1,2
1,2,5,2,4,2,9,5,4,8,5,2,4,8,648.6,0,1
5,3,4,4,10,2,1,1,6,7,2,2,1,2,650.5,0,3
4,4,4,10,10,2,5,8,1,7,1,2,7,10,688.6,1,3
3,4,8,6,10,1,4,3,3,2,4,1,1,5,648.9,1,0
1,5,3,3,4,2,5,0,6,6,3,1,1,0,575.5,1,1
1,2,2,0,2,1,3,1,3,6,0,2,3,7,629.3,0,1
2,3,10,6,10,1,7,7,7,6,6,2,3,7,699.8,1,0
5,3,5,3,6,1,9,9,8,7,0,2,10,8,746.1,0,0
2,2,8,4,4,2,3,3,8,8,1,1,3,10,647.7,1,3
4,5,8,8,5,2,5,3,10,7,5,2,3,5,685.3,1,2
3,2,10,7,5,1,7,3,8,8,1,2,8,5,714.0,1,1
2,3,5,3,6,1,7,6,9,6,3,2,6,8,690.0,0,1
1,5,3,2,10,2,7,3,8,6,10,1,0,3,592.9,1,1
5,2,3,6,3,1,7,3,10,7,1,2,3,8,673.4,0,1
4,3,5,1,3,2,3,2,4,8,2,2,0,4,635.0,1,1
3,4,5,2,6,1,2,3,4,8,10,2,0,0,628.2,1,2
3,3,6,4,3,1,2,0,5,8,7,1,4,10,608.0,0,1
1,0,5,7,4,1,5,0,10,7,3,2,1,5,680.2,1,2
5,3,5,5,10,1,8,2,8,8,1,2,5,7,669.8,0,0
2,5,2,0,3,1,5,4,5,6,6,1,2,10,607.6,1,1
3,4,6,10,4,1,7,7,3,7,5,2,2,10,706.0,1,2
4,5,4,10,9,2,9,6,7,9,0,2,6,10,736.1,1,2
1,1,5,10,6,1,7,6,4,7,1,2,6,7,719.8,0,2
1,4,3,9,3,2,3,3,7,6,9,1,1,5,580.8,1,1
5,5,5,8,10,1,10,5,4,8,3,1,0,10,697.9,1,1
4,4,10,10,10,1,7,4,5,7,1,2,5,4,728.5,1,1
0,3,2,2,10,2,9,2,6,10,2,2,4,10,663.0,1,3
3,4,8,5,5,2,5,4,5,6,3,2,2,6,684.1,0,1
4,3,10,10,10,2,8,4,7,8,0,1,4,10,713.8,1,2
2,4,5,10,5,2,1,2,4,8,4,2,2,3,629.9,1,2
3,4,5,3,10,1,8,2,8,8,0,2,2,4,686.8,1,1
3,1,3,4,5,1,5,1,8,6,2,2,1,10,660.9,1,3
3,3,8,10,10,2,8,3,10,6,2,2,6,10,705.5,1,3
1,5,5,10,10,2,3,0,6,5,0,2,10,2,665.4,1,3
3,2,7,5,10,1,8,3,10,8,2,2,3,7,721.2,0,1
1,4,4,10,4,1,1,1,2,7,8,1,3,8,625.9,0,1
2,3,4,3,1,1,5,3,4,8,5,1,3,4,624.8,0,1
4,5,6,10,10,2,8,2,9,6,0,2,10,4,705.3,1,3
5,1,3,9,5,2,10,8,8,7,1,2,5,2,734.2,0,3
0,5,2,10,10,2,4,5,3,4,1,1,4,10,608.5,0,3
3,1,8,4,5,2,10,4,6,7,2,2,6,10,696.4,0,1
2,1,1,9,7,1,8,2,4,7,2,2,5,3,670.5,0,2
2,3,6,7,5,1,5,7,5,8,3,2,7,4,670.9,0,1
3,4,5,5,5,2,5,3,5,7,1,2,2,2,641.8,0,2
2,3,5,2,10,2,10,3,10,7,6,2,3,4,671.7,1,2
4,3,10,7,10,1,8,8,8,7,1,2,7,6,759.7,0,0
1,5,2,1,8,2,3,0,1,6,9,1,3,7,554.1,1,0
3,3,5,6,10,2,10,8,9,9,3,2,6,6,722.9,0,0
4,1,3,3,10,1,2,1,5,8,1,2,4,5,672.6,0,0
1,1,3,4,3,1,8,4,10,8,3,2,3,7,671.9,0,0
2,4,10,3,10,1,3,0,7,7,7,2,3,10,691.5,1,0
4,5,6,10,10,1,3,3,10,7,3,1,5,10,688.7,0,0
4,4,10,10,10,1,9,2,10,7,1,2,2,4,710.8,0,0
4,5,5,0,4,2,7,3,8,7,1,1,4,2,606.7,1,0
5,5,5,0,10,1,5,1,1,7,10,1,1,0,603.6,1,0
5,1,4,2,4,1,5,1,4,7,4,2,2,7,667.1,1,1
2,4,4,2,1,1,1,1,4,4,0,1,1,7,591.7,0,3
5,1,4,4,3,1,10,2,6,7,3,2,2,4,698.1,1,3
1,3,2,5,10,1,7,1,5,7,4,1,0,5,628.2,1,2
4,3,1,10,4,2,7,2,3,5,3,2,1,7,649.5,1,2
2,4,8,10,10,2,5,3,3,7,0,2,5,5,668.6,1,2
3,4,8,8,10,2,5,3,5,7,3,1,4,5,652.0,1,3
1,3,4,4,4,1,6,1,1,7,5,2,1,3,615.5,1,2
5,1,5,10,6,1,7,2,9,9,1,2,7,10,746.7,0,3
5,5,0,10,3,1,9,2,10,6,10,2,1,10,698.7,1,3
5,2,10,10,10,2,10,10,9,8,1,2,10,10,772.0,0,2
5,3,3,10,5,1,9,2,8,6,4,2,2,9,681.3,1,2
5,3,3,4,5,2,8,0,2,8,10,2,3,2,634.6,1,1
2,3,4,4,5,1,4,1,2,7,3,1,2,7,627.6,0,1
3,1,7,10,2,2,3,3,3,8,1,2,5,10,696.0,1,3
1,3,10,10,10,1,6,3,10,7,4,2,3,4,668.3,0,3
5,1,7,10,8,1,9,6,10,9,1,1,6,10,726.5,1,1
1,5,1,3,2,2,3,1,5,5,7,2,1,2,564.9,1,2
2,4,3,3,8,1,5,3,5,7,2,2,2,8,670.7,1,1
2,4,4,3,8,1,5,3,5,7,2,2,2,8,674.1,1,1
5,1,10,10,8,1,5,3,10,7,1,2,8,10,744.8,1,3
2,5,10,10,10,2,10,5,7,7,3,2,10,7,694.9,1,2
4,4,4,2,5,1,5,2,4,8,6,2,8,3,653.7,1,1
5,3,4,5,4,1,5,4,9,8,2,2,4,3,676.8,1,3
5,3,6,5,7,1,6,6,10,8,0,2,6,5,733.1,1,3
3,3,6,10,10,2,7,3,5,8,1,2,4,10,694.7,0,2
3,2,6,10,10,2,8,5,8,7,1,2,4,10,742.7,0,3
1,4,7,3,7,2,5,3,5,7,2,2,5,4,667.3,0,3
3,2,8,10,7,2,5,2,5,5,1,2,2,5,704.3,0,3
2,4,5,5,5,1,3,1,10,7,10,2,1,5,644.5,0,3
1,4,0,1,4,1,4,1,7,5,9,1,0,10,565.3,0,1
1,3,7,1,5,1,5,0,5,8,6,2,1,8,653.9,0,1
4,2,4,5,4,1,3,5,6,6,1,1,2,2,648.6,1,1
5,3,7,5,6,1,5,2,10,7,2,2,3,8,705.7,1,2
2,1,4,2,5,1,7,2,10,6,0,2,2,7,681.7,0,1
3,1,1,1,2,1,3,2,7,8,0,2,10,10,667.9,0,1
1,1,2,10,7,1,7,1,3,8,3,2,2,7,694.3,1,1
1,1,7,1,1,2,5,3,2,4,1,2,1,10,627.0,1,2
2,0,2,0,10,2,6,1,2,8,0,1,0,10,610.8,0,1
5,3,10,10,3,2,5,6,8,8,3,2,1,7,710.6,1,3
5,4,9,9,6,1,9,8,5,8,0,2,3,10,735.5,0,1
5,2,4,3,4,2,8,6,7,8,1,2,6,3,674.7,1,2
3,2,4,5,2,2,4,0,10,7,1,2,1,1,627.5,1,2
2,1,4,10,2,1,8,1,8,7,1,1,1,10,664.5,0,2
2,1,4,2,3,1,3,4,6,9,0,2,0,8,650.9,1,3
5,0,3,4,0,2,10,7,10,7,0,2,8,10,726.1,1,3
4,2,6,7,10,1,9,5,9,9,2,2,7,5,728.0,1,1
4,2,8,5,5,2,6,2,6,6,1,2,1,10,663.9,1,1
0,5,7,3,1,1,0,1,5,6,10,1,1,3,571.9,0,2
2,3,10,5,5,1,7,6,5,6,10,2,2,10,702.8,1,0
1,1,2,0,10,1,0,3,2,3,1,2,1,4,621.7,1,2
3,4,4,8,4,2,0,0,7,6,5,1,1,0,572.3,0,2
3,2,8,1,6,2,1,8,7,6,4,2,7,7,645.4,0,0
3,1,10,0,10,2,7,6,10,9,0,2,6,3,701.0,1,1
4,2,7,1,8,2,0,6,6,6,3,2,8,6,648.6,0,0
2,2,7,5,6,2,2,2,3,7,3,2,2,4,626.1,0,2
2,4,6,10,7,2,7,4,10,7,5,2,3,6,685.3,0,2
3,2,10,5,10,1,4,8,6,8,5,1,6,6,671.1,0,1
2,2,10,8,10,1,5,8,7,8,5,1,6,6,666.2,0,1
3,1,7,1,8,1,4,5,5,6,1,2,6,6,655.2,0,0
2,0,9,10,10,2,10,7,1,8,0,2,8,10,746.6,1,3
2,4,3,3,5,1,5,1,10,5,5,2,0,5,645.8,1,2
1,5,5,6,3,1,0,1,4,7,5,1,1,1,585.5,1,1
2,0,1,5,2,1,2,0,3,7,0,2,0,6,643.1,0,3
1,3,2,3,10,1,2,2,1,7,4,1,1,1,603.6,1,1
1,4,7,5,6,2,5,5,2,5,1,2,1,3,640.8,0,1
2,4,10,9,9,1,7,3,5,8,3,2,5,3,662.4,1,2
4,0,6,4,5,1,5,2,5,8,0,2,2,10,704.9,1,3
5,4,5,10,10,2,7,2,6,7,3,2,1,4,672.6,1,3
5,4,5,10,10,2,4,2,6,7,1,2,1,3,652.2,1,3
5,5,3,6,4,1,1,2,4,6,0,1,1,10,636.3,1,3
2,5,4,5,2,2,1,2,5,7,8,2,1,8,607.8,1,2
2,0,5,4,4,1,6,2,1,8,2,2,2,4,661.6,1,1
1,2,7,5,5,2,7,3,3,9,2,2,0,2,628.2,1,1
2,4,6,4,8,1,7,2,6,7,4,2,1,8,664.1,0,1
3,1,10,10,5,2,7,3,9,8,3,2,3,10,734.6,1,2
1,4,2,7,7,1,6,7,3,9,7,2,4,8,665.6,0,1
5,2,10,7,7,1,10,2,10,7,3,2,2,10,727.8,0,3
3,3,8,7,5,2,6,9,8,7,2,1,8,7,661.1,1,2
3,3,3,3,3,2,3,3,3,3,3,2,3,3,611.7,0,2
4,4,4,4,4,1,4,4,4,4,4,2,4,4,651.2,0,0
5,2,5,3,10,1,5,1,10,7,3,2,1,4,673.4,1,3
5,1,6,7,10,1,7,5,7,8,1,2,2,10,735.9,0,2
3,0,4,4,2,1,7,3,7,7,0,2,2,10,713.6,1,3
5,3,7,8,6,1,5,0,2,10,4,2,4,10,658.8,1,0
1,1,3,0,5,1,7,2,2,7,1,2,1,0,622.5,0,1
0,2,4,5,8,1,7,1,2,9,2,2,1,10,660.3,0,0
4,5,8,6,9,2,9,9,7,8,6,2,7,9,717.2,0,2
3,4,7,5,6,1,5,6,7,7,8,2,7,6,674.5,1,1
4,5,5,2,10,1,9,8,10,8,10,1,9,5,682.1,1,1
5,2,5,4,6,1,8,2,6,8,5,2,1,10,698.3,1,2
2,2,5,2,5,1,5,1,8,9,0,2,1,10,680.2,0,1
5,3,4,7,5,1,4,0,10,8,7,1,0,8,629.4,0,2
2,4,3,6,2,2,7,0,8,6,3,2,0,5,628.6,0,3
5,3,4,7,5,1,4,0,10,8,7,1,0,8,629.4,0,2
2,4,4,6,2,2,7,0,6,6,2,2,0,2,624.8,0,3
5,3,5,6,7,2,8,2,8,7,1,2,1,7,686.6,1,3
5,0,2,6,4,2,9,2,3,8,0,2,3,10,684.1,1,3
3,5,2,1,3,2,4,4,2,7,1,2,2,8,620.8,1,2
5,2,4,10,6,1,8,5,6,6,1,2,5,8,713.2,1,3
3,2,5,4,2,1,8,3,5,7,0,2,3,10,648.6,1,2
5,3,8,10,5,1,3,2,10,7,5,2,2,5,732.9,1,3
5,1,6,7,10,2,7,7,3,7,3,2,7,4,706.0,1,2
1,2,10,10,10,1,10,5,5,7,0,2,1,10,716.6,0,3
3,2,8,9,5,2,8,3,9,6,0,2,7,7,703.6,1,3
3,1,4,3,2,1,9,1,3,7,1,2,4,4,665.2,1,3
1,4,1,10,10,1,7,0,7,7,2,2,1,10,672.8,1,1
2,3,10,2,2,1,4,2,5,7,1,2,4,9,669.0,0,1
4,1,10,10,2,1,2,8,2,9,0,1,4,10,718.1,1,1
4,1,4,5,10,2,7,4,9,9,0,2,3,5,714.4,0,1
3,2,5,8,10,2,10,10,3,7,1,2,9,10,724.7,0,3
2,5,5,7,10,2,0,0,3,6,10,2,0,0,574.9,1,2
2,1,10,3,3,1,7,3,10,8,1,2,3,10,731.4,1,2
2,1,10,8,5,2,5,3,5,7,2,2,2,7,691.1,0,3
2,1,2,3,7,2,4,2,7,9,1,1,1,5,596.7,1,1
1,3,5,2,10,1,10,5,9,8,3,2,3,7,683.6,0,0
2,4,5,6,3,2,9,6,5,8,4,2,1,4,616.5,1,3
1,5,5,3,8,1,2,2,8,6,3,2,1,3,632.0,0,1
5,1,7,5,4,1,8,1,7,8,0,2,2,10,717.2,1,1
5,4,10,10,10,1,9,10,8,9,5,2,10,10,787.3,1,2
2,5,3,3,10,1,2,3,7,7,3,2,3,1,669.4,1,1
2,1,2,2,9,2,8,2,10,8,2,2,3,7,680.4,0,2
2,3,10,10,4,1,7,1,8,6,4,2,1,7,671.1,0,2
2,1,7,10,6,2,6,1,8,8,1,1,7,7,666.4,1,2
2,3,3,3,10,1,6,5,9,7,1,1,2,4,661.3,1,1
3,2,8,10,10,1,5,6,8,7,4,1,9,3,690.0,1,1
1,4,4,2,5,1,3,2,4,8,0,2,4,2,631.6,0,1
4,1,10,4,3,2,3,2,6,8,2,1,3,5,645.6,1,1
5,3,4,2,2,2,6,2,4,7,2,2,4,10,663.7,1,1
3,5,5,2,10,1,4,4,4,9,5,2,3,7,660.7,1,1
2,3,2,4,2,2,5,2,3,9,2,1,6,10,611.2,1,2
1,4,10,4,5,1,10,2,8,6,3,2,4,1,677.9,0,1
5,4,1,10,10,1,10,1,10,8,0,2,1,5,717.8,1,2
1,4,4,1,3,1,4,4,5,6,7,2,2,4,622.9,0,1
2,0,4,7,7,1,9,2,5,9,3,2,3,9,688.1,1,2
1,4,6,1,2,1,5,3,6,8,7,1,0,3,604.8,1,1
3,2,4,10,10,2,8,8,3,7,3,2,6,5,675.4,1,2
5,1,6,7,7,1,7,7,7,8,0,2,8,9,742.7,1,1
5,3,5,8,5,1,10,2,10,7,2,2,2,10,717.6,1,1
5,4,8,6,8,1,5,4,9,8,4,2,7,10,731.2,0,2
3,5,10,2,10,2,0,1,8,10,8,2,2,7,639.6,0,1
3,2,8,10,10,1,4,10,5,8,3,2,8,10,749.1,1,1
5,1,8,10,10,1,4,3,6,8,0,2,4,10,715.3,1,2
3,4,10,5,4,1,3,2,8,8,5,2,2,7,666.4,0,1
4,0,8,6,5,1,9,5,2,9,0,2,2,8,711.3,0,1
3,3,10,8,6,1,2,3,10,8,0,2,5,8,743.3,1,2
2,2,7,5,5,1,4,3,8,7,0,2,4,10,712.1,0,1
5,5,5,5,10,1,9,2,6,8,3,1,8,10,694.9,1,1
3,1,7,8,6,1,8,5,10,8,7,2,4,10,724.6,1,1
3,5,4,5,10,1,5,3,5,6,6,2,3,7,689.2,0,0
4,3,8,10,10,1,9,8,8,8,0,2,5,6,744.6,1,1
1,3,1,10,10,1,4,1,5,7,1,2,3,10,670.7,0,1
2,3,6,0,10,1,8,3,3,8,4,2,0,4,653.5,1,2
1,3,2,0,3,1,2,1,2,8,1,2,0,5,597.2,0,1
4,2,7,7,10,2,6,1,8,7,1,2,5,2,700.2,1,2
4,4,8,10,3,1,5,2,2,7,5,1,3,5,654.8,1,1
5,1,10,10,8,1,10,2,10,7,2,2,1,5,741.4,1,3
3,4,3,3,10,1,8,1,10,8,7,2,3,10,678.7,1,1
3,2,5,5,6,1,8,3,1,6,2,2,6,3,688.4,1,1
1,4,10,10,3,1,8,8,7,7,3,2,7,8,720.4,1,3
2,4,5,8,10,2,3,3,6,7,1,2,5,7,674.3,0,2
2,4,6,7,4,1,3,0,6,7,7,2,2,7,640.3,1,1
1,2,7,10,10,2,8,8,3,7,1,2,10,10,699.2,1,3
2,4,7,10,10,2,3,3,5,7,3,2,4,7,674.1,0,2
3,2,2,0,2,2,4,4,8,6,2,2,1,1,604.8,0,3
2,4,6,10,10,2,5,0,4,8,2,2,1,2,658.8,1,3
5,2,7,2,3,2,7,1,8,7,2,2,1,10,696.8,1,2
2,3,8,7,5,1,7,3,2,7,5,2,3,10,661.6,1,1
3,3,2,1,4,1,7,3,6,7,3,1,1,1,596.1,1,1
4,3,10,2,10,1,3,3,5,8,4,2,3,5,701.5,1,2
3,2,10,5,10,1,9,1,5,8,8,2,3,8,710.0,1,2
3,1,10,4,5,1,7,0,10,7,2,2,1,2,678.5,1,2
5,2,5,8,10,1,8,4,5,8,1,2,7,7,742.3,1,2
1,4,8,10,6,2,7,5,4,5,3,2,5,5,693.9,0,2
2,4,1,3,8,2,8,0,5,6,0,2,1,1,624.6,0,3
3,2,10,7,6,1,8,2,8,9,5,2,0,6,697.2,1,1
5,3,5,4,10,1,5,1,10,8,3,2,2,7,665.1,1,2
3,1,2,10,4,1,5,1,3,9,2,2,6,10,699.6,1,1
3,5,6,4,3,2,6,1,7,8,3,2,3,3,647.5,1,1
1,5,6,2,5,1,10,2,8,5,1,2,1,5,670.9,1,3
5,3,8,10,6,1,7,1,10,6,4,2,4,10,724.2,1,1
2,3,5,10,10,2,2,8,3,9,3,2,4,10,672.4,1,2
4,2,3,10,3,1,7,3,6,8,3,2,8,7,696.6,1,2
1,4,5,3,8,2,10,5,6,7,2,2,1,10,703.2,1,2
2,3,2,2,2,1,7,2,5,7,2,2,3,6,655.4,1,0
3,3,5,10,2,2,2,2,3,7,1,1,0,2,614.2,1,2
3,2,10,5,7,2,7,1,6,7,7,2,1,10,653.9,1,2
4,2,10,5,10,2,9,4,10,5,10,2,3,7,690.0,0,1
3,1,10,5,10,1,4,6,5,9,3,1,3,4,694.9,1,0
3,2,10,8,10,2,10,5,10,8,1,2,6,10,717.8,1,0
5,5,6,8,10,2,5,1,6,7,4,2,1,8,694.7,0,2
3,2,10,10,10,1,10,3,10,10,1,1,2,10,726.7,0,0
2,1,2,2,3,2,5,0,8,7,10,2,1,5,628.8,0,2
3,1,6,6,6,1,5,1,5,6,2,2,6,10,707.9,0,3
3,1,10,5,10,1,10,3,10,9,1,1,3,10,719.7,0,0
3,2,5,7,6,1,9,2,6,7,10,2,0,7,670.9,1,3
2,5,7,2,3,1,4,1,5,7,6,2,2,3,623.1,0,2
4,3,5,4,10,2,8,3,4,7,4,2,9,7,696.0,1,2
5,2,3,10,5,2,5,5,2,8,5,2,2,3,665.2,1,3
2,3,10,10,10,2,3,2,3,7,0,2,6,4,689.0,0,3
5,5,5,10,10,2,5,2,5,6,1,2,3,2,667.1,1,2
5,3,5,5,7,1,8,2,10,8,4,2,6,6,714.4,1,2
2,2,5,2,2,1,5,2,6,6,0,2,2,7,652.0,0,1
5,5,3,0,10,1,0,2,2,6,5,2,0,4,617.2,1,3
5,1,6,10,9,1,8,5,5,6,0,2,1,5,728.3,0,3
3,4,5,6,5,1,4,1,5,7,6,2,4,8,653.7,1,2
3,3,4,7,3,2,1,2,5,8,1,2,2,7,655.6,1,2
4,3,10,6,5,1,5,3,3,8,0,2,8,9,709.6,1,1
1,5,0,0,10,2,4,4,1,8,5,2,0,10,588.5,1,1
1,5,0,3,5,2,1,3,2,5,4,2,0,5,559.2,0,2
5,4,6,4,10,1,7,0,5,7,0,1,2,7,645.2,0,1
3,3,3,9,10,2,8,1,6,8,2,2,6,7,691.5,0,3
4,2,7,9,7,1,8,5,10,8,4,2,7,10,748.4,0,2
2,4,7,4,7,2,3,1,5,6,5,1,2,3,607.6,1,1
2,5,5,0,3,2,0,0,1,8,5,1,1,6,564.7,1,1
5,3,6,10,10,1,7,1,8,7,3,2,4,6,739.3,1,2
3,1,9,10,10,1,5,3,2,9,0,1,10,10,706.2,1,2
2,4,3,7,10,1,5,5,9,7,1,1,8,3,680.0,1,2
2,4,10,10,6,1,4,1,5,6,10,2,1,10,673.9,0,2
2,3,5,3,3,2,9,2,7,8,2,2,2,7,673.0,0,2
4,3,5,5,7,1,7,4,3,7,5,2,5,9,685.6,1,2
5,5,5,5,4,1,9,2,10,8,1,2,2,7,699.1,1,3
1,1,5,3,7,1,6,1,10,7,0,2,0,9,663.2,0,1
3,4,2,5,10,1,4,1,3,7,2,2,1,1,646.5,0,2
3,3,8,10,5,1,8,3,6,6,4,2,4,5,701.3,0,3
4,3,10,10,8,1,5,2,9,8,1,2,4,3,709.1,1,0
4,1,6,10,10,1,6,3,4,7,0,2,1,10,714.7,1,3
3,3,4,5,9,1,6,3,9,5,1,2,2,10,705.1,0,3
4,3,3,2,5,2,5,1,7,7,2,2,2,2,620.1,0,2
3,4,10,10,10,1,10,6,9,7,0,2,10,6,749.7,0,1
4,3,8,6,7,1,5,2,10,6,5,2,5,4,693.6,1,2
4,3,10,10,10,1,7,3,7,8,1,2,8,4,717.2,1,2
2,1,10,4,10,1,9,2,6,8,4,2,6,8,720.4,0,3
3,3,10,6,7,2,8,2,8,7,1,1,1,10,676.4,1,1
5,4,5,6,4,1,9,2,10,8,6,2,1,8,712.7,1,1
3,2,6,1,10,2,7,2,5,6,1,2,2,6,680.7,0,3
4,4,1,2,1,1,1,0,4,8,3,2,3,3,616.3,0,2
0,0,9,0,4,1,0,1,1,10,10,2,10,2,616.1,0,0
3,2,10,10,10,2,8,1,9,7,3,2,8,10,736.1,1,2
4,4,6,5,6,2,5,3,6,8,7,2,0,8,681.3,0,3
0,4,4,2,3,2,4,0,7,8,10,1,1,6,574.4,0,0
4,3,10,5,10,2,8,7,6,7,3,2,8,5,713.4,1,3
3,3,7,5,10,2,6,6,6,7,3,2,8,5,698.1,1,3
2,1,10,6,10,2,5,2,10,8,1,2,8,10,734.8,0,3
3,3,4,3,4,2,7,2,3,7,1,2,3,4,629.5,1,3
2,5,0,5,8,2,2,1,3,5,3,2,1,1,588.3,1,2
3,4,4,3,6,1,2,1,1,7,3,2,0,3,644.4,1,2
2,4,3,4,5,2,7,5,4,7,1,2,8,5,667.1,1,1
5,1,4,10,10,1,6,6,2,8,2,2,3,10,724.7,1,1
5,2,4,10,5,1,6,5,2,8,2,2,3,10,704.3,1,1
4,4,8,10,8,1,7,4,10,7,0,2,5,10,748.2,1,3
5,0,10,10,10,1,10,10,10,10,10,2,10,10,786.2,1,3
5,5,10,10,10,2,10,10,10,10,10,2,10,10,752.2,0,3
0,3,5,4,4,1,4,1,1,7,4,1,0,0,607.0,1,0
4,3,10,8,10,2,7,8,4,7,0,1,2,3,639.9,1,3
5,4,2,7,6,1,3,1,6,6,3,2,0,4,633.3,1,1
5,4,8,10,3,2,10,2,10,8,0,2,0,10,692.3,1,3
5,1,3,10,7,1,7,4,8,7,7,2,5,10,701.9,1,1
4,1,6,8,2,1,8,2,10,7,5,2,2,5,685.3,1,2
4,0,7,5,3,1,7,2,10,7,1,1,4,10,675.1,1,1
2,1,4,4,3,1,7,1,2,9,0,2,1,6,677.3,1,1
3,3,7,5,5,1,8,6,10,8,0,2,5,10,726.3,0,1
5,1,6,10,10,2,9,4,10,8,0,2,6,5,753.5,1,3
5,4,6,10,10,1,3,1,2,7,3,2,2,9,695.6,0,2
5,1,10,5,10,2,7,3,10,5,0,2,2,10,693.4,0,1
4,1,7,7,3,1,8,2,2,9,0,2,0,4,699.4,1,3
3,0,6,7,4,1,7,8,9,9,0,2,1,9,739.9,1,3
4,2,3,1,1,1,3,4,1,7,6,2,4,7,635.9,1,1
1,3,4,1,1,1,7,2,1,5,6,1,1,10,589.6,0,1
0,2,5,1,4,1,9,2,4,8,4,2,2,7,645.2,1,3
5,5,5,10,8,2,8,4,5,6,8,2,4,5,684.1,1,3
3,0,10,4,2,2,10,4,10,8,0,2,10,10,716.1,0,3
0,2,8,10,10,1,7,7,8,8,0,2,7,7,737.8,1,3
1,3,5,2,4,1,9,2,3,8,3,2,2,7,653.5,1,3
1,3,5,5,3,1,4,3,4,6,2,2,4,10,660.1,1,1
5,3,1,5,5,2,7,2,2,7,0,2,2,8,661.6,0,1
2,2,3,5,10,1,9,4,7,7,1,2,3,4,703.4,0,2
4,5,5,3,5,1,3,1,2,6,1,1,1,3,625.7,1,2
3,1,6,6,4,1,4,3,5,8,1,2,5,10,703.2,1,1
2,1,6,3,3,1,10,2,6,8,0,1,4,10,669.4,1,3
2,2,7,1,4,1,10,3,9,7,2,2,0,7,690.2,1,2
1,5,5,6,2,2,6,0,8,10,0,1,0,6,610.7,1,2
2,2,5,1,7,1,6,6,4,7,2,2,2,5,665.4,0,1
5,5,1,1,2,1,3,0,10,8,1,2,0,10,648.1,1,2
5,3,10,10,7,1,8,10,8,9,5,2,10,10,773.7,1,3
1,1,0,1,0,2,8,5,7,7,2,2,2,2,625.2,1,3
3,1,5,10,10,1,7,2,10,6,3,2,2,10,731.0,0,3
4,3,6,2,6,2,3,3,7,6,10,2,3,7,652.2,1,3
3,3,4,10,10,2,7,5,7,5,5,2,10,5,699.6,1,2
2,4,3,3,3,1,3,1,4,7,10,2,1,5,592.3,0,2
5,3,9,4,9,2,2,2,8,7,3,1,1,5,625.4,1,2
5,1,10,10,10,1,5,3,10,8,5,2,5,10,724.6,1,3
5,4,3,7,3,1,8,4,8,8,2,2,3,8,676.6,1,3
1,2,5,7,8,1,4,5,10,8,1,1,3,7,660.0,0,1
3,4,2,4,10,2,5,0,10,8,7,2,1,2,631.1,1,2
5,3,6,6,2,1,4,2,5,8,2,1,5,10,659.0,1,2
5,1,4,3,5,1,7,1,5,8,2,2,3,5,703.2,1,1
2,5,10,10,10,1,8,10,10,6,0,2,10,4,771.8,0,2
3,1,5,3,3,1,5,1,6,7,3,2,0,8,687.9,0,2
3,1,5,6,6,1,9,3,5,8,0,2,6,7,716.8,0,3
3,4,8,10,10,2,8,4,9,6,1,2,5,3,710.4,1,2
2,5,3,1,4,1,7,5,6,7,4,2,1,10,630.1,1,1
4,5,8,3,9,1,7,6,8,8,3,2,9,7,686.8,0,1
5,2,3,10,6,1,9,5,6,7,0,2,4,5,716.8,1,3
4,1,5,10,5,1,8,3,3,8,2,2,6,10,730.0,0,2
2,3,10,7,7,2,8,5,5,6,3,2,4,10,682.4,1,3
2,1,10,10,8,1,5,2,10,7,1,2,4,10,738.0,0,2
4,3,6,3,5,2,8,3,10,7,1,2,1,8,685.3,1,2
2,4,7,10,10,2,3,3,5,7,3,2,4,7,674.1,0,2
5,2,10,8,10,1,10,5,7,8,1,2,3,10,751.2,1,2
5,1,4,7,5,1,8,2,5,7,2,2,3,10,713.2,1,3
3,4,4,10,10,1,6,5,6,7,1,2,1,3,696.4,1,3
2,4,7,10,10,2,8,5,7,8,0,2,2,10,701.9,0,3
2,5,6,3,5,1,2,3,1,7,4,1,0,0,601.9,1,2
3,3,7,7,5,1,6,2,8,7,0,1,4,9,686.6,0,0
5,3,10,10,8,1,4,2,7,7,2,2,1,3,700.0,1,1
2,5,4,3,10,2,0,1,8,6,5,1,1,3,596.3,0,2
3,4,10,10,10,2,4,7,5,8,0,2,10,6,715.1,1,2
5,2,2,4,2,2,3,1,7,7,5,2,1,10,662.6,1,3
5,1,8,7,3,1,9,3,8,7,1,2,4,10,754.6,0,3
1,3,3,0,8,1,8,2,6,8,0,2,0,3,635.4,1,1
3,3,1,2,2,2,2,0,3,8,10,2,0,10,582.1,1,2
2,5,7,8,5,2,0,2,1,10,1,2,1,7,622.9,1,3
2,3,5,7,4,2,8,4,6,8,3,2,1,5,652.4,1,1
5,1,7,10,6,1,9,6,10,8,2,2,10,10,772.2,1,2
3,4,2,4,8,1,5,5,1,7,8,2,3,5,637.6,1,2
5,3,7,9,9,1,6,8,5,8,6,2,10,8,745.7,1,3
3,3,5,3,3,1,5,3,8,6,3,2,2,3,654.1,1,1
3,1,5,10,10,2,5,6,10,7,0,2,5,5,715.9,1,1
3,3,8,10,4,1,7,4,6,8,2,2,3,7,700.0,1,3
2,2,5,10,2,1,7,5,8,8,3,2,7,10,693.6,0,1
0,0,2,6,2,1,9,0,10,10,1,2,3,10,692.7,1,1
2,1,8,8,10,1,5,7,10,6,1,1,4,5,710.6,1,2
2,5,10,10,10,2,1,4,1,7,5,2,8,10,652.9,1,3
5,2,10,10,3,1,8,4,10,7,1,2,2,10,743.1,0,2
4,4,10,7,10,2,7,3,4,6,5,1,6,5,665.2,1,3
4,3,6,8,10,1,5,3,10,7,2,2,3,5,693.8,0,1
5,0,6,3,4,1,6,2,10,5,2,2,3,4,707.0,1,3
2,0,5,10,4,2,10,1,5,9,2,2,1,5,698.3,1,3
5,5,2,0,8,1,7,3,5,7,10,2,6,10,628.2,0,1
5,2,10,4,10,1,6,3,9,7,0,2,4,10,749.7,0,3
3,3,5,1,8,2,10,5,3,5,1,2,1,6,671.6,0,0
5,5,3,10,6,2,7,0,10,4,0,2,8,1,664.3,1,3
2,1,2,7,10,1,4,3,10,8,3,2,1,2,695.7,1,0
3,3,5,6,10,1,9,6,7,7,2,2,2,8,703.4,0,0
3,5,1,10,2,1,9,2,6,10,1,2,1,10,664.7,1,3
5,4,5,6,1,2,3,2,1,9,1,2,2,10,639.7,1,3
4,4,2,5,2,2,0,2,1,9,1,2,2,8,632.9,1,3
4,4,2,4,3,1,8,2,2,7,6,2,6,7,634.4,0,0
3,3,5,5,6,2,5,4,8,6,1,2,9,5,683.0,0,3
3,3,8,2,8,1,9,2,4,8,6,2,2,5,672.4,1,2
2,3,3,2,10,2,5,1,7,6,3,2,1,5,653.9,0,2
5,3,1,5,7,1,8,2,10,7,1,2,2,6,700.6,1,0
1,0,5,10,10,1,5,1,5,6,3,2,2,10,706.2,0,1
3,2,4,2,2,1,3,4,1,4,2,1,0,10,618.3,1,2
5,3,5,9,8,2,7,7,1,6,1,2,2,8,686.7,1,2
2,4,7,10,10,2,3,3,5,7,3,2,4,7,674.1,0,2
5,3,10,10,10,1,10,10,10,8,3,2,10,10,794.3,1,2
2,5,4,10,10,2,5,0,8,6,10,2,0,3,620.1,1,1
2,1,7,4,2,1,2,0,1,6,1,2,5,1,642.5,1,2
1,1,3,10,1,1,6,4,1,8,0,2,0,5,665.0,1,3
1,1,10,1,4,1,3,3,9,6,0,2,4,7,656.0,0,1
2,4,2,2,1,2,0,0,1,6,1,1,0,10,566.0,1,3
1,2,4,7,10,2,9,5,1,7,2,2,7,10,697.1,0,2
3,3,10,10,10,1,7,3,9,8,2,2,1,6,721.0,0,3
3,2,3,3,7,1,7,1,9,5,1,1,1,5,632.0,1,2
2,4,7,6,6,1,6,4,8,7,8,1,4,6,647.5,1,1
1,2,3,5,2,1,5,0,1,6,5,1,1,10,606.8,0,2
2,1,2,0,2,1,7,0,5,7,3,1,2,6,594.2,0,1
4,1,9,4,3,2,6,5,4,8,1,2,5,8,669.0,1,0
4,4,10,10,9,1,8,7,8,8,0,2,6,4,768.4,1,3
5,5,4,10,3,1,1,3,4,7,1,1,2,5,634.8,1,3
3,2,6,9,10,2,10,1,10,6,2,2,5,5,698.7,0,1
3,3,10,7,4,2,10,6,5,6,1,2,4,8,685.8,1,3
5,1,10,9,4,1,8,10,8,10,3,2,5,10,750.1,1,0
2,3,10,5,10,2,3,7,10,5,3,2,1,6,657.7,0,0
4,3,10,10,10,1,10,10,9,8,1,2,10,8,792.4,1,2
3,5,5,6,7,1,5,2,5,8,2,2,2,2,653.9,1,0
1,5,7,10,10,2,8,7,1,7,7,1,3,7,635.9,1,3
4,2,10,5,5,2,2,8,6,6,3,1,10,10,706.4,1,3
5,4,6,4,6,1,2,2,5,7,0,2,0,5,650.3,1,2
5,1,10,7,4,2,8,6,7,7,1,1,2,7,655.8,1,3
2,5,5,2,5,1,3,1,3,6,10,2,0,10,636.1,1,1
5,1,10,7,7,1,8,1,3,7,0,1,4,10,697.5,1,1
3,3,10,8,5,2,6,1,5,5,2,2,2,3,658.4,1,3
5,5,5,10,10,1,3,1,10,7,10,2,4,6,693.8,0,3
1,4,4,1,10,1,8,1,5,8,1,2,3,1,645.4,0,0
5,3,8,6,6,1,8,4,8,8,2,2,2,9,722.5,1,3
2,5,2,10,5,1,10,2,2,6,4,2,8,8,666.5,1,3
5,4,3,0,10,1,10,4,3,8,6,2,0,0,626.3,1,2
2,3,3,10,8,2,6,4,2,7,3,2,4,3,678.6,1,3
0,4,3,0,2,2,0,0,1,7,5,1,0,0,530.5,0,1
5,1,6,5,7,1,8,2,10,8,7,2,1,10,716.1,1,2
3,2,7,2,2,2,5,3,6,7,10,2,1,7,660.7,1,2
1,0,10,6,10,2,7,0,5,9,5,2,0,5,652.4,1,2
3,1,6,5,10,1,8,2,5,7,2,2,2,5,662.2,1,1
5,3,6,4,7,2,3,3,3,7,5,2,2,4,644.8,1,1
5,2,3,10,8,1,4,2,3,8,3,2,4,10,689.2,1,2
3,4,3,4,3,1,8,2,10,7,7,2,2,6,670.0,0,1
1,2,5,2,4,1,7,2,7,7,2,2,3,5,660.9,1,2
5,1,2,0,1,1,7,5,7,7,0,2,1,10,647.3,1,2
5,3,6,8,10,1,1,2,10,6,6,1,5,2,680.0,1,1
5,4,10,8,10,2,8,6,9,8,1,2,10,6,726.1,0,3
3,2,10,10,5,1,6,2,9,7,0,2,0,10,720.8,1,2
4,3,5,6,2,1,7,1,2,6,3,2,0,5,651.2,1,2
3,3,5,8,9,1,5,8,6,7,1,2,8,3,699.8,1,1
1,5,3,1,10,1,8,0,10,8,3,2,1,10,665.1,1,1
4,4,5,10,5,2,6,0,10,7,5,2,0,6,664.9,0,2
2,2,3,0,2,2,3,2,1,7,3,1,0,3,564.5,1,1
2,3,2,1,5,1,0,2,5,6,2,1,4,5,626.3,0,1
2,2,10,5,4,2,10,5,4,5,5,2,6,5,654.8,0,1
5,5,10,7,10,2,7,3,10,4,3,1,0,10,672.8,1,2
4,2,7,3,7,2,9,7,6,7,3,2,3,7,689.6,1,1
4,3,8,7,8,1,9,2,1,6,4,2,2,2,666.3,1,0
5,3,4,2,10,2,4,0,6,7,8,2,1,3,625.0,0,2
0,3,5,1,6,2,4,3,4,9,4,2,0,9,630.1,1,3
3,3,9,8,10,2,8,6,5,6,5,2,7,7,701.1,1,3
2,2,6,7,6,1,6,3,5,8,0,2,2,5,679.4,0,0
5,1,5,2,3,2,5,1,5,10,1,2,1,0,639.0,1,3
1,3,6,9,10,2,8,4,5,8,1,2,6,8,696.4,0,3
2,3,10,4,1,1,3,2,6,6,3,1,2,4,640.1,1,1
4,4,2,3,6,1,8,1,3,7,1,2,0,10,677.1,0,3
3,5,10,10,10,1,6,8,4,7,4,2,2,10,707.9,1,1
4,1,10,6,4,1,7,2,5,8,1,1,4,7,676.0,1,1
3,2,6,6,9,2,7,6,4,9,3,2,6,5,694.7,1,1
5,3,7,5,10,1,9,3,10,7,1,2,2,7,714.2,1,3
4,4,3,8,10,1,9,2,9,7,1,2,4,9,732.7,1,1
5,2,10,10,10,2,8,3,5,5,2,1,4,7,690.7,0,2
4,5,5,5,2,2,9,6,5,8,1,1,1,2,640.3,1,1
2,4,5,3,6,1,0,5,1,6,8,1,0,6,598.3,0,2
4,5,1,4,4,1,4,0,7,9,10,1,3,3,610.3,1,1
3,1,7,10,3,2,6,4,6,8,0,2,4,10,696.6,0,1
1,1,6,6,3,1,5,3,6,6,0,1,4,10,663.9,1,2
2,5,1,3,3,1,1,2,8,5,2,1,1,4,606.3,1,2
3,3,6,2,6,1,5,2,6,8,2,2,2,3,667.7,1,2
3,4,5,4,5,2,5,1,4,8,4,2,3,5,660.5,1,2
3,4,2,5,10,1,5,0,10,6,3,2,0,5,630.7,0,2
2,5,8,10,10,2,2,5,6,4,8,2,1,5,626.1,1,3
1,5,3,4,8,2,3,0,8,7,4,2,3,2,637.3,0,2
5,0,10,10,10,2,10,10,10,7,0,2,10,10,777.1,1,0
5,5,3,6,7,1,4,7,1,5,4,2,4,10,700.1,1,0
5,2,6,5,3,1,10,2,10,6,5,2,3,4,702.1,1,2
3,4,2,10,10,1,5,5,3,7,3,2,5,6,706.0,1,1
3,1,5,2,8,1,9,4,10,6,1,2,2,10,702.1,1,1
2,3,5,10,4,2,6,5,7,7,5,1,6,5,659.2,0,1
2,5,3,5,1,2,4,2,8,5,7,1,3,4,587.6,1,2
2,5,3,5,1,2,4,2,8,5,7,1,3,4,587.6,1,2
5,4,3,2,4,1,3,2,4,7,5,2,4,4,628.0,1,2
5,4,10,10,10,1,9,6,5,7,4,2,3,7,721.7,0,3
2,1,4,10,4,1,6,3,10,7,7,2,2,3,687.0,1,2
2,3,4,5,1,1,5,2,4,7,2,2,2,3,602.5,1,3
5,5,9,10,10,2,10,2,5,6,3,2,3,7,690.9,1,3
4,2,5,4,7,1,9,1,6,8,1,2,3,3,686.4,1,0
2,1,6,5,8,1,5,3,4,7,1,2,3,5,680.7,1,2
2,3,3,3,4,1,5,4,9,6,0,2,4,5,669.6,0,1
5,3,3,10,8,1,8,2,10,4,0,1,1,5,664.3,1,2
5,3,3,10,10,1,8,2,10,5,0,1,2,5,671.3,1,2
3,3,2,2,7,2,5,1,2,7,1,2,2,3,615.7,1,2
5,3,7,6,4,1,9,6,5,7,5,2,4,2,714.9,1,3
5,4,7,7,10,2,2,0,5,6,2,2,1,1,662.0,1,2
5,3,7,6,6,1,5,1,4,7,1,2,3,8,690.9,1,2
2,4,4,0,0,2,1,0,5,9,2,1,0,3,567.4,0,1
5,4,1,3,1,1,3,5,10,8,2,2,2,10,646.4,1,1
5,3,10,3,5,2,5,1,8,8,1,2,1,10,676.6,1,3
1,4,7,1,10,2,10,3,1,8,3,1,1,5,607.2,1,3
3,1,5,10,10,1,10,10,10,7,0,2,10,10,773.7,1,3
1,2,7,4,10,2,7,1,7,7,1,2,1,2,672.8,1,1
5,1,7,10,10,1,8,4,5,8,0,2,3,5,716.8,1,1
5,3,4,2,2,2,2,0,3,5,2,2,3,6,627.4,1,3
3,4,6,2,10,1,7,2,7,8,4,2,1,10,678.1,1,1
0,4,2,8,7,2,4,1,6,6,2,2,2,3,628.2,0,2
1,2,1,2,6,1,4,6,3,8,4,2,1,2,624.6,0,1
5,1,10,10,10,1,10,10,10,8,2,2,10,10,801.1,0,2
2,2,4,5,4,1,6,2,4,8,4,1,2,6,646.9,0,0
1,3,5,3,8,1,7,1,6,7,4,2,5,7,664.1,1,1
3,4,3,4,10,2,4,0,10,5,5,1,2,2,632.2,1,2
5,5,3,5,3,1,1,1,3,7,3,2,3,10,631.2,1,2
2,2,10,4,10,2,4,1,8,7,1,2,0,3,674.7,1,1
0,5,0,0,0,1,0,0,1,1,10,1,0,0,497.0,1,2
1,4,8,7,10,2,1,2,8,5,2,1,1,5,640.3,1,2
4,3,10,10,10,1,8,3,10,6,2,1,10,10,732.7,1,0
3,1,10,10,10,2,9,1,2,8,3,2,1,7,695.8,0,1
3,1,5,5,10,1,8,7,1,7,3,2,0,3,675.0,1,1
3,1,10,5,6,1,4,1,2,6,0,2,5,3,678.4,1,2
2,2,0,0,1,1,4,0,1,6,5,2,1,7,598.3,0,3
2,2,0,0,1,1,3,0,2,6,6,2,0,7,590.0,0,3
1,0,2,10,10,1,6,10,5,8,0,2,9,10,728.7,0,1
3,4,3,3,4,2,5,3,3,7,3,2,1,4,629.5,1,1
1,1,10,10,10,1,5,2,8,7,3,2,2,10,710.4,1,2
4,2,3,3,2,1,6,2,10,5,3,2,2,10,652.6,0,2
4,2,7,10,8,1,9,1,3,6,3,2,1,7,692.2,1,2
2,1,4,0,4,1,3,0,5,10,1,2,0,10,667.9,1,0
2,3,5,4,10,2,8,1,8,7,1,2,4,10,666.2,1,3
1,3,5,5,4,1,8,4,5,8,2,2,2,3,647.1,1,1
5,3,7,3,3,1,3,4,5,7,1,2,2,3,641.8,0,0
2,4,6,5,5,2,4,2,2,8,0,2,7,7,641.4,0,3
2,3,10,10,10,1,6,1,2,6,3,2,1,7,693.7,1,2
2,3,8,10,5,2,7,1,5,7,2,2,1,5,691.1,0,3
1,1,6,5,1,1,3,5,5,5,0,1,10,10,655.0,0,1
1,5,5,5,1,2,4,6,3,5,3,2,6,5,646.1,1,3
2,2,5,7,2,1,7,2,10,6,0,2,3,5,681.7,1,3
3,5,10,8,8,2,2,0,6,6,1,1,0,1,587.4,0,2
3,1,10,5,5,1,9,5,8,8,1,2,7,7,729.3,0,1
1,1,3,0,2,1,0,0,10,8,1,2,0,10,620.9,0,1
3,3,2,2,2,2,2,0,2,7,2,2,3,8,608.9,0,1
5,3,10,10,4,2,9,1,5,9,6,1,3,10,671.1,1,3
4,3,9,8,10,1,6,4,7,9,2,2,8,4,691.9,1,1
3,3,6,10,4,1,8,2,3,8,6,2,3,8,673.9,1,1
3,2,8,5,10,2,7,2,4,8,7,2,4,8,697.9,0,1
1,3,0,0,10,2,4,2,2,6,1,1,0,4,571.3,1,1
2,1,3,3,8,2,3,4,8,6,5,2,2,9,664.3,0,1
4,1,2,8,3,1,9,2,2,7,1,2,4,10,688.8,1,3
1,1,8,10,10,2,5,4,2,8,9,1,8,4,680.5,0,1
1,2,6,0,6,1,2,2,2,6,1,2,0,0,617.2,1,1
2,5,4,5,7,1,3,1,3,6,1,2,1,9,649.7,0,3
2,5,5,3,8,1,2,1,3,6,1,2,1,7,642.9,0,3
4,4,10,10,10,2,8,4,4,7,4,2,6,2,706.2,1,2
5,3,5,3,9,1,10,4,7,7,4,2,8,7,705.1,0,1
3,3,6,10,8,1,9,6,8,6,2,2,6,8,730.6,0,0
2,1,4,2,10,2,6,3,5,7,1,2,3,10,677.5,0,2
4,2,1,10,10,2,4,1,3,7,10,2,2,3,639.7,1,2
0,5,0,0,0,1,0,0,1,1,0,1,0,0,514.0,0,1
3,4,6,10,9,2,7,3,6,9,5,2,3,10,684.9,1,3
3,2,10,10,10,2,6,4,7,7,0,2,8,4,717.0,1,2
2,4,5,6,10,1,8,1,2,6,1,2,8,1,697.1,1,3
1,3,5,10,2,2,4,4,3,8,3,1,2,10,667.1,1,2
4,3,6,10,4,2,9,4,5,7,1,2,2,10,701.3,0,3
2,1,5,3,6,1,7,6,10,8,1,2,10,6,724.6,0,1
2,2,3,2,2,2,4,4,5,7,0,1,1,8,619.7,1,3
3,1,10,10,10,1,7,9,6,9,1,2,8,10,754.6,0,1
3,1,10,10,10,1,7,9,6,9,1,2,8,10,754.6,0,1
2,1,8,4,3,2,7,5,3,7,0,1,6,8,634.6,0,1
5,3,8,10,10,1,3,10,10,6,0,2,3,4,754.8,0,3
2,2,4,3,6,1,5,2,8,7,1,2,1,7,681.5,1,3
3,4,3,2,3,2,5,2,8,6,2,2,0,4,611.6,1,3
3,3,6,3,5,2,8,4,2,8,3,1,3,3,604.0,1,1
2,2,10,4,5,2,8,1,2,7,2,2,1,1,648.0,1,3
2,0,4,5,8,1,7,5,6,9,1,2,5,10,712.1,0,3
5,1,7,3,5,1,3,5,4,7,0,2,9,7,707.9,0,3
5,2,3,10,1,1,6,1,9,8,3,2,1,10,690.4,1,2
4,2,5,10,10,1,9,4,10,8,1,2,3,10,739.9,1,1
1,5,3,3,3,2,1,1,3,6,1,1,0,7,563.0,1,3
4,1,8,7,4,1,8,8,6,7,1,2,8,2,735.5,1,1
2,2,5,8,10,2,8,8,10,6,3,2,7,8,712.3,1,2
5,4,4,8,10,1,8,2,10,7,1,1,2,1,678.5,1,1
1,4,2,2,9,1,0,3,6,4,5,2,0,10,614.2,0,2
1,3,7,4,4,1,5,1,6,8,2,2,1,4,643.9,1,1
1,3,7,4,4,1,5,1,6,8,2,2,1,4,643.9,1,1
3,2,5,2,4,1,6,3,2,8,3,2,3,4,668.6,0,1
5,1,5,8,9,1,8,1,10,8,1,2,2,10,755.2,1,0
1,3,3,10,3,2,6,5,10,7,7,2,5,7,661.5,1,1
5,0,5,10,3,1,5,1,4,7,5,2,3,10,718.1,0,3
5,5,7,3,1,2,7,4,1,8,4,2,1,7,634.4,1,3
4,1,10,10,10,1,7,4,4,8,6,2,3,2,714.9,1,0
5,3,4,10,10,2,9,4,4,8,0,2,8,10,738.7,1,2
5,0,10,5,8,2,3,1,10,8,0,2,1,6,700.8,0,2
4,4,5,3,10,1,5,3,9,9,2,1,2,4,658.3,1,1
2,3,8,2,3,1,5,2,6,7,2,2,0,4,647.1,1,1
3,4,10,3,10,1,4,4,4,8,5,2,8,4,709.8,1,1
5,4,4,10,10,2,10,6,4,7,3,2,3,6,689.2,1,3
5,3,6,4,4,2,5,4,10,7,1,2,2,8,698.9,1,3
2,3,4,2,10,1,1,2,1,5,5,1,2,6,610.0,1,0
5,4,5,10,6,1,8,1,7,6,4,2,2,5,677.7,1,3
3,1,3,6,4,1,7,6,10,9,1,2,6,7,718.0,1,0
5,3,10,6,2,1,7,2,5,9,1,2,4,10,686.4,1,1
4,3,7,10,10,2,9,8,10,6,6,2,10,7,725.9,1,3
5,0,5,3,3,1,8,5,10,7,1,2,10,10,715.9,0,1
3,2,4,1,2,2,5,2,5,6,3,1,1,5,594.0,1,2
3,1,4,8,5,1,7,4,3,6,2,2,2,8,676.9,0,1
5,3,10,3,5,2,5,1,6,6,1,2,1,7,684.3,1,3
2,4,6,10,2,2,3,1,1,9,5,1,2,10,638.0,0,1
4,3,8,8,8,2,3,1,5,8,7,2,1,2,640.3,1,2
3,4,5,8,3,1,7,5,10,9,2,1,7,7,672.1,1,1
4,0,10,10,4,2,8,10,2,5,1,1,10,10,691.8,1,3
5,0,5,10,5,1,10,7,2,8,1,2,10,10,763.8,0,2
3,5,3,6,2,1,7,2,10,7,9,2,4,6,661.5,0,2
1,0,4,4,1,2,4,0,2,8,0,2,0,10,624.4,1,3
1,0,4,4,1,2,4,0,2,8,0,2,0,10,624.4,1,3
2,1,4,7,5,2,0,3,1,8,2,2,2,4,634.4,1,1
2,0,3,0,10,1,0,6,10,7,1,1,10,10,668.3,0,2
5,1,2,10,8,1,8,5,7,8,2,2,2,10,747.8,1,2
3,1,3,5,3,1,2,2,3,7,3,1,1,7,622.7,1,1
2,2,5,3,4,1,2,4,4,8,6,2,8,3,636.7,0,1
3,3,1,8,10,1,10,4,10,7,3,1,0,7,678.5,1,2
5,3,7,5,10,2,4,6,3,7,7,2,6,5,666.9,1,2
3,2,5,2,2,1,4,5,2,7,4,1,4,3,617.4,0,0
2,3,5,1,10,2,5,1,5,8,5,1,7,2,619.9,0,1
3,3,10,8,10,2,8,0,6,5,2,2,4,10,699.4,1,2
1,1,2,1,3,2,3,3,5,7,1,2,1,2,604.4,1,1
2,1,8,10,4,2,4,2,6,8,1,2,6,3,689.8,0,1
1,1,2,1,4,1,4,1,7,8,4,2,2,5,661.1,0,1
0,2,4,2,4,1,5,2,8,7,2,1,4,5,627.1,0,1
3,3,4,9,4,2,7,8,6,7,0,2,8,7,682.8,1,3
4,3,10,5,3,1,1,1,3,8,5,2,1,2,636.5,1,2
4,4,5,2,7,1,7,2,6,8,3,2,1,10,684.7,0,3
3,5,4,4,7,1,8,2,10,8,5,2,1,5,671.9,1,3
4,4,5,10,7,1,9,4,6,7,0,2,7,10,723.6,1,1
1,1,5,10,10,1,4,2,4,9,0,2,5,10,749.1,1,3
3,4,4,1,3,1,5,0,5,7,8,2,0,8,611.2,1,1
5,1,2,10,10,1,2,2,7,7,10,2,5,10,686.4,0,2
5,4,1,0,0,1,3,0,1,7,3,1,0,10,600.2,0,2
4,3,3,7,3,1,6,1,5,8,1,2,3,5,676.0,1,1
5,0,3,2,1,2,3,3,2,9,1,1,4,10,633.1,1,3
4,3,7,5,5,1,8,2,8,7,1,2,4,10,698.5,1,3
4,3,7,5,5,1,8,2,8,7,1,2,4,10,698.5,1,3
5,2,10,10,5,1,8,3,8,7,2,1,2,10,718.9,1,1
3,0,10,3,5,1,3,2,10,7,0,2,2,5,702.3,1,3
4,1,10,10,3,1,7,2,1,7,7,1,3,9,683.5,1,1
1,0,7,10,10,2,8,3,3,7,0,2,7,10,697.5,0,1
2,3,7,5,10,1,8,1,3,7,0,2,1,3,670.3,1,3
5,1,8,8,10,1,4,3,7,7,0,2,3,7,710.2,1,2
4,2,7,2,10,1,6,1,4,9,1,2,1,3,689.6,1,3
0,2,2,1,1,2,5,2,1,8,1,1,0,7,564.7,0,1
5,3,8,3,10,2,9,4,7,7,7,2,8,3,698.3,1,1
5,0,6,10,10,1,8,1,1,7,0,1,8,10,736.2,0,1
2,5,3,0,5,1,5,0,10,8,3,2,5,1,624.3,1,1
2,3,4,5,10,2,6,2,7,5,2,2,2,1,650.3,1,2
3,2,5,5,10,2,2,5,10,8,4,1,5,3,634.5,0,2
4,3,10,10,10,1,8,10,5,7,4,2,6,3,689.4,1,1
1,4,4,5,10,1,4,1,7,7,10,2,2,4,625.2,1,1
3,4,6,6,10,1,9,4,10,7,3,2,1,1,695.5,1,2
3,2,8,10,10,2,9,4,9,9,2,2,6,5,728.0,1,1
5,2,8,10,10,1,7,4,10,8,1,2,6,7,756.9,0,1
4,4,4,10,2,2,6,1,3,8,1,2,6,7,660.3,1,1
2,4,7,7,10,1,7,0,10,7,1,2,1,7,676.8,0,2
5,3,10,5,10,1,7,1,6,9,10,1,2,2,640.7,1,1
5,5,10,7,10,2,5,6,10,6,10,2,7,6,674.9,1,3
5,3,5,8,10,1,10,2,6,8,1,2,0,5,720.4,1,3
4,0,10,10,10,1,7,2,7,6,0,2,3,5,715.1,0,3
3,1,7,10,6,1,7,7,3,8,0,2,2,3,692.6,0,1
2,3,5,10,10,2,7,1,10,9,1,2,1,7,660.2,0,1
5,1,5,4,6,2,8,4,7,7,0,2,2,6,711.9,0,2
4,3,10,5,10,1,7,1,9,8,3,2,2,0,673.4,1,2
4,4,5,10,10,2,6,3,7,5,2,2,4,5,682.6,1,2
0,1,3,8,6,2,2,4,10,7,8,2,1,10,639.4,0,1
4,2,5,5,7,1,7,3,8,7,2,2,5,3,695.1,1,1
4,1,2,1,5,2,3,2,7,7,0,2,2,10,640.5,0,3
5,4,6,10,10,1,5,1,10,6,0,2,0,7,731.0,1,3
4,5,5,10,2,1,7,1,7,7,7,2,2,2,664.3,1,1
5,4,4,7,10,2,6,1,5,8,2,2,1,5,674.3,0,3
2,2,8,4,10,2,8,4,5,6,10,2,4,5,675.6,1,2
3,5,10,10,10,1,6,1,8,6,7,2,2,10,720.4,1,1
2,4,5,2,10,1,3,2,3,7,1,2,2,2,641.4,1,3
4,4,6,6,10,2,6,2,10,7,9,2,2,4,673.4,1,1
5,2,7,6,10,1,8,2,5,7,1,2,4,10,730.2,0,3
3,3,10,8,10,2,7,4,9,5,6,1,1,6,679.6,1,3
5,3,6,10,10,1,9,4,10,8,3,2,2,7,736.5,0,3
5,2,6,3,6,1,10,2,4,8,0,2,1,5,680.9,1,3
4,0,8,10,10,1,5,6,10,7,1,2,7,10,785.6,0,3
5,4,7,3,10,1,7,8,9,8,3,2,10,1,692.1,1,2
5,5,6,10,10,2,3,10,10,6,5,1,0,0,659.6,1,2
4,3,10,10,10,1,7,3,5,6,8,2,1,5,716.4,1,2
5,2,10,10,10,2,5,5,8,8,1,2,5,2,717.4,1,3
3,4,5,10,10,2,5,3,4,7,3,2,10,2,658.6,1,1
2,1,10,10,10,1,8,6,5,9,2,2,8,3,737.4,1,2
2,2,8,7,6,1,8,2,4,9,1,2,5,2,699.8,1,1
4,1,10,10,10,1,7,5,10,6,0,2,10,3,763.3,1,3
3,3,6,5,10,1,7,3,10,6,5,1,5,6,646.0,1,2
3,3,6,4,10,2,2,4,10,6,2,2,1,4,651.1,1,3
2,3,10,7,10,1,4,5,10,5,0,2,10,5,703.6,1,2
3,3,7,10,8,1,4,1,10,6,1,2,2,3,683.4,1,2
2,1,10,3,10,1,7,3,5,6,2,2,4,3,663.7,1,2
5,5,10,5,10,1,10,5,6,6,1,2,2,2,692.8,1,3
4,4,10,10,10,2,8,3,5,6,5,2,0,3,651.8,1,2
5,2,4,10,10,2,10,2,10,7,0,2,2,10,746.5,0,2
5,5,10,10,10,2,7,1,10,5,5,2,4,5,729.1,1,2
4,3,10,10,10,2,5,6,10,8,1,1,1,3,685.5,0,2
5,3,7,9,10,1,4,2,6,7,1,2,2,3,706.6,1,1
4,1,5,5,8,1,8,8,5,6,2,2,10,8,714.7,0,1
4,2,10,3,10,1,5,1,10,7,3,2,0,2,666.6,1,2
3,5,5,3,10,2,6,5,7,8,10,2,10,3,623.7,1,1
5,5,10,9,7,1,8,2,10,7,6,2,2,10,743.1,0,1
1,3,6,3,10,1,3,7,7,6,5,2,1,1,653.9,1,2
3,3,5,6,10,1,4,2,10,7,5,1,4,4,649.6,1,2
4,2,2,6,10,2,7,1,7,6,5,2,1,2,645.4,1,2
3,3,4,6,10,2,7,4,8,7,5,2,3,6,661.1,1,2
3,3,6,10,10,1,6,3,10,6,3,2,4,10,708.9,0,2
3,5,6,10,6,1,9,8,10,7,1,1,9,1,692.1,1,2
5,2,10,10,10,1,8,4,10,7,8,2,3,8,739.7,1,2
4,4,7,2,9,1,10,7,9,8,3,2,5,6,698.9,1,1
5,4,10,10,10,1,8,8,7,8,2,1,10,10,741.0,1,3
3,2,5,10,10,1,8,2,10,8,1,2,7,8,714.4,0,1
3,5,6,10,10,2,7,4,1,8,3,2,6,10,668.4,1,3
4,2,3,5,10,2,9,7,10,7,1,2,3,6,710.8,1,2
2,2,8,10,10,2,10,8,9,8,4,2,5,3,715.9,1,1
3,3,10,10,10,1,7,4,5,8,2,2,6,1,698.1,1,1
5,2,8,4,10,1,7,1,3,8,1,2,8,7,706.2,0,1
4,1,8,8,8,2,7,5,6,8,2,2,7,9,728.9,0,2
2,2,5,10,10,2,2,1,10,7,2,2,1,5,670.0,0,2
4,4,10,10,10,2,2,3,7,6,1,2,10,7,713.4,0,2
4,0,10,10,10,1,8,3,5,7,0,2,4,10,730.2,0,1
3,3,10,10,10,2,8,3,8,7,3,2,10,7,724.0,1,2
2,2,8,10,10,2,1,6,2,5,1,2,9,5,674.8,1,3
4,3,8,10,10,2,5,3,7,6,5,1,3,2,645.4,1,2
5,3,6,3,10,2,4,1,6,7,2,2,3,2,636.9,1,1
2,3,4,2,10,2,3,1,3,6,1,2,0,2,603.8,0,2
3,1,10,3,10,2,8,3,1,6,5,2,5,1,649.3,1,2
5,2,10,10,10,2,8,3,10,6,2,2,9,5,729.3,0,2
5,4,9,5,10,2,3,1,5,6,3,2,4,6,656.9,1,3
2,3,10,8,10,2,7,4,7,7,1,2,2,6,701.7,1,2
4,4,10,5,10,1,5,5,10,8,4,2,2,5,700.8,1,2
1,3,1,6,10,2,0,1,9,5,7,1,2,1,594.6,0,1
5,3,7,5,10,2,5,3,4,7,2,1,1,1,653.5,1,2
4,4,6,10,10,1,8,5,4,6,5,2,10,4,692.4,1,2
3,2,7,10,10,2,8,4,7,8,3,2,6,8,700.2,1,1
5,5,6,8,10,1,9,0,10,7,2,1,7,5,680.2,1,3
5,3,7,10,10,1,2,3,10,7,3,2,4,10,710.8,0,2
5,1,10,10,10,1,8,7,10,7,4,2,7,1,738.0,1,1
5,5,10,10,10,2,10,0,10,5,5,2,4,4,722.3,1,2
2,2,10,10,10,1,8,5,3,8,2,2,5,2,709.6,1,1
5,3,7,10,10,1,4,1,6,7,1,1,2,3,687.9,1,1
4,2,4,4,10,1,7,4,6,7,1,2,5,6,681.1,1,1
5,3,4,5,7,1,8,5,10,6,0,2,1,5,663.0,0,3
4,3,10,5,10,2,8,2,6,8,2,2,1,3,691.5,0,2
3,2,10,8,9,1,7,6,10,6,2,2,7,3,724.2,1,2
5,4,6,4,10,2,5,2,6,7,2,2,4,2,645.4,1,1
5,4,6,10,10,1,10,6,10,7,2,2,1,10,736.3,1,3
4,3,10,10,10,2,7,7,5,7,1,2,6,3,714.9,1,1
4,4,5,10,10,2,7,2,8,8,1,2,7,3,705.5,1,2
4,1,6,3,10,1,4,4,10,8,3,2,6,3,699.1,1,1
5,2,10,10,10,1,7,4,10,7,1,2,6,3,732.9,1,1
3,5,5,10,10,1,0,3,4,5,1,2,1,0,654.8,1,2
5,3,10,10,10,1,8,5,9,7,1,2,7,7,753.1,1,2
4,3,8,2,10,1,8,7,10,8,0,2,5,5,690.6,1,2
3,4,10,2,5,1,5,2,2,5,0,1,5,3,652.7,1,1
2,3,5,6,8,1,4,3,10,7,4,1,4,4,646.2,1,2
5,5,10,3,10,1,8,6,9,8,1,2,6,5,712.5,1,2
3,4,10,4,10,1,5,6,6,7,2,2,1,3,670.9,1,2
5,0,10,10,10,1,10,7,5,7,2,2,10,10,764.2,1,2
4,3,10,10,10,2,10,7,7,7,4,2,10,10,739.1,1,2
5,3,10,10,10,1,10,5,10,7,0,2,1,5,746.5,1,3
1,3,4,10,10,2,7,1,6,7,2,2,3,7,662.4,0,3
4,3,10,10,10,1,8,3,7,7,5,1,1,3,683.0,1,1
3,3,6,10,10,1,9,7,10,7,2,2,1,5,709.1,1,1
2,3,6,6,10,1,8,6,6,8,2,2,3,5,688.1,1,1
4,1,6,10,10,1,10,3,10,6,0,2,6,3,703.8,1,2
5,5,10,5,10,1,8,3,5,8,2,2,8,7,733.8,1,1
1,0,6,10,10,2,4,6,7,7,0,2,1,5,674.5,1,3
3,3,10,3,10,1,5,5,9,8,1,2,2,2,685.3,1,2
5,2,10,10,10,1,8,8,6,8,1,2,1,10,727.2,1,2
2,4,1,8,10,2,7,7,4,5,6,2,10,0,631.0,0,2
4,4,10,10,10,2,7,2,5,6,5,2,0,2,638.2,1,2
4,2,4,10,10,1,10,10,10,8,0,2,10,4,772.2,1,2
4,4,7,10,10,1,8,3,8,8,5,2,5,2,702.1,1,2
5,1,10,10,10,2,8,0,8,6,2,2,8,4,701.7,1,3
5,4,4,10,4,1,6,5,10,6,1,2,10,3,695.3,1,1
2,2,8,6,7,1,8,2,4,9,2,2,4,3,704.9,1,1
5,4,6,3,10,2,6,2,7,7,2,2,4,2,650.7,1,1
4,1,10,6,10,1,7,2,10,8,2,2,2,6,716.1,0,1
5,1,10,10,10,1,10,10,5,7,2,2,8,7,759.1,1,2
5,2,7,10,10,2,7,6,7,7,1,2,3,5,693.2,1,2
5,2,10,3,10,1,8,4,8,7,1,2,1,7,700.2,1,2
5,1,10,5,10,1,10,8,4,6,3,2,10,5,763.8,1,3
3,4,10,6,10,2,5,4,4,6,2,1,2,2,641.4,1,1
3,3,10,10,10,2,5,3,4,8,2,2,1,5,687.7,1,2
2,2,5,2,10,1,3,4,2,6,2,2,5,7,669.9,1,1
2,2,6,2,5,2,9,2,10,6,1,2,2,7,639.2,0,2
1,3,2,0,8,2,6,1,8,8,2,1,1,10,627.3,0,1
5,4,0,10,10,2,0,6,10,5,1,2,1,1,635.6,0,3
2,4,8,6,10,2,7,4,5,7,8,2,4,5,680.9,1,2
2,1,10,10,10,1,5,7,6,9,2,2,8,4,751.2,1,2
5,1,3,2,10,2,5,1,1,7,2,2,0,7,663.1,0,2
5,2,4,0,2,1,2,0,6,8,0,1,0,10,632.0,0,2
3,3,5,5,7,1,7,5,10,8,2,2,3,8,719.5,0,1
1,3,1,3,10,2,4,0,4,7,6,1,0,3,578.7,1,1
3,2,2,9,6,2,5,1,4,9,1,2,3,8,662.4,1,0
5,3,8,10,10,1,9,3,10,8,2,2,3,8,729.7,1,3
4,3,3,10,10,1,7,0,5,6,8,2,0,5,646.7,1,3
1,2,1,4,10,1,8,1,5,7,0,1,3,10,655.4,0,1
1,4,8,4,3,1,3,2,8,7,1,2,0,3,645.8,1,1
5,5,3,10,10,1,1,5,8,8,0,1,1,3,639.2,1,1
3,2,10,2,10,2,5,1,5,7,1,2,1,5,667.3,1,2
3,1,5,10,10,2,8,4,5,8,2,1,2,2,635.2,1,2
2,4,10,10,10,2,9,2,1,8,10,2,6,8,654.8,1,3
3,0,8,6,10,2,8,2,7,9,5,1,1,5,683.4,1,1
4,2,4,4,3,1,6,1,10,8,1,2,10,9,700.8,0,3
5,1,10,9,3,1,3,3,4,6,0,2,2,9,728.1,1,3
3,2,6,5,7,1,2,5,7,7,4,2,4,4,688.1,1,1
4,2,8,8,10,2,8,2,6,6,0,2,1,2,679.2,1,2
2,3,5,5,10,1,7,4,8,5,2,2,8,10,715.1,0,3
3,2,4,4,5,2,3,1,4,7,1,2,2,7,656.9,1,3
3,3,2,2,4,1,6,2,2,7,3,2,2,7,624.2,0,2
1,3,4,4,6,2,4,0,5,7,7,1,1,6,587.4,0,1
3,2,6,5,3,2,7,6,5,7,5,1,1,4,638.4,1,2
5,4,3,10,5,1,4,2,10,7,4,2,1,6,688.7,1,2
1,5,7,10,10,2,2,2,5,7,5,2,4,10,665.6,0,2
4,3,10,10,6,2,8,2,6,6,0,2,4,10,723.4,1,2
2,4,6,5,10,1,5,2,4,5,1,1,1,3,648.0,0,1
2,1,3,10,4,1,8,7,7,7,2,1,7,10,691.5,1,3
5,3,8,4,10,1,6,4,5,8,0,1,3,6,687.9,0,1
5,3,10,5,10,1,7,8,5,7,8,2,3,8,675.8,1,1
3,1,6,4,4,2,3,3,5,8,4,2,3,3,647.1,1,2
3,1,10,4,10,2,7,3,5,7,1,2,1,1,679.2,1,3
2,1,10,10,7,2,7,6,2,6,4,1,3,8,681.8,1,3
4,4,10,4,10,1,9,5,7,6,0,2,1,10,689.6,0,1
5,2,7,10,10,1,7,2,10,7,4,2,2,5,714.2,1,3
5,1,5,10,10,2,7,4,4,9,1,2,4,7,727.0,1,2
1,4,1,3,3,2,3,0,3,7,2,2,1,1,571.7,0,1
5,3,10,10,8,2,8,2,6,8,6,2,8,8,717.0,1,3
1,4,4,2,4,2,4,0,2,8,1,1,0,0,578.5,1,2
4,5,5,1,3,2,2,3,5,7,10,1,1,10,594.2,1,1
5,1,3,2,5,1,7,2,3,8,1,2,2,2,651.8,0,1
4,5,2,4,6,2,4,3,5,8,5,2,2,7,642.0,1,2
4,2,6,3,2,2,8,3,7,7,0,2,4,4,677.9,1,1
3,2,1,3,4,2,1,2,5,8,2,2,2,5,616.5,0,3
2,2,1,1,5,2,2,2,3,8,2,2,1,3,605.9,0,3
4,3,3,3,2,2,1,1,3,5,9,1,0,4,567.9,1,2
5,5,5,5,10,1,9,2,10,8,1,2,5,7,734.8,1,2
5,3,3,3,10,2,7,2,8,7,1,2,1,7,647.5,0,3
2,2,5,2,10,1,8,3,3,8,7,2,2,7,672.2,1,2
3,1,3,7,6,2,3,4,4,7,2,2,3,6,665.4,0,3
4,1,6,10,6,2,6,6,5,7,3,2,4,8,694.5,0,3
1,5,3,1,1,2,5,7,2,6,3,2,1,6,601.9,1,2
1,2,2,3,10,2,2,4,2,7,2,2,2,3,612.3,1,1
4,0,8,10,3,1,7,2,4,7,1,2,4,8,713.0,1,2
2,4,3,10,10,2,9,5,5,7,1,2,4,10,714.9,1,2
2,1,5,2,5,1,5,3,5,6,10,2,3,4,646.7,0,0
3,2,7,7,9,2,10,3,4,8,2,2,2,10,682.6,1,2
2,1,4,3,4,1,7,4,10,6,0,2,3,7,678.3,0,1
5,5,10,10,5,1,6,5,10,6,0,2,2,5,719.1,1,3
2,0,5,10,6,1,10,1,5,5,0,2,2,10,726.4,0,3
4,1,4,10,8,1,8,4,10,7,1,2,7,10,748.2,0,3
4,1,3,10,4,2,7,2,8,6,4,2,3,10,694.9,0,3
5,1,2,1,2,1,6,0,10,7,1,2,2,10,670.0,1,3
2,3,6,5,5,2,5,2,5,7,9,2,4,7,636.7,1,1
4,2,4,10,4,1,5,2,6,7,4,2,1,0,674.3,1,2
4,1,7,8,10,1,10,8,10,7,0,2,3,7,756.7,1,2
1,1,6,1,1,1,5,3,9,7,0,1,0,7,637.5,0,1
3,2,2,10,10,1,8,3,5,7,0,2,7,4,716.6,1,1
5,2,7,7,3,2,3,1,4,6,5,2,1,7,638.0,1,1
5,3,2,1,10,1,6,2,5,6,1,2,1,2,645.0,1,1
5,2,10,6,3,2,3,2,7,7,4,2,1,7,666.0,1,3
5,4,4,8,7,1,7,3,6,8,5,2,5,5,681.3,1,2
1,5,5,5,10,1,5,3,9,6,7,1,8,3,644.1,1,2
2,1,2,2,5,2,7,4,7,7,0,2,4,3,650.7,0,1
5,5,10,3,3,2,7,0,7,6,5,2,1,3,657.3,0,2
2,3,1,0,2,1,4,4,8,9,10,2,4,10,646.2,0,1
1,1,10,1,2,1,2,7,2,7,1,2,2,7,653.1,1,1
3,3,7,10,7,2,9,4,10,8,1,2,3,7,719.5,1,2
2,5,4,5,7,1,4,6,7,7,3,1,3,5,630.3,1,1
2,4,3,6,4,2,3,2,1,5,6,2,2,3,613.4,1,1
5,2,5,10,2,1,8,4,8,8,6,2,6,10,712.3,0,1
2,2,10,10,10,2,10,6,10,8,2,2,10,7,758.6,0,3
2,3,10,10,10,2,10,6,10,8,1,2,10,6,755.2,0,3
5,2,3,4,3,1,4,5,6,7,2,2,5,10,676.0,0,1
1,2,8,6,6,1,8,4,4,6,1,2,4,9,699.2,0,2
3,3,4,1,2,2,4,5,2,7,2,2,4,10,644.6,1,2
1,4,1,2,4,1,5,1,8,5,2,1,0,2,597.8,1,1
5,3,1,6,3,1,8,2,7,9,10,2,5,10,671.5,1,3
3,3,5,10,10,2,1,3,10,8,2,2,2,1,637.9,1,2
2,5,2,0,8,2,0,1,10,7,6,2,2,6,622.4,1,3
5,5,10,1,5,1,7,2,10,7,7,2,2,7,664.9,1,2
3,4,3,10,3,1,1,2,4,7,2,2,1,7,673.9,1,2
2,5,8,10,10,1,3,2,1,7,3,1,0,10,646.1,1,2
2,5,4,4,7,2,7,6,10,8,1,2,3,6,668.5,1,2
4,1,3,10,2,1,8,2,5,7,2,2,6,10,709.8,0,1
1,5,3,10,10,2,4,2,7,5,3,2,8,4,655.4,1,1
3,5,4,4,3,1,2,0,3,5,5,1,0,1,576.4,0,1
2,3,3,4,10,1,9,7,10,8,1,1,1,4,675.3,0,0
4,4,2,5,6,2,3,3,6,6,0,1,0,2,577.2,0,0
1,3,4,2,5,1,3,2,7,6,0,1,0,1,611.4,0,0
4,4,4,2,10,1,7,1,6,7,1,2,2,1,648.8,1,0
5,4,5,3,10,1,7,2,5,8,1,2,0,5,676.0,1,0
5,3,7,1,10,1,9,2,5,7,1,2,0,1,679.2,1,0
3,3,8,7,10,1,8,7,10,7,3,2,7,5,721.0,0,0
3,4,3,2,10,1,7,1,7,7,2,2,2,1,643.9,1,0
3,5,10,4,8,1,3,2,5,7,4,2,2,2,643.5,1,0
4,4,1,0,8,2,0,2,6,7,0,2,1,1,580.8,0,0
5,3,7,3,10,1,8,4,5,9,1,2,1,3,693.2,1,0
5,3,6,0,9,1,3,3,5,7,2,1,7,5,650.3,0,0
2,4,5,1,10,1,5,2,5,7,1,2,1,7,655.4,0,0
2,1,8,2,9,1,4,2,4,7,1,2,3,1,655.2,1,0
0,5,0,0,0,2,0,0,10,2,10,1,0,0,499.0,0,0
3,2,6,5,7,1,7,6,6,8,3,2,4,5,698.3,0,0
1,5,1,0,10,1,1,0,7,7,1,1,0,10,594.6,1,0
4,0,8,7,9,2,7,2,7,6,1,1,7,9,674.3,0,0
5,3,3,3,10,1,7,1,10,8,1,2,2,2,685.5,1,0
5,0,5,5,10,1,3,0,10,8,6,2,1,3,682.1,0,0
2,3,10,10,10,1,5,2,3,7,2,2,1,2,672.0,1,3
3,5,6,0,10,1,4,3,8,7,0,1,3,2,608.4,0,0
1,5,1,0,10,1,0,0,7,7,1,1,0,10,592.9,1,0
5,3,4,3,10,1,8,0,8,7,1,1,1,0,625.4,1,0
3,3,5,4,8,1,4,3,10,8,2,2,2,4,677.0,1,0
3,4,5,4,8,1,5,4,9,6,3,2,3,4,662.8,0,0
5,2,5,5,10,1,5,4,10,4,5,2,1,8,677.9,0,0
5,2,5,3,10,2,5,1,8,8,2,2,2,10,693.6,0,0
2,1,10,3,7,1,4,3,5,7,3,2,4,5,670.7,0,0
5,1,8,8,10,1,7,3,10,8,2,2,5,7,734.8,0,0
2,3,3,2,7,1,1,1,7,6,4,2,1,3,606.3,1,0
5,2,5,3,10,2,4,1,10,8,1,2,2,10,697.4,0,1
2,4,2,2,7,1,1,1,5,6,3,2,1,2,605.9,1,0
1,0,10,5,10,1,0,10,10,9,4,2,10,2,726.5,0,0
0,5,0,0,0,2,0,0,1,1,10,1,0,0,480.0,0,3
3,1,10,2,10,2,3,0,3,7,8,1,2,6,643.1,1,0
3,1,1,2,4,1,5,1,7,7,6,2,4,7,652.4,0,3
3,1,3,3,5,1,7,3,4,7,2,2,0,3,643.3,1,1
5,1,3,4,6,1,5,1,6,7,0,2,2,10,674.3,0,3
2,1,3,1,3,1,8,1,5,7,2,2,2,6,643.5,1,1
1,1,5,1,2,1,2,1,3,7,7,2,2,2,602.3,1,0
3,4,5,10,10,1,3,2,9,7,0,2,8,2,702.1,1,2
5,1,10,10,10,1,10,5,10,8,0,2,3,10,792.6,0,1
0,2,3,3,10,2,4,2,7,6,6,1,2,4,606.3,1,0
3,5,5,10,10,2,1,0,1,10,3,2,1,3,646.7,1,2
2,3,6,3,10,1,8,7,7,6,4,2,5,5,693.0,1,1
4,4,4,5,5,1,4,4,5,7,5,2,5,4,658.8,1,1
4,2,5,6,8,1,2,1,4,8,2,1,4,5,648.6,0,0
3,3,0,0,1,2,1,0,3,10,0,1,0,10,582.5,0,1
3,1,3,2,5,1,8,6,3,9,1,2,1,4,667.3,0,0
5,0,8,10,10,1,10,2,8,8,4,2,10,7,759.9,1,2
2,5,0,10,10,1,9,6,10,7,0,2,1,5,697.2,1,2
5,4,10,4,7,2,8,3,7,7,0,2,4,5,689.8,0,0
4,1,6,4,3,1,7,2,4,7,0,2,4,10,697.7,1,3
5,5,6,5,3,2,7,3,6,6,8,2,0,2,612.9,1,3
5,3,5,4,10,1,7,1,4,8,3,2,1,5,696.2,1,3
5,2,6,4,3,1,9,1,7,8,0,2,2,10,703.6,0,3
5,2,4,4,4,1,9,1,7,8,0,2,1,10,698.5,0,3
4,0,4,8,10,1,6,4,8,7,0,2,6,8,712.1,0,0
2,1,8,0,5,1,7,2,8,8,3,2,0,6,676.6,1,0
3,4,1,4,9,2,3,8,6,6,5,2,3,6,631.6,1,3
2,1,3,0,2,1,7,1,8,7,1,2,0,5,637.3,1,3
4,3,10,10,10,2,6,1,8,7,1,2,8,10,730.8,0,3
5,4,5,10,5,2,6,5,5,7,1,1,5,5,653.7,1,3
3,5,4,10,8,1,3,3,6,5,8,1,8,10,651.8,1,3
2,5,5,10,10,2,6,1,2,7,4,2,2,5,649.7,1,0
4,2,7,8,8,1,7,6,3,8,3,2,6,7,723.2,1,1
1,2,10,6,5,1,10,3,10,7,5,2,8,5,697.2,0,1
5,0,4,10,6,1,6,5,10,7,0,2,4,10,755.0,0,3
4,2,6,6,8,1,6,5,7,7,2,2,9,10,717.0,1,2
2,4,10,6,5,2,6,4,5,5,4,2,4,10,672.0,1,3
2,2,1,2,4,2,10,7,3,7,1,2,0,1,626.1,1,3
2,2,1,2,3,2,10,8,3,7,4,2,1,7,644.8,1,3
2,2,4,4,8,1,6,2,7,8,3,2,4,6,684.9,1,0
4,4,8,5,10,1,7,4,2,8,2,2,4,8,666.9,0,0
5,3,4,4,6,1,2,1,3,6,5,1,0,3,585.1,1,0
4,3,10,7,10,1,8,1,8,7,1,1,3,3,691.7,1,0
4,4,5,5,10,1,7,3,7,6,8,1,4,3,633.5,1,0
3,3,5,3,10,1,6,2,4,7,6,2,2,3,655.2,1,0
4,3,8,7,9,1,9,5,6,8,4,2,5,6,710.2,1,0
4,2,4,8,10,1,7,4,8,7,3,1,3,4,659.4,1,0
5,3,3,2,10,1,5,0,9,8,10,2,1,5,651.3,1,0
4,4,5,10,10,1,10,1,10,7,1,1,2,4,697.2,0,0
5,5,9,4,10,2,4,3,6,6,4,2,3,2,653.7,1,0
5,2,5,1,10,1,3,2,8,7,1,1,2,10,666.2,0,0
5,2,10,9,4,1,10,3,10,8,2,2,4,9,768.8,1,3
4,4,5,3,10,1,10,3,8,7,1,2,1,5,681.5,0,0
4,3,10,6,10,1,4,5,7,8,0,1,3,4,674.7,0,0
4,2,4,1,10,1,3,2,8,7,1,1,2,5,632.2,0,0
3,4,4,7,7,2,5,5,5,6,0,1,4,5,651.8,1,3
2,5,3,7,10,1,6,2,4,8,3,1,1,3,619.7,1,0
5,0,2,1,1,2,10,1,2,9,1,2,8,10,643.3,0,3
5,3,7,7,10,1,5,3,8,8,4,2,2,2,693.6,1,0
4,3,10,10,10,1,7,2,8,7,3,2,1,5,710.4,1,3
5,3,5,10,6,1,2,1,7,8,1,1,4,7,701.9,1,3
4,2,6,7,10,1,6,5,10,7,4,2,1,5,690.4,1,2
3,5,7,5,4,1,5,1,8,6,0,1,2,7,671.1,1,3
4,2,3,4,1,1,5,3,4,7,1,2,4,7,680.7,0,3
4,4,2,2,4,1,4,3,7,7,1,2,4,5,689.8,1,0
5,4,4,2,10,1,6,4,8,9,7,1,1,3,647.9,1,0
5,2,6,4,10,1,5,3,6,8,3,2,2,4,705.1,1,0
2,3,0,1,6,1,5,0,3,6,4,2,1,0,612.3,1,0
5,4,8,3,10,1,8,3,8,6,5,2,3,1,676.2,1,0
2,3,5,2,7,1,7,2,5,7,7,2,1,3,645.2,1,0
4,1,10,10,10,1,6,5,10,6,2,2,3,5,734.4,1,0
4,3,10,10,10,1,9,7,6,6,1,2,7,1,720.0,1,0
3,4,10,7,5,1,3,1,10,7,3,2,5,10,680.2,0,0
3,2,10,10,10,1,8,7,10,9,1,2,3,10,750.3,0,0
2,0,5,5,10,1,3,2,4,6,3,2,1,4,648.2,0,0
5,4,3,3,6,1,4,5,5,7,6,2,0,7,629.9,0,0
1,4,5,5,10,1,5,2,5,7,7,1,4,7,643.5,1,0
5,5,2,2,5,2,1,6,5,2,3,2,8,1,627.2,0,0
3,3,9,10,10,1,3,4,5,6,4,2,2,7,704.5,0,0
5,2,8,5,10,1,8,6,5,7,2,2,3,4,706.4,0,0
4,4,7,8,10,1,9,5,8,7,3,2,6,8,729.1,0,0
1,4,1,1,5,2,2,1,6,3,3,2,1,3,559.6,0,0
2,1,5,2,10,2,0,3,3,4,5,1,5,3,571.1,0,0
2,5,3,4,10,1,5,3,7,6,0,2,1,0,657.3,1,0
1,5,5,3,10,1,5,2,5,4,10,1,1,1,605.5,0,0
3,4,1,1,10,1,3,1,9,9,5,1,1,6,627.7,1,0
2,3,8,10,10,1,5,5,8,8,2,2,3,5,688.5,1,0
3,4,1,1,10,1,3,0,9,9,5,1,2,7,629.4,1,0
2,2,2,3,8,1,2,2,4,8,3,2,1,5,633.3,1,0
5,4,10,8,10,1,9,0,10,8,4,1,4,2,705.9,1,0
2,1,5,0,10,2,2,2,4,4,1,1,3,2,586.6,0,0
3,2,6,6,10,1,7,1,10,8,3,2,5,7,717.8,0,0
5,3,8,5,10,1,7,5,8,8,0,2,2,10,731.0,0,0
5,2,8,7,10,1,3,9,10,6,2,1,5,10,737.8,0,0
4,5,6,3,10,1,3,2,9,8,6,2,2,5,654.7,1,0
3,3,3,10,10,1,8,9,10,6,3,2,1,10,703.8,0,0
2,4,9,3,10,1,4,3,10,6,1,2,6,4,698.7,0,0
5,3,4,1,10,1,6,4,7,7,2,2,1,7,693.2,0,0
1,4,5,2,10,1,2,1,7,9,3,1,4,10,632.4,1,0
2,3,2,2,7,1,2,1,4,9,5,2,1,6,619.9,1,0
0,1,3,4,10,1,2,7,3,6,2,1,10,2,639.5,0,0
5,3,7,6,10,1,7,2,9,9,3,2,3,6,743.3,0,0
5,3,6,5,10,1,8,5,9,8,0,2,2,10,741.4,0,0
5,0,10,4,10,1,5,5,9,8,1,2,5,7,709.1,0,0
5,3,6,5,10,1,6,5,8,8,0,2,2,10,734.4,0,0
2,3,7,10,10,1,5,5,8,8,2,2,2,3,686.8,1,0
3,4,3,10,10,1,1,0,7,7,2,1,1,1,628.6,1,0
2,0,8,0,10,2,3,7,1,10,2,1,7,10,648.4,0,0
4,4,4,3,10,2,8,5,7,6,3,1,1,2,613.1,0,0
4,3,5,4,10,1,5,1,10,8,1,2,1,4,711.0,0,0
4,3,10,6,10,1,7,7,10,8,2,2,6,8,770.5,0,1
3,3,10,10,10,2,7,3,4,7,5,2,1,7,696.0,1,2
2,4,6,6,5,1,6,2,4,7,2,2,2,3,653.5,0,1
5,1,5,4,2,1,7,2,8,7,5,2,2,8,683.2,1,2
4,5,5,7,10,2,7,5,6,6,10,2,3,7,660.5,1,1
5,2,4,3,2,1,4,4,4,7,1,2,3,9,670.5,0,3
5,3,3,2,2,2,3,1,1,6,10,1,1,0,555.8,1,3
2,1,8,2,0,2,8,2,4,7,1,2,0,10,677.3,0,3
2,3,10,3,5,1,8,2,2,7,1,2,2,10,695.6,0,3
2,1,10,6,3,2,8,3,5,8,1,2,3,10,706.6,1,3
5,3,2,4,7,2,7,1,8,7,2,2,3,10,710.4,0,3
2,3,3,1,7,2,3,3,8,7,5,1,1,0,598.2,0,2
2,3,5,1,3,1,0,1,3,5,5,2,0,3,588.3,1,1
1,3,3,9,5,1,3,3,4,7,0,2,2,9,655.2,1,1
4,2,2,2,3,1,10,1,10,9,3,2,0,10,706.1,1,3
4,2,6,3,7,1,6,2,5,8,4,2,4,5,672.6,1,2
5,2,9,6,1,1,10,8,8,7,1,2,4,10,718.9,0,3
4,2,3,10,10,1,8,9,5,6,2,2,2,5,731.7,1,3
3,1,5,5,4,1,9,7,9,8,1,1,7,10,702.3,0,3
4,1,7,5,5,1,8,7,9,8,0,1,8,10,717.6,0,3
3,1,7,10,5,2,2,8,3,6,0,2,6,10,695.6,0,3
2,1,2,2,3,1,7,2,7,7,5,2,2,3,647.3,1,1
5,1,3,5,6,1,10,3,10,9,0,2,2,10,740.1,0,3
2,3,4,4,3,2,5,1,7,8,5,1,2,9,645.8,1,1
2,0,5,2,4,2,10,6,3,8,1,2,4,10,690.9,0,3
4,0,5,4,2,1,8,8,10,8,2,2,5,10,741.6,1,3
1,1,5,5,10,1,8,3,10,8,2,2,2,10,717.8,0,0
5,2,10,6,6,2,8,8,6,6,1,2,7,7,709.8,0,3
5,2,6,10,7,1,7,2,10,7,10,1,5,10,680.2,0,2
4,2,2,1,5,2,4,1,5,7,2,2,2,7,648.6,1,3
3,3,1,8,6,1,8,5,3,6,0,2,3,2,678.6,0,1
5,3,6,2,1,2,0,0,4,6,1,1,0,10,612.5,0,3
4,2,4,5,3,1,5,0,10,5,0,2,2,10,678.1,1,3
3,1,4,10,6,2,7,4,2,8,1,2,2,8,689.0,1,3
3,1,4,2,3,1,4,4,7,9,1,2,5,4,671.5,1,3
3,5,5,2,10,2,8,1,7,7,1,2,1,5,664.3,0,2
3,4,6,4,4,1,3,0,9,7,7,2,1,4,651.1,1,0
2,2,6,7,5,2,4,3,5,6,4,2,5,5,650.1,0,2
0,2,4,1,5,2,5,3,2,3,10,2,0,0,569.0,0,1
2,2,10,3,9,2,5,4,1,4,2,1,1,7,621.7,1,1
5,4,5,5,10,1,10,3,10,6,1,2,3,10,714.0,1,3
5,2,4,3,2,2,5,6,5,7,0,2,7,9,684.3,0,3
4,1,4,7,2,2,7,4,2,7,1,2,6,7,685.4,1,3
2,2,3,10,3,2,7,3,5,5,1,2,3,10,672.0,1,3
5,5,6,2,5,1,5,3,3,8,5,2,3,4,679.0,1,3
4,3,7,10,10,1,10,5,3,9,1,2,6,8,754.0,0,1
4,1,9,6,3,2,5,7,2,8,1,1,8,10,692.4,1,1
5,3,10,4,10,1,8,3,7,7,10,2,1,10,693.2,0,1
5,3,5,5,2,2,8,2,7,9,10,2,0,10,635.8,1,3
4,2,5,8,6,1,9,3,5,8,0,2,6,3,730.4,0,3
1,1,10,10,4,1,5,1,5,7,1,2,0,10,704.7,1,3
2,3,5,5,6,1,5,1,5,8,6,1,1,4,608.0,0,1
5,2,3,1,4,1,8,3,5,7,1,2,0,10,663.9,1,1
5,1,3,4,10,2,3,3,10,8,5,2,4,7,688.9,0,2
4,3,10,8,10,1,5,1,10,7,4,2,3,8,726.1,1,2
3,3,3,10,4,2,8,3,5,6,5,1,0,10,602.5,0,3
3,1,10,6,8,1,6,6,8,5,3,2,4,10,727.0,0,1
3,1,8,8,8,1,7,6,8,5,3,2,6,10,730.4,0,1
3,1,10,2,7,1,10,5,4,9,0,2,5,10,732.1,0,3
5,0,10,6,5,1,10,6,10,8,1,2,6,10,760.3,1,3
3,3,3,3,4,1,7,3,8,7,6,2,1,4,630.5,0,1
4,1,3,7,5,1,6,2,9,6,4,2,5,2,679.8,1,1
2,4,0,1,6,1,4,2,6,7,7,2,1,6,625.0,0,2
5,0,5,6,4,1,1,10,5,10,0,1,10,10,720.6,1,3
2,1,3,4,5,1,5,1,4,8,2,1,1,4,621.4,1,1
3,3,2,3,2,2,7,2,8,8,4,1,1,10,637.5,0,1
4,1,4,5,3,2,10,1,4,7,1,2,5,8,653.5,1,1
5,4,1,10,8,1,10,6,7,6,0,2,8,3,693.0,1,3
3,3,4,1,4,1,5,3,4,7,3,2,1,8,665.4,0,3
4,3,7,10,10,2,5,5,10,7,3,2,4,6,717.6,1,3
4,2,10,10,4,1,8,5,4,7,0,2,5,5,731.7,0,3
5,1,7,3,3,2,8,8,4,9,0,2,7,10,721.9,1,3
5,2,3,2,3,2,8,3,7,7,3,2,1,10,674.5,0,2
4,2,10,5,5,2,6,4,4,8,1,2,2,5,692.8,1,3
3,2,5,5,5,1,9,4,10,7,1,2,4,10,734.6,1,2
3,2,5,5,5,1,9,4,10,7,1,2,4,10,726.1,1,2
4,3,8,6,4,1,9,6,10,7,1,2,6,6,727.8,1,2
2,5,3,3,10,1,10,0,3,6,3,1,1,1,597.0,0,1
1,4,8,5,10,2,4,3,6,6,4,2,2,2,652.0,1,1
4,2,3,6,10,1,9,10,8,7,1,2,3,3,712.1,1,1
2,2,7,7,8,2,5,4,5,8,3,2,8,5,669.2,1,3
3,3,3,4,4,2,7,2,7,8,6,2,3,10,688.3,1,1
1,3,3,1,1,1,0,0,2,9,10,2,0,10,590.6,0,0
1,3,1,0,1,1,0,0,2,9,10,2,0,10,585.5,0,0
4,2,8,5,2,2,9,6,10,8,2,2,2,10,738.2,1,3
3,4,1,2,5,2,7,0,7,7,0,2,1,10,616.7,1,3
1,5,1,0,5,2,10,1,5,9,7,2,0,10,611.6,0,2
3,1,2,2,5,2,4,3,10,7,1,2,2,4,642.8,0,1
4,2,7,7,7,1,6,3,5,7,3,2,5,10,680.9,1,1
4,1,8,10,10,2,10,2,10,7,1,2,2,10,753.3,0,3
2,3,4,0,2,1,5,1,8,7,1,1,0,7,622.0,0,0
5,2,8,8,10,1,10,6,10,8,2,2,6,10,779.0,1,3
5,1,10,10,10,1,6,4,8,7,1,2,6,10,773.3,1,3
3,4,5,2,10,1,7,1,4,8,2,2,1,7,674.1,0,3
1,2,9,3,8,1,8,4,1,7,1,2,0,0,658.0,1,1
3,3,5,8,10,1,4,4,8,7,3,2,8,2,688.3,0,1
5,2,10,5,10,2,6,5,9,8,0,2,7,7,702.3,0,1
0,3,10,5,10,2,4,10,5,5,1,2,5,3,665.2,0,1
3,5,3,8,3,1,8,0,1,7,0,1,0,7,635.9,1,3
4,0,10,9,10,2,7,6,6,9,2,2,5,7,737.6,0,0
3,2,7,4,8,1,9,3,6,8,5,1,2,1,662.6,0,1
5,1,8,5,3,2,10,2,4,7,1,2,2,10,694.3,1,3
5,2,2,2,10,1,7,10,10,7,5,1,10,10,692.1,1,1
5,3,6,3,8,2,9,2,10,7,2,2,1,10,702.3,1,2
2,3,2,6,6,1,6,1,10,7,1,1,1,10,688.7,0,3
5,3,2,10,8,2,8,6,5,8,2,2,3,6,679.4,1,0
5,3,3,4,9,2,8,4,5,8,2,2,3,7,662.4,1,0
2,3,1,4,4,1,0,0,10,5,1,1,2,3,622.0,0,0
5,3,2,4,6,1,5,0,10,7,0,2,2,10,727.8,0,3
2,2,5,4,6,1,6,1,4,9,1,2,3,4,672.6,1,1
4,2,5,1,10,2,5,1,4,8,1,2,1,7,655.4,1,1
5,0,3,10,4,1,8,10,10,7,1,2,7,10,748.2,1,3
5,0,10,10,8,2,10,10,10,6,0,2,7,10,746.3,1,3
3,2,3,2,2,2,8,9,8,9,7,2,7,4,681.9,0,3
1,5,0,1,4,1,0,0,10,6,0,2,1,3,625.6,0,1
4,3,8,10,5,1,4,1,8,7,4,2,2,6,700.2,1,3
5,3,8,10,10,1,9,2,4,7,0,2,8,10,748.7,1,3
2,3,6,6,7,2,4,0,1,6,2,1,4,4,628.9,1,2
3,3,10,10,10,1,5,5,10,6,1,2,6,9,732.7,1,1
0,2,2,3,1,1,0,0,5,7,5,1,0,10,587.4,0,1
4,2,10,10,10,1,10,4,9,7,0,2,10,7,780.3,0,3
3,2,10,10,10,1,8,3,10,8,2,2,2,10,753.5,0,2
1,3,3,10,4,1,3,2,3,9,1,1,5,10,663.9,1,2
2,5,9,5,10,1,4,1,2,7,1,2,1,5,648.0,0,2
3,4,5,8,10,2,5,7,8,7,1,2,10,5,703.6,0,3
3,4,8,5,5,1,7,0,6,7,1,2,4,7,676.0,0,1
1,1,6,3,4,2,5,3,1,7,0,2,1,8,635.9,0,3
5,2,7,10,10,2,8,6,8,7,0,2,6,10,754.6,1,3
2,3,3,1,3,2,1,1,4,6,0,1,1,4,571.7,1,1
2,2,8,10,4,2,7,4,5,7,6,2,6,7,650.3,1,3
2,2,4,7,4,1,3,1,3,7,7,1,3,10,621.0,1,3
2,3,10,10,4,1,5,1,6,7,2,2,6,7,718.5,1,2
1,5,4,8,6,1,4,2,7,6,0,1,2,7,623.3,0,1
5,3,0,0,0,1,3,4,10,8,1,1,4,10,661.7,0,1
3,3,5,10,10,2,5,5,8,7,5,2,2,4,695.1,1,3
4,3,10,10,10,2,7,3,7,7,3,2,4,7,732.3,0,2
1,4,2,9,10,2,2,1,7,5,7,2,1,10,621.4,1,2
3,2,10,3,7,1,5,2,6,7,1,2,1,7,679.4,0,1
3,3,10,10,10,1,8,5,8,8,4,2,4,6,719.1,1,1
3,1,4,10,6,1,6,5,10,8,1,2,2,6,705.9,1,2
5,3,5,7,10,1,7,3,10,6,1,2,5,3,700.4,0,3
5,5,0,10,10,2,8,1,1,5,5,1,3,3,610.0,1,2
4,3,10,8,4,2,5,4,10,8,5,2,2,4,677.0,1,1
5,1,4,10,5,1,9,4,4,7,0,2,5,8,735.1,1,3
5,4,6,4,5,1,5,2,5,7,1,2,4,4,675.8,1,3
2,4,6,10,10,2,3,4,2,6,5,1,7,2,625.7,1,2
2,3,3,6,7,2,9,1,7,8,2,1,3,7,656.0,1,3
5,4,7,7,10,2,5,6,2,6,5,2,1,6,659.7,1,3
4,1,2,2,10,2,7,8,5,7,2,2,4,10,701.3,1,3
4,4,10,4,5,1,8,1,6,7,3,2,6,10,716.8,1,1
4,1,7,9,7,2,9,4,4,8,3,2,3,9,697.9,1,1
3,5,5,10,4,2,2,7,5,7,10,1,5,7,628.2,1,2
3,3,10,10,8,1,4,1,2,5,5,2,0,3,632.3,1,2
3,4,6,5,7,2,6,2,10,7,2,1,1,5,646.2,1,1
2,3,10,10,10,1,10,5,8,7,0,2,5,10,742.7,0,0
3,2,5,7,10,1,8,3,8,7,2,2,4,8,724.0,0,2
0,4,3,5,8,1,1,3,7,7,0,2,2,1,633.7,0,1
5,3,2,7,7,1,7,6,8,6,6,1,6,8,683.0,0,1
3,0,10,10,10,2,7,8,5,9,1,2,4,10,725.5,0,0
1,5,0,6,1,2,5,2,6,7,0,1,3,5,591.0,1,1
2,2,2,2,2,1,1,2,5,7,3,2,0,3,633.3,1,1
3,1,10,10,10,2,7,10,10,7,0,1,9,10,748.2,0,1
3,5,8,5,10,2,4,5,10,7,2,1,3,10,664.9,1,1
2,2,10,5,10,2,10,8,5,7,10,2,6,8,701.3,1,1
4,4,4,7,7,1,6,8,4,7,6,2,5,6,685.8,1,1
2,2,4,3,10,1,5,4,4,8,4,1,5,8,653.7,1,1
1,2,10,3,8,2,6,8,4,6,1,2,5,3,672.0,1,1
1,2,5,7,10,1,2,3,2,8,5,1,2,10,629.5,1,1
3,5,5,5,4,2,8,5,8,6,1,1,5,8,659.2,1,1
3,3,10,10,8,1,10,2,10,8,10,2,10,8,745.0,1,1
2,3,5,4,5,2,1,3,2,8,9,1,3,7,597.2,1,1
1,3,5,10,10,2,7,8,10,8,5,2,10,10,733.1,0,1
0,2,6,0,3,2,3,2,10,6,2,1,0,4,600.1,1,1
2,2,4,5,10,2,2,5,1,7,4,2,2,3,625.7,1,1
3,4,6,10,10,2,10,3,3,6,5,2,7,3,700.7,1,3
2,4,8,10,10,1,6,5,9,6,5,2,7,4,713.8,1,1
3,5,7,10,10,1,8,2,6,6,8,1,10,8,684.3,0,1
5,3,5,8,3,1,8,6,6,7,3,2,3,3,696.4,1,2
2,5,9,9,7,2,2,3,6,7,2,2,9,1,674.3,1,2
5,3,10,10,5,1,6,0,10,8,1,2,1,3,694.0,1,2
2,1,5,7,8,2,6,7,5,8,3,2,10,6,701.5,1,1
4,1,3,5,1,1,6,5,10,6,1,1,4,10,695.3,0,1
3,2,2,6,2,1,9,3,7,5,1,2,2,8,675.8,1,2
3,4,3,2,7,2,7,1,9,6,1,2,1,7,625.4,1,2
5,4,4,2,3,2,6,2,3,6,2,2,1,4,612.3,0,2
3,1,5,10,5,1,10,1,6,7,0,2,1,10,691.3,0,3
2,3,8,8,10,1,8,4,6,5,3,1,0,1,646.7,1,2
2,5,1,1,4,2,5,3,10,7,3,1,0,10,603.7,0,1
2,2,4,4,4,1,8,2,10,6,0,2,2,8,686.8,0,1
3,5,1,2,1,2,0,0,3,2,8,1,3,0,524.8,1,3
2,4,6,3,10,2,9,2,7,6,3,2,2,3,681.1,1,2
5,1,6,10,10,2,10,10,3,8,1,2,2,7,747.0,1,2
3,4,6,10,6,2,5,1,6,7,2,2,0,7,650.5,0,3
2,4,6,2,10,1,7,4,10,7,5,2,1,3,685.3,0,1
3,3,4,2,2,2,6,3,10,7,1,2,2,7,653.0,1,3
3,4,10,10,10,2,8,6,1,9,5,1,1,5,665.2,1,2
2,4,10,10,10,1,6,2,5,7,10,1,2,5,655.4,0,2
4,3,7,4,10,1,7,0,7,7,5,2,1,5,674.5,1,2
5,3,10,10,3,2,8,9,1,8,2,1,7,10,700.7,1,3
2,5,2,4,3,1,10,1,1,10,5,1,2,10,597.4,1,1
2,1,5,3,2,1,7,2,4,5,1,2,7,10,656.5,0,3
5,1,5,10,8,2,10,10,4,8,1,2,9,10,752.3,1,3
1,2,3,2,1,1,2,0,5,9,9,2,1,4,596.3,1,2
2,2,4,1,4,2,4,1,4,7,0,2,5,1,631.4,0,2
5,3,4,10,10,2,8,5,5,7,1,2,1,6,679.2,1,1
3,2,8,10,10,1,7,3,2,7,1,2,5,10,721.1,1,1
2,4,6,2,5,1,2,4,2,6,3,2,2,10,641.0,0,3
5,2,5,0,3,2,6,1,4,8,1,1,1,10,618.0,1,3
2,3,10,10,3,2,8,3,5,7,1,1,7,7,667.3,1,2
4,3,8,7,4,2,5,4,5,7,6,2,3,6,682.6,1,2
5,5,2,3,10,1,0,0,1,6,1,2,0,0,588.1,1,2
3,2,4,6,8,2,10,1,3,8,8,2,1,3,653.5,1,2
1,4,4,2,5,1,3,0,1,7,1,2,0,9,624.0,1,1
3,5,5,9,10,1,10,2,8,5,5,2,6,1,650.5,1,2
5,0,10,5,8,1,8,4,5,7,0,2,5,7,755.7,0,1
4,3,7,7,9,2,8,8,10,8,3,2,8,8,705.9,1,3
5,1,6,6,8,1,8,2,8,7,1,2,3,10,732.5,1,1
0,3,7,2,9,2,0,0,3,6,2,2,1,1,585.1,1,2
4,4,10,10,10,1,10,1,10,8,0,2,1,6,731.4,1,3
4,5,7,10,3,2,4,2,3,7,10,2,0,1,622.7,1,2
5,4,10,10,10,1,9,2,10,6,1,2,5,10,746.3,1,2
3,2,4,5,10,2,5,2,5,8,0,2,8,6,693.0,1,3
4,1,8,5,10,2,8,3,8,6,0,1,3,10,706.8,1,3
5,4,1,10,9,2,10,1,6,6,4,2,3,10,682.6,0,3
1,4,4,5,4,1,4,0,3,6,4,1,0,0,591.9,0,1
3,2,2,7,5,1,5,10,4,7,2,1,1,5,641.6,1,2
1,5,5,5,7,1,2,4,6,6,6,2,4,3,626.5,1,0
1,1,7,5,5,1,7,2,8,7,1,2,1,7,681.5,1,3
5,0,8,10,5,1,6,8,8,9,0,2,10,10,785.6,0,1
3,3,2,2,2,1,2,1,5,6,10,1,2,5,571.9,0,1
4,5,6,10,5,1,5,1,7,6,3,2,1,2,650.5,1,1
4,3,5,10,8,1,3,5,10,7,1,2,4,10,722.7,0,2
2,2,10,6,10,2,8,1,10,7,1,2,1,7,695.5,0,2
5,5,3,2,5,1,9,0,10,7,0,2,0,2,661.5,1,1
3,3,4,1,2,1,4,3,5,5,2,1,4,4,602.3,1,0
0,3,2,4,10,2,7,6,1,6,2,2,2,2,628.9,0,1
1,3,10,3,6,1,6,3,2,8,5,2,0,7,672.0,1,2
5,2,4,10,8,2,7,3,4,6,3,2,10,9,697.5,1,3
4,2,3,3,5,1,8,1,7,7,1,2,3,10,683.0,1,1
4,3,6,10,8,1,8,1,3,7,1,2,1,7,706.0,1,1
5,4,5,7,5,2,6,2,6,7,3,2,1,5,662.4,1,2
5,2,8,10,10,1,7,5,6,6,6,2,8,7,716.6,1,2
3,1,3,5,4,1,5,2,8,8,2,1,5,8,698.7,0,1
1,1,2,0,6,1,3,4,4,7,2,2,4,6,631.4,0,0
0,3,7,2,10,2,1,2,10,6,2,2,1,3,632.4,0,3
3,4,1,2,7,2,7,1,10,4,8,2,1,4,609.9,0,2
4,5,3,10,7,1,9,5,8,7,10,2,5,10,715.5,1,3
5,0,4,5,5,1,8,6,4,8,1,2,4,7,709.8,1,0
5,2,8,8,10,1,10,9,10,6,2,2,6,10,771.8,0,2
3,3,6,1,5,1,8,2,10,9,4,2,2,2,687.4,1,1
5,1,5,10,10,1,8,10,10,8,2,2,10,10,797.7,0,1
2,3,1,5,4,2,5,3,8,8,0,2,8,5,634.1,0,3
3,4,5,5,3,1,3,1,5,6,5,2,2,1,636.5,1,3
5,5,7,2,7,1,0,2,8,8,2,2,4,7,646.0,0,1
1,0,10,6,10,1,7,7,10,9,1,2,4,10,728.2,0,0
2,3,1,4,10,1,1,2,3,7,0,2,4,3,626.1,1,3
5,4,8,5,5,2,3,3,8,8,1,2,6,8,680.0,0,3
2,3,6,10,10,2,8,5,6,6,1,2,0,5,691.1,0,2
3,3,5,3,3,2,7,3,5,7,1,2,3,7,640.1,1,3
5,1,10,8,10,2,5,1,2,8,2,2,4,5,685.6,1,2
1,2,2,8,5,2,5,5,5,5,3,2,5,7,653.3,1,2
5,3,10,10,7,1,8,2,6,8,1,2,1,8,727.2,1,3
4,4,2,4,3,1,6,3,10,7,7,2,3,10,661.5,1,1
5,1,2,2,1,1,1,3,3,6,0,2,0,6,627.6,1,3
5,4,10,7,10,2,7,7,5,6,5,2,5,5,680.7,1,2
0,1,3,10,4,1,2,1,7,9,0,2,3,8,690.2,0,0
3,5,6,8,10,2,3,0,4,6,1,2,0,0,609.1,1,2
4,3,6,5,7,2,7,4,7,6,4,1,5,4,648.8,1,3
1,4,5,1,3,1,1,3,2,8,0,2,1,10,614.2,0,1
5,2,5,7,8,2,7,6,4,6,1,2,3,6,682.2,0,3
4,4,10,6,7,1,6,4,9,7,1,2,3,5,700.4,1,0
2,1,6,1,2,1,3,2,3,6,0,2,0,7,632.7,0,2
2,3,5,2,5,1,2,0,9,4,0,1,0,5,614.8,0,1
3,2,3,5,5,1,8,1,10,8,3,2,2,8,692.3,1,0
4,3,7,10,10,1,8,5,10,6,6,2,6,5,724.2,1,1
5,4,8,7,10,1,7,3,5,7,1,2,10,7,740.4,0,1
4,2,4,10,10,2,9,2,5,8,0,2,6,10,701.5,1,3
4,2,4,10,10,2,9,2,5,8,0,2,6,10,701.5,1,3
2,4,3,9,7,2,7,3,10,9,1,2,3,5,680.6,0,2
5,1,4,2,8,1,2,3,8,7,5,2,4,4,674.7,1,0
5,2,5,3,10,1,4,5,3,7,7,2,1,8,653.3,1,0
5,4,10,3,10,2,5,2,7,8,7,2,1,3,647.5,1,0
4,2,5,8,10,2,8,6,8,8,6,2,3,7,688.5,1,0
5,1,5,2,8,1,1,4,8,7,5,2,3,4,676.4,1,0
5,0,4,0,8,2,1,2,6,8,10,2,2,1,630.3,1,0
4,4,7,5,9,1,7,5,8,8,7,2,4,5,697.0,1,0
2,4,4,2,7,1,6,6,10,6,7,1,2,1,654.5,1,0
3,4,8,5,10,1,9,8,7,9,4,2,2,4,681.7,1,0
4,3,10,10,10,1,8,1,5,9,2,2,1,5,713.6,1,0
2,3,10,7,10,1,8,6,3,8,3,1,3,7,690.9,1,0
5,1,4,2,8,1,1,4,8,7,5,2,4,3,674.7,1,0
4,3,6,5,10,1,7,2,4,9,4,2,2,3,696.4,1,0
5,5,10,10,10,1,5,5,10,7,3,2,2,6,710.8,1,0
2,4,5,3,10,1,7,3,5,7,1,2,1,7,667.3,1,0
3,2,7,7,10,1,6,7,2,8,2,1,8,7,711.1,1,0
3,2,8,10,2,1,4,2,3,8,1,2,3,10,680.7,0,1
4,5,4,10,5,2,10,3,6,5,5,2,4,10,653.5,1,2
3,3,8,1,5,2,10,7,10,7,4,2,1,5,688.7,0,3
3,1,7,10,5,1,6,2,10,8,1,2,1,7,714.4,1,3
1,2,7,5,10,1,3,4,4,9,1,1,0,6,642.0,1,1
0,4,6,5,6,1,0,0,1,10,8,1,0,1,592.3,0,1
3,1,7,3,10,1,9,4,7,7,2,2,5,10,710.2,1,3
4,1,5,10,8,1,7,3,9,6,3,2,5,5,715.5,1,1
4,1,2,0,2,1,5,1,7,9,1,2,1,7,623.9,0,0
3,1,3,1,3,1,4,1,7,9,0,2,0,5,666.4,1,3
2,0,10,10,10,2,10,3,5,8,0,2,10,10,706.6,1,0
5,2,10,5,5,1,5,4,10,7,3,2,1,1,695.5,1,1
2,3,3,6,4,1,3,5,8,7,2,2,2,8,673.0,0,1
1,1,1,1,4,1,9,1,10,8,1,2,4,10,673.6,0,2
3,2,4,8,4,1,5,4,5,8,2,2,4,7,684.5,1,1
3,2,7,5,10,1,8,0,1,7,0,2,3,9,693.7,1,0
5,3,8,9,10,1,4,1,10,7,8,2,1,5,675.1,1,2
1,5,4,10,10,2,5,5,7,8,6,1,5,2,623.7,1,3
3,2,7,5,10,2,10,6,7,7,1,2,8,6,722.1,1,2
3,5,10,6,5,2,8,2,10,7,7,2,4,10,664.9,1,2
3,3,9,8,10,2,8,6,3,7,7,2,9,10,706.0,0,0
2,1,10,10,10,1,2,4,4,7,2,2,8,8,716.4,0,2
5,1,2,8,10,1,3,4,8,7,2,2,7,6,729.1,1,3
5,1,5,10,5,1,8,1,5,8,5,2,2,10,704.9,1,2
3,2,5,4,5,2,7,4,8,6,1,2,1,5,672.8,0,2
3,4,6,3,3,1,3,1,10,5,4,2,0,1,644.1,0,1
2,3,6,2,6,1,9,2,1,7,2,2,2,10,659.7,0,2
5,4,8,8,4,1,7,2,2,7,1,1,2,10,659.9,1,3
1,5,8,10,4,1,8,1,1,5,1,1,9,2,659.3,1,1
2,2,4,8,7,2,7,3,2,6,2,1,1,7,630.8,1,1
5,0,5,10,2,1,8,8,5,9,0,2,10,10,773.1,0,1
1,1,3,10,10,2,1,3,6,8,4,2,2,4,672.8,0,1
5,4,5,10,10,2,8,2,10,6,2,2,1,5,685.1,1,3
4,4,5,10,2,1,8,8,10,7,3,2,1,10,697.2,1,3
2,3,6,3,5,1,4,2,3,6,2,2,2,6,641.2,0,1
5,3,6,9,10,2,6,2,7,7,2,2,4,7,698.3,1,1
2,3,4,8,6,2,4,3,5,6,5,2,0,10,646.7,1,1
3,3,4,7,10,2,6,5,5,8,0,1,3,4,662.4,1,1
3,1,5,10,3,1,9,3,5,9,1,2,4,10,722.1,1,0
1,5,6,2,10,1,4,0,2,6,0,1,2,2,603.6,0,0
4,2,10,10,5,2,9,3,10,7,6,1,5,10,705.7,1,2
2,5,3,0,5,2,9,2,1,6,3,1,2,3,581.3,0,2
5,2,5,10,5,2,7,5,3,8,2,2,8,4,714.7,0,3
1,4,1,1,6,2,9,0,4,8,7,2,0,6,573.8,0,1
2,3,10,10,10,2,8,9,3,9,7,2,4,10,709.8,1,3
2,5,3,3,2,1,2,0,1,8,10,2,1,1,598.7,0,1
1,2,3,10,10,2,6,6,7,6,4,1,3,10,672.6,1,2
5,4,2,3,3,1,7,3,9,8,4,2,2,5,681.9,0,1
5,0,10,10,6,1,10,8,8,8,1,2,7,10,785.4,1,2
2,1,7,10,7,2,8,4,6,7,3,2,1,10,674.3,0,2
2,2,5,3,10,2,6,4,10,6,6,1,1,5,637.5,0,2
2,3,4,4,4,1,2,2,1,5,5,1,0,4,604.9,1,0
3,5,10,6,10,1,9,6,10,6,2,2,3,2,698.7,1,3
5,5,3,3,2,1,5,5,6,7,2,2,4,4,643.7,1,1
2,4,5,2,5,2,2,3,6,8,4,2,6,6,621.8,1,0
5,3,6,5,6,1,7,4,4,8,2,2,2,7,675.8,1,2
5,3,10,10,10,1,7,4,5,7,1,1,8,6,720.0,1,2
2,1,8,3,7,2,7,3,6,8,5,2,0,7,672.8,1,3
1,5,3,3,9,1,7,3,10,5,7,1,1,2,618.6,1,1
3,3,5,2,2,1,1,1,8,7,1,2,1,10,642.4,0,3
5,4,8,10,3,1,4,2,10,7,0,2,2,10,697.2,1,2
1,2,5,10,7,1,8,8,8,6,1,2,7,7,718.7,1,2
0,1,2,0,2,1,6,0,1,5,1,2,0,1,587.9,0,0
1,2,5,10,10,2,4,1,2,7,2,1,2,5,644.6,1,2
5,1,1,2,3,1,0,1,2,9,2,1,2,8,633.1,0,0
3,3,4,5,5,1,6,1,10,5,2,2,3,0,645.8,1,0
2,4,10,5,10,2,5,2,3,8,10,2,5,2,645.0,1,3
4,2,8,6,6,1,5,7,8,7,3,2,3,4,701.9,1,0
5,1,9,3,9,1,8,4,5,8,0,2,4,4,727.0,1,2
4,4,5,10,8,2,6,2,5,7,3,2,6,7,696.2,1,3
1,2,5,8,8,2,0,5,7,6,0,2,8,7,696.4,1,2
2,3,10,7,5,2,8,4,3,6,6,2,3,6,654.8,1,1
2,4,2,2,10,2,10,1,6,6,0,2,0,7,663.9,1,2
2,4,9,10,10,2,8,9,8,7,5,2,6,9,717.2,1,1
2,3,8,1,10,2,8,2,5,7,8,2,0,7,640.1,0,1
4,2,5,4,8,1,7,2,3,7,2,2,2,6,663.5,0,1
4,2,5,4,8,1,7,2,3,7,2,2,2,6,663.5,0,1
4,3,4,6,10,2,3,1,10,9,7,2,1,7,641.5,1,1
3,4,4,5,10,2,5,7,5,7,0,2,5,5,687.7,1,3
4,5,4,3,2,1,5,2,3,8,4,2,1,2,638.2,1,2
1,5,3,0,4,1,4,1,8,6,0,1,2,3,606.5,1,1
1,2,8,1,5,1,2,3,6,8,0,1,4,8,642.2,0,1
2,5,4,0,10,2,5,1,2,10,10,1,2,10,587.4,1,1
3,4,7,2,7,1,2,1,3,8,0,2,1,3,662.0,1,3
1,2,6,10,10,2,7,2,5,8,2,2,1,8,710.0,1,2
2,2,3,2,4,1,5,2,6,6,2,2,1,2,618.0,1,2
2,3,10,2,10,1,1,1,10,6,2,2,3,10,686.8,0,0
5,2,4,3,6,1,6,0,6,7,1,2,1,6,650.5,1,1
2,2,7,7,10,1,2,5,9,7,2,2,8,5,690.2,1,1
1,4,1,0,1,2,1,0,4,5,5,1,0,4,525.6,0,1
4,3,4,7,2,1,7,5,8,8,5,2,5,10,715.7,1,1
1,1,4,1,10,2,8,2,5,7,3,2,2,6,645.2,0,1
5,2,1,5,7,1,3,1,5,8,2,2,5,10,669.2,1,2
3,2,10,10,10,2,5,5,5,7,1,2,8,10,747.2,1,3
5,5,5,5,2,1,10,1,10,6,1,2,1,10,697.0,0,2
5,2,10,5,6,1,9,2,3,8,1,2,2,10,723.2,0,1
3,5,4,10,8,2,9,3,5,6,5,2,9,7,670.5,0,3
4,2,4,6,4,1,9,8,4,7,3,1,10,10,675.6,1,0
2,4,2,6,3,1,4,0,4,6,4,1,1,1,595.5,0,1
1,1,6,10,4,1,8,2,10,9,2,2,8,6,694.2,0,1
4,3,3,3,4,1,5,2,3,7,2,2,2,2,666.9,1,3
4,4,6,5,10,1,7,3,3,8,1,2,6,10,745.3,0,3
3,4,2,7,3,2,9,1,10,8,5,1,1,5,592.0,1,2
0,0,10,10,1,2,5,4,1,4,10,1,8,9,642.1,0,2
3,5,9,10,10,2,5,1,6,7,4,2,5,10,689.6,1,3
3,4,8,10,10,2,6,2,6,7,3,2,7,3,691.3,1,3
1,3,10,10,10,1,8,0,6,7,10,2,1,5,696.4,1,1
2,5,2,5,5,1,9,3,10,6,0,2,10,10,678.3,0,3
3,4,10,4,10,1,5,8,4,7,1,1,6,7,694.3,1,0
3,4,10,4,10,1,5,8,4,7,1,1,3,7,685.8,1,0
1,2,10,6,5,2,7,1,3,7,1,2,2,6,658.4,0,3
3,1,10,10,10,1,9,3,3,7,1,2,5,5,711.1,0,1
4,2,7,7,10,2,10,2,4,6,3,2,4,6,714.5,1,2
2,4,6,10,1,1,6,8,5,7,1,2,8,3,699.6,0,1
3,5,4,5,10,2,5,5,4,5,7,2,2,3,641.2,1,2
2,3,7,4,5,2,7,5,4,8,5,2,2,5,648.6,1,1
4,0,5,3,5,1,9,3,8,8,1,2,3,10,725.9,0,3
3,1,10,5,10,1,8,5,7,6,2,2,5,10,710.0,1,1
3,2,10,6,10,1,8,5,7,6,2,2,5,10,706.6,1,1
3,4,5,4,5,1,7,2,2,7,8,2,3,4,656.5,1,2
3,3,5,10,5,2,6,1,5,6,6,2,1,9,662.0,1,2
2,3,5,10,4,2,4,1,3,7,3,2,2,10,661.8,1,2
1,5,7,8,8,2,6,6,7,7,1,2,1,4,679.6,1,1
3,3,7,8,10,2,4,8,4,7,0,1,7,8,685.8,1,1
4,0,10,7,2,2,3,1,2,8,0,2,0,10,699.2,1,3
4,1,6,9,2,2,2,0,7,8,0,2,0,10,678.1,1,3
5,3,4,10,10,2,5,3,7,6,1,2,1,1,660.7,0,3
3,3,10,10,10,2,1,2,4,7,3,2,6,5,697.7,1,2
3,2,7,10,8,1,8,5,8,8,0,2,5,10,746.3,1,1
5,3,4,6,10,1,8,5,10,6,8,1,10,7,698.7,1,0
5,3,4,6,10,1,8,4,8,6,7,2,6,8,701.7,1,0
2,2,3,0,3,1,7,5,4,9,1,1,4,3,660.7,1,1
2,1,8,3,6,2,5,1,10,6,0,1,5,10,649.4,1,0
5,2,10,10,10,1,5,6,3,7,3,2,6,5,731.5,1,3
5,5,5,5,5,1,9,7,10,5,3,1,4,10,662.8,1,0
1,3,4,3,5,2,4,1,6,7,1,1,2,2,596.1,0,0
3,1,1,5,4,2,2,0,8,6,1,1,0,1,584.4,0,1
3,5,4,5,10,2,8,2,6,5,1,2,2,10,679.0,0,0
4,3,5,2,7,1,7,2,6,7,4,2,3,8,669.2,1,1
3,2,10,8,7,1,9,3,10,7,1,2,2,7,721.0,0,2
4,5,7,6,10,2,8,1,9,6,5,2,10,5,710.4,1,1
2,1,5,4,10,1,9,3,8,8,2,2,8,7,715.7,0,2
3,2,10,2,2,1,7,2,7,7,2,2,4,7,688.1,1,2
2,2,10,10,6,2,3,1,10,7,5,2,2,8,671.7,1,2
4,2,5,5,6,1,2,1,10,7,1,2,2,3,661.5,1,1
3,4,7,5,10,2,5,2,7,6,1,2,3,5,667.5,1,1
3,4,10,5,5,1,8,2,4,8,0,2,2,10,677.5,1,3
2,3,7,1,4,2,5,1,2,9,7,2,2,7,617.8,1,1
5,1,8,10,10,1,9,5,2,7,0,2,9,10,739.8,1,3
3,3,6,7,7,2,7,6,7,5,4,2,3,5,684.3,0,2
5,5,6,5,6,2,8,5,10,7,1,2,0,0,675.1,1,2
2,3,5,3,10,2,8,8,10,7,2,1,1,6,671.7,0,2
1,5,2,10,10,2,1,0,3,5,10,2,1,1,561.1,0,2
1,2,5,6,6,1,10,4,8,6,0,2,5,9,694.9,0,2
2,1,8,8,5,2,5,2,4,7,1,2,3,5,682.4,0,2
2,2,5,5,7,1,10,4,8,6,0,2,4,10,700.0,0,2
2,3,2,3,5,2,7,2,2,6,4,1,0,2,615.5,0,2
3,2,10,10,10,2,6,1,7,7,2,2,10,3,700.0,1,1
4,3,10,10,7,1,8,4,5,8,0,2,2,10,699.8,1,1
1,2,5,3,10,1,5,8,4,10,2,2,6,10,728.9,1,1
1,2,5,10,8,1,7,6,6,6,3,2,8,5,709.8,0,1
3,2,10,10,10,2,8,8,6,6,3,2,10,7,706.4,0,1
3,3,7,10,10,2,7,1,8,7,3,1,4,8,676.4,1,2
3,2,8,6,10,2,8,3,5,7,1,2,3,5,692.8,1,3
5,3,7,6,5,1,8,6,6,7,5,2,8,4,696.4,1,3
4,3,10,10,7,1,10,5,3,8,3,2,7,9,762.3,1,3
1,3,5,10,1,1,3,2,1,8,8,1,6,3,634.4,1,1
1,5,3,10,10,1,5,1,5,7,6,2,7,2,641.8,1,1
0,3,1,0,4,2,2,0,3,6,3,1,0,10,546.0,0,3
3,2,3,1,10,1,5,3,6,7,6,1,0,3,643.7,0,1
1,4,6,7,4,1,6,3,7,7,3,1,4,10,660.9,1,1
4,1,6,8,8,1,8,2,3,8,0,2,1,10,706.2,1,3
3,2,5,10,10,2,10,1,4,8,4,2,2,3,682.6,0,2
3,4,6,0,4,1,8,2,10,7,9,2,1,4,632.6,1,2
3,2,4,1,10,1,4,2,6,7,6,1,0,4,638.6,0,1
3,1,5,7,10,1,9,6,8,7,0,1,5,8,710.4,1,1
2,2,3,2,7,2,7,4,5,8,1,2,2,10,667.5,0,0
2,2,4,4,5,1,3,1,6,6,1,2,3,10,680.9,0,3
3,4,10,10,10,1,6,2,10,7,1,1,8,10,707.4,1,1
2,3,7,8,10,2,7,6,8,7,4,2,1,5,661.1,1,0
3,2,4,1,3,1,7,1,2,7,0,2,3,7,661.6,1,3
1,2,3,2,8,1,8,3,7,6,5,2,2,4,681.1,1,2
3,1,10,10,10,1,4,1,10,9,2,2,3,9,731.6,1,3
3,2,6,3,3,2,2,1,5,7,1,2,1,10,640.1,1,2
2,4,10,10,10,1,2,1,1,6,0,2,0,6,642.5,1,0
3,3,10,3,7,1,6,5,10,6,0,2,0,3,668.1,1,2
3,4,2,0,0,1,1,0,2,2,0,1,3,1,572.2,1,1
3,4,2,0,2,1,1,1,2,2,0,1,3,1,573.9,1,1
3,1,10,10,6,2,7,4,7,8,0,2,2,2,693.4,1,2
4,3,4,4,5,1,7,1,8,7,1,1,1,5,635.6,1,2
5,4,3,3,2,1,4,3,2,7,1,1,2,2,612.3,1,3
4,4,3,10,2,1,3,2,4,7,2,1,1,3,634.8,1,1
1,4,5,4,3,2,2,0,1,4,5,1,0,0,545.2,1,2
2,4,2,2,10,2,3,5,1,7,0,2,6,10,637.6,1,3
0,0,5,0,10,2,9,5,1,7,1,2,0,10,637.6,0,1
1,3,6,6,6,1,4,5,7,7,5,2,8,6,672.8,0,1
4,2,6,6,8,2,7,3,5,8,1,2,1,7,699.8,1,2
5,4,3,2,10,1,7,4,6,8,2,2,2,8,691.5,1,2
2,4,8,7,4,1,6,1,8,7,1,1,3,3,642.4,1,2
3,4,5,10,7,1,8,2,7,7,1,2,5,6,718.7,1,3
5,1,3,7,3,1,0,0,7,8,7,2,1,9,657.7,1,1
1,3,10,2,4,2,3,1,7,2,8,1,0,0,557.9,0,2
4,2,4,4,5,2,2,2,3,6,2,1,3,5,627.6,1,0
5,2,10,10,10,1,8,4,9,7,2,2,1,6,749.7,1,1
3,5,10,3,10,1,4,3,10,8,0,1,1,8,666.8,0,1
5,3,9,10,10,2,7,3,10,7,1,2,7,10,743.1,1,2
5,1,3,10,10,1,10,5,3,7,2,2,10,10,726.4,0,1
1,2,2,3,6,1,3,8,7,8,1,1,1,2,630.5,0,1
2,3,8,5,3,1,6,4,8,7,2,2,2,8,691.7,0,2
4,1,9,6,10,2,9,3,5,8,5,2,3,5,703.2,1,1
1,2,10,8,10,2,5,4,4,5,4,2,6,6,690.5,1,3
3,2,9,5,9,1,7,4,3,7,6,2,3,6,672.0,1,1
3,2,9,5,9,1,7,4,3,7,6,2,3,6,672.0,1,1
2,3,6,6,5,2,3,4,4,5,6,2,7,4,637.8,1,1
1,2,5,4,4,1,5,6,2,4,5,1,3,5,625.3,0,1
3,3,6,4,10,1,3,4,4,7,1,2,3,5,684.1,1,0
3,2,10,1,6,1,5,6,6,9,4,2,5,10,684.9,1,1
2,1,10,8,10,1,6,4,6,8,1,2,4,10,694.9,0,1
2,1,1,1,0,1,10,3,5,8,0,2,3,10,633.5,0,1
2,3,5,5,6,1,4,6,8,7,5,2,8,5,693.4,1,1
5,3,1,0,2,2,2,0,1,8,6,2,2,10,593.6,0,1
2,5,3,9,10,2,4,0,3,6,5,2,0,3,629.3,1,1
5,3,7,10,10,1,6,5,10,6,10,2,8,7,727.6,0,2
2,4,2,6,2,2,7,4,4,9,5,1,2,10,630.1,1,2
2,3,2,5,2,2,7,3,3,9,5,1,3,10,643.5,1,2
3,1,4,5,3,2,3,1,4,6,1,2,0,2,648.2,1,2
1,2,1,1,2,2,2,1,1,8,1,1,1,10,580.0,1,2
3,3,3,3,3,2,6,2,3,8,4,1,1,9,621.2,0,3
1,3,10,9,10,1,3,4,6,5,5,2,1,2,662.0,1,2
5,0,6,4,10,1,8,2,10,7,1,2,1,8,734.6,1,2
1,0,4,6,3,2,4,2,6,7,2,1,0,5,601.2,1,2
5,1,5,4,1,1,10,10,8,5,1,1,3,10,672.6,1,3
3,4,10,8,10,1,9,7,8,8,5,2,7,10,758.2,0,2
2,3,5,2,10,1,4,2,8,7,4,1,2,3,613.5,1,1
1,3,5,2,6,1,3,4,5,8,0,2,1,2,645.4,0,0
2,2,7,8,9,1,10,5,4,8,7,2,2,10,691.1,1,0
2,3,6,3,5,1,0,7,5,8,0,2,1,2,636.9,1,1
3,4,5,8,6,1,7,3,8,7,5,1,5,6,667.9,0,2
2,3,10,3,3,2,2,2,6,7,1,1,2,5,636.9,1,0
2,2,4,7,6,1,2,2,2,7,9,1,1,10,631.0,1,1
3,3,6,5,7,1,7,3,10,7,2,2,2,10,690.4,0,1
3,2,6,0,10,1,2,1,3,7,2,1,1,8,634.6,1,1
1,1,6,9,10,2,0,1,1,5,3,1,0,1,596.4,1,1
1,1,4,7,3,1,5,6,6,8,3,2,2,4,664.3,1,0
0,0,0,0,0,1,0,0,1,1,0,1,0,0,548.0,1,3
2,3,3,3,6,2,5,3,5,7,3,2,2,10,674.1,0,1
0,1,3,10,6,2,10,7,10,7,3,2,6,10,709.1,0,2
2,3,6,7,3,1,3,1,10,7,0,2,2,5,654.7,0,1
3,5,7,8,10,2,10,4,5,4,0,1,7,10,673.5,1,1
1,3,2,1,6,2,2,4,5,6,6,1,1,4,575.3,1,3
5,3,10,10,10,1,7,2,2,8,2,2,2,10,726.4,0,2
2,4,0,0,3,1,0,0,7,7,0,2,0,4,581.0,0,1
2,4,4,4,7,2,6,0,5,6,2,2,0,5,617.8,0,1
5,3,2,10,5,2,6,4,1,6,1,1,6,4,674.8,1,1
4,1,2,3,2,2,4,5,5,7,0,2,1,10,646.9,0,1
5,1,3,2,6,1,1,3,8,7,3,2,2,6,656.0,1,3
4,2,8,10,10,1,7,5,7,7,0,2,8,2,722.1,1,3
5,3,10,10,8,2,7,7,10,8,10,2,1,6,688.9,1,2
2,2,7,4,8,1,1,1,8,8,5,1,1,4,606.9,1,2
2,5,2,3,5,1,5,1,10,8,4,1,5,10,690.6,0,2
2,2,3,4,3,2,6,0,4,7,2,1,1,5,587.2,0,1
2,2,3,4,3,2,6,0,4,7,2,1,1,5,587.2,0,1
3,2,3,5,0,1,4,8,7,8,4,1,3,7,664.5,1,1
2,5,5,10,2,1,9,1,3,8,5,2,6,5,679.0,1,2
5,4,10,10,10,1,4,6,10,8,8,2,4,10,755.2,0,0
2,2,4,3,5,2,3,2,10,5,1,2,1,2,608.4,0,2
3,4,8,7,6,1,3,1,9,7,2,2,1,1,635.8,1,2
4,2,4,10,6,2,3,1,8,7,0,2,4,7,688.3,1,3
3,4,6,10,9,2,8,3,5,8,7,2,2,10,710.0,0,2
1,5,5,3,4,1,8,3,5,7,1,1,3,10,646.9,1,1
5,3,10,2,4,1,9,6,4,7,0,1,3,10,696.0,1,3
1,3,1,5,6,2,1,2,1,7,3,1,0,0,571.3,1,1
1,4,5,1,10,2,2,1,5,7,0,1,5,10,595.9,1,0
5,2,10,5,10,1,8,3,10,8,2,2,2,6,705.9,0,1
4,2,1,1,8,2,8,3,1,7,3,2,0,10,646.1,0,2
4,3,3,10,8,1,5,2,10,8,4,1,4,6,688.9,0,1
5,0,7,10,10,1,9,8,10,6,1,2,8,8,773.5,0,2
2,2,2,4,4,1,5,1,1,6,1,1,1,6,605.1,1,0
3,5,6,10,10,2,3,1,2,6,1,2,1,7,680.1,1,3
4,3,6,9,10,2,8,7,9,8,4,2,6,7,715.9,0,2
4,1,5,4,10,2,6,2,4,5,0,1,6,10,668.4,0,2
2,1,2,1,2,1,7,0,6,8,1,2,1,6,638.8,1,2
5,1,4,6,10,1,5,2,8,8,1,2,10,10,734.4,0,2
1,1,4,2,2,1,2,1,2,7,1,1,1,4,597.0,0,1
4,3,7,10,10,2,10,2,6,7,5,2,4,5,689.6,1,3
2,2,3,3,5,1,4,1,5,7,0,1,5,5,640.1,0,1
1,5,3,1,6,2,2,2,6,6,3,2,0,10,611.2,0,1
1,5,3,1,6,2,1,0,6,6,5,2,0,10,602.7,0,1
5,5,5,10,10,2,10,1,10,6,10,2,8,10,698.7,1,3
4,4,3,3,3,1,2,2,7,8,2,1,1,4,632.2,1,3
5,5,2,2,10,2,2,4,10,6,1,2,8,10,676.6,0,3
5,4,0,2,6,2,2,4,10,8,10,2,10,10,637.9,0,1
1,4,4,5,2,1,0,0,1,8,1,1,0,0,559.6,1,1
2,4,2,4,10,2,6,1,4,8,3,2,1,10,663.9,1,2
2,5,7,4,9,1,7,3,5,9,2,1,7,6,633.7,1,0
3,1,3,3,5,2,6,3,5,6,2,2,0,4,624.6,0,1
3,1,3,3,5,2,6,2,5,6,3,2,2,1,622.9,0,1
3,3,4,2,2,1,10,1,8,8,5,2,0,2,640.9,0,2
2,1,5,0,4,2,3,2,10,9,1,2,0,0,610.9,1,1
5,3,4,5,10,1,10,4,10,7,4,2,2,7,697.2,1,2
4,5,1,10,7,2,6,2,8,7,2,2,2,4,661.1,0,2
3,3,2,2,7,2,5,2,6,6,4,1,1,10,623.1,1,2
4,2,5,5,2,1,4,1,7,8,1,2,1,5,671.3,1,3
1,0,4,5,9,1,0,0,8,7,0,2,0,10,657.7,0,0
3,2,2,10,2,2,3,4,4,6,3,2,4,1,614.2,0,3
3,0,4,7,10,1,8,3,7,7,2,2,5,6,684.7,1,1
2,1,5,7,3,2,5,4,6,8,0,2,1,10,694.9,1,2
2,0,8,6,8,1,9,6,2,7,2,1,4,10,714.3,1,1
4,1,4,4,2,1,7,4,7,7,5,2,1,10,672.8,1,2
2,4,3,8,9,2,7,2,7,6,1,2,8,2,672.6,0,2
2,1,4,2,9,1,6,2,3,8,2,2,5,3,673.9,1,1
3,4,4,5,10,1,7,5,8,8,7,2,2,4,674.9,1,0
3,2,5,2,10,1,5,1,4,6,3,2,1,7,661.8,1,1
2,4,2,6,3,1,6,1,6,7,0,2,0,7,626.7,1,1
1,4,2,6,5,1,3,1,8,7,10,1,3,2,593.1,1,1
3,3,1,2,1,1,6,6,10,8,7,1,5,10,651.5,0,1
3,5,5,10,1,2,6,10,2,8,1,1,5,9,687.3,1,2
5,3,5,3,4,2,7,2,2,7,4,2,1,8,678.6,1,3
4,3,4,8,10,1,9,6,4,6,4,2,6,8,736.6,1,3
5,1,10,3,3,1,8,6,8,7,1,2,1,5,698.5,1,1
0,3,6,2,10,2,9,4,4,8,1,1,3,7,628.2,0,1
5,3,6,10,10,2,7,2,3,7,5,2,1,7,694.1,1,3
1,3,2,7,5,2,3,7,6,8,7,1,1,10,637.1,1,2
1,3,10,10,10,1,7,5,7,7,3,2,7,4,701.7,1,1
1,1,7,0,3,1,1,1,2,8,2,1,1,6,602.3,0,1
4,5,10,4,6,1,2,7,2,7,5,2,3,8,671.8,1,2
4,5,3,6,3,2,9,5,5,6,0,2,3,7,655.2,1,3
4,2,0,5,10,1,2,1,10,5,5,1,3,7,644.1,0,2
3,3,5,6,9,1,9,4,6,8,5,1,10,8,696.6,1,2
4,1,2,4,7,1,5,4,2,4,2,1,5,7,623.6,0,1
3,4,5,10,10,1,9,1,9,6,5,2,2,7,688.3,1,2
1,3,3,6,3,1,6,2,10,6,4,2,3,7,651.1,0,1
5,3,6,5,5,1,2,1,5,7,1,2,2,3,686.0,1,3
3,4,3,4,7,1,1,1,10,7,5,2,4,10,663.2,0,1
2,5,2,7,5,2,4,0,1,5,0,2,1,1,596.4,1,3
0,2,6,0,4,1,4,0,1,7,3,1,1,3,579.8,0,1
0,1,5,1,10,2,3,0,2,6,1,2,0,1,610.4,0,1
2,4,10,2,10,1,6,6,10,5,5,2,2,5,684.9,1,2
1,2,5,1,3,1,10,1,6,8,0,2,5,10,674.5,0,0
1,1,0,1,1,2,0,1,2,2,1,2,1,1,568.8,0,0
3,4,5,4,10,2,8,3,5,6,2,2,5,7,643.3,1,2
3,4,7,10,8,1,9,4,10,9,7,2,5,10,729.9,1,3
1,2,5,10,7,2,0,5,3,8,4,2,8,7,660.3,1,1
5,1,7,5,4,1,9,3,7,8,0,2,6,10,710.4,1,3
3,4,10,10,10,1,7,2,10,5,2,1,1,3,659.4,1,2
3,2,10,10,10,1,8,4,10,7,4,2,6,5,739.7,0,2
2,3,3,3,5,2,2,3,9,6,8,2,2,9,628.8,0,1
3,3,6,5,5,2,0,4,8,4,4,2,2,5,643.5,0,2
2,4,6,4,10,2,2,3,4,6,8,2,1,7,631.2,0,1
1,1,10,5,6,1,10,4,1,7,3,2,1,10,675.0,1,1
4,5,1,0,2,2,7,2,10,8,4,2,2,7,624.3,0,1
5,1,7,10,10,1,9,7,5,8,0,2,7,10,744.0,1,3
3,4,5,4,4,1,6,3,5,10,6,1,4,5,635.6,1,2
2,4,2,7,1,2,3,2,6,9,1,2,2,5,640.7,1,3
5,2,4,1,2,2,8,4,10,8,5,2,3,6,656.6,1,3
2,3,1,4,10,2,6,2,9,5,3,2,0,10,654.1,0,0
3,2,5,5,7,1,7,1,3,7,0,2,3,5,660.1,0,2
5,2,4,2,2,2,8,1,9,8,3,2,1,5,644.5,1,3
5,3,10,8,4,2,8,3,1,6,0,2,3,7,679.9,1,3
3,2,6,6,9,1,5,3,10,6,1,2,1,10,690.2,0,1
4,1,5,2,5,1,1,3,6,9,3,1,1,9,622.0,0,1
3,3,6,5,10,2,5,4,5,8,1,2,4,7,699.8,0,0
3,4,10,7,8,1,8,8,7,8,6,2,2,8,722.3,0,0
4,0,6,3,10,1,5,2,10,8,3,2,2,10,700.8,0,0
5,2,10,6,10,1,7,8,8,8,3,2,8,10,753.1,0,0
4,1,5,5,5,1,1,6,10,5,2,2,5,10,667.9,0,0
5,2,10,10,10,2,10,6,8,10,3,2,7,10,772.2,0,0
2,1,10,8,4,1,6,3,8,7,2,2,2,5,708.7,1,0
1,2,1,7,10,2,7,5,7,6,3,1,2,4,623.3,1,2
2,2,4,9,10,1,9,2,1,6,4,2,2,7,649.3,0,1
2,2,6,6,9,2,6,7,6,7,4,2,7,7,684.5,1,2
1,5,4,4,4,2,2,1,5,9,2,2,0,3,611.6,0,3
3,2,1,2,4,1,5,2,6,7,2,1,2,2,626.7,1,1
1,0,5,0,7,1,9,1,5,7,0,2,1,6,658.8,0,1
2,5,8,3,4,2,5,4,4,6,10,2,1,5,602.3,1,1
5,2,6,6,10,1,2,2,6,8,0,1,5,10,706.8,0,1
2,1,7,6,10,1,8,6,8,6,2,2,7,2,703.4,1,3
3,2,4,4,6,1,5,0,8,8,5,2,1,3,630.7,1,2
3,3,7,7,2,2,8,0,2,4,4,2,0,5,633.8,1,1
0,1,1,0,2,2,0,2,2,5,1,2,0,1,569.4,0,1
3,5,3,10,10,1,7,1,2,6,2,1,2,3,661.4,1,2
1,4,5,8,10,2,6,0,4,4,6,2,1,7,634.2,0,2
1,4,2,10,3,1,7,5,1,6,5,2,2,5,615.3,1,2
4,3,10,10,4,2,0,2,10,7,2,1,1,10,649.6,0,3
2,2,4,3,2,2,3,7,4,5,4,2,6,4,631.0,0,2
4,5,6,5,3,1,0,1,5,7,5,2,5,2,655.4,1,1
1,5,5,5,5,1,1,1,1,5,8,1,1,2,560.7,0,2
2,2,3,2,3,1,7,5,8,6,0,2,5,7,672.8,0,1
2,1,10,10,4,1,3,3,5,7,2,1,5,10,679.2,1,2
2,5,3,2,3,2,6,3,7,5,3,2,3,5,609.5,1,3
1,2,3,10,10,1,9,4,1,7,1,1,10,5,671.6,1,2
2,2,5,6,10,1,3,2,3,6,3,2,3,7,680.3,1,1
3,1,3,7,2,1,7,4,4,7,1,2,4,9,684.1,0,1
4,1,3,5,2,1,7,5,4,7,2,2,3,10,679.0,0,1
1,4,2,4,10,1,5,1,4,7,3,2,2,7,638.2,1,0
4,3,6,7,10,1,6,4,6,8,2,2,1,6,703.4,1,0
5,4,8,10,5,2,7,4,8,6,10,1,5,10,650.7,0,2
4,5,2,7,3,1,6,2,5,6,4,2,1,3,648.4,1,2
4,3,5,10,10,1,2,6,10,8,0,2,1,10,721.2,1,1
1,4,7,5,10,1,9,3,9,6,0,2,3,4,695.1,1,1
4,5,4,7,1,1,7,1,3,8,3,2,4,4,662.0,1,1
4,4,9,8,10,2,9,4,5,7,3,2,4,8,692.8,1,3
1,5,1,1,2,2,2,0,4,6,1,1,1,3,564.9,0,3
2,2,5,2,7,1,7,2,7,7,3,2,3,3,684.7,0,1
3,3,3,5,3,2,3,6,4,7,1,2,1,3,639.9,1,3
2,4,6,1,10,1,5,1,3,7,10,2,0,1,614.2,1,2
3,2,3,10,4,2,4,7,6,7,4,2,4,7,670.9,0,3
4,3,3,2,6,1,9,5,10,8,3,2,2,7,705.9,1,2
2,3,8,5,10,1,7,4,6,7,1,2,1,7,710.0,0,2
1,3,2,10,5,2,5,4,4,5,3,2,7,4,637.8,1,3
2,0,6,4,7,2,5,10,10,8,0,2,10,10,673.6,0,1
1,4,3,4,10,2,6,0,7,8,0,2,3,5,647.5,1,1
3,3,7,6,4,2,8,5,5,7,2,2,0,10,650.3,1,3
2,5,10,10,10,2,7,3,8,7,2,2,1,5,686.6,0,2
5,0,10,2,10,2,6,3,6,7,2,2,10,3,737.2,0,2
3,3,3,3,3,1,9,1,10,7,0,2,2,10,702.3,0,3
1,4,3,3,9,1,6,3,4,7,6,2,2,3,636.5,1,0
1,3,6,10,2,2,5,5,6,7,4,1,6,10,645.4,1,2
1,5,3,3,1,2,6,3,10,5,10,2,2,10,622.0,0,2
3,2,2,5,4,2,5,1,3,8,0,2,2,5,641.6,0,3
2,4,4,2,6,2,2,2,4,6,7,2,2,4,590.4,1,1
1,2,2,1,6,2,6,3,10,5,1,1,5,1,616.9,0,2
2,5,2,1,0,1,4,3,10,5,1,1,1,3,601.6,0,1
0,5,0,1,1,1,3,2,10,5,2,1,2,2,599.9,0,1
2,3,2,2,8,1,3,3,4,5,1,1,2,7,610.6,0,1
3,1,10,5,8,2,9,6,7,6,2,2,5,5,682.8,1,1
2,1,4,4,2,1,7,2,10,7,1,2,1,5,671.7,0,2
3,1,2,5,10,2,9,8,10,8,0,1,8,8,724.6,0,0
4,1,5,9,7,1,7,5,10,6,0,2,3,10,732.7,1,0
4,1,10,5,10,1,4,4,10,7,1,2,3,10,744.8,0,1
2,5,10,10,5,2,5,2,5,6,0,1,0,10,629.7,0,3
2,3,3,1,4,1,2,0,2,8,5,1,0,10,605.7,1,1
2,3,2,5,7,1,4,1,5,7,0,2,0,6,652.0,1,1
3,2,10,8,10,1,7,5,7,6,2,2,7,4,744.0,0,1
2,4,5,10,4,2,5,1,5,7,8,2,0,3,626.5,1,2
2,3,2,3,3,2,3,1,2,6,3,1,1,1,567.9,1,1
1,3,3,4,3,1,7,2,6,7,0,2,1,10,696.4,1,3
3,4,10,4,3,2,6,6,10,6,0,2,6,2,674.9,1,1
3,3,5,8,6,2,3,3,3,6,2,2,5,1,632.7,1,2
2,4,7,4,5,2,7,2,1,9,0,2,1,10,649.9,0,2
3,1,10,7,3,1,7,4,7,8,0,1,5,10,712.1,1,3
4,5,4,10,5,1,2,2,5,7,7,2,2,10,657.1,0,3
4,5,5,10,4,1,2,2,5,7,7,2,2,10,667.3,0,3
2,1,4,10,10,1,8,3,6,5,3,2,2,6,709.6,0,1
4,1,6,7,5,1,7,1,10,7,1,2,7,10,693.8,1,3
1,5,10,4,3,1,7,1,5,7,2,2,2,5,652.0,1,1
4,4,5,7,5,1,5,1,1,8,1,2,4,4,676.9,1,3
1,1,3,0,7,2,7,2,4,7,0,2,5,10,617.8,0,1
2,5,1,8,3,1,3,0,4,8,8,1,2,9,601.0,1,0
5,3,3,5,2,2,4,1,7,6,4,2,1,8,647.1,1,3
3,3,4,2,3,1,4,1,8,7,1,2,1,5,649.2,1,1
2,2,10,5,10,2,7,5,7,8,1,2,1,5,667.9,0,3
2,1,5,2,3,2,1,1,5,7,3,2,1,5,612.9,1,2
3,0,3,6,3,2,9,4,5,9,0,2,4,10,700.0,0,1
5,3,2,3,5,1,2,1,8,7,4,2,2,1,674.7,0,2
2,3,2,10,10,2,4,3,9,7,1,2,4,5,681.7,1,1
5,1,6,2,5,2,5,4,6,6,0,2,2,7,655.4,0,1
5,0,4,10,10,2,8,3,5,7,0,2,1,3,708.1,1,3
4,2,3,8,4,2,9,3,10,6,0,2,3,10,712.3,0,3
2,4,2,2,8,2,7,1,4,7,0,1,2,3,592.3,1,1
2,4,2,3,4,2,8,4,3,8,7,2,1,8,626.3,1,1
2,4,4,3,1,1,0,1,2,6,2,2,1,1,612.1,0,2
3,4,2,7,6,2,7,2,2,6,4,2,1,4,625.7,1,2
2,3,4,1,10,1,7,3,1,8,1,2,0,10,663.3,1,1
2,4,7,7,5,2,3,1,5,5,1,2,4,2,629.5,1,1
2,5,5,8,7,1,8,7,7,6,5,2,5,3,687.9,1,2
3,2,6,9,7,1,9,7,6,7,5,2,8,9,706.6,1,1
2,2,7,5,6,1,7,8,6,7,3,2,8,8,694.7,1,1
5,2,6,10,6,2,5,3,5,8,1,2,4,7,693.0,0,2
2,4,1,1,2,2,2,0,2,8,3,2,0,2,568.3,1,3
3,2,3,10,10,1,7,2,8,7,2,2,5,10,720.6,0,3
1,5,3,5,2,2,0,1,10,5,7,1,2,10,582.9,0,1
5,1,10,4,10,2,8,2,7,8,0,2,2,10,722.3,1,2
5,2,10,10,10,2,8,2,7,8,0,2,2,8,715.5,1,2
3,3,5,7,5,2,1,4,6,6,1,2,4,5,684.3,0,3
1,5,2,3,0,1,8,2,3,6,8,1,0,8,573.2,1,1
3,1,4,10,10,1,8,5,10,7,0,2,4,10,727.8,0,1
1,2,10,8,10,1,7,2,8,8,1,1,1,7,683.4,1,0
4,2,6,4,10,2,9,5,2,8,1,2,4,8,665.2,1,3
4,5,9,8,10,2,10,4,8,6,2,2,5,7,717.0,1,3
2,1,4,10,2,1,4,3,5,10,2,2,6,3,684.9,1,1
3,4,10,10,4,1,4,5,2,6,1,2,5,7,683.5,1,2
3,4,7,6,4,1,3,1,3,7,1,2,3,10,655.0,1,1
4,4,4,10,9,2,5,1,9,6,7,2,2,3,649.2,0,3
1,3,8,0,2,1,1,3,10,7,3,1,1,10,593.5,0,2
1,4,3,4,2,1,5,4,2,6,8,1,0,1,576.4,1,1
2,5,1,1,3,2,2,4,1,8,2,1,0,10,591.9,1,1
2,5,2,3,2,1,3,2,1,6,8,1,1,2,567.7,1,1
5,5,8,10,3,2,8,5,10,7,2,2,2,8,688.7,0,2
2,1,4,4,3,1,3,4,5,4,5,2,3,4,637.8,1,2
1,1,3,4,3,1,3,3,3,4,3,1,3,3,606.8,1,2
5,1,6,4,5,1,9,7,5,7,5,1,2,3,657.1,1,3
2,4,5,2,6,1,2,1,2,7,0,1,0,5,608.9,0,1
4,2,10,10,10,1,9,6,10,8,0,2,9,7,763.7,1,1
3,1,10,8,5,1,10,3,10,7,1,2,2,10,753.3,1,3
3,2,7,5,2,2,2,2,3,6,5,2,2,6,629.3,1,2
1,5,10,1,6,2,8,6,4,7,10,2,0,10,622.9,0,1
1,5,5,2,4,1,7,6,4,6,1,1,8,1,632.9,1,1
3,3,6,5,10,1,8,5,10,8,1,1,6,7,714.4,1,1
4,2,10,4,10,2,7,4,10,10,4,2,6,10,730.1,1,1
5,3,4,10,5,1,5,1,6,5,7,2,9,5,677.3,1,3
4,2,10,8,10,1,10,2,8,8,0,2,2,10,725.9,1,1
5,3,5,3,4,1,5,1,1,7,4,2,2,4,651.2,1,1
4,2,10,10,10,1,8,8,8,7,4,2,3,10,752.9,1,2
3,5,10,2,10,2,8,2,6,8,3,2,1,0,642.2,1,3
1,2,8,6,1,2,2,2,10,7,3,1,3,5,632.6,1,2
3,4,7,2,10,1,7,1,9,6,3,2,4,4,671.3,1,1
5,2,2,10,10,1,9,2,4,6,10,2,3,10,689.0,0,2
2,1,5,10,4,2,1,1,10,6,4,1,3,10,659.6,1,3
5,3,5,6,8,1,3,10,3,7,6,2,2,10,683.9,1,3
1,4,3,10,8,2,7,3,3,7,7,1,8,7,670.3,1,0
4,2,3,8,2,1,3,2,1,8,2,2,3,5,641.2,1,1
2,1,4,7,7,1,6,4,7,7,2,2,7,9,715.3,1,1
3,3,7,8,10,1,8,6,10,8,1,2,7,7,745.0,1,3
3,5,2,1,7,2,7,2,6,8,5,1,1,3,609.9,0,2
1,3,2,3,3,2,1,3,7,7,2,2,0,6,601.4,0,2
1,1,10,10,5,1,5,3,5,8,3,2,7,10,706.6,1,3
4,2,5,5,10,1,5,2,4,6,1,2,2,7,695.8,1,1
4,1,10,5,4,1,5,1,2,6,2,1,1,10,647.8,0,2
1,2,10,4,4,2,6,3,4,7,3,1,3,10,643.3,0,2
2,2,5,5,4,1,5,5,6,6,4,2,3,3,652.0,0,1
3,2,1,1,2,2,7,0,8,8,0,2,2,5,622.2,0,2
5,2,8,7,3,1,6,1,4,8,0,2,1,5,701.3,1,1
1,3,10,5,5,2,6,3,5,6,2,2,0,2,643.3,1,2
1,2,6,2,3,2,6,1,9,7,1,2,1,5,647.7,0,1
3,1,6,10,10,1,7,7,4,7,2,2,3,10,740.2,0,2
3,4,6,8,10,1,5,2,2,7,2,2,6,3,680.3,1,3
4,2,5,4,8,1,6,3,9,7,1,2,3,10,722.5,1,1
5,3,3,2,6,2,5,2,5,7,1,2,1,5,638.4,0,3
2,1,7,4,5,1,10,4,4,9,9,2,4,7,659.0,1,0
5,3,10,4,5,2,7,10,4,8,1,2,3,10,696.2,1,3
5,3,3,3,1,2,5,2,3,4,7,2,1,7,605.1,1,3
2,4,10,10,8,2,8,5,5,6,0,2,8,7,701.1,1,3
5,4,8,10,2,2,3,3,4,6,7,2,2,4,644.8,1,3
3,3,3,3,6,1,6,3,8,7,7,2,1,4,656.0,1,3
5,1,5,10,3,1,5,2,7,8,2,2,1,10,707.0,1,3
1,2,8,5,5,1,7,3,6,8,5,2,2,6,672.8,0,2
5,2,6,4,3,1,4,0,3,7,3,2,0,2,636.3,1,3
5,3,6,10,10,1,10,10,7,8,5,2,10,10,785.2,1,3
5,0,10,10,2,1,4,4,10,8,0,2,2,10,731.4,1,3
5,2,10,10,5,1,8,6,9,8,1,2,8,10,763.5,1,2
3,2,10,10,10,2,5,7,6,9,1,2,6,10,746.1,1,1
3,5,3,5,7,2,10,3,5,7,4,2,0,10,674.1,1,3
5,5,4,1,5,2,7,0,6,7,7,2,0,7,626.7,1,3
5,1,4,7,7,1,10,7,4,8,1,2,4,7,713.2,1,3
1,1,10,5,1,2,9,2,1,8,0,2,2,7,670.1,1,3
5,2,4,2,10,2,7,7,7,5,1,2,2,4,648.6,1,3
3,4,3,10,10,1,5,3,7,8,7,1,4,5,649.2,1,2
5,4,6,9,10,2,10,6,2,9,2,2,4,9,696.0,1,2
5,3,10,9,3,2,5,2,1,8,3,2,4,7,668.4,1,3
5,3,10,5,10,2,5,3,10,8,1,2,2,10,704.2,1,3
5,4,10,10,3,1,10,5,10,7,0,2,4,10,755.0,1,3
3,2,1,2,5,1,6,3,10,7,10,2,1,4,651.3,0,2
5,2,6,10,10,2,10,4,10,8,0,2,8,10,772.2,0,3
5,5,0,3,10,2,8,9,7,6,10,2,8,10,689.6,1,2
5,5,3,3,10,2,8,8,7,6,10,2,8,10,704.9,1,2
4,3,10,6,6,1,9,3,3,7,8,1,3,8,689.0,1,2
5,3,2,2,3,1,3,3,10,7,9,2,2,10,619.0,0,2
5,2,4,4,5,2,1,1,1,8,1,2,1,7,636.1,1,3
2,3,5,5,10,2,7,7,7,6,1,2,3,10,684.5,1,3
5,1,4,6,5,1,3,3,6,7,2,2,1,7,693.0,1,2
5,1,10,10,6,2,1,8,6,8,0,1,8,9,715.3,1,3
5,3,1,2,10,2,8,5,1,6,1,2,6,7,645.9,1,3
2,5,5,3,4,2,9,2,5,7,5,1,0,0,580.6,1,2
2,4,1,0,2,2,3,1,3,6,3,1,0,3,557.9,0,2
4,4,3,5,8,1,8,0,8,6,0,2,1,4,640.5,1,3
3,2,6,3,4,1,8,3,10,7,2,2,2,10,695.5,1,1
5,5,6,10,5,2,7,5,7,5,0,2,2,10,696.2,1,3
2,3,5,1,4,1,7,5,6,7,0,2,4,1,635.2,0,1
4,1,3,1,10,2,8,7,8,8,0,2,7,7,678.3,0,1
2,2,10,6,4,1,6,2,5,7,1,2,3,7,699.6,1,2
2,3,5,7,10,1,4,3,10,6,1,1,2,10,674.9,0,1
2,5,10,5,6,1,7,3,7,7,1,2,1,5,662.6,0,1
2,1,1,3,2,2,7,1,3,9,1,1,3,9,609.5,1,2
3,1,3,2,3,1,8,5,10,6,0,2,4,7,683.4,0,1
5,1,10,10,7,2,8,5,6,5,0,2,3,10,723.2,1,3
3,2,7,7,10,1,10,6,7,7,2,2,3,10,730.6,1,3
1,3,5,10,7,2,4,2,4,6,3,2,4,8,641.4,1,1
1,4,2,2,5,2,8,1,10,6,6,2,0,7,639.2,0,1
3,3,3,6,7,2,3,3,5,7,1,2,4,3,657.1,0,2
4,3,2,3,2,2,1,1,3,7,1,2,0,1,595.5,1,3
4,3,2,5,3,2,6,3,3,8,5,1,2,10,619.5,0,2
5,3,1,2,10,2,8,5,1,6,1,2,6,7,645.9,1,3
4,3,3,3,3,2,8,7,9,7,5,2,5,7,683.4,0,1
5,3,6,10,10,1,4,1,6,8,9,2,4,3,700.0,1,2
2,0,5,10,3,1,8,3,3,7,0,2,3,10,673.7,0,1
1,0,4,3,3,1,9,1,10,4,2,2,4,7,674.5,0,1
0,5,6,2,10,2,0,2,5,6,10,1,0,5,577.0,1,1
0,5,3,3,2,2,1,1,1,7,10,1,0,0,522.0,1,0
5,4,4,2,6,1,5,1,6,9,3,2,0,2,673.0,1,1
3,1,6,5,3,1,7,3,7,8,2,2,4,7,707.0,0,3
4,3,5,4,10,2,7,2,6,7,1,2,3,4,684.5,0,1
5,3,1,2,10,2,8,5,1,6,1,2,6,7,645.9,1,3
5,3,5,6,7,1,6,3,8,6,3,2,3,10,715.3,0,3
4,2,10,7,6,1,9,5,7,8,6,2,5,6,718.9,1,2
2,2,3,2,4,1,5,2,10,7,1,2,6,10,659.8,0,1
2,2,3,3,3,1,5,2,10,6,1,1,6,10,657.9,0,1
4,3,9,4,3,2,8,3,10,7,0,2,8,10,678.5,1,1
4,4,10,10,10,2,8,2,5,7,7,2,4,5,714.9,1,3
5,5,7,6,10,1,8,2,10,8,10,2,0,10,685.5,1,3
5,5,7,6,10,1,8,2,10,8,10,2,0,10,685.5,1,3
2,1,6,2,4,2,0,0,7,8,4,2,2,10,644.1,1,1
2,3,5,10,10,1,6,5,4,7,2,2,7,5,706.2,1,1
2,3,5,10,2,2,0,1,2,5,0,1,1,5,608.5,0,2
3,4,10,10,10,2,6,8,1,6,4,2,9,4,713.9,1,3
2,3,2,2,4,1,1,1,6,7,5,1,1,2,589.3,1,2
1,5,4,0,8,2,9,1,10,8,0,2,0,5,668.5,1,1
5,4,7,4,5,1,8,1,9,7,3,2,0,7,661.3,1,2
1,5,4,2,2,2,1,1,1,7,0,2,0,3,562.8,1,3
4,1,10,2,10,1,10,7,9,8,2,2,5,5,697.2,0,1
4,1,10,2,10,1,10,7,9,8,2,2,5,5,697.2,0,1
2,3,4,5,10,1,7,6,7,7,4,2,4,5,676.2,1,0
5,2,2,1,2,2,5,1,4,7,0,2,1,4,629.7,1,3
1,4,4,3,10,1,4,4,6,7,6,2,2,3,635.2,1,1
1,1,10,8,7,1,7,4,10,7,1,2,0,3,700.6,1,2
1,2,6,6,6,2,9,6,3,3,0,1,6,5,640.6,0,1
2,3,7,2,10,1,7,3,1,8,0,2,2,2,673.5,1,1
2,4,4,10,10,2,9,3,4,7,2,2,10,10,699.4,0,3
2,5,2,1,6,1,1,4,5,9,5,1,1,10,599.7,1,1
5,3,7,7,10,1,8,1,10,7,1,2,8,7,738.0,0,1
4,3,10,10,10,1,8,5,5,7,3,2,8,10,737.0,0,1
5,3,4,6,5,1,3,3,9,7,6,2,3,3,681.7,1,2
1,2,3,4,0,1,2,1,4,5,7,1,1,7,591.9,1,3
5,4,6,3,10,1,0,4,4,7,1,2,6,6,690.9,0,0
2,1,4,10,3,1,9,5,8,7,2,2,8,7,701.9,0,3
2,4,6,0,2,1,5,0,10,8,2,1,0,10,607.3,0,2
4,1,10,10,10,2,6,2,10,7,0,2,10,10,743.1,0,1
3,4,5,10,10,2,10,6,4,9,6,2,8,6,716.8,0,3
1,2,3,3,10,1,8,2,4,7,1,2,4,2,653.5,1,1
3,5,2,2,5,1,8,5,7,7,1,1,4,8,626.9,0,3
5,2,10,10,10,1,9,7,5,7,0,2,5,10,728.5,1,3
5,1,8,10,6,1,6,5,10,8,1,2,8,10,765.4,0,1
4,4,10,10,9,1,8,2,4,9,3,2,4,2,737.2,1,3
1,4,3,5,10,2,6,1,5,7,10,2,3,10,645.2,1,1
3,2,5,10,10,1,7,1,7,7,3,2,8,3,701.7,1,1
5,3,8,7,10,2,8,4,10,7,1,1,4,10,700.6,0,2
3,3,6,10,10,1,7,7,8,7,1,2,8,6,715.5,0,3
4,2,10,10,10,1,4,2,6,9,1,1,3,10,717.2,0,0
2,1,5,10,10,1,9,8,5,7,1,2,3,10,752.3,0,3
1,1,4,5,10,1,8,5,8,8,1,2,5,7,727.6,0,2
2,5,5,2,2,1,4,1,2,8,2,2,2,10,622.7,1,1
4,4,10,7,8,1,7,4,10,7,2,2,4,7,727.8,1,3
1,5,4,1,3,2,5,4,2,7,7,1,3,3,571.5,1,1
0,4,2,0,4,2,5,2,2,6,0,1,2,10,578.1,0,1
0,4,2,0,4,2,2,2,2,6,0,1,2,10,573.0,0,1
0,4,2,0,4,2,3,2,3,6,0,1,2,10,576.6,0,1
3,4,1,9,10,1,8,9,3,7,10,2,9,2,689.0,1,3
5,1,2,0,3,1,1,2,10,7,7,1,1,1,612.2,0,0
5,5,6,10,10,2,7,0,4,7,2,1,0,3,634.8,1,2
5,3,8,10,10,1,7,3,9,7,3,2,5,7,715.7,1,0
1,0,10,7,8,1,3,2,7,8,1,1,3,10,707.0,0,0
5,5,4,2,10,1,2,3,1,8,6,2,0,4,639.5,1,2
1,2,4,10,10,2,8,5,5,6,1,2,8,10,728.3,0,2
1,4,5,5,10,2,7,4,5,5,5,2,8,5,656.7,1,1
2,4,4,2,4,2,4,3,4,8,2,2,3,7,638.4,1,3
2,5,4,8,8,1,1,2,5,6,5,2,0,10,636.5,0,2
5,5,10,5,10,1,4,1,9,6,1,2,7,4,708.7,1,2
3,1,4,5,6,1,6,1,5,4,5,2,1,2,665.0,1,2
3,3,10,5,5,2,5,2,4,7,1,2,1,2,636.5,1,1
2,0,4,0,6,1,2,2,8,7,2,2,3,4,657.7,0,1
3,3,4,3,7,1,5,3,2,7,5,2,3,4,648.0,1,1
5,0,2,0,0,1,0,4,10,8,0,2,6,10,673.6,0,2
1,3,0,2,6,2,3,2,3,3,2,2,6,10,618.5,0,1
3,2,10,10,10,2,10,10,10,5,1,1,10,10,742.7,1,2
2,3,6,5,6,2,2,8,7,7,2,2,10,4,686.4,0,2
5,3,3,3,2,2,3,0,3,7,7,2,0,1,619.3,1,1
2,1,4,5,8,2,8,4,2,8,0,2,10,10,716.2,0,1
3,1,10,8,7,1,4,1,2,6,3,1,1,2,678.4,1,2
4,3,2,2,6,2,5,0,6,6,6,2,1,10,607.8,0,1
0,3,3,2,2,2,5,1,8,7,10,1,1,10,591.4,0,1
2,3,5,7,10,2,6,6,7,7,0,2,4,3,706.8,0,1
5,3,10,4,10,1,5,1,5,7,3,2,3,5,672.4,1,1
2,2,5,2,10,2,1,3,4,8,0,1,5,10,652.0,1,2
2,2,7,10,6,2,7,2,3,6,4,1,3,10,639.5,1,1
4,3,10,7,10,2,4,2,10,6,0,2,7,5,690.2,1,2
2,2,4,5,3,1,8,8,4,8,2,1,4,6,655.4,1,1
3,5,4,10,10,1,8,6,9,8,2,2,3,4,688.7,1,1
2,3,5,1,10,1,6,2,7,7,7,2,0,5,652.4,1,3
5,3,7,7,9,2,8,5,4,8,3,2,5,4,706.4,1,1
5,3,10,8,4,2,8,1,2,8,6,2,4,10,702.6,1,2
3,0,10,9,10,2,0,3,10,8,2,1,3,10,699.1,1,0
2,3,7,1,5,2,6,2,3,7,0,2,1,4,636.3,1,3
5,2,3,4,3,1,5,3,4,3,3,2,5,10,676.5,1,2
1,5,5,10,4,1,3,1,5,6,2,1,1,7,631.4,1,2
2,4,3,3,1,1,2,1,2,9,2,1,1,5,600.8,1,1
2,4,3,2,1,1,1,1,2,9,1,1,1,5,588.9,1,1
2,4,3,3,1,1,1,1,2,9,0,1,1,4,605.9,1,1
3,3,10,4,10,1,2,3,4,5,3,1,5,10,648.0,0,0
2,1,3,0,6,1,7,0,10,7,1,2,0,0,647.9,0,2
5,3,10,10,6,2,3,3,10,7,2,2,5,8,693.8,1,3
2,4,0,1,10,1,3,4,2,6,2,1,0,9,625.7,1,0
1,3,10,8,6,2,3,4,6,8,3,1,4,3,638.8,1,2
1,4,10,1,2,2,6,0,6,6,1,2,0,1,623.1,1,3
0,1,8,4,10,2,2,1,6,7,5,2,0,5,648.8,0,3
1,3,5,2,10,1,0,1,4,8,0,2,0,0,602.7,0,1
1,4,3,0,8,2,8,4,6,8,0,2,0,2,615.0,1,0
4,1,7,7,1,2,7,6,5,7,1,2,5,10,687.7,1,3
4,2,4,5,2,1,8,3,5,7,1,2,1,8,674.1,0,1
2,4,4,2,3,1,5,2,2,7,0,2,1,3,629.3,1,1
5,2,8,5,10,1,8,3,5,6,1,2,2,7,692.6,1,1
5,2,10,10,10,1,8,1,9,7,5,2,8,3,744.6,1,2
1,4,4,10,2,2,1,1,2,8,2,2,0,1,593.8,1,2
5,3,3,5,4,2,5,0,8,7,0,2,2,10,666.2,1,3
2,1,10,3,4,2,9,3,10,4,2,2,6,4,683.0,1,1
5,3,8,6,4,1,6,3,7,7,2,2,3,6,698.3,1,2
5,3,1,10,2,2,5,1,4,5,4,1,4,5,629.3,1,2
2,1,3,10,4,2,5,1,2,8,1,2,2,9,677.1,0,3
3,2,5,5,10,1,10,5,7,8,0,2,8,8,725.7,0,2
4,1,4,6,10,2,10,3,5,7,6,2,6,10,709.8,0,3
1,5,6,0,10,2,7,4,5,6,5,2,5,7,634.8,1,1
5,4,10,10,10,1,7,5,1,8,0,2,6,6,726.2,1,3
2,5,5,5,3,1,6,2,6,10,6,2,4,10,656.2,1,1
2,3,5,4,10,1,5,0,6,6,7,2,1,1,643.5,1,2
2,5,5,1,10,2,0,2,5,6,0,2,2,1,590.6,1,1
3,2,3,4,4,2,8,0,1,6,3,2,1,5,640.8,1,3
5,5,10,10,10,2,7,8,10,7,8,2,8,4,736.3,1,2
3,3,4,10,5,1,8,8,10,6,2,1,3,10,703.8,0,1
3,3,2,3,4,1,5,1,9,6,7,2,1,7,662.8,1,3
2,1,3,4,7,1,4,5,3,7,2,2,6,5,661.8,0,3
2,2,2,1,2,2,3,1,2,6,3,1,0,6,579.8,1,1
1,2,4,3,4,2,1,2,3,6,4,1,2,6,581.7,1,2
4,3,6,10,6,1,6,2,3,4,1,1,3,8,679.9,1,1
1,5,4,0,5,2,1,1,1,6,2,1,0,5,552.4,0,1
4,3,4,4,10,2,8,3,5,7,0,2,2,5,675.8,1,3
4,3,9,10,6,2,6,1,4,6,1,2,0,7,670.3,1,3
5,2,7,5,5,1,9,4,10,8,2,1,5,7,709.3,1,2
2,4,6,4,10,2,5,6,2,5,3,2,1,1,625.5,1,2
2,4,9,9,10,1,8,4,9,7,1,2,7,5,722.5,1,3
5,2,7,4,5,1,10,4,9,8,2,2,4,8,729.5,1,2
4,0,5,3,2,1,0,3,2,9,6,1,0,5,612.7,1,0
3,3,9,6,7,1,8,5,8,6,6,1,7,10,696.6,1,0
3,3,9,6,7,1,8,5,8,6,6,1,7,10,696.6,1,0
4,1,6,10,8,2,9,3,5,6,0,2,8,10,731.7,1,3
2,4,5,3,6,1,7,3,5,6,2,2,4,7,658.6,1,0
5,4,4,1,6,1,7,2,3,7,2,2,1,10,660.1,1,2
5,4,2,5,10,2,7,6,3,4,1,2,3,1,644.2,1,0
0,5,5,2,5,1,2,1,1,8,4,2,1,1,591.9,1,0
3,2,3,5,4,1,6,4,10,6,2,2,3,3,669.8,0,1
5,1,2,7,10,2,8,8,5,7,0,2,8,10,704.7,0,3
1,2,4,2,10,2,1,0,10,6,7,2,0,8,606.9,1,2
5,5,10,10,6,2,9,3,7,7,5,1,5,10,672.8,1,1
4,3,4,7,10,2,8,2,10,8,3,1,3,3,649.8,1,2
1,3,3,2,5,1,8,1,10,7,10,2,1,3,634.3,0,1
3,3,3,5,7,1,7,0,10,8,2,2,1,2,673.6,1,0
4,2,5,3,8,2,5,7,5,8,3,2,8,7,698.1,0,2
5,5,8,5,10,2,0,5,10,7,5,1,2,1,642.8,1,2
3,4,7,2,4,1,5,0,8,5,5,2,2,2,631.8,1,1
3,2,10,5,2,2,8,1,9,6,2,2,1,3,644.1,0,1
2,0,4,2,6,1,2,0,4,7,10,2,0,10,617.8,1,2
2,3,8,4,10,2,0,1,3,5,0,2,0,8,635.9,1,2
1,3,6,1,4,2,5,2,4,8,0,2,2,5,609.5,1,0
2,1,3,5,10,2,8,2,3,7,1,2,1,7,668.6,1,2
3,3,5,3,8,2,7,2,6,7,2,2,1,2,638.6,0,1
1,3,4,6,4,2,6,2,5,5,3,2,1,3,634.6,1,3
3,4,5,5,9,1,6,1,2,7,3,1,6,2,641.2,0,1
3,3,2,6,5,1,4,8,10,7,2,1,5,9,661.5,0,1
5,3,10,7,10,2,8,8,8,7,3,2,6,7,725.7,1,2
4,3,0,10,3,1,7,1,10,7,0,1,1,10,653.0,1,2
5,3,4,10,7,1,9,2,8,8,1,2,5,10,736.1,1,0
2,1,10,10,10,1,5,6,9,6,1,1,6,5,701.9,1,0
2,4,3,5,1,1,3,2,4,9,2,2,3,2,633.5,1,2
0,4,0,4,8,2,4,1,4,6,5,1,0,8,571.7,1,0
5,4,6,9,5,1,4,0,10,10,2,2,1,7,679.1,0,2
3,3,10,10,7,2,8,3,8,8,8,2,4,10,666.4,1,1
2,1,7,4,10,2,6,2,5,7,2,2,3,3,687.7,1,1
0,2,6,2,4,1,3,4,8,7,4,2,4,4,637.3,0,1
1,4,4,10,7,1,2,1,5,6,6,1,1,1,612.7,0,3
1,3,1,5,3,2,4,0,1,8,3,1,0,7,571.5,1,2
4,1,4,4,10,1,5,1,5,8,1,2,6,5,706.6,0,2
2,3,4,3,4,1,10,2,7,8,5,1,4,9,654.3,0,1
2,3,7,10,4,1,7,3,2,7,4,2,4,6,678.6,1,1
4,5,2,4,2,1,2,0,6,9,9,2,4,1,628.8,1,2
1,3,10,10,7,2,8,2,5,6,1,2,3,10,679.0,0,1
3,2,10,6,7,1,9,2,7,8,4,2,2,10,696.8,1,0
4,2,6,5,10,1,6,2,5,9,2,2,3,5,700.0,1,1
5,2,5,10,10,2,8,5,3,7,3,2,7,6,706.0,0,3
2,2,6,8,7,2,8,5,7,5,1,2,3,10,682.6,1,3
3,4,3,10,10,2,10,10,7,9,7,2,10,10,717.4,1,2
2,4,0,2,2,2,3,0,1,5,0,1,0,1,576.0,0,1
2,4,0,2,2,2,3,0,1,5,0,1,0,1,576.0,0,1
2,3,4,7,4,2,7,5,10,6,0,1,3,8,680.0,0,0
5,3,5,9,10,1,6,7,5,8,2,2,8,3,716.8,1,2
3,3,5,10,10,1,4,6,10,7,1,2,1,10,717.6,0,1
3,4,10,8,7,2,7,2,5,6,3,2,7,3,653.5,1,2
5,3,1,4,2,1,6,2,6,8,0,2,3,10,669.4,0,1
2,3,5,8,2,1,3,3,1,9,4,2,2,3,646.5,1,3
2,1,4,3,4,1,8,2,3,7,1,2,1,9,661.8,0,1
2,2,1,1,2,1,5,1,3,7,1,1,2,8,597.2,0,1
4,4,10,3,4,1,7,1,4,6,5,2,2,7,644.8,1,1
4,2,10,4,3,1,7,2,7,7,0,2,3,7,691.5,1,2
1,1,10,4,10,2,8,8,3,6,1,1,2,5,663.3,1,1
5,1,4,2,2,1,2,3,10,8,0,1,0,10,637.9,0,3
4,3,7,7,5,1,9,5,10,9,1,2,8,10,728.2,1,3
4,2,6,4,2,1,3,1,6,8,1,2,2,7,688.1,1,3
4,2,5,3,2,1,0,5,3,7,1,1,1,6,660.1,1,3
4,5,4,10,10,1,7,10,10,7,1,2,10,10,746.5,1,3
0,5,5,1,5,2,10,2,4,6,0,1,1,3,590.4,0,1
5,1,2,3,8,2,5,10,4,5,1,2,10,2,683.7,1,2
1,2,2,1,1,1,2,0,1,7,0,1,0,7,574.7,0,3
5,3,5,5,8,2,9,2,5,7,4,2,4,8,675.8,1,2
4,2,10,6,10,1,7,2,4,8,2,2,10,8,711.5,1,1
2,2,3,1,10,2,7,1,1,7,1,2,2,2,627.4,0,2
0,5,3,10,5,1,5,1,2,7,10,2,3,7,622.5,1,1
3,3,5,4,10,1,6,5,8,7,3,2,4,6,696.8,1,1
2,3,8,5,3,1,5,1,2,8,2,2,1,5,644.8,0,1
1,5,4,0,10,2,1,0,2,7,7,2,1,8,590.2,1,1
5,1,10,10,8,2,10,2,5,9,0,2,6,10,718.7,1,3
4,4,3,1,5,1,6,2,5,8,10,2,1,2,645.4,1,1
4,3,10,5,10,2,6,1,4,8,1,1,3,8,679.2,0,2
3,4,8,2,3,2,1,1,3,7,0,2,0,7,641.4,1,3
3,5,2,1,1,1,8,1,10,8,2,1,2,7,612.4,1,1
5,4,8,10,10,2,6,5,6,8,5,2,4,5,674.5,0,1
4,3,5,10,5,1,9,2,10,6,1,1,5,3,695.3,1,1
5,3,5,10,5,1,9,2,10,6,1,1,6,3,708.9,1,1
3,1,5,10,4,1,6,1,8,8,7,2,3,7,697.0,1,2
2,1,2,3,2,1,2,1,8,9,0,2,1,5,675.1,0,3
0,5,10,4,7,2,9,2,5,6,0,2,2,3,624.6,0,1
1,5,4,2,2,1,2,1,1,8,5,2,3,10,639.5,1,1
4,4,6,6,8,1,7,1,8,9,5,2,8,1,693.8,1,1
5,3,10,5,10,2,7,5,4,7,5,2,1,3,668.8,1,1
3,2,8,8,10,1,7,1,10,7,4,1,5,7,697.2,1,1
4,3,10,5,4,1,9,1,7,8,1,2,2,2,684.9,0,1
4,3,4,3,10,1,7,3,5,6,0,2,2,2,684.1,0,1
3,0,6,3,10,1,9,7,10,7,1,2,5,7,749.9,1,2
1,3,8,10,2,1,0,1,1,5,0,2,3,3,649.1,0,1
2,1,6,5,10,1,3,1,6,6,1,2,1,10,677.5,0,1
2,4,4,4,5,2,2,5,4,6,2,2,2,2,627.8,0,3
2,5,5,10,7,2,10,4,3,6,8,2,0,2,641.2,1,1
2,3,1,4,7,1,6,0,7,6,7,2,3,7,653.9,0,2
2,2,4,3,5,1,6,2,6,7,2,1,2,2,638.6,1,1
3,3,7,4,4,2,4,4,3,8,2,2,4,4,639.9,1,2
5,0,2,0,5,2,5,3,6,6,0,2,2,3,641.8,0,3
3,1,5,3,3,1,0,2,5,6,1,2,2,10,662.0,0,1
3,4,10,10,8,1,6,0,10,7,1,2,0,5,695.5,1,1
1,1,6,10,10,1,6,7,5,8,1,1,4,10,701.5,1,2
1,2,2,2,4,2,2,4,5,8,2,1,1,2,594.4,0,2
5,3,8,5,5,1,10,4,10,8,1,2,6,10,702.5,1,3
1,4,1,3,6,1,3,2,6,7,3,2,1,8,630.1,0,1
5,3,10,10,8,2,2,5,5,6,0,2,1,7,704.5,1,3
2,3,8,10,10,1,6,1,4,7,1,2,2,10,709.6,1,1
2,2,9,4,10,1,2,1,1,7,0,2,3,1,649.5,1,1
4,5,1,0,10,2,0,1,10,8,8,2,1,3,612.4,0,2
2,3,3,5,8,1,7,0,5,6,1,2,0,3,609.3,1,2
3,2,5,10,10,1,2,3,10,7,2,2,5,10,715.9,1,2
5,1,7,6,5,1,2,4,4,8,1,1,4,8,665.6,0,1
4,2,3,0,2,1,5,2,3,7,0,2,6,7,644.8,1,0
1,1,5,5,10,2,1,1,1,8,5,2,1,5,625.9,1,2
3,2,5,3,3,2,8,3,1,8,2,2,1,4,646.3,0,3
1,3,3,0,4,1,4,0,7,7,2,2,2,10,645.6,1,1
4,3,5,4,3,1,5,2,10,8,0,2,2,8,683.8,1,1
5,2,2,3,8,2,3,3,6,6,0,2,4,6,667.3,0,3
4,3,4,4,3,1,8,6,8,8,1,2,7,8,705.5,0,2
3,3,8,7,10,2,3,1,5,8,7,1,3,7,638.6,1,0
3,1,10,8,6,2,4,1,9,6,1,2,2,8,712.1,0,3
0,2,2,3,3,1,8,2,6,6,5,1,1,5,626.5,1,2
3,1,3,5,5,1,7,0,5,7,1,2,8,9,714.9,0,1
1,5,5,7,1,1,0,2,10,5,0,1,0,9,591.4,0,2
1,2,4,2,4,2,2,2,2,9,4,1,1,2,583.8,1,1
4,3,2,8,9,1,8,5,10,4,5,2,7,9,700.0,1,1
5,1,6,0,3,1,10,10,10,8,1,2,6,10,728.0,1,2
1,4,2,7,10,1,4,5,4,7,2,1,0,3,636.5,0,1
3,5,5,6,10,2,10,3,10,7,10,2,10,10,687.0,1,3
3,3,10,10,5,1,5,2,10,7,4,2,2,7,690.4,0,1
1,5,2,7,5,2,4,4,2,8,10,1,0,7,564.9,1,2
3,3,2,3,5,2,3,2,1,5,1,2,0,6,601.5,0,1
1,3,7,6,10,1,6,5,6,5,1,1,1,5,658.6,1,2
1,4,2,10,3,2,10,2,10,6,10,1,0,10,627.3,0,2
0,3,4,2,4,2,4,1,5,7,1,1,1,8,590.8,1,2
5,0,10,10,10,1,10,10,10,10,4,2,9,10,770.9,0,0
4,3,10,6,4,1,6,8,5,6,0,2,6,10,702.8,1,3
5,1,8,5,4,1,10,6,6,6,5,2,5,10,718.3,1,2
3,1,10,7,3,1,8,4,10,8,1,1,4,10,699.1,1,2
3,1,2,6,4,1,0,1,1,6,6,2,1,5,628.9,0,1
4,2,2,7,10,1,8,9,9,7,2,2,8,10,698.7,1,2
3,5,5,5,5,1,3,4,10,6,3,2,2,10,676.6,0,1
4,4,5,4,5,1,5,2,2,6,0,1,2,2,625.7,0,1
5,4,5,4,3,1,5,4,3,6,0,1,2,3,642.9,0,1
5,5,10,10,10,2,9,2,2,6,0,1,2,10,697.1,0,3
5,4,1,6,7,2,2,3,5,6,2,2,10,7,687.5,0,3
3,1,1,4,3,1,3,3,4,8,2,2,1,6,660.5,0,1
0,5,4,8,4,1,2,5,6,6,8,1,2,10,633.3,0,1
5,1,6,6,3,1,7,4,7,8,1,2,2,10,724.0,1,3
5,3,9,7,8,1,8,1,10,8,2,2,2,2,714.4,1,3
3,4,6,10,10,2,9,3,10,8,1,2,4,7,712.7,0,2
2,4,6,10,10,2,9,3,10,8,0,2,2,5,712.7,0,2
2,5,4,5,5,2,7,4,1,8,7,2,1,10,625.9,1,1
2,3,4,4,3,1,7,2,7,7,2,2,2,4,657.5,1,1
1,3,2,7,5,2,5,2,3,6,7,2,4,10,658.2,0,2
1,5,2,7,8,2,0,5,10,7,5,2,1,3,605.4,0,1
5,1,7,6,10,1,8,9,10,8,1,1,8,9,722.9,1,2
4,1,4,8,10,1,8,8,10,8,1,1,8,9,714.4,1,2
3,5,8,0,1,2,2,1,2,7,10,1,0,5,583.4,0,3
2,4,10,10,4,1,3,2,10,5,7,2,1,4,681.5,0,1
2,2,1,1,4,1,5,0,10,8,2,2,0,5,636.2,0,2
1,3,4,1,3,2,4,3,1,6,4,1,2,6,579.6,0,1
3,3,7,10,5,1,6,2,2,6,0,2,3,10,702.2,0,3
4,2,3,3,2,2,8,5,10,4,1,2,4,10,671.1,1,1
5,3,4,5,5,1,8,4,10,7,1,1,6,10,676.8,1,1
2,4,2,0,4,1,1,2,3,4,4,1,0,2,571.1,0,1
3,3,4,8,4,2,8,3,3,6,1,2,2,2,637.8,1,2
1,5,10,10,10,2,4,1,1,7,7,2,1,2,620.6,1,2
5,3,10,10,10,2,8,4,9,7,2,2,6,9,744.6,1,2
3,4,3,2,3,2,6,1,6,8,1,2,2,7,635.4,0,3
2,1,4,10,0,1,6,3,7,8,1,1,8,10,715.5,0,2
1,2,2,2,10,2,7,1,6,8,4,1,2,1,591.2,1,3
1,5,3,2,6,2,4,4,1,5,4,2,1,1,608.3,1,3
1,4,2,1,2,1,3,2,1,6,0,1,1,1,572.8,1,1
1,5,3,4,3,2,6,1,1,7,5,2,1,10,612.1,1,1
2,1,10,10,8,2,8,8,3,8,1,2,10,8,733.4,1,3
3,3,7,2,7,1,7,2,9,7,1,2,4,3,669.8,1,1
2,2,4,0,4,2,3,0,8,5,4,2,1,1,606.3,0,2
4,2,3,4,5,1,5,1,5,8,2,1,3,3,642.0,0,0
3,3,2,2,6,2,4,2,4,6,1,2,0,3,609.1,0,2
2,2,5,5,10,1,3,3,8,8,4,2,2,10,700.4,1,0
5,0,7,3,2,1,6,2,3,9,3,1,3,10,701.3,1,3
4,3,7,8,3,1,10,5,8,7,0,2,4,10,707.0,1,1
2,3,10,10,10,2,8,8,3,6,1,2,1,2,700.7,1,3
2,5,10,6,10,1,9,1,6,7,10,2,1,10,674.3,1,1
5,1,6,3,10,1,6,3,1,5,2,2,4,5,667.8,1,2
4,3,7,8,10,2,7,3,3,9,7,1,6,4,638.4,0,3
1,3,5,2,8,1,1,2,8,7,1,2,1,10,656.0,1,1
5,3,4,5,10,1,5,4,9,7,0,2,5,10,717.4,0,1
2,4,3,5,5,2,3,0,10,5,3,2,1,10,639.0,1,3
4,4,4,3,2,1,10,2,1,6,5,2,2,10,635.7,0,2
3,4,8,3,4,2,6,5,5,6,5,1,5,10,645.0,0,1
4,3,3,6,10,1,7,1,4,6,1,2,1,10,694.1,0,3
3,0,10,7,7,1,7,1,5,8,1,2,1,7,703.2,1,1
1,5,5,0,5,2,7,2,2,8,0,1,0,5,593.8,1,1
2,4,3,6,3,2,3,0,7,6,6,2,1,3,608.0,0,3
4,3,7,9,5,2,6,3,5,8,2,2,3,10,689.6,1,2
5,3,6,10,7,2,8,2,5,8,4,2,4,10,698.1,1,2
4,0,2,8,10,1,8,2,4,5,1,2,2,7,709.2,0,3
3,2,5,4,10,2,8,2,8,8,0,2,4,10,693.6,0,2
2,3,10,10,10,2,5,2,2,7,1,2,2,10,680.3,0,3
5,2,5,7,5,2,9,1,10,6,5,2,10,10,690.2,1,3
4,2,7,10,10,1,8,6,10,7,3,2,4,10,761.8,0,2
1,5,2,2,6,2,2,0,6,6,5,1,2,5,572.1,0,2
2,4,3,3,5,2,9,4,2,6,6,2,1,2,608.7,1,2
3,3,10,8,6,2,9,7,5,7,3,2,6,10,714.9,1,2
5,3,10,5,10,2,5,1,8,7,5,2,2,7,683.2,1,2
4,4,10,1,10,2,5,2,2,7,2,2,1,7,644.6,0,2
4,1,8,2,10,1,8,4,6,7,2,2,1,10,718.5,1,1
5,0,1,3,9,2,3,2,4,7,1,2,2,5,665.4,0,3
5,3,10,10,10,2,5,10,5,9,0,2,5,10,747.6,1,3
5,1,8,5,2,1,5,3,4,8,1,2,0,6,667.3,1,3
5,4,2,4,4,1,9,2,10,7,5,2,1,8,661.5,1,2
3,2,5,10,2,1,3,1,7,8,2,2,6,3,667.9,1,1
4,5,3,0,0,1,10,1,8,8,0,2,1,10,642.6,1,1
3,3,10,4,8,2,3,0,10,7,5,2,2,10,680.2,1,2
5,2,10,10,10,2,7,2,8,6,2,2,6,10,728.9,1,3
3,1,2,6,8,1,8,4,5,5,3,2,8,6,683.9,1,1
3,4,5,10,10,1,10,7,9,5,6,1,1,7,660.9,1,3
5,1,10,10,4,1,8,4,7,8,10,2,8,10,720.6,1,2
2,3,7,10,10,1,8,2,10,6,5,1,2,9,695.3,1,0
2,0,3,1,4,1,7,1,9,8,0,2,4,10,698.9,1,1
5,1,10,10,10,1,5,2,6,8,6,2,4,10,734.0,0,1
1,2,3,1,1,2,2,1,5,8,2,2,0,7,577.4,0,1
2,4,4,10,6,2,6,0,3,6,2,1,0,2,619.1,0,2
5,2,3,0,3,1,10,3,10,8,2,1,4,10,688.9,0,1
5,0,10,10,10,2,6,6,9,7,0,2,10,10,773.5,1,3
2,5,2,4,10,1,3,1,1,5,3,2,2,1,615.1,1,2
3,2,5,3,7,2,8,1,10,7,4,2,1,5,671.7,0,2
1,3,9,4,10,2,6,4,10,6,1,1,1,9,644.3,0,0
2,1,5,2,5,1,8,10,4,7,0,2,1,5,685.8,0,1
1,2,3,5,3,1,6,2,3,7,1,2,1,2,656.7,0,2
5,1,10,10,7,2,9,9,8,8,3,2,5,9,759.9,1,2
0,5,5,0,6,1,0,0,5,6,6,1,0,5,575.3,0,1
4,3,10,1,8,1,8,3,6,8,2,2,2,8,676.2,1,0
3,1,10,10,5,1,9,5,2,8,1,2,1,8,728.1,1,1
2,3,3,5,6,1,4,1,2,6,1,2,1,3,647.8,0,1
3,1,5,6,5,1,2,1,4,8,2,2,6,7,703.0,1,3
3,3,5,3,5,2,5,1,9,7,3,2,1,4,623.9,0,2
2,3,2,6,5,2,10,1,3,6,2,2,0,5,639.5,1,3
5,4,4,10,10,2,9,3,3,7,2,2,5,10,682.2,1,3
5,3,2,5,5,2,8,3,5,7,3,2,1,4,655.4,0,2
2,3,4,5,3,2,4,1,3,5,7,2,1,1,595.1,1,1
5,3,7,6,10,2,8,5,10,6,7,2,4,9,698.7,0,1
5,2,3,3,3,1,3,3,5,7,2,1,4,5,628.2,1,1
3,4,2,7,8,2,5,6,6,6,1,2,4,3,669.0,1,0
5,4,4,4,4,1,7,2,5,6,3,1,7,5,645.0,1,2
2,1,6,4,4,1,6,1,4,7,1,2,3,1,653.5,1,1
2,1,6,4,4,1,6,1,4,7,1,2,3,1,653.5,1,1
3,3,6,3,6,2,4,1,3,6,2,2,1,3,620.8,1,3
3,2,3,3,4,1,1,1,10,8,0,1,0,1,631.1,1,1
5,3,4,4,2,1,2,3,9,8,0,2,2,5,654.7,1,3
5,2,2,3,2,1,9,6,3,8,0,2,2,10,689.2,1,3
2,1,2,0,3,1,2,2,8,6,1,2,3,7,633.7,0,1
4,5,6,5,5,2,4,2,10,6,1,2,1,5,644.3,1,2
5,3,3,10,10,1,5,1,6,7,1,2,6,1,662.4,1,1
3,3,5,1,6,2,6,2,10,7,1,2,2,8,647.9,0,1
2,1,8,5,5,1,6,3,7,8,2,2,3,2,700.2,1,1
3,2,2,10,10,2,8,4,6,7,0,2,4,7,682.8,1,1
3,2,3,5,10,2,3,3,5,7,1,2,3,10,670.7,0,2
3,5,4,10,10,1,4,7,7,7,2,1,10,3,694.9,0,3
4,3,4,6,10,2,5,1,9,7,1,2,5,5,680.0,0,3
2,3,9,7,5,2,10,3,10,5,1,2,4,10,700.2,1,3
3,2,0,6,4,1,7,1,5,7,0,1,2,10,674.1,0,1
2,2,7,5,3,2,6,6,3,9,2,2,1,5,663.9,1,3
4,4,9,5,8,2,8,2,8,8,1,2,2,4,669.8,0,1
1,3,4,2,3,2,1,2,5,6,3,1,0,3,583.8,1,1
5,1,10,5,8,1,9,1,3,7,0,2,1,5,668.6,1,3
3,2,6,10,10,1,5,3,9,7,1,2,3,5,722.5,0,3
4,1,4,8,3,1,4,4,9,8,2,1,6,10,702.3,0,1
5,5,10,5,5,1,4,5,10,7,4,2,2,3,702.3,1,1
4,2,2,2,6,1,8,2,4,8,0,2,2,3,652.0,1,1
4,1,3,3,10,2,8,1,10,7,0,2,1,7,656.4,0,3
5,2,5,10,5,2,8,3,2,7,2,2,2,10,678.6,0,1
3,1,8,10,5,2,7,5,4,8,0,2,8,10,699.6,1,2
2,1,1,1,2,1,8,1,2,8,0,2,0,2,622.7,1,1
5,0,2,2,1,2,7,4,1,8,1,2,8,10,648.0,1,3
1,4,7,10,10,1,5,3,2,6,10,2,5,10,695.4,1,3
4,3,10,10,7,2,9,4,2,7,0,1,8,7,707.5,1,3
0,2,6,5,7,1,7,2,8,7,1,1,2,5,645.8,0,1
4,5,10,1,4,1,6,1,10,9,2,1,1,10,663.6,1,1
4,1,6,10,10,1,5,3,10,6,1,2,4,8,710.6,1,1
5,3,4,4,4,2,2,1,10,7,0,2,1,10,675.1,1,3
0,4,3,9,10,1,3,2,10,6,4,2,1,6,651.1,0,1
1,4,1,2,6,1,1,0,1,8,3,2,0,1,586.8,1,2
3,5,4,2,3,1,7,3,7,7,2,2,3,5,664.3,1,2
0,5,0,10,10,1,8,3,10,8,7,1,3,1,634.5,1,3
4,1,10,10,10,1,8,5,8,7,1,2,4,4,763.1,1,2
1,4,8,10,10,1,5,2,4,8,5,2,3,7,709.8,0,1
3,2,5,5,10,1,8,1,8,6,2,2,2,10,679.6,0,2
1,2,5,5,5,1,6,2,2,6,1,2,2,4,656.3,1,2
3,2,8,10,10,1,8,5,9,7,3,2,10,5,719.1,1,2
3,5,1,3,0,1,8,6,4,6,10,2,4,10,636.3,0,2
1,3,10,7,10,2,7,5,10,6,2,2,7,2,676.6,1,1
1,4,8,10,10,2,5,4,3,8,1,2,6,6,689.2,0,1
3,4,5,10,10,2,5,6,8,7,5,2,3,7,698.5,0,1
1,4,6,1,1,1,5,3,1,8,9,1,8,6,605.5,1,1
2,2,10,10,10,1,8,3,10,8,0,2,4,10,756.9,0,1
2,5,2,10,10,2,2,0,5,6,2,2,0,1,595.7,1,2
2,4,2,3,8,1,6,4,5,6,3,2,1,2,648.4,1,3
2,1,10,5,10,2,2,1,10,7,0,2,1,5,653.0,0,3
3,3,5,4,10,1,2,0,9,6,0,2,1,6,671.3,1,3
2,5,6,2,10,1,7,0,5,6,10,2,0,4,628.0,1,3
5,4,2,3,10,1,10,1,6,8,2,2,1,10,698.3,1,2
4,3,8,5,10,1,6,2,8,7,2,2,1,10,717.2,1,2
1,5,5,7,10,2,6,5,7,5,3,2,1,3,645.2,1,1
1,1,3,0,10,2,5,5,5,8,2,2,2,10,676.0,0,3
4,4,4,7,10,2,2,1,4,9,10,1,4,7,647.1,1,2
2,3,4,4,4,1,8,4,10,8,1,2,8,5,682.1,1,1
3,2,5,4,8,1,8,4,5,7,0,2,8,2,691.1,1,1
2,4,3,4,4,1,7,3,10,7,5,1,3,8,661.5,0,1
1,1,4,10,5,2,6,8,3,8,1,2,7,7,685.8,1,1
0,2,6,6,5,1,8,2,2,8,2,1,5,7,675.4,0,1
4,3,5,4,10,2,9,4,6,7,1,2,5,7,706.6,0,3
3,0,5,4,8,1,10,5,5,7,0,2,4,3,706.4,1,1
4,3,3,5,5,1,8,3,4,8,4,1,5,3,648.6,1,1
1,3,4,7,6,1,8,6,8,8,1,2,2,5,703.8,1,1
1,2,3,1,4,1,6,1,4,6,0,2,2,6,627.8,0,1
0,0,3,3,3,2,8,1,3,8,5,1,3,2,597.4,1,2
1,3,5,5,5,1,10,4,1,7,1,2,7,3,668.2,0,1
4,3,8,8,8,1,8,5,8,7,0,2,7,7,730.8,1,1
2,3,5,5,5,1,7,2,3,7,3,1,1,3,668.6,1,1
3,3,5,3,8,1,10,5,5,7,0,2,5,2,694.5,1,1
1,2,10,8,10,1,8,4,6,7,3,1,10,4,715.1,0,1
3,1,10,10,10,1,8,6,7,7,0,2,10,7,752.7,1,1
1,4,2,5,6,2,2,2,4,6,5,2,1,5,600.6,0,2
2,1,5,6,5,2,3,1,2,7,1,2,2,7,656.5,0,3
1,3,3,5,6,1,9,1,8,6,1,1,10,4,689.8,1,1
2,3,4,5,7,1,9,1,8,6,1,1,10,4,694.9,1,1
5,3,10,8,7,1,9,4,7,7,2,2,8,9,728.9,1,1
3,1,5,5,10,1,5,8,1,8,1,1,5,5,714.3,1,1
3,4,0,0,0,2,10,4,6,9,9,2,9,9,640.7,1,3
3,2,5,10,10,1,8,5,10,7,0,2,10,10,744.8,1,1
5,1,10,10,10,2,7,4,4,6,0,2,3,8,726.4,1,2
4,4,6,5,10,1,4,10,7,6,2,1,2,4,682.8,1,1
1,5,1,1,1,2,4,1,4,6,7,1,0,0,519.0,1,2
3,3,8,5,10,1,2,1,6,7,0,2,1,7,664.1,1,2
3,2,4,3,5,1,7,8,8,7,0,1,2,6,661.1,0,1
4,1,4,1,5,1,7,7,8,7,0,1,3,4,667.9,0,1
4,2,10,10,7,1,6,7,8,7,1,2,6,7,756.3,0,1
5,3,2,3,1,1,3,1,10,8,10,2,2,10,626.0,0,1
2,3,3,1,5,1,6,1,2,6,2,1,2,2,612.1,1,0
5,4,6,4,5,1,7,5,5,7,0,2,3,6,686.0,1,1
3,4,7,8,8,1,9,7,8,7,3,2,6,6,717.2,1,1
2,2,10,10,10,2,10,8,5,6,2,1,10,10,733.4,1,1
4,4,10,5,9,1,5,2,5,6,0,2,3,5,684.1,0,1
3,2,2,10,10,1,10,5,4,8,0,2,1,3,701.3,1,2
3,3,8,8,10,1,8,7,10,8,5,1,8,5,724.6,1,1
3,4,8,7,10,1,8,7,10,8,6,1,8,5,712.7,1,1
3,4,8,5,10,1,9,6,10,8,6,1,8,5,716.1,1,1
3,4,8,5,10,1,8,6,10,8,5,1,8,5,719.5,1,1
1,3,5,7,4,1,6,2,1,6,1,2,3,7,651.0,1,1
5,1,9,10,5,1,10,5,10,10,3,2,4,3,731.8,1,2
5,0,10,0,3,1,7,1,2,7,1,1,8,6,648.0,0,1
4,3,10,10,7,1,8,6,8,8,1,2,10,10,756.5,1,2
3,4,5,4,5,2,3,0,5,6,1,2,0,0,612.7,1,2
3,3,10,10,10,2,8,3,6,7,2,1,2,5,679.4,1,1
3,3,5,7,4,1,8,5,3,7,1,2,5,6,682.2,1,3
3,0,5,8,6,2,7,3,3,8,0,2,2,5,684.1,0,2
0,2,3,4,2,1,6,0,1,8,2,1,3,2,610.6,0,1
3,4,7,6,4,1,9,7,4,6,1,1,5,3,666.9,1,1
4,1,5,5,6,2,8,4,2,6,1,1,5,10,690.3,1,1
2,3,5,3,10,1,8,2,2,6,0,1,7,2,664.8,1,1
3,3,8,5,9,2,6,4,3,6,0,1,1,7,639.5,1,1
1,4,10,10,10,2,6,3,3,8,2,2,2,10,668.8,0,1
0,2,6,2,2,1,9,2,1,7,2,1,5,4,630.8,1,1
0,4,10,6,8,2,6,4,3,7,3,2,1,4,653.3,0,1
1,2,5,10,10,2,7,3,2,5,1,2,1,2,651.0,1,1
4,2,8,10,10,1,2,1,3,9,0,1,6,10,716.6,1,1
2,2,6,2,7,1,0,6,7,7,2,1,3,7,638.8,0,1
3,2,7,5,10,1,7,4,7,8,3,1,6,6,696.8,1,1
3,4,5,6,8,1,8,8,10,6,10,2,10,8,703.8,1,1
2,3,10,10,10,1,7,10,4,6,8,1,4,6,714.5,1,1
1,3,8,6,10,1,8,4,6,8,2,1,2,10,711.9,0,1
1,5,3,1,6,2,0,4,5,7,5,1,0,2,560.2,1,1
2,4,10,0,10,2,6,1,7,6,0,1,2,10,660.7,0,1
1,5,5,5,1,1,5,1,3,7,1,2,2,1,627.8,1,3
3,2,5,2,2,2,8,0,6,8,0,1,2,4,615.0,1,2
1,5,6,3,3,1,8,1,1,7,1,2,2,7,666.5,1,1
1,4,6,4,8,1,3,3,3,6,10,1,2,1,586.8,1,1
3,4,1,7,8,1,3,0,1,7,3,1,0,1,603.6,1,3
1,3,5,2,10,1,10,2,1,8,10,2,4,2,639.5,1,1
1,3,8,8,5,1,8,3,3,7,1,2,4,8,706.0,1,1
4,3,2,4,4,1,2,1,10,8,1,1,0,1,622.6,0,1
2,3,3,8,3,2,0,1,7,4,3,1,1,4,600.8,0,2
1,3,5,7,10,1,7,2,4,8,1,2,1,4,680.9,1,1
2,4,5,4,4,1,5,5,5,5,8,1,5,2,627.8,1,1
4,1,10,10,5,1,7,8,4,7,0,2,10,10,764.0,0,1
1,4,3,1,3,2,3,3,3,7,3,2,1,4,621.0,1,1
4,5,5,0,6,1,10,1,2,7,0,2,0,7,651.4,1,2
0,5,4,10,2,2,1,1,3,7,10,2,2,2,563.2,1,1
3,2,3,6,5,1,4,3,3,8,2,2,5,7,667.1,1,1
3,4,5,4,5,1,7,2,4,8,1,1,6,10,684.3,1,1
2,4,1,0,1,1,0,1,2,10,1,1,0,2,572.1,1,0
0,4,0,0,3,1,5,2,5,8,0,2,2,10,611.4,0,0
2,2,3,2,2,2,8,1,2,7,1,2,0,3,614.0,1,2
3,4,10,10,7,1,8,10,3,8,3,2,10,10,760.6,1,1
3,3,5,3,2,1,5,0,2,7,1,2,8,4,661.6,1,1
3,3,10,3,10,2,8,0,5,7,1,2,2,7,694.5,1,1
3,4,3,3,4,1,3,3,9,6,3,1,1,7,605.0,0,2
4,3,6,3,5,1,8,3,7,7,2,2,0,2,669.4,1,1
2,3,7,4,4,1,2,2,2,8,3,1,0,10,624.4,0,1
2,3,5,5,4,2,6,3,8,6,1,1,6,4,655.8,1,1
3,2,6,10,9,2,3,4,2,8,0,2,8,10,709.4,1,1
4,2,10,7,10,2,8,4,8,7,0,2,6,2,701.9,0,1
4,3,4,10,10,1,4,7,8,7,1,2,4,10,713.8,1,3
5,2,6,5,10,2,10,4,2,8,2,2,8,10,711.1,1,3
4,4,8,8,5,2,6,4,9,7,1,2,8,8,705.5,1,1
1,2,4,2,5,1,10,3,10,7,1,2,2,3,668.3,0,1
4,2,6,4,4,2,4,2,2,7,4,2,1,10,656.5,1,3
4,4,5,7,10,1,8,5,10,6,1,2,0,3,657.9,0,2
4,3,2,3,2,1,5,4,8,8,3,2,8,10,673.2,1,2
0,4,5,8,3,2,6,2,6,7,0,2,5,6,660.7,0,1
0,3,6,1,3,2,6,1,7,7,0,2,3,5,657.5,0,1
1,2,8,2,5,1,7,6,3,7,1,1,1,10,682.2,1,1
2,3,8,5,6,2,5,2,6,6,2,2,4,6,663.9,1,1
4,5,8,6,4,1,7,6,3,7,1,2,7,8,683.9,1,1
5,1,5,10,10,1,5,6,5,8,1,2,6,10,764.4,1,1
4,5,8,4,7,1,7,7,4,7,1,2,7,6,692.6,1,1
5,1,5,10,10,1,6,6,8,8,1,2,7,10,776.9,1,1
5,1,10,8,8,1,4,1,2,7,1,2,2,2,671.8,0,1
1,2,10,5,6,1,5,3,1,8,4,1,2,2,642.9,1,1
4,5,10,10,10,1,9,7,10,6,1,1,10,5,739.5,1,1
5,5,6,6,4,1,7,2,10,6,0,1,4,4,674.9,1,1
3,1,5,1,7,2,2,2,3,9,1,1,1,3,643.5,1,1
5,5,8,9,4,1,2,3,3,5,4,1,1,2,637.6,1,1
1,1,5,1,2,2,6,2,4,5,1,2,2,10,659.9,0,1
4,3,10,3,5,1,7,5,3,7,0,2,1,6,700.9,1,1
2,4,4,7,5,1,6,4,2,7,5,1,4,8,641.2,1,1
3,4,5,6,10,2,3,1,2,6,4,1,2,4,607.0,0,2
4,2,4,4,6,1,9,2,7,8,3,2,2,10,705.3,0,3
5,3,10,10,8,2,5,3,5,7,5,1,3,4,667.3,1,3
2,0,2,0,4,2,4,1,2,8,5,1,2,7,590.4,0,1
3,3,10,3,3,2,7,2,3,7,1,1,1,5,638.0,0,1
2,2,7,3,10,2,7,2,6,8,2,1,2,5,666.0,1,1
2,1,7,5,10,2,7,2,4,8,3,1,1,4,667.3,1,1
1,5,5,5,10,2,5,1,7,7,10,2,0,5,616.7,1,1
0,5,8,6,3,2,4,0,1,6,9,1,0,0,555.8,1,1
4,2,4,7,10,1,6,5,7,8,1,1,6,4,690.0,1,1
2,4,5,5,10,1,5,3,4,6,3,1,2,4,636.3,1,1
2,4,5,5,10,1,5,2,3,6,3,1,1,6,636.1,1,1
2,3,4,8,3,1,9,3,4,6,6,2,3,5,651.6,1,1
3,3,4,8,3,1,9,3,4,6,7,2,3,5,655.0,1,1
2,1,6,4,10,2,7,3,9,6,1,2,9,10,718.9,0,2
3,2,2,4,5,1,6,1,2,7,5,2,2,7,632.7,0,2
3,1,5,7,10,2,9,5,10,7,0,2,5,10,717.6,1,3
4,2,8,10,10,1,9,3,9,6,1,2,8,3,741.0,1,3
2,5,4,5,2,1,3,1,2,7,3,1,5,7,627.6,0,3
0,2,2,2,2,2,6,8,1,5,2,1,0,0,547.1,1,2
1,1,0,4,2,2,4,1,10,7,0,2,2,10,630.9,0,1
5,3,4,10,3,1,0,4,5,8,0,2,2,6,703.2,1,3
2,2,3,1,2,1,4,3,4,7,3,1,1,8,634.8,1,1
2,1,1,1,1,1,9,1,10,8,1,2,2,7,646.4,1,2
3,2,4,5,10,2,6,2,1,6,10,2,1,4,637.4,1,2
4,5,3,4,8,2,4,3,5,7,10,2,0,10,631.6,0,3
5,3,3,3,4,1,6,3,10,7,3,2,2,10,668.3,0,2
3,1,2,4,6,1,2,7,2,5,6,1,4,7,610.2,0,0
2,4,10,5,10,2,2,2,10,6,4,1,1,4,612.0,1,2
5,4,7,10,4,2,9,1,6,7,5,2,2,10,676.0,1,3
2,4,2,4,5,1,4,1,7,5,7,1,1,4,614.6,1,1
1,2,3,3,4,1,5,3,3,6,2,2,8,4,668.4,0,1
5,1,5,5,10,1,9,4,10,8,3,2,3,3,726.3,1,0
3,3,8,3,10,2,9,3,7,8,1,2,1,8,673.0,1,3
1,3,1,1,2,1,7,2,5,7,4,2,1,3,623.1,0,1
4,2,6,6,10,2,6,2,9,7,5,2,2,7,681.7,0,1
3,5,5,5,10,2,5,7,10,7,10,1,2,10,673.4,1,3
4,0,8,10,5,1,10,2,5,8,0,2,2,10,749.1,1,3
3,2,8,0,10,1,8,0,6,6,1,2,2,2,667.3,1,1
4,4,2,5,7,1,4,7,8,7,2,1,2,10,691.7,1,2
1,2,10,7,10,2,10,6,5,7,1,2,5,7,682.6,1,1
3,4,4,7,7,1,4,3,5,7,1,2,2,2,648.6,0,0
3,5,2,10,4,2,9,0,9,6,4,1,0,0,579.5,1,2
4,3,3,6,10,2,8,5,10,6,0,1,2,10,674.9,0,1
3,3,10,10,10,2,8,3,8,9,2,2,8,4,693.8,1,0
2,2,1,4,10,1,4,2,10,5,0,2,0,6,652.6,0,1
4,3,2,2,10,1,5,6,5,8,4,2,2,7,701.5,1,1
3,3,10,0,2,1,3,1,9,7,5,2,1,1,615.4,0,1
3,5,3,5,5,2,4,0,4,4,10,2,1,3,595.1,1,3
4,5,10,7,10,2,7,3,5,6,9,2,4,7,662.0,0,1
1,3,2,2,3,1,1,1,9,7,0,1,0,2,615.4,0,2
1,4,9,3,2,1,2,1,2,6,2,1,2,8,600.2,0,1
3,4,5,9,8,1,9,5,5,6,1,2,8,1,723.2,1,1
3,2,4,2,1,1,5,1,2,7,2,2,0,7,642.9,1,3
5,2,2,4,10,1,10,9,6,7,1,2,1,7,669.2,1,2
2,2,1,6,7,2,2,7,6,8,3,2,4,9,667.7,1,1
2,2,3,7,3,1,2,7,2,4,3,2,4,6,654.2,0,1
5,2,7,2,3,1,4,3,8,7,7,1,1,8,647.5,1,3
2,5,3,7,5,1,6,1,10,6,5,2,3,8,674.9,1,2
3,2,4,2,7,1,5,3,7,7,3,2,5,6,694.9,0,2
2,5,3,4,3,1,3,2,10,6,5,2,2,7,652.8,1,2
1,2,5,2,5,1,5,1,1,8,4,2,0,5,615.7,1,2
2,5,3,3,3,1,3,2,10,6,5,2,4,7,649.4,1,2
3,4,4,6,7,1,3,3,6,9,3,1,6,6,652.6,1,1
3,5,7,6,10,1,10,2,10,6,4,2,7,10,705.5,1,2
4,5,8,10,5,1,3,3,10,6,3,1,4,10,683.4,1,1
4,4,3,8,10,2,9,1,6,8,1,1,1,7,662.6,1,2
4,3,3,3,4,2,3,3,4,7,4,2,4,4,633.1,1,3
3,1,6,4,10,1,1,1,6,7,2,2,4,10,703.2,1,1
5,3,3,1,3,1,4,0,10,2,1,1,0,4,609.5,0,2
3,4,5,3,4,1,8,3,6,8,1,1,6,10,683.0,1,1
5,2,7,6,10,1,8,5,8,7,3,1,6,10,732.5,0,0
2,3,1,3,4,1,3,1,3,7,2,2,0,7,631.2,1,2
0,3,2,2,7,1,1,0,6,8,2,2,0,3,609.9,1,1
3,3,6,6,6,1,7,0,10,7,10,2,0,6,664.9,1,2
2,4,3,5,2,1,8,2,5,7,1,2,2,10,655.4,1,2
2,1,7,2,6,1,7,1,5,8,1,2,1,7,665.8,1,2
2,3,4,1,4,2,6,1,1,7,0,2,0,3,618.9,0,2
5,5,6,4,10,2,8,1,10,6,2,1,3,4,649.4,1,2
4,4,6,6,10,2,8,5,7,7,3,2,5,6,684.7,1,2
5,4,5,5,8,2,8,4,8,6,3,2,5,5,683.0,1,2
3,0,4,8,1,2,7,5,2,6,2,2,7,9,680.1,1,2
0,4,1,2,5,1,8,3,10,6,8,2,1,4,615.4,0,3
4,5,4,10,10,2,9,5,7,6,7,2,8,7,672.6,1,2
1,5,10,8,10,2,3,2,1,5,3,1,1,2,584.5,1,2
1,5,2,2,5,1,3,2,5,6,7,1,0,1,595.7,1,2
2,3,7,6,10,2,3,0,4,6,3,2,0,10,643.1,0,2
3,5,5,10,7,2,6,2,5,7,8,2,3,2,631.6,1,3
4,3,10,4,6,1,7,4,10,9,8,2,4,5,712.9,1,2
1,3,3,10,10,2,7,8,5,7,1,2,5,5,670.7,0,2
2,3,5,8,8,2,8,4,10,6,3,2,2,4,680.0,1,2
4,5,10,5,10,1,8,5,3,7,7,2,1,4,699.2,1,2
4,5,10,5,10,1,8,2,3,7,8,2,10,4,707.7,1,2
4,5,3,8,8,2,5,1,8,6,1,2,2,0,647.3,1,1
2,2,8,10,8,2,7,4,6,7,0,2,4,10,706.6,0,2
5,3,8,7,4,1,8,2,8,7,3,2,7,8,720.6,1,3
4,0,1,3,4,2,8,2,6,7,7,2,2,10,691.3,1,3
5,1,3,5,8,1,5,3,4,7,2,2,10,10,724.9,0,2
2,4,5,4,5,1,7,3,3,7,1,2,2,8,641.4,0,1
5,2,7,10,10,2,6,5,9,8,3,2,3,5,698.9,0,1
2,5,3,2,1,2,1,0,3,7,4,2,1,2,593.8,0,3
3,4,5,8,6,2,6,3,2,7,9,2,6,7,666.7,1,1
3,1,4,8,7,2,3,1,8,8,1,1,3,8,659.6,1,2
1,5,3,8,5,1,7,0,5,8,5,2,0,7,669.2,1,3
1,3,3,4,5,1,6,2,10,6,5,2,4,5,637.5,0,0
1,0,10,7,7,2,8,8,6,5,1,2,9,10,709.6,1,2
5,2,7,10,1,2,3,2,7,9,1,1,9,10,674.9,0,1
4,2,10,7,10,2,7,5,10,9,5,2,5,8,716.3,1,1
4,2,10,9,10,2,7,7,10,9,7,2,5,7,718.0,1,1
4,4,6,5,4,2,7,2,9,9,1,2,3,4,651.5,1,1
2,3,5,5,10,2,9,4,8,7,0,2,3,9,688.3,1,2
5,3,6,10,4,1,7,2,8,7,10,2,4,10,718.9,0,2
5,1,8,10,5,2,6,7,7,7,2,2,8,10,744.2,1,3
3,2,5,3,8,2,7,1,4,8,5,2,2,5,653.7,1,2
5,3,8,3,5,1,4,4,7,8,4,2,2,8,696.8,0,2
5,3,5,10,5,1,6,2,8,7,10,2,5,10,720.6,0,2
1,5,1,0,1,1,4,1,1,7,8,1,0,1,556.0,1,1
3,4,7,10,2,2,2,0,5,6,1,2,1,7,645.0,0,3
4,4,6,7,3,2,3,3,6,7,3,2,1,7,653.9,1,3
3,5,3,5,6,2,5,5,7,7,9,1,0,0,584.4,1,3
5,1,3,10,6,1,8,1,5,6,0,2,8,7,711.3,0,2
3,3,2,5,3,2,4,4,3,8,8,2,4,3,631.4,1,2
2,5,10,10,5,1,5,5,3,7,1,2,5,10,723.0,1,3
3,5,0,2,5,1,5,0,4,7,1,1,4,0,597.4,1,1
5,5,5,10,10,1,8,8,6,7,5,2,10,10,754.2,1,3
3,1,10,5,8,1,4,4,10,7,1,2,7,5,712.5,0,1
1,3,10,1,4,2,5,2,2,7,1,2,1,5,624.2,0,2
1,1,10,10,2,1,8,1,6,7,2,2,2,10,699.8,0,1
3,3,1,3,2,1,5,1,6,4,4,1,2,10,622.7,0,0
1,3,2,1,7,1,4,0,1,6,10,1,0,1,560.9,1,0
3,4,5,4,10,1,8,1,7,8,0,2,1,3,679.8,1,1
4,3,2,4,8,1,7,2,8,6,1,2,0,7,662.6,1,2
5,4,4,4,1,1,8,5,7,7,5,2,2,5,669.4,1,3
4,3,9,10,10,2,5,1,7,7,0,2,5,6,694.9,0,3
3,4,7,5,7,2,6,2,10,6,2,1,7,10,664.7,1,1
5,2,10,10,10,2,5,4,4,7,0,2,3,10,687.5,0,2
0,3,3,0,1,2,4,6,1,6,0,1,6,7,579.6,0,1
1,5,3,1,1,1,2,4,3,7,4,1,0,10,595.5,1,1
5,1,10,0,10,1,10,10,10,8,1,2,5,10,760.3,0,2
4,3,10,10,10,1,7,3,10,6,1,2,1,5,729.3,0,2
3,3,2,4,1,2,5,8,3,7,2,2,5,8,646.5,0,3
3,1,4,5,5,1,4,3,4,6,3,2,1,10,651.6,0,1
3,2,10,8,3,2,7,2,9,6,2,2,2,8,701.9,0,2
5,3,2,5,3,1,10,4,10,8,0,2,7,6,729.7,1,1
5,3,6,5,3,1,10,4,9,8,0,2,7,6,736.3,1,1
5,0,8,4,4,1,8,1,9,6,2,1,2,4,667.9,0,1
3,3,10,10,10,2,8,4,3,7,3,2,4,10,697.5,1,1
1,3,3,3,10,2,2,4,5,5,4,1,4,10,621.0,0,1
1,4,3,7,3,2,8,1,6,6,1,2,3,6,623.1,1,2
1,5,4,2,10,1,3,3,1,8,1,2,5,2,625.9,1,1
1,5,4,2,10,2,5,4,4,6,0,2,1,2,610.8,1,1
1,2,4,3,2,2,7,3,6,8,0,1,0,2,584.4,0,1
2,4,3,3,5,2,2,2,3,6,1,2,6,4,637.8,0,0
1,2,4,4,1,1,1,1,9,6,4,1,1,8,633.9,0,1
5,5,10,7,10,1,8,6,10,7,1,2,4,10,743.1,1,2
3,2,10,10,3,2,5,1,8,7,2,2,1,3,669.6,0,2
5,3,5,10,8,1,8,6,10,7,3,2,4,10,710.8,0,1
3,2,2,1,2,2,4,3,6,7,6,2,3,2,614.8,0,2
1,1,3,3,3,2,5,1,3,8,2,2,4,10,619.5,0,2
2,2,2,2,1,1,7,7,2,6,1,2,3,7,644.4,1,1
4,1,10,8,2,1,7,5,10,8,1,2,10,10,755.2,1,2
5,1,1,2,1,2,6,4,10,8,0,2,6,3,695.7,0,3
5,1,1,2,1,2,0,5,10,8,3,2,6,10,682.1,1,2
4,3,7,7,10,2,7,0,5,7,5,1,1,3,629.9,1,3
3,3,3,3,3,2,7,1,5,7,6,1,5,10,614.6,1,1
3,3,7,2,10,1,2,0,2,7,2,2,2,10,685.4,0,0
1,5,0,3,2,2,5,0,1,7,4,1,0,4,559.4,1,1
2,3,4,7,10,1,4,5,3,7,3,2,3,6,668.6,1,0
5,2,10,10,10,2,10,3,6,8,0,2,7,5,725.5,1,2
4,3,5,6,10,1,7,3,9,7,3,2,4,10,705.5,0,3
3,3,4,5,6,2,7,5,6,7,2,2,2,3,653.9,1,1
4,4,8,4,5,1,6,1,5,8,0,2,2,7,681.1,0,1
2,4,3,10,7,2,0,0,5,5,2,2,1,4,661.8,0,2
4,4,6,3,5,1,5,1,10,6,1,2,0,4,647.7,0,1
5,0,5,10,4,1,5,10,10,8,0,2,10,10,768.8,0,1
1,1,2,5,4,2,4,2,3,5,2,2,10,5,659.7,0,1
1,1,2,2,2,1,4,3,2,10,1,1,3,4,604.4,1,1
3,1,10,10,10,2,7,7,5,8,2,2,10,7,745.7,1,3
1,4,0,2,9,1,2,2,2,5,2,2,1,7,618.7,1,3
1,2,8,3,7,1,5,6,10,8,3,2,3,6,687.2,0,0
3,1,4,10,10,2,7,2,8,7,0,1,2,3,654.3,0,1
3,1,6,10,10,2,10,8,5,7,1,2,7,7,752.3,0,3
5,3,4,8,4,2,9,4,10,7,6,2,6,7,688.7,0,1
4,1,1,7,2,2,6,2,7,7,4,2,2,10,684.7,1,3
1,5,4,4,4,2,4,0,1,6,10,2,0,0,547.3,1,2
3,1,9,10,9,1,10,6,7,7,1,2,7,10,742.5,0,3
5,2,3,3,3,2,7,1,7,9,2,2,5,4,681.7,0,1
5,1,7,10,4,2,7,3,7,9,3,2,5,8,719.1,1,1
5,3,6,2,6,2,5,5,10,8,8,2,3,6,677.0,0,2
3,2,10,1,6,1,7,1,5,8,1,2,1,7,701.5,0,2
2,3,4,5,10,1,4,2,8,7,10,2,5,10,662.8,0,1
3,4,2,9,3,1,10,0,9,8,1,2,4,10,685.3,0,3
5,5,3,4,5,1,6,8,6,9,1,2,10,1,662.8,1,3
2,5,3,9,4,1,4,2,6,7,2,2,0,1,631.8,1,2
2,4,4,4,4,1,5,0,4,6,2,2,1,2,621.0,0,1
5,2,3,7,3,1,6,3,10,6,4,2,4,8,686.8,1,3
2,2,2,2,2,2,0,6,5,6,1,2,0,5,597.4,1,2
5,3,10,10,4,1,7,4,7,7,1,2,4,7,732.3,1,3
2,4,2,3,5,1,6,2,2,6,1,2,2,6,635.9,0,1
2,0,8,10,8,1,9,5,7,7,2,2,8,10,752.7,0,1
2,0,10,6,10,2,10,10,10,8,1,2,5,10,765.4,0,1
3,2,10,4,3,1,7,6,10,7,3,2,2,10,712.5,0,2
4,5,5,4,10,2,7,1,7,7,1,2,1,7,660.9,0,2
5,3,9,7,8,1,9,7,8,7,1,2,8,8,746.1,0,3
2,0,7,8,10,1,8,4,8,8,0,2,2,10,729.3,1,1
1,4,9,5,10,1,6,8,9,6,3,2,4,2,691.7,1,2
4,4,6,3,6,2,0,0,8,5,7,2,0,3,625.0,1,2
3,4,3,6,5,1,3,2,3,5,3,1,2,10,618.9,0,0
3,3,3,7,10,1,9,5,7,7,4,2,2,10,700.0,1,1
2,1,10,10,5,2,8,3,5,8,2,2,8,10,706.6,1,2
4,5,5,5,7,1,1,0,10,6,10,1,0,2,608.6,1,1
5,3,5,4,5,1,7,3,10,7,1,2,5,10,702.3,1,1
2,1,4,1,8,1,5,0,1,7,4,1,7,10,617.2,0,1
4,3,1,2,1,2,1,1,2,6,0,1,0,10,607.0,1,3
5,4,9,5,7,1,8,2,9,8,9,1,1,7,680.2,1,1
1,2,3,3,4,2,6,2,6,4,4,2,6,2,626.1,0,1
2,3,2,2,6,2,4,3,3,6,6,2,2,3,610.6,0,2
2,5,3,4,6,1,5,2,5,6,4,2,3,5,643.3,0,3
2,4,5,5,4,1,8,4,6,7,3,1,3,6,647.1,1,3
3,5,5,2,2,2,0,10,10,6,10,1,1,1,584.8,1,1
4,3,9,10,10,1,8,4,7,8,1,2,10,9,759.7,1,1
5,5,2,10,5,1,4,8,4,6,5,1,4,3,626.1,0,1
3,3,7,7,10,2,8,3,6,7,5,2,1,10,687.9,1,3
2,1,1,10,10,2,7,4,4,8,0,2,8,4,691.1,0,3
2,1,5,2,0,2,4,4,3,9,0,2,1,3,602.7,0,1
2,1,5,2,0,2,4,4,3,9,0,2,1,3,602.7,0,1
1,1,4,3,1,2,1,1,3,9,0,2,1,2,594.2,0,1
5,4,4,7,10,1,3,1,10,7,10,2,1,5,673.4,1,2
5,4,3,4,3,1,5,2,5,6,4,2,2,4,628.0,1,3
0,5,1,2,2,1,1,0,1,6,10,1,0,2,555.8,1,1
4,5,5,10,10,2,6,1,6,6,9,2,2,10,667.3,0,3
0,5,4,9,5,1,8,5,2,7,10,1,2,5,624.2,1,1
5,3,5,5,4,1,6,2,8,8,1,2,1,1,680.0,1,1
3,3,6,8,7,1,8,8,10,6,3,1,3,7,708.9,1,3
2,4,5,2,5,2,2,2,1,6,5,2,3,8,606.8,0,2
4,4,5,1,5,1,5,2,4,7,1,2,1,10,658.6,0,1
5,3,6,3,7,2,8,6,7,6,5,2,1,3,660.7,1,1
5,3,6,7,10,2,8,3,8,7,3,2,2,6,707.0,1,3
4,3,0,3,6,1,6,2,7,6,9,2,2,3,623.3,1,0
4,3,0,1,6,1,7,2,7,6,9,2,2,4,625.0,1,0
5,3,6,4,5,2,3,2,6,7,1,2,3,5,662.4,1,3
5,3,3,2,4,1,8,3,4,6,3,2,3,8,646.5,0,1
1,3,10,7,7,2,6,3,10,7,4,1,0,10,653.0,0,1
2,1,0,0,2,2,4,4,3,9,3,2,4,10,616.3,0,3
1,5,3,1,1,1,2,4,3,7,4,1,0,10,595.5,1,1
1,4,10,3,1,2,3,2,3,5,5,2,1,2,622.3,0,2
3,1,10,10,7,1,8,5,6,7,7,1,5,10,713.4,0,2
3,5,3,0,1,1,3,0,5,6,5,1,1,2,587.2,1,2
1,1,2,2,4,1,8,1,4,6,6,2,1,3,631.2,0,1
0,4,1,2,3,2,4,1,2,7,8,2,1,10,581.7,0,2
4,1,10,8,8,1,8,5,7,7,0,2,2,10,751.0,1,3
1,5,6,3,10,1,3,2,10,8,1,2,3,10,685.5,1,2
3,3,6,8,8,2,5,1,3,8,3,2,3,8,655.2,1,1
2,3,8,8,5,2,4,3,5,5,5,2,3,6,663.5,0,2
2,3,4,10,6,1,4,2,10,5,4,1,4,10,678.1,0,2
3,1,5,5,5,1,8,5,10,5,0,2,6,10,729.1,0,1
2,3,4,0,10,2,0,0,8,7,0,1,0,1,571.0,1,1
4,5,5,2,10,1,4,1,8,6,3,2,0,5,654.1,0,1
3,1,8,8,3,1,7,3,7,8,1,2,5,7,725.7,1,3
5,2,10,10,2,2,9,1,8,6,3,2,0,5,694.9,1,3
2,3,2,8,1,2,2,3,5,8,2,1,6,10,667.5,1,3
3,1,6,10,10,1,7,7,8,8,2,2,8,10,741.2,0,0
5,4,7,10,10,1,8,5,9,7,1,2,8,10,770.1,0,3
5,1,8,10,10,2,2,4,8,9,0,2,6,7,732.9,1,3
1,5,4,9,6,1,4,3,10,5,10,1,0,3,635.6,1,1
2,5,9,4,10,1,5,1,2,8,0,1,0,10,632.9,0,0
5,4,10,10,10,2,0,3,5,5,5,2,3,10,655.0,0,3
4,4,5,8,8,2,2,1,4,7,7,2,1,3,619.5,0,2
5,4,7,10,8,1,8,4,9,7,1,2,4,10,759.9,0,3
4,4,7,4,2,2,2,0,5,7,3,2,2,5,636.7,1,3
1,3,6,1,3,2,7,1,2,6,2,2,1,3,588.3,1,2
1,5,2,0,10,2,1,3,3,5,7,2,7,4,605.3,1,0
3,2,10,10,8,1,1,7,1,8,0,2,6,10,751.7,1,1
5,4,4,10,5,1,8,2,6,9,5,2,5,6,674.7,1,2
3,3,2,5,10,2,1,1,2,7,1,2,1,10,620.8,0,3
2,4,7,6,10,2,7,0,10,7,2,1,3,3,630.9,1,1
4,3,5,5,5,1,7,1,6,8,2,2,7,7,683.0,1,1
2,3,7,3,6,1,7,2,3,7,1,1,4,2,658.4,1,1
3,3,4,5,8,1,5,9,10,6,5,2,3,3,676.6,0,1
1,5,6,2,1,2,1,0,1,6,1,2,1,1,572.8,1,1
5,3,6,6,2,1,5,2,5,9,1,1,3,10,672.8,1,1
5,2,6,5,2,1,5,2,5,9,1,1,4,10,681.3,1,1
4,4,2,10,10,2,5,2,6,6,1,2,2,5,645.2,1,3
4,0,3,10,5,1,7,1,6,7,1,1,2,10,713.4,0,3
1,5,10,10,8,2,2,2,5,8,7,1,2,5,630.1,1,3
3,2,2,6,1,1,8,2,5,8,1,1,2,8,664.1,1,1
3,2,6,4,3,1,6,1,3,9,0,2,1,10,650.3,0,0
4,3,8,7,10,1,5,5,3,8,5,2,5,5,704.5,1,2
4,3,10,10,10,2,6,1,5,6,0,2,0,5,662.0,0,1
2,2,6,10,10,1,7,3,10,7,5,2,7,7,676.8,0,1
5,5,1,2,3,1,4,2,10,7,8,1,3,10,620.7,1,1
3,0,6,8,10,1,5,3,5,8,1,2,8,10,689.6,0,2
2,5,4,4,6,1,9,3,2,6,5,2,5,4,656.3,1,2
3,3,8,4,8,2,5,7,5,7,6,2,4,4,675.8,0,1
1,5,8,4,10,1,8,6,10,8,2,1,7,10,677.0,1,1
5,1,8,8,10,1,7,4,10,8,1,2,10,7,777.3,1,2
0,1,4,0,2,2,7,4,2,7,8,2,6,10,603.8,1,1
0,4,4,2,7,2,3,2,5,7,1,2,1,7,616.3,1,1
3,1,5,1,4,1,2,1,2,7,3,2,1,5,627.6,1,2
3,4,3,3,2,2,5,1,3,6,3,2,1,1,597.0,1,3
3,3,6,2,6,2,10,4,2,8,7,2,6,2,668.6,1,1
2,2,3,0,10,1,7,2,4,6,10,2,1,10,639.7,0,2
3,1,5,3,4,1,5,3,10,8,9,2,3,3,653.2,0,2
3,4,10,10,5,1,7,3,9,9,3,2,5,10,712.7,1,1
3,0,10,5,4,1,9,4,9,7,2,2,6,8,725.9,0,1
1,3,9,10,7,2,7,2,3,9,0,2,5,8,696.2,0,2
5,0,10,10,10,2,10,10,10,10,10,2,10,10,769.2,1,1
3,1,8,2,7,2,6,1,10,7,9,2,1,10,670.0,1,2
3,4,6,10,6,1,4,7,5,8,6,2,1,3,681.1,1,2
3,3,7,2,7,2,6,1,5,7,4,2,1,3,629.9,1,3
2,3,2,1,3,2,4,2,5,6,2,2,2,7,605.9,0,3
5,3,3,3,7,1,9,3,2,7,4,2,3,5,649.7,0,2
2,0,10,2,10,1,6,6,6,6,0,1,3,3,672.4,0,1
5,4,3,0,6,1,3,3,4,4,6,2,1,4,632.5,0,0
3,2,4,3,3,2,7,2,10,7,1,2,3,10,678.5,0,2
1,3,4,0,10,1,8,2,8,8,2,1,4,10,644.3,0,1
2,2,1,4,10,2,6,3,8,7,0,2,0,2,640.7,1,1
5,5,5,3,10,1,8,2,8,7,7,2,2,8,686.6,1,2
2,3,8,6,10,2,7,1,1,7,1,2,1,3,637.6,1,2
0,2,5,10,10,1,5,6,3,6,2,2,8,5,719.4,0,2
4,4,5,2,1,1,5,0,2,7,0,2,0,6,612.3,1,3
2,3,0,10,10,2,4,5,4,5,0,2,10,10,697.3,1,3
1,4,7,10,5,2,7,4,2,6,2,2,9,7,656.3,1,3
3,2,5,4,7,2,8,2,7,6,1,2,2,7,655.6,1,2
2,3,5,0,8,1,1,2,10,6,5,1,0,5,625.6,0,3
2,5,5,10,5,2,4,2,2,7,2,2,1,3,615.7,0,2
5,4,5,10,10,1,7,5,7,7,5,2,5,10,723.8,0,2
2,5,3,3,2,1,4,1,3,7,10,2,0,3,595.5,1,1
2,3,4,3,9,2,4,3,7,7,0,1,2,4,618.4,0,1
1,4,9,8,8,1,7,8,6,8,3,2,1,5,688.1,1,2
5,2,6,2,2,1,8,6,3,8,1,2,5,10,675.6,0,1
2,0,10,10,7,2,6,4,6,7,1,2,4,10,704.9,1,1
1,5,1,3,3,1,2,1,2,5,10,2,1,10,569.4,1,0
1,4,5,3,10,1,3,3,2,5,5,2,2,5,644.2,0,0
5,1,10,10,10,1,9,2,7,8,1,2,5,9,778.4,0,2
3,1,6,2,4,1,2,3,5,7,2,2,2,10,697.9,0,1
4,3,3,3,2,1,4,2,5,7,6,1,2,8,633.3,1,2
1,5,2,10,10,1,3,2,2,5,7,1,2,2,603.4,1,1
1,5,2,10,10,1,3,2,2,5,7,1,2,2,603.4,1,1
3,3,4,2,8,2,0,1,8,7,3,2,1,10,627.1,0,2
2,1,10,10,6,2,9,4,7,6,2,2,5,10,721.9,0,1
3,3,9,10,3,2,0,2,3,7,1,2,4,10,689.0,1,2
1,2,8,4,8,1,6,4,6,8,1,2,6,5,662.6,1,1
3,4,7,10,10,2,8,0,9,7,8,1,1,7,651.1,1,2
4,3,6,3,6,2,6,2,1,7,1,2,1,10,671.6,0,1
3,2,6,3,10,1,8,2,6,6,1,2,4,7,708.1,1,1
2,3,10,2,2,1,5,1,9,8,0,2,3,10,671.7,0,1
5,2,10,10,5,1,9,5,10,8,2,2,1,8,738.2,0,1
2,4,2,7,2,2,1,2,3,7,1,1,0,4,592.1,1,1
1,0,5,3,8,2,10,9,6,6,1,2,10,5,696.2,1,2
3,2,7,10,8,1,8,6,6,7,3,2,10,9,732.1,0,3
4,4,10,10,10,1,6,3,5,8,0,2,8,10,745.7,0,2
2,4,4,5,5,1,8,2,6,7,0,2,1,5,665.8,1,2
2,3,1,10,4,2,5,0,10,6,4,1,1,3,613.7,1,1
5,0,10,10,7,2,9,1,2,5,10,2,1,10,715.6,1,3
1,4,3,8,6,1,4,2,9,7,6,2,1,6,647.7,0,1
2,3,1,10,4,2,5,0,10,6,4,1,1,3,613.7,1,1
3,5,7,6,10,1,4,5,10,8,7,2,3,3,680.4,1,2
5,2,10,4,5,1,8,1,9,6,1,2,2,7,703.6,1,1
1,3,4,2,3,1,4,2,7,8,1,1,2,5,611.8,0,1
2,4,10,10,10,2,8,8,7,9,2,2,8,10,736.1,1,2
1,2,6,5,2,2,8,2,10,7,1,2,1,10,671.7,1,3
1,4,5,10,2,1,8,2,7,6,2,2,1,5,652.2,0,1
4,2,8,10,2,1,8,1,5,7,0,2,1,10,689.4,1,3
5,2,2,4,10,1,8,7,10,7,2,2,1,9,704.0,0,1
4,4,3,6,10,2,10,3,4,7,7,2,1,4,634.8,1,1
3,4,3,5,10,2,10,2,5,7,7,2,1,5,635.0,1,1
5,1,5,10,8,1,9,2,9,8,1,2,6,7,731.2,0,1
2,3,2,2,3,2,3,0,6,10,1,1,0,2,567.8,1,1
3,5,5,5,5,2,7,2,7,6,1,1,1,7,618.2,1,2
0,3,2,1,2,1,3,2,8,6,7,2,2,10,632.0,0,0
4,2,5,10,10,1,9,3,3,8,1,2,2,10,718.1,1,3
4,2,5,10,10,1,7,3,3,8,0,2,3,10,726.6,1,3
2,1,6,1,5,1,4,2,10,8,7,2,1,9,687.2,1,1
5,3,10,10,4,1,8,3,8,7,5,2,8,4,735.9,1,2
1,3,8,6,5,1,9,2,4,6,3,2,3,8,702.6,1,2
2,1,4,4,4,1,4,5,2,5,4,1,5,4,627.2,0,2
2,0,5,4,7,2,7,2,3,6,3,2,1,5,632.7,1,0
4,2,3,8,3,1,8,9,10,5,2,2,6,5,730.8,0,0
5,0,1,8,0,1,7,2,10,10,4,2,0,3,677.4,0,1
2,2,6,7,7,2,7,6,10,7,7,2,2,9,670.0,0,0
4,1,10,3,10,1,7,7,6,9,2,2,0,8,717.2,0,0
2,1,4,3,7,1,3,3,5,6,2,1,3,6,639.9,0,1
2,4,5,8,8,2,8,8,10,5,0,2,7,7,690.0,0,0
3,2,6,2,5,1,4,7,7,6,0,2,5,10,679.4,0,0
4,2,4,5,2,1,2,3,5,8,10,1,2,4,628.4,0,1
5,1,3,5,7,1,6,4,6,5,2,2,7,7,699.4,0,1
3,2,3,3,5,1,3,2,4,7,0,2,1,4,639.9,0,1
3,4,7,7,10,2,9,4,10,6,3,2,6,9,714.0,0,1
2,4,6,2,10,2,6,2,10,6,5,2,2,5,642.6,0,1
3,5,6,10,4,1,6,4,2,6,0,1,0,4,617.2,0,1
4,4,5,7,4,1,5,6,3,5,5,2,7,9,693.7,1,0
4,4,5,4,10,1,3,4,10,7,7,1,2,7,673.4,0,0
2,2,10,3,5,1,4,4,6,8,0,1,1,5,640.5,0,0
4,2,6,6,5,2,8,5,10,7,6,2,3,9,678.5,0,1
2,0,5,0,6,1,0,3,2,8,3,2,6,3,626.1,1,0
2,5,5,2,2,2,5,5,6,7,1,1,1,5,602.9,0,1
5,3,2,2,8,1,2,6,10,5,3,1,3,1,654.3,0,0
3,3,3,10,10,2,8,9,5,5,1,2,7,10,712.8,0,1
3,1,4,7,6,1,8,2,6,8,10,2,2,10,664.3,0,1
4,1,3,6,5,1,10,5,8,7,3,2,5,1,703.6,0,1
4,0,10,6,6,2,7,8,10,8,9,2,1,8,694.0,0,0
5,2,5,5,5,2,1,1,7,7,2,1,4,8,623.5,0,0
4,1,6,10,10,1,2,3,10,6,5,1,10,10,688.5,0,1
2,1,8,4,6,1,5,5,1,8,1,2,2,8,673.5,0,1
4,4,5,6,7,2,8,7,6,6,6,2,4,8,672.4,0,1
1,2,10,0,6,2,0,0,8,3,2,1,0,0,570.2,0,0
2,5,2,1,2,2,9,8,5,4,0,2,4,4,648.0,0,1
3,4,4,2,8,1,4,4,6,7,5,2,4,9,672.6,0,0
4,5,8,3,3,1,4,3,4,6,2,2,2,3,649.9,0,0
5,5,6,4,4,1,10,2,10,7,4,2,10,2,670.0,0,0
4,2,8,2,2,1,8,3,4,8,0,2,1,2,663.9,0,0
4,2,10,3,8,1,8,8,8,7,6,2,7,5,695.1,0,0
2,1,9,8,9,1,5,5,10,6,9,1,10,10,678.3,0,1
3,3,9,10,10,1,7,5,6,5,2,2,2,10,714.7,0,1
2,2,5,5,6,1,8,2,2,6,2,1,2,9,646.1,0,1
2,1,4,2,3,2,3,5,4,5,2,2,1,2,608.9,0,1
2,1,7,7,6,1,7,3,8,6,5,1,4,3,666.0,0,0
4,2,10,6,3,1,8,2,8,7,0,2,3,2,693.4,0,0
4,2,5,5,9,2,6,8,4,7,5,2,7,8,679.0,0,1
3,3,5,7,3,1,8,7,7,8,4,1,5,6,669.6,0,0
3,5,0,8,9,1,8,10,10,8,2,2,7,8,721.2,1,0
2,1,2,3,1,2,3,4,1,8,8,2,2,8,627.6,0,1
1,4,2,2,5,1,1,2,10,8,1,1,3,1,597.1,0,0
3,1,10,2,3,2,3,5,2,6,4,2,4,10,634.2,0,1
3,2,4,6,10,1,8,9,10,8,2,2,6,7,709.3,0,0
4,3,4,5,1,1,9,3,8,8,1,1,1,10,674.9,0,0
2,1,4,3,6,1,1,3,4,5,1,1,2,10,637.8,0,0
2,1,5,3,3,2,5,6,7,6,0,2,6,10,672.6,0,1
1,3,3,1,10,2,6,3,2,7,5,1,3,7,605.5,0,1
4,2,4,5,4,1,6,2,8,6,1,2,8,7,696.6,0,0
1,4,8,6,10,1,5,7,1,8,5,2,2,4,659.9,0,1
3,0,2,5,7,1,0,1,2,7,0,2,5,5,666.7,0,0
5,1,3,5,3,1,7,6,5,5,4,2,5,6,682.2,0,1
3,1,10,10,10,1,8,5,10,6,2,1,2,10,698.7,0,1
2,0,4,10,2,1,7,2,8,7,0,2,10,10,725.7,0,1
3,5,0,10,10,1,5,2,10,6,0,1,8,10,669.8,0,1
2,1,8,4,6,1,5,2,1,8,1,2,3,8,675.2,0,1
4,2,6,5,10,2,5,3,3,7,4,2,2,7,634.6,0,1
1,4,3,1,2,1,0,0,2,8,1,1,0,0,568.3,0,1
4,4,1,1,1,2,3,2,3,4,3,2,5,1,620.4,0,1
2,5,10,2,5,1,5,1,3,7,2,1,2,4,615.9,0,0
3,5,9,8,10,1,8,5,9,5,3,1,8,2,660.9,0,0
2,5,4,4,6,1,3,2,2,8,3,2,7,9,660.1,1,0
3,2,8,4,3,1,5,4,4,6,2,2,3,3,675.4,0,0
2,2,3,4,3,1,8,1,8,6,3,1,6,7,649.0,0,1
3,1,2,5,4,1,6,5,10,7,2,2,4,1,676.8,1,0
5,2,10,3,5,1,4,4,3,8,1,1,2,3,667.1,0,1
2,2,3,3,10,1,10,8,5,6,0,2,10,10,758.9,0,0
4,3,4,6,8,1,6,5,7,8,4,2,4,4,679.8,0,0
2,1,5,2,10,1,8,1,5,7,10,2,4,10,670.7,0,0
4,2,5,5,5,1,0,2,10,8,7,1,1,10,656.6,0,0
5,5,4,5,5,1,9,3,10,6,5,2,4,10,698.7,1,0
5,1,4,2,6,1,5,4,10,7,7,1,3,7,673.4,1,0
3,1,10,9,3,1,8,3,8,6,3,1,3,4,684.7,0,0
5,1,10,3,3,1,8,1,8,7,0,2,3,8,707.0,0,0
1,3,10,3,10,2,4,3,6,5,2,2,3,4,656.9,1,0
3,1,6,4,5,1,6,3,3,7,1,1,4,3,636.3,0,1
3,4,5,10,4,1,5,6,2,7,5,2,7,8,710.9,1,0
1,4,7,4,5,2,2,3,7,5,2,2,2,3,635.0,0,1
1,3,10,4,10,2,7,3,6,5,2,1,2,4,648.4,1,0
3,2,10,3,10,2,7,2,9,6,3,2,2,4,652.6,1,0
3,2,6,2,9,1,8,3,7,7,3,2,1,4,667.7,1,1
3,3,6,6,10,1,4,3,7,8,4,2,3,10,673.0,1,0
2,2,5,3,10,1,0,6,4,8,7,1,4,7,648.6,0,1
4,1,10,3,4,1,8,3,4,8,0,2,2,3,680.9,0,0
5,0,4,8,6,1,6,4,10,6,2,2,9,10,742.9,1,0
1,1,3,2,10,2,4,2,2,6,4,1,1,1,595.1,0,0
1,4,6,2,5,2,2,4,7,6,1,2,1,1,613.1,0,1
3,3,10,6,10,1,5,1,10,7,1,2,2,6,695.5,0,1
4,0,10,10,10,1,10,4,10,7,1,2,6,10,751.6,0,1
5,1,5,9,10,1,5,6,10,7,0,2,4,10,738.0,1,1
1,5,8,10,5,2,10,1,2,5,10,1,1,5,613.6,0,1
5,2,8,10,10,1,7,5,9,6,6,2,4,10,747.8,0,2
4,4,6,4,9,2,7,4,8,7,3,2,10,5,686.6,0,1
1,2,5,4,10,1,7,5,4,8,7,1,2,7,658.8,0,1
3,5,4,5,8,2,8,1,2,6,10,2,0,5,596.8,1,1
4,1,4,0,5,1,2,2,4,9,0,1,1,4,631.8,0,0
4,0,9,10,10,1,10,3,10,7,1,2,7,5,748.2,0,1
1,4,2,10,10,2,6,8,3,7,0,2,8,2,665.2,1,3
2,5,10,2,5,1,5,1,3,7,2,1,2,4,615.9,0,0
3,2,4,6,1,1,6,2,10,8,1,1,2,3,660.0,0,0
2,1,7,2,7,1,4,3,1,8,1,2,3,6,654.8,0,1
2,1,10,8,6,1,6,6,4,8,1,2,6,10,708.1,0,1
4,5,4,10,5,1,7,3,10,8,3,2,5,5,671.9,1,2
1,2,3,0,5,1,0,2,1,7,6,2,0,3,593.4,1,2
5,1,7,4,5,1,10,8,4,8,0,2,10,10,725.1,0,0
2,4,2,2,7,1,4,3,8,7,6,2,2,3,659.4,1,0
2,5,5,5,10,1,10,1,2,7,1,2,1,2,653.1,1,2
0,5,2,2,8,2,6,2,4,6,4,2,3,1,595.5,0,2
2,3,3,4,4,1,6,2,1,7,8,1,0,3,593.4,1,1
1,5,3,5,10,2,8,4,3,7,5,1,1,10,632.9,1,1
5,4,10,10,10,1,5,1,10,7,1,2,0,10,675.1,1,3
5,4,5,3,10,1,2,0,5,6,7,2,1,4,631.4,0,2
2,0,2,6,5,2,9,1,5,6,0,2,3,10,682.4,0,3
3,3,10,10,10,2,5,5,3,6,10,1,4,2,666.7,1,2
0,4,7,4,5,2,6,2,4,5,5,1,1,3,588.5,1,1
1,3,6,3,6,2,2,1,6,6,1,2,0,1,633.3,1,3
1,1,4,10,10,2,10,2,6,7,1,2,1,2,664.1,1,2
2,4,10,7,10,2,8,7,10,7,8,2,10,4,724.4,0,3
2,3,8,10,5,1,4,1,3,6,3,2,2,2,690.5,0,2
5,1,4,5,6,1,2,5,5,5,0,2,0,4,649.9,1,2
2,3,10,8,8,2,9,5,4,8,1,2,1,10,720.0,1,2
2,1,3,3,5,2,9,3,7,7,1,2,6,8,693.2,0,2
4,3,10,10,6,2,7,4,8,7,2,2,7,6,712.1,1,2
5,1,4,5,4,1,9,1,10,8,1,2,6,10,712.7,1,1
3,2,10,5,6,1,6,3,5,7,4,2,7,3,674.1,1,1
3,3,8,10,6,2,7,5,5,6,4,2,1,5,682.4,1,2
3,3,8,10,10,2,4,2,10,7,4,1,1,3,654.7,1,2
5,5,3,10,10,2,10,2,1,8,2,2,0,2,648.0,1,3
1,2,5,5,4,2,5,1,10,9,4,2,1,7,644.9,1,1
0,5,3,0,2,2,10,0,3,5,7,2,0,10,593.4,0,3
3,4,8,7,10,1,3,3,4,7,3,2,4,9,675.6,1,3
4,2,3,10,10,1,7,5,9,6,3,2,8,10,752.9,1,1
3,5,5,2,10,1,4,3,10,7,5,2,1,4,664.9,0,2
5,1,10,8,5,2,6,3,3,7,2,2,2,10,694.1,1,3
4,3,8,2,9,1,7,3,6,6,3,2,2,2,669.0,0,3
2,0,2,1,10,2,10,2,5,8,2,2,5,9,664.1,1,1
5,2,8,2,10,1,8,1,10,8,0,2,1,7,668.5,1,1
1,3,6,2,5,1,8,3,5,6,3,2,4,7,690.9,1,1
4,3,4,2,4,1,7,1,5,7,0,1,6,1,635.0,0,0
1,3,4,4,4,1,3,2,2,6,2,1,1,4,607.0,1,1
4,2,2,2,2,2,6,0,10,5,2,2,2,7,639.0,1,2
2,1,4,2,7,1,7,2,2,9,1,2,1,5,653.5,1,0
4,3,3,5,10,1,4,6,10,6,4,2,5,10,686.8,0,1
3,4,8,3,8,2,3,1,7,6,2,2,1,3,648.8,1,1
4,1,10,6,10,2,8,5,10,7,1,2,2,6,704.0,1,3
3,4,4,10,10,2,5,8,1,9,0,1,2,6,632.9,1,3
4,2,1,3,1,1,6,3,2,5,0,2,3,2,642.5,0,2
1,5,2,0,1,2,0,2,1,7,5,1,0,3,540.7,0,0
3,1,10,10,5,2,10,10,10,6,1,2,10,10,766.7,1,3
1,4,10,5,10,2,2,4,6,6,5,2,1,4,650.3,1,2
3,1,10,10,5,2,10,8,10,6,1,2,10,10,763.3,1,3
1,2,5,0,10,2,6,3,9,7,0,2,4,0,659.6,0,1
2,1,2,3,1,1,6,1,2,8,4,1,1,0,629.5,0,1
1,5,5,4,10,2,3,3,2,4,8,1,0,1,572.6,0,1
4,1,7,4,1,2,3,2,4,9,2,1,3,7,625.0,1,2
5,2,4,0,10,1,7,1,10,7,3,2,1,4,636.0,1,2
1,3,6,3,5,1,6,4,6,5,0,1,0,10,624.6,0,1
2,2,2,0,9,1,8,1,5,8,5,2,1,8,631.8,1,0
4,5,2,9,3,2,5,3,10,6,1,2,1,0,623.9,1,2
2,3,5,10,10,1,8,5,2,5,0,2,2,3,666.3,0,1
2,3,4,10,10,1,10,6,2,5,3,2,4,10,674.8,1,1
2,3,4,10,10,1,10,6,2,5,3,2,4,10,674.8,1,1
2,3,4,10,10,1,10,6,2,5,3,2,4,10,674.8,1,1
3,3,7,4,6,2,9,1,2,7,2,2,1,10,671.8,0,3
2,3,5,3,3,2,0,1,1,6,1,1,1,4,584.7,0,1
4,4,8,5,5,2,4,2,6,6,10,2,1,2,626.5,1,2
4,3,5,2,10,1,7,5,6,8,1,2,4,8,703.4,1,1
2,3,0,2,2,2,8,3,2,6,0,2,0,1,586.6,1,1
1,2,1,1,5,2,1,1,5,7,3,1,1,6,587.4,0,1
1,2,1,1,5,2,1,1,5,7,3,1,1,6,587.4,0,1
2,3,4,10,3,2,7,5,7,5,3,2,3,10,672.4,1,3
5,1,5,3,3,1,8,1,6,8,0,2,5,5,689.8,1,1
3,4,10,3,10,1,7,2,9,7,2,2,1,10,693.6,0,2
5,0,10,10,10,1,5,2,7,7,0,2,4,2,749.3,1,2
5,3,4,5,5,1,8,2,7,7,4,2,0,4,684.7,1,2
3,5,5,6,7,2,3,6,2,9,6,2,3,6,645.0,1,2
1,1,0,0,10,2,5,3,1,9,1,1,2,10,597.2,0,1
1,1,2,2,1,1,3,2,2,6,2,1,1,10,615.5,0,3
1,5,6,2,4,2,2,4,3,5,8,1,2,1,554.3,1,1
1,3,2,1,3,1,4,2,3,7,6,2,0,5,600.6,0,3
5,1,10,9,5,2,5,7,4,6,2,2,1,7,678.8,1,3
2,1,2,10,5,2,4,3,3,8,2,2,2,3,641.6,0,2
4,4,1,4,2,1,5,2,1,8,1,1,0,7,617.4,1,2
4,0,3,4,1,1,9,2,10,8,0,2,5,10,717.8,1,2
2,2,5,6,4,2,4,2,2,6,7,2,2,3,620.6,1,1
3,1,4,0,8,1,7,4,8,7,3,2,1,3,669.6,1,2
2,2,3,2,8,2,6,4,5,7,7,2,3,5,641.8,0,1
2,1,4,1,1,2,2,2,2,7,3,2,2,5,598.7,0,2
2,1,4,1,1,2,2,2,2,7,3,2,2,5,598.7,0,2
1,4,6,2,10,1,6,2,6,7,0,2,1,3,657.3,1,1
5,3,10,6,10,1,4,4,6,7,1,2,3,6,701.5,1,3
2,2,10,3,4,2,3,3,9,6,1,2,1,10,667.9,1,3
2,3,4,2,8,2,4,3,3,6,2,2,1,4,629.3,0,2
3,2,3,6,5,1,4,3,5,6,4,1,5,7,656.9,1,0
4,1,10,10,10,2,5,0,6,8,1,2,3,10,727.2,1,3
5,5,10,4,10,2,5,4,10,5,6,2,2,6,676.4,1,3
3,3,3,4,3,2,4,0,3,6,7,1,0,1,568.1,1,1
3,2,3,10,6,2,5,5,6,6,6,2,7,5,687.7,1,2
3,3,4,5,10,1,5,6,10,8,1,1,4,10,680.4,0,2
3,3,5,1,2,1,8,6,2,6,2,2,1,5,651.2,1,3
0,2,4,4,6,1,2,1,3,7,5,2,3,2,617.6,0,1
5,2,10,7,10,1,8,5,4,6,3,2,1,6,712.8,1,1
1,2,2,1,2,1,1,0,2,9,2,1,0,4,577.0,0,0
1,2,4,2,7,2,1,1,2,7,3,2,0,4,597.0,1,1
3,2,4,10,4,2,8,2,4,6,1,2,10,5,697.5,1,2
3,2,2,5,1,1,1,0,5,6,2,1,0,5,605.9,0,1
1,2,2,5,2,2,7,3,7,6,4,2,3,0,609.7,1,3
5,3,4,5,5,2,7,7,2,8,2,2,2,8,666.9,0,3
3,1,0,5,3,1,5,4,10,7,1,1,4,7,688.7,1,1
5,4,5,10,10,1,2,4,7,7,0,2,10,4,711.9,0,2
4,4,10,10,10,2,9,9,9,8,0,2,2,2,741.4,1,2
1,1,3,4,4,2,5,3,1,9,0,2,4,7,641.4,1,3
4,1,4,7,2,2,7,2,7,6,2,2,4,7,698.1,0,3
1,5,4,9,4,2,8,3,1,7,10,1,7,3,634.2,1,1
1,5,4,10,5,2,9,4,4,7,1,2,0,1,628.0,1,1
1,5,1,0,1,2,5,0,5,5,1,2,0,4,559.8,0,3
2,4,0,4,1,1,1,2,8,8,7,1,1,7,615.4,0,1
2,0,4,1,6,2,3,2,7,8,2,2,1,10,666.2,0,2
4,4,6,4,3,2,5,1,5,7,8,2,0,2,629.9,1,2
4,1,3,3,7,2,4,4,10,6,2,1,0,2,640.9,0,3
1,2,5,0,10,2,0,4,1,6,2,1,3,4,594.9,1,1
5,2,5,4,5,2,7,2,9,7,1,2,2,5,688.5,1,1
4,3,4,5,3,2,8,10,6,5,8,2,3,10,684.1,0,1
4,2,7,10,10,1,7,1,10,7,0,2,10,10,721.0,0,2
1,3,4,3,8,2,4,7,1,7,5,2,7,10,683.5,1,0
2,3,7,8,4,1,8,3,8,6,2,1,6,7,662.6,0,1
4,0,6,10,7,2,7,7,4,6,0,2,7,10,721.3,0,3
3,4,2,8,5,1,4,1,3,7,2,2,1,4,658.4,1,2
4,3,2,3,4,2,2,2,3,6,3,2,3,9,625.9,0,2
2,1,5,10,5,2,6,1,7,7,2,2,1,4,686.4,1,2
3,3,6,10,4,1,6,5,3,6,1,2,5,6,671.8,1,1
4,1,10,8,6,2,7,2,10,8,1,2,0,7,694.0,1,3
2,4,3,2,5,2,5,5,1,7,4,2,4,3,629.1,1,2
5,1,5,2,4,2,7,4,2,8,0,2,5,10,663.5,1,2
2,2,6,10,1,1,6,1,2,7,0,2,1,10,665.0,1,3
0,4,2,1,5,2,0,0,1,6,8,2,1,4,559.2,0,1
1,3,2,3,3,1,7,4,2,7,1,1,6,10,629.3,0,0
1,3,10,10,10,1,6,2,7,7,3,2,1,7,703.4,1,2
3,3,3,4,7,1,8,4,5,8,0,2,5,3,674.3,1,2
1,4,10,10,10,2,7,1,8,7,5,2,1,10,690.0,1,2
5,3,5,0,4,1,2,2,10,8,1,2,2,5,649.8,0,3
1,3,4,4,8,2,4,0,8,8,2,1,2,4,620.5,1,0
5,3,10,10,10,2,7,3,10,7,8,1,8,2,693.8,1,2
3,2,7,10,10,1,0,4,10,6,1,2,2,6,731.0,0,2
3,2,6,6,10,1,8,3,4,8,1,2,2,5,686.0,1,2
3,4,6,5,5,1,1,0,7,5,2,1,1,7,606.1,0,1
3,2,7,5,3,2,8,1,4,9,3,2,5,7,638.6,1,1
4,0,5,10,10,1,10,4,10,8,1,2,10,5,743.3,1,2
4,2,7,6,4,2,10,7,10,8,6,2,3,8,692.3,0,1
2,3,4,1,4,1,2,1,10,6,1,2,0,1,605.2,0,2
2,2,8,1,1,1,1,1,3,7,0,1,1,2,585.3,0,1
1,4,2,1,10,1,2,6,8,7,10,2,5,6,640.7,0,1
5,5,10,5,10,2,9,7,8,7,0,2,8,7,698.5,1,2
2,3,4,5,5,1,5,3,3,6,3,1,4,5,622.5,0,1
3,5,9,10,10,2,10,2,5,7,5,2,10,2,672.4,1,1
2,3,10,10,10,1,8,3,8,7,3,2,5,5,712.1,0,1
4,5,10,10,10,2,5,2,8,6,10,2,2,7,689.8,1,2
1,2,4,10,3,2,7,2,7,6,1,2,2,3,660.7,1,2
5,5,6,5,10,1,10,8,5,8,0,2,4,10,718.5,1,3
3,3,10,10,10,2,8,7,4,6,1,2,9,10,723.0,1,2
3,3,5,8,5,2,3,2,10,6,7,2,2,3,659.6,0,2
3,2,6,7,10,1,8,3,6,7,2,2,8,2,713.4,1,1
4,2,4,9,7,2,4,4,7,7,1,1,3,8,654.1,0,1
4,4,10,5,10,1,4,0,7,8,1,2,1,10,683.2,0,0
4,3,10,10,10,2,8,3,6,6,1,2,4,7,723.4,1,0
3,1,6,3,8,1,8,3,8,7,2,1,1,8,650.9,1,2
4,4,3,5,7,2,7,1,6,8,8,2,1,4,621.8,1,3
3,1,2,5,6,2,7,4,8,6,3,2,8,8,671.1,0,2
3,5,5,3,3,2,7,1,7,6,10,2,2,3,611.4,1,2
1,1,10,10,10,2,6,5,4,7,3,2,3,2,716.4,1,2
3,3,2,0,8,2,6,1,10,7,2,1,3,10,603.7,0,1
5,3,4,10,8,2,9,8,5,7,1,2,8,10,721.7,1,3
4,4,6,6,10,1,7,4,3,8,2,1,3,7,667.1,1,0
3,5,10,3,8,2,6,1,2,7,10,1,0,10,610.6,1,1
3,0,5,6,5,1,8,0,10,6,0,2,1,5,686.8,1,3
5,2,3,3,10,1,10,7,3,9,8,2,7,10,723.4,1,1
2,1,4,1,3,1,6,1,7,7,0,1,2,5,621.8,1,1
2,4,6,6,9,1,7,3,10,7,5,1,3,6,675.1,1,0
5,4,5,4,6,1,5,3,7,7,1,1,2,7,628.6,0,1
3,3,4,2,10,2,6,3,8,7,2,2,1,6,664.5,0,2
1,4,4,10,10,2,2,4,5,6,0,2,2,2,651.8,1,2
1,0,0,1,2,2,0,0,4,6,1,1,0,7,566.6,0,1
2,4,3,3,2,1,5,2,7,7,1,2,1,10,660.9,1,3
3,3,5,10,10,2,8,4,5,8,1,2,3,10,686.2,0,2
3,3,3,1,5,1,0,2,1,9,0,1,1,1,580.2,1,0
2,3,7,3,7,2,5,2,7,6,3,2,3,4,635.2,1,2
2,2,6,4,10,1,6,1,9,7,5,2,1,7,666.4,1,1
5,2,3,3,3,1,4,1,5,8,1,2,5,8,684.5,0,3
4,0,2,0,3,2,8,2,9,8,3,2,2,2,639.4,1,0
3,4,5,10,10,1,8,1,5,6,3,2,6,5,685.8,1,2
5,3,7,10,3,1,8,3,5,8,1,2,3,10,708.3,1,2
3,5,3,10,10,2,4,5,7,7,6,2,3,3,666.0,0,2
3,5,3,10,10,2,4,5,7,7,6,2,3,3,666.0,0,2
3,5,1,10,10,2,3,4,8,7,7,2,3,4,652.6,0,2
5,3,8,10,7,2,2,5,7,9,4,1,8,7,674.9,1,2
3,4,4,5,10,1,3,2,10,6,0,2,0,5,654.5,0,2
0,5,6,2,4,2,4,2,2,5,5,2,3,7,600.0,1,0
3,2,3,5,4,1,7,2,3,6,3,2,1,2,654.8,1,2
3,1,4,4,4,1,7,1,3,6,2,2,1,2,659.9,1,2
1,4,7,4,4,2,3,1,6,5,7,2,1,1,592.3,0,2
3,1,3,5,8,1,6,6,1,8,2,2,3,5,670.1,1,0
2,5,5,3,7,1,10,5,6,7,1,2,4,4,687.9,0,0
3,5,7,3,5,2,3,1,2,6,2,1,1,3,608.7,1,3
2,1,1,1,6,1,8,3,8,8,0,2,6,7,676.6,0,1
5,5,2,10,2,1,0,1,8,6,5,1,2,3,620.1,1,1
2,1,9,2,10,1,1,2,8,8,1,1,1,2,635.8,0,1
5,3,5,5,6,1,8,4,10,6,2,2,8,7,722.5,1,1
2,5,2,2,3,1,8,2,10,7,1,1,1,1,627.5,1,1
4,3,7,6,5,1,4,2,8,9,4,2,2,10,705.7,0,1
1,4,4,2,6,1,4,1,3,9,3,2,3,4,611.2,1,1
1,5,3,8,1,1,8,1,1,6,2,1,4,4,600.0,0,3
5,4,3,7,2,1,7,6,5,7,3,2,3,1,653.7,1,2
3,1,1,1,2,1,0,0,10,6,2,1,0,2,606.9,0,1
1,4,0,5,10,2,4,4,3,9,10,1,3,10,623.1,1,3
2,2,4,7,6,1,3,0,4,6,6,2,2,3,632.9,0,1
4,1,4,10,4,1,7,0,6,8,1,2,2,10,717.0,1,2
3,5,2,4,2,2,5,0,2,9,0,1,3,2,587.2,0,3
2,5,4,5,5,2,3,1,3,6,6,1,0,2,556.2,1,2
1,1,1,1,2,1,7,4,1,7,3,2,2,8,641.0,0,1
4,5,5,3,10,2,3,0,7,7,7,2,1,2,630.3,1,2
3,4,6,10,10,1,4,1,6,6,2,2,7,10,701.3,1,1
4,4,5,10,1,1,2,6,7,7,1,2,7,3,677.9,1,1
1,2,1,6,9,2,5,5,10,8,0,1,0,5,632.8,0,0
2,3,8,3,10,1,5,5,10,7,1,2,8,10,729.5,0,0
0,2,3,4,10,1,6,7,8,9,3,2,5,3,663.2,1,0
2,2,2,3,9,1,8,2,2,9,2,2,2,7,662.0,0,0
3,4,7,0,10,1,3,3,9,5,8,2,4,6,650.7,1,0
0,3,8,2,10,2,0,5,7,6,10,1,6,0,601.2,0,0
2,1,2,0,10,1,4,4,5,7,3,2,0,5,646.9,1,0
2,3,7,5,10,1,8,5,8,7,4,2,4,2,673.0,0,0
3,2,10,5,10,2,5,5,7,3,3,2,8,2,690.7,1,0
1,4,10,0,10,2,1,2,5,10,3,2,4,1,628.8,1,0
1,5,10,10,10,1,10,0,8,6,2,2,0,10,717.0,1,0
1,2,6,7,10,1,3,3,3,9,2,1,1,10,653.7,1,0
1,2,8,6,10,2,5,3,8,8,5,2,3,1,649.4,0,0
3,2,10,4,6,2,8,3,6,7,4,2,2,3,650.5,0,0
2,3,10,4,10,1,7,3,5,8,2,1,0,2,633.5,1,0
3,3,10,5,10,2,5,7,4,7,4,2,9,7,694.3,1,0
3,3,2,1,6,1,5,1,3,6,2,2,1,2,614.0,0,0
1,3,3,5,10,1,5,5,2,6,10,2,2,3,639.3,1,0
3,2,7,6,10,1,7,6,10,7,4,2,5,7,705.7,0,0
0,2,4,3,10,2,4,0,10,6,5,2,2,0,610.3,0,2
3,2,5,3,10,1,10,6,5,6,2,2,8,6,721.5,1,2
1,3,2,3,10,2,4,3,6,6,0,2,2,2,611.2,1,2
5,2,6,9,7,2,3,6,7,7,1,2,6,7,703.4,1,1
1,3,3,3,7,1,4,2,4,7,1,2,0,4,633.1,0,1
1,3,3,2,4,1,7,1,6,7,3,1,5,0,592.7,0,0
3,1,10,10,5,2,6,4,8,7,2,2,1,5,691.7,1,2
2,1,2,4,3,1,7,6,8,6,1,2,6,8,688.1,0,3
2,1,10,10,8,2,7,5,6,9,0,2,8,6,727.4,1,3
4,3,3,1,4,2,4,4,2,8,1,2,4,3,615.9,0,1
5,0,5,10,10,1,9,8,10,7,0,2,7,10,782.2,1,1
5,4,4,3,3,1,4,1,9,7,1,2,5,8,693.6,0,1
1,5,2,0,3,1,8,2,8,8,0,1,1,9,637.5,0,1
3,2,4,2,9,1,8,2,7,8,1,2,2,10,695.1,0,3
2,4,2,2,4,2,4,2,5,7,2,2,4,10,628.2,0,0
5,2,9,10,8,1,6,3,7,7,4,2,2,2,703.4,0,3
4,2,5,5,8,1,5,5,7,7,3,2,5,5,689.8,0,2
4,4,4,10,10,1,8,1,7,7,3,2,2,4,700.0,0,1
4,4,3,10,5,2,6,1,8,8,8,1,3,6,647.7,1,1
3,3,6,0,6,1,5,1,10,7,1,2,5,5,671.7,0,1
1,5,4,7,3,2,1,1,6,7,10,2,2,4,599.5,1,1
5,1,3,8,10,2,9,3,5,7,0,2,5,4,692.8,1,2
5,0,10,9,5,1,8,5,10,8,10,2,8,10,751.8,1,1
1,5,2,3,6,2,2,8,7,9,5,1,0,2,589.9,1,1
4,2,5,7,3,1,5,4,7,7,3,2,1,7,666.0,0,3
5,0,10,10,8,1,8,8,10,8,0,2,7,10,787.5,1,1
4,2,9,10,10,2,8,9,5,7,2,2,8,5,709.8,1,2
2,0,3,1,6,2,9,3,3,6,8,2,0,9,644.6,1,2
2,2,4,3,10,2,4,1,4,6,5,2,1,10,621.0,1,0
5,5,8,4,10,1,8,4,4,8,4,2,1,5,713.2,0,1
2,1,4,7,5,2,5,4,7,6,3,2,0,3,659.0,1,2
3,3,3,3,10,2,6,2,10,7,1,1,1,10,663.2,1,1
3,5,0,0,3,2,3,1,3,6,2,1,2,4,559.6,0,2
3,2,9,6,8,2,10,7,7,7,8,2,9,6,701.7,0,1
2,1,5,3,5,1,7,2,7,7,1,2,2,3,679.6,1,3
1,5,0,0,10,1,5,1,7,7,0,1,1,10,611.6,0,2
2,5,10,5,6,2,4,0,1,6,10,1,4,10,630.6,0,1
2,4,5,5,6,2,7,2,3,5,7,1,2,4,610.4,1,2
1,5,10,10,10,1,7,4,8,7,5,2,1,6,681.5,1,2
3,2,5,2,10,2,8,2,3,6,4,2,4,4,636.1,1,3
4,4,4,6,10,2,5,2,9,6,4,2,1,3,635.6,0,2
5,1,10,10,10,1,9,10,5,8,1,2,10,10,772.9,1,2
5,2,5,6,10,1,5,5,10,7,2,2,8,6,744.8,1,3
1,1,0,0,2,2,2,1,5,8,1,2,1,10,616.5,0,3
4,3,7,10,8,1,7,1,10,8,2,2,3,10,721.2,0,2
2,5,5,3,6,2,3,7,10,7,3,2,0,6,632.6,1,2
1,5,5,3,2,2,5,4,7,9,1,2,4,10,642.6,0,1
4,4,10,10,10,1,7,3,10,7,2,2,2,1,705.7,1,1
3,5,5,10,10,2,10,10,5,9,1,2,10,10,718.7,0,3
3,3,3,3,4,1,5,1,5,9,5,1,4,8,645.6,1,2
2,4,5,7,4,2,3,1,5,9,0,2,0,5,625.2,0,3
2,3,3,10,10,2,9,1,6,8,1,2,2,10,727.2,1,2
2,1,3,5,7,1,5,2,7,9,1,2,1,3,678.3,1,2
2,3,4,10,7,2,8,2,1,7,7,2,2,8,669.9,1,3
1,1,3,4,4,2,7,2,5,7,1,1,1,10,621.4,1,2
5,1,10,8,8,1,10,2,4,8,3,2,2,10,730.2,1,1
3,2,5,5,10,1,8,3,10,8,10,2,1,7,683.8,0,1
3,3,5,1,10,2,3,0,4,6,5,2,1,2,634.6,1,1
4,2,10,10,7,2,7,6,9,8,5,2,4,6,722.7,1,2
0,5,4,5,10,1,8,2,10,7,1,1,1,5,644.5,1,0
0,4,2,0,2,2,3,0,1,7,4,2,0,6,554.3,0,1
2,2,4,4,6,1,4,1,4,7,3,1,1,2,626.3,1,2
1,3,2,5,5,2,5,4,4,6,1,1,5,4,624.4,0,2
3,5,3,5,3,1,3,2,4,10,0,1,1,9,625.2,1,3
3,1,5,0,8,1,7,2,3,7,1,2,0,10,661.8,0,0
2,4,7,4,10,2,10,8,4,9,0,2,8,4,696.4,1,3
0,2,3,8,5,2,10,4,4,9,0,2,4,4,684.5,1,2
1,4,5,3,10,1,6,2,4,7,0,1,0,2,619.5,1,1
3,3,3,3,5,1,7,3,7,7,4,2,3,4,662.6,0,2
2,3,6,8,10,2,6,3,9,7,3,1,7,6,686.8,1,1
4,3,5,6,10,1,6,2,6,7,1,2,3,6,706.6,1,2
1,4,3,8,10,2,7,2,3,5,1,1,6,5,641.0,0,2
1,5,5,1,8,2,2,0,5,8,10,2,0,2,579.1,0,1
5,3,3,0,5,1,7,2,4,7,6,2,1,10,629.7,1,0
5,3,5,1,10,1,8,6,5,7,5,2,5,10,696.2,1,2
2,5,1,1,10,2,7,1,5,7,8,1,2,1,589.1,1,1
1,1,10,10,10,2,1,10,10,4,0,1,2,5,652.4,0,2
0,1,10,8,5,1,4,2,2,6,1,2,4,10,661.4,0,1
1,5,0,4,1,2,2,2,2,4,0,1,3,0,545.4,1,0
3,2,10,3,6,1,8,3,8,7,4,2,5,10,713.8,0,1
4,3,6,10,5,2,3,3,6,7,4,2,7,7,672.6,0,3
4,0,10,10,10,1,7,2,9,7,2,2,2,8,734.4,0,1
3,3,2,2,3,2,1,2,4,8,4,2,1,5,612.9,1,2
2,3,1,2,5,2,7,1,10,6,0,2,0,6,630.7,0,1
5,4,4,4,3,1,5,3,10,8,6,2,10,10,688.9,0,1
2,2,10,2,5,1,3,4,2,10,7,2,4,10,640.1,1,0
3,5,4,10,10,1,8,4,6,7,10,2,1,3,659.0,1,1
4,0,2,3,2,1,7,5,4,6,0,2,5,10,680.5,0,3
2,4,2,4,10,1,3,2,6,5,6,2,1,5,629.7,0,2
1,0,3,5,5,2,5,3,10,5,1,2,1,10,700.2,0,2
3,3,6,2,7,1,3,3,10,6,2,2,2,5,673.2,0,2
3,2,4,7,8,1,3,3,6,6,2,2,3,10,674.1,1,2
3,1,10,8,6,1,8,5,10,6,1,1,5,10,712.3,1,3
5,2,5,4,4,1,6,1,7,7,1,2,1,7,681.3,1,1
0,4,4,5,10,2,3,0,10,5,4,2,1,10,622.0,0,2
4,4,2,1,2,1,8,3,10,7,2,2,2,7,668.3,1,3
4,1,4,8,3,1,3,4,10,7,2,2,7,10,714.2,1,3
4,5,6,10,4,2,10,8,7,7,5,2,10,10,723.8,1,3
2,3,5,3,6,1,1,3,5,8,7,1,0,3,628.4,1,1
2,3,5,3,6,1,1,3,5,8,7,1,0,3,628.4,1,1
5,3,5,10,10,1,9,5,8,8,1,2,7,10,754.8,1,3
0,5,10,10,10,2,5,5,5,7,5,2,2,10,682.6,1,2
3,5,6,5,10,1,5,3,5,8,1,2,4,3,669.2,1,1
2,5,10,4,5,2,4,8,5,6,6,1,5,7,629.7,1,2
3,1,6,7,2,2,9,2,3,7,1,1,3,4,649.9,0,3
1,2,10,10,3,1,8,4,1,8,1,1,10,5,678.6,0,1
5,3,10,8,2,1,8,8,10,8,3,2,3,10,722.9,0,3
5,2,7,4,4,1,8,4,10,8,1,2,5,10,697.4,0,1
4,1,3,7,5,2,3,3,4,8,1,1,4,6,623.1,0,0
2,3,3,8,7,1,4,7,2,7,3,1,0,5,639.5,1,1
3,1,4,2,4,2,5,4,4,8,1,1,4,9,638.4,0,1
2,2,10,8,3,1,8,4,5,7,0,2,5,7,711.5,0,1
5,4,7,4,6,1,4,1,6,7,6,2,4,6,676.0,1,1
2,3,10,0,5,1,3,5,8,7,10,2,6,6,637.3,0,1
3,4,3,4,10,2,5,2,7,6,3,1,0,4,601.2,1,1
1,5,0,6,2,2,2,1,2,7,0,1,0,10,556.2,1,2
5,2,10,10,10,1,7,5,10,7,1,1,6,10,755.0,1,1
5,1,7,6,3,1,8,3,10,8,3,1,2,5,694.0,1,2
3,1,3,8,6,1,6,6,7,6,1,1,8,6,681.1,0,2
2,3,1,10,2,2,6,2,8,8,1,2,0,2,627.3,1,2
3,5,10,4,9,1,3,0,3,7,5,1,5,2,634.6,1,2
1,3,8,9,3,1,5,4,6,6,2,1,6,4,670.7,0,1
5,4,8,10,10,1,5,4,10,6,2,2,1,1,707.2,1,2
5,1,10,5,4,1,7,5,2,8,1,2,5,7,724.7,1,1
1,3,10,8,4,2,5,2,8,6,1,2,1,4,667.7,1,3
5,5,10,0,10,1,7,4,2,7,1,2,4,7,704.1,1,2
2,2,5,10,10,2,7,5,10,7,2,2,5,8,704.0,0,1
3,3,8,8,10,1,5,2,8,7,2,2,5,3,701.9,1,2
3,2,5,7,10,1,2,2,3,6,2,2,3,2,653.1,1,2
2,4,3,5,8,1,6,2,6,6,4,2,3,8,665.6,1,2
3,1,7,2,5,2,3,3,2,5,3,2,5,3,645.9,0,2
3,2,3,5,2,2,4,2,1,7,3,2,0,3,590.0,1,3
4,5,7,6,4,1,8,4,5,6,5,2,5,7,689.2,1,3
3,3,7,10,10,2,6,4,9,4,5,2,2,10,699.8,0,2
2,5,8,6,10,2,6,4,3,5,1,1,6,5,629.1,1,2
4,4,3,7,3,1,8,1,3,6,3,1,4,7,644.6,0,3
4,4,8,4,10,1,10,2,4,7,1,2,1,10,706.2,1,2
2,2,6,0,1,2,4,1,1,7,0,2,2,5,612.1,1,3
3,3,3,2,4,1,7,0,2,8,10,2,0,3,626.1,1,2
5,4,2,3,3,1,3,1,4,8,4,2,3,5,623.1,0,3
4,2,10,5,6,1,5,2,5,8,1,1,1,7,686.2,1,2
4,1,5,8,7,1,8,4,6,7,0,1,2,8,679.4,0,1
2,5,10,10,10,2,10,7,1,8,0,2,3,3,699.0,1,1
1,3,10,10,10,1,8,1,6,7,8,2,0,5,640.3,1,1
3,4,0,0,2,1,7,1,1,6,2,1,3,10,606.8,0,1
2,5,3,10,10,1,3,3,6,6,5,2,1,0,652.0,1,2
5,3,3,2,2,2,3,0,5,7,3,2,1,2,636.7,1,2
5,3,2,10,10,2,3,5,10,6,2,2,0,7,681.7,1,1
2,3,4,10,10,2,7,2,7,6,4,2,3,6,684.5,1,3
5,1,4,7,8,1,7,6,3,7,1,2,5,7,695.8,1,1
1,0,2,2,3,1,2,1,6,8,1,2,1,5,630.3,1,1
0,4,5,10,10,1,8,3,3,6,0,2,3,10,693.9,0,1
4,3,4,7,10,2,5,6,7,6,1,2,4,7,686.2,1,1
3,3,8,5,10,2,8,7,4,8,1,2,5,3,674.1,0,1
3,4,8,5,10,2,8,6,4,8,1,2,4,2,665.6,0,1
2,4,3,3,6,1,9,0,5,6,3,1,0,2,599.1,0,3
4,4,6,2,10,1,7,1,8,7,2,1,6,10,656.0,0,0
4,3,10,10,10,2,9,10,4,7,1,2,2,10,736.8,1,3
5,3,6,4,5,2,6,2,8,8,2,2,1,8,654.5,0,2
5,3,6,10,10,1,6,2,10,7,1,2,6,10,738.0,0,1
1,5,8,5,1,2,3,2,1,10,6,2,2,10,600.8,1,3
1,5,5,0,2,1,0,1,1,6,1,1,0,0,557.5,0,2
5,4,9,9,10,1,8,4,5,7,4,2,4,4,692.8,0,2
1,5,10,10,10,1,5,6,10,7,10,2,5,6,690.4,0,1
3,5,5,10,10,2,10,4,10,7,0,2,5,10,698.9,0,3
1,4,4,2,2,1,2,2,6,6,5,2,2,3,616.3,1,2
1,5,2,2,3,2,2,2,2,5,10,1,1,10,584.7,0,2
2,3,5,8,10,2,5,3,10,6,1,2,1,8,681.7,1,3
1,4,2,6,3,2,7,5,2,8,8,2,2,5,634.6,0,2
2,2,4,4,5,2,0,4,4,7,0,2,1,6,617.8,1,1
4,3,3,0,10,1,7,2,5,7,2,2,1,7,675.8,1,0
1,4,1,3,10,2,3,2,3,6,3,2,1,10,627.6,1,2
4,4,4,5,10,1,8,2,5,8,2,2,3,10,698.1,1,1
4,2,6,1,5,1,5,3,8,7,1,1,2,5,645.8,0,0
5,4,7,5,8,1,7,2,4,7,4,2,5,7,689.2,1,2
3,1,10,10,10,2,7,3,4,7,0,2,1,8,706.2,0,2
3,3,3,10,7,1,7,8,1,7,5,2,7,7,727.7,1,2
3,3,3,10,10,1,7,8,1,7,7,2,10,7,726.0,0,2
2,4,3,5,2,1,1,2,2,6,2,1,1,7,622.3,1,2
2,3,6,4,8,1,6,0,10,9,2,2,0,5,687.4,1,2
1,3,3,10,2,1,0,0,1,7,2,2,1,5,627.4,0,0
2,1,4,3,1,2,2,1,1,6,5,2,2,1,588.1,1,3
1,3,4,2,8,2,4,5,2,7,1,2,2,2,612.3,1,1
1,4,5,5,10,1,8,4,4,7,1,2,5,7,682.4,1,1
4,3,5,8,8,2,3,2,3,8,1,2,2,5,689.2,1,3
2,4,2,4,10,2,4,2,2,6,4,2,2,5,612.1,1,1
3,4,3,10,5,1,5,2,10,8,1,1,3,4,661.7,0,1
1,5,4,6,10,1,7,5,10,5,1,1,2,10,696.8,1,1
3,2,5,10,10,2,7,5,10,7,0,2,4,5,714.2,0,1
5,4,1,3,3,1,4,10,5,9,2,1,8,3,637.1,1,1
2,5,2,0,5,2,4,2,1,5,10,2,3,1,560.7,1,1
2,4,1,1,5,1,1,1,10,8,1,2,1,2,622.6,0,1
4,3,10,10,10,2,8,1,8,9,4,2,3,4,685.3,1,1
4,4,6,10,10,1,6,3,8,6,5,2,0,2,659.2,1,3
4,4,6,6,10,1,6,2,9,6,8,2,0,2,642.4,0,3
5,2,1,4,3,1,6,4,7,6,0,2,2,10,691.3,1,3
2,2,2,3,3,1,5,2,10,7,0,1,3,7,656.4,0,1
2,1,3,3,3,1,5,4,6,7,3,2,3,8,672.6,1,1
5,2,10,5,10,1,5,5,5,7,1,2,8,5,726.8,1,1
3,3,7,7,7,1,7,10,6,7,1,2,10,3,713.4,0,2
4,3,6,5,10,1,5,4,2,7,3,2,6,4,693.9,1,1
1,1,0,1,3,1,3,2,8,7,7,2,2,5,623.7,1,1
5,3,8,3,5,2,5,5,6,8,3,2,3,3,660.9,1,2
3,4,7,5,10,1,3,1,7,6,2,2,1,3,664.1,1,1
5,3,8,3,5,2,5,5,6,8,3,2,3,3,660.9,1,2
3,2,6,10,10,2,8,2,2,7,3,2,4,2,665.0,1,1
0,3,1,3,5,2,4,1,5,6,2,2,6,7,631.4,0,2
1,3,5,2,5,2,5,2,1,6,2,2,8,10,634.0,0,1
0,1,6,8,4,1,8,5,6,8,0,2,8,10,706.8,1,2
5,1,5,7,4,1,8,2,10,7,2,2,3,10,712.5,0,2
5,3,7,10,10,2,8,8,6,6,2,2,10,10,745.5,1,3
2,3,10,2,10,2,7,1,10,7,1,2,6,7,663.2,0,1
3,4,0,2,1,1,5,2,5,6,1,2,1,10,639.9,0,3
3,4,0,1,0,1,5,1,6,6,1,2,2,10,636.7,0,3
4,3,10,10,6,1,4,1,8,7,1,2,4,3,707.0,1,1
2,4,3,3,7,1,7,3,5,7,5,1,1,7,624.8,0,1
2,5,3,2,5,2,2,0,7,6,1,2,1,5,601.2,0,2
4,1,4,1,5,1,6,2,8,7,5,2,1,1,679.8,0,2
3,0,0,1,1,1,3,2,7,9,6,1,2,8,622.2,0,1
4,2,6,5,8,2,8,2,8,7,0,2,2,10,674.7,1,3
4,0,5,7,3,1,7,1,6,8,0,2,4,9,698.3,1,1
3,2,6,10,8,1,5,3,3,8,1,2,3,7,713.0,0,3
3,2,6,4,4,2,4,0,10,8,4,2,1,2,646.4,1,2
5,1,10,10,10,1,9,6,6,8,0,1,3,10,751.0,1,3
5,4,1,0,1,1,3,2,4,9,10,2,1,10,638.6,1,3
2,1,7,5,10,2,4,4,4,7,2,2,8,2,694.3,1,1
2,4,3,10,10,2,5,3,8,6,4,1,4,7,660.9,1,1
5,2,5,8,4,1,7,3,9,7,6,2,3,10,720.8,1,2
2,3,10,7,10,1,5,1,5,6,2,2,1,8,675.6,1,1
4,3,6,8,10,2,4,3,5,7,3,2,9,10,704.7,1,3
4,5,3,4,7,1,8,2,9,7,0,2,0,7,661.3,1,3
5,3,10,10,7,1,5,3,6,9,3,2,8,7,735.9,1,2
5,2,10,8,10,2,9,8,10,6,2,1,10,10,737.8,0,3
2,1,3,7,4,2,8,1,3,8,5,2,1,1,634.8,1,3
3,3,6,6,8,2,7,3,6,7,1,2,2,2,667.5,0,1
3,3,6,6,8,2,7,3,6,7,1,2,2,2,667.5,0,1
1,4,7,5,3,2,5,4,1,6,8,1,6,2,593.2,0,1
4,4,4,8,3,2,6,5,4,6,2,2,1,3,651.6,1,3
3,3,2,3,3,2,5,4,6,5,3,2,2,10,646.7,0,2
1,3,4,6,3,1,9,1,9,6,7,1,0,1,616.9,1,2
0,3,4,5,3,1,3,3,5,8,2,2,3,6,650.5,1,1
1,5,4,10,7,1,7,1,5,6,10,1,3,7,605.9,1,1
4,2,4,8,3,2,6,1,4,7,4,2,1,10,675.6,1,3
4,0,4,3,4,2,3,2,6,9,3,2,5,8,690.0,0,2
3,3,4,4,2,2,3,4,3,6,4,1,2,5,603.8,1,2
5,2,1,6,3,1,3,3,7,8,1,1,5,10,690.0,1,1
2,5,2,10,10,1,6,3,4,6,3,2,1,4,636.3,1,2
3,2,8,7,10,2,10,8,10,7,2,2,7,10,746.5,0,1
2,2,4,10,3,2,2,5,1,8,2,2,4,3,632.7,1,3
5,2,5,4,3,1,7,5,5,8,1,2,2,10,684.5,1,2
2,1,5,1,5,1,6,2,4,7,1,2,6,7,665.4,0,1
5,2,3,3,10,1,3,4,7,8,2,2,0,10,701.9,0,3
4,3,8,7,5,2,7,3,7,6,4,2,10,10,694.7,0,1
5,2,10,10,10,1,9,10,10,8,0,2,10,10,790.9,0,1
2,5,10,10,10,2,8,4,1,6,5,2,5,2,698.6,1,0
5,1,6,7,6,1,8,7,8,8,0,2,3,8,734.4,1,3
4,3,3,4,10,2,7,5,7,6,3,1,7,7,657.3,1,1
5,4,7,3,10,1,8,6,8,8,0,2,1,1,664.7,0,1
3,5,5,5,6,1,5,6,7,7,3,1,2,6,640.5,1,1
4,5,3,10,10,2,7,3,1,6,1,2,3,4,679.9,1,1
3,2,4,4,7,1,7,5,9,7,2,1,5,7,685.1,1,1
1,3,5,10,10,2,10,2,5,8,2,2,2,6,650.5,1,1
1,5,3,2,1,2,0,4,7,5,4,2,0,0,590.8,0,1
5,2,10,10,5,1,10,5,7,6,0,2,5,10,774.6,1,3
1,5,5,1,1,1,0,1,8,6,5,2,0,9,604.8,0,1
3,2,5,2,10,1,8,5,5,7,1,1,3,6,677.5,0,0
3,2,4,4,5,2,5,2,8,6,0,2,0,2,657.5,1,3
3,2,7,5,7,1,8,6,5,6,1,1,3,6,672.2,1,1
1,3,1,1,1,1,9,2,2,9,9,2,0,7,588.9,1,2
5,1,6,8,5,1,0,1,5,8,1,2,3,7,696.4,1,3
2,5,5,9,4,1,0,2,8,8,10,1,1,10,618.8,1,2
4,2,10,5,10,1,7,5,8,6,2,2,8,8,720.4,0,1
1,4,5,5,10,2,5,0,10,7,3,2,1,2,647.9,0,2
2,1,3,5,10,1,8,2,10,7,1,2,3,8,698.9,0,3
4,3,2,2,4,1,6,1,9,8,2,2,1,3,642.8,0,2
3,2,8,4,10,1,7,3,7,8,1,2,4,10,717.2,0,1
1,3,1,0,1,1,0,2,7,5,3,2,1,5,607.8,0,3
1,0,3,5,3,2,3,2,1,7,0,1,9,10,651.2,0,2
1,3,9,3,1,2,8,2,4,6,0,1,0,6,607.4,1,0
3,3,10,4,10,2,8,6,7,7,4,2,2,10,686.4,1,3
1,4,4,10,10,2,8,5,2,7,3,2,8,3,671.8,0,3
1,1,9,5,3,1,6,2,5,6,1,2,2,4,694.3,0,0
3,2,3,5,7,1,8,3,5,8,1,1,4,8,696.4,1,0
5,4,4,2,10,1,7,2,10,7,2,2,2,10,671.7,0,1
2,3,5,5,10,1,4,3,10,5,1,1,2,7,642.4,0,2
3,1,5,10,10,1,9,7,6,8,1,2,9,10,749.3,1,2
3,1,5,10,10,1,9,7,6,8,1,2,8,10,747.6,1,2
5,3,10,10,6,1,7,1,5,5,1,2,1,6,682.2,1,3
2,5,3,3,2,1,9,3,7,8,7,2,6,6,644.1,1,3
3,3,7,8,8,2,6,4,10,7,4,2,3,10,698.9,0,3
1,3,3,7,10,1,10,2,3,7,1,1,8,10,668.6,1,2
4,5,3,5,10,1,3,4,7,7,1,1,1,5,655.8,1,1
5,5,5,10,10,2,10,3,6,7,0,2,2,0,693.0,1,1
4,3,4,8,3,2,4,1,7,5,0,2,2,3,645.2,1,3
2,3,6,2,4,1,7,0,5,7,5,2,1,5,648.6,1,1
4,3,10,6,10,1,5,5,5,8,2,2,7,3,699.8,1,1
4,0,10,10,5,1,8,2,8,8,1,2,0,7,690.2,1,2
2,0,0,10,10,1,9,0,10,8,0,2,10,10,743.3,0,0
3,3,7,8,8,2,6,4,10,7,4,2,3,10,698.9,0,3
2,2,6,6,6,1,7,5,5,6,2,1,2,8,668.8,1,1
3,2,10,6,7,2,7,6,10,6,4,2,5,5,705.5,1,1
3,3,10,9,10,2,4,7,10,6,4,2,5,5,702.1,1,1
2,5,3,2,10,1,5,4,10,6,5,1,4,4,618.8,1,1
2,3,6,10,6,1,5,4,7,5,2,1,3,4,657.1,0,1
2,3,6,10,6,1,5,4,7,5,2,1,3,4,657.1,0,1
3,3,6,10,8,1,6,3,7,5,3,1,3,3,665.6,1,1
5,5,10,10,10,1,3,1,10,7,4,2,4,5,681.9,1,1
3,2,5,6,3,1,8,6,7,7,1,2,5,4,686.4,0,1
2,2,8,7,8,1,8,6,4,7,0,2,4,4,706.2,1,1
2,2,8,7,7,1,8,7,4,7,0,2,4,4,713.0,1,1
5,1,10,10,10,2,9,5,6,8,4,1,6,7,706.8,1,1
2,1,10,8,7,1,7,2,10,8,3,2,2,7,704.2,1,1
1,3,2,4,3,1,4,2,8,6,1,2,0,1,608.2,1,0
1,3,2,2,1,1,5,2,8,6,1,2,0,1,599.7,1,0
2,2,10,10,10,2,6,2,7,7,2,1,3,10,637.1,1,1
2,5,4,5,4,1,9,8,8,6,2,1,8,4,683.0,1,1
2,5,4,5,4,1,8,7,8,6,2,1,7,4,674.5,1,1
1,3,3,6,3,2,3,1,3,5,2,1,0,0,601.9,0,1
1,3,3,6,3,2,3,1,3,5,2,1,0,0,601.9,0,1
1,3,3,1,3,2,3,1,3,5,2,1,0,1,595.1,0,1
5,5,3,4,3,2,7,3,10,6,3,1,2,0,613.7,1,1
2,3,5,2,4,1,5,4,3,6,6,1,5,4,620.8,0,1
2,3,10,10,10,1,7,5,6,6,1,2,5,2,714.9,1,3
5,1,7,3,10,1,7,1,4,7,2,2,2,9,692.6,1,0
4,5,6,2,3,1,5,0,1,6,8,1,0,1,589.8,1,1
2,3,3,3,2,2,2,1,1,6,3,1,0,1,557.5,0,3
1,3,8,10,6,2,8,6,6,6,1,2,8,5,692.8,0,1
5,2,4,6,9,2,7,4,1,8,1,1,1,6,659.9,1,2
3,2,7,10,5,1,8,3,7,7,2,2,2,9,686.4,1,3
3,1,4,8,3,2,10,2,10,7,1,2,1,10,697.2,1,3
1,2,5,1,10,1,5,1,1,6,3,2,3,2,632.3,1,1
3,4,4,8,10,2,7,2,10,7,3,2,3,3,675.1,1,2
5,0,9,10,8,1,8,2,8,7,1,2,3,10,732.5,1,3
5,2,7,8,5,1,10,4,2,7,4,2,2,10,697.3,1,3
5,2,8,7,6,2,10,5,10,8,3,2,7,8,736.5,1,3
5,0,10,10,10,2,10,10,10,8,0,2,10,10,799.4,1,3
4,4,2,4,10,2,2,1,8,5,5,2,1,7,619.9,1,2
3,1,10,5,10,1,6,1,6,7,1,2,1,9,706.6,0,2
3,4,4,8,4,2,3,1,5,6,0,2,0,8,651.8,1,3
3,0,5,10,10,1,7,2,8,9,0,2,6,6,738.0,1,1
4,1,7,5,5,2,6,5,5,8,0,2,6,10,696.4,0,1
3,5,5,8,10,2,2,3,7,4,6,2,6,3,631.4,1,2
5,2,5,7,10,1,5,5,6,6,4,2,5,6,711.5,1,1
3,2,9,10,8,1,7,4,5,8,1,2,1,10,704.9,1,3
4,3,5,10,10,2,10,2,8,7,1,2,5,7,737.6,1,2
2,4,7,4,6,1,4,2,2,7,2,2,0,6,668.4,1,1
3,3,10,4,10,1,8,1,10,7,2,2,3,7,681.9,1,1
2,3,7,10,4,1,7,7,2,7,0,2,2,6,668.4,0,1
5,2,3,0,5,1,7,2,4,10,0,2,2,10,659.2,1,0
4,3,3,2,7,1,7,1,3,7,8,2,1,5,666.9,0,3
0,5,1,2,1,2,4,0,3,3,0,1,0,7,538.6,1,2
4,1,2,3,3,1,5,2,8,7,0,1,3,7,654.3,0,1
2,3,10,5,7,2,7,3,10,8,3,2,1,2,666.8,1,2
2,5,7,10,10,2,5,4,5,7,3,2,1,8,672.4,1,2
0,3,3,0,4,1,5,3,5,10,2,2,3,10,644.1,1,0
3,5,4,4,2,2,8,2,6,7,2,1,0,8,623.3,1,3
2,3,10,10,6,2,5,1,1,6,0,2,2,5,642.5,0,2
2,4,9,3,10,2,8,1,9,6,0,1,2,9,645.8,1,1
3,5,10,10,10,2,6,3,8,7,2,1,3,10,695.1,1,2
2,1,6,10,2,1,5,3,4,8,2,2,3,7,704.7,0,3
4,1,6,5,4,1,7,3,7,6,1,2,6,7,718.5,1,3
3,1,10,10,5,2,7,1,6,8,0,1,6,10,694.9,0,2
2,5,8,10,8,2,1,4,3,9,2,2,4,3,680.9,1,3
4,0,2,3,9,1,2,8,10,6,2,2,1,7,707.2,0,1
3,3,2,2,4,1,5,1,3,8,2,1,2,10,617.8,0,0
1,1,0,3,2,1,0,0,4,8,0,1,0,2,592.5,0,0
2,4,4,1,4,1,3,0,5,7,3,2,0,2,606.1,0,1
3,4,0,0,2,1,6,1,4,7,8,1,1,10,594.0,0,1
2,5,6,6,5,1,8,0,5,7,10,2,0,5,652.0,1,2
0,5,3,4,7,2,3,2,7,5,3,1,4,4,590.8,0,1
3,1,4,2,2,1,9,1,8,6,0,2,1,5,649.0,1,3
1,1,6,3,8,2,6,3,5,5,7,2,8,10,660.1,0,2
0,1,3,0,1,1,1,2,1,9,2,1,0,10,585.3,1,1
1,1,1,2,6,1,8,1,6,8,1,2,2,10,681.3,0,1
2,3,10,6,10,2,3,2,8,4,2,1,2,8,657.1,0,3
1,5,5,1,5,1,0,1,7,9,5,1,0,10,596.7,0,2
4,4,5,4,10,1,7,0,10,7,5,2,0,2,693.8,1,2
1,2,2,2,4,1,3,1,8,7,4,2,0,10,635.6,0,2
1,4,6,10,10,1,5,1,5,9,7,2,1,10,667.7,0,1
0,4,5,5,7,2,4,1,2,6,2,1,1,5,608.7,1,1
4,3,1,1,3,1,8,3,10,6,6,1,4,6,642.6,0,2
5,4,8,10,10,2,7,3,10,8,1,2,5,5,717.8,1,3
4,2,4,5,4,1,10,2,9,8,0,2,5,10,721.0,1,3
5,5,2,7,1,1,5,0,8,5,3,2,1,7,645.4,1,3
1,5,3,2,6,1,4,1,7,7,4,2,1,2,609.9,1,0
2,1,5,9,6,1,5,1,2,7,4,1,10,7,666.7,1,1
5,1,8,10,10,1,7,4,9,7,0,2,5,10,758.2,1,3
4,2,10,9,10,1,7,4,5,7,1,2,2,7,697.9,1,2
1,1,4,1,3,2,7,2,6,8,0,2,8,5,640.5,0,3
4,4,10,6,8,2,5,2,8,7,2,2,0,3,683.2,0,2
2,1,10,5,4,1,8,5,7,7,3,2,5,6,713.6,0,1
5,1,3,4,5,1,2,0,10,8,1,2,0,10,677.0,0,3
4,5,6,10,10,2,6,6,5,9,3,2,5,6,694.9,1,2
3,5,2,5,5,2,2,1,8,6,7,2,1,5,606.5,0,2
4,2,4,10,10,2,6,3,6,6,1,2,9,10,726.8,1,3
3,5,2,5,5,2,2,1,8,6,7,2,1,5,606.5,0,2
2,4,5,2,3,1,4,2,10,8,6,1,1,6,607.3,0,2
2,4,5,5,5,1,7,6,10,7,7,1,7,5,646.2,1,1
3,4,4,10,3,2,1,4,7,7,4,1,3,3,615.0,1,1
3,3,3,9,3,2,1,4,7,7,4,1,4,3,621.8,1,1
1,1,2,2,2,1,5,2,2,6,10,1,0,5,601.9,1,1
5,2,3,10,10,1,9,2,10,8,2,2,4,10,736.5,0,2
5,4,1,3,5,2,0,2,7,8,2,2,2,3,620.3,1,1
1,5,0,4,8,1,10,0,9,7,4,2,0,5,647.7,0,2
4,5,8,5,10,2,3,3,10,5,4,1,2,2,623.7,1,2
3,5,3,4,7,1,4,3,5,10,0,1,3,9,633.9,0,0
1,0,7,2,6,1,10,0,2,8,0,2,1,9,682.2,0,2
5,1,4,6,4,1,8,4,4,9,1,2,1,5,677.7,1,3
3,3,10,8,2,2,7,3,6,9,5,2,4,9,688.3,0,2
2,1,6,10,6,2,4,2,2,6,2,2,4,8,654.6,0,2
2,1,10,5,8,1,6,1,7,7,2,2,10,7,698.3,1,1
4,4,10,0,8,1,4,2,10,8,2,2,3,10,678.7,1,1
3,0,5,10,10,2,9,2,10,8,1,2,1,10,711.0,1,1
4,3,4,8,8,1,9,3,5,7,6,2,7,6,694.5,1,1
2,2,10,6,10,1,5,1,5,7,4,2,1,7,694.5,1,2
2,2,10,6,10,1,5,1,5,7,4,2,1,7,694.5,1,2
1,4,6,5,8,2,8,7,1,6,1,1,4,8,644.2,0,1
3,3,10,4,10,1,6,1,5,7,2,2,4,7,680.9,1,3
2,3,10,10,5,1,7,2,6,8,0,2,10,3,727.2,1,1
1,5,3,10,10,1,6,2,10,4,2,2,0,1,621.8,0,2
3,1,8,10,8,2,4,1,1,6,2,2,7,5,669.7,1,2
2,3,4,4,8,2,1,3,4,8,3,1,2,2,602.7,1,2
5,1,1,5,10,2,2,5,10,6,4,2,5,2,673.2,1,1
2,3,4,2,3,2,2,5,5,7,4,2,4,2,604.4,0,0
2,2,3,3,4,1,1,1,8,9,1,1,3,2,620.7,1,1
3,1,2,4,3,1,6,4,8,7,0,2,8,8,695.1,0,0
5,1,2,0,6,2,6,2,9,8,3,2,0,10,654.7,1,1
2,3,4,5,3,2,7,3,3,9,2,2,3,8,679.2,1,2
1,3,4,3,10,1,6,7,6,8,2,1,3,6,643.9,1,2
3,2,5,4,5,2,6,5,5,5,4,2,6,6,689.0,1,1
0,2,5,10,6,2,5,2,10,9,1,2,1,7,672.1,0,1
5,5,7,6,3,1,6,1,3,7,2,2,1,2,643.1,1,1
5,3,10,8,10,2,5,8,10,6,4,2,4,2,691.9,1,2
2,0,5,3,3,2,3,2,5,7,0,2,2,10,646.9,0,3
2,4,10,7,10,2,8,1,2,6,1,2,6,7,669.9,1,3
4,1,10,10,8,2,8,5,10,7,0,2,9,2,727.8,1,1
4,2,3,6,6,1,4,1,7,6,3,2,1,8,645.4,1,2
2,4,4,4,4,2,0,0,4,7,5,2,2,3,607.6,0,1
3,1,3,10,3,1,3,3,6,7,0,2,2,10,701.5,1,3
3,4,10,10,10,1,8,3,4,6,5,2,5,2,699.2,1,2
2,4,6,10,10,1,10,2,8,5,3,2,1,4,686.2,1,3
5,4,3,10,10,2,6,2,6,7,7,2,2,6,679.4,1,2
4,4,4,4,5,2,5,3,9,7,4,2,1,4,664.7,1,3
2,2,4,2,10,1,5,8,5,6,6,2,2,7,668.8,1,3
3,3,4,1,3,2,7,1,6,8,0,2,1,4,632.0,1,2
1,3,5,5,2,1,3,4,8,6,0,2,4,3,647.3,0,1
5,2,10,10,5,2,2,1,5,6,4,1,3,10,651.8,1,2
4,2,7,9,10,2,9,7,5,7,1,2,5,10,720.0,0,1
2,0,4,10,3,1,8,1,6,7,0,2,1,10,698.1,0,2
3,4,1,10,1,1,2,0,8,8,2,1,1,7,610.3,1,1
3,3,10,5,5,1,5,2,3,7,1,1,2,5,661.8,1,3
1,3,3,10,10,2,7,3,4,8,3,2,6,5,665.6,1,1
4,2,7,10,7,2,7,4,8,7,6,2,7,8,712.1,1,3
5,3,10,10,10,1,2,1,8,6,1,2,3,6,708.5,1,1
2,4,2,2,6,1,2,0,2,5,1,1,1,2,593.2,0,2
1,3,2,1,8,2,3,8,2,6,2,2,1,3,612.1,0,2
2,5,4,3,8,2,8,3,3,7,4,2,1,10,648.2,0,3
1,4,4,5,10,2,5,8,5,7,4,1,4,10,646.9,0,2
4,1,4,8,5,1,3,3,3,5,1,1,2,4,651.2,0,2
3,5,5,4,10,1,4,0,9,6,3,1,1,2,637.3,1,1
3,0,4,10,10,1,10,5,8,9,0,2,8,7,753.3,1,1
3,3,8,10,5,1,8,1,10,7,10,1,2,10,685.3,1,2
5,0,10,10,8,1,3,8,4,8,1,2,8,10,764.2,0,2
4,2,8,5,5,1,7,8,8,6,1,2,4,6,708.5,0,2
5,3,7,2,6,1,7,4,9,7,2,2,0,3,680.0,1,1
3,3,3,3,4,1,7,3,10,6,1,2,3,8,683.4,0,1
5,1,2,2,7,1,7,2,8,7,2,1,2,10,669.6,0,3
1,5,4,5,4,2,4,1,6,6,10,2,0,10,597.6,1,3
4,1,5,3,2,1,8,4,6,8,1,2,6,9,711.9,0,3
5,4,2,1,3,1,0,1,6,7,1,2,0,9,633.5,1,3
1,4,8,3,3,1,7,3,10,5,0,2,3,3,659.4,0,0
4,1,4,4,7,2,5,5,3,7,3,2,3,3,644.8,1,2
2,1,4,3,4,2,6,0,2,7,4,2,4,3,610.6,1,2
1,4,5,3,10,2,0,3,8,6,5,2,6,3,637.1,0,1
4,3,3,7,8,2,4,3,8,7,4,1,1,3,613.5,0,2
4,3,8,4,10,2,9,2,8,7,10,2,4,10,698.5,1,2
2,3,3,1,4,1,6,2,10,7,3,2,2,10,649.6,0,2
4,3,8,10,5,1,4,1,5,7,0,2,10,7,731.9,1,1
2,3,1,10,3,2,0,0,3,10,7,2,0,10,638.6,1,2
3,2,7,3,5,1,6,1,10,8,6,2,1,5,661.7,0,1
2,5,5,8,8,2,7,4,9,5,4,2,7,8,686.4,1,1
2,4,10,10,8,1,7,4,9,8,3,2,8,7,741.4,0,2
4,1,10,10,10,1,8,6,2,8,1,2,8,3,734.9,1,2
2,3,10,10,10,1,7,5,8,7,4,2,5,3,722.3,1,2
2,4,6,2,3,2,0,0,3,6,3,2,0,2,617.4,1,2
1,5,1,1,5,2,2,2,5,5,5,2,2,3,575.1,0,2
4,5,2,1,10,1,5,9,9,6,1,2,0,2,679.8,0,2
5,3,6,1,10,2,1,1,3,7,5,2,5,7,649.9,0,3
3,5,4,1,2,2,0,1,8,8,0,1,1,10,603.5,0,2
2,2,4,2,2,1,5,0,3,8,1,2,0,10,660.3,0,3
2,2,5,3,10,1,4,5,10,8,3,1,2,10,675.3,0,1
2,4,2,8,8,2,6,3,4,8,3,2,1,4,624.8,0,1
4,3,10,4,9,2,5,1,5,7,3,2,2,10,663.9,1,0
5,4,3,8,10,1,3,1,4,7,10,2,1,5,646.7,1,2
5,2,4,10,8,1,8,5,8,7,0,2,8,10,763.1,1,3
5,2,5,10,10,2,8,4,9,7,8,2,2,6,690.2,0,2
5,2,4,10,6,1,8,6,5,8,0,2,6,3,677.7,1,2
3,3,8,4,8,1,8,5,7,8,1,2,6,3,684.9,0,1
4,1,8,10,10,1,10,9,6,8,1,2,8,10,773.1,0,2
3,2,10,4,7,1,8,6,6,7,5,2,6,4,711.7,1,2
3,1,3,3,3,2,5,1,7,7,6,2,1,8,625.2,0,2
5,1,5,8,4,1,7,5,7,7,3,2,4,7,705.1,0,1
4,4,6,6,8,1,7,2,9,8,10,1,3,8,659.8,1,2
1,1,7,3,5,1,2,2,2,5,5,2,2,5,634.0,0,1
1,4,3,1,4,1,4,2,2,8,5,1,4,7,595.5,0,1
5,3,4,10,2,2,8,2,10,8,7,1,1,5,624.3,1,3
2,2,10,10,9,1,1,1,1,6,2,1,0,2,622.1,1,2
3,2,7,4,10,1,6,3,7,7,3,2,2,4,689.8,1,1
2,3,4,4,10,2,7,2,10,6,3,2,6,8,678.3,1,1
3,4,4,3,2,2,5,3,10,7,1,2,8,7,642.8,1,2
3,3,7,10,10,1,5,4,7,6,0,2,2,10,708.3,1,1
5,1,10,6,10,1,8,2,7,7,2,2,5,2,727.2,1,1
5,1,7,10,8,2,6,5,6,9,2,2,6,7,707.0,1,3
4,4,4,1,7,2,4,2,2,8,5,1,1,2,576.8,1,2
5,0,9,10,10,1,7,6,6,7,1,2,3,10,752.5,0,3
5,1,5,10,10,1,8,4,3,7,1,1,5,5,697.5,0,3
3,2,9,10,7,1,8,3,8,7,5,2,6,7,734.2,0,2
1,4,10,10,5,1,2,3,2,6,0,2,10,10,715.8,1,3
3,0,2,10,5,1,6,0,10,9,0,1,1,10,641.5,0,0
3,4,6,5,8,2,5,4,4,7,4,2,5,4,655.2,1,1
4,2,6,10,10,2,2,5,10,6,5,2,2,6,690.2,0,3
5,5,2,4,2,1,2,1,2,8,0,1,6,4,595.5,0,1
3,2,5,8,10,2,8,4,10,5,6,2,6,10,725.7,0,2
0,2,7,8,1,2,5,0,1,8,2,2,1,10,608.9,0,2
0,4,6,6,1,2,5,0,1,8,1,2,0,10,602.1,0,2
0,4,1,2,4,1,1,2,2,7,0,2,6,10,603.8,0,0
2,3,10,10,10,2,5,8,8,6,2,2,3,7,713.6,1,2
2,4,6,3,4,1,5,3,7,6,3,2,3,2,638.6,0,1
3,2,3,10,10,1,8,10,3,8,0,1,10,2,714.7,1,1
2,3,1,2,8,2,9,5,7,7,3,2,1,10,633.7,1,3
5,3,10,4,10,2,7,6,8,7,0,2,4,2,693.4,0,1
5,1,7,3,10,1,7,3,10,8,2,2,2,10,728.0,1,1
3,1,3,8,10,1,7,8,7,7,0,2,9,10,735.7,0,2
3,3,1,10,6,1,5,1,5,6,5,2,0,5,634.8,1,2
3,3,5,10,10,1,5,2,8,7,1,2,6,10,725.7,0,2
3,5,5,10,4,2,0,1,2,6,3,1,1,5,613.8,1,1
3,2,4,8,10,2,9,7,8,6,10,2,1,8,674.5,1,2
3,3,10,10,10,2,8,10,7,6,3,2,1,3,720.2,1,2
2,4,5,7,10,1,4,2,5,7,1,2,2,7,670.7,1,3
5,5,10,6,2,2,10,10,6,7,3,1,10,10,708.3,0,1
2,2,4,7,5,1,4,2,6,7,6,2,4,5,665.8,0,2
1,3,4,2,5,1,8,9,5,7,2,2,4,2,670.7,0,2
2,2,4,7,10,1,4,4,6,6,1,2,1,4,667.3,1,1
3,3,10,4,10,2,2,2,10,7,2,2,1,7,666.6,0,3
4,4,7,8,10,1,1,0,8,7,6,2,4,6,673.0,1,2
4,4,8,7,8,2,7,4,1,6,3,2,2,9,668.0,1,2
3,2,4,3,9,1,5,4,7,7,2,2,3,10,693.2,0,3
4,1,5,5,4,1,6,2,7,8,3,2,2,7,673.0,1,3
0,3,6,10,10,1,5,0,5,7,1,2,1,7,657.1,0,3
2,2,4,2,10,1,5,3,5,8,6,2,1,3,631.8,0,0
2,3,3,4,6,1,5,2,4,7,2,2,2,5,665.4,1,1
4,3,6,10,10,1,4,5,6,7,2,2,8,10,732.1,0,2
3,5,7,10,5,1,10,3,3,5,5,2,5,7,673.3,1,2
5,5,3,10,10,1,9,3,1,5,7,2,3,0,674.6,1,1
3,0,6,10,5,1,9,3,8,7,3,2,4,10,727.4,1,3
2,2,10,10,8,1,3,3,6,7,1,2,10,9,735.5,0,3
4,2,3,10,8,1,6,3,10,9,1,1,5,10,697.6,0,1
3,3,5,3,5,1,0,1,6,7,3,2,1,3,638.6,0,1
3,3,4,3,5,1,3,0,6,7,3,2,3,2,638.6,0,1
4,5,2,2,3,1,9,2,10,6,1,2,3,8,691.9,1,1
4,1,8,7,7,1,8,6,10,8,2,2,7,4,739.9,1,1
2,1,10,5,10,1,10,2,9,8,4,1,3,9,675.1,1,2
1,4,8,0,10,2,3,0,10,6,5,2,0,7,618.8,1,2
1,0,9,10,2,1,9,2,5,8,0,2,4,10,725.3,1,3
5,5,2,10,10,1,0,3,10,8,10,1,5,10,670.2,1,2
5,2,10,6,10,1,4,10,8,8,1,2,1,6,727.6,1,2
2,5,6,5,10,1,10,5,10,7,2,1,4,5,676.8,1,1
4,2,3,6,7,1,1,1,5,7,1,2,3,9,679.2,0,1
1,4,5,5,8,2,0,1,8,6,2,2,1,10,613.3,0,1
4,2,5,10,5,1,5,1,9,8,1,1,2,7,663.2,1,2
3,4,6,9,10,1,5,2,10,7,1,2,3,5,719.3,1,2
2,4,4,0,3,1,4,0,2,7,4,1,0,3,588.5,1,0
3,1,7,3,2,1,7,1,4,7,1,2,3,2,665.4,0,1
2,4,3,2,4,2,3,4,3,8,3,1,5,2,597.4,1,1
2,1,7,4,5,1,7,1,4,7,1,2,3,2,670.5,0,1
2,1,7,4,5,1,7,1,4,7,1,2,3,2,670.5,0,1
2,1,6,6,9,2,6,0,2,7,5,2,3,6,661.6,1,1
1,4,3,10,10,2,10,7,2,8,8,1,4,7,641.4,0,1
3,3,10,4,5,1,8,2,8,7,2,2,1,5,673.0,1,3
3,1,6,10,6,1,7,3,7,8,1,2,1,7,732.5,0,1
5,3,9,8,2,2,10,5,8,6,2,2,10,9,705.1,1,2
0,3,2,1,5,2,1,2,4,5,1,1,0,3,564.7,1,1
1,5,3,3,6,2,7,1,3,5,5,1,1,4,588.3,0,2
5,2,5,5,5,1,6,1,3,7,0,2,1,10,682.2,1,0
2,3,2,4,7,1,0,1,4,5,4,1,1,3,600.4,1,0
3,2,10,10,10,1,8,3,2,8,2,2,8,6,736.6,0,2
1,2,3,0,4,2,9,2,4,6,1,1,1,2,587.0,1,1
5,3,3,10,10,1,5,2,10,7,4,2,6,10,729.5,0,2
2,3,2,5,2,2,4,2,3,8,10,2,2,5,607.6,1,3
2,2,8,3,3,1,5,6,5,7,2,2,6,3,680.9,1,2
4,3,5,2,2,1,4,1,9,9,2,1,3,9,661.7,0,1
3,5,10,4,6,2,3,2,5,7,2,2,2,5,663.9,1,1
2,5,4,1,10,1,5,2,10,4,7,1,1,4,635.4,1,1
4,1,3,4,3,1,7,5,1,9,3,1,5,8,656.7,1,1
3,2,7,7,10,1,8,3,10,7,3,2,4,10,705.7,0,1
1,2,4,3,3,1,4,0,8,7,8,2,0,5,633.9,0,0
2,4,10,3,5,1,8,1,4,8,0,2,6,10,674.1,0,1
2,4,10,3,5,1,8,1,4,8,0,2,6,10,672.4,0,1
0,2,6,2,3,1,4,0,6,8,10,1,1,10,637.1,0,1
1,4,3,2,10,2,0,1,10,5,6,1,0,3,567.6,0,2
2,2,2,2,6,1,1,1,2,7,1,2,1,5,622.5,0,3
5,1,3,3,10,2,7,2,10,7,10,2,2,10,683.6,1,2
3,3,8,4,10,2,6,2,7,8,5,2,4,2,645.8,0,1
2,3,7,10,10,2,2,2,3,8,10,2,3,2,622.9,1,2
0,4,6,2,7,1,8,5,1,8,5,2,4,3,632.7,1,1
5,2,6,3,1,1,7,1,6,7,2,2,2,10,670.9,0,1
4,4,4,10,8,1,4,0,4,7,7,2,1,3,658.6,0,2
1,1,3,2,5,1,5,3,1,7,10,2,1,10,620.6,1,0
5,3,6,2,3,1,2,3,7,6,2,2,3,7,667.5,1,3
2,3,5,5,7,2,7,5,5,5,2,2,3,7,675.4,0,1
3,4,4,2,2,2,4,0,1,7,1,1,0,6,595.1,0,1
2,3,4,10,5,2,3,2,2,6,5,1,4,10,642.7,0,2
2,2,10,10,5,2,6,2,5,8,1,2,6,7,701.5,1,2
3,1,6,10,4,1,3,1,10,6,4,2,1,7,676.6,0,2
5,1,6,10,10,1,10,6,4,8,2,2,10,5,737.0,0,1
1,1,10,6,10,1,6,5,6,8,7,2,5,10,698.3,0,0
3,1,10,10,5,2,9,6,10,7,1,1,6,10,717.6,0,1
2,4,4,10,10,2,7,4,1,7,1,2,7,3,685.2,1,2
3,1,8,10,4,1,7,2,8,8,2,2,3,10,708.9,1,3
4,4,5,3,6,2,3,1,8,6,10,2,1,6,618.4,0,2
5,2,2,10,8,2,8,7,6,5,2,1,8,10,721.5,0,2
3,3,4,9,8,2,8,6,6,7,1,2,7,10,694.7,1,1
3,4,9,10,4,1,4,4,8,7,5,2,1,4,695.1,1,1
3,1,10,6,7,1,7,3,6,8,8,1,7,10,701.7,0,1
2,3,10,0,10,2,3,3,5,10,3,1,4,10,647.5,1,1
3,3,6,7,4,2,2,4,6,6,4,2,5,4,655.4,0,0
4,5,5,6,6,2,6,4,7,7,6,2,6,5,667.7,0,0
4,3,7,4,5,2,4,10,4,7,0,2,5,10,697.7,0,3
3,3,3,5,6,2,0,6,2,8,3,2,2,5,614.2,1,1
2,2,2,1,1,1,2,1,4,8,0,2,1,7,628.2,0,3
5,3,7,7,6,1,2,6,3,6,4,2,10,3,683.7,1,2
1,2,5,10,6,1,9,6,4,8,0,2,3,9,733.6,1,0
5,4,5,4,4,1,6,1,5,7,2,2,3,7,669.0,0,2
1,3,3,10,3,2,4,1,9,6,10,2,1,4,627.1,0,1
1,4,4,6,8,2,3,4,6,5,8,2,3,5,604.2,0,1
4,4,10,10,6,2,9,6,2,7,6,2,8,1,675.2,1,2
4,4,8,2,5,1,4,1,3,8,1,2,1,3,656.9,0,1
5,3,9,7,10,1,3,7,10,6,8,1,8,7,686.8,1,2
5,0,3,10,10,1,10,10,10,10,0,1,10,10,776.0,0,1
2,4,5,10,10,1,8,3,9,6,2,2,5,5,688.3,1,3
1,1,10,10,10,2,7,10,4,7,2,2,9,8,718.1,1,3
4,2,1,7,2,2,1,5,10,6,1,1,2,9,637.5,1,1
3,0,0,0,2,1,5,1,10,9,1,2,0,10,663.6,0,1
3,2,2,2,2,1,6,1,5,6,5,2,3,2,643.3,1,2
1,1,5,5,5,1,10,3,8,8,2,2,2,5,707.2,1,3
1,1,5,5,4,1,9,3,8,8,2,2,2,5,695.3,1,3
1,3,5,7,5,2,8,1,6,6,1,2,1,7,652.0,1,3
3,3,10,9,7,2,9,8,4,6,2,2,8,9,724.7,1,3
0,2,1,6,10,1,5,4,4,6,1,2,1,2,658.4,0,1
2,5,4,1,2,1,3,1,5,7,5,1,1,5,594.2,1,1
3,5,10,2,2,2,10,7,7,8,8,2,3,6,664.5,1,0
3,5,4,10,10,2,5,8,9,8,10,2,7,7,712.5,1,0
5,4,9,8,10,2,8,4,4,8,2,2,2,10,691.1,0,2
2,4,5,5,6,2,4,2,5,6,4,1,4,1,594.0,1,3
5,3,10,10,6,2,6,1,3,7,1,2,1,10,689.0,1,2
1,5,1,4,1,1,6,0,10,6,10,2,1,1,603.5,1,2
2,2,5,3,6,2,5,3,6,6,4,2,0,5,619.7,1,3
3,1,4,10,10,2,4,6,7,6,6,2,7,7,686.2,0,3
1,0,2,2,2,1,0,8,10,6,0,2,1,10,673.2,1,3
2,4,10,5,2,2,7,7,10,6,3,1,8,10,646.0,0,1
4,3,1,3,4,1,3,2,9,6,2,1,0,4,605.0,1,3
2,3,1,6,5,1,7,7,7,7,8,2,5,4,660.9,1,1
3,2,2,10,10,1,4,0,3,6,2,2,6,10,683.7,0,2
4,1,4,2,0,1,1,1,8,8,0,2,1,7,646.0,1,3
4,4,4,5,10,1,8,0,5,6,5,2,1,7,680.7,0,3
5,3,6,4,10,1,4,1,7,7,5,2,3,9,711.9,0,2
3,3,5,9,8,2,7,5,3,6,2,1,7,5,676.9,0,3
1,5,7,5,8,1,2,2,10,7,2,1,0,0,612.2,0,1
3,3,7,4,10,2,8,3,6,8,3,2,4,10,686.4,1,1
5,1,4,3,2,1,8,3,5,7,1,2,2,8,670.7,0,3
3,3,8,4,10,1,4,1,9,6,5,2,2,8,698.5,0,2
5,2,5,8,8,1,5,4,5,7,3,2,1,5,718.3,1,2
1,5,4,10,10,1,5,4,2,6,1,2,2,3,686.9,1,3
3,4,5,5,6,1,2,1,6,5,1,1,2,7,609.3,0,1
2,3,8,5,8,1,3,1,6,7,4,2,5,2,676.0,0,2
4,3,4,4,6,1,6,2,6,7,3,2,3,5,676.0,1,1
3,3,10,5,10,1,4,1,9,7,0,1,7,4,683.4,1,0
1,5,3,0,8,1,1,0,2,5,5,1,1,4,557.5,0,1
2,5,2,6,10,2,0,1,10,7,2,1,0,0,607.1,1,1
3,3,4,3,2,1,2,1,6,10,4,2,1,7,644.3,1,1
4,4,3,8,10,1,8,2,3,7,3,1,1,3,649.9,1,1
4,4,4,7,5,2,5,7,10,8,7,1,5,4,634.5,1,1
3,0,10,5,10,1,8,0,10,8,0,2,3,10,733.1,1,1
1,3,4,6,4,1,9,5,2,7,2,2,3,7,685.4,1,1
2,4,10,6,10,1,5,5,10,8,2,1,3,7,671.9,1,0
1,3,5,10,10,2,3,4,10,9,5,2,10,6,672.1,1,1
2,3,1,4,5,1,1,1,4,9,0,2,0,10,643.7,1,0
2,1,9,5,10,1,10,2,4,8,1,2,6,10,708.1,1,1
0,5,3,1,2,2,6,1,8,5,2,1,1,2,592.7,1,1
1,4,6,2,6,1,5,4,5,10,0,2,1,4,637.3,1,0
4,4,6,8,5,2,5,2,4,8,7,2,3,3,636.7,1,2
2,4,1,5,4,1,8,1,5,4,0,2,2,3,619.1,1,1
1,4,2,6,6,2,7,3,5,6,1,2,1,2,646.7,1,0
5,3,1,1,1,2,4,4,3,8,4,1,8,10,670.5,1,2
0,1,1,3,5,1,10,1,8,7,2,2,3,3,671.3,0,1
4,3,10,5,7,2,8,2,5,7,5,2,1,7,687.7,1,1
5,1,8,9,8,1,7,4,10,8,4,2,6,9,755.2,0,1
5,2,3,9,6,1,4,1,10,8,1,1,4,7,677.0,0,1
2,3,6,10,4,2,5,4,7,9,1,2,10,5,676.6,1,2
0,2,8,6,10,1,8,2,9,8,1,2,8,8,732.9,0,2
5,3,5,10,4,2,6,3,3,7,2,2,2,9,666.9,1,3
3,2,7,3,3,2,3,0,10,7,1,2,1,6,664.9,0,1
3,5,8,2,3,1,2,3,7,6,1,2,0,6,635.2,1,1
2,3,1,3,3,1,0,1,10,5,10,2,0,5,618.6,1,3
4,3,6,10,5,1,5,3,7,8,2,2,5,6,713.8,1,0
1,2,4,0,4,2,3,1,5,5,7,2,2,3,595.5,0,0
2,5,3,4,3,2,1,0,10,7,3,2,1,0,600.3,1,0
3,5,6,1,8,1,4,4,5,6,8,2,2,3,634.8,1,0
5,2,8,6,10,1,5,2,2,4,0,1,1,2,644.0,1,0
2,3,6,4,10,2,3,1,7,7,7,1,1,5,616.7,0,1
4,2,10,10,7,1,6,4,5,7,1,1,2,10,706.4,0,2
2,3,6,10,10,1,8,6,4,6,3,2,10,10,750.2,1,3
1,4,7,10,4,2,4,2,4,5,1,1,1,3,627.6,0,3
5,1,4,4,4,1,8,4,5,7,0,2,2,8,675.8,0,3
3,3,5,10,10,2,6,6,10,5,4,1,6,5,659.4,1,2
1,1,4,5,10,1,6,2,7,8,2,2,1,5,652.6,1,1
0,3,10,5,4,1,6,5,3,5,0,2,3,5,668.2,0,3
3,4,10,10,10,1,8,2,9,6,3,1,5,5,690.0,1,1
1,4,6,6,10,1,6,2,8,8,4,2,0,5,644.3,0,1
2,4,5,7,10,2,3,3,5,8,7,1,1,3,618.2,1,2
5,3,6,10,7,2,4,0,8,9,2,1,2,7,659.8,1,1
2,5,4,5,10,2,0,5,10,7,4,2,0,7,644.5,0,1
5,3,6,10,5,2,6,2,3,8,1,2,5,10,684.1,0,3
1,3,8,6,4,1,7,1,3,8,4,1,3,9,660.3,1,1
2,4,1,1,4,1,4,0,6,7,7,1,1,10,579.1,1,2
1,0,7,7,5,1,7,8,1,7,1,2,10,6,703.9,0,2
5,2,10,6,5,1,4,1,6,7,7,2,3,10,684.5,1,2
5,2,10,6,6,1,4,1,6,7,7,2,3,3,682.8,1,2
5,3,3,10,6,1,6,2,10,7,1,2,1,10,700.6,1,2
2,2,8,2,8,1,3,2,5,7,2,2,0,1,631.6,1,2
3,1,3,4,5,2,7,8,5,7,3,1,8,5,652.0,0,1
5,2,4,10,8,1,6,1,8,8,2,2,2,10,736.1,1,2
4,1,4,4,8,2,9,4,6,9,2,2,3,8,690.0,0,3
1,2,3,4,4,2,1,3,4,10,1,1,1,1,604.8,0,3
2,2,3,2,5,1,6,1,3,6,3,2,5,6,641.2,0,2
5,3,6,1,7,1,6,1,10,8,4,1,1,10,665.1,0,1
1,3,10,5,8,2,3,0,4,5,5,2,2,1,619.1,1,1
3,2,8,8,4,1,7,5,2,7,1,1,7,7,695.6,0,1
2,2,6,10,10,1,5,5,4,7,2,2,0,0,677.3,1,2
1,3,2,3,3,1,7,1,6,5,3,2,1,5,628.0,0,3
3,1,10,5,10,1,10,7,8,8,1,2,1,4,714.0,1,3
5,0,3,3,3,1,8,2,10,7,0,2,5,10,705.7,0,3
4,3,10,10,9,1,8,1,7,7,2,2,3,10,732.3,0,2
2,2,6,10,10,1,7,4,7,8,2,2,3,10,744.4,1,2
3,3,10,6,7,2,3,2,6,6,4,2,3,10,691.1,0,3
4,1,6,0,10,1,6,3,9,9,2,2,2,7,682.1,0,0
2,5,3,10,10,1,8,3,7,6,1,2,1,3,660.7,1,3
2,2,3,7,10,2,8,2,8,6,0,2,1,5,655.8,1,3
4,2,6,10,7,2,7,2,9,7,0,1,4,8,707.2,0,3
4,2,10,10,10,1,9,7,10,9,1,2,9,7,767.3,1,2
4,2,4,1,1,1,3,1,2,7,2,2,2,10,619.1,0,1
5,3,10,10,10,2,10,4,6,8,1,2,4,10,737.4,0,3
5,1,6,3,3,2,4,2,10,8,0,2,3,2,687.2,1,3
2,5,8,10,10,2,0,0,4,7,10,1,0,0,607.6,0,1
4,3,4,4,8,1,6,6,4,6,3,2,5,10,687.3,0,0
0,5,4,6,10,1,1,5,5,7,4,1,0,10,645.2,1,1
2,3,4,2,6,1,5,5,4,8,2,1,3,3,636.7,1,2
3,3,8,10,8,2,8,7,9,7,3,2,2,10,710.6,1,2
3,3,3,3,4,2,1,1,7,8,8,2,1,3,650.9,1,1
4,3,7,10,10,1,8,3,5,7,0,2,8,10,764.2,0,3
2,5,6,0,4,2,0,2,2,5,10,1,0,10,557.5,1,2
1,1,8,0,2,2,6,3,1,7,1,2,1,3,641.0,1,3
2,4,7,3,3,2,8,2,8,7,1,2,1,5,640.7,0,1
3,2,5,8,2,1,7,4,4,7,1,1,4,3,639.9,1,0
5,4,10,8,4,1,9,2,8,6,4,1,2,9,676.2,1,1
5,4,9,7,10,1,9,2,9,8,1,2,5,9,724.4,1,0
1,5,3,4,10,1,8,2,7,7,3,1,8,4,679.6,1,1
1,5,2,0,8,2,1,2,2,10,10,1,10,1,563.6,1,2
3,2,4,4,5,2,6,1,8,6,5,1,4,10,640.5,0,2
3,2,8,10,8,2,9,1,5,7,4,2,1,10,657.1,0,3
2,2,4,1,3,1,8,1,8,7,9,2,0,4,623.7,1,2
5,0,6,4,3,1,3,3,3,8,2,1,2,10,658.6,1,1
3,1,5,2,7,2,6,2,3,8,3,2,3,5,650.1,0,3
1,4,2,2,3,2,1,1,4,4,8,1,1,1,525.4,1,2
1,3,10,8,10,1,8,3,5,7,2,2,8,2,713.2,1,0
3,4,8,10,10,2,8,2,6,7,3,2,6,10,686.2,1,3
4,3,1,6,10,1,9,3,7,8,2,2,3,10,705.3,1,0
3,1,7,8,6,1,9,5,7,7,0,2,4,7,722.1,1,1
4,2,5,10,6,2,5,5,8,6,0,2,1,10,703.4,1,3
2,2,7,7,4,1,7,3,3,8,0,2,1,7,670.5,0,0
1,3,10,10,3,1,7,2,5,7,0,2,1,5,706.4,1,0
2,2,8,5,4,2,8,4,6,9,2,2,1,10,688.3,1,1
4,1,10,2,10,1,5,1,6,7,2,2,1,4,686.2,0,1
2,4,5,7,5,1,10,3,7,6,10,2,1,10,642.0,0,1
2,4,3,3,4,2,4,2,8,6,9,1,2,2,594.6,1,1
2,4,3,3,4,2,4,2,8,6,9,1,2,2,594.6,1,1
3,2,7,10,7,1,5,6,6,6,0,2,8,7,730.2,1,1
3,1,9,10,5,1,5,7,6,6,0,2,9,8,748.9,1,1
3,4,10,10,10,1,8,5,9,7,2,2,3,4,717.4,1,1
5,3,4,1,5,1,8,6,2,8,3,1,3,7,634.6,1,2
5,3,1,3,4,1,8,2,8,5,2,2,1,6,635.2,1,3
3,4,10,10,10,1,8,3,4,8,0,2,1,2,675.8,1,3
1,3,5,3,2,2,2,0,6,7,0,1,1,5,604.6,1,1
1,5,1,10,10,1,8,1,10,5,10,1,1,10,622.0,1,3
2,4,1,0,2,1,10,0,1,6,10,1,2,10,596.6,1,2
3,2,5,8,7,2,4,2,6,8,0,2,2,3,662.6,1,2
4,3,10,10,10,2,7,6,6,7,4,2,6,10,720.2,1,3
1,2,10,10,9,2,10,8,1,6,10,2,4,10,717.3,1,2
3,1,6,10,7,2,8,1,5,7,3,2,1,7,657.1,0,3
2,3,5,1,1,1,5,4,4,6,7,2,0,2,615.9,1,2
4,5,0,10,4,2,0,0,5,3,10,1,3,0,552.6,0,0
2,2,7,3,10,2,6,2,8,7,3,2,6,9,679.8,1,0
5,2,1,0,3,2,6,1,2,7,8,2,1,7,605.5,0,2
1,4,5,6,6,1,6,2,8,7,2,2,1,5,654.3,1,1
1,5,5,2,2,1,0,0,1,4,0,1,0,5,555.4,0,0
2,1,8,10,10,1,7,10,6,6,0,2,7,4,740.4,1,1
5,3,10,10,7,1,9,1,4,8,6,2,4,10,725.1,1,3
2,5,10,10,10,1,7,2,10,7,10,1,3,10,702.3,0,1
2,5,10,10,10,1,7,4,10,7,10,1,4,10,707.4,0,1
0,1,4,10,8,2,10,10,2,9,1,2,6,10,713.0,0,2
3,3,7,7,10,1,8,6,4,7,3,2,1,7,719.8,1,0
1,3,3,0,2,2,2,0,4,7,1,1,0,3,561.7,1,1
3,4,0,3,3,1,5,0,10,6,0,2,1,3,622.2,0,0
3,3,0,2,3,1,4,0,10,6,0,2,1,3,625.6,0,0
3,5,6,7,9,1,5,2,5,7,7,2,2,4,660.5,1,0
5,0,10,10,10,1,10,8,10,6,0,2,8,10,782.0,0,1
5,1,8,10,10,1,7,5,10,7,0,2,10,5,748.2,1,1
5,2,8,10,8,1,9,3,8,8,2,2,4,5,714.0,0,1
5,1,10,10,6,1,10,4,7,7,3,2,6,10,774.8,1,1
4,3,8,0,2,1,6,0,3,7,0,2,0,7,663.5,1,1
2,2,3,3,3,2,8,3,3,7,1,2,3,10,653.3,1,3
5,4,2,3,10,1,0,1,3,7,10,2,10,7,655.0,0,3
3,4,10,5,10,2,3,0,7,7,1,2,1,2,669.4,0,3
5,3,10,4,10,1,1,2,10,6,5,2,6,5,712.3,1,1
1,4,5,10,2,1,2,1,2,6,2,1,3,1,627.4,1,1
3,2,6,10,10,2,5,4,8,7,1,2,8,5,701.9,1,1
5,3,10,3,10,1,2,3,10,6,4,2,5,3,714.0,1,1
2,2,5,5,10,2,7,3,10,8,5,2,2,3,678.7,0,3
3,4,8,8,10,2,7,5,9,6,6,2,2,8,667.9,1,2
4,4,6,7,10,2,9,9,8,5,3,2,10,6,713.4,1,2
1,5,6,6,5,1,6,5,9,6,8,2,4,9,666.2,1,1
2,5,5,2,5,1,5,5,10,7,10,2,3,10,663.2,1,1
2,5,5,2,6,1,3,3,10,6,10,2,3,10,651.1,1,1
4,4,2,0,3,1,3,0,3,8,5,2,0,10,607.6,1,1
1,4,2,1,2,2,6,4,6,5,2,2,1,6,622.9,0,1
3,3,5,10,10,1,6,6,7,7,1,2,7,4,710.2,1,2
5,1,10,3,6,1,7,2,7,7,0,2,1,7,677.9,1,1
1,3,4,5,8,2,7,1,5,7,1,2,1,1,641.8,0,2
5,4,6,3,6,1,9,3,7,8,1,2,3,7,669.6,0,1
5,1,3,3,4,2,2,1,3,6,1,1,2,6,607.2,0,0
1,4,4,1,4,1,0,6,10,7,0,2,3,10,636.0,0,3
2,4,5,2,3,1,2,4,10,7,0,2,2,10,654.7,0,3
2,3,8,6,10,1,5,4,6,7,1,2,2,6,701.5,0,3
3,3,8,10,10,1,7,5,7,7,0,2,5,7,732.3,1,3
3,3,7,3,4,1,2,1,5,6,2,2,2,9,646.7,1,1
2,1,7,10,8,1,7,2,10,6,2,2,3,5,732.7,0,1
4,4,9,3,10,2,5,1,10,7,4,2,2,5,649.6,1,2
3,2,8,10,8,1,7,6,8,6,4,2,8,6,708.5,1,3
3,3,5,2,10,2,8,2,9,8,10,2,2,8,661.5,0,1
2,2,7,4,10,1,5,1,10,5,3,2,2,8,708.7,1,0
2,2,7,4,10,1,3,1,10,5,3,2,1,8,707.0,1,0
3,2,5,4,3,1,5,2,10,8,1,2,1,10,671.9,0,1
3,0,10,4,10,2,10,6,5,6,1,2,10,10,730.0,0,2
3,3,5,4,3,1,5,2,10,8,1,2,2,10,670.2,0,1
1,3,1,1,4,1,8,1,2,7,3,2,2,3,624.2,0,2
4,3,6,3,9,1,7,6,1,8,1,2,5,10,710.9,1,1
3,4,3,2,5,2,3,1,6,7,7,2,2,4,606.3,0,1
3,4,10,10,10,1,8,4,8,7,0,2,10,4,729.1,1,1
1,3,6,2,6,1,0,5,1,8,0,2,3,1,649.7,0,1
2,3,7,8,7,2,6,4,7,7,5,2,3,7,671.1,0,2
3,3,5,1,10,1,7,3,6,8,0,2,1,3,684.7,0,1
5,4,3,10,10,1,4,0,9,8,0,2,4,0,671.7,1,3
3,4,7,3,1,2,5,1,8,8,0,2,1,10,642.6,1,3
1,4,7,10,4,1,5,3,1,7,7,2,1,9,661.4,1,1
4,2,7,6,10,1,8,1,6,6,5,2,1,2,696.2,0,1
2,3,10,10,5,1,3,6,1,8,10,1,3,10,648.0,0,2
5,0,1,2,3,1,3,1,10,6,0,2,1,6,664.7,1,3
2,1,6,10,8,1,8,8,5,7,1,2,5,10,742.1,1,1
2,5,10,3,10,1,0,4,5,5,10,2,4,1,632.9,1,2
5,1,4,3,4,2,8,2,8,5,1,2,1,6,676.0,1,3
3,1,6,8,3,1,3,4,4,8,1,1,4,4,646.9,1,2
3,2,2,1,6,1,8,5,4,8,1,2,4,5,682.6,0,2
5,4,6,5,10,1,0,0,4,7,10,2,5,1,645.0,1,3
4,4,1,1,2,2,7,3,4,6,1,2,1,9,636.3,0,3
2,0,5,1,10,1,9,3,1,8,0,2,2,7,690.5,1,1
4,3,5,7,3,1,6,5,2,6,6,1,0,1,642.7,1,1
4,3,4,9,10,2,5,6,5,7,0,2,0,7,679.2,1,3
2,2,8,8,8,1,7,1,4,8,3,2,3,6,709.8,1,1
5,2,5,4,10,1,7,3,5,8,3,2,3,7,696.4,1,1
4,2,7,5,4,1,8,4,3,8,1,2,5,10,702.8,1,3
4,2,3,5,3,1,7,3,10,7,1,2,5,6,705.7,0,3
4,1,4,8,6,1,5,2,4,9,2,1,6,8,696.4,0,1
2,4,2,5,2,2,5,2,4,5,6,1,4,4,610.6,1,2
4,1,7,2,2,1,8,2,5,7,1,2,4,10,697.9,1,3
4,2,7,5,4,1,8,4,3,8,1,2,5,10,702.8,1,3
4,2,7,5,4,1,8,4,3,8,1,2,5,10,702.8,1,3
2,1,8,8,7,1,5,9,10,8,2,2,6,9,707.6,0,0
1,1,4,8,8,1,7,1,4,6,3,1,1,7,660.1,1,1
4,5,4,10,10,1,6,1,9,5,1,2,1,5,672.8,1,3
2,3,10,10,10,1,5,2,7,8,6,2,2,10,734.2,1,1
2,4,5,2,5,1,7,5,9,6,5,1,2,3,635.6,0,2
3,0,8,8,8,1,8,1,4,7,1,2,3,10,699.4,0,2
4,2,4,6,4,1,4,1,8,5,4,2,2,5,672.6,1,3
5,3,6,10,10,1,8,2,5,8,1,2,8,7,730.4,1,1
3,2,4,4,3,1,7,4,5,7,5,2,2,6,667.3,1,1
2,2,10,7,10,2,4,5,6,5,3,2,3,10,694.3,1,2
2,2,10,6,9,2,5,4,10,5,3,2,3,4,690.0,1,3
2,2,10,10,10,2,6,3,6,5,3,2,4,10,701.1,1,3
1,4,2,5,2,2,6,2,9,6,9,2,5,2,606.7,1,3
1,1,10,10,10,1,9,8,10,5,0,2,8,4,735.9,1,3
1,3,7,8,10,2,8,6,6,8,3,2,2,2,664.3,1,2
1,3,7,8,10,2,8,6,6,8,3,2,2,2,664.3,1,2
5,2,6,3,4,1,10,4,6,8,5,1,8,10,700.0,1,0
5,4,7,10,9,2,2,7,4,8,1,2,2,1,677.5,1,1
0,4,0,4,10,2,0,5,4,7,9,2,8,2,592.3,0,2
2,4,5,10,7,1,6,0,2,8,1,2,2,1,672.0,1,1
3,3,7,2,10,2,5,3,8,10,2,1,5,3,653.2,1,1
1,1,9,10,10,1,9,7,10,5,0,2,7,3,729.1,1,3
3,4,7,3,10,2,9,6,2,7,2,1,4,3,646.3,1,2
4,3,4,5,10,2,6,3,7,6,2,2,1,2,655.6,1,1
2,3,10,4,10,2,6,8,7,5,3,2,2,1,663.9,1,1
3,2,9,3,6,1,5,2,9,7,5,1,2,2,647.7,1,2
3,2,8,4,10,1,5,2,8,7,5,1,2,2,650.9,1,2
3,2,8,6,8,2,5,3,10,7,5,2,2,7,702.3,1,2
1,3,10,4,3,2,5,5,10,5,1,1,3,5,649.2,1,1
5,2,5,5,10,1,7,2,7,8,2,2,2,10,708.7,1,1
3,1,5,10,5,1,8,5,10,8,2,2,1,5,709.3,1,2
2,2,6,8,4,2,2,2,6,6,5,2,1,2,623.1,1,1
2,3,10,7,10,1,6,8,8,5,4,2,5,3,701.5,0,2
2,1,5,5,10,2,6,6,5,7,5,2,8,7,708.1,0,2
2,4,2,4,6,2,3,1,1,6,10,1,0,5,576.2,1,1
0,5,7,10,10,2,2,10,10,6,10,2,1,0,637.5,1,2
4,1,8,6,10,1,10,3,8,8,0,2,4,5,722.5,1,1
4,3,7,3,5,2,5,3,3,6,1,2,7,4,641.2,1,3
1,1,6,2,3,2,8,1,10,7,0,2,1,7,663.2,0,2
3,1,10,0,6,1,4,1,6,7,1,2,4,5,698.1,1,1
3,5,4,7,3,2,3,5,5,5,2,2,4,4,658.4,1,1
3,2,4,5,3,1,3,9,6,8,0,2,10,10,691.5,0,1
2,4,10,10,10,2,6,7,3,8,1,2,8,10,697.7,1,2
4,1,8,5,7,1,8,6,9,7,5,1,5,8,690.2,1,2
5,3,4,10,10,1,10,4,6,7,0,2,6,10,701.5,1,3
5,3,5,8,5,1,8,7,10,8,1,2,2,7,734.8,1,3
3,1,5,9,6,2,7,2,7,7,5,2,3,10,708.5,0,3
5,3,4,3,3,2,4,3,4,6,5,2,1,7,643.1,1,3
4,1,5,4,8,2,7,4,4,7,2,2,6,8,697.7,1,3
3,0,3,0,2,1,8,0,4,7,5,2,1,5,639.9,1,2
5,4,4,9,7,2,2,7,7,6,2,2,7,7,693.0,1,3
5,3,6,3,5,2,6,2,7,7,4,1,2,6,662.6,0,3
2,3,5,5,10,2,10,5,10,7,7,2,2,2,680.2,1,2
5,3,2,4,3,2,6,1,2,7,0,1,1,10,634.4,1,3
5,2,10,10,2,2,5,4,1,7,1,2,4,7,692.0,1,3
2,1,7,4,5,2,7,4,1,7,0,2,3,7,651.2,1,3
5,3,4,10,10,1,10,2,8,7,1,2,4,10,735.9,1,3
5,3,10,10,10,2,9,6,7,7,1,1,3,10,718.7,0,3
5,2,5,4,5,2,10,6,3,10,1,2,5,8,701.5,1,3
4,5,8,7,1,2,5,2,1,7,4,1,1,10,644.4,1,3
5,0,5,5,3,1,9,3,10,8,1,1,3,7,700.8,1,1
5,3,8,10,5,2,8,4,5,8,1,2,8,10,738.9,1,3
2,3,5,4,6,2,8,3,8,6,5,2,1,3,635.4,0,1
3,2,3,3,8,2,6,2,7,6,8,2,2,10,655.6,1,1
1,5,6,7,3,1,7,4,2,8,2,2,2,10,697.5,1,1
2,3,8,3,8,2,7,5,4,7,1,2,4,2,662.0,1,1
2,2,9,9,8,2,9,9,5,7,1,2,7,7,704.7,1,3
5,3,3,10,10,2,10,10,2,8,4,2,6,10,724.7,1,1
5,5,10,8,5,2,4,0,5,4,3,2,2,10,649.7,1,2
4,3,4,2,5,1,6,1,10,6,6,2,2,7,664.7,0,2
3,2,4,6,7,2,3,1,5,7,0,2,2,7,660.5,1,2
3,4,5,5,4,2,5,4,6,6,2,2,3,4,674.1,1,1
2,3,10,4,10,2,6,9,10,4,3,2,3,1,693.2,1,1
1,3,5,2,3,2,8,5,5,7,3,2,3,3,629.9,1,1
4,3,3,3,3,2,7,1,2,7,8,2,1,10,648.0,1,1
4,3,3,3,3,2,6,1,2,7,8,2,0,10,644.6,1,1
5,3,8,4,10,2,3,7,5,7,0,1,3,5,663.9,1,2
1,4,3,5,10,1,6,6,6,7,3,2,3,3,631.8,0,0
1,4,3,4,10,1,4,3,6,7,3,2,3,2,618.2,0,0
2,0,10,5,10,1,2,0,10,6,6,1,4,10,674.9,0,0
5,5,2,2,3,1,7,0,7,7,2,2,0,7,666.0,1,3
5,3,5,8,5,1,8,7,10,8,1,2,2,7,734.8,1,3
3,0,6,3,8,1,5,3,10,6,0,2,3,10,710.6,0,3
3,4,3,7,7,2,8,1,7,7,0,2,8,6,657.5,0,1
3,2,5,5,5,1,7,4,7,8,2,1,3,4,690.0,1,1
2,5,5,2,10,1,8,0,5,8,5,1,5,0,630.1,1,1
2,2,5,8,7,2,10,8,10,7,2,2,3,3,705.7,1,2
3,4,5,4,10,1,5,2,10,7,5,2,1,7,697.2,1,1
3,0,7,10,10,2,10,3,7,8,0,2,3,10,747.8,1,2
0,4,9,5,7,1,3,5,8,6,1,1,3,8,628.6,1,1
5,5,2,7,10,2,2,1,6,7,1,2,3,7,635.2,1,3
4,4,3,2,2,2,3,1,5,10,5,2,5,5,645.8,1,1
3,2,4,10,10,1,6,7,10,7,3,2,9,8,734.6,1,1
3,3,6,10,10,1,10,5,6,7,2,1,3,7,706.6,1,1
3,3,5,6,10,1,8,5,5,7,2,1,5,5,677.5,1,1
3,3,6,10,10,1,8,5,5,7,2,1,3,5,682.6,1,1
3,2,4,5,3,1,8,4,10,8,0,2,2,5,677.0,1,2
5,3,8,10,7,2,8,6,5,7,5,2,1,9,697.9,0,2
5,4,10,10,7,1,7,10,9,6,7,2,10,3,715.5,1,2
5,4,2,6,8,2,6,4,5,7,3,2,1,4,638.4,1,2
1,5,4,10,10,2,8,2,8,7,1,2,2,3,654.3,0,1
4,2,9,3,5,2,8,5,8,8,0,2,7,8,720.8,1,2
1,1,0,1,1,2,5,3,8,7,3,2,3,10,662.8,1,2
5,3,6,5,10,1,5,3,5,7,6,2,2,5,677.5,1,1
2,3,7,10,3,1,10,4,4,6,1,2,10,7,707.7,1,2
5,2,2,5,4,2,8,6,8,6,2,2,2,10,669.4,0,1
3,2,8,7,7,1,4,1,4,7,2,2,2,4,682.4,1,1
5,5,5,8,10,1,9,3,6,8,1,1,7,2,659.2,1,1
3,2,4,2,2,1,4,1,7,6,0,2,1,10,687.9,1,3
3,4,6,4,7,1,8,1,6,8,5,2,2,4,688.1,1,1
2,3,7,5,6,2,5,5,7,7,7,2,10,7,701.7,0,1
3,2,10,8,10,1,7,4,10,7,9,2,6,10,732.9,0,1
4,3,5,4,3,1,6,2,8,8,4,2,1,6,685.1,1,3
5,4,9,10,7,1,8,6,3,6,3,2,2,7,699.0,1,2
1,3,4,3,10,2,7,6,10,7,0,1,8,0,639.4,1,1
2,4,10,10,10,1,9,10,7,6,10,2,8,10,744.0,1,1
1,4,4,2,10,2,6,5,8,7,0,1,8,0,622.0,1,1
3,1,10,6,4,1,6,2,8,7,2,2,2,6,720.6,1,2
5,3,2,8,10,2,10,4,8,8,7,2,5,10,708.9,1,1
5,3,5,4,10,1,3,0,9,6,1,2,8,3,681.5,0,2
2,2,5,4,10,1,8,3,5,7,2,1,4,3,663.9,1,1
3,1,3,5,1,1,5,1,7,7,2,2,1,3,649.0,1,1
2,2,3,2,5,1,8,1,7,6,4,1,2,7,626.7,0,2
4,2,6,10,4,2,10,8,5,8,4,1,8,5,704.9,1,1
5,3,5,2,10,1,7,7,10,6,4,1,8,10,685.1,1,1
5,4,5,10,10,2,8,1,8,7,2,2,1,5,683.2,1,1
5,3,10,6,10,2,8,8,3,8,5,2,8,8,728.3,0,2
3,2,8,7,5,1,8,7,4,8,5,2,2,7,704.7,1,1
2,3,7,5,10,1,7,5,6,7,4,2,7,3,684.5,1,1
4,5,10,10,5,2,6,4,4,5,4,2,5,0,671.8,1,1
1,2,6,0,2,1,5,2,2,7,0,1,2,5,605.5,1,1
4,3,3,10,10,1,4,4,3,8,10,1,10,5,682.4,0,1
1,3,8,10,10,2,10,2,3,7,7,1,6,3,655.0,0,1
5,3,10,7,10,1,6,3,3,7,1,2,3,10,711.1,1,2
1,1,10,0,10,1,6,1,5,6,0,1,2,5,672.2,1,1
3,3,10,2,10,1,7,5,8,6,4,2,8,7,691.5,1,1
2,4,6,6,10,1,7,6,8,6,3,1,6,10,664.3,1,1
3,3,4,10,10,1,7,7,5,6,1,1,2,6,684.1,1,1
5,1,10,10,10,2,10,10,10,7,2,2,1,10,763.5,1,2
4,1,5,3,4,1,7,1,10,7,2,2,0,3,658.1,1,2
1,5,4,5,9,1,3,3,3,4,1,2,2,4,668.0,0,0
1,4,7,7,6,1,5,2,3,6,6,1,1,3,612.3,1,0
2,2,3,4,4,2,8,3,7,7,2,2,1,5,625.2,1,3
5,3,4,10,10,1,5,6,10,5,0,2,7,7,707.0,1,3
1,1,3,3,10,1,7,4,1,8,2,1,8,3,636.1,1,2
5,4,8,8,8,2,6,7,7,7,1,2,9,10,740.8,1,1
2,2,6,10,10,1,8,7,8,6,3,2,10,10,749.3,0,1
3,2,10,3,6,1,10,8,7,7,0,1,8,10,723.8,1,1
3,3,4,2,5,1,7,8,2,6,4,1,3,4,654.6,0,1
2,3,8,4,10,2,8,4,9,7,0,2,9,5,681.7,1,1
2,3,10,5,10,2,3,3,3,7,2,1,8,6,655.0,0,1
4,5,7,10,10,2,5,9,2,8,0,2,4,5,689.0,1,1
2,4,7,10,10,1,8,2,10,8,2,1,8,5,712.7,1,1
3,3,8,10,10,1,1,3,8,7,3,2,10,2,701.9,1,2
3,3,10,4,10,1,7,7,5,6,1,2,8,9,730.0,0,1
5,4,1,1,3,2,1,1,10,4,10,2,0,10,618.4,0,1
2,1,4,2,5,1,5,2,2,8,2,1,4,2,634.6,1,1
2,3,3,3,8,2,3,5,3,7,1,2,1,3,615.9,1,1
1,2,10,3,5,1,5,2,7,7,1,1,6,7,669.4,1,1
1,4,7,8,9,2,9,8,9,7,3,2,9,5,700.4,0,1
1,2,10,7,6,1,7,5,8,7,0,2,4,5,696.8,0,1
3,3,10,7,10,2,5,4,6,6,1,1,8,9,714.9,1,1
2,1,5,5,10,2,8,2,10,6,2,1,8,3,659.6,1,1
2,1,6,8,10,2,7,2,10,6,2,1,8,2,669.8,1,1
3,5,5,6,2,1,1,0,3,5,7,2,0,8,634.2,1,2
2,3,10,5,10,1,2,6,8,6,8,2,10,1,720.4,1,1
2,3,10,8,10,1,1,4,10,6,8,2,10,1,724.2,1,1
1,2,4,1,4,1,7,2,6,8,0,1,1,4,623.5,0,1
1,2,4,1,4,1,7,2,6,8,1,1,2,4,623.5,0,1
3,2,9,3,10,1,9,7,6,8,2,2,7,5,723.8,1,1
3,1,8,7,10,1,3,2,8,8,0,2,6,7,720.8,0,1
4,4,4,2,2,2,5,1,6,7,10,1,2,7,591.0,1,1
4,3,10,10,4,2,9,1,6,7,1,2,2,6,704.9,1,1
1,5,3,1,2,1,7,0,3,9,1,1,2,1,609.5,1,1
1,5,4,1,3,1,7,4,3,9,1,1,3,1,636.7,1,1
2,2,10,3,10,1,3,1,2,8,2,1,0,1,632.9,1,1
1,2,6,4,7,1,5,2,3,6,1,2,2,3,675.2,0,1
5,2,10,10,10,1,7,6,8,6,2,2,10,10,786.7,1,1
3,3,8,10,5,2,7,10,8,8,3,2,8,10,725.9,0,1
2,3,9,7,9,2,9,6,6,7,2,2,6,6,696.4,1,2
4,3,5,7,5,1,6,5,6,6,1,1,5,4,686.0,1,1
1,0,10,10,10,2,10,2,9,6,5,2,2,5,691.7,0,2
4,5,6,10,3,1,9,1,8,6,4,2,3,3,718.7,1,1
2,3,10,3,6,1,8,2,10,6,1,2,10,10,710.6,0,1
4,3,10,8,10,2,6,4,7,7,4,2,8,2,703.4,1,1
2,2,10,3,6,1,8,5,10,6,1,2,10,10,715.7,0,1
1,4,7,8,3,2,0,0,5,7,0,1,0,2,582.3,0,1
5,2,9,10,10,1,6,9,9,6,2,2,8,8,769.9,1,1
2,5,4,4,8,1,1,3,1,7,7,2,0,10,627.4,1,1
1,5,4,1,3,1,7,3,3,9,1,1,4,1,628.2,1,1
3,2,5,3,10,1,8,4,5,8,0,1,8,5,681.1,1,1
4,3,10,6,5,2,10,8,10,7,1,2,8,4,700.6,1,1
4,3,2,1,10,1,2,4,5,7,7,2,2,4,658.8,1,1
1,1,5,2,7,2,6,1,2,6,2,2,6,7,647.8,1,1
0,3,4,5,5,1,2,5,2,6,3,2,8,5,654.6,1,1
3,1,10,10,10,1,8,3,10,7,1,2,3,7,739.7,0,1
3,3,6,10,10,1,9,8,6,7,1,1,3,7,716.8,1,1
3,2,6,5,7,1,7,8,10,8,1,1,1,6,683.8,1,1
3,2,6,10,8,1,5,3,2,6,1,1,6,8,673.3,0,1
4,3,10,5,6,2,10,9,10,8,1,2,8,7,700.8,1,1
2,5,5,6,10,2,4,5,2,4,1,1,6,3,613.4,1,1
2,5,5,5,10,2,3,2,2,4,1,1,6,2,601.5,1,1
4,1,7,5,2,1,9,6,8,7,1,2,2,10,718.9,1,2
3,3,6,10,10,1,8,6,6,7,1,1,8,5,682.8,1,1
4,1,8,3,3,1,7,2,6,8,1,2,2,5,679.6,0,1
5,3,5,1,1,1,7,0,8,9,10,2,0,3,639.4,1,1
3,3,5,2,4,1,8,6,7,6,0,2,6,5,681.1,1,1
2,3,4,2,10,1,9,4,6,7,3,1,0,5,662.4,1,1
3,3,4,3,5,1,6,6,7,7,1,2,6,4,671.1,1,1
2,2,4,2,10,2,7,8,5,8,1,1,7,3,655.6,1,1
2,3,2,2,2,2,6,1,3,7,3,2,0,3,597.2,1,3
3,4,5,7,6,1,4,3,6,5,4,1,4,4,639.9,1,1
3,4,5,5,5,1,4,4,5,5,4,1,3,4,626.1,1,1
2,4,4,3,5,1,7,4,4,8,1,1,9,5,652.0,1,1
1,3,10,4,10,1,3,2,5,8,1,1,6,7,670.9,1,1
5,2,7,4,4,1,7,7,7,8,1,2,3,6,710.4,1,1
2,5,5,3,1,1,10,4,5,7,8,1,1,2,624.8,1,1
1,4,2,3,5,2,4,2,8,6,2,1,3,4,620.1,0,2
1,3,10,5,10,2,8,2,9,7,1,1,1,7,693.6,1,1
1,3,5,3,2,1,6,2,7,8,1,1,2,7,633.9,0,1
5,2,4,10,10,2,8,3,5,8,1,2,3,10,728.7,1,3
1,2,7,9,10,2,7,2,10,7,1,1,3,4,695.5,1,1
1,5,1,10,10,2,7,2,2,7,0,2,0,10,614.0,0,2
1,1,10,5,5,2,1,6,6,7,5,1,4,5,631.8,0,2
2,2,1,10,10,1,5,4,3,6,1,1,8,10,714.3,0,1
1,4,5,2,10,2,3,4,5,6,10,1,1,5,599.1,1,1
3,4,2,5,0,2,6,6,3,7,5,2,8,5,629.5,1,2
5,4,6,3,5,1,10,2,10,8,7,2,0,2,665.1,1,2
5,1,5,10,1,1,8,1,10,7,1,2,2,10,712.5,1,3
3,2,4,5,5,1,7,2,9,7,1,2,3,6,676.6,1,1
3,1,8,3,8,1,5,2,8,7,4,2,1,10,708.7,1,2
3,5,10,7,10,2,6,6,4,5,3,1,5,5,651.4,1,1
3,4,10,7,10,2,6,6,4,5,3,1,6,5,659.9,1,1
3,4,10,8,8,2,6,6,4,5,3,1,6,5,658.2,1,1
3,3,10,3,7,1,10,2,10,8,2,2,5,10,682.1,1,2
4,5,10,8,10,1,6,0,7,7,7,2,1,7,666.0,1,2
3,4,8,10,8,1,7,4,3,7,1,1,6,7,709.4,1,1
3,3,5,2,5,2,0,0,6,7,0,2,0,2,609.7,1,2
4,4,5,3,3,1,7,3,4,6,2,2,3,5,670.3,1,2
3,3,4,8,10,1,10,3,2,6,1,1,1,10,686.9,1,1
2,2,1,6,1,1,4,3,7,7,1,2,2,10,662.6,1,3
3,1,10,7,6,1,9,4,4,9,1,2,1,7,694.7,1,3
4,5,6,4,10,2,3,2,2,7,7,1,1,2,600.4,1,2
4,5,6,4,10,2,3,2,2,7,7,1,1,2,600.4,1,2
1,1,5,1,10,2,8,2,5,6,10,2,5,2,629.7,0,2
3,2,3,4,7,1,5,7,6,8,2,1,2,6,633.7,1,1
0,5,5,3,5,1,2,1,4,6,0,1,0,4,607.4,0,3
4,3,6,5,7,1,7,3,2,8,1,2,1,5,668.6,1,0
2,5,4,5,4,2,6,4,5,7,7,1,2,5,618.0,1,2
3,2,8,7,10,1,7,4,5,6,1,2,8,2,677.3,1,2
3,4,9,10,5,1,10,2,5,5,3,2,3,3,689.0,1,3
3,4,5,5,8,1,6,5,2,7,8,2,2,4,648.0,1,2
1,2,2,5,5,1,10,4,5,7,3,1,4,10,650.3,0,3
4,1,10,7,7,1,10,7,6,7,0,2,6,4,737.2,0,3
2,2,3,2,3,1,5,1,8,8,8,2,2,10,654.5,0,2
2,3,2,3,3,1,2,1,6,7,6,1,1,10,628.4,1,1
3,3,5,7,10,1,5,3,4,7,7,2,1,4,651.8,1,2
1,0,10,10,10,2,5,4,1,5,2,2,1,10,698.4,1,2
2,4,2,3,3,1,3,1,10,8,6,2,3,5,624.3,1,0
3,5,5,5,4,1,1,0,4,9,2,2,1,8,636.9,1,3
3,3,1,8,4,2,4,2,10,6,2,1,1,5,612.0,0,2
4,5,10,10,7,1,3,5,6,7,5,2,4,10,725.3,1,3
5,4,7,9,10,2,7,1,10,7,1,2,5,7,707.4,0,2
2,3,10,10,10,2,9,2,6,7,2,2,4,10,718.5,0,1
1,3,0,0,5,2,1,1,6,7,6,2,2,10,625.0,0,3
1,4,6,2,10,2,5,3,6,8,0,2,2,10,652.4,1,2
1,3,2,3,1,1,5,0,1,6,1,2,1,1,586.4,1,1
3,5,3,2,9,2,4,4,3,6,4,1,2,3,590.2,1,2
2,4,6,9,5,1,8,5,4,8,4,2,2,6,718.3,1,2
3,3,4,5,7,2,1,3,7,8,4,1,0,7,601.6,1,1
3,2,5,2,7,2,1,2,6,8,6,1,1,5,584.4,1,1
3,0,10,10,10,2,6,10,10,7,10,2,5,8,732.9,1,1
4,3,8,8,10,1,5,3,8,7,3,2,3,10,700.2,0,2
2,5,8,6,10,1,5,0,5,6,1,1,0,2,622.9,0,3
5,3,10,10,10,1,8,3,7,7,0,2,8,6,751.0,1,2
2,5,4,2,7,2,7,1,3,6,2,2,1,6,632.7,0,2
2,5,4,2,7,2,7,2,3,6,1,2,1,6,639.5,0,3
2,3,7,10,8,1,4,6,4,8,8,2,3,7,662.2,1,2
3,3,4,5,2,1,3,2,4,10,1,1,2,6,625.2,1,1
0,4,3,4,4,1,8,0,2,6,10,2,1,5,607.0,1,1
5,2,6,3,3,1,10,0,10,7,0,2,8,7,704.0,1,3
3,3,5,10,7,2,3,3,3,5,10,1,8,5,639.3,0,2
5,1,3,2,3,1,9,1,9,4,1,2,4,10,693.0,0,3
5,1,3,2,3,1,9,1,9,4,1,2,4,10,693.0,0,3
1,1,3,7,2,2,5,3,4,8,3,2,2,5,638.4,1,0
1,4,1,0,0,1,2,3,5,7,0,1,0,10,592.5,1,1
4,4,5,10,10,2,8,2,3,8,2,1,1,7,685.8,1,1
4,3,5,10,10,2,8,2,3,8,3,1,2,3,685.8,1,1
2,2,8,3,2,1,8,4,6,7,4,2,6,9,691.3,1,2
2,4,6,6,7,1,4,1,10,6,4,2,0,8,668.1,1,2
1,1,10,6,7,1,8,4,5,7,3,2,1,1,689.4,0,3
2,3,7,7,4,1,4,3,10,6,2,1,4,4,647.7,0,2
4,1,6,10,6,1,10,5,6,8,0,2,6,6,725.5,1,3
4,5,2,1,2,2,2,0,5,10,7,1,0,7,598.2,1,1
2,1,10,10,10,1,7,6,2,7,5,2,1,5,673.5,0,1
4,1,8,3,1,1,8,3,3,8,0,2,7,10,685.8,1,2
1,3,5,10,10,2,7,2,10,6,3,2,3,5,676.6,1,2
1,3,5,6,10,1,3,2,4,8,2,1,5,10,657.1,1,2
2,2,10,7,7,1,8,4,4,6,1,2,3,5,702.6,0,1
5,3,10,4,5,2,8,6,2,8,3,2,10,10,712.8,1,1
5,5,5,5,10,2,0,5,10,7,5,2,2,10,704.0,0,3
2,0,8,8,6,2,7,4,6,8,0,2,5,6,686.4,0,1
2,2,7,4,3,1,5,3,8,8,1,2,1,3,674.9,1,2
2,4,7,6,5,1,6,2,6,8,4,2,5,7,681.3,1,2
2,2,3,1,5,1,6,4,7,7,3,2,3,9,654.1,1,0
5,4,10,10,10,2,7,3,9,6,0,2,1,5,703.6,0,1
5,3,5,10,5,1,8,2,2,8,4,2,4,1,689.0,1,2
2,5,7,7,4,2,2,4,2,5,7,2,0,0,588.1,1,2
2,2,10,8,10,1,3,5,7,7,6,2,3,7,688.1,1,1
5,3,10,10,10,1,7,1,10,6,4,2,3,3,717.4,1,1
2,2,4,4,8,2,7,5,3,7,10,2,6,7,656.7,0,2
1,4,2,2,5,1,1,0,3,7,3,2,1,2,607.4,0,1
5,1,6,5,10,2,3,2,5,7,1,2,2,7,682.6,0,3
5,3,1,2,2,2,2,2,6,6,0,2,1,5,658.8,0,3
5,3,1,2,2,2,1,1,6,6,0,2,1,5,657.1,0,3
4,3,8,6,10,1,5,5,8,8,2,1,2,3,668.1,1,1
4,2,6,5,10,1,9,4,10,7,0,2,3,6,719.3,0,1
4,2,5,5,10,1,10,6,10,7,0,2,8,5,719.3,0,1
0,5,2,3,2,2,0,10,6,4,10,1,5,0,568.3,1,0
3,1,9,5,6,1,8,1,8,8,1,2,2,7,739.5,1,3
0,5,8,9,10,1,2,1,3,7,4,1,1,3,612.5,1,1
4,1,6,10,3,2,8,8,10,7,2,2,8,10,743.1,1,3
0,3,5,9,7,1,3,2,6,6,6,1,3,4,628.2,0,1
1,5,9,10,5,2,5,5,3,7,7,2,5,2,636.3,0,2
0,5,8,9,10,1,2,1,3,7,4,1,1,3,612.5,1,1
1,2,4,0,3,2,6,0,3,7,1,2,0,0,581.9,0,1
3,4,2,0,7,1,3,1,10,8,2,1,0,10,622.6,1,2
3,3,3,5,8,2,7,5,8,6,1,2,3,2,652.4,1,2
4,2,5,6,10,1,8,5,8,7,0,2,4,9,744.4,1,0
3,3,10,10,10,1,5,10,8,7,4,2,1,5,737.6,1,2
3,3,10,5,10,1,7,3,5,7,1,2,1,10,716.6,1,1
4,2,6,2,6,1,3,1,5,7,2,1,1,5,623.1,0,1
2,2,2,2,6,2,3,3,1,7,7,1,3,7,579.8,1,2
2,5,1,0,6,1,2,1,10,8,7,2,0,7,609.0,1,2
2,4,3,5,7,2,8,4,8,6,2,2,4,3,655.8,1,2
2,0,10,3,3,2,3,4,2,8,1,2,3,7,643.1,1,1
4,1,3,6,5,1,8,4,9,8,2,2,6,9,719.3,1,2
3,2,5,10,7,1,8,1,6,7,3,2,2,5,670.9,1,2
3,4,0,0,10,2,7,4,4,5,3,1,0,0,608.9,1,1
2,3,2,5,7,1,5,5,7,6,2,2,2,7,657.3,1,1
5,4,2,10,6,1,2,2,8,7,7,1,5,10,642.4,1,3
3,5,4,10,10,1,5,4,3,8,2,2,3,10,714.7,1,2
5,2,7,10,10,1,10,7,10,6,5,2,8,10,742.9,0,2
4,0,1,1,4,2,3,2,7,7,4,2,0,5,620.1,0,2
4,4,1,6,9,2,2,0,6,7,5,1,1,2,599.5,1,2
4,3,7,5,10,1,6,5,5,7,0,2,6,5,697.9,1,3
4,3,4,1,10,1,5,4,5,7,2,2,6,5,646.9,0,3
1,3,3,0,10,2,10,3,5,8,1,2,1,2,642.0,0,1
2,3,5,5,2,2,1,1,1,7,10,1,0,2,566.2,1,2
4,4,10,10,7,1,5,3,5,7,0,2,8,3,689.4,1,3
4,2,3,2,10,2,10,2,7,7,1,2,3,4,659.2,1,3
3,4,3,5,7,2,8,4,8,5,1,2,4,2,662.4,1,2
2,4,4,10,10,2,5,4,10,8,1,2,2,5,665.1,0,1
5,4,10,6,10,1,4,2,7,7,1,2,2,3,700.0,1,1
2,1,3,3,7,2,10,4,1,7,0,2,3,10,678.4,1,3
2,5,1,10,10,2,3,10,1,7,0,1,10,4,656.3,1,2
4,4,9,8,5,1,7,8,8,8,0,1,10,9,729.3,0,1
5,5,7,5,10,1,3,3,8,8,1,2,0,2,678.3,1,1
1,4,8,0,10,2,3,0,10,6,5,2,0,7,618.8,1,2
5,3,10,7,10,1,8,3,6,8,3,2,1,3,708.5,1,3
2,5,8,0,7,1,5,3,6,5,5,2,4,5,619.5,1,0
5,1,5,5,10,1,8,2,10,7,6,2,4,8,688.7,0,2
3,5,10,10,10,1,8,5,9,8,1,2,3,7,709.1,1,0
3,3,6,5,10,2,8,6,5,8,5,1,6,2,645.4,1,0
5,3,10,10,10,1,8,3,8,7,4,1,2,4,708.7,1,0
2,4,4,6,10,1,8,7,6,5,1,2,6,7,677.3,1,0
5,2,10,10,10,1,6,7,8,8,5,1,3,10,715.7,0,0
3,3,6,5,10,2,9,8,4,8,4,1,3,3,655.4,1,0
4,3,5,6,9,1,7,5,9,7,4,2,7,6,707.2,0,1
4,1,10,5,6,1,6,8,3,8,2,1,5,7,706.2,0,1
1,4,8,4,10,1,5,2,9,7,10,2,0,4,647.7,0,0
3,1,10,0,10,2,2,4,7,8,10,1,4,8,616.9,0,0
2,3,4,2,10,2,2,4,4,5,3,1,0,5,605.5,0,0
5,3,5,10,10,2,6,5,10,6,4,2,1,7,674.9,0,2
4,3,10,6,10,2,7,4,7,7,1,2,3,8,701.7,0,0
2,3,7,5,7,2,6,2,4,7,1,2,1,6,651.8,1,0
2,3,10,4,7,1,5,5,10,9,3,2,10,2,677.2,0,0
3,1,10,9,10,1,8,4,8,9,1,2,4,10,744.8,1,0
4,4,5,5,10,1,6,5,6,7,7,1,1,5,635.2,1,0
1,5,7,3,4,1,6,1,5,4,7,1,0,0,591.9,1,0
3,4,2,2,10,1,7,1,2,9,1,1,2,2,597.4,1,0
3,5,4,5,10,1,2,4,3,8,1,1,0,1,600.8,1,0
3,3,5,3,10,1,2,3,10,8,0,2,3,5,695.7,0,0
4,5,5,5,5,1,9,0,10,5,0,1,0,0,650.9,1,0
4,3,3,0,6,1,2,0,7,3,0,1,0,1,573.4,1,0
5,5,5,8,10,1,8,4,6,8,3,2,0,7,667.7,1,0
4,5,1,3,0,1,3,1,8,9,1,1,1,3,596.9,1,1
5,0,10,10,10,2,5,1,1,6,1,2,3,10,703.7,0,2
4,2,8,6,10,2,4,2,5,7,1,2,8,3,686.0,1,2
1,3,2,2,10,1,7,2,2,6,3,2,1,7,630.8,0,1
3,3,4,1,10,1,6,6,6,7,1,2,2,2,657.3,0,0
2,4,3,8,6,2,8,2,5,8,3,2,4,4,642.0,1,0
0,2,5,7,10,2,3,0,6,8,1,1,2,5,640.5,1,0
5,5,10,10,10,1,4,1,8,6,6,1,2,3,645.6,1,0
3,2,8,4,10,1,4,2,7,7,0,2,2,5,660.9,1,0
4,4,10,8,10,1,7,6,7,7,3,2,3,3,691.5,0,0
2,3,6,3,10,1,8,2,2,7,3,1,4,10,648.0,1,0
2,5,3,3,4,1,1,1,6,8,4,1,3,7,603.1,1,0
2,4,5,3,4,1,0,1,2,9,3,1,3,5,594.0,1,0
5,3,5,4,10,1,1,2,10,7,4,1,1,6,654.7,1,0
4,1,7,4,10,1,5,4,5,8,2,1,4,10,694.7,0,0
1,1,3,4,10,1,8,0,8,6,1,2,1,10,659.2,0,0
3,4,10,10,10,1,3,5,2,8,2,2,6,5,721.3,0,0
2,4,2,3,10,1,0,0,7,6,2,1,0,4,591.0,1,0
1,5,5,10,10,2,6,2,10,8,3,1,8,10,668.5,1,0
5,3,3,6,10,2,3,2,7,6,0,2,2,6,669.2,1,0
4,3,5,3,6,1,0,2,8,7,2,2,1,2,644.1,1,0
3,4,7,0,10,1,3,2,2,8,3,1,2,3,590.4,1,0
4,2,5,5,10,1,5,1,9,8,10,2,1,2,658.1,1,0
2,3,3,3,10,1,5,3,8,7,3,1,2,3,637.3,1,0
4,3,5,4,10,1,7,9,8,8,2,2,8,5,734.4,0,1
4,3,6,10,10,1,7,8,7,8,3,2,8,6,747.8,0,2
2,2,10,3,7,1,6,1,2,8,0,2,1,7,666.9,1,1
3,5,3,6,10,1,5,4,7,10,10,2,6,3,663.2,0,0
1,4,5,2,10,1,3,0,6,7,2,1,1,2,638.6,1,1
1,1,5,7,10,1,7,6,7,7,2,2,6,10,686.4,1,0
1,4,6,7,10,2,2,2,2,6,1,2,1,1,612.1,0,2
2,4,5,3,3,1,2,3,6,6,10,2,0,4,612.9,1,1
5,1,6,4,4,2,2,0,2,5,7,2,0,4,634.0,1,3
3,2,8,4,7,1,8,0,3,8,5,2,1,5,677.3,1,0
2,4,10,10,7,2,5,4,1,6,1,2,8,10,685.0,0,2
5,2,10,10,10,2,8,0,8,7,3,2,6,7,696.8,1,2
1,2,4,2,6,1,9,0,4,7,2,2,2,5,663.7,1,1
2,4,7,4,1,1,3,0,4,7,2,1,1,3,602.5,0,1
5,2,9,3,5,1,7,4,2,8,1,2,6,9,692.4,1,1
4,3,2,2,8,1,4,3,8,7,1,2,3,2,667.9,0,1
2,4,5,0,3,1,0,3,6,6,10,2,0,2,585.7,1,1
3,3,4,3,7,1,2,0,8,9,5,1,1,10,629.2,1,1
2,5,0,1,3,2,0,3,1,3,2,1,1,3,546.7,1,0
4,3,1,3,3,1,6,4,5,6,0,2,1,6,631.4,1,3
4,2,3,2,5,1,5,4,6,8,1,2,2,10,664.3,1,2
5,4,10,10,10,2,3,5,3,7,2,2,2,5,677.1,1,3
3,4,1,6,3,1,4,5,2,7,5,2,4,8,646.3,0,1
4,1,7,10,5,2,4,2,3,6,2,1,2,0,653.1,1,2
2,3,6,10,5,2,2,3,7,8,3,2,1,10,657.7,1,1
2,1,6,0,7,1,2,4,2,8,0,2,0,7,629.5,0,1
0,4,3,2,3,2,0,2,2,4,8,2,2,1,550.5,0,2
4,2,5,10,6,1,7,7,5,7,3,2,4,9,730.2,0,2
1,5,0,5,0,2,0,0,1,4,10,1,0,10,531.6,1,3
1,4,10,3,3,2,7,1,3,7,3,1,1,3,615.9,1,3
1,2,5,4,6,1,6,8,6,1,6,2,7,8,679.9,1,2
5,0,10,10,10,1,10,2,10,10,4,2,2,10,759.0,1,3
5,4,5,6,5,1,10,2,10,8,2,2,6,7,729.7,1,2
3,2,2,5,4,2,3,8,3,8,3,1,2,6,614.4,0,1
2,0,5,5,8,1,0,2,6,9,2,2,2,5,667.9,1,1
2,5,4,2,10,1,5,5,5,8,7,2,2,3,626.7,1,2
5,5,4,10,7,1,6,1,6,8,3,2,1,10,732.3,0,2
1,2,1,1,3,1,4,1,3,8,0,2,1,7,621.2,1,1
5,4,10,10,8,2,6,6,6,7,1,1,8,8,708.3,1,3
2,4,4,10,5,2,5,3,1,8,2,1,5,2,648.0,1,2
2,4,4,7,10,1,7,2,2,9,2,1,3,6,646.7,1,1
2,5,4,9,10,1,7,2,3,9,7,1,3,3,638.4,1,1
3,3,3,10,7,1,7,4,4,8,4,1,8,7,655.4,1,2
5,2,5,6,5,1,4,4,6,8,6,1,1,7,666.0,1,1
4,4,3,3,10,1,7,6,2,8,2,2,2,7,690.7,0,1
4,2,4,8,6,2,8,7,10,8,0,2,0,10,726.3,1,3
1,5,5,5,10,1,10,5,10,6,0,1,2,3,690.2,1,1
4,2,8,4,2,1,6,1,7,8,2,2,2,10,678.1,0,1
3,3,5,5,2,2,1,2,6,6,1,1,10,10,662.2,1,1
4,0,2,2,1,1,8,1,3,8,0,2,2,10,660.3,1,1
2,3,10,7,4,2,7,7,6,6,5,2,7,5,687.7,1,1
5,3,6,8,10,1,8,4,6,9,1,2,3,7,708.7,1,1
5,3,6,7,10,1,8,4,6,9,1,2,3,7,708.7,1,1
2,4,2,4,2,2,5,2,2,5,4,2,1,1,584.7,1,3
4,3,6,5,10,2,7,6,10,8,0,2,8,2,704.2,1,1
3,1,7,5,6,2,9,2,9,8,2,2,2,10,683.6,1,3
4,0,6,10,8,1,8,8,7,7,1,2,10,10,752.7,0,1
2,3,2,5,7,2,1,0,5,7,1,2,0,7,609.5,1,3
2,5,10,10,10,2,10,5,2,8,1,2,6,6,672.0,1,3
4,2,3,5,5,2,5,2,6,7,0,2,0,3,636.9,1,3
4,4,5,3,2,1,4,2,5,9,1,1,3,8,637.1,1,3
1,4,4,1,10,2,4,2,1,6,10,2,1,7,562.6,1,0
1,5,6,10,10,1,4,1,8,6,4,1,1,0,623.5,1,3
4,2,6,4,8,2,9,5,4,7,1,2,1,9,667.1,0,3
3,2,6,10,10,2,6,7,8,8,4,2,6,4,685.1,0,2
4,3,6,2,5,1,5,0,9,6,0,2,0,10,673.0,1,3
5,4,3,8,10,2,3,2,3,9,3,1,5,8,624.8,0,1
5,3,10,10,8,1,8,10,10,8,0,1,10,10,773.9,0,1
1,2,5,4,10,1,5,4,6,7,4,1,10,7,672.6,0,2
0,2,2,2,2,1,5,1,5,9,5,1,4,10,615.0,0,1
5,3,5,7,5,1,6,3,5,10,4,1,6,7,667.9,1,1
2,4,4,0,8,1,3,0,4,7,0,2,1,5,621.2,1,1
2,2,4,5,5,1,4,3,2,8,2,2,3,8,661.8,0,1
2,5,4,5,8,1,7,1,3,7,3,2,0,10,670.3,1,1
2,4,2,0,5,1,7,2,10,7,2,2,0,10,642.8,0,1
2,1,7,4,5,1,8,0,5,7,1,2,0,7,682.6,1,2
3,3,4,6,10,2,9,3,10,6,2,2,2,5,678.3,0,2
1,4,2,1,1,1,2,2,8,8,1,2,5,6,620.5,0,1
2,2,4,3,4,1,8,2,7,9,3,2,1,3,652.8,1,2
5,2,10,10,8,1,9,3,6,7,2,2,10,10,767.8,1,2
5,2,5,6,5,2,7,5,8,7,0,2,1,10,705.3,1,3
2,3,1,2,3,1,8,4,4,7,0,1,5,3,631.4,1,1
3,1,0,1,2,1,7,3,5,7,0,2,2,10,674.1,1,3
5,2,6,4,10,1,8,5,10,8,2,2,1,4,716.1,1,0
4,3,8,7,6,1,6,3,5,8,4,2,6,7,703.2,1,1
3,1,4,6,4,1,2,2,2,7,0,2,4,7,656.5,0,1
2,4,2,5,10,2,3,1,3,7,8,1,4,1,576.8,1,2
5,3,8,6,6,1,7,3,9,8,0,2,6,2,709.1,1,0
2,5,6,8,10,2,3,1,10,7,9,2,0,2,617.3,1,2
4,1,8,6,3,1,1,2,8,6,2,2,2,7,700.0,1,2
5,0,10,10,2,1,10,2,10,6,1,1,10,10,741.2,1,1
4,3,8,4,5,1,6,3,10,8,1,1,3,10,685.5,1,1
2,3,10,4,7,1,5,0,7,6,3,2,1,7,687.9,0,1
3,4,3,3,6,1,7,2,4,7,9,2,0,8,656.9,1,1
2,0,8,6,5,1,7,8,7,7,1,2,3,8,696.6,0,1
2,2,2,5,4,2,6,0,1,8,6,2,0,7,605.5,1,3
2,2,5,3,5,1,6,1,4,8,10,2,0,3,616.3,1,2
3,5,3,3,10,2,8,4,6,8,6,2,1,3,652.4,1,3
2,3,7,8,10,2,8,2,9,8,4,2,6,8,704.0,0,2
2,2,10,8,5,2,7,2,8,6,3,2,3,6,701.7,1,3
1,1,4,10,8,1,7,3,9,6,0,2,2,10,698.5,0,2
4,3,10,10,10,1,5,5,9,6,1,2,5,2,705.3,0,3
1,3,10,5,5,1,8,3,3,7,1,2,1,2,678.8,1,2
5,1,8,8,6,1,8,2,8,8,10,2,6,7,717.4,1,2
3,3,4,4,1,2,6,2,1,8,3,2,1,1,617.4,0,1
1,2,10,10,10,1,9,4,6,8,1,2,2,7,744.2,0,3
3,3,10,8,7,1,7,4,6,8,2,2,8,7,720.4,1,1
2,2,5,5,5,1,4,5,1,7,5,2,1,2,632.5,1,1
2,4,1,2,3,2,2,0,5,7,5,2,0,5,584.0,0,3
3,3,9,3,8,1,7,4,3,8,6,1,2,6,663.7,1,1
3,2,5,6,2,1,5,1,7,7,1,1,2,9,650.7,1,3
4,3,2,5,3,1,7,1,10,7,3,2,1,10,649.6,1,2
2,2,6,6,3,1,8,1,4,6,2,2,1,5,690.7,0,1
2,4,7,4,5,1,1,0,7,7,10,2,0,2,609.9,1,2
2,2,6,4,8,1,4,1,1,9,1,1,3,10,643.1,1,1
3,4,7,5,4,1,5,3,5,7,6,2,3,7,679.2,0,1
3,2,5,3,2,1,6,2,5,7,2,2,2,7,669.0,1,2
4,2,3,5,3,1,2,1,4,8,6,2,0,2,658.8,1,2
2,3,4,6,9,1,7,6,7,6,1,2,2,4,669.2,1,2
0,2,6,10,3,2,8,4,2,8,1,2,5,10,675.4,0,3
2,5,0,10,1,1,2,0,5,6,8,2,1,10,619.5,1,1
4,0,3,4,10,2,6,1,2,8,1,2,2,10,700.9,1,3
3,3,4,5,10,2,7,2,4,6,2,2,1,6,639.7,1,1
2,5,0,6,4,1,3,5,10,4,4,2,3,4,604.8,0,1
4,1,10,7,10,2,3,2,5,8,0,1,1,10,674.3,1,2
4,1,4,3,5,1,9,3,10,8,0,2,2,6,699.1,0,2
5,1,10,10,5,2,10,10,3,8,0,2,7,10,757.2,0,3
4,1,5,10,6,1,10,3,10,6,0,2,3,10,734.4,1,3
2,3,5,5,10,2,3,1,2,9,4,2,2,3,634.8,1,2
5,2,0,0,0,2,8,1,3,7,2,2,2,10,619.3,0,2
0,2,3,0,1,2,7,5,3,6,10,2,0,10,585.1,0,1
0,2,3,0,1,2,7,2,3,6,10,2,0,10,574.9,0,1
4,1,6,2,4,1,5,4,6,7,7,2,0,10,664.1,1,1
0,0,5,1,5,1,8,0,6,9,0,2,2,7,688.3,0,1
1,2,3,4,2,2,2,1,1,6,2,2,3,2,589.8,1,2
2,4,4,10,10,1,4,8,3,5,3,1,8,8,669.9,1,2
3,2,10,10,5,1,8,2,9,8,1,2,3,4,700.6,0,1
1,4,1,0,2,2,7,5,1,6,0,1,8,1,594.9,0,1
1,4,1,0,2,2,4,6,1,6,1,1,6,3,572.8,0,1
1,3,6,6,10,1,8,6,10,7,1,1,1,1,663.2,0,2
5,5,5,5,10,1,8,8,10,7,1,2,8,10,729.5,1,3
3,1,6,10,3,2,6,3,1,7,0,2,1,10,675.0,1,1
4,1,6,10,3,2,3,1,1,8,0,2,1,10,666.7,1,1
4,3,3,8,6,1,7,3,8,7,3,2,3,7,700.2,1,3
5,3,8,5,8,1,7,1,9,7,1,2,1,5,681.7,1,2
2,2,8,3,7,2,8,1,5,8,2,2,0,10,676.0,1,3
5,3,8,5,8,1,7,1,9,7,1,2,1,5,681.7,1,2
5,3,4,4,8,1,7,1,9,7,0,2,0,5,681.7,1,2
2,3,1,2,2,1,2,1,2,8,0,2,3,7,634.6,0,1
5,3,4,1,3,1,3,1,8,7,2,1,0,2,610.1,0,2
5,5,2,5,3,2,6,3,10,6,10,2,1,3,612.0,0,2
4,3,6,4,6,2,6,8,7,8,4,1,6,7,678.1,1,1
4,3,5,5,7,2,7,5,9,9,5,2,4,7,694.0,1,3
4,2,5,3,8,1,10,1,3,7,1,2,1,10,675.4,1,3
1,4,2,7,7,2,7,2,3,8,6,1,3,3,619.5,1,2
2,4,7,2,1,1,1,2,1,8,1,2,4,2,656.5,0,1
3,5,0,10,2,1,10,3,3,2,6,1,0,0,601.3,1,1
1,2,5,2,1,1,1,2,5,8,3,2,3,10,642.0,1,3
5,2,7,10,4,1,8,1,9,7,1,1,1,10,714.0,1,1
2,4,3,2,3,2,5,2,1,6,2,2,3,1,620.4,1,2
1,3,3,5,4,1,5,3,6,7,7,2,1,7,626.7,0,1
2,5,3,0,3,1,3,3,4,9,10,2,0,8,604.6,0,2
2,3,4,5,4,1,7,7,7,7,3,2,4,5,677.9,1,3
4,3,7,3,5,1,3,5,7,5,5,1,5,7,655.4,0,1
3,4,3,2,1,2,3,0,3,8,10,2,2,10,605.9,1,1
2,5,2,0,0,1,7,8,6,9,1,2,2,3,623.7,1,0
5,0,4,4,3,1,8,4,9,9,2,2,6,9,728.0,0,3
3,3,5,2,4,1,2,0,10,7,1,2,1,7,666.6,1,1
1,4,5,5,5,2,1,1,6,7,3,2,0,1,601.2,0,3
5,4,8,4,6,2,6,6,6,7,1,2,1,10,659.0,1,3
2,1,5,5,6,2,4,6,5,5,3,1,2,8,632.9,0,2
2,1,10,4,5,2,8,7,9,8,2,2,3,6,683.6,1,1
2,3,8,6,10,2,9,4,4,6,2,2,1,2,655.0,1,2
1,1,2,5,2,2,8,1,6,8,0,2,2,10,671.1,0,3
1,3,8,3,3,1,7,4,4,8,2,1,6,10,665.6,1,3
3,3,10,2,5,1,6,1,5,8,7,2,0,6,640.3,1,2
3,3,5,3,3,1,5,1,4,8,10,2,1,2,652.0,1,1
5,3,9,8,8,2,9,9,6,6,2,1,6,6,704.7,1,3
2,3,8,5,10,1,8,3,8,7,0,2,4,10,713.8,0,1
1,2,4,2,10,1,7,2,5,8,1,2,4,5,681.1,1,0
3,2,9,5,5,1,5,1,8,7,10,2,1,10,703.6,1,1
2,2,10,7,5,1,5,2,5,6,1,2,2,8,685.8,1,2
1,1,4,2,1,2,5,5,2,9,4,1,4,3,599.1,1,1
2,1,10,3,2,1,7,2,2,7,2,2,2,7,673.5,1,1
3,3,5,10,7,1,4,3,3,7,4,1,4,3,641.4,1,1
3,3,5,10,7,1,4,3,3,7,4,1,4,3,641.4,1,1
1,3,4,5,9,2,8,2,8,5,9,1,3,5,609.7,0,2
3,3,6,3,7,1,6,7,5,8,5,1,3,7,694.7,0,2
4,0,2,5,1,1,2,1,1,7,1,1,6,10,658.0,1,1
2,3,7,2,5,1,6,1,8,8,3,2,1,10,690.2,1,1
4,1,3,10,10,1,8,4,3,7,0,2,3,5,712.8,0,3
2,2,3,4,6,2,7,2,2,6,4,1,5,4,612.1,0,1
2,0,4,6,6,2,7,2,5,7,1,2,6,10,687.7,1,1
5,1,2,3,10,1,7,3,7,8,1,2,0,4,690.0,0,1
2,2,1,2,1,1,0,1,3,7,3,1,1,3,583.6,0,1
3,4,10,5,4,1,3,5,5,7,0,2,1,4,645.2,1,1
4,3,9,2,5,1,7,7,8,8,4,2,9,10,700.4,0,1
5,1,8,1,3,2,8,7,10,7,1,2,1,5,683.6,0,1
5,1,4,4,3,1,4,0,2,10,0,2,2,8,670.7,1,3
5,3,8,6,7,1,6,1,6,5,4,2,1,8,665.4,1,3
4,3,5,6,5,2,7,1,8,7,7,2,2,6,664.5,1,3
3,4,10,1,10,1,8,5,10,7,1,2,2,5,673.4,1,2
5,3,10,10,10,1,5,4,8,6,1,2,1,2,723.8,1,1
5,3,10,10,10,1,5,3,8,6,1,2,1,2,723.8,1,1
2,2,2,10,10,1,6,8,7,7,6,2,1,2,664.3,1,2
2,5,4,10,10,1,7,3,1,6,5,2,1,10,690.1,1,3
3,4,1,2,2,2,3,1,4,4,4,1,3,3,579.8,0,1
4,2,9,10,3,2,4,1,1,6,0,2,8,7,668.0,1,3
4,3,10,3,3,1,7,5,3,7,0,2,10,7,702.6,0,1
2,1,5,5,4,2,8,1,3,8,1,2,4,5,673.9,1,2
5,3,6,3,4,1,10,6,10,7,2,2,6,10,749.9,1,3
4,3,1,4,10,1,7,6,9,5,3,2,1,10,683.0,0,3
2,4,5,10,5,2,5,1,1,6,2,2,2,5,618.7,1,2
4,4,10,5,3,2,9,2,5,6,1,1,9,4,665.4,1,2
2,2,4,3,5,1,2,1,7,7,2,1,2,7,643.9,0,1
1,2,3,1,1,1,0,3,1,5,1,2,1,10,611.7,0,1
1,4,10,10,10,2,8,9,3,4,0,2,8,1,693.5,1,2
2,2,5,2,2,1,7,1,9,8,1,2,2,9,678.5,1,1
2,4,3,2,3,1,3,2,10,5,3,1,1,4,649.2,1,1
1,1,8,10,10,1,9,2,5,8,1,2,10,4,706.6,1,1
2,1,6,0,4,1,4,3,2,10,2,1,4,10,629.9,0,1
2,3,7,6,9,1,7,2,4,7,3,2,3,7,697.7,1,1
5,3,3,2,8,1,1,0,4,7,2,1,0,2,619.5,1,1
5,1,6,2,2,1,9,10,6,9,3,2,10,10,712.1,0,1
2,1,3,3,5,1,7,6,8,7,0,2,3,8,688.3,0,0
5,3,10,10,10,1,7,10,10,7,1,2,10,10,789.0,0,2
5,4,7,3,4,1,8,2,10,8,0,2,2,6,695.7,1,2
3,5,5,10,10,2,1,1,4,8,2,2,1,5,652.0,1,2
2,1,10,6,4,1,3,2,2,9,2,2,0,10,677.3,0,1
2,1,10,6,4,1,3,2,2,9,2,2,1,10,684.1,0,1
2,4,6,10,10,1,4,3,6,10,1,1,0,3,673.2,1,0
2,4,6,10,6,1,9,6,8,6,1,2,2,10,700.0,1,3
2,3,4,2,10,2,6,0,6,8,2,2,0,3,632.0,1,1
1,5,10,2,5,1,2,1,5,7,5,2,2,7,648.6,0,1
2,3,10,5,10,1,5,3,10,8,0,1,1,3,658.3,1,1
2,2,6,2,10,1,7,3,7,8,1,2,4,10,705.3,0,1
0,0,5,0,1,2,2,0,1,8,6,1,0,10,549.4,1,2
2,4,5,2,10,2,1,5,2,6,3,2,3,3,618.9,1,2
2,2,2,1,2,2,2,4,8,6,3,1,3,7,584.4,1,3
2,1,4,3,4,2,7,5,4,7,4,2,5,10,672.2,1,0
5,3,5,4,7,1,10,3,7,7,1,2,3,5,689.8,1,1
5,3,10,10,10,1,8,2,5,7,5,2,2,7,716.6,1,3
2,3,3,3,4,1,1,0,10,8,2,1,0,3,609.0,1,1
4,3,5,7,6,2,1,2,7,7,4,1,1,5,632.0,0,3
5,5,0,0,4,1,1,0,3,6,0,1,0,7,569.8,0,3
5,1,5,4,4,1,6,5,5,9,2,2,1,10,698.3,1,1
4,0,3,3,5,1,0,0,10,8,0,2,0,10,680.4,1,1
3,2,9,8,10,1,6,6,5,7,7,2,8,5,728.5,1,3
4,4,5,2,6,1,10,1,2,8,2,2,2,7,695.8,1,1
2,2,5,10,10,1,9,6,7,8,0,2,1,4,707.0,0,2
1,3,4,10,10,1,6,2,4,9,7,1,6,10,659.0,1,2
4,3,2,2,3,1,8,2,8,9,2,2,3,10,649.6,1,2
3,3,5,4,4,2,9,2,4,7,1,2,3,10,665.4,1,1
2,3,3,8,8,2,5,2,6,8,4,2,2,5,649.0,0,2
1,5,0,2,3,2,5,1,5,8,8,1,2,9,572.3,0,3
4,3,6,2,3,1,10,4,6,7,1,1,1,7,647.1,1,1
2,4,4,4,2,2,6,1,8,9,3,2,4,10,632.6,0,3
3,4,10,10,10,1,5,2,5,5,10,2,1,2,700.9,0,2
4,2,5,7,8,1,4,2,10,7,5,2,2,5,690.4,1,1
2,4,3,0,5,1,7,1,4,6,8,1,1,6,578.5,0,3
2,2,5,2,8,1,4,3,2,8,3,2,1,3,655.0,0,2
4,2,10,10,10,1,6,8,9,7,1,2,7,10,739.5,1,1
3,5,4,1,10,2,2,2,5,8,2,2,0,2,619.9,0,1
3,4,5,6,10,1,10,2,8,7,10,2,10,7,718.9,1,2
1,2,5,6,2,2,8,1,10,10,5,2,10,2,646.8,1,1
2,5,10,2,2,1,10,2,1,8,2,2,1,10,658.2,1,1
2,4,7,10,7,1,7,3,5,7,10,2,2,5,660.5,1,2
2,2,4,3,3,2,6,0,2,8,0,2,0,2,617.6,1,2
2,2,4,3,3,2,6,0,2,8,0,2,0,2,617.6,1,2
3,2,4,5,5,1,7,3,7,8,1,2,1,8,683.2,1,1
4,1,6,4,2,2,4,3,4,7,2,2,1,10,663.7,1,2
2,2,3,5,4,1,9,5,8,7,3,1,2,10,673.0,1,1
5,4,5,10,7,2,3,0,3,6,3,2,1,7,619.1,1,2
0,3,5,4,7,1,6,3,3,7,3,1,2,7,627.8,1,1
4,2,4,5,4,1,4,0,6,9,1,2,3,10,662.8,1,1
3,3,7,3,7,1,6,3,6,8,5,2,3,3,666.0,1,0
2,1,6,5,5,2,4,1,10,7,0,1,2,7,658.1,0,1
5,3,2,10,4,1,10,6,10,5,0,2,3,10,730.8,1,0
2,3,5,7,6,1,8,3,5,6,1,2,4,1,653.5,0,1
5,3,2,10,4,1,10,6,10,5,0,2,3,10,730.8,1,0
1,5,2,7,4,2,5,1,1,8,6,2,2,7,615.7,1,1
5,3,6,8,10,1,8,8,10,7,0,2,2,10,755.0,0,3
5,3,6,8,10,1,8,8,10,7,0,2,2,10,755.0,0,3
1,4,6,4,4,1,2,2,2,7,2,1,1,5,602.1,1,2
3,3,2,5,3,1,3,5,5,6,4,2,7,7,675.6,1,3
3,1,5,5,10,2,2,2,5,7,3,2,4,10,669.0,1,3
0,0,3,3,6,1,7,1,2,7,0,2,0,6,646.3,0,1
3,1,3,4,7,1,10,3,10,8,0,2,4,10,707.6,1,1
2,5,5,5,10,2,7,3,3,5,1,2,1,4,613.8,1,2
2,3,2,5,8,1,0,0,6,5,5,1,5,0,619.5,1,2
4,5,5,10,10,2,3,5,10,8,1,2,0,2,694.0,1,3
3,5,10,10,10,2,1,2,9,5,1,2,2,5,664.3,1,3
5,3,4,3,4,2,2,0,8,7,6,2,0,4,606.7,0,1
5,3,4,3,4,2,3,0,7,7,6,2,0,2,604.8,0,1
2,2,7,4,6,2,2,2,6,7,2,1,3,10,633.5,0,2
3,3,4,3,5,2,5,6,6,6,2,2,2,5,641.8,0,2
5,1,6,10,10,1,7,8,5,7,1,2,3,10,731.9,1,1
5,3,9,3,10,1,2,3,2,7,3,2,0,3,636.1,1,3
5,3,6,10,10,1,5,5,10,6,6,1,4,7,680.0,0,2
5,3,10,4,10,1,1,3,2,7,2,2,0,3,646.3,1,3
5,3,6,10,10,1,5,5,10,6,6,1,4,7,680.0,0,2
2,4,4,10,10,2,8,4,4,8,4,2,5,6,708.1,1,1
2,2,6,4,3,2,5,3,9,9,2,1,3,2,634.5,1,1
3,2,4,6,4,2,5,4,6,6,1,2,5,3,653.7,1,2
2,1,4,4,4,1,7,3,9,8,3,1,3,2,639.4,1,1
5,4,8,10,5,2,8,5,3,8,3,2,4,4,699.4,0,2
1,4,3,3,1,1,6,10,1,6,0,1,10,5,642.5,0,3
3,3,10,10,10,2,6,6,8,6,1,2,8,10,723.8,1,3
3,1,10,5,10,2,8,2,10,7,0,2,0,10,698.9,1,2
4,2,5,6,5,1,9,3,5,9,2,2,6,6,727.2,1,1
1,1,3,5,4,2,8,2,6,8,10,2,2,10,659.2,1,0
2,2,5,3,3,2,6,2,6,7,2,2,2,5,652.2,1,2
1,4,2,2,5,1,2,2,5,7,1,2,2,10,607.8,0,1
1,4,2,0,5,1,2,2,5,7,5,2,2,10,594.2,0,1
3,5,10,5,10,2,6,0,3,5,0,1,2,0,629.1,1,1
1,4,3,10,5,1,4,5,9,8,7,2,3,7,661.5,1,1
3,4,4,3,4,1,5,1,7,8,3,1,1,4,628.8,1,1
2,2,3,2,3,1,5,0,6,7,3,2,1,2,604.6,0,1
5,2,10,10,8,2,7,3,10,7,3,2,5,8,731.2,1,3
1,5,4,1,2,2,0,1,1,8,2,1,4,4,556.2,0,3
3,3,6,4,5,2,5,5,3,8,3,2,2,7,651.8,1,3
4,2,5,3,6,2,5,4,2,6,5,1,5,4,620.6,1,1
3,3,4,3,3,2,9,3,9,8,0,2,1,4,647.9,1,3
1,3,2,1,7,1,4,6,3,8,0,1,2,10,621.2,0,1
3,5,10,6,10,1,4,2,10,7,5,2,4,5,709.1,1,2
3,2,8,9,6,2,6,6,3,7,2,2,7,7,683.9,1,3
5,3,4,5,10,2,7,10,10,8,2,1,4,10,711.0,1,1
3,3,7,10,7,1,9,4,4,10,4,2,4,6,686.4,1,0
1,2,5,4,10,1,7,4,6,7,1,2,1,10,696.4,1,3
5,4,3,6,3,2,6,2,1,7,0,2,4,8,646.1,0,1
5,4,3,3,2,2,4,5,1,7,0,2,5,8,647.8,0,1
5,2,1,6,1,1,8,6,2,7,7,1,6,6,631.0,1,1
2,4,2,6,5,2,4,2,2,4,4,2,2,5,613.4,0,1
5,1,3,10,2,1,8,2,8,7,3,2,2,10,718.9,1,3
3,5,7,10,4,2,5,6,10,4,10,1,5,7,672.8,1,1
3,5,2,2,5,2,7,2,7,5,1,2,2,2,631.6,0,3
2,3,7,10,1,2,5,3,6,6,1,2,2,10,689.4,1,2
2,4,5,7,10,2,8,3,5,6,1,2,2,4,672.2,1,2
2,3,7,7,10,2,8,2,4,6,1,2,2,5,675.4,1,2
5,4,3,4,2,2,4,6,8,8,2,2,1,7,680.0,1,2
1,5,1,0,2,1,0,1,2,6,1,2,1,0,598.5,1,2
2,3,3,5,4,2,7,1,3,6,1,2,1,5,625.9,1,2
4,4,4,5,10,2,2,3,6,6,2,2,3,3,629.9,1,1
5,2,10,10,4,1,8,4,10,7,0,2,1,10,749.9,0,3
1,2,6,5,1,2,3,1,2,5,1,2,0,4,620.4,1,1
3,5,3,7,0,1,3,1,4,6,0,1,2,4,597.2,1,2
5,2,5,5,10,2,8,4,2,7,3,2,2,8,685.4,1,3
2,4,6,2,5,2,5,2,8,7,8,2,1,6,644.1,1,1
3,2,7,7,6,2,4,6,7,4,2,2,4,10,685.8,1,3
0,3,6,3,3,2,7,7,4,8,0,2,3,6,670.7,0,3
4,2,7,8,7,2,8,5,6,8,2,2,6,8,700.0,1,3
0,1,7,10,10,2,2,7,1,4,1,2,2,2,681.2,1,3
5,1,10,5,10,1,9,6,10,9,3,2,4,10,755.4,1,1
5,1,10,5,10,1,10,6,10,9,4,2,4,8,752.0,1,1
3,2,6,5,6,2,10,9,9,7,1,2,4,7,693.6,1,2
1,3,4,6,2,2,3,1,8,7,6,2,1,5,625.4,1,1
2,4,5,5,6,1,5,1,5,7,10,2,0,2,635.0,1,2
1,3,10,4,10,2,4,4,2,8,5,2,0,4,644.8,1,2
1,4,6,6,10,1,3,5,3,6,4,2,1,2,646.3,1,2
2,3,3,2,2,1,9,3,2,8,3,2,1,2,641.4,1,1
3,3,10,6,7,2,6,4,8,6,2,2,5,3,679.6,1,2
3,4,5,6,7,2,8,4,8,5,3,2,1,4,684.5,1,3
5,1,6,3,6,1,8,3,6,8,1,2,2,5,693.2,0,1
3,3,5,5,5,1,5,6,10,7,10,2,1,5,687.0,1,1
1,2,5,5,5,2,10,2,7,6,2,2,2,5,652.2,1,2
1,5,10,8,4,2,2,0,1,5,10,2,4,1,594.7,1,1
5,3,2,5,2,2,1,0,5,5,0,1,1,10,626.1,1,2
2,1,3,2,7,1,8,3,10,7,0,2,2,7,683.6,0,1
1,0,6,7,7,1,2,0,5,6,0,1,7,10,643.3,0,0
1,0,6,8,7,1,3,0,5,6,0,1,8,10,648.4,0,0
3,1,3,0,5,2,0,3,2,8,3,1,2,7,580.2,0,1
4,1,10,10,10,1,7,1,3,8,1,2,6,3,711.3,1,3
1,1,9,8,7,1,4,4,5,8,4,1,3,7,677.7,1,1
3,5,10,1,8,2,4,10,7,7,5,1,3,3,628.6,0,2
3,5,5,8,10,2,9,6,8,7,0,1,7,4,640.7,1,3
5,3,2,1,2,1,2,3,8,7,2,1,0,7,615.2,0,2
1,3,8,5,6,1,5,4,8,5,3,1,5,7,667.5,1,2
2,1,5,3,6,1,10,1,7,9,1,2,2,4,669.8,1,0
2,3,6,2,10,2,7,6,8,6,3,2,7,8,664.3,1,1
4,5,6,9,4,2,4,7,3,7,3,1,3,9,644.8,1,3
3,5,4,6,10,2,6,2,3,7,5,1,1,5,597.2,1,3
5,2,10,2,10,1,7,3,10,8,3,1,3,7,717.8,1,1
4,2,10,5,10,2,9,3,10,8,0,2,1,5,711.0,1,2
4,4,5,4,4,1,7,2,6,7,2,2,1,3,659.0,1,1
5,2,10,5,5,1,5,2,4,8,3,2,1,5,694.5,1,1
5,4,5,5,10,2,4,4,9,6,1,2,1,5,693.4,0,3
2,2,10,8,10,2,5,4,2,6,3,1,1,10,658.0,1,2
4,2,10,6,8,2,7,7,10,7,1,2,7,10,729.5,0,3
3,4,10,10,10,1,7,4,5,6,3,2,7,4,689.2,1,1
3,1,3,4,5,1,5,2,4,7,1,1,2,5,631.4,1,2
3,1,3,8,7,1,5,2,7,8,1,2,6,3,690.0,0,1
5,2,5,7,7,1,7,3,8,8,0,2,0,10,674.9,1,2
1,1,3,3,2,1,8,2,4,7,2,2,4,7,673.9,0,1
1,3,3,3,8,2,6,1,4,5,2,1,2,2,591.9,1,1
2,2,5,5,5,1,8,1,10,7,3,2,1,7,700.6,0,1
5,0,8,3,10,1,9,3,5,7,0,1,6,10,709.8,0,0
5,0,8,3,10,1,9,3,5,7,0,1,3,10,709.8,0,0
1,2,5,3,10,2,4,4,1,8,3,1,3,2,637.8,0,2
3,1,10,10,10,2,8,4,10,8,1,2,10,10,748.4,1,1
5,2,5,6,4,2,8,2,10,7,3,2,2,7,668.3,1,2
2,4,5,5,10,2,5,4,4,6,7,2,2,7,649.9,0,1
1,4,6,8,10,1,3,3,6,7,3,1,0,2,621.6,1,3
5,0,10,10,10,2,10,10,10,10,10,2,10,10,786.2,0,2
5,0,10,10,10,2,10,10,10,7,0,2,10,10,797.5,0,2
3,2,10,8,5,2,8,1,4,7,2,2,3,2,677.3,1,2
2,2,6,3,4,1,7,3,8,5,2,2,2,10,682.8,0,2
2,5,3,5,4,1,9,4,3,8,4,1,4,3,616.1,1,1
3,2,4,10,4,1,6,2,8,6,2,1,1,6,669.4,1,1
1,5,5,0,2,1,0,0,5,5,1,2,0,3,571.7,0,1
4,1,6,10,4,2,6,4,10,7,1,2,4,6,712.5,1,2
2,3,4,4,8,2,4,1,7,6,4,2,1,10,667.5,0,1
2,2,3,2,7,2,5,3,3,6,3,2,3,5,627.6,0,1
3,1,6,2,5,1,8,1,5,9,1,2,2,6,664.3,0,0
4,3,4,3,5,2,4,4,7,7,4,1,3,4,621.8,1,1
3,1,3,3,4,2,3,3,4,6,4,1,2,10,636.3,1,3
3,3,4,5,5,1,7,4,9,8,1,2,4,10,700.6,0,1
3,3,3,3,3,1,7,2,5,7,2,1,0,7,635.0,1,3
3,3,3,3,4,1,4,2,5,7,3,2,2,6,624.8,1,3
1,1,4,4,10,2,6,2,9,6,2,2,1,5,656.0,0,1
3,4,1,2,4,1,3,3,7,6,4,1,2,6,609.7,1,1
1,2,7,4,4,2,8,2,1,7,1,1,0,5,612.1,0,2
4,2,5,3,5,1,3,0,9,8,2,2,3,7,687.0,0,1
3,5,6,8,10,2,3,1,2,7,0,2,1,10,634.4,1,3
1,5,5,1,3,2,2,1,4,7,10,2,0,1,551.5,0,1
2,4,5,2,3,2,1,0,4,7,1,2,3,7,611.0,1,0
4,0,8,7,10,1,2,3,8,7,4,2,8,8,713.8,0,3
1,1,8,1,5,1,8,2,1,7,1,2,0,1,618.9,0,1
4,3,6,7,10,1,5,5,4,8,1,2,8,7,714.9,1,1
3,2,10,8,10,2,9,9,5,7,4,1,2,5,692.8,1,2
5,1,5,4,8,1,10,4,10,8,3,2,3,5,695.7,1,3
4,4,5,4,5,1,7,6,8,8,5,2,2,9,688.5,1,2
3,1,3,4,6,2,7,2,10,8,4,1,1,7,673.6,1,1
4,3,5,5,8,1,5,3,3,7,1,2,4,8,699.2,0,2
4,3,3,3,3,2,5,2,7,10,5,2,0,4,641.1,1,1
5,3,4,6,3,1,7,8,10,7,0,2,3,8,729.5,0,1
2,2,8,3,10,1,7,4,10,8,10,2,5,10,707.6,1,2
3,2,10,8,8,1,6,1,8,9,3,2,3,6,710.8,1,1
3,3,2,3,10,2,6,5,2,7,3,1,1,3,636.1,1,2
3,3,2,4,10,2,6,5,4,7,3,1,1,4,643.3,1,2
1,3,10,6,10,2,10,4,4,7,3,2,7,7,713.0,0,3
3,5,3,10,10,1,3,1,10,7,5,2,1,5,661.5,1,1
5,2,6,10,10,2,7,5,10,7,1,2,3,5,719.3,1,3
3,2,6,5,6,1,10,2,2,7,1,2,2,4,663.3,0,2
2,2,3,4,10,2,9,2,3,7,0,2,1,7,643.1,0,1
4,3,2,6,3,1,7,4,8,7,2,1,0,7,671.3,1,1
2,2,4,2,4,2,3,4,1,7,0,2,2,4,610.4,1,1
4,3,5,5,2,1,8,2,3,9,0,1,5,10,682.6,1,3
4,1,3,4,10,2,3,5,7,7,0,2,5,10,693.2,1,1
4,1,6,7,6,1,7,2,7,8,1,2,4,7,718.9,1,3
2,2,10,3,10,2,4,2,10,8,1,2,4,8,699.1,1,1
3,2,4,2,4,2,6,3,3,7,1,2,1,9,656.7,1,2
3,2,4,4,4,2,6,3,3,7,1,2,2,9,656.7,1,2
2,1,5,2,2,1,5,1,1,8,0,2,2,10,659.9,0,1
5,2,10,7,6,1,8,2,3,9,1,2,4,10,742.1,1,2
3,4,6,3,6,2,0,2,7,6,1,2,2,3,618.2,0,1
2,2,6,5,3,1,5,2,8,8,1,2,5,7,698.7,0,1
1,3,8,2,4,2,7,2,5,7,3,2,5,3,636.7,1,1
1,2,5,3,10,2,7,5,2,8,2,2,5,3,638.0,0,2
3,1,7,10,10,1,7,7,6,7,4,2,1,4,696.4,1,2
3,3,1,10,9,2,5,9,10,8,4,2,8,10,700.8,1,2
3,5,2,3,3,2,4,2,10,5,1,1,0,10,598.2,0,3
1,3,4,4,3,2,6,5,1,7,5,2,5,7,637.6,0,1
4,3,5,3,5,1,7,1,8,7,3,2,1,5,678.1,1,2
3,3,5,4,8,1,4,1,4,6,7,2,8,8,668.6,1,1
5,2,10,7,8,1,7,5,6,7,1,2,1,5,704.9,1,1
3,3,10,0,1,2,5,3,7,8,1,2,2,7,662.8,0,1
5,4,5,10,10,1,8,4,10,7,1,2,10,9,738.0,0,2
3,5,1,3,3,2,4,3,1,7,10,1,1,4,567.9,1,1
5,2,5,10,4,1,8,5,3,8,1,1,9,3,689.2,1,1
2,4,6,6,6,1,10,8,5,8,0,2,3,10,691.3,1,1
5,3,8,7,4,1,7,1,10,9,1,1,5,10,707.8,1,3
2,5,1,2,3,1,0,3,3,6,8,1,1,1,546.0,0,0
3,3,4,6,7,1,4,2,6,6,2,2,1,6,645.2,0,1
2,3,3,1,2,1,2,1,2,9,5,1,2,10,604.2,1,0
5,5,10,3,10,1,7,2,10,7,4,1,10,3,676.8,1,1
2,4,4,5,8,1,7,4,6,7,1,2,3,7,676.0,1,1
1,4,4,1,6,1,3,1,8,7,5,2,1,4,616.9,1,3
1,5,5,5,10,1,4,6,6,7,3,1,10,8,672.6,0,0
5,2,10,10,7,2,7,6,3,8,2,2,7,10,731.7,1,3
0,3,2,2,2,1,0,1,1,7,2,2,4,5,608.7,0,1
2,2,4,1,10,2,4,1,5,4,8,1,2,10,581.7,1,1
5,1,10,10,10,2,8,4,3,7,0,2,6,10,731.5,1,1
4,1,6,10,7,1,8,4,6,9,0,2,4,9,744.4,1,2
2,3,6,4,5,1,4,1,4,8,0,1,1,5,619.7,1,1
5,2,10,8,10,1,4,1,4,7,1,2,2,10,692.6,1,2
4,2,6,7,5,1,7,2,2,8,2,2,2,5,695.8,1,3
1,3,5,2,3,2,8,4,2,6,3,2,5,6,629.1,1,3
4,2,4,5,6,1,6,6,8,7,2,2,10,3,698.5,1,1
5,2,10,10,10,1,2,3,10,6,0,2,5,10,731.0,0,1
4,1,6,5,6,1,8,2,10,7,3,1,3,7,685.3,1,2
2,2,5,4,7,1,5,3,5,8,1,2,2,7,684.5,0,3
2,3,4,3,10,1,7,5,4,8,3,2,1,4,660.5,1,2
3,4,5,8,5,2,5,5,5,8,1,2,4,5,652.2,1,3
2,3,3,2,5,1,8,1,2,8,5,2,2,6,656.7,1,2
4,4,9,7,6,1,7,3,6,8,0,2,0,6,693.2,1,1
2,2,4,10,2,2,8,4,2,7,1,2,8,8,671.8,1,3
3,1,3,2,1,1,7,2,3,7,1,2,1,10,653.3,0,2
3,0,2,4,3,1,0,4,7,6,0,2,7,10,664.1,0,3
5,3,5,2,2,1,5,3,6,7,1,2,5,8,667.5,1,1
5,3,5,2,2,1,5,3,6,7,1,2,5,8,667.5,1,1
5,2,10,10,10,1,3,5,7,8,2,2,8,10,771.6,1,2
5,2,10,10,10,1,3,5,7,8,2,2,8,10,771.6,1,2
5,3,8,10,9,2,7,4,1,7,3,1,5,3,668.2,1,2
3,5,10,7,10,2,7,9,6,8,5,1,7,5,672.8,1,1
4,0,10,10,8,1,2,2,4,8,0,2,4,10,737.0,1,3
3,0,5,9,10,1,8,1,1,7,10,2,0,10,693.7,1,0
3,1,10,3,4,2,1,3,9,8,3,1,4,6,641.1,1,0
3,1,5,10,9,2,3,10,10,10,6,2,3,10,684.2,0,0
1,4,6,2,7,2,1,2,1,7,5,1,1,2,578.1,1,1
4,3,10,8,5,2,9,8,3,8,2,2,10,10,721.5,1,0
5,0,10,9,10,2,0,10,10,8,1,2,4,5,746.7,0,0
4,3,6,10,5,1,8,3,8,7,3,2,1,3,683.2,1,2
1,5,10,10,10,2,10,8,1,5,1,1,2,0,645.7,1,2
3,4,1,1,2,1,3,2,6,10,7,1,1,8,610.3,1,2
4,2,8,10,10,1,7,5,10,7,1,2,7,10,726.1,0,1
3,3,8,9,8,2,5,7,9,6,5,2,8,8,695.1,1,3
5,5,3,5,4,2,4,0,5,7,0,1,1,7,589.1,1,3
3,2,10,7,6,1,8,5,1,9,3,2,6,4,702.6,1,2
4,5,4,10,10,2,6,6,6,6,1,2,9,4,687.7,0,3
2,2,3,1,3,2,4,1,1,9,4,1,5,8,598.9,1,0
2,1,4,4,3,2,8,4,2,8,3,2,4,10,648.2,1,0
3,4,6,10,7,2,7,7,10,6,2,2,5,9,720.8,0,3
5,5,0,0,1,1,3,0,3,9,8,2,2,10,616.3,0,1
2,4,7,5,5,2,3,3,5,8,4,1,3,6,611.4,1,2
3,4,5,9,8,2,5,2,1,6,4,2,0,2,642.5,1,2
3,2,8,2,4,1,8,3,2,8,1,2,7,10,704.3,0,1
5,3,9,7,8,2,10,6,7,8,3,2,4,8,696.8,1,0
1,3,5,5,8,2,10,6,6,9,0,2,8,5,690.0,1,2
4,0,5,9,10,1,10,8,6,8,1,2,10,8,786.7,0,1
2,1,4,5,5,1,5,1,5,8,4,2,6,10,674.3,0,1
4,2,4,3,6,2,3,2,5,7,2,2,1,8,633.3,0,2
3,3,2,1,5,1,6,1,7,6,3,2,3,7,643.7,0,1
5,5,10,10,6,2,8,1,1,6,0,1,2,7,652.7,1,3
3,5,4,6,7,1,8,1,8,9,3,2,1,2,656.4,1,1
2,1,6,2,2,1,4,4,5,7,2,2,6,3,648.6,0,1
5,1,3,2,7,1,10,4,8,10,0,1,2,6,675.3,1,1
5,4,10,10,6,1,8,3,8,7,3,1,8,10,725.7,1,0
1,2,10,3,7,2,9,8,10,7,1,2,3,1,690.4,1,3
3,3,4,5,6,2,8,10,9,8,8,2,6,6,687.0,1,3
3,2,3,10,4,1,3,3,9,6,3,2,3,8,686.6,0,3
3,1,7,3,9,1,3,2,6,8,0,2,1,5,674.5,1,0
4,5,8,3,4,2,0,4,7,7,10,2,3,10,666.0,1,1
5,0,10,5,8,1,10,5,10,7,0,2,2,10,749.9,1,1
0,1,7,3,4,1,3,3,4,7,3,1,4,10,617.8,0,1
1,4,5,4,5,2,2,5,9,8,3,1,4,3,636.0,0,2
4,3,10,10,10,1,9,5,9,6,1,2,5,10,744.4,1,3
1,4,4,6,4,2,4,5,7,8,4,1,4,6,627.1,0,2
1,4,0,7,1,1,5,0,8,7,0,2,2,10,637.3,0,1
1,3,10,2,10,1,2,3,10,7,3,1,2,10,671.7,0,1
3,3,4,5,5,1,3,3,3,7,5,2,0,10,639.7,1,1
4,2,8,10,3,1,7,3,10,7,1,2,6,6,698.9,0,1
1,0,3,4,10,2,1,2,1,7,0,2,4,1,629.1,0,2
1,4,4,5,2,2,4,6,5,5,5,1,3,3,605.7,0,2
5,1,10,10,10,1,8,5,7,8,2,2,5,7,747.8,1,3
2,4,10,10,10,2,10,10,5,6,3,2,6,4,682.4,1,2
2,4,3,2,4,1,7,3,1,9,5,1,2,2,619.3,1,1
5,1,10,10,10,1,10,10,10,10,10,1,10,10,765.8,0,1
3,3,10,10,10,2,8,9,10,7,3,2,10,10,753.3,0,1
5,1,5,3,7,2,8,1,1,7,6,2,6,3,634.2,0,2
1,2,5,4,2,1,5,4,1,8,1,2,4,10,666.7,1,1
5,1,10,10,10,2,5,3,3,8,0,2,7,10,721.5,0,1
3,3,5,5,9,2,8,3,5,8,5,2,4,7,674.3,1,2
3,5,6,10,9,1,8,3,10,8,7,2,3,10,726.3,0,2
5,3,7,8,5,1,7,2,10,7,3,2,5,10,714.2,0,2
3,4,10,10,10,2,4,6,4,7,0,2,5,4,673.9,1,3
3,2,3,0,6,1,9,3,6,8,6,2,5,10,674.5,0,0
4,2,6,7,6,2,8,7,6,5,3,2,7,7,697.7,0,2
1,3,6,3,9,1,7,6,3,6,0,1,6,5,654.8,0,1
2,1,5,2,2,2,7,1,6,8,2,2,0,8,618.4,0,1
5,5,4,2,1,1,4,0,7,10,0,1,0,10,644.5,0,2
4,1,8,1,10,1,3,2,10,7,4,2,8,7,688.7,1,1
1,3,6,6,4,2,3,1,3,9,1,2,1,10,663.9,0,3
3,3,6,6,6,2,9,7,10,8,2,2,6,8,711.0,1,2
2,4,5,5,10,2,8,6,3,6,2,1,4,4,641.2,1,2
1,0,8,8,2,1,7,3,4,7,1,2,1,9,679.0,0,3
1,1,9,5,3,2,3,2,1,7,4,2,1,7,647.8,1,3
0,2,4,3,3,2,2,10,1,7,10,1,10,2,581.5,0,1
4,3,5,5,7,1,5,3,4,6,3,1,5,5,661.8,0,2
3,3,8,10,7,2,7,5,2,8,7,2,5,10,690.7,1,2
2,5,6,10,10,1,10,2,5,8,2,2,5,2,672.6,1,3
4,5,10,9,10,1,10,9,8,8,10,1,9,7,698.7,1,2
2,4,8,10,10,1,7,8,7,6,10,1,6,7,694.7,1,0
4,2,6,5,4,1,10,2,7,8,0,2,3,7,666.2,1,0
3,3,4,8,7,2,7,5,2,8,2,2,1,2,644.8,1,2
3,2,8,10,10,1,7,2,3,8,1,1,2,8,690.9,1,0
3,4,5,5,10,1,7,2,7,6,3,1,2,5,626.7,0,1
3,3,10,3,10,2,5,5,1,8,1,2,1,2,637.8,1,3
4,4,6,10,10,2,9,8,10,6,0,2,10,5,751.4,1,3
3,2,6,5,2,2,7,1,9,7,3,2,1,8,656.2,0,2
5,2,10,10,10,1,8,4,10,7,2,2,4,7,724.4,1,3
5,1,5,10,10,1,7,2,4,7,0,2,3,10,706.2,1,1
4,2,6,5,5,2,6,2,5,8,3,2,1,4,645.4,1,2
4,3,10,8,9,1,8,4,10,8,7,2,1,10,719.5,1,0
1,3,0,6,3,2,5,3,6,7,7,2,2,5,613.1,0,1
3,1,5,7,3,2,4,6,2,7,1,2,6,5,670.1,1,3
2,3,5,1,2,2,5,1,4,7,4,2,2,2,588.9,1,1
1,3,1,5,4,1,0,2,10,6,3,1,1,0,589.9,0,2
1,2,2,4,10,2,2,5,2,6,4,2,1,4,601.9,1,2
5,2,6,2,5,2,8,1,7,8,5,2,1,2,676.4,0,2
5,3,4,6,3,2,5,2,5,8,6,2,3,7,638.6,0,1
1,3,4,4,5,2,3,3,3,6,6,1,4,5,585.1,1,1
2,3,10,3,2,2,4,1,4,8,1,2,2,8,657.1,1,1
4,2,4,3,2,1,10,2,9,6,2,1,2,10,662.8,1,1
2,1,8,7,10,1,10,4,4,8,2,2,5,7,718.3,0,1
5,4,3,6,10,2,8,7,2,7,6,2,7,3,668.4,1,3
3,2,4,4,3,1,7,2,10,7,5,2,3,5,663.2,0,2
3,0,10,4,10,2,7,0,7,7,1,2,8,1,713.6,0,1
3,3,2,4,3,1,3,4,9,6,2,1,2,6,633.9,1,1
2,1,10,10,10,1,8,4,1,7,1,1,4,3,671.6,1,1
2,2,4,4,5,1,8,5,5,8,1,2,8,5,662.4,0,3
5,1,2,10,5,1,10,2,10,8,2,2,10,10,724.6,0,3
3,0,5,10,5,2,10,0,1,7,2,2,2,5,675.0,1,2
2,3,8,2,3,1,3,2,3,6,3,1,6,6,614.0,0,1
5,3,10,8,6,1,8,8,7,7,6,2,6,10,737.4,0,1
5,2,10,4,5,1,9,3,8,8,1,2,4,7,729.3,1,3
4,3,10,8,4,1,7,1,10,9,1,2,1,8,733.3,1,2
1,3,10,10,10,2,9,5,5,7,5,1,0,2,646.9,1,2
3,3,6,10,10,1,7,7,9,7,3,2,7,6,736.1,1,1
3,1,4,6,7,2,8,2,2,8,1,1,8,10,670.3,1,2
1,4,10,2,10,2,8,2,3,4,5,2,2,10,645.9,1,1
4,2,6,5,3,1,7,1,6,8,10,2,2,5,669.4,1,1
1,2,4,4,4,2,4,2,4,8,2,1,1,4,589.1,0,1
4,1,4,10,4,1,8,2,3,8,2,2,1,7,670.5,1,1
5,5,8,5,10,1,8,2,5,6,2,2,4,3,667.1,1,1
3,5,8,10,10,2,8,4,10,7,0,2,2,10,688.7,1,2
1,1,10,10,5,2,7,5,10,7,0,2,6,10,717.6,0,2
3,3,3,1,4,2,2,0,8,8,1,2,0,7,623.9,1,3
2,2,10,7,10,2,4,7,6,7,4,1,4,2,660.7,1,2
1,1,8,7,10,2,7,8,4,7,2,1,8,3,680.7,1,1
3,2,5,5,3,1,3,1,1,8,1,2,3,7,675.2,1,1
4,5,5,4,10,1,5,0,10,8,2,2,1,10,668.5,1,1
3,4,5,5,3,2,2,0,5,7,1,2,1,5,607.8,0,2
1,1,1,1,2,1,6,2,9,6,0,2,1,10,673.0,0,2
2,4,5,5,10,2,8,4,1,5,5,1,7,4,620.2,1,2
3,3,3,10,10,2,7,4,6,6,4,1,2,7,662.2,0,2
5,4,6,3,8,1,6,1,10,6,1,2,2,10,693.6,0,3
5,4,9,2,10,1,6,5,7,7,10,2,2,5,691.5,0,0
5,5,1,6,2,1,5,6,6,7,0,2,7,2,676.0,1,2
3,5,3,1,3,1,5,0,5,7,7,2,1,7,601.0,1,1
1,1,1,1,2,1,6,2,9,6,0,2,1,10,673.0,0,2
5,3,10,10,10,2,9,7,10,7,3,2,1,10,744.8,1,3
5,1,10,4,6,1,4,4,6,7,5,2,9,5,716.8,0,2
3,3,6,10,4,2,6,5,6,8,6,2,4,10,677.9,1,1
2,4,2,3,1,1,3,0,1,8,1,1,1,1,573.2,1,1
5,1,4,5,8,2,2,2,7,7,0,2,2,7,676.2,0,3
3,3,6,10,5,1,6,4,8,7,2,2,6,10,710.4,0,1
5,3,4,5,3,1,7,3,1,7,1,2,7,10,680.1,1,1
3,2,1,10,10,2,10,8,2,4,1,1,8,1,632.1,1,3
5,3,4,2,10,2,7,5,5,8,2,1,5,10,633.5,1,2
1,5,6,10,10,1,4,5,5,6,1,1,1,9,645.0,1,3
1,3,6,6,10,2,3,4,9,5,2,2,2,3,632.0,1,1
2,1,0,1,2,1,9,3,10,6,0,2,1,10,646.0,0,2
0,4,10,4,2,2,0,3,2,6,10,1,2,10,591.7,0,1
4,0,2,0,0,2,5,4,6,7,3,2,0,8,618.2,0,3
1,5,4,10,4,1,2,0,1,6,10,2,0,2,591.5,1,1
2,3,4,1,10,1,7,8,6,7,0,2,4,10,691.3,1,0
2,5,4,3,10,2,2,1,10,7,10,2,1,6,607.1,1,2
1,3,2,10,10,2,7,2,6,8,10,2,6,7,643.9,1,2
1,4,2,10,4,1,4,10,3,7,5,1,10,10,692.4,0,2
5,5,2,10,1,2,5,6,8,6,4,1,2,6,613.3,1,2
3,1,5,3,1,2,7,4,6,7,1,1,1,4,623.3,1,2
3,2,3,7,3,1,5,1,3,9,3,2,2,10,665.6,0,2
5,3,8,2,3,1,5,2,8,7,0,2,5,10,690.0,1,3
4,2,10,7,10,1,7,2,10,8,2,2,1,3,700.8,1,3
2,5,5,5,10,2,8,1,4,5,1,2,0,10,631.0,1,2
3,1,8,4,5,1,6,8,4,8,6,2,7,7,703.0,1,2
1,4,6,5,9,2,3,4,9,6,4,1,8,4,630.5,1,2
1,3,7,6,4,1,5,0,1,7,3,1,0,7,642.7,1,1
2,2,10,10,10,1,7,6,5,5,1,2,7,10,748.5,0,2
1,2,3,8,10,1,4,5,5,8,9,2,3,3,681.1,1,0
3,2,2,0,10,2,5,4,3,6,0,1,0,2,605.5,0,3
4,3,10,10,10,1,7,4,10,7,3,2,3,8,734.6,0,1
2,5,1,0,2,2,7,3,5,9,0,2,1,3,611.6,0,2
3,0,4,3,2,1,10,9,2,6,1,2,8,10,707.3,0,3
3,3,4,1,1,2,1,1,3,6,1,1,1,5,581.7,1,3
3,2,3,6,6,2,9,5,4,5,2,1,2,3,634.4,1,2
4,4,8,10,10,1,7,6,8,8,2,1,8,9,725.9,1,1
5,4,2,10,8,1,3,1,5,7,1,2,4,10,689.4,1,3
2,0,4,10,5,2,2,1,8,8,4,1,3,6,646.0,1,1
5,1,2,10,10,2,10,7,10,7,0,2,8,10,738.0,1,1
5,1,5,10,10,1,8,2,10,8,1,2,5,10,765.4,0,3
3,2,4,2,2,1,1,2,5,6,0,1,1,3,624.6,0,1
1,3,8,5,5,2,10,7,4,6,3,1,10,7,665.2,0,2
5,2,8,1,2,1,10,6,10,7,5,2,6,1,734.6,1,3
5,2,6,2,5,2,3,4,4,7,4,2,2,8,648.4,1,3
2,3,2,1,4,1,5,3,10,2,10,2,1,10,650.3,0,3
1,5,9,3,5,1,7,5,4,7,5,2,2,3,650.1,1,2
3,2,3,3,3,1,6,1,1,7,1,2,1,5,641.0,1,1
1,3,3,0,7,1,3,8,4,7,9,1,6,6,639.9,0,1
1,4,6,7,5,2,6,3,5,7,2,2,4,5,635.0,1,1
5,1,4,0,2,1,10,0,8,8,5,2,1,10,686.8,1,1
5,4,0,8,3,1,5,1,6,7,7,2,4,7,628.4,1,1
2,4,8,7,7,2,5,3,7,8,3,1,2,10,647.5,1,0
1,4,1,0,4,2,4,1,1,6,1,2,0,5,571.1,1,2
2,2,8,4,1,2,3,1,2,7,3,1,2,10,600.4,0,2
4,4,4,8,3,2,8,0,3,8,2,1,1,2,621.2,1,1
2,5,2,4,4,1,3,2,5,7,0,1,1,10,607.8,1,1
3,5,10,10,10,1,7,6,5,8,5,2,5,10,721.9,0,2
5,2,7,7,5,1,5,4,7,7,1,2,8,9,713.6,1,1
2,3,10,8,10,2,7,4,5,6,2,2,7,6,699.4,1,2
2,3,4,6,2,2,9,2,10,5,6,1,8,5,640.7,1,2
2,3,6,3,10,2,5,3,7,9,6,2,1,6,664.7,1,0
2,2,5,9,5,2,9,6,9,8,5,2,5,5,693.8,0,2
4,3,7,2,4,1,6,2,5,8,5,1,7,7,657.3,1,1
2,1,10,7,8,1,3,5,10,5,1,2,1,10,724.0,1,1
2,1,10,7,8,1,3,5,10,5,1,2,1,10,724.0,1,1
2,5,6,5,5,2,6,4,7,4,6,2,0,5,622.9,0,1
5,4,7,4,4,1,9,1,8,9,2,2,3,4,673.4,1,1
4,2,10,10,10,1,7,2,7,7,1,2,3,10,737.4,1,3
1,5,1,0,2,2,0,3,1,7,10,1,0,3,567.9,1,2
5,2,10,3,4,1,7,3,3,8,6,2,2,10,687.5,0,3
5,2,2,7,2,1,5,1,7,7,1,2,0,8,676.2,1,3
1,3,3,5,4,1,6,1,4,5,0,2,3,10,656.5,0,0
4,1,5,10,7,1,5,2,6,7,1,2,5,7,710.0,1,2
0,4,3,5,4,2,7,8,7,7,2,2,10,1,657.5,0,3
5,1,6,10,10,1,9,6,10,8,0,2,10,8,787.5,1,2
2,2,10,0,3,2,4,3,10,8,0,2,6,5,643.0,0,1
1,2,2,4,2,2,2,1,6,8,7,2,2,3,594.6,1,2
3,5,10,8,8,1,8,6,10,7,4,2,3,10,683.6,1,3
3,5,5,7,10,2,8,5,5,8,2,2,2,2,665.8,1,3
3,5,6,6,10,2,8,4,5,8,0,2,2,1,657.3,1,3
2,3,5,5,10,2,5,2,2,8,10,2,2,7,636.3,0,2
4,1,3,5,1,2,7,1,8,8,4,2,1,8,671.5,1,2
2,5,3,1,10,1,3,8,1,6,2,2,2,8,630.6,1,1
2,0,2,2,0,2,1,3,6,9,0,1,4,10,606.7,1,3
5,1,2,5,3,1,8,3,8,7,3,2,1,5,683.2,1,2
5,4,5,2,5,1,10,3,10,7,3,2,4,2,697.2,1,1
1,3,7,8,10,1,6,2,6,8,6,2,1,4,683.0,1,1
3,2,9,3,7,2,1,1,9,7,2,2,3,7,663.0,0,1
2,5,3,1,3,2,9,1,1,10,10,2,1,4,605.9,1,1
0,4,3,4,10,1,6,2,10,7,2,2,6,10,704.0,0,0
1,2,10,10,7,2,3,1,3,8,2,2,3,10,684.1,1,1
4,3,10,10,5,1,9,4,8,6,1,2,2,5,706.8,1,2
1,1,8,7,5,2,1,5,5,7,2,2,1,8,648.6,0,3
2,2,10,10,8,1,8,1,6,7,4,2,2,2,713.4,1,2
1,4,4,6,10,1,5,2,6,8,3,2,5,6,667.7,1,1
5,0,5,5,5,1,5,4,10,8,2,2,8,10,734.8,1,3
1,0,5,2,4,1,3,1,3,8,4,1,1,4,612.7,0,1
3,1,0,1,1,2,2,0,1,4,3,1,1,10,609.8,0,2
4,2,10,2,8,1,8,3,3,7,1,2,2,7,695.8,1,2
3,3,6,10,2,2,4,4,1,8,0,2,4,5,656.5,1,2
1,2,7,4,4,2,4,0,6,8,3,2,1,7,645.6,0,3
3,5,4,2,2,1,0,2,9,6,3,2,1,3,615.2,1,3
3,2,8,4,4,2,8,0,8,7,1,2,1,5,656.0,1,1
3,2,6,10,3,1,7,7,8,6,3,1,5,5,691.5,1,1
3,3,4,5,5,2,6,3,4,7,6,2,6,6,646.7,0,1
1,5,5,4,3,1,8,0,5,8,5,1,1,4,608.0,1,1
2,2,7,2,9,1,6,5,6,5,2,1,4,5,656.9,0,2
4,3,6,10,3,1,9,6,7,9,0,1,6,10,669.8,1,3
3,5,7,8,4,1,6,0,9,6,1,1,0,5,647.5,1,2
5,2,3,10,3,2,8,8,10,9,0,2,5,10,706.1,1,3
3,2,2,2,6,1,7,3,7,6,3,2,3,7,653.9,0,1
5,3,10,10,10,2,7,7,10,7,4,2,6,5,724.4,1,2
5,3,6,5,3,1,9,8,10,7,0,2,2,8,722.7,1,3
3,4,2,1,8,2,8,3,3,8,6,2,2,4,622.9,1,1
1,2,1,2,1,1,3,2,10,6,10,1,3,10,600.1,0,2
5,1,10,10,8,2,8,6,7,7,1,2,4,10,720.4,1,3
0,2,1,8,4,1,6,6,9,7,2,1,1,3,625.6,1,2
2,5,4,5,4,2,7,4,3,6,5,1,2,10,624.2,1,3
3,2,1,4,4,1,3,1,5,6,2,2,3,6,636.5,1,1
5,3,8,10,3,1,10,4,10,6,2,2,3,5,720.8,1,3
3,3,8,7,6,2,7,3,8,4,8,2,3,8,675.8,1,2
3,3,6,3,3,1,4,4,4,3,0,2,3,4,635.7,0,1
5,1,5,2,10,1,8,3,8,8,0,2,3,8,731.0,0,1
1,1,10,10,10,2,4,6,5,9,0,1,8,10,701.7,0,1
2,3,6,8,4,1,7,3,5,8,7,2,4,8,655.6,1,1
3,2,5,3,4,2,3,2,5,7,1,2,1,2,597.6,0,2
1,3,3,3,4,2,0,2,2,6,1,1,8,1,598.5,1,0
2,4,7,4,8,1,7,3,6,7,2,2,2,10,689.6,1,1
3,3,4,5,3,1,8,2,2,7,1,2,4,10,670.1,0,0
3,3,3,4,3,1,5,0,1,6,1,2,3,2,606.8,1,2
4,3,4,5,3,1,5,2,3,8,1,1,7,8,660.3,0,2
3,1,9,10,10,1,8,3,10,9,3,2,2,10,750.3,0,1
3,5,8,0,9,1,0,4,4,10,0,1,3,10,655.8,1,1
5,1,10,10,8,1,8,1,3,8,8,2,3,2,680.7,1,2
0,4,5,3,10,2,3,5,4,8,3,2,1,7,641.8,0,1
3,4,3,9,2,1,10,8,10,8,8,1,7,4,673.6,1,0
5,3,10,10,10,2,10,7,9,7,9,2,5,4,720.8,1,2
1,4,2,10,3,1,7,3,4,6,6,2,5,3,675.4,1,2
2,1,2,2,5,1,4,3,10,8,0,1,4,7,668.5,0,1
3,2,10,7,7,2,10,3,6,5,2,1,9,9,702.8,1,1
5,5,10,10,10,1,8,9,5,9,7,2,8,10,740.8,1,0
4,2,5,10,6,1,10,6,10,7,1,2,8,10,749.9,0,2
2,2,6,3,10,1,5,1,3,6,7,2,4,7,682.0,1,2
3,4,10,3,4,1,3,4,8,8,4,1,3,10,663.0,1,1
2,4,3,5,5,2,6,1,5,7,1,1,1,10,619.7,0,3
5,1,10,5,5,2,8,4,5,6,1,2,5,8,694.3,0,3
5,2,8,4,5,2,8,2,10,8,4,2,7,7,694.0,1,3
3,3,1,0,2,1,3,0,10,9,2,1,0,2,575.2,1,1
0,5,1,1,1,2,0,0,1,7,10,1,0,1,530.5,1,2
3,5,5,1,7,1,2,0,1,7,4,1,0,5,583.2,1,1
3,1,5,3,4,1,5,1,5,8,4,2,0,4,684.5,1,1
3,5,5,3,10,1,5,0,2,7,4,2,1,6,622.5,1,2
4,4,3,4,7,2,6,7,3,5,3,2,5,6,647.8,0,1
3,3,10,10,8,2,3,6,3,6,2,2,5,6,682.0,1,3
2,5,0,10,3,2,8,5,9,4,8,1,8,9,625.0,0,1
4,2,8,7,5,2,6,6,8,7,2,2,5,9,691.7,1,3
3,4,6,7,6,1,8,5,8,7,7,1,4,8,659.4,1,1
2,2,2,2,1,2,5,3,4,6,0,2,2,3,612.5,1,3
3,4,7,10,6,1,7,2,4,7,3,2,3,2,677.3,1,3
1,5,10,6,10,1,10,0,3,6,2,2,6,8,663.3,0,2
1,2,6,3,2,2,3,2,1,8,0,1,1,7,593.6,1,1
2,2,4,5,4,1,8,3,6,7,3,2,2,5,664.1,1,1
5,1,7,5,5,2,2,0,3,8,1,1,4,7,631.4,0,2
5,3,4,4,3,2,7,2,3,7,0,1,3,10,632.9,1,3
3,1,6,7,10,1,8,7,9,6,2,2,5,4,718.9,1,2
3,4,4,8,5,2,5,0,10,9,3,2,6,7,668.7,0,1
5,1,3,5,2,2,10,4,6,7,0,2,5,10,711.7,1,3
0,4,3,2,10,1,8,2,7,9,0,1,5,7,654.5,1,1
1,0,4,8,10,2,9,7,1,4,2,2,7,2,654.0,0,3
2,2,5,5,8,2,7,2,5,9,5,2,2,5,664.3,0,3
3,2,10,5,7,1,5,6,4,7,2,2,2,10,694.3,1,3
5,3,5,10,10,2,9,8,10,7,6,2,3,7,724.4,0,2
1,4,4,2,10,2,7,2,10,7,5,2,2,10,625.8,0,2
2,2,8,5,7,1,10,5,5,8,1,2,4,10,699.8,1,2
3,1,10,6,10,2,3,3,10,6,7,2,9,10,703.8,1,3
4,4,1,2,2,1,4,2,6,7,0,2,2,8,631.8,1,3
1,2,4,5,10,1,7,4,8,7,2,2,2,5,693.4,0,3
1,2,7,3,7,1,9,2,3,7,1,2,1,5,648.2,1,2
5,1,10,8,6,2,8,8,5,8,2,2,9,10,745.7,1,3
3,3,5,4,3,2,6,4,3,8,2,2,5,10,667.1,1,3
3,3,7,5,4,1,9,1,6,7,3,2,1,7,686.2,1,1
4,1,2,3,10,1,8,4,4,7,1,1,2,6,679.0,0,2
5,3,3,10,2,1,6,2,6,8,1,1,4,10,696.6,0,1
3,4,3,0,5,1,4,3,6,7,0,2,3,9,653.9,1,1
3,1,10,10,8,2,5,4,1,9,1,2,6,10,736.6,0,3
5,4,4,2,4,2,4,3,10,7,2,2,3,10,683.6,0,3
1,3,5,10,6,1,8,6,6,8,2,2,6,8,718.7,1,2
1,3,7,7,5,2,3,4,3,6,3,2,4,4,636.1,1,1
2,4,4,7,3,2,1,1,8,6,2,2,1,2,626.9,1,2
2,3,4,0,10,1,3,2,2,6,4,2,0,5,615.5,1,3
5,1,6,8,6,1,3,3,8,9,0,1,3,10,680.2,1,2
5,3,10,8,1,2,7,1,5,6,3,1,8,3,668.8,1,2
5,4,10,9,6,1,4,3,3,8,0,2,4,9,697.7,1,2
5,4,6,6,10,2,4,3,4,8,3,2,2,5,645.2,1,0
4,3,5,2,5,1,7,2,7,7,3,2,1,6,674.5,1,2
3,2,3,9,4,2,2,1,7,6,6,2,1,2,611.4,0,2
4,5,3,0,10,2,3,0,1,7,0,1,0,0,591.7,1,1
4,4,8,8,10,1,6,4,10,8,2,2,2,5,731.4,0,3
2,3,7,6,5,2,9,3,5,6,4,2,5,4,656.9,0,2
2,1,6,4,2,1,2,1,4,9,4,2,1,6,643.7,1,1
2,1,6,6,8,1,6,1,1,8,5,1,0,3,624.2,1,1
3,5,10,10,5,2,8,6,1,5,7,2,5,3,671.2,1,2
5,0,10,10,5,1,8,6,5,7,0,2,7,10,771.0,1,3
2,1,7,4,3,1,2,0,9,8,1,2,2,10,692.1,0,1
3,4,4,5,4,2,8,6,2,6,6,1,7,4,632.5,1,1
3,3,6,5,3,2,7,0,8,6,2,2,1,7,642.2,1,2
5,4,4,2,4,1,4,2,5,6,1,2,1,2,646.7,0,3
3,5,2,3,10,1,4,4,7,7,9,1,1,10,640.5,1,1
1,4,4,2,2,1,8,1,4,7,9,1,3,10,631.4,1,1
1,2,4,4,3,2,4,2,5,7,3,1,3,8,629.9,0,1
3,3,10,3,5,2,6,1,5,6,8,2,1,3,656.9,1,3
1,1,4,10,5,2,7,5,7,7,3,2,10,10,717.0,1,2
3,4,6,0,5,2,0,3,1,6,9,2,3,10,571.1,1,1
4,0,6,5,10,2,5,4,5,8,1,2,1,8,694.7,1,3
2,2,2,3,1,2,2,3,4,6,1,1,4,10,617.6,1,1
1,2,5,8,6,2,8,0,9,7,5,2,1,5,639.2,0,1
3,5,1,10,1,2,2,2,3,9,7,1,8,1,594.2,1,3
3,3,5,3,7,2,7,5,4,8,5,2,1,6,653.7,1,1
3,0,8,8,6,1,3,5,4,8,1,2,7,9,728.5,0,2
1,0,4,10,3,2,5,5,2,7,2,2,4,5,670.1,1,2
2,2,10,8,4,2,7,0,10,6,5,2,0,3,644.3,1,2
2,3,3,1,5,2,0,0,5,7,4,2,0,4,589.1,0,2
4,3,5,10,10,1,5,4,8,8,1,2,7,7,705.5,1,1
4,1,8,7,8,1,6,5,10,8,2,2,7,8,746.7,1,3
2,2,5,5,2,2,7,1,9,7,5,2,1,5,627.3,0,1
2,2,6,10,2,1,6,0,3,8,1,2,1,10,658.6,1,3
5,1,3,5,4,2,3,6,5,6,1,2,8,7,682.4,1,2
2,3,7,10,8,2,6,2,10,8,5,2,2,10,699.1,1,2
2,3,1,10,8,2,6,2,5,6,6,2,3,10,658.6,0,3
2,4,3,4,4,1,5,3,6,6,3,1,8,6,669.0,1,1
2,3,1,2,4,2,5,4,2,9,0,2,4,4,626.3,1,1
1,3,5,8,8,2,1,1,9,6,8,2,1,3,623.7,0,2
4,2,7,3,5,1,7,3,3,7,3,2,4,8,672.0,0,1
2,5,10,6,4,2,5,3,5,6,2,2,2,3,636.5,1,2
4,1,6,7,6,1,3,3,10,7,0,2,5,8,726.1,0,3
5,4,9,4,9,2,6,2,10,6,3,1,0,10,654.5,1,2
5,3,10,5,5,1,7,3,7,8,2,2,2,3,707.0,1,2
2,2,8,6,1,1,8,4,4,8,1,2,2,9,669.0,1,3
3,2,5,4,4,1,7,1,4,8,6,1,1,7,633.3,1,1
2,4,3,7,10,2,9,4,7,7,1,2,4,6,706.8,0,2
5,4,5,10,3,2,5,3,8,7,2,2,5,7,671.3,1,3
3,2,6,5,6,2,4,10,2,5,3,2,4,6,659.5,1,2
3,4,4,8,3,2,4,3,5,7,3,1,3,4,633.3,0,2
4,4,6,5,2,2,5,8,4,6,5,1,6,8,631.2,1,1
3,5,6,5,6,2,7,4,5,6,1,2,10,4,670.5,1,2
1,4,3,3,10,2,8,2,3,7,2,2,2,6,629.5,1,1
2,4,3,6,10,2,8,4,6,6,10,1,0,3,614.6,1,1
1,0,2,3,2,1,10,1,7,10,1,2,4,10,668.3,1,2
5,1,10,6,4,1,8,4,8,7,0,2,3,10,746.1,1,2
5,1,8,10,10,1,8,3,10,10,0,2,5,10,750.5,1,3
2,4,4,3,6,1,6,2,5,7,0,2,1,10,640.1,1,1
2,2,6,4,2,2,6,4,3,9,3,2,4,6,657.1,1,1
3,3,6,1,4,1,7,0,5,7,4,1,5,10,655.4,1,0
4,2,10,10,3,1,5,5,4,9,1,2,2,7,713.4,0,0
4,2,10,8,3,2,7,2,2,8,1,2,1,10,683.9,1,2
4,2,8,5,10,2,7,4,3,7,4,2,6,7,711.1,1,2
2,2,1,2,3,1,6,3,3,8,2,2,1,5,662.0,0,1
2,2,5,8,6,1,5,3,5,6,9,2,2,2,662.0,0,3
3,2,10,8,3,2,9,7,2,7,6,1,2,7,666.7,1,2
5,2,3,1,3,1,1,1,9,8,3,1,1,10,636.0,1,2
3,1,8,4,1,1,3,3,2,8,1,2,3,7,680.5,1,3
3,0,7,7,8,1,4,5,10,8,0,1,3,9,671.9,1,1
2,4,3,4,3,2,4,6,1,10,3,1,4,0,602.5,1,0
2,5,3,4,4,2,5,3,3,9,3,1,3,3,606.1,1,0
3,2,4,3,10,2,9,1,1,8,2,2,1,3,642.9,0,3
2,3,2,10,2,1,10,1,1,6,1,1,2,4,625.5,0,1
5,4,7,10,2,2,6,5,4,8,1,2,8,6,692.8,1,2
2,3,4,3,10,2,4,2,3,7,1,2,3,7,648.2,0,1
5,1,10,3,5,1,10,5,4,6,2,2,4,6,699.2,0,2
2,4,2,10,2,2,6,3,3,6,6,1,1,5,603.8,1,2
3,3,1,1,5,1,5,2,5,6,1,2,4,5,636.5,0,1
4,5,2,4,10,2,7,1,10,8,7,2,3,1,620.9,1,1
1,2,3,2,1,1,6,2,2,7,2,2,1,4,627.6,0,2
0,4,5,1,2,1,1,3,2,7,1,2,1,3,607.2,0,1
3,4,4,3,6,1,10,2,8,8,2,2,3,8,691.9,1,2
4,2,8,5,10,1,8,4,8,8,1,2,2,7,707.2,0,2
5,3,8,7,6,2,8,4,9,8,10,2,8,10,690.4,0,1
3,2,8,1,6,1,8,1,5,7,0,1,1,7,657.1,1,1
3,3,10,10,5,2,9,5,5,8,0,2,3,7,704.9,0,2
3,2,6,10,10,1,7,3,10,7,4,2,8,4,698.9,0,1
4,5,6,4,4,2,4,1,9,8,5,1,6,10,625.8,0,1
5,4,9,5,6,1,6,4,6,8,2,2,9,8,723.8,1,2
5,4,1,7,2,2,10,1,10,7,1,2,2,10,670.0,0,2
3,4,10,5,10,2,8,7,7,7,4,2,4,0,666.0,1,1
4,2,6,7,3,2,6,6,7,6,2,2,7,6,684.5,1,1
1,4,4,4,5,2,9,2,10,9,5,1,6,10,639.8,0,1
2,4,8,10,10,2,10,9,10,7,4,2,10,6,729.5,1,2
5,2,4,7,4,2,8,4,3,8,0,2,2,8,685.8,1,3
4,5,2,5,2,1,2,2,7,7,10,1,1,4,589.5,1,2
4,4,4,9,10,1,4,2,10,7,6,2,4,5,717.6,0,2
3,3,3,0,2,2,1,2,4,6,3,2,2,5,624.4,1,1
2,4,10,10,10,2,8,5,6,7,1,2,2,7,725.3,0,3
3,2,3,10,10,1,9,6,10,8,4,1,8,10,724.6,1,0
3,1,5,10,6,1,10,1,3,8,3,1,3,4,682.4,1,1
1,3,6,5,3,1,6,2,5,8,1,2,1,10,664.1,1,2
1,3,10,7,8,1,3,4,2,8,1,1,8,2,666.9,0,1
1,2,4,1,2,1,5,1,6,7,0,1,1,2,608.0,0,0
5,3,6,5,8,2,7,3,4,8,0,1,1,1,635.0,1,3
3,5,6,7,4,1,5,4,6,8,3,2,3,5,679.6,1,2
1,2,3,2,6,2,6,1,10,6,3,1,2,10,591.6,0,2
5,5,4,10,4,2,7,10,2,4,10,2,10,1,671.2,1,1
1,3,5,8,8,1,5,6,6,5,5,2,9,5,684.1,1,2
2,4,5,7,4,1,10,9,1,8,6,1,7,10,687.1,1,1
5,4,1,2,2,2,6,4,9,7,0,2,0,10,664.7,0,3
2,3,5,4,9,1,6,2,5,6,3,2,2,4,673.9,0,0
5,2,5,10,6,1,8,5,10,8,1,2,5,10,736.5,1,2
1,5,1,1,1,2,0,1,1,7,10,1,1,0,523.7,1,2
5,3,3,3,4,1,7,1,6,7,2,2,6,9,662.4,1,1
1,2,5,5,2,2,1,1,2,8,0,2,0,2,614.2,1,1
1,2,5,1,3,2,1,1,2,7,1,2,0,1,603.8,1,1
2,5,4,6,7,1,10,4,8,8,0,2,3,5,697.0,1,3
4,1,6,10,5,1,7,5,7,8,2,2,8,7,725.7,1,2
3,1,3,3,1,2,2,1,3,7,7,2,1,7,643.1,1,3
5,4,10,7,10,1,10,7,7,8,7,1,8,3,710.4,1,2
3,4,3,3,6,1,6,4,8,6,6,2,4,5,649.0,1,2
4,0,4,10,6,2,7,5,3,7,2,2,3,1,685.6,0,3
1,2,3,5,7,2,8,3,10,4,5,2,5,3,664.3,0,2
1,3,5,5,6,1,8,7,4,9,3,1,7,5,635.2,1,1
4,2,10,7,4,1,7,3,7,7,6,2,4,5,696.6,1,1
5,1,5,5,4,1,3,3,10,7,0,2,10,6,715.9,1,3
2,2,6,3,5,1,8,2,7,9,2,2,5,8,697.0,0,3
2,4,4,7,10,1,4,5,1,6,6,2,1,3,644.2,0,1
4,2,7,10,10,1,2,3,10,7,1,2,0,5,709.1,0,2
2,2,7,8,8,2,6,5,10,6,3,2,5,7,690.2,1,2
4,1,10,10,5,1,10,1,7,8,1,2,10,7,717.2,1,1
5,3,8,8,8,2,4,0,7,8,3,2,3,5,666.2,1,3
5,3,10,10,10,2,10,6,10,8,2,2,8,7,736.5,1,2
2,4,4,10,10,1,9,3,9,6,3,2,4,6,727.4,0,3
5,4,2,3,3,1,4,2,3,7,0,2,2,7,634.6,1,3
1,3,4,10,3,1,7,4,2,8,1,2,5,8,672.0,1,1
5,4,7,10,3,1,5,4,5,8,3,1,6,10,681.1,1,2
4,5,3,1,5,1,6,3,10,7,2,2,1,7,670.0,1,3
2,4,4,10,10,1,10,4,3,8,0,2,2,4,694.3,1,3
2,1,9,10,6,1,9,10,7,6,1,2,10,10,737.2,1,3
4,4,5,10,3,1,6,4,5,8,0,2,5,7,715.1,1,1
3,1,5,3,3,1,8,2,8,7,1,2,2,7,703.6,1,2
3,5,2,5,2,1,10,3,3,7,0,1,10,7,648.2,0,3
2,4,4,6,4,2,3,3,5,8,4,2,1,3,608.0,1,3
1,3,1,2,5,1,6,1,3,7,10,2,2,5,621.0,1,1
4,0,10,2,6,1,9,2,10,6,0,2,2,10,705.5,1,2
1,2,4,2,2,1,3,2,4,8,1,1,4,7,641.8,0,1
5,3,7,5,6,1,7,5,10,8,1,2,7,7,733.1,1,1
4,3,3,10,4,1,9,4,2,7,0,2,10,7,699.0,1,1
2,1,4,4,4,1,6,2,7,8,10,1,3,7,669.6,1,1
3,4,3,10,6,1,5,7,2,7,3,2,8,4,668.4,1,1
2,3,4,2,4,2,7,4,1,6,2,2,2,5,628.9,0,3
0,0,1,1,1,2,10,0,5,6,0,2,0,10,634.8,0,3
4,5,5,3,6,1,5,6,7,6,3,1,3,8,669.2,0,1
3,3,4,4,3,1,1,0,7,9,5,2,0,1,625.6,0,2
5,3,1,10,10,1,3,2,8,7,3,1,3,10,671.3,1,0
5,2,10,10,8,1,8,6,5,8,1,2,10,10,764.4,1,3
0,2,4,1,2,1,4,0,1,7,2,1,1,1,557.7,0,1
2,3,4,7,5,1,3,2,2,6,1,2,2,10,624.0,0,1
3,4,5,6,2,1,8,3,5,7,9,2,1,4,646.9,1,0
2,4,4,3,3,2,7,3,1,8,9,1,5,10,603.8,1,2
5,3,7,5,7,1,8,8,1,8,2,2,4,2,675.2,1,3
3,3,4,2,3,2,8,1,1,6,1,1,0,2,623.8,1,2
5,1,6,4,7,1,7,1,5,6,1,2,3,7,685.8,0,2
3,3,5,10,5,2,8,5,3,6,3,2,10,6,680.3,0,1
3,4,10,4,8,1,5,2,8,7,2,2,1,7,703.6,0,2
2,4,4,2,2,2,8,0,1,6,1,2,0,2,640.8,1,2
2,3,6,4,1,2,5,1,2,7,3,2,1,9,632.7,1,1
2,5,4,0,8,2,7,6,10,7,2,2,0,3,622.4,1,1
4,3,8,8,10,1,5,7,8,6,3,2,4,3,701.7,0,2
2,3,3,1,2,1,9,4,4,5,3,1,1,8,615.7,0,3
3,4,4,7,8,1,6,8,5,6,5,2,6,5,696.0,0,1
5,1,6,4,10,2,8,3,3,8,1,2,2,8,679.0,0,3
4,3,8,7,10,1,6,6,8,6,3,2,3,4,708.5,0,2
3,4,5,1,3,1,7,2,3,7,0,2,1,7,634.6,1,3
2,4,9,5,4,2,0,0,5,5,6,1,1,3,587.0,1,1
5,1,5,10,2,1,7,2,4,7,1,2,3,7,699.4,1,3
4,2,6,4,6,1,7,3,2,7,1,2,3,4,688.8,1,3
4,1,4,1,3,1,5,2,6,6,0,2,3,7,687.7,1,3
2,2,5,10,8,2,3,2,5,6,1,2,4,6,651.8,1,1
2,1,10,7,2,1,1,4,5,8,1,1,7,10,684.5,1,1
3,4,5,2,10,2,5,1,6,7,3,2,1,2,619.9,1,1
1,1,10,0,6,1,8,1,4,8,2,2,1,7,665.6,1,1
3,3,10,10,10,1,2,2,2,6,10,1,2,10,658.0,1,2
2,3,6,7,4,2,8,4,8,7,4,1,3,4,640.7,1,1
2,3,6,2,4,2,0,0,1,10,1,2,0,10,595.7,1,1
3,1,4,4,1,1,9,2,10,9,0,2,6,7,697.6,1,3
5,3,3,3,10,1,2,5,10,7,10,2,0,1,634.3,0,2
2,2,7,7,8,2,10,5,3,7,6,2,4,10,677.1,1,3
0,5,5,2,6,1,2,4,2,7,3,2,0,1,591.9,1,1
1,2,7,5,7,1,8,3,4,8,3,2,5,7,696.2,1,1
5,4,3,4,5,1,7,5,10,6,2,1,6,4,652.8,1,1
2,5,1,0,1,1,1,1,4,10,1,1,4,10,606.5,1,1
3,3,1,9,5,1,9,1,6,7,0,2,1,7,682.8,0,2
2,4,1,3,3,1,3,2,10,7,3,1,2,4,629.2,1,1
2,4,6,5,6,2,2,0,4,6,2,1,1,3,614.2,0,2
5,3,2,3,4,1,5,10,1,9,7,1,5,10,680.5,1,3
3,5,2,4,4,1,5,1,6,6,0,2,0,10,658.8,1,3
3,4,3,1,6,2,8,5,3,7,4,2,1,3,649.9,0,1
3,5,4,7,8,1,0,1,2,7,4,1,2,10,619.1,1,1
2,2,3,10,3,2,8,6,8,8,5,2,8,1,671.5,1,1
4,4,2,2,2,1,7,5,5,7,1,2,1,5,643.5,1,2
5,2,10,3,8,1,9,1,4,9,0,2,2,10,708.3,1,1
2,3,8,10,4,2,8,4,5,8,0,2,4,10,706.6,1,2
2,2,5,6,6,1,7,5,10,5,3,2,5,8,703.6,0,3
1,5,3,10,10,2,3,4,1,6,10,1,8,5,611.9,0,2
4,5,10,10,5,2,2,2,3,5,7,1,6,10,651.2,1,2
3,4,1,3,3,2,2,1,5,6,7,1,2,10,602.5,0,1
4,3,2,4,2,2,8,3,5,9,5,2,0,10,615.0,1,2
4,2,5,10,5,2,8,2,3,6,2,2,5,0,682.0,1,2
5,4,5,8,4,2,8,1,8,7,1,2,1,4,671.3,1,1
3,5,3,3,2,2,5,3,3,5,10,2,1,4,573.0,1,3
4,4,0,1,4,1,3,0,2,8,3,2,1,6,619.3,0,1
5,3,10,6,10,1,8,5,10,7,2,2,4,10,724.4,1,1
5,2,10,3,2,1,8,8,7,7,2,2,4,8,720.4,1,1
4,4,6,7,3,2,4,4,2,7,3,1,1,5,627.6,1,3
5,1,10,7,10,1,7,3,10,8,1,2,8,10,750.1,0,1
5,5,1,7,4,2,2,2,4,6,5,2,1,4,639.7,1,2
3,1,1,4,3,1,2,2,9,7,5,2,4,6,639.2,0,3
3,3,7,10,7,2,5,7,6,8,10,1,3,8,667.7,1,2
5,3,6,2,3,1,8,6,10,7,5,2,2,3,685.3,1,1
2,4,5,8,9,1,3,1,3,7,3,2,3,7,663.5,0,1
4,3,7,2,4,2,5,4,5,8,6,2,5,5,648.8,0,1
4,5,5,9,6,2,7,6,8,8,7,2,4,5,688.5,1,3
3,4,8,10,5,1,4,1,4,6,6,2,1,6,672.0,1,1
2,2,5,3,10,1,2,3,7,6,2,2,2,7,687.9,0,1
4,3,5,4,3,2,0,3,3,6,2,1,5,2,598.7,1,0
3,3,4,6,5,1,4,6,5,6,6,2,5,6,668.8,1,1
3,2,5,5,5,1,5,5,5,5,5,2,4,7,670.3,1,0
4,1,7,3,1,2,5,3,6,7,3,2,0,7,645.4,1,3
3,3,2,4,4,2,1,1,3,6,3,1,4,9,600.4,0,3
1,3,2,2,2,2,1,0,1,8,0,2,1,2,578.3,1,2
2,1,2,2,2,2,8,1,5,7,0,2,1,8,618.0,0,1
3,5,3,10,5,2,8,7,3,6,5,1,6,3,629.3,0,2
5,1,10,10,5,1,9,7,10,8,1,2,6,10,763.7,1,3
5,5,3,10,1,2,4,1,2,8,0,1,1,6,605.7,1,3
3,4,2,3,3,2,9,5,7,6,4,2,7,7,648.8,0,3
3,3,2,3,6,1,7,1,8,7,1,2,2,4,662.8,1,1
5,5,4,10,10,2,6,2,5,6,6,2,0,10,650.1,1,3
4,4,4,4,5,1,7,2,3,8,4,1,1,5,660.3,1,1
4,4,4,4,5,1,7,2,3,8,4,1,1,5,662.0,1,1
4,4,5,10,3,1,2,1,2,6,1,2,1,3,641.0,1,3
4,2,10,10,4,2,8,4,8,7,1,2,3,7,712.1,1,3
3,3,2,1,4,1,6,3,7,9,2,1,1,7,605.2,1,0
4,5,8,6,8,1,8,6,7,7,1,2,5,3,711.9,0,1
3,2,3,8,10,1,6,4,7,7,0,2,8,6,734.0,1,0
5,0,8,10,2,1,10,3,8,7,0,2,7,10,737.6,1,3
3,1,2,3,10,1,7,4,10,7,0,2,7,7,731.2,1,0
3,1,10,5,10,1,9,7,10,7,2,2,7,8,734.6,1,1
5,2,10,5,7,1,8,5,5,8,0,1,8,5,699.8,0,1
3,3,10,3,7,1,2,1,5,8,1,2,1,10,676.0,1,1
4,2,1,0,5,1,4,1,8,7,1,2,2,10,679.8,0,1
2,4,4,10,5,1,9,1,5,6,1,2,4,5,672.2,0,2
5,3,3,6,10,1,3,4,10,7,3,1,2,4,658.1,0,1
5,3,3,6,10,1,3,4,10,7,3,1,2,4,658.1,0,1
2,5,3,3,10,2,2,1,10,5,7,2,1,2,591.4,0,2
5,2,4,10,10,2,3,2,7,6,1,1,3,8,657.3,1,3
2,1,4,1,2,1,5,5,10,8,1,2,1,8,668.5,1,2
5,1,3,4,10,2,10,1,9,8,1,2,3,10,717.6,1,1
2,2,7,2,4,1,9,1,8,8,1,2,3,10,669.8,1,3
5,2,3,10,8,2,10,2,5,7,2,2,7,10,713.2,1,3
2,3,6,10,5,2,9,3,6,8,4,2,6,4,691.5,0,1
5,2,3,4,2,1,4,2,10,9,2,2,7,7,689.1,0,1
5,2,10,4,8,1,10,1,1,6,5,1,1,0,645.9,1,1
1,4,5,10,10,2,8,5,2,6,7,2,5,3,654.6,1,2
5,2,5,10,9,1,7,4,5,7,3,2,4,6,704.7,0,1
0,2,7,10,10,2,8,4,2,7,5,2,2,8,670.1,0,1
1,3,5,5,4,1,8,2,1,8,4,2,8,7,663.3,1,1
4,3,3,5,10,2,7,5,6,6,1,2,6,7,665.6,1,3
2,3,4,7,6,1,4,5,2,7,2,1,5,7,659.9,0,2
5,3,7,4,4,2,5,3,5,7,1,2,4,10,660.5,1,2
2,4,4,5,10,2,0,0,2,6,3,1,3,0,590.0,0,2
2,1,5,8,3,1,8,6,8,7,4,2,3,7,686.6,0,1
1,3,6,0,2,1,0,0,2,6,3,1,1,2,571.3,0,0
1,2,4,4,7,1,6,5,10,8,2,2,2,10,680.4,0,0
2,2,10,10,10,2,8,3,3,7,3,2,5,5,711.1,1,2
2,4,3,2,10,1,0,2,9,6,5,2,2,9,645.8,0,0
4,1,4,10,5,1,6,4,5,8,2,2,5,10,725.3,1,2
1,3,2,2,2,2,5,4,3,6,1,2,0,10,615.7,0,2
4,1,10,10,10,1,10,3,10,6,0,1,10,4,748.0,0,2
5,4,10,5,10,1,4,2,7,6,3,2,2,10,677.7,1,3
3,3,10,7,5,2,10,3,6,9,6,1,2,10,674.7,1,0
2,2,10,5,6,2,10,4,6,9,6,1,3,10,681.5,1,0
4,4,3,5,10,2,6,4,6,6,0,2,5,7,672.4,1,3
4,3,6,4,7,1,7,2,8,7,5,2,3,7,656.0,1,1
1,2,3,2,3,2,4,6,5,7,5,1,1,8,612.9,0,1
3,1,6,1,6,1,10,4,7,7,2,2,5,6,683.0,1,3
2,2,2,6,1,1,3,3,3,9,0,2,1,4,629.9,1,2
2,5,4,7,6,1,9,2,10,8,8,2,1,7,682.1,1,3
2,2,2,5,1,1,3,2,3,9,0,2,2,4,628.2,1,2
5,1,8,4,6,1,8,3,10,8,0,2,2,5,717.8,1,1
3,1,9,2,10,1,7,2,10,8,2,2,2,7,716.1,0,1
3,1,7,5,8,2,7,4,8,8,2,2,2,8,680.0,0,2
1,4,2,2,1,1,2,0,1,6,3,1,1,2,581.3,1,1
2,2,5,2,10,2,6,2,1,7,2,2,1,7,647.8,0,1
3,2,5,10,5,1,8,3,5,8,3,2,3,7,696.4,1,0
3,1,5,10,10,1,9,10,10,6,2,1,7,9,751.4,1,2
2,3,1,0,3,1,3,0,7,6,2,1,0,10,611.4,1,1
5,1,10,2,1,1,8,3,9,7,1,2,1,4,698.7,0,2
3,3,10,5,9,1,7,3,7,7,1,2,6,4,725.5,0,1
2,2,2,4,2,1,3,2,3,9,0,2,3,2,629.9,1,2
3,1,4,10,10,2,10,4,6,7,6,2,6,10,703.2,0,3
4,1,10,7,6,1,9,2,2,6,1,2,2,2,683.5,1,3
1,2,8,4,3,1,8,2,7,7,1,2,1,7,684.7,0,1
5,0,8,8,10,2,10,4,10,7,1,2,2,8,732.9,1,2
2,2,3,10,3,2,7,4,2,7,5,2,5,3,653.1,1,1
2,1,2,2,10,2,1,6,3,6,0,2,3,3,622.5,0,3
1,4,4,8,6,1,7,3,6,6,1,2,2,9,660.5,1,1
1,4,3,1,5,2,1,0,1,4,7,1,0,7,569.0,1,1
3,4,6,10,10,1,4,4,1,8,10,2,2,5,641.2,1,2
5,5,4,9,4,1,4,7,4,7,1,1,5,6,673.9,1,1
2,3,6,4,4,1,1,2,10,6,0,1,3,0,605.2,0,1
1,4,8,1,10,2,5,1,1,6,3,2,1,7,603.4,0,1
0,5,1,8,3,2,1,5,1,6,7,1,2,1,542.2,1,2
3,2,5,10,7,2,7,1,3,8,1,2,5,7,682.4,1,3
1,5,3,2,3,2,1,0,3,10,2,2,1,10,587.6,1,1
4,5,10,9,7,1,4,8,7,8,0,1,1,7,701.9,1,2
3,4,6,6,5,2,4,2,5,9,3,2,1,6,666.0,0,2
2,4,6,6,10,2,6,3,4,7,1,2,8,10,714.7,1,2
4,3,10,9,9,1,7,6,5,8,2,2,5,8,735.5,1,2
3,3,2,3,4,2,8,1,6,8,3,2,3,4,635.4,1,1
5,0,10,10,2,1,9,2,7,9,2,2,3,10,734.4,1,3
5,3,5,7,6,1,7,7,10,8,5,2,2,7,711.0,1,2
3,4,4,7,10,1,6,5,2,7,8,1,8,3,658.2,1,1
3,2,8,7,5,2,8,8,10,6,1,1,2,2,652.8,1,1
1,2,5,10,7,2,5,4,4,6,3,2,1,3,653.3,1,3
1,4,5,3,3,1,1,1,4,7,1,2,2,3,641.6,1,2
5,3,3,3,3,2,0,1,3,7,2,2,0,9,621.0,0,3
2,3,3,2,2,1,3,0,3,8,2,2,3,8,626.3,0,1
4,4,4,4,3,1,6,5,4,8,7,1,6,4,638.4,1,1
5,2,10,3,10,1,8,2,10,8,5,1,8,10,722.9,0,0
4,5,2,7,10,1,3,1,8,6,8,2,1,2,632.0,1,2
1,2,5,0,1,1,3,2,2,8,1,2,2,4,595.5,0,1
2,2,10,3,2,2,9,3,4,9,0,2,5,7,665.8,0,3
3,1,4,3,5,1,5,3,4,10,2,1,4,4,642.2,1,0
4,3,7,4,10,2,8,5,7,6,4,2,6,10,699.8,0,3
3,3,10,7,10,1,10,1,5,8,0,2,3,5,701.5,1,1
3,1,8,9,10,1,6,9,4,8,1,2,8,6,737.0,0,1
3,4,2,7,1,1,7,2,5,8,2,2,5,10,677.7,1,2
2,4,3,6,10,2,4,3,3,5,3,2,6,7,658.0,1,3
2,4,2,3,3,1,10,4,10,9,2,2,0,10,650.0,1,2
3,2,4,2,1,2,4,0,6,9,2,2,3,10,659.4,1,2
5,3,5,5,5,2,7,3,5,7,1,2,2,5,675.8,1,1
3,5,10,10,6,1,9,9,1,6,1,1,10,10,710.5,1,3
2,5,10,5,10,2,5,3,1,8,2,1,9,4,634.4,1,2
3,2,1,2,7,1,10,6,3,8,4,2,4,5,651.8,1,2
5,2,4,2,5,1,7,1,10,8,1,2,2,4,694.0,1,3
2,5,2,1,2,2,1,0,1,8,1,2,0,3,564.7,1,2
2,3,8,10,5,2,10,8,4,8,2,2,4,10,721.7,0,2
2,1,2,2,2,1,6,4,9,6,0,2,6,2,657.7,0,2
2,5,4,6,6,2,8,4,3,8,9,2,1,4,609.3,1,1
3,1,4,2,7,1,6,5,2,6,6,2,1,10,673.3,0,2
1,0,4,7,5,2,6,6,10,5,1,2,6,10,696.8,0,3
4,4,10,5,10,1,5,5,5,7,6,2,5,3,697.9,1,1
3,1,5,10,4,1,8,6,1,5,1,2,10,10,744.3,1,1
1,2,3,1,1,2,7,1,2,7,1,2,2,1,600.4,1,3
4,5,10,10,5,1,8,8,8,7,5,2,8,10,739.3,0,1
2,3,3,2,7,2,5,2,5,8,2,2,8,1,638.6,1,1
4,5,4,3,4,2,1,5,7,6,6,1,3,2,608.0,1,1
1,2,4,10,10,2,5,10,3,8,3,1,10,10,687.5,0,2
3,2,4,4,4,1,8,3,8,9,1,2,1,8,710.8,1,1
3,4,7,2,6,2,2,7,6,7,7,2,6,0,653.9,0,2
2,1,6,6,8,1,8,2,7,7,1,2,5,6,701.7,1,2
5,2,3,10,10,1,3,2,6,6,0,1,1,7,697.9,1,2
0,5,0,6,10,2,2,5,6,7,3,1,0,5,594.4,1,1
4,2,5,6,3,2,7,2,5,6,5,1,5,6,639.9,1,2
4,0,8,8,3,1,8,3,9,6,0,2,1,7,720.6,1,2
5,5,3,10,1,2,5,7,4,8,1,1,1,10,641.8,1,3
1,3,1,10,5,2,3,4,1,6,8,1,3,5,583.0,1,2
5,3,10,10,10,1,6,0,10,6,5,1,10,4,703.8,1,1
2,2,5,10,2,1,9,1,6,9,1,1,2,10,666.2,1,1
3,5,6,10,10,2,8,9,10,7,3,2,7,8,712.5,0,1
2,3,5,5,10,1,8,6,10,7,0,2,4,7,721.0,0,2
1,4,4,10,10,1,10,4,8,8,1,2,2,10,688.5,1,3
5,1,10,10,3,2,3,4,3,7,0,2,5,3,697.5,1,3
3,4,5,2,5,1,2,1,9,8,5,1,1,10,639.4,1,1
2,2,4,9,10,2,7,8,10,8,0,1,8,10,709.3,0,1
4,2,8,6,10,1,5,4,8,7,8,2,5,10,703.6,1,2
4,2,7,2,10,1,6,2,7,8,1,2,2,10,708.7,0,1
2,2,10,10,10,1,10,10,2,7,4,2,9,8,760.2,0,2
1,3,7,2,2,1,4,0,10,7,0,1,0,10,617.3,0,1
3,3,6,3,10,1,9,5,10,8,0,2,6,9,717.8,1,3
5,4,4,6,2,1,4,6,1,9,2,1,9,6,644.8,1,0
4,1,7,9,7,2,7,8,10,7,2,2,3,7,736.3,0,2
5,1,2,3,2,2,6,0,5,9,1,1,2,10,637.1,0,3
3,5,6,10,6,2,10,5,6,6,8,2,10,4,675.8,0,1
2,2,6,10,0,1,4,1,2,6,7,2,3,10,644.4,1,2
3,4,10,10,10,1,6,10,5,6,10,2,5,10,741.9,0,3
4,3,9,6,7,2,3,3,1,6,6,2,2,4,651.0,0,0
5,2,2,3,1,1,1,0,2,10,5,2,2,7,636.7,1,2
2,0,0,6,3,2,2,4,3,9,7,2,3,7,636.7,0,2
3,3,8,3,10,1,4,2,3,7,1,2,4,10,690.7,0,2
4,1,4,2,0,2,7,3,3,8,0,2,7,10,670.5,1,3
2,2,5,5,4,1,4,1,1,6,5,2,0,5,622.1,1,1
5,4,8,5,6,2,10,3,2,8,7,2,1,10,687.3,1,1
2,3,4,6,3,1,8,3,10,6,1,2,4,8,697.0,0,1
4,4,6,2,2,1,9,4,1,8,8,1,4,4,632.7,1,2
5,1,10,10,5,1,9,1,8,8,1,2,5,10,737.8,1,2
3,4,7,10,2,2,7,3,4,7,2,2,4,10,673.9,1,1
1,3,2,4,1,1,5,4,1,7,10,1,2,0,586.6,0,1
3,4,4,5,3,2,9,5,1,8,3,1,2,10,651.4,1,3
5,4,10,10,10,1,7,6,6,7,7,2,2,10,721.9,0,1
2,1,6,8,5,1,5,5,2,7,4,2,5,5,673.5,0,1
3,3,2,10,2,2,8,2,3,8,5,2,2,10,680.7,1,3
2,3,7,5,10,1,8,5,7,8,2,1,10,8,710.4,0,1
4,5,2,1,2,2,6,6,6,6,4,1,5,0,601.0,1,2
1,4,2,5,4,1,3,6,10,7,3,1,3,6,636.0,0,1
5,2,7,2,8,1,1,1,4,7,2,2,1,5,679.0,0,1
3,1,10,10,2,1,7,4,10,8,4,2,4,7,746.7,1,3
3,2,10,10,10,1,6,10,10,8,5,1,8,10,741.6,1,1
2,1,2,7,2,2,3,3,5,9,5,2,5,10,638.8,0,2
5,2,10,8,10,1,10,3,6,8,9,2,8,2,705.1,1,2
3,3,2,0,1,1,4,2,3,4,9,2,2,4,601.7,1,1
4,3,4,10,10,2,10,2,10,6,0,2,1,5,702.1,1,3
1,1,8,2,4,1,6,2,6,8,0,2,3,10,694.9,0,1
5,2,6,8,10,1,9,6,8,7,4,2,2,8,751.2,1,1
3,2,3,10,10,2,8,8,7,6,0,2,9,9,733.8,1,3
2,1,6,5,4,1,9,2,9,8,4,2,2,6,693.8,0,2
3,4,7,10,10,1,4,4,6,8,2,2,7,8,679.6,1,3
2,1,4,6,10,1,3,5,5,7,0,2,4,4,679.2,1,2
2,1,6,0,5,2,0,0,4,10,5,2,7,1,615.0,1,1
1,4,8,7,10,1,8,5,3,8,8,2,1,7,670.5,1,3
5,4,10,10,6,2,1,2,9,6,4,2,4,2,669.6,0,2
1,4,5,8,4,2,4,1,4,7,6,2,8,1,617.8,1,3
2,2,5,10,1,2,3,2,5,10,1,2,3,5,637.3,1,2
4,0,5,7,5,1,8,3,8,6,2,2,0,10,705.1,1,3
2,3,5,6,4,1,5,4,1,7,1,2,2,7,675.0,1,3
3,3,2,10,5,1,5,1,3,7,2,1,1,10,634.6,1,1
3,5,6,10,4,1,5,3,5,6,4,1,7,10,677.3,1,1
3,1,9,5,3,2,7,6,2,6,5,2,6,2,642.7,1,1
4,2,7,10,6,2,4,5,10,6,1,2,5,10,724.2,1,3
3,4,3,10,10,1,9,6,3,7,2,2,10,7,726.4,1,2
3,2,10,3,4,1,7,5,6,8,1,2,4,10,718.7,1,1
3,2,6,6,7,2,8,5,7,6,1,2,6,7,694.7,0,3
3,2,7,10,4,1,10,3,8,8,0,2,6,5,715.7,1,1
1,1,4,3,3,2,0,4,3,10,0,1,0,8,585.9,0,0
4,4,5,10,8,2,3,1,1,5,8,2,1,3,608.3,1,2
4,5,2,0,1,1,3,0,8,6,8,1,1,5,586.1,1,1
5,3,7,10,6,1,6,7,10,5,5,2,5,8,713.8,1,2
2,5,4,6,3,2,4,4,1,7,2,2,2,9,639.3,1,2
5,1,4,10,7,1,5,5,5,7,3,2,3,3,699.6,1,3
1,1,2,6,2,2,3,1,4,7,6,2,2,8,641.6,1,3
3,2,4,5,1,1,9,3,5,8,1,2,8,10,732.1,1,1
4,4,10,1,10,2,7,3,6,8,2,2,3,1,655.8,1,0
4,4,10,1,10,2,8,3,6,8,3,2,3,3,662.6,1,0
4,3,5,10,7,1,7,0,10,6,1,2,1,7,674.9,1,2
1,3,3,6,6,2,9,1,1,8,0,2,1,4,622.5,1,3
1,1,8,4,3,1,8,3,4,9,0,2,5,10,687.9,0,1
5,2,5,5,10,1,8,5,10,8,0,2,8,10,729.7,0,0
4,3,4,7,2,1,7,5,6,6,1,2,4,6,670.7,1,3
1,2,5,5,10,2,9,5,10,8,7,2,2,2,653.2,1,2
4,4,6,8,6,2,10,2,3,6,7,2,2,10,680.3,1,1
5,3,7,7,10,2,10,9,9,7,4,2,6,9,734.4,1,3
4,2,8,8,4,1,5,5,6,7,0,2,9,10,749.1,1,3
1,3,5,5,10,1,9,2,8,8,3,2,1,10,683.4,1,2
1,4,5,5,5,1,3,1,1,7,2,1,3,7,617.2,0,1
2,4,7,3,4,1,6,5,5,7,3,2,4,6,660.5,0,1
3,2,5,3,5,2,5,5,7,7,3,1,1,7,626.9,1,1
1,3,2,2,3,2,0,3,2,10,0,1,0,10,585.7,1,1
2,3,2,4,7,2,4,6,3,7,1,2,5,3,643.1,0,3
5,1,8,10,8,2,8,8,2,7,0,2,8,10,751.7,1,3
3,1,10,5,8,2,10,5,5,5,0,2,7,7,692.4,0,1
3,5,3,5,3,2,4,5,10,7,7,2,3,10,637.7,0,1
2,3,3,3,6,1,5,6,9,6,1,2,2,6,678.1,1,2
2,3,7,3,8,1,3,5,5,7,1,2,1,10,667.3,0,1
3,3,5,7,2,2,1,2,5,7,6,1,5,2,609.5,1,3
2,0,5,5,6,2,4,5,5,8,1,2,6,5,672.6,0,1
3,4,5,5,4,2,7,3,2,7,3,2,4,2,629.3,1,2
5,1,2,0,2,1,1,0,5,7,0,2,2,10,633.3,1,1
3,2,10,10,7,2,9,2,6,7,2,2,3,10,740.6,1,2
5,4,1,3,1,1,2,0,5,7,0,1,2,7,607.8,0,1
2,4,3,10,10,2,6,6,5,7,0,2,8,7,692.8,0,3
2,3,6,8,10,2,4,6,8,8,1,1,9,6,659.6,1,2
2,3,5,5,2,1,6,5,6,5,6,2,1,4,660.3,1,2
2,4,5,3,2,2,5,2,2,6,7,2,2,5,613.8,0,2
2,4,2,2,2,1,5,2,4,9,5,1,3,5,619.9,1,1
2,1,1,4,10,2,5,2,2,8,1,2,2,8,653.3,0,3
2,2,2,3,4,2,7,3,5,6,2,2,1,3,633.1,1,1
3,2,4,2,3,1,6,1,2,8,2,2,9,2,648.2,1,1
1,3,2,3,4,1,1,6,3,5,6,1,1,3,598.5,0,2
2,4,10,6,5,2,4,5,4,7,1,2,2,1,653.5,1,3
5,2,8,0,1,1,8,2,5,10,2,2,3,10,688.3,1,1
4,3,5,4,5,1,8,2,3,8,2,1,2,10,665.4,1,1
4,4,2,8,1,1,2,0,2,10,0,2,1,0,604.4,1,1
2,3,5,3,5,2,3,1,5,5,3,2,2,2,614.2,1,2
3,2,2,2,1,1,8,1,10,7,5,2,1,2,668.3,0,2
1,5,7,2,10,2,8,3,6,7,2,2,0,1,611.4,1,2
4,3,7,1,5,1,5,1,10,8,0,2,1,10,690.6,1,2
2,5,4,2,10,2,8,2,1,7,5,2,1,7,625.7,1,2
3,2,6,5,5,1,5,3,10,6,1,2,3,10,688.5,0,1
2,3,4,3,5,2,2,0,7,7,1,2,1,10,637.1,0,1
3,3,4,4,2,1,3,1,10,5,0,2,2,6,635.6,0,3
1,4,8,5,10,2,6,4,6,6,5,1,3,6,609.5,1,1
1,4,8,8,5,2,6,2,1,6,2,1,9,4,627.2,1,0
3,2,3,4,3,1,6,2,9,7,1,2,2,5,669.8,0,2
0,3,8,7,4,2,5,4,1,1,5,1,5,4,604.1,1,1
3,3,4,2,5,2,1,0,4,7,1,2,0,10,634.8,0,1
2,2,2,3,5,2,7,3,6,6,1,2,3,8,657.1,0,1
4,3,3,10,10,2,10,10,7,7,3,2,1,2,671.1,0,3
2,3,4,10,4,2,7,4,5,7,4,2,1,4,657.1,1,1
2,4,3,10,5,2,2,1,3,7,2,1,6,5,604.0,1,1
4,3,4,5,2,1,3,1,1,8,2,1,3,5,629.3,1,3
5,2,7,10,10,2,3,3,8,7,4,1,6,1,656.0,1,3
4,5,6,3,5,1,10,3,2,7,4,2,2,7,668.4,1,3
4,2,3,10,3,1,7,2,9,7,2,2,6,8,707.2,1,1
5,3,6,10,6,2,8,8,7,7,8,2,7,6,700.0,0,1
5,2,7,5,3,1,3,4,3,8,1,1,5,10,670.5,1,1
1,0,6,5,4,1,3,4,10,7,1,2,6,10,705.7,0,3
4,0,1,2,2,1,5,1,2,5,0,1,8,10,645.9,0,1
1,5,0,5,3,2,2,1,3,6,0,1,2,0,557.9,1,1
2,5,5,0,2,1,3,0,2,7,8,1,2,1,580.0,0,2
2,0,4,3,2,2,4,1,7,6,0,2,1,7,647.1,1,3
5,5,6,10,10,2,5,2,10,8,10,2,2,5,646.4,0,2
2,5,10,10,10,1,10,10,8,7,7,2,1,5,715.5,1,2
5,3,1,2,1,1,8,2,10,7,0,2,2,10,698.9,0,3
0,5,3,5,5,1,6,1,10,4,9,1,2,7,591.2,1,3
3,2,4,8,10,1,7,10,5,5,8,1,5,8,682.2,1,1
1,4,4,0,3,2,3,1,1,5,2,2,0,0,574.3,1,3
3,0,8,8,10,2,4,5,10,8,2,2,8,7,704.2,1,1
1,4,5,5,10,2,5,5,2,5,2,1,8,3,642.5,0,3
1,3,10,3,10,2,5,1,8,8,0,1,2,4,634.1,1,1
3,4,7,6,3,1,3,4,8,6,4,1,3,5,626.9,0,1
2,4,5,10,4,1,4,6,6,7,5,1,4,7,670.9,1,3
2,3,3,1,2,1,0,1,4,7,0,1,1,6,597.4,0,1
3,2,5,0,10,1,7,1,5,8,1,2,1,10,696.4,1,3
5,1,10,2,3,2,5,1,6,7,8,2,2,5,636.9,1,3
2,2,7,7,8,2,8,7,10,7,3,2,3,10,726.1,0,1
3,1,2,3,4,2,1,1,7,7,5,1,1,1,582.7,0,3
5,0,10,2,3,1,7,3,3,8,1,2,3,10,711.3,0,1
2,4,9,5,3,2,9,0,7,7,4,2,1,10,635.4,1,3
1,5,6,3,1,2,9,2,1,7,8,2,1,8,608.7,1,3
1,5,3,2,6,2,6,1,3,6,2,1,2,4,583.4,1,2
2,4,6,2,10,1,6,1,5,8,5,2,1,4,659.0,1,0
2,2,5,6,2,1,6,3,10,8,5,2,6,7,688.9,0,3
1,3,5,3,3,1,8,1,2,7,1,2,1,7,653.1,1,2
5,4,10,10,7,1,7,2,8,7,10,2,2,5,700.2,1,2
2,1,10,7,6,1,8,3,2,8,3,2,6,10,697.5,0,1
1,4,0,3,8,2,1,2,8,6,10,1,0,3,569.1,0,2
2,5,3,10,10,2,3,1,7,6,2,1,1,3,606.3,1,2
1,2,6,8,8,2,10,1,2,6,5,1,4,1,629.1,1,2
2,2,3,10,3,2,8,3,6,5,2,2,3,10,685.8,0,2
2,2,3,10,4,2,8,3,6,5,4,2,3,8,675.6,0,2
3,1,7,7,5,2,5,2,7,7,2,2,2,5,657.5,1,3
5,4,8,7,6,2,8,6,1,6,2,2,5,7,676.5,1,3
2,5,5,4,7,1,3,2,3,6,1,1,4,3,614.0,0,1
3,3,8,5,9,2,6,4,4,6,3,1,3,8,655.0,1,2
5,2,4,4,3,2,3,4,5,7,1,1,5,10,670.7,1,3
5,5,8,6,7,2,8,1,5,7,8,2,7,10,670.7,1,0
4,3,2,4,4,1,7,2,7,8,9,2,3,3,654.3,0,2
5,3,6,3,5,1,1,3,3,9,1,2,4,10,660.5,1,1
4,1,10,3,3,1,7,8,2,5,0,2,6,10,720.7,1,1
0,4,3,5,5,2,10,1,1,5,10,2,7,3,625.3,0,2
4,4,3,2,1,1,8,6,4,7,3,2,4,4,653.5,0,2
0,4,3,0,10,2,2,3,10,7,3,1,0,1,585.0,0,0
2,1,1,0,5,1,7,3,8,8,0,2,2,7,652.8,0,0
5,3,10,3,5,1,6,3,5,8,3,1,3,7,653.9,0,1
3,3,6,10,10,2,6,8,10,7,5,2,6,6,724.4,0,2
4,2,2,10,2,2,7,3,10,5,3,2,2,10,698.5,0,3
1,1,2,1,2,2,2,1,6,7,4,2,0,10,601.2,0,2
2,3,3,10,10,1,3,4,6,6,1,1,4,10,655.4,0,1
3,4,5,6,10,2,3,9,5,7,2,2,10,4,694.5,1,2
2,4,10,4,6,1,5,1,5,7,0,2,1,3,640.1,0,1
2,3,6,7,8,1,6,5,6,9,4,2,7,7,698.5,0,2
3,1,10,10,10,2,6,6,10,7,5,1,10,6,710.8,1,1
4,4,7,8,10,1,8,5,10,6,3,2,6,5,710.6,1,1
5,3,10,10,10,2,9,9,5,6,6,2,8,9,738.5,1,2
0,1,1,1,2,2,1,1,6,7,3,2,1,8,596.1,0,2
2,2,5,10,6,2,0,6,7,7,0,1,6,0,621.8,0,2
2,2,5,10,5,2,3,7,5,7,1,2,6,8,716.6,1,2
4,4,7,7,9,2,7,8,8,8,8,2,8,8,705.5,1,2
4,0,3,3,10,2,4,3,8,6,1,1,1,6,632.0,0,1
5,4,10,10,2,2,8,1,10,8,10,2,1,10,654.9,1,2
5,1,5,10,5,1,7,7,10,7,1,2,1,6,738.0,1,2
3,2,9,9,6,2,8,7,5,8,7,2,8,10,718.5,0,2
3,5,10,5,10,2,8,1,10,6,8,1,0,7,612.0,1,3
2,1,4,10,3,1,10,1,5,6,1,2,4,5,675.6,1,3
3,1,1,2,10,1,9,1,10,8,0,2,1,5,670.2,1,1
0,5,4,6,1,2,5,1,4,4,10,2,1,1,581.5,1,2
4,3,5,10,10,1,10,10,10,6,0,2,10,10,753.1,1,3
5,4,6,9,10,2,6,4,8,7,4,2,5,4,700.2,1,2
5,0,10,10,10,1,10,7,3,8,0,2,10,10,794.6,1,3
4,1,5,10,5,2,7,4,4,6,1,1,6,10,694.1,0,3
2,2,0,0,6,2,8,1,1,3,1,2,0,4,568.8,0,2
3,4,6,10,10,2,10,8,1,6,2,2,6,2,664.6,1,3
1,3,10,2,10,1,4,2,7,5,1,2,2,10,665.6,0,1
4,2,5,10,10,1,10,4,10,6,0,2,8,10,751.4,1,3
1,4,10,3,7,1,10,5,8,7,8,1,5,10,696.8,1,1
2,4,8,10,10,2,6,10,3,6,1,2,6,5,671.8,1,3
3,1,3,10,3,2,7,5,3,8,3,2,6,10,680.7,1,2
4,3,4,5,4,2,2,5,7,8,2,2,2,8,649.2,1,3
4,4,1,2,2,2,4,1,2,6,1,2,0,4,588.3,1,3
3,2,7,2,3,2,5,2,7,7,0,1,2,10,652.4,0,3
0,3,7,3,10,1,2,3,9,7,4,2,8,9,663.0,1,2
3,4,7,8,10,1,8,3,5,7,7,2,1,3,691.1,1,3
2,4,2,3,6,2,8,4,5,8,1,2,6,7,669.2,1,2
3,3,6,5,4,1,5,4,8,6,5,1,8,7,686.4,0,2
4,4,2,7,4,1,4,3,4,6,8,2,4,8,641.4,1,1
1,1,5,0,6,1,2,4,1,10,9,1,3,1,607.6,1,1
2,4,2,3,10,2,8,6,5,7,4,1,8,4,631.6,1,2
3,1,10,8,7,2,10,9,10,7,0,2,10,10,766.9,0,1
4,4,5,3,4,2,10,4,8,7,1,2,2,3,645.8,0,2
5,3,3,0,2,2,3,4,3,8,1,2,5,7,605.9,0,3
4,3,6,5,3,1,0,0,8,7,0,2,0,7,656.0,1,3
2,5,0,7,5,2,6,1,6,9,0,2,2,3,635.6,1,0
5,2,10,10,10,1,3,3,10,5,10,2,4,7,722.3,0,1
3,2,10,7,10,1,9,8,8,7,3,2,7,8,741.0,1,1
2,2,5,5,4,1,8,2,5,7,1,2,2,7,658.8,1,2
1,3,4,4,2,2,6,1,1,7,1,2,2,1,607.0,0,2
3,3,3,8,8,2,7,8,4,7,5,2,7,7,692.6,1,2
3,3,5,5,8,1,8,3,10,7,1,2,3,8,680.2,1,3
4,3,7,5,10,1,5,1,7,7,5,2,1,10,708.5,1,2
5,3,2,1,2,2,3,2,4,6,3,2,0,10,615.9,0,2
5,3,5,8,6,2,9,3,3,7,1,2,6,5,690.7,1,3
3,2,5,3,4,1,8,1,8,8,2,2,2,5,697.0,0,3
4,3,10,7,10,1,9,6,10,5,1,1,2,7,710.4,1,3
2,4,4,4,4,2,4,5,5,8,2,2,6,4,645.4,1,2
5,1,8,10,9,1,4,3,9,8,4,2,4,4,724.4,1,1
3,4,6,4,5,2,4,5,1,6,3,1,6,3,611.9,0,1
4,2,3,6,5,1,10,2,10,8,0,2,4,10,733.1,1,1
1,1,6,10,6,2,4,1,3,6,3,1,10,3,661.6,1,1
2,2,5,5,10,2,10,1,7,6,1,2,1,2,648.8,0,2
3,3,10,10,10,1,6,6,10,6,5,2,5,4,720.8,1,2
1,4,1,2,1,1,3,2,6,4,1,2,7,3,604.0,0,1
2,5,3,3,3,1,3,1,4,7,1,1,1,3,597.4,1,1
3,4,7,6,5,1,6,2,8,7,4,2,1,10,681.5,0,2
3,3,2,8,10,1,9,4,10,6,4,1,1,8,683.4,1,3
2,5,8,10,8,2,7,1,5,7,3,2,5,8,663.9,0,2
3,2,4,5,4,1,7,4,4,8,3,2,6,8,692.8,1,1
3,3,2,4,3,2,8,7,9,6,4,1,3,3,613.5,1,1
3,1,6,7,5,1,8,3,10,7,2,2,8,6,709.1,1,1
3,2,6,4,5,2,9,6,5,5,2,2,5,7,687.3,0,2
2,3,4,4,2,2,3,3,2,6,3,2,10,2,598.5,1,1
0,0,10,10,10,2,10,10,1,8,0,1,10,4,704.1,0,1
1,2,9,10,9,2,8,4,2,6,1,1,2,4,658.0,1,2
3,3,10,6,10,2,9,2,8,6,3,1,2,2,669.4,1,2
5,2,5,4,10,2,7,4,3,6,4,1,8,4,675.2,1,2
1,3,7,10,4,2,7,1,6,6,0,2,1,7,658.8,1,2
4,2,5,10,10,1,5,6,3,8,1,1,8,3,663.7,0,1
5,1,3,0,2,2,2,3,4,7,0,1,5,3,614.4,1,1
3,1,10,10,5,2,10,8,7,8,0,2,8,10,754.6,1,2
3,3,10,10,10,2,3,6,8,6,7,2,2,5,696.6,1,2
1,5,6,10,8,2,7,2,2,8,7,2,1,5,632.9,1,2
2,4,3,3,2,2,3,5,2,4,3,1,5,6,594.7,1,2
2,2,10,6,6,1,1,0,10,8,4,2,4,3,687.2,0,3
3,4,3,7,4,2,7,6,3,8,4,2,5,5,648.4,1,2
3,1,8,4,7,2,7,1,7,8,2,2,3,7,684.9,1,3
4,3,10,8,5,2,7,3,1,6,5,1,1,5,656.1,1,2
1,5,2,8,2,1,4,1,6,4,6,2,4,2,614.2,0,1
5,5,10,10,10,2,10,10,10,10,10,2,10,10,752.2,0,2
2,2,10,3,8,1,1,3,6,6,1,2,6,5,646.9,0,2
1,2,3,2,2,1,1,3,6,6,2,2,2,2,619.7,0,2
1,3,6,10,10,2,4,10,6,8,5,1,8,10,677.9,0,1
5,3,5,10,2,2,7,2,5,8,1,1,3,10,662.4,1,2
1,3,5,2,3,1,7,3,3,7,3,2,3,3,634.6,1,1
3,5,3,9,10,2,3,1,10,6,2,1,0,3,640.9,0,0
2,5,10,3,10,1,0,0,10,8,5,1,1,10,661.7,1,0
2,5,10,3,10,1,0,0,10,8,5,1,1,10,661.7,1,0
2,4,7,5,5,2,7,6,2,7,3,2,6,6,665.0,1,0
2,5,10,4,6,1,9,2,2,6,2,1,1,6,649.5,0,0
3,4,5,7,10,2,3,2,5,8,1,2,8,3,670.9,1,2
3,3,3,4,3,2,8,5,4,7,2,2,2,3,646.7,0,1
2,1,6,0,2,2,5,1,8,8,0,2,1,2,622.2,0,1
3,2,8,5,6,2,3,5,4,7,1,1,4,1,641.6,1,1
4,3,6,10,2,2,8,4,6,6,4,2,4,5,674.1,1,1
2,2,2,2,1,1,3,2,5,4,1,2,3,5,629.3,1,2
1,3,4,7,10,1,9,6,2,7,4,1,3,9,682.0,1,1
3,1,4,6,4,1,8,6,10,7,2,2,2,6,700.6,1,3
1,2,2,3,2,2,4,1,7,8,2,2,1,1,611.8,1,1
2,4,7,10,6,2,5,8,4,7,4,2,4,3,651.8,1,2
3,2,3,0,10,1,6,1,8,8,3,2,1,10,661.3,0,2
2,3,8,8,10,2,8,3,4,7,3,2,2,5,662.0,1,2
5,4,6,9,10,2,6,5,10,7,0,2,1,7,705.7,0,2
5,5,8,6,9,1,6,1,4,8,6,2,1,7,658.8,1,1
4,2,2,3,4,1,6,1,4,6,3,2,2,1,632.9,1,3
5,5,3,0,3,1,5,4,10,7,0,2,4,7,629.2,1,0
4,2,10,10,10,1,5,6,10,7,5,2,6,10,761.8,1,1
2,5,3,3,4,1,1,5,4,7,9,2,2,0,611.0,1,1
1,5,0,10,2,1,2,1,1,5,2,2,1,0,598.1,1,2
3,2,10,9,10,2,8,5,7,6,3,2,6,8,727.0,1,2
3,4,10,6,10,1,7,3,9,7,2,2,8,6,731.0,1,2
2,2,4,5,5,1,7,6,10,5,1,2,6,3,696.8,0,3
3,3,10,6,10,1,7,4,8,8,3,2,6,10,724.2,1,2
3,4,5,10,10,2,5,3,10,6,4,1,2,7,664.7,0,2
3,4,7,6,10,2,6,3,5,6,2,2,5,6,679.0,1,3
5,1,10,10,10,2,4,6,3,8,5,2,6,2,716.4,1,2
5,3,6,10,7,2,5,6,4,8,3,2,7,5,709.8,1,3
5,0,6,6,1,2,6,8,1,6,5,2,7,7,640.8,1,3
2,3,5,10,6,2,5,5,8,7,1,1,4,10,696.8,1,2
4,1,10,10,10,2,7,1,10,7,5,1,3,4,692.1,0,2
1,4,10,5,10,1,7,2,10,6,5,2,0,3,668.1,1,2
1,1,4,10,10,1,10,2,3,8,0,2,2,6,714.7,1,0
4,2,4,10,10,1,10,10,10,7,1,1,10,7,751.6,0,2
3,1,10,8,10,2,7,8,10,8,1,2,6,10,733.1,1,3
1,4,10,6,6,2,8,5,3,7,3,2,6,2,680.5,1,2
2,3,5,10,3,1,10,1,5,8,1,2,1,7,687.9,1,1
5,3,5,9,6,2,7,9,9,6,2,2,9,10,735.9,0,3
3,3,10,6,10,2,9,9,6,7,5,2,4,5,704.9,1,2
3,4,3,10,5,2,9,4,6,7,1,1,4,7,653.9,1,3
1,5,5,10,2,2,7,5,10,6,4,2,3,7,668.1,0,1
2,3,10,4,10,1,10,6,1,6,10,1,3,10,683.3,1,2
3,3,3,3,10,1,10,6,10,6,3,2,9,7,736.1,0,2
4,3,3,2,2,2,7,4,4,10,1,1,6,7,633.7,1,1
2,5,3,10,10,2,2,0,5,9,3,2,1,3,642.2,1,1
2,4,9,7,7,1,8,4,7,6,8,2,2,10,682.8,1,3
2,5,1,2,5,1,8,1,2,6,8,2,0,2,629.1,0,2
2,4,10,8,10,2,5,5,5,7,7,2,8,4,662.2,1,2
5,3,5,4,6,2,6,3,6,8,2,2,2,4,643.9,1,1
4,3,3,1,1,1,8,1,1,5,3,2,5,10,661.0,0,1
5,3,5,5,3,1,4,2,10,7,0,2,5,10,704.0,0,1
2,2,10,10,4,2,7,7,5,6,7,2,8,0,675.6,1,1
1,1,4,2,3,1,5,2,5,8,4,1,1,3,631.8,0,1
3,3,5,9,8,1,10,5,7,7,1,2,10,10,744.2,0,2
3,1,10,6,5,2,9,4,9,8,0,2,10,5,726.1,0,1
1,4,7,4,3,2,0,2,1,5,5,1,2,3,586.2,1,1
4,4,10,5,10,1,7,5,10,7,1,2,2,7,719.3,1,1
2,2,3,3,10,2,5,9,5,7,1,2,9,5,686.0,1,2
2,4,7,7,9,2,4,0,2,6,7,2,4,5,607.0,0,3
3,2,8,5,10,1,6,1,3,6,2,2,2,7,682.0,0,2
2,5,4,10,10,2,5,2,10,2,10,1,5,2,636.7,0,2
5,1,10,6,9,1,9,8,10,8,2,2,9,7,763.7,1,2
1,3,9,10,10,2,9,7,2,7,1,2,7,7,719.4,0,3
2,4,8,3,1,2,3,2,2,5,1,1,0,0,581.3,1,2
3,2,1,5,1,1,1,1,10,8,0,2,4,4,651.5,0,2
3,3,1,5,8,1,5,1,7,7,7,2,1,5,664.3,0,2
2,1,5,8,2,2,10,4,5,7,2,2,5,10,709.8,1,3
2,5,5,6,9,2,8,2,10,6,10,2,4,2,620.5,1,1
3,2,7,8,10,2,7,9,8,8,1,2,8,6,725.9,1,1
2,1,3,5,5,2,7,8,6,6,4,1,6,10,680.9,0,2
3,4,4,3,10,2,4,2,10,7,3,1,5,1,610.5,1,1
2,2,7,10,8,2,7,6,5,7,2,2,5,10,694.5,1,1
2,5,10,10,10,2,7,3,5,5,1,2,3,10,700.9,0,2
0,4,3,6,4,1,6,3,1,6,2,2,2,1,622.1,1,1
1,1,10,2,1,1,4,5,8,5,0,2,2,10,691.3,0,1
1,2,5,2,2,1,4,5,8,5,0,2,2,10,681.1,0,1
4,2,3,8,4,1,7,1,8,8,3,1,2,4,647.7,1,1
1,2,10,5,8,1,1,1,10,8,2,2,2,8,687.2,1,3
4,4,4,6,6,1,8,4,5,7,3,2,2,3,674.1,1,2
3,1,7,4,10,2,3,8,8,6,0,2,2,7,660.9,0,3
5,2,5,2,4,1,2,1,5,8,1,2,2,10,686.2,0,3
3,4,9,10,10,2,6,7,6,6,1,2,8,7,716.6,0,2
1,4,6,3,10,1,6,5,10,7,6,2,2,6,685.3,1,1
3,3,10,10,4,2,6,1,4,8,0,2,2,7,697.9,1,3
3,3,3,10,7,2,10,8,5,8,3,2,8,5,720.2,1,3
2,1,5,4,4,2,0,2,1,6,0,1,6,2,586.4,1,2
3,5,3,7,10,2,3,3,8,6,3,2,1,1,640.5,0,1
5,3,5,10,2,1,7,0,6,7,2,2,8,5,693.0,1,1
2,3,7,7,9,1,6,7,5,8,3,2,7,6,696.4,1,1
4,4,3,8,6,2,7,7,1,6,7,1,1,0,608.5,1,2
1,2,10,5,10,2,5,5,3,8,1,2,5,10,670.5,1,1
4,4,5,8,5,1,9,8,6,7,6,2,3,9,718.5,1,3
3,1,10,3,10,2,1,1,4,5,10,2,1,10,644.6,1,2
4,2,6,10,10,1,3,1,3,8,3,1,1,4,655.2,1,1
5,1,7,5,6,1,8,1,5,9,2,2,8,1,698.3,1,1
2,3,6,6,10,1,3,5,2,7,3,2,3,10,678.6,1,1
2,4,2,4,4,2,6,5,8,6,5,2,0,0,638.8,1,2
0,5,5,6,10,2,6,0,3,5,0,2,0,2,598.5,1,2
3,4,5,10,10,2,10,8,6,7,9,1,8,5,662.4,1,1
2,0,8,4,7,1,9,8,10,8,6,2,9,9,716.1,0,1
3,5,10,9,6,1,5,5,5,5,1,1,6,5,660.1,1,3
4,1,10,8,4,1,9,2,6,8,1,2,2,3,701.7,1,3
4,2,5,1,5,1,5,5,10,9,7,2,2,3,661.9,1,1
5,3,8,8,8,2,9,8,7,7,8,2,7,7,708.5,1,1
4,2,10,7,10,1,9,4,5,8,5,2,5,6,708.3,1,2
2,2,9,9,5,2,7,4,5,8,2,2,5,5,672.6,1,3
2,4,6,9,9,1,9,10,8,4,5,2,9,4,723.4,1,3
1,5,5,2,2,1,1,0,2,10,9,1,0,10,563.6,1,1
1,3,5,5,10,2,3,7,6,5,1,2,10,3,651.8,0,1
2,3,5,5,6,1,3,5,8,8,3,2,3,8,680.0,0,1
4,2,10,10,10,2,10,8,7,8,2,2,8,6,749.5,0,3
2,3,10,6,5,2,5,6,3,8,2,1,6,7,651.8,0,1
1,5,4,2,4,1,1,1,5,9,0,2,1,5,608.2,1,1
5,1,6,10,6,1,10,9,9,6,1,2,10,10,771.6,1,3
2,1,5,7,6,1,3,1,5,7,2,1,3,7,643.5,1,1
4,4,5,7,7,1,7,8,5,7,8,2,4,6,687.7,1,3
5,3,8,10,10,2,9,6,10,7,4,2,7,10,729.5,1,3
5,1,7,10,5,1,5,2,10,7,2,2,2,10,717.6,1,2
2,3,10,8,10,1,9,3,8,8,0,2,1,3,697.0,1,1
3,3,4,1,5,1,7,0,4,7,1,2,1,2,636.5,0,1
3,4,7,4,8,1,9,1,4,7,3,2,3,7,673.9,0,1
2,4,9,4,7,1,7,3,2,8,3,2,2,4,672.0,1,1
5,1,8,4,8,1,7,2,8,8,2,2,7,5,717.4,0,1
2,0,0,0,1,2,3,2,1,7,4,1,6,10,610.4,0,1
5,3,8,10,4,1,10,2,4,8,3,1,2,10,684.3,1,1
4,4,6,7,10,2,7,4,5,8,3,1,3,4,645.4,1,1
5,5,7,5,5,1,10,2,6,7,1,2,10,10,721.9,0,1
5,2,3,3,5,1,7,2,8,8,1,2,3,8,666.4,1,3
1,3,10,8,10,1,5,6,5,9,5,2,5,5,711.9,1,1
3,1,10,10,10,2,9,5,8,7,2,2,8,10,734.2,1,3
4,2,5,10,5,1,7,3,4,7,0,2,3,10,723.2,1,3
4,3,3,7,5,2,7,7,5,8,3,2,7,3,676.0,1,2
4,3,3,0,2,1,5,1,3,7,3,2,1,7,626.1,0,2
1,4,5,2,6,2,2,1,2,8,6,2,6,1,610.8,1,2
5,2,10,10,2,1,7,4,5,6,5,2,5,10,706.2,1,3
1,3,2,2,10,1,1,5,4,7,0,1,1,8,619.5,1,1
4,2,5,5,3,1,10,3,10,5,1,2,3,6,701.9,1,2
1,5,8,2,3,2,4,0,7,8,1,2,0,1,615.2,1,3
2,3,5,8,9,2,4,5,5,6,3,1,4,3,650.1,1,3
2,3,9,6,6,2,7,5,7,7,3,2,4,4,677.9,0,2
1,5,4,8,3,2,2,4,10,6,2,2,3,5,629.0,0,2
2,1,4,8,7,2,5,4,6,5,2,1,5,4,662.0,0,2
2,5,2,8,10,2,8,2,5,8,5,2,8,2,638.6,1,2
3,5,2,10,10,2,8,8,5,8,4,2,8,8,660.7,1,2
3,3,10,7,10,2,8,2,6,8,3,2,10,10,703.4,1,2
2,1,10,10,10,1,10,10,10,7,1,2,10,10,789.0,0,2
3,3,10,10,10,2,6,7,6,9,3,2,5,9,722.3,1,1
2,4,0,3,3,2,4,2,10,5,1,1,4,4,598.2,0,1
4,0,3,10,5,1,7,8,10,7,0,2,8,10,755.0,0,3
4,1,5,3,3,2,9,3,9,8,1,2,4,4,692.1,0,2
1,5,10,10,10,2,6,5,10,5,3,1,3,0,623.7,1,2
4,3,10,10,8,2,5,6,10,7,3,2,4,5,721.0,1,2
2,1,10,8,10,1,10,8,1,9,0,2,7,0,751.9,0,3
1,2,7,4,1,1,9,0,5,9,4,2,4,10,649.0,1,3
1,2,3,7,3,2,7,10,10,6,2,2,1,7,693.6,0,1
4,2,3,9,6,1,7,5,3,8,2,1,2,6,663.7,0,1
1,5,10,10,10,1,0,7,1,8,10,1,6,1,622.5,1,2
2,2,7,9,8,2,7,5,4,8,3,2,8,3,667.3,1,2
1,5,10,10,10,1,1,2,1,7,10,1,5,4,625.7,1,2
2,4,7,5,3,1,5,2,8,8,3,2,2,4,673.2,0,1
5,5,3,10,8,1,4,2,8,8,10,1,3,10,666.4,1,1
4,3,6,3,4,2,7,2,5,6,3,2,2,9,662.0,1,1
2,2,4,5,10,2,8,10,6,7,1,2,9,7,677.7,0,1
3,3,10,10,10,1,5,7,10,7,1,2,10,5,755.0,1,2
2,2,6,2,8,1,4,3,7,6,8,2,1,7,686.2,0,2
2,1,5,8,4,1,7,4,3,8,1,1,7,7,692.6,0,2
4,3,5,5,8,2,5,5,10,8,9,1,8,10,648.1,1,1
3,4,6,5,10,1,8,2,7,8,2,2,5,9,735.9,1,2
5,5,1,10,10,2,5,1,10,7,1,2,2,1,654.7,0,2
3,3,4,10,6,1,5,4,4,7,2,2,4,9,694.3,1,1
3,3,3,3,10,2,4,3,6,6,1,2,4,7,660.5,1,1
5,1,9,3,3,1,2,8,10,6,0,2,2,1,722.5,0,2
5,3,6,10,10,2,7,5,10,7,2,2,5,4,673.4,1,1
3,3,8,8,8,2,5,1,9,7,5,1,2,6,664.7,1,2
3,1,5,2,4,2,7,1,1,8,10,1,1,7,614.0,1,2
1,4,0,2,4,1,3,3,5,6,0,2,2,3,594.0,1,3
1,4,6,3,2,2,5,4,2,5,2,2,8,6,627.2,1,2
2,2,10,10,10,2,6,6,10,7,3,1,7,7,697.2,1,1
3,3,8,10,5,2,6,3,9,6,4,2,2,10,681.5,1,3
5,2,5,5,8,1,8,5,5,8,5,2,1,3,681.1,1,1
2,2,10,10,10,1,10,4,2,7,5,1,5,10,695.6,1,1
2,4,3,9,10,1,7,4,8,6,5,2,6,7,708.5,0,3
4,2,10,10,10,2,8,3,3,9,2,2,4,7,720.0,1,2
4,3,6,4,10,2,7,1,4,8,5,2,2,5,652.0,0,2
2,2,10,10,10,2,8,5,5,6,5,2,5,10,740.2,1,2
2,3,10,5,4,1,4,5,5,10,7,2,3,8,688.3,1,2
2,2,3,10,6,1,10,1,3,8,3,2,2,3,672.2,1,2
2,2,5,3,4,2,7,1,9,7,1,2,1,7,656.2,0,1
1,5,4,4,4,2,6,2,5,6,8,2,3,4,624.6,1,2
4,1,7,5,7,2,8,9,10,8,1,2,8,8,733.1,0,3
2,3,8,4,7,2,7,3,5,6,5,2,2,5,651.8,0,3
1,3,5,3,10,2,9,4,6,7,5,2,6,7,659.0,1,3
4,2,5,6,7,2,9,2,6,8,2,2,4,5,689.8,1,3
4,0,7,8,7,2,10,10,8,8,1,2,8,8,729.3,0,2
2,4,4,6,3,1,10,0,5,9,7,2,1,2,652.4,1,2
1,2,8,10,5,1,9,10,6,6,1,2,8,7,708.1,1,1
2,5,1,5,4,2,4,2,3,7,8,1,10,2,561.5,0,1
2,3,6,8,10,2,1,7,10,7,7,2,8,10,670.0,1,1
3,2,6,6,6,2,6,4,3,8,2,2,5,10,660.3,1,1
3,2,7,3,10,1,8,2,5,7,1,2,1,7,674.1,0,1
4,5,1,10,10,1,8,4,9,6,0,1,0,1,630.5,1,1
5,2,5,10,2,1,8,4,5,7,2,1,1,7,689.4,0,1
2,3,4,4,5,2,4,1,5,7,2,2,1,7,607.8,1,2
5,4,10,10,4,1,6,1,6,7,10,2,0,10,652.2,1,3
3,3,6,5,6,2,2,5,1,6,2,1,5,6,628.9,0,2
2,5,5,10,10,2,9,4,5,5,1,2,3,4,695.8,0,2
2,5,4,10,10,2,9,4,5,5,1,2,3,3,692.4,0,2
3,3,10,9,9,2,5,5,8,7,6,2,8,6,708.7,1,1
1,2,7,9,7,2,3,2,2,7,1,1,3,6,637.8,1,1
3,5,10,5,10,1,9,1,5,5,8,1,2,10,648.2,0,2
3,3,4,8,10,2,9,3,8,7,2,1,2,10,649.2,1,3
0,3,5,1,5,2,5,5,6,7,2,1,6,8,614.8,1,1
4,3,2,10,1,1,6,1,4,7,2,2,5,7,665.4,0,2
2,1,10,10,10,2,5,8,10,9,2,2,4,9,714.6,1,2
2,3,7,4,2,2,7,2,3,8,1,1,1,9,639.9,1,0
3,4,7,10,10,2,3,1,9,8,1,2,4,5,675.1,1,1
4,5,2,5,4,2,2,3,6,6,6,2,1,5,619.7,1,3
1,3,0,6,5,2,2,1,6,6,0,1,0,2,572.1,1,2
0,1,3,10,8,2,7,4,1,9,3,2,2,4,634.6,1,2
2,2,1,2,1,2,7,1,8,9,9,1,1,8,605.4,0,1
3,0,3,2,2,1,2,1,5,9,0,1,10,6,638.8,0,0
1,4,3,1,5,2,5,2,1,7,2,1,3,5,581.5,1,1
1,3,2,3,9,1,7,2,7,8,8,2,2,5,647.5,1,1
3,3,10,7,6,1,7,0,10,7,4,2,4,7,710.8,1,2
2,5,4,2,7,2,8,1,2,8,5,1,1,9,607.4,1,2
1,4,4,10,9,2,8,5,5,7,4,2,2,7,662.2,1,3
1,2,6,6,8,1,5,5,1,6,5,1,8,5,652.7,1,1
4,5,4,10,10,2,4,8,5,8,2,2,3,5,670.9,1,2
2,3,6,2,2,2,2,3,1,8,1,1,1,0,583.4,1,1
4,4,5,6,5,2,6,5,3,5,6,2,6,6,654.6,0,3
4,3,10,10,10,2,9,3,9,8,2,2,4,6,687.0,1,1
4,2,10,7,6,2,7,3,10,7,3,2,5,6,678.5,1,1
4,3,10,10,10,1,8,4,6,8,3,2,8,4,730.6,0,1
5,5,2,4,10,1,3,2,10,7,2,2,4,9,707.4,0,1
2,5,2,7,10,1,3,3,7,6,1,2,5,6,674.3,0,3
4,4,3,9,2,1,7,2,5,7,3,2,3,7,665.6,1,1
4,3,10,6,3,2,8,3,2,8,3,1,3,5,641.4,1,1
5,2,8,2,7,1,10,2,6,8,2,2,3,10,711.9,1,0
5,3,10,10,5,1,9,2,10,7,1,2,8,8,763.5,1,3
5,3,8,6,10,1,8,2,10,8,0,2,6,7,733.1,1,0
3,4,5,10,2,1,8,1,10,8,3,1,1,2,671.9,1,0
2,5,0,4,2,1,5,1,2,5,4,2,3,10,618.7,0,1
1,3,1,2,2,1,3,1,1,7,10,1,2,5,593.4,1,1
3,1,7,5,4,1,8,1,3,8,1,2,5,4,685.8,1,2
5,2,8,10,10,1,9,1,10,7,8,2,2,10,715.9,1,3
5,2,8,10,10,1,9,1,10,7,4,2,2,10,721.0,1,3
5,5,4,10,10,2,9,1,1,7,0,2,0,1,649.5,1,3
4,2,2,1,10,1,7,0,7,7,4,2,2,8,654.1,0,3
5,1,10,3,4,1,8,3,1,7,0,2,10,2,717.5,0,1
5,1,10,4,7,1,8,1,1,7,3,2,10,1,712.4,0,1
3,3,7,6,10,1,6,6,6,8,0,2,0,9,703.4,1,1
3,3,10,9,10,2,8,4,10,5,7,2,8,7,698.5,1,2
3,4,10,8,8,1,5,9,10,7,4,2,4,7,702.3,1,0
4,4,9,7,8,1,5,8,10,7,4,2,4,5,692.1,1,0
5,4,4,10,10,1,3,0,2,7,7,2,0,0,646.3,1,3
1,2,6,6,5,1,10,6,4,8,1,2,6,5,680.9,1,3
4,3,4,10,10,2,6,4,6,7,2,2,6,7,693.0,1,3
2,2,10,10,10,2,8,8,10,8,4,2,7,10,733.1,1,1
2,3,2,10,10,2,5,8,5,8,3,2,6,10,694.7,1,1
5,4,2,10,10,2,8,6,5,8,2,2,7,5,659.0,0,3
3,2,0,1,1,1,0,0,1,8,8,2,0,0,563.0,0,3
5,1,8,10,10,1,10,7,10,8,1,2,10,5,780.7,1,3
3,3,5,4,4,1,8,3,10,6,6,2,5,6,654.5,0,1
1,3,5,4,8,1,5,5,2,6,9,2,3,4,639.3,1,2
1,5,2,2,1,1,4,1,1,6,5,2,0,3,579.6,1,3
1,4,7,4,4,1,8,1,8,7,1,1,3,5,649.2,1,2
2,2,5,6,10,2,6,7,8,8,4,1,10,9,697.0,1,2
2,1,4,0,3,2,3,4,7,8,0,1,1,3,601.6,1,1
2,2,4,4,10,2,5,7,4,7,5,2,6,2,656.9,1,1
2,4,4,4,7,1,6,7,6,5,5,1,3,5,663.7,1,2
3,4,4,6,8,2,6,5,5,8,3,2,3,6,648.8,1,2
0,5,5,5,10,2,7,6,2,7,10,1,2,5,605.5,1,3
3,5,6,6,6,1,8,1,10,5,8,2,6,5,696.8,1,1
1,4,7,8,4,2,7,3,1,8,4,2,1,2,637.8,1,2
0,5,2,10,10,1,8,3,8,5,3,2,10,7,665.8,1,3
5,4,3,2,6,2,8,3,6,7,3,1,0,5,626.7,0,1
2,1,4,1,10,2,6,2,10,6,1,2,4,5,664.7,1,1
3,5,10,10,10,1,9,4,5,6,3,2,1,2,672.2,1,1
3,3,8,10,10,2,8,8,6,6,3,2,5,5,733.6,1,1
4,5,2,3,8,1,0,1,10,5,7,1,1,5,618.6,0,3
3,2,10,10,10,1,8,6,10,7,3,2,7,10,768.6,0,1
3,3,5,5,10,2,6,2,10,7,2,2,1,2,678.5,1,1
3,4,4,10,5,2,5,1,4,6,1,1,0,3,627.8,1,3
1,2,3,3,6,2,7,1,10,7,6,2,0,4,632.6,1,2
0,3,6,4,7,1,9,9,6,8,1,2,8,7,691.5,0,3
5,2,8,6,9,2,9,6,10,7,2,2,8,10,731.2,1,3
2,3,10,5,10,1,8,5,10,8,4,2,4,4,695.7,1,3
4,5,4,5,5,1,3,5,4,6,1,2,2,5,643.1,1,1
1,2,5,10,10,1,8,4,9,9,4,2,1,10,724.6,1,2
4,2,1,2,2,2,7,3,2,7,1,1,3,5,612.3,1,1
5,2,2,0,4,1,5,1,7,6,10,2,3,7,655.6,0,0
2,3,3,1,4,1,6,1,2,8,2,2,3,5,621.0,0,0
1,4,7,2,3,1,5,1,2,7,2,2,0,0,600.4,0,3
4,2,10,10,8,2,7,8,10,7,3,2,8,7,724.4,1,3
4,3,2,3,10,2,5,1,4,7,4,2,2,7,639.9,1,2
2,2,3,0,2,1,3,4,8,7,6,1,3,7,605.0,0,1
1,3,1,1,2,1,7,3,1,8,1,1,3,2,612.3,1,3
5,1,10,8,10,2,10,8,10,8,2,2,10,10,762.0,1,3
1,2,5,6,4,1,8,3,1,7,10,2,0,10,661.4,1,3
4,3,10,10,10,2,10,7,6,7,3,2,5,7,725.3,1,3
3,4,9,10,4,1,9,0,10,7,0,1,0,3,663.2,1,2
2,3,2,6,2,2,5,1,1,5,2,2,1,2,586.2,1,3
5,5,8,10,10,1,8,1,7,7,2,2,1,10,703.4,0,3
3,5,2,2,3,1,7,2,8,6,3,2,3,10,655.8,0,1
0,2,0,3,4,2,2,2,2,8,1,2,0,10,643.1,1,2
3,3,10,10,4,1,5,1,6,7,5,1,1,8,682.8,1,2
2,2,0,7,2,2,6,4,5,8,3,2,1,10,647.1,1,3
1,3,3,7,3,2,4,3,3,5,1,2,3,7,615.5,0,1
2,2,5,2,6,2,7,2,3,7,1,2,3,7,656.7,0,1
5,3,4,8,4,1,6,7,10,6,5,2,10,5,695.3,1,1
1,2,6,10,10,1,8,1,8,8,1,2,8,7,686.8,1,1
3,3,6,3,10,1,8,2,9,7,2,1,4,6,659.6,0,3
3,4,10,5,5,1,5,6,8,7,2,1,8,7,688.3,1,1
1,5,4,4,8,1,2,5,1,7,4,1,3,2,590.0,1,1
5,4,4,0,5,2,5,4,7,7,6,2,0,5,628.6,0,2
3,1,6,3,5,1,10,2,5,7,1,2,2,10,692.8,1,3
2,2,4,10,5,2,5,3,7,5,10,1,4,7,626.5,0,1
3,2,4,7,6,1,4,6,8,8,1,2,1,4,676.6,1,2
5,1,4,5,10,2,2,2,2,8,0,2,0,2,677.1,0,3
1,3,5,3,3,2,1,4,1,8,2,1,5,4,578.3,1,1
5,4,6,6,2,1,8,3,10,8,1,1,4,6,673.6,1,2
3,3,7,10,4,1,5,4,10,8,4,1,2,5,688.9,1,1
2,3,5,4,4,1,7,3,3,8,4,2,6,8,685.8,1,1
5,5,9,6,10,2,10,5,6,7,6,2,2,8,681.1,1,3
3,3,10,10,10,1,8,5,4,7,0,2,6,10,747.0,1,2
5,4,5,10,10,2,9,4,5,9,1,2,5,5,684.7,1,2
3,1,5,5,3,1,8,7,5,6,3,1,7,10,677.3,0,3
4,3,3,10,10,1,9,5,10,8,7,2,6,7,705.9,1,2
3,4,3,8,10,2,4,4,5,8,0,2,2,7,643.7,1,1
3,2,10,10,6,1,1,2,10,7,2,1,3,5,661.5,1,2
2,5,1,3,5,2,2,5,10,7,10,1,0,1,585.0,1,1
4,1,5,10,2,2,5,10,4,9,3,1,9,10,716.8,1,1
4,3,4,3,2,2,5,2,5,8,4,2,1,5,626.7,1,2
4,2,6,7,2,1,10,4,3,8,1,1,3,5,665.4,0,1
3,2,9,5,7,1,8,4,9,7,2,1,8,5,688.5,1,1
3,1,10,10,5,1,7,3,8,6,0,2,4,9,742.5,0,3
4,4,8,10,6,2,8,3,7,7,1,2,8,5,705.1,1,2
1,3,3,1,10,1,7,8,6,9,7,2,8,7,674.7,1,0
2,2,1,4,3,2,6,1,5,7,2,2,3,6,619.7,1,2
3,5,10,5,10,2,2,1,8,7,1,2,2,4,681.5,1,2
3,5,10,10,7,2,0,3,4,6,6,2,10,3,663.5,1,2
2,2,5,8,9,1,8,8,6,7,4,2,5,9,718.5,0,2
1,4,6,10,3,1,7,2,2,6,7,1,2,5,603.6,1,1
5,3,10,10,8,1,7,5,6,8,2,2,7,10,744.2,1,3
5,5,4,10,10,1,10,2,4,8,2,2,2,7,709.8,1,2
2,4,1,1,1,1,1,4,5,9,0,1,7,10,609.9,0,2
2,1,10,4,10,1,10,6,10,6,2,2,4,4,710.6,0,2
2,3,6,10,5,2,7,3,7,7,6,2,5,5,681.3,1,3
5,2,2,0,1,1,3,0,6,7,0,2,1,10,626.7,0,3
1,5,4,8,10,2,3,7,6,6,9,2,2,2,648.6,1,1
2,2,2,1,1,1,7,1,5,6,7,1,10,7,621.2,0,1
3,4,6,3,8,1,7,6,6,9,2,2,2,2,649.2,1,0
2,4,5,3,8,2,8,8,10,8,3,2,6,10,716.1,1,0
5,2,6,10,10,2,7,4,10,7,2,2,1,10,729.5,1,1
5,2,10,4,10,1,7,8,5,9,1,2,1,4,730.6,1,1
4,3,8,10,8,1,7,6,1,6,3,2,7,5,708.8,1,2
3,3,3,7,9,2,9,9,5,7,1,2,7,10,721.7,0,3
1,2,2,10,8,1,7,6,10,5,1,2,6,3,662.8,1,1
3,4,1,2,2,1,2,0,2,7,5,2,0,3,608.9,1,2
5,1,10,10,3,1,6,2,5,8,0,2,3,10,701.5,1,3
3,5,5,9,8,2,5,1,4,6,3,2,2,2,638.0,1,2
2,3,7,10,7,2,8,0,6,8,2,2,4,3,657.5,1,1
5,4,5,8,10,1,5,6,7,6,0,2,10,5,718.5,0,1
2,2,5,4,5,2,6,4,3,7,0,2,8,7,678.8,1,3
3,4,7,5,8,1,9,3,5,5,7,1,1,5,626.1,1,2
4,3,5,10,10,1,8,4,3,5,2,2,8,10,722.6,1,3
5,2,8,10,7,1,5,7,10,7,3,2,5,8,734.6,1,3
2,5,4,10,5,1,0,1,3,8,10,2,0,3,611.0,1,2
2,5,6,3,5,1,7,2,7,10,3,2,1,4,625.8,1,1
0,2,3,3,10,1,5,2,4,6,3,2,3,5,641.4,1,1
2,5,6,3,5,1,7,2,7,10,3,1,2,3,612.2,1,1
1,2,5,3,2,1,8,1,5,7,0,1,1,4,652.0,1,2
3,1,6,7,1,1,8,2,6,8,4,2,8,8,701.7,0,1
3,1,7,5,4,2,6,3,2,8,7,2,1,7,663.5,1,1
2,4,5,5,2,2,5,0,9,7,10,2,0,4,618.8,1,2
3,1,7,10,10,2,7,3,7,5,1,2,4,7,721.7,0,3
1,0,10,10,1,2,8,1,2,8,10,2,8,2,651.6,1,3
5,2,2,6,2,1,8,5,10,6,2,2,5,7,693.6,1,3
3,2,8,10,10,1,10,4,5,9,10,2,7,7,711.9,1,2
3,4,5,10,3,2,5,1,4,7,3,1,1,7,611.0,1,2
1,3,2,10,5,1,6,1,2,8,5,2,4,2,651.6,1,2
4,0,5,2,2,2,8,4,3,7,1,2,4,3,651.6,0,3
5,0,10,10,10,1,10,10,10,7,0,2,10,10,802.6,1,3
3,1,4,4,10,1,7,8,10,8,2,1,2,7,695.7,1,2
1,5,6,7,3,2,2,6,5,6,2,2,4,4,614.4,1,1
1,3,10,3,1,2,8,5,5,8,5,1,10,10,672.6,1,1
4,3,6,6,10,2,7,4,8,6,3,1,2,7,681.3,1,2
4,3,6,6,9,2,6,8,6,9,5,2,7,7,696.8,1,1
2,0,10,10,10,2,8,6,10,10,1,2,8,10,728.4,1,2
4,5,5,10,10,2,10,10,10,7,1,2,10,10,758.4,1,3
2,5,4,7,10,2,4,2,8,7,1,2,1,2,640.7,0,2
2,2,9,10,2,2,7,6,3,6,1,2,5,8,676.9,0,3
1,2,5,0,3,1,7,1,1,8,0,1,2,3,607.2,1,1
3,2,9,9,9,1,7,6,10,8,2,2,8,6,731.4,1,3
2,2,4,6,3,2,6,3,8,7,7,2,2,3,637.3,1,2
3,4,9,10,4,1,6,5,3,8,0,2,8,4,723.2,1,2
0,2,10,10,10,1,7,2,5,8,1,1,6,8,677.7,1,1
4,1,8,8,10,2,8,8,6,8,4,2,7,8,722.1,1,2
3,4,1,2,10,1,2,0,7,6,2,2,1,1,616.5,1,1
3,5,3,0,2,1,2,0,2,6,0,2,0,10,601.9,0,2
1,1,10,10,10,1,8,7,3,7,1,2,2,10,760.4,0,1
1,4,5,8,10,2,8,6,6,8,1,2,8,7,677.9,1,1
3,3,3,10,4,2,7,5,5,8,3,2,0,10,669.2,1,1
3,4,6,6,10,2,1,5,3,4,2,1,7,5,645.9,0,1
2,1,5,3,3,1,7,1,8,8,3,1,2,7,644.3,1,1
1,2,7,7,10,1,7,2,2,8,1,2,2,3,660.1,0,2
2,5,5,8,6,2,7,1,1,7,7,1,2,9,635.9,1,1
2,3,4,3,6,1,8,4,7,6,2,2,3,7,687.9,0,0
5,3,3,3,5,1,7,2,10,5,3,2,1,10,683.2,1,3
4,4,4,3,2,1,6,1,2,9,10,1,1,10,614.4,1,1
5,3,1,0,10,2,4,1,1,7,1,2,0,0,593.4,0,3
3,2,6,5,6,2,9,1,8,7,0,2,1,4,683.2,0,1
3,1,10,10,10,1,6,2,10,7,1,2,2,8,749.9,1,3
2,3,3,6,3,2,7,5,3,6,7,2,6,3,629.3,1,2
2,1,4,0,2,1,5,2,1,8,0,1,2,2,615.7,1,1
4,5,8,10,10,2,3,2,8,7,5,2,5,4,688.3,1,1
4,5,8,10,10,2,3,2,8,7,4,2,6,4,696.8,1,1
2,2,7,10,5,2,6,6,5,4,3,2,10,5,719.4,1,2
5,2,8,7,4,1,9,4,4,7,1,1,3,4,714.7,0,1
3,3,10,10,10,2,8,8,8,7,0,1,3,9,701.9,0,1
4,4,8,2,9,1,8,3,2,8,1,2,5,3,666.9,1,1
4,2,4,4,3,1,5,7,5,9,2,2,3,8,677.9,1,1
2,3,5,8,9,1,7,7,6,7,1,2,7,5,706.6,0,2
5,5,2,10,10,1,6,5,10,7,5,1,1,10,693.8,1,1
1,2,3,7,3,1,1,2,1,7,2,1,6,10,634.2,1,1
1,3,7,5,9,1,7,4,7,8,2,2,2,10,698.5,1,0
4,3,3,3,10,2,7,1,10,7,1,2,6,3,668.3,1,2
3,3,10,8,9,2,1,4,10,7,4,2,3,1,663.2,1,1
4,5,10,5,7,2,3,5,8,6,2,2,10,10,706.8,1,1
2,2,7,4,3,1,7,3,6,5,0,2,8,4,675.6,0,1
2,1,3,3,3,1,4,1,5,8,1,2,1,5,630.1,1,2
4,4,5,10,3,1,9,10,1,8,4,2,0,2,680.3,1,2
4,4,7,4,3,2,8,5,6,7,4,2,5,5,653.9,1,1
2,3,1,3,2,1,4,1,3,8,3,1,1,7,626.3,1,2
3,5,8,10,10,2,10,8,7,6,3,2,1,4,684.5,1,2
1,1,3,2,3,2,5,0,6,8,2,2,2,10,637.1,0,3
3,1,7,10,4,2,7,0,3,6,3,2,0,7,637.8,0,1
1,2,7,3,2,1,6,4,2,8,1,2,8,5,670.3,1,1
2,5,1,1,0,2,0,2,1,3,10,1,1,0,504.2,1,2
2,5,4,2,10,1,2,4,3,8,5,2,1,3,631.4,1,1
5,4,7,10,10,2,9,1,9,7,1,2,5,3,688.5,1,1
5,5,4,10,4,2,3,8,2,6,10,2,8,4,639.3,1,3
5,4,5,5,2,1,8,2,7,7,2,2,2,10,701.7,1,1
2,0,6,8,6,1,2,2,5,8,0,2,5,5,691.3,0,3
3,1,2,2,1,1,1,3,8,8,2,2,4,10,642.6,1,3
2,2,10,6,10,1,5,4,10,10,1,2,7,10,709.7,1,1
4,2,3,3,6,2,4,1,3,6,2,1,3,5,631.0,1,2
3,3,6,4,10,1,3,0,10,7,1,2,2,7,678.5,0,2
3,4,6,10,4,2,10,6,6,7,0,2,2,10,706.6,0,1
2,1,3,2,10,2,7,3,3,7,3,2,2,8,644.8,1,2
1,4,4,8,5,1,7,8,10,8,7,1,6,8,688.9,1,1
3,3,5,5,4,2,6,6,4,5,5,2,4,6,649.7,1,0
3,4,3,2,2,2,1,3,1,5,3,1,0,3,567.5,1,1
2,2,10,10,10,2,6,8,8,8,1,2,8,7,736.1,0,3
2,4,5,10,10,2,7,3,5,6,2,2,6,5,668.8,0,3
2,5,6,5,3,2,4,3,2,6,5,2,10,10,629.1,1,1
3,5,10,10,7,2,8,10,6,6,10,1,3,10,645.2,0,2
2,4,4,10,4,1,8,4,10,7,2,1,3,4,688.7,1,1
3,2,10,5,4,2,9,4,2,7,1,2,1,10,688.8,0,3
3,4,5,7,4,2,7,4,6,7,5,2,2,5,660.7,0,2
4,1,4,6,10,2,9,1,1,7,2,2,1,5,661.4,1,1
2,2,10,10,7,1,7,3,10,8,1,2,3,7,733.1,1,2
2,3,5,6,2,2,8,3,9,7,5,2,2,3,642.6,0,2
1,3,3,3,2,1,8,6,8,7,5,2,5,3,654.3,1,1
5,2,10,10,3,1,9,3,3,5,0,2,4,8,729.4,1,3
2,3,4,2,7,2,7,4,8,7,2,1,2,4,613.5,1,1
3,4,6,5,5,1,5,4,7,6,4,1,6,8,672.6,1,0
2,2,4,10,10,2,7,6,2,8,1,2,7,4,675.4,1,2
3,0,4,4,5,1,10,1,5,6,3,2,1,10,697.7,1,0
2,3,2,2,2,1,7,5,6,7,1,2,2,7,670.9,1,1
5,2,6,10,6,2,8,6,3,8,2,2,7,8,714.7,1,1
5,5,1,10,10,2,8,9,10,8,1,2,4,10,728.0,1,3
2,4,5,4,2,2,3,3,1,7,6,1,3,3,591.7,1,2
3,2,5,8,7,2,9,9,3,5,5,2,3,5,673.3,1,3
3,1,6,3,2,2,1,1,3,8,6,2,1,3,617.8,1,1
3,2,0,10,0,2,7,10,1,10,1,2,1,10,685.8,1,2
2,3,3,4,2,1,2,2,1,6,3,1,2,5,606.8,1,2
1,1,6,9,5,1,6,6,5,7,1,2,8,8,716.6,0,1
3,2,8,10,7,1,6,2,10,8,3,1,3,10,717.8,1,2
0,4,2,5,5,1,8,3,2,5,2,1,0,4,611.9,1,0
0,4,2,5,5,1,8,3,2,5,2,1,0,4,611.9,1,0
3,5,7,7,1,2,3,2,5,6,6,2,3,4,643.3,1,3
4,5,5,2,3,2,4,3,4,6,4,1,8,3,607.4,0,2
4,2,10,10,10,2,8,8,10,9,1,2,8,10,748.6,1,1
3,5,9,6,7,1,6,5,5,6,6,2,3,8,651.8,1,1
4,3,4,10,6,1,8,1,8,7,2,2,4,8,703.6,0,1
4,3,9,10,8,2,5,3,3,8,7,2,6,2,673.9,0,2
2,5,10,2,5,2,5,1,3,8,4,1,2,4,585.5,1,2
1,3,6,8,4,2,8,3,5,10,3,1,8,3,633.9,1,1
5,4,4,10,9,1,7,5,10,6,3,1,3,6,691.9,1,1
3,3,4,4,10,1,7,5,4,8,1,2,6,3,669.0,1,1
4,2,6,5,6,2,8,5,8,6,7,2,0,4,666.0,1,1
4,4,3,7,10,2,9,3,10,8,0,2,6,5,688.9,0,3
2,2,1,2,1,2,7,8,3,8,1,2,6,7,641.6,1,3
5,3,2,6,4,2,6,2,10,6,4,1,4,8,651.1,1,3
3,1,10,10,10,1,6,3,7,7,1,2,8,4,717.0,1,1
2,3,10,10,10,2,6,8,5,8,2,1,8,8,686.2,1,3
3,4,10,10,8,2,6,1,10,6,7,2,6,7,719.1,1,1
3,3,8,10,10,2,7,4,4,7,0,2,3,6,689.2,1,3
2,3,3,9,4,1,10,5,10,5,9,1,8,5,659.4,0,1
1,5,8,10,10,2,9,3,10,10,3,2,10,0,662.1,0,2
1,3,4,5,10,2,6,8,10,6,7,2,2,7,642.6,1,2
5,5,5,10,10,1,7,7,10,6,6,1,10,10,749.7,1,3
4,3,2,5,2,2,6,2,4,7,1,2,3,4,624.6,1,2
2,4,3,5,10,2,9,4,4,6,2,2,4,10,644.8,1,3
2,1,10,3,7,1,6,2,8,7,6,1,3,10,659.4,0,1
2,2,4,1,4,2,6,2,5,8,4,2,3,8,633.5,0,2
2,1,10,3,4,2,9,0,1,8,1,2,0,1,600.4,1,3
4,1,7,10,10,1,2,3,8,6,2,2,4,7,720.4,1,1
1,2,10,10,7,2,2,3,4,4,0,1,5,7,641.0,0,1
5,3,3,1,10,1,0,4,10,8,6,2,1,5,682.1,1,2
2,2,10,10,8,1,2,5,5,8,5,2,4,5,691.3,1,2
3,4,6,10,10,2,5,2,10,7,2,2,4,7,670.0,1,2
2,3,7,3,4,1,3,3,4,6,0,2,2,3,627.8,1,0
2,1,3,3,10,1,5,3,10,7,0,2,4,3,663.2,0,1
1,3,3,5,7,1,3,0,6,7,1,2,0,8,645.4,1,2
5,1,7,5,2,1,8,5,8,7,1,2,8,3,722.3,0,2
3,1,5,10,10,2,5,5,7,7,3,2,7,10,737.4,1,1
2,2,6,8,5,2,8,2,8,7,4,2,7,9,679.8,0,3
4,1,7,5,7,1,5,6,4,7,4,2,1,10,709.6,1,3
4,4,6,4,6,2,7,4,7,8,4,2,1,2,667.9,0,2
3,4,10,10,10,1,9,7,7,7,5,2,9,7,751.0,1,2
4,4,6,4,5,2,7,1,7,7,3,2,1,2,657.5,0,2
4,3,6,9,7,1,6,1,7,7,3,2,2,6,701.7,1,1
3,2,10,10,10,2,4,5,1,8,1,1,3,5,671.8,1,1
5,2,8,7,3,1,4,7,7,9,2,2,2,10,695.3,1,2
1,1,3,2,4,1,5,3,2,8,1,1,0,7,638.0,0,1
5,4,4,10,10,1,8,6,6,6,10,2,6,10,708.1,0,2
0,4,3,3,4,2,7,3,1,6,1,2,1,5,613.6,0,2
3,3,7,5,8,1,9,3,7,6,5,1,5,8,664.1,0,2
1,1,5,10,10,1,9,10,3,8,0,2,9,10,706.2,1,1
3,3,5,3,5,1,5,2,3,5,9,2,3,3,637.6,1,2
1,4,4,5,4,1,4,1,10,7,0,1,2,7,651.3,1,1
1,2,3,3,0,1,2,0,4,6,2,1,0,0,587.0,1,1
4,1,1,7,5,1,7,5,1,9,1,2,0,5,687.3,1,2
2,4,4,4,6,1,6,4,4,7,3,1,4,3,617.8,0,1
1,5,5,6,3,2,5,0,2,7,3,2,1,10,610.6,1,2
2,3,3,3,5,1,2,1,8,8,1,2,3,5,666.4,0,1
5,3,1,5,1,2,3,2,1,6,1,2,7,10,657.8,0,1
2,4,5,4,2,1,7,2,1,6,1,2,1,5,640.8,1,3
2,3,7,5,5,1,4,3,7,7,2,2,1,4,691.5,1,1
3,3,3,3,1,2,8,6,6,9,2,2,8,10,686.6,0,3
5,2,4,3,6,1,5,2,8,8,0,2,2,3,690.2,0,1
3,4,4,7,10,2,6,6,8,7,2,2,6,6,690.0,1,3
3,3,5,3,10,1,6,1,5,8,3,1,1,8,659.0,1,2
5,3,9,10,10,1,6,2,6,8,4,2,7,6,740.8,1,1
5,1,10,10,10,1,7,2,10,5,2,2,4,7,735.9,1,2
4,2,4,4,6,1,8,2,10,8,5,2,2,5,666.8,1,2
4,2,4,4,6,1,8,2,10,8,5,2,2,5,666.8,1,2
3,1,2,4,3,2,8,5,4,8,2,2,1,5,667.3,1,3
2,5,3,6,3,2,4,1,2,7,2,2,2,4,614.0,1,2
2,2,10,10,10,1,5,8,9,7,3,1,8,5,707.2,1,1
4,4,8,2,5,1,9,6,6,8,2,2,4,6,698.3,1,3
3,4,8,4,2,1,7,1,6,7,5,2,1,10,643.7,0,2
1,4,4,5,4,2,4,1,4,5,5,1,2,2,580.0,1,2
3,2,10,6,10,2,5,8,3,8,1,2,8,8,713.0,0,3
1,1,9,7,3,1,9,8,10,7,1,2,8,4,717.6,1,2
4,4,2,4,9,2,8,1,10,8,1,2,3,7,683.8,0,3
3,1,3,10,10,2,9,5,10,8,1,1,6,7,683.8,1,2
2,5,2,2,3,1,4,2,1,8,4,1,2,1,593.6,1,1
5,3,5,5,4,2,7,2,3,7,5,1,2,6,638.0,1,3
5,2,7,4,7,2,9,9,10,8,2,2,8,7,736.5,1,2
4,1,4,2,2,2,3,2,6,6,4,2,2,7,635.0,1,3
4,3,10,7,4,1,5,1,3,7,5,1,1,10,644.8,0,3
3,3,2,0,2,1,8,2,3,8,4,1,2,10,629.7,1,3
3,4,4,8,8,2,9,2,6,7,8,2,1,3,653.9,0,2
2,3,4,10,10,1,7,3,4,8,1,2,3,2,686.0,1,2
2,1,5,3,10,1,8,2,8,8,2,2,3,7,681.7,0,1
5,1,9,10,10,1,8,3,5,8,2,2,5,10,721.9,1,3
5,3,8,5,10,2,7,4,5,6,2,2,6,10,687.5,1,2
5,0,5,3,7,1,9,4,9,8,4,2,5,9,744.8,0,3
5,3,6,10,6,2,10,6,6,8,10,2,10,6,706.8,1,2
5,5,3,10,4,1,9,2,9,7,3,2,2,10,700.4,1,3
2,2,10,10,3,2,2,2,1,6,1,2,9,10,673.1,0,1
1,2,8,4,4,2,4,1,2,8,1,1,3,8,622.7,1,1
5,1,6,4,4,1,7,2,8,7,2,2,8,9,698.5,1,1
1,5,3,5,3,2,3,3,7,8,5,1,1,5,582.9,1,2
2,1,3,2,10,1,10,4,5,6,2,1,6,5,646.7,0,1
3,1,10,10,10,2,7,4,8,6,1,1,6,10,701.7,1,1
5,5,10,5,4,1,10,5,10,8,3,2,1,7,695.7,1,1
3,3,4,4,3,2,4,1,8,9,3,2,4,3,653.0,1,0
3,2,4,10,2,1,5,0,10,8,2,1,0,4,624.3,1,1
5,2,10,5,8,1,4,3,2,7,3,1,3,10,665.0,1,1
2,5,2,2,10,2,9,1,10,8,3,2,1,10,682.1,0,3
2,3,10,8,7,2,9,9,4,9,4,2,6,7,732.1,1,2
3,3,2,10,6,1,5,4,7,8,2,2,6,10,693.4,1,1
2,2,8,10,7,2,8,6,5,9,2,2,3,7,701.7,1,2
1,3,1,2,0,1,3,2,1,8,3,1,2,3,593.6,1,1
2,4,10,10,10,2,9,5,2,7,1,2,5,3,656.5,0,3
1,1,8,3,8,1,0,3,1,10,1,1,1,3,653.5,0,1
1,1,8,3,8,1,0,3,1,10,1,1,1,3,653.5,0,1
2,4,5,7,4,1,3,4,2,7,3,2,2,5,654.8,1,1
2,3,5,5,7,1,7,3,7,7,3,2,1,3,654.1,0,2
2,2,4,10,10,2,8,5,8,6,5,2,8,3,672.8,0,2
2,1,6,2,5,1,8,5,8,8,3,1,6,9,668.1,1,2
3,3,6,2,3,2,4,1,4,8,3,2,3,9,629.9,0,2
1,3,1,2,4,2,8,7,5,8,2,2,1,3,630.1,1,0
4,3,3,10,7,2,8,4,6,7,3,2,3,10,696.4,1,2
5,5,10,10,10,2,10,10,10,10,10,2,10,10,752.2,0,1
3,3,5,2,6,1,5,1,4,7,1,2,5,7,685.8,0,2
1,3,4,2,3,1,7,1,2,7,1,2,1,5,627.6,1,0
1,4,10,1,6,1,3,4,2,8,1,2,5,0,649.9,0,0
4,3,6,7,10,2,7,6,10,7,3,2,7,10,710.8,1,1
1,3,6,6,7,2,5,2,3,6,1,2,3,7,637.8,1,2
1,3,6,10,10,2,5,3,1,6,1,1,6,3,627.2,0,1
2,2,1,1,3,2,5,2,9,7,1,2,2,2,612.0,1,1
3,3,10,10,10,2,5,3,4,5,4,1,5,3,659.9,1,2
3,5,5,6,10,2,3,4,10,8,1,1,8,8,670.2,1,1
5,2,5,5,10,1,8,6,10,8,3,2,7,10,728.0,1,3
1,3,3,0,4,1,6,0,5,7,1,2,1,7,619.7,1,0
2,2,3,5,5,1,8,2,4,9,2,2,3,4,669.2,0,1
4,2,6,10,10,2,8,4,6,8,1,2,3,5,694.9,0,2
5,3,1,10,10,2,3,2,9,7,1,2,1,1,654.5,1,2
1,5,5,8,10,2,9,7,10,8,3,2,6,3,666.8,0,2
5,5,10,8,4,1,2,1,2,7,7,2,5,5,637.8,1,3
1,2,4,10,5,2,5,0,6,6,0,2,4,6,675.8,1,1
3,2,4,10,5,2,6,5,3,6,1,2,8,2,661.6,1,2
1,5,8,3,5,1,9,4,1,7,5,2,2,2,661.4,1,1
3,4,10,7,5,1,8,2,10,6,1,2,8,7,705.5,1,1
3,3,8,2,3,2,3,1,3,8,6,2,0,2,617.8,1,2
1,3,7,4,3,1,8,5,3,8,4,1,6,6,645.0,1,1
3,3,4,10,10,1,7,7,4,7,3,1,8,5,702.8,1,1
1,1,4,10,9,2,6,8,9,8,1,2,8,7,700.6,0,1
5,1,10,4,3,1,7,5,3,8,0,2,6,10,726.6,0,2
3,5,6,10,10,2,5,2,5,6,10,2,10,2,672.2,0,2
1,3,5,6,5,2,7,0,4,6,3,1,0,2,609.1,1,0
3,4,5,9,4,2,3,3,4,7,4,1,7,4,638.2,1,1
5,0,6,10,10,2,3,5,5,8,3,2,6,10,710.0,1,1
3,4,6,3,3,1,5,0,6,7,1,2,1,10,636.9,0,1
3,1,7,10,5,2,3,5,3,8,1,2,2,10,707.9,1,2
0,5,3,7,10,2,7,5,7,6,5,2,10,6,653.9,1,1
3,2,6,7,3,2,9,1,3,8,1,2,7,6,662.0,0,2
2,1,10,8,3,2,3,0,1,6,2,2,2,10,651.0,1,1
1,2,5,0,4,1,6,3,2,7,0,1,1,10,632.7,0,0
5,5,0,0,1,1,3,1,1,5,0,2,0,6,613.4,1,1
4,0,10,5,2,1,9,5,4,8,0,2,10,5,699.6,1,1
4,4,5,8,6,2,8,4,5,7,4,2,6,3,635.0,1,1
3,4,10,9,8,2,7,3,8,6,3,1,1,10,637.1,1,2
2,1,10,3,4,1,2,2,8,7,4,2,2,10,671.3,1,2
2,3,7,5,4,1,8,2,4,7,2,2,0,8,672.2,0,2
1,3,4,3,10,1,2,0,8,7,2,1,1,7,656.0,1,0
3,2,10,10,10,2,8,8,8,8,1,1,7,6,710.6,1,3
2,3,3,4,5,1,8,1,4,8,0,2,4,7,684.3,1,1
1,2,4,5,3,2,2,1,2,8,3,1,1,1,590.4,0,1
3,2,7,4,2,1,5,2,5,10,4,1,2,7,642.4,1,1
1,0,10,6,1,2,0,1,2,10,0,1,1,3,628.2,1,1
1,4,5,10,10,1,5,4,5,6,5,2,1,10,694.3,1,2
3,3,6,3,7,1,4,2,10,6,5,2,1,4,652.8,1,2
3,4,10,10,5,1,9,6,8,7,1,2,2,6,693.4,1,2
2,3,7,8,8,2,7,4,5,7,5,2,5,6,667.3,0,0
1,4,10,7,8,2,8,4,1,8,2,2,3,9,641.2,1,0
1,1,5,1,4,1,2,8,1,8,2,2,0,10,634.4,1,0
5,3,9,6,5,2,7,2,2,7,2,2,1,10,671.8,1,3
1,5,0,2,2,2,1,0,1,7,7,1,2,0,518.6,1,1
5,1,2,5,3,1,10,9,10,9,1,2,10,7,736.7,1,3
3,1,10,7,6,1,6,6,3,10,4,1,7,9,677.7,1,0
2,2,10,7,7,2,8,6,4,7,0,2,5,9,711.3,0,1
2,2,5,3,8,1,3,3,6,6,2,1,8,5,646.9,1,2
1,4,8,6,8,2,5,6,4,8,4,2,3,5,655.4,1,0
3,4,4,10,10,1,5,4,3,8,1,1,4,7,704.5,1,1
5,1,10,1,10,2,9,4,5,7,0,2,1,10,703.0,0,3
2,2,7,4,4,1,10,1,10,8,2,2,2,4,685.5,0,3
5,1,7,2,6,1,9,4,9,8,3,2,1,8,709.1,1,1
2,1,7,4,4,1,6,4,6,8,1,2,3,8,671.1,1,3
5,1,6,4,6,1,6,2,8,7,2,2,1,7,710.4,1,1
5,3,4,2,5,2,2,1,3,5,1,2,1,1,624.0,1,2
3,3,5,7,10,1,3,1,8,8,6,2,3,9,656.2,0,1
2,2,9,10,5,2,8,3,7,7,2,2,2,7,691.5,1,3
2,3,5,10,10,1,8,9,10,7,1,2,3,3,710.8,1,1
3,3,8,1,7,1,6,1,10,6,7,2,0,7,647.7,0,3
5,4,5,2,2,1,7,2,5,7,2,2,2,7,652.0,1,1
1,3,10,7,3,1,8,5,2,8,10,1,1,6,666.9,1,1
2,3,6,2,5,1,8,1,4,5,8,1,1,5,612.3,1,2
4,2,6,10,6,2,10,6,10,7,7,2,3,7,717.6,1,2
2,3,5,3,3,1,9,4,9,6,5,2,3,4,656.0,1,3
5,3,4,10,10,1,10,10,10,8,0,2,6,4,734.8,1,2
3,1,4,10,10,1,5,2,10,7,1,2,6,8,695.5,0,2
4,1,9,10,10,2,8,8,10,7,2,2,10,10,746.5,0,1
5,5,10,10,10,2,5,10,8,8,10,1,9,10,686.8,1,1
3,2,8,10,10,1,9,4,10,7,2,2,2,7,749.9,0,3
3,3,10,8,5,1,5,7,6,7,2,1,4,7,682.8,0,3
1,3,3,10,10,1,9,7,10,6,2,2,5,4,727.6,0,1
3,2,3,10,3,1,2,2,1,8,2,2,4,3,659.9,1,2
5,5,1,2,3,1,8,2,9,7,2,1,2,5,623.9,1,1
3,2,6,6,6,1,5,10,6,6,4,2,4,3,663.9,1,1
5,1,10,8,10,1,4,3,10,7,2,2,4,10,741.4,1,1
2,3,10,10,8,1,7,2,2,8,2,2,3,7,692.4,1,2
1,5,2,2,3,1,4,2,3,6,8,1,0,6,583.4,1,1
2,3,3,4,3,2,8,1,8,6,2,1,1,7,638.8,1,2
1,2,5,4,6,2,4,5,3,5,2,1,10,2,630.8,1,1
2,3,3,2,3,1,7,2,2,7,3,2,2,4,627.6,0,2
1,5,5,0,10,2,4,10,3,9,3,2,8,5,638.4,1,2
5,3,5,5,10,1,8,5,10,8,3,2,7,7,704.2,0,1
2,1,5,8,5,1,9,2,5,7,0,2,3,10,709.8,0,1
4,3,10,6,10,1,4,1,3,8,10,2,1,5,660.3,1,2
2,4,6,5,8,2,5,4,5,7,5,2,5,4,648.6,1,2
2,2,4,2,4,1,8,3,4,8,1,1,2,4,650.3,1,3
2,4,1,3,2,2,2,0,2,5,0,2,0,2,569.4,1,1
0,1,10,5,10,2,10,0,5,8,4,2,5,3,667.5,1,1
5,4,2,1,10,1,7,1,8,6,10,2,1,2,645.6,0,1
4,4,4,4,10,2,8,2,10,5,2,2,8,10,693.4,1,3
5,0,3,4,6,1,1,5,10,6,3,2,5,3,715.7,0,0
5,4,5,4,5,1,8,2,7,8,5,2,2,9,701.9,1,1
3,3,1,5,3,1,9,3,5,9,0,1,2,10,662.6,1,1
1,3,7,2,7,1,5,4,4,9,0,1,2,7,636.9,0,1
1,1,10,6,5,2,8,4,3,8,1,2,2,10,702.8,1,3
4,3,2,1,5,2,6,1,7,6,1,1,1,10,619.9,1,2
4,3,3,6,8,2,8,8,4,5,2,2,10,7,693.9,0,2
3,3,2,1,1,1,6,2,3,5,1,1,3,2,593.4,1,1
5,2,2,5,4,1,8,3,8,7,2,2,2,6,667.9,1,3
4,3,9,10,7,1,7,4,9,8,4,2,3,6,693.8,1,1
2,3,7,10,7,1,5,3,4,7,2,2,7,5,692.6,1,1
2,1,9,8,10,1,8,7,10,6,1,2,8,8,746.3,0,2
1,4,7,6,8,1,8,5,6,6,4,2,2,5,670.7,1,2
1,1,3,4,3,2,7,3,5,8,1,2,3,8,647.1,0,1
3,2,1,2,1,1,5,3,8,8,1,2,3,10,649.4,0,2
2,4,5,5,9,2,9,8,4,7,7,2,7,5,665.4,1,1
1,2,0,4,10,2,3,7,6,8,2,1,7,10,647.3,1,0
5,4,2,10,10,1,9,1,10,7,10,2,1,10,661.5,1,2
3,2,5,2,4,1,7,1,10,7,5,1,1,6,636.0,0,0
0,4,3,5,1,2,5,0,1,7,5,2,3,10,641.0,0,0
2,2,4,4,7,1,4,1,9,6,1,2,0,3,647.5,1,2
5,3,5,8,3,1,10,6,6,5,2,2,7,3,699.4,1,1
3,3,2,2,6,2,2,1,1,7,2,1,1,10,610.4,1,1
3,4,5,8,8,1,8,4,5,7,2,2,3,5,672.4,1,1
3,1,2,2,3,1,5,3,7,7,0,2,2,10,681.3,0,2
3,3,5,3,10,1,8,2,7,8,1,2,1,9,696.8,0,3
5,2,10,10,6,1,5,3,6,7,0,2,7,10,755.9,1,3
2,3,5,5,8,2,6,1,8,7,4,2,2,7,662.8,0,2
4,3,10,8,10,1,10,3,10,9,10,1,5,4,699.3,1,2
4,3,5,10,3,1,5,1,7,8,1,2,1,9,676.4,1,2
1,1,10,4,8,1,10,8,6,7,0,2,6,10,720.2,1,1
2,1,10,10,5,1,8,4,2,6,1,2,2,10,688.6,0,3
3,4,4,9,10,2,10,5,2,7,4,2,4,6,663.3,1,2
5,5,10,10,10,2,10,10,10,6,10,2,2,1,693.6,1,1
2,2,4,3,0,2,4,6,1,10,3,1,4,10,628.0,1,3
4,3,4,3,10,1,7,9,1,6,5,2,8,4,696.9,1,2
1,1,5,2,3,2,6,3,3,8,3,1,1,1,597.4,0,0
0,4,5,6,5,1,5,1,3,6,3,2,0,1,605.5,0,2
3,4,6,8,8,1,2,1,3,8,4,1,3,4,633.1,1,0
4,2,10,5,5,1,5,2,6,6,4,1,2,3,667.3,1,2
4,1,8,7,10,1,4,2,10,8,5,2,6,6,702.5,1,1
4,1,6,4,2,1,7,7,6,5,3,2,3,10,707.9,1,3
3,3,0,10,0,1,9,5,5,8,0,2,3,10,677.7,1,2
3,4,10,6,6,2,10,1,5,7,4,2,1,5,643.5,1,2
4,2,10,6,10,2,6,1,4,5,0,2,10,10,722.8,0,3
4,1,5,2,7,1,5,0,6,7,1,2,0,10,689.6,0,1
2,1,4,2,2,2,1,3,8,6,1,2,2,5,618.4,1,1
2,3,6,3,4,1,9,7,9,8,2,2,1,9,685.3,0,3
4,1,5,2,5,1,8,5,10,8,5,1,1,8,665.1,1,2
2,3,8,10,10,1,7,3,5,8,2,2,6,7,691.3,1,1
5,4,3,4,10,1,4,1,7,7,4,1,5,2,635.4,0,1
2,2,10,4,6,1,8,4,5,9,4,1,8,7,713.6,0,1
2,4,4,4,10,1,3,2,7,7,0,2,2,1,638.8,0,0
3,3,1,1,3,1,3,0,4,8,2,1,3,8,621.4,0,2
1,3,6,2,3,1,2,4,6,6,3,1,2,3,616.3,0,1
5,2,8,10,10,2,7,4,4,8,3,2,8,4,703.0,0,3
3,1,7,10,10,1,10,5,7,9,3,2,2,10,732.7,1,1
2,3,4,2,3,1,4,2,1,8,1,2,1,1,610.6,0,2
3,2,6,3,3,2,5,2,2,8,3,2,8,8,666.9,1,1
2,4,2,3,3,2,2,3,1,7,1,2,1,2,591.7,0,3
2,4,3,3,5,1,3,2,6,4,3,1,3,9,626.1,0,1
3,3,4,10,5,1,8,3,7,8,0,2,5,10,700.2,1,2
2,5,3,10,5,1,7,2,6,6,3,2,6,10,711.5,1,1
1,5,10,10,5,1,3,3,5,5,5,1,3,10,673.7,1,2
3,4,4,5,8,1,6,2,10,6,1,1,0,1,649.4,1,0
2,4,10,3,2,2,5,2,1,8,1,1,10,10,644.6,1,1
2,2,5,6,4,1,5,1,6,6,1,2,10,3,662.2,1,1
3,2,5,2,5,1,8,5,10,6,2,1,1,5,640.9,0,2
1,2,5,4,4,1,5,2,1,9,0,2,1,10,656.7,1,1
3,2,10,10,10,1,8,10,6,7,1,2,10,10,766.1,0,2
5,3,10,2,7,1,9,3,5,9,1,2,1,2,681.3,1,1
4,4,6,4,5,1,5,2,5,7,0,2,1,3,653.7,1,1
3,2,7,5,8,2,8,0,7,6,3,2,6,7,686.2,1,1
2,4,5,5,1,2,9,4,1,9,0,2,0,3,612.5,1,3
5,5,2,10,10,2,9,7,10,7,10,2,10,7,698.9,1,2
1,5,2,10,5,2,5,1,1,8,8,1,1,2,568.1,1,1
5,2,10,10,4,2,10,4,1,8,3,2,5,10,710.9,1,3
5,2,8,10,10,2,5,5,8,7,1,2,6,10,741.0,1,2
2,3,1,5,8,2,2,2,8,5,5,2,1,6,623.3,1,1
5,3,10,10,10,2,4,6,6,7,10,2,1,8,686.2,1,1
3,5,6,10,5,2,8,3,4,6,10,2,1,7,663.5,1,3
5,4,7,0,5,1,7,3,10,6,10,2,2,5,647.7,0,1
5,5,5,10,10,1,5,1,3,10,10,2,0,10,650.5,0,0
4,1,5,10,6,1,7,4,5,7,1,2,6,10,731.9,1,1
3,1,6,6,10,1,10,6,10,8,1,2,10,6,736.5,1,2
3,2,4,1,6,1,3,3,4,7,1,1,1,5,639.9,1,1
5,3,6,5,10,1,8,4,5,9,5,2,4,4,700.0,1,2
4,4,2,10,10,2,6,3,2,8,3,2,10,10,677.1,1,2
5,5,5,3,5,1,8,3,10,7,1,2,2,5,671.7,1,0
1,3,2,10,10,2,2,1,6,5,4,2,3,10,645.0,0,2
1,5,5,8,10,2,3,3,1,8,10,2,3,5,615.7,1,1
2,1,4,8,4,1,8,6,10,4,1,2,6,3,700.0,0,3
3,4,2,4,5,2,2,0,3,6,3,2,1,10,617.4,0,2
3,3,5,5,4,1,6,0,10,6,1,2,0,10,678.3,0,2
2,3,7,4,10,2,7,5,6,8,3,2,8,7,681.3,1,3
5,4,8,6,5,1,6,4,10,6,5,2,3,10,708.9,1,3
4,1,7,6,5,1,6,2,9,8,1,2,3,7,705.7,1,1
2,1,4,8,4,1,8,6,10,4,1,2,6,3,700.0,0,3
1,0,3,2,2,1,0,1,1,10,1,1,0,1,592.3,1,1
5,3,7,4,4,1,2,1,10,7,1,2,2,3,675.1,0,1
1,4,4,5,4,2,2,2,5,7,5,2,1,4,611.2,0,2
2,2,4,2,4,1,4,0,2,5,0,2,1,3,617.0,0,2
2,3,7,8,10,2,3,4,5,7,3,2,4,6,675.8,1,1
3,3,4,3,4,1,10,7,4,6,8,2,2,10,704.3,0,3
5,4,10,3,10,1,8,3,7,8,2,2,4,5,710.4,1,1
4,3,6,5,3,1,5,3,2,7,1,2,3,10,712.6,1,0
3,2,5,10,4,1,5,3,7,8,3,2,2,2,667.9,1,3
4,4,8,10,7,2,8,3,7,8,2,2,2,2,684.9,1,2
0,0,10,3,2,1,5,3,1,8,2,2,6,2,685.4,1,0
5,1,10,2,8,2,10,10,5,7,1,2,10,10,745.5,0,3
4,3,3,3,2,2,2,1,1,5,2,1,1,4,589.6,1,3
3,4,5,2,3,2,2,3,2,9,1,2,3,6,605.9,1,1
5,3,10,2,2,1,7,0,8,7,1,2,1,1,684.9,0,1
3,2,4,7,10,2,9,7,4,8,3,2,5,6,711.5,1,2
2,4,5,3,8,1,8,2,4,6,1,2,2,8,653.3,0,3
5,3,6,10,8,1,9,5,8,7,2,2,6,10,729.1,1,2
5,4,5,5,10,2,6,5,6,6,3,2,3,2,652.0,0,2
5,3,6,8,5,1,6,6,10,6,2,2,3,8,712.3,1,3
2,2,8,3,6,1,7,2,10,6,5,2,1,1,661.3,1,1
4,4,9,7,6,2,5,6,2,5,8,2,6,4,651.0,1,2
5,1,10,10,10,1,9,7,10,7,0,2,10,10,804.3,0,3
5,4,5,4,7,1,8,2,4,6,0,2,2,10,666.9,0,3
3,5,4,1,10,1,2,1,3,6,2,2,1,1,608.9,0,2
5,0,10,10,10,1,10,10,10,7,0,2,10,10,814.5,0,3
5,2,8,3,3,1,3,6,6,6,1,2,1,2,679.2,1,1
5,0,7,9,7,1,6,6,8,7,3,2,5,10,759.7,1,3
5,2,5,5,10,1,8,3,3,7,5,1,3,7,689.0,0,2
2,5,2,6,10,1,2,1,9,6,3,2,1,2,623.7,1,0
2,3,7,5,10,2,4,3,10,8,4,2,3,3,648.1,1,0
2,5,2,6,10,1,2,1,9,6,3,2,1,2,623.7,1,0
3,3,7,4,10,1,7,1,8,7,10,2,3,10,666.2,1,0
3,3,2,6,10,1,6,5,7,9,10,2,1,7,666.4,1,0
2,4,4,2,10,1,9,2,8,8,4,2,2,2,652.8,1,0
3,2,3,3,4,1,0,1,8,7,9,2,2,3,620.3,1,0
1,4,7,1,4,1,4,3,7,5,0,2,1,2,607.8,1,0
1,5,9,7,10,1,5,2,2,6,7,2,1,1,663.1,1,0
2,4,5,2,10,2,8,1,5,7,2,1,0,3,597.6,1,0
3,3,4,2,8,2,5,1,2,8,3,2,2,5,624.4,1,0
3,2,8,7,10,1,8,1,5,7,2,2,0,3,652.0,1,0
5,3,7,6,10,1,1,7,9,6,6,2,3,5,691.7,1,0
5,3,10,6,10,2,9,8,10,8,6,2,7,8,741.6,1,0
3,3,3,4,10,2,8,7,7,7,7,2,1,4,638.8,1,0
2,3,7,5,10,2,4,3,10,8,4,2,3,3,648.1,1,0
5,3,7,6,10,1,1,7,9,6,6,2,3,5,691.7,1,0
3,3,7,4,10,1,7,1,8,7,10,2,3,10,666.2,1,0
2,5,5,5,5,2,5,2,3,6,2,2,5,6,653.1,1,1
1,4,4,6,5,2,7,2,6,6,7,2,0,4,595.9,1,2
4,2,5,8,7,1,7,6,6,4,3,2,7,7,695.8,1,2
2,4,5,2,10,2,8,1,5,7,2,1,0,3,597.6,1,0
0,3,7,6,5,2,6,6,1,7,2,2,3,2,625.7,1,1
5,4,7,10,8,1,6,2,3,8,1,2,3,10,702.8,1,2
1,2,7,2,5,1,8,3,2,9,1,2,5,1,675.6,1,1
3,3,5,6,6,2,8,5,1,8,3,2,4,5,654.8,1,1
2,4,6,10,5,1,6,4,6,7,6,2,7,6,670.9,1,1
4,4,4,10,10,2,3,2,7,7,1,2,5,5,662.6,1,2
3,2,5,7,7,1,8,6,1,7,3,2,7,5,700.5,1,2
4,2,4,4,10,2,3,4,5,7,1,2,8,4,650.3,0,2
1,3,6,10,4,1,5,6,6,8,4,2,7,7,706.8,1,1
5,1,0,10,6,1,10,6,10,9,0,2,6,10,709.5,1,3
1,5,10,5,4,2,8,1,7,7,4,2,1,3,632.0,1,2
2,4,6,6,6,1,7,2,5,6,1,1,1,3,651.8,1,0
1,3,3,10,7,1,4,4,1,5,1,2,1,1,620.2,1,1
3,2,6,5,7,2,5,5,5,7,2,2,6,6,677.5,1,2
4,2,10,9,10,1,8,4,10,7,4,1,2,7,727.8,1,0
3,0,8,7,10,1,9,9,8,8,1,2,4,6,720.8,1,0
0,1,8,0,7,1,6,0,10,6,1,1,0,9,651.1,1,0
4,2,10,9,10,1,8,4,10,7,4,1,2,7,727.8,1,0
4,1,6,3,10,1,6,6,10,7,2,2,2,7,714.2,1,0
5,1,10,8,10,2,8,4,10,10,3,2,1,7,733.5,1,0
5,2,10,4,10,1,8,6,7,6,5,2,2,2,693.0,1,0
4,4,10,7,7,1,5,1,4,6,2,2,2,4,682.2,1,0
3,3,10,9,10,1,8,5,7,6,3,1,2,9,672.6,1,0
0,4,8,7,10,1,0,0,10,7,7,2,1,10,653.0,1,0
3,2,4,8,10,1,8,6,7,7,1,2,3,7,693.2,1,0
5,3,3,7,10,1,7,3,4,8,4,2,3,7,689.4,1,0
0,1,8,5,7,1,4,1,8,6,0,2,0,6,664.3,1,0
2,4,10,10,10,1,4,1,10,7,10,2,4,1,668.3,1,0
4,1,10,10,10,1,8,2,10,7,3,2,5,7,756.7,1,0
2,2,8,3,6,1,0,2,10,7,2,1,2,2,637.7,1,0
3,4,10,8,7,1,4,2,4,6,2,2,3,3,687.3,1,0
3,4,10,10,10,1,10,6,9,7,0,1,4,10,710.6,1,0
4,2,8,0,10,1,5,0,2,7,10,2,0,2,620.8,1,3
5,2,10,1,10,1,9,2,10,8,1,2,1,4,714.4,1,0
4,3,7,6,10,1,10,6,8,8,1,1,2,6,697.0,1,0
2,3,10,10,10,1,7,10,5,8,3,1,1,4,687.9,1,0
5,2,6,2,6,1,8,1,8,8,0,2,5,5,693.6,0,1
3,3,10,9,10,1,8,5,7,6,3,1,2,9,672.6,1,0
2,3,1,1,1,1,9,0,5,6,1,2,1,6,628.0,0,2
1,3,5,0,1,1,8,2,3,7,5,2,5,8,653.3,0,1
1,3,5,4,2,1,8,2,2,7,5,2,4,8,649.7,0,1
3,4,7,8,10,2,8,3,7,6,9,2,4,4,676.0,0,2
2,2,1,1,1,1,9,0,5,6,0,2,0,1,619.5,0,2
5,2,3,7,0,1,2,3,8,6,2,2,2,10,667.7,0,3
3,0,3,5,4,2,10,10,2,5,0,2,3,7,669.7,1,3
3,4,2,7,5,2,3,2,4,8,4,2,1,4,614.6,1,1
2,1,2,5,2,2,6,3,2,7,0,1,8,3,614.0,1,2
3,1,7,7,3,1,5,2,5,8,1,2,5,10,706.6,1,2
3,1,9,3,3,1,5,2,3,10,2,2,2,2,691.3,0,0
5,5,5,6,10,1,4,1,6,5,3,2,9,6,680.7,1,1
2,1,4,2,4,2,7,2,5,7,0,1,1,10,638.4,0,1
3,1,6,10,10,1,8,6,10,8,0,2,6,10,736.5,1,2
5,1,10,10,10,2,8,6,8,8,3,2,10,10,737.8,0,3
5,5,4,10,3,1,9,9,10,6,3,2,3,4,702.1,1,2
3,2,7,6,10,1,7,3,9,8,1,2,2,7,702.3,0,1
4,1,4,1,7,1,9,8,4,7,2,1,3,8,673.9,1,3
4,4,4,10,5,1,7,2,8,7,2,2,1,3,688.3,1,1
4,2,6,7,7,1,8,4,8,8,2,2,3,8,719.1,0,2
1,1,6,8,6,2,7,4,3,6,0,2,3,2,661.6,0,3
3,3,3,10,10,2,8,1,4,6,3,2,8,2,651.6,1,1
1,2,10,7,10,1,8,3,1,7,0,2,3,10,695.4,1,1
5,2,8,8,3,1,6,3,3,8,8,2,4,10,718.1,1,2
5,2,8,8,3,1,6,3,3,8,8,2,4,10,718.1,1,2
3,4,5,7,4,2,8,1,9,4,7,2,0,1,623.3,1,2
3,5,9,6,10,2,0,0,1,6,1,1,8,2,593.2,1,2
1,1,8,5,10,1,7,8,1,8,0,2,7,9,717.7,1,2
3,4,5,8,3,2,7,4,2,2,3,2,3,1,616.4,1,1
3,2,5,5,10,2,8,0,10,7,2,2,6,1,670.0,1,2
2,3,5,10,3,1,9,1,5,8,2,2,4,6,679.4,1,1
4,1,10,7,10,2,10,6,10,8,7,2,6,10,755.2,1,2
3,2,6,10,10,2,7,2,5,7,2,2,3,10,713.2,0,3
1,4,9,10,5,1,1,3,4,7,3,2,4,5,663.7,1,1
1,0,6,2,10,2,8,2,8,8,0,2,6,10,685.1,0,2
5,4,4,10,10,1,6,3,10,5,1,2,2,10,712.1,1,1
4,3,3,10,4,2,6,6,5,7,0,2,8,10,704.7,1,2
0,5,1,6,7,2,8,1,5,7,3,2,0,0,601.0,0,1
0,5,1,6,7,2,8,1,5,7,3,2,0,0,601.0,0,1
1,3,3,10,10,1,9,2,8,6,2,2,5,5,681.3,1,1
1,4,3,5,4,1,4,1,1,5,4,2,1,7,616.8,1,0
2,2,10,4,7,1,7,2,4,7,1,2,5,5,684.1,1,2
2,4,2,2,3,1,3,2,5,7,3,1,3,9,624.8,1,1
3,1,10,6,10,1,6,1,6,7,1,2,5,4,703.2,1,2
2,1,10,4,10,2,2,5,5,6,0,2,5,6,694.3,1,1
3,4,4,8,6,2,3,0,6,6,8,2,0,4,626.5,0,3
5,4,2,1,2,2,0,0,2,3,0,1,0,1,563.9,0,0
2,2,2,2,10,2,2,2,6,8,8,1,3,8,632.0,1,0
4,3,1,10,4,1,6,1,10,7,4,2,4,7,671.7,1,2
1,2,0,4,3,2,3,2,8,7,5,1,2,2,588.0,0,2
0,3,3,0,2,1,3,1,1,7,10,1,1,4,542.4,0,0
3,4,5,7,3,1,3,0,1,7,0,2,9,3,668.2,1,1
1,3,3,2,3,1,3,2,6,7,0,1,0,10,609.7,0,0
4,2,3,0,4,2,3,4,5,9,1,2,1,5,649.0,0,3
4,2,4,3,5,1,4,8,7,4,1,1,7,3,675.6,0,1
1,2,2,8,3,2,7,3,3,6,1,2,4,8,646.3,0,1
5,0,4,7,6,2,7,3,10,8,1,2,8,5,700.8,1,2
3,5,10,2,10,1,2,2,10,8,7,2,0,6,670.2,1,1
0,2,7,3,3,1,3,1,1,9,0,1,1,4,622.7,0,1
1,2,1,2,5,1,2,3,3,5,1,1,3,0,598.5,0,1
2,4,10,9,10,2,7,5,3,6,9,2,3,6,682.0,0,1
2,3,5,4,3,1,6,3,4,7,4,1,5,2,636.5,1,1
2,3,5,7,3,2,8,5,10,7,0,1,4,6,664.9,0,1
3,2,2,1,5,2,9,7,3,8,1,1,4,4,622.9,1,1
1,3,4,5,4,2,4,2,4,8,4,1,4,4,619.7,0,2
4,2,10,8,7,2,7,7,9,8,5,2,8,7,717.6,1,1
1,4,9,0,9,1,0,2,10,8,3,1,0,0,617.5,1,1
4,3,6,8,9,2,7,9,1,7,3,1,0,5,642.7,1,1
0,5,3,2,2,1,0,0,4,9,0,1,4,5,611.4,0,1
3,0,10,10,5,1,10,4,10,10,5,1,9,5,711.4,0,1
3,4,4,10,10,1,5,6,2,5,1,1,6,2,657.8,1,1
1,3,3,3,2,1,2,4,6,5,3,1,3,3,605.9,1,1
1,1,5,3,6,1,10,7,6,8,8,1,2,3,655.8,1,1
2,4,5,9,10,1,3,4,9,8,3,1,8,8,670.0,0,2
2,1,10,4,10,2,6,2,10,2,3,2,2,3,652.0,1,1
5,3,10,2,4,1,7,6,2,8,4,2,8,9,704.3,1,1
2,0,3,10,3,2,3,3,2,8,2,1,0,2,604.0,1,1
2,2,5,3,4,2,4,1,5,3,2,1,2,3,601.9,1,1
4,3,4,7,10,2,5,1,8,7,1,2,3,4,671.3,1,2
2,5,4,4,3,2,4,1,5,6,10,1,1,2,588.9,1,2
1,3,2,10,2,2,7,5,1,7,2,2,9,4,652.9,1,3
4,3,8,7,8,2,6,8,8,7,7,2,7,8,698.5,1,1
1,2,2,2,5,1,8,3,3,7,1,1,8,10,644.8,0,1
1,3,7,6,6,1,2,3,5,7,1,2,8,8,677.5,1,1
0,5,8,5,5,2,6,5,3,8,9,2,10,1,612.7,1,2
4,4,5,5,5,2,5,5,1,5,6,2,5,4,628.7,1,1
3,4,10,2,10,1,1,6,5,7,7,2,2,5,652.0,1,2
5,2,5,4,8,1,8,1,5,7,0,2,8,2,680.9,0,1
2,3,4,4,2,2,7,3,5,5,3,2,1,10,670.3,1,2
3,1,10,10,10,1,2,2,7,6,1,2,1,4,716.8,0,1
1,3,1,3,5,1,2,4,1,5,0,1,8,10,645.7,0,3
3,4,10,10,5,2,9,4,10,7,5,2,8,3,681.9,1,2
3,2,5,6,3,1,8,2,3,9,2,2,5,6,679.2,1,1
2,2,2,3,4,1,7,1,2,6,3,1,2,6,627.4,1,1
3,3,4,10,10,2,9,7,6,5,2,2,3,5,699.4,0,3
3,1,6,3,6,2,10,4,3,7,3,1,10,7,670.3,1,2
2,2,5,3,8,1,7,3,4,6,8,2,8,5,666.9,1,1
4,4,6,2,10,1,2,0,1,8,2,2,4,4,654.8,1,1
3,4,7,9,6,2,3,1,9,6,2,2,4,7,676.4,0,2
3,4,7,8,6,2,3,1,8,6,2,2,4,1,664.3,0,2
5,5,10,7,6,1,10,6,9,7,5,1,2,5,702.1,0,2
5,4,6,4,10,2,7,4,5,7,2,2,3,8,687.7,1,2
2,4,5,3,1,1,6,2,5,9,2,2,2,10,654.1,0,1
0,5,2,4,10,1,3,5,10,6,2,2,1,3,663.0,0,0
1,4,2,3,7,2,6,2,3,7,2,2,1,3,592.1,0,1
4,4,10,8,7,1,9,7,4,9,6,1,3,8,701.5,1,0
2,3,5,7,6,1,8,4,5,8,2,2,2,4,679.4,1,1
2,3,1,2,1,2,4,1,2,7,0,2,2,4,605.5,0,1
3,0,10,1,10,1,7,8,6,8,1,2,1,7,705.1,0,1
3,1,10,3,3,2,6,3,8,7,6,2,4,8,678.1,1,1
3,1,5,10,3,2,8,7,5,6,3,2,8,5,696.0,1,3
5,1,5,6,10,1,7,6,10,8,5,2,6,10,705.9,1,0
5,1,10,6,8,1,5,1,4,8,1,2,1,7,723.4,1,2
5,2,7,7,4,1,8,3,10,8,0,1,4,10,677.0,1,1
3,2,5,10,5,1,7,3,7,10,2,1,5,10,695.5,0,0
4,5,4,4,10,1,3,5,8,7,2,2,1,5,667.9,1,1
5,0,5,3,2,1,6,2,5,8,0,2,2,10,682.8,1,1
3,3,4,10,10,2,6,3,10,8,2,1,3,3,677.0,0,2
4,3,2,1,3,1,4,2,8,8,4,2,1,5,635.8,0,1
5,2,4,10,10,1,5,1,4,8,2,2,5,10,714.9,1,1
4,2,5,10,8,2,4,2,8,7,3,2,5,4,690.0,1,1
3,4,3,2,4,2,7,0,10,6,7,1,2,8,600.1,0,1
5,1,5,5,5,1,6,3,3,7,0,2,6,7,682.2,1,2
5,3,8,6,6,1,8,8,7,9,1,2,8,8,725.9,1,1
2,3,3,4,3,1,4,5,7,7,2,2,2,4,672.8,1,1
1,4,2,4,10,2,3,3,2,6,3,2,4,3,601.9,1,2
3,4,8,2,5,2,10,3,4,6,1,2,1,2,634.6,1,1
1,0,10,10,10,2,6,8,10,8,2,1,8,10,731.4,0,1
3,3,10,7,6,1,8,3,8,7,2,2,8,10,732.5,0,2
5,2,6,10,10,1,8,1,10,7,0,2,3,6,729.5,1,3
3,3,10,7,9,1,8,1,8,7,2,2,8,10,744.4,0,2
3,3,7,5,10,1,7,3,2,7,3,2,4,7,695.6,1,1
5,5,10,10,10,1,5,7,9,7,0,1,0,2,686.8,1,1
3,4,5,4,10,1,8,1,2,7,0,2,7,5,688.8,1,1
3,5,6,10,5,1,5,2,10,7,2,2,2,3,698.9,1,3
2,5,2,1,1,2,1,0,3,8,1,1,2,7,566.8,0,3
1,3,3,3,5,2,7,2,6,6,6,2,0,2,624.8,1,1
2,5,5,10,5,2,2,2,3,7,0,2,1,3,621.0,1,1
2,2,6,7,6,2,5,1,3,7,7,2,3,4,621.0,1,2
3,3,10,6,10,1,7,8,5,8,4,1,7,9,699.8,0,1
1,4,3,2,10,2,1,6,10,7,0,1,3,6,620.7,0,1
5,5,4,7,6,2,9,5,3,6,1,2,3,7,688.8,1,2
1,4,10,5,5,2,7,6,3,7,3,2,4,10,629.5,0,1
3,1,10,10,7,2,7,4,10,6,4,2,6,7,714.0,0,1
3,2,5,10,8,1,9,2,2,8,1,1,6,10,690.7,1,3
2,4,2,0,2,1,3,0,1,6,0,1,4,2,576.2,0,0
0,3,5,8,10,2,7,3,2,7,4,1,2,4,631.0,1,1
5,1,7,0,2,1,5,0,6,6,1,2,0,10,670.7,0,3
3,0,5,5,3,2,3,2,8,8,0,1,6,10,664.7,1,1
2,5,1,2,5,1,2,0,2,7,6,1,1,1,557.9,1,0
2,5,0,1,3,1,3,0,2,7,6,1,2,1,554.5,1,0
4,5,3,1,5,1,4,3,10,8,10,2,1,10,660.0,1,1
4,3,7,7,7,1,10,7,5,9,1,2,10,7,754.4,1,2
5,5,4,6,5,1,1,1,5,8,7,1,0,6,626.7,1,2
3,2,10,10,5,2,8,3,3,8,3,2,2,4,682.4,1,2
4,4,5,3,8,1,7,1,7,7,2,2,1,4,679.6,0,3
3,2,6,10,6,1,3,6,4,7,2,2,7,3,709.6,1,1
3,4,4,5,3,1,4,4,7,7,7,2,2,7,640.5,1,1
2,2,5,4,3,2,5,1,5,8,2,2,3,5,635.2,1,2
4,5,10,10,10,1,8,6,3,6,4,2,10,1,726.2,1,2
1,4,3,2,3,2,8,3,10,6,1,1,4,10,593.3,0,1
3,4,3,2,2,1,4,2,8,8,3,1,2,4,622.2,1,1
2,2,10,10,10,2,10,1,4,6,2,2,3,3,663.5,1,2
1,1,2,10,2,2,3,4,6,7,0,2,8,8,645.4,0,2
0,5,10,8,10,2,5,5,10,6,2,2,6,7,683.4,1,3
3,5,5,8,10,2,7,4,2,7,3,2,3,7,682.0,1,2
5,4,5,3,10,2,5,2,7,8,0,2,2,7,673.0,0,0
4,1,7,5,2,2,1,1,3,6,1,2,6,8,668.4,0,2
5,3,5,7,4,1,7,1,8,7,6,2,1,5,649.2,1,2
2,3,5,10,10,1,7,4,1,8,2,1,1,3,654.8,0,1
3,5,6,10,2,1,4,2,10,5,10,1,1,10,654.3,1,3
2,2,10,10,10,2,4,2,2,7,1,2,8,1,663.3,0,1
2,3,3,4,10,1,2,4,6,5,2,2,2,6,653.5,1,3
1,3,4,10,5,2,5,2,4,7,3,2,5,7,633.1,1,1
4,0,5,2,5,2,8,3,8,9,0,2,5,7,692.1,1,0
2,2,10,6,10,1,5,4,2,6,0,2,2,3,692.0,1,3
5,3,10,8,10,1,10,4,10,8,3,2,5,10,768.8,0,2
4,2,1,2,2,1,7,3,8,8,1,1,10,10,681.7,1,2
2,2,5,10,4,2,7,6,3,6,0,2,3,4,675.2,1,3
1,4,2,6,10,2,6,2,3,6,8,2,1,2,605.5,1,2
5,2,4,10,4,1,6,2,4,8,6,2,2,10,686.0,1,1
5,5,6,10,10,2,8,2,8,5,0,2,10,10,704.9,1,3
1,3,2,1,2,2,7,2,2,7,8,2,1,3,591.9,0,2
1,3,7,10,7,2,5,5,1,6,2,1,2,10,637.4,0,2
3,1,2,2,6,1,9,6,6,8,0,2,4,10,691.5,0,3
1,2,1,1,5,2,3,3,7,9,2,1,2,4,589.9,1,2
4,3,0,9,3,1,6,7,7,7,9,2,5,7,700.0,0,3
1,1,5,5,4,2,2,3,6,7,3,2,2,5,630.1,1,2
4,1,10,10,10,1,10,10,10,7,1,2,6,8,790.7,0,3
2,1,10,10,10,1,8,0,10,6,0,2,1,10,724.2,0,2
4,5,4,2,6,1,1,1,3,5,1,1,0,10,630.8,1,2
3,4,5,10,9,1,7,1,3,4,0,2,2,5,679.9,1,3
2,4,8,10,10,2,7,4,1,7,1,2,4,4,663.1,0,2
2,5,2,3,10,2,0,1,2,5,5,1,0,2,550.7,0,2
1,4,6,10,4,2,4,8,4,6,2,1,2,10,646.5,1,1
5,3,3,10,7,2,8,2,7,7,0,2,1,10,694.9,1,3
2,2,5,3,1,1,4,2,6,8,0,2,2,10,650.7,1,1
2,4,1,0,5,2,4,2,5,7,2,2,4,10,621.4,0,2
2,1,3,10,10,2,2,5,5,8,8,2,6,10,699.8,0,2
0,3,6,4,6,2,1,1,6,5,6,1,0,1,561.7,1,2
4,1,8,10,5,1,6,4,8,8,1,2,2,10,724.2,1,2
1,3,2,4,3,2,5,3,8,6,1,2,1,5,611.6,1,2
4,3,4,10,3,1,7,5,1,8,0,2,1,5,654.8,1,2
5,0,10,10,4,2,10,3,6,9,4,2,1,10,729.1,1,2
1,3,1,2,8,2,0,2,3,7,10,2,0,0,571.7,1,1
2,2,8,2,6,2,7,2,7,7,0,2,1,10,657.5,0,1
5,1,10,10,10,1,10,5,6,8,0,2,10,10,769.7,0,2
1,4,1,10,10,1,7,3,6,8,1,2,3,5,684.7,1,2
2,3,3,2,10,2,5,4,7,9,6,1,3,1,617.1,1,2
4,3,5,8,10,2,5,9,4,8,10,1,3,4,650.3,1,2
0,4,4,4,4,1,1,5,1,6,1,2,5,0,620.4,1,1
5,2,10,6,6,2,7,2,10,7,1,2,4,10,715.9,1,3
2,3,7,10,5,2,6,2,2,6,4,2,7,7,661.4,1,2
3,5,3,3,3,2,7,4,1,8,3,1,4,10,607.2,1,1
4,4,4,10,10,2,5,3,5,6,5,1,3,3,612.7,0,2
3,3,8,10,5,1,3,8,2,6,0,2,4,5,693.7,1,3
3,3,5,4,4,2,6,6,7,6,7,2,4,7,657.3,0,2
3,3,10,4,2,2,7,5,5,9,3,2,1,4,659.2,1,1
4,3,10,10,10,2,9,5,4,6,2,2,2,5,692.4,1,1
5,2,10,10,6,1,7,3,6,7,1,2,7,4,740.6,1,2
2,1,10,7,10,1,8,6,7,8,1,2,3,3,690.0,0,3
5,1,6,10,10,1,9,3,6,8,0,2,2,10,722.1,1,3
5,4,4,8,10,1,8,5,4,5,1,2,2,2,712.6,1,3
1,2,2,10,8,1,8,1,5,8,3,2,7,5,704.9,1,2
4,3,5,4,5,1,3,4,10,6,10,2,4,3,654.5,0,2
2,2,7,10,3,1,4,1,4,7,2,2,5,7,675.6,1,3
3,1,10,10,10,1,7,8,10,8,2,1,5,10,721.2,1,3
5,5,0,10,3,2,8,8,1,6,1,1,0,1,606.8,1,3
3,3,7,10,10,2,8,6,10,7,3,2,8,10,738.0,0,2
1,4,7,3,6,2,7,4,2,6,0,2,1,4,627.4,1,2
3,2,10,10,10,2,5,4,10,6,5,2,10,7,690.2,0,1
3,4,4,10,4,1,10,5,6,6,0,2,5,10,733.6,0,3
3,3,4,4,5,2,5,5,6,7,4,1,4,5,638.6,0,2
2,2,2,3,4,1,4,6,1,8,0,2,5,7,666.7,0,1
1,5,3,2,3,1,8,0,1,5,5,1,1,2,581.1,1,2
2,4,8,8,10,2,8,5,3,7,10,2,8,3,649.9,1,3
5,3,7,5,9,2,6,3,4,6,3,2,5,1,655.0,0,2
2,4,3,0,3,1,1,0,1,9,2,2,0,0,602.3,1,0
2,3,10,3,10,2,5,5,3,6,3,2,2,4,663.3,0,2
2,2,10,4,10,2,4,3,3,5,2,2,3,4,666.5,0,2
1,4,10,5,10,1,3,2,4,8,3,2,1,3,689.4,0,1
3,4,10,5,5,1,3,1,8,7,4,2,0,7,683.2,0,2
3,3,5,8,10,2,4,4,6,3,4,2,8,3,656.5,0,2
5,3,7,9,5,2,2,5,7,7,8,2,10,8,686.4,1,2
2,4,5,7,10,1,6,5,10,6,2,2,6,6,708.9,0,2
5,2,5,6,6,2,8,8,3,7,1,2,8,8,711.1,1,3
2,3,8,8,8,2,6,6,1,8,4,1,6,4,648.0,1,1
3,5,10,10,6,1,8,2,4,7,2,2,4,3,706.2,1,3
1,4,5,5,10,2,1,5,4,4,0,2,3,8,639.3,0,1
1,4,7,2,3,2,8,3,4,7,0,2,2,6,638.2,0,1
2,4,3,4,5,2,3,5,7,5,5,2,3,3,618.0,0,2
2,1,5,7,10,2,8,5,2,8,1,2,1,5,695.8,0,2
3,5,3,8,10,1,5,8,6,5,4,1,6,5,663.7,0,3
4,2,6,9,8,2,7,8,8,7,0,2,6,8,729.1,0,2
3,3,3,9,5,1,8,5,3,7,2,2,2,7,663.5,0,1
1,4,5,2,8,2,1,5,10,6,4,1,3,5,615.4,0,2
2,2,5,3,8,2,6,4,8,7,3,2,7,5,662.8,1,2
2,3,2,5,4,2,6,3,3,7,2,2,5,5,644.8,0,2
2,2,4,1,2,2,8,3,2,8,1,2,2,3,639.7,1,2
1,4,4,6,10,1,8,1,6,6,3,2,1,4,640.1,0,1
4,1,3,5,4,1,5,2,10,7,4,2,3,10,692.1,0,3
5,2,4,10,10,2,8,6,10,6,2,2,6,10,715.7,1,2
4,2,5,0,1,1,7,8,8,8,1,1,9,10,674.9,0,2
2,1,8,5,6,1,7,5,7,8,2,2,4,7,717.2,1,2
5,3,6,7,2,2,6,0,7,7,0,2,0,10,660.9,1,3
4,3,4,5,1,2,7,3,4,6,4,2,2,10,655.0,1,2
4,4,3,2,5,1,1,0,7,6,7,1,0,3,587.6,0,2
2,4,9,6,10,1,6,8,7,6,3,2,5,10,704.9,1,1
4,1,7,10,4,2,7,4,6,7,5,2,2,10,674.3,1,2
5,1,9,3,7,1,7,5,10,8,3,2,9,10,760.3,0,1
4,3,10,10,10,2,9,5,3,7,3,1,10,2,677.1,0,2
2,3,4,3,5,1,6,3,2,8,1,2,3,5,649.9,1,1
2,0,3,8,2,1,9,8,10,6,1,2,8,9,736.1,0,2
5,3,6,4,5,1,5,2,6,7,2,2,5,4,665.8,1,2
2,5,3,9,4,1,7,9,8,6,1,1,7,7,677.9,1,1
1,3,6,6,5,2,2,5,5,7,1,2,6,6,677.5,1,3
4,2,10,7,3,2,10,2,5,7,3,2,1,7,670.7,1,3
5,2,7,10,5,2,7,7,3,7,1,2,8,9,712.8,1,2
5,3,4,2,2,1,9,5,3,8,3,2,4,10,680.7,1,1
4,2,4,4,4,1,9,3,7,7,1,2,2,4,684.7,1,1
4,2,4,10,10,2,7,3,4,7,1,2,3,10,709.6,0,3
5,3,4,6,5,1,7,8,6,8,2,1,5,9,693.2,0,3
3,1,5,7,3,1,7,2,9,7,1,2,4,10,700.4,0,3
1,1,3,2,2,2,8,2,1,6,1,2,0,6,649.3,1,3
3,2,2,6,2,1,4,5,5,8,2,2,0,9,652.2,1,2
3,1,10,10,5,1,7,2,9,7,2,2,6,8,712.3,0,1
0,4,4,8,2,1,2,1,2,6,10,2,1,3,618.9,0,2
3,2,10,5,3,1,9,1,9,8,0,2,1,4,700.6,1,2
0,5,1,3,2,2,1,1,4,6,10,1,0,1,546.2,0,1
2,5,1,10,10,2,0,4,4,4,10,1,1,1,603.6,1,2
2,3,5,5,10,2,3,3,10,6,4,1,0,0,644.3,0,1
4,5,5,0,5,1,5,0,8,7,3,1,10,10,627.1,0,2
3,2,5,2,3,2,5,1,10,8,2,2,2,4,644.7,0,2
3,3,6,9,5,1,2,1,6,6,2,2,1,2,657.1,1,1
1,4,5,3,5,2,7,3,1,7,3,2,1,7,617.2,1,1
3,3,2,8,4,1,7,5,6,7,5,2,3,5,696.4,1,2
1,1,0,0,0,2,1,0,1,8,0,2,1,3,591.9,1,3
4,1,6,10,10,1,9,6,9,6,1,2,8,10,749.5,1,3
2,5,10,10,5,1,1,3,1,6,10,2,1,5,645.9,1,2
3,3,4,6,3,1,8,1,9,6,0,2,1,8,659.4,1,1
3,1,4,2,5,2,8,3,6,7,3,2,2,10,643.7,1,2
4,3,10,10,10,2,5,2,6,7,8,2,2,3,674.3,1,2
5,3,1,7,2,1,5,3,3,8,6,2,5,5,663.7,1,2
1,2,2,3,2,2,3,1,5,6,1,1,3,5,587.2,0,2
3,1,6,4,10,1,1,1,6,7,2,2,4,10,703.2,1,1
3,2,1,4,2,2,3,1,6,7,3,2,3,10,648.8,1,3
3,5,8,10,10,2,6,3,2,6,7,2,1,3,639.3,0,1
2,5,3,2,2,2,5,2,6,5,1,2,2,10,643.3,0,1
2,3,0,4,3,2,3,4,4,5,5,2,0,5,581.7,1,2
4,2,2,3,4,1,7,2,4,7,4,2,1,6,646.7,0,2
1,1,2,7,4,2,4,1,2,10,6,2,2,7,621.4,1,2
1,5,7,1,8,1,2,2,4,8,2,1,2,8,640.1,1,0
2,3,5,4,5,2,7,2,7,8,2,2,1,4,664.5,1,3
5,5,7,4,8,2,10,0,4,8,8,2,1,10,682.6,0,2
5,5,7,4,8,2,10,0,4,8,8,2,1,10,682.6,0,2
1,3,2,5,9,2,4,1,7,7,3,2,1,5,633.7,0,2
3,5,3,10,10,1,6,3,4,7,10,2,5,10,690.9,0,1
3,1,3,2,3,1,7,2,6,9,1,2,1,5,657.7,1,1
3,1,2,7,5,1,5,3,6,7,4,2,4,5,681.1,0,1
5,4,10,10,3,1,7,1,7,9,1,2,1,7,707.2,1,3
1,3,2,4,3,1,9,2,5,6,3,2,3,5,631.4,1,2
3,5,10,6,10,2,10,7,5,8,6,2,4,5,711.7,1,3
2,2,9,10,10,1,8,1,8,6,1,2,3,10,745.9,1,3
3,1,2,3,0,1,10,7,3,5,0,2,3,10,654.6,0,3
1,4,10,3,10,2,3,5,6,6,5,1,2,1,609.5,1,2
1,3,7,10,5,1,2,4,10,7,3,2,6,6,709.1,1,2
1,3,6,10,5,1,2,4,10,7,3,2,6,5,705.7,1,2
1,3,6,10,6,1,2,4,10,7,3,2,6,5,705.7,1,2
2,4,3,5,7,2,4,0,4,7,10,2,2,3,628.0,0,3
5,2,8,6,10,1,8,6,10,7,5,2,7,8,721.0,1,2
3,2,2,5,3,1,7,2,6,6,8,2,3,4,645.2,0,2
4,3,3,5,6,2,5,3,9,8,7,2,6,6,661.5,1,3
4,3,4,5,6,2,4,5,10,5,5,2,2,5,635.6,0,1
2,4,4,4,6,2,6,3,1,8,1,2,1,4,646.3,1,3
5,5,10,10,1,2,10,2,8,7,0,1,2,4,662.8,1,3
1,1,10,10,7,2,7,3,3,7,3,2,6,2,690.7,1,3
2,2,7,4,1,2,2,0,1,8,0,2,0,2,603.8,1,3
3,4,2,2,4,1,7,2,5,7,2,2,2,10,645.2,1,3
5,3,9,10,9,2,9,5,5,6,3,1,8,8,682.4,0,2
3,4,2,0,10,2,1,10,7,4,2,1,10,1,617.8,1,2
1,4,4,2,10,1,6,3,9,7,2,1,3,5,615.4,1,1
2,5,10,9,9,2,2,1,10,5,4,1,0,0,616.9,1,3
1,3,10,3,4,1,10,1,5,7,2,2,1,5,662.2,1,3
5,4,10,10,10,1,8,4,10,7,2,2,4,10,760.1,1,3
3,1,2,10,2,2,7,6,2,6,0,2,10,10,705.6,0,3
0,1,4,10,6,1,7,2,3,8,0,2,3,5,672.2,0,2
3,3,6,9,5,2,8,4,9,9,4,1,4,8,688.9,1,3
4,4,7,7,7,2,6,8,6,8,8,2,6,7,684.7,1,1
1,2,3,7,6,1,5,4,6,7,2,2,2,6,672.6,0,1
3,2,3,0,3,1,4,1,1,8,1,1,1,3,597.0,0,0
2,4,9,10,10,2,10,1,5,6,1,2,8,1,696.0,1,2
3,2,5,8,6,2,7,4,6,7,2,2,4,6,704.9,1,1
2,5,2,5,2,2,8,1,2,7,1,1,1,10,593.6,1,3
2,5,6,3,3,2,10,3,3,10,1,2,4,10,667.5,1,2
3,1,4,3,5,1,5,1,6,8,3,2,1,3,691.5,0,1
4,3,6,7,10,2,6,1,4,6,3,2,2,7,678.8,0,2
2,2,10,10,8,2,5,5,3,7,5,2,2,10,699.2,0,3
1,5,4,10,4,2,8,6,10,7,3,2,6,9,656.4,1,2
2,2,7,7,2,1,6,2,5,9,0,2,2,10,686.4,0,2
2,3,4,7,7,2,7,6,6,7,1,2,9,3,667.5,1,2
5,3,6,10,5,2,7,2,7,7,6,2,5,10,705.1,1,2
4,2,7,10,6,1,5,2,5,8,1,2,6,7,704.9,0,1
4,2,10,7,10,1,8,8,10,6,1,2,8,5,736.1,1,3
2,4,6,4,3,2,5,2,3,6,1,2,1,3,620.8,0,2
2,3,4,3,3,1,5,1,2,8,4,1,1,4,627.8,1,3
3,3,4,10,10,1,6,3,10,7,3,2,4,10,722.7,1,2
2,2,7,7,6,1,5,4,1,7,4,2,2,5,656.3,1,3
3,3,5,7,3,1,7,6,5,7,3,2,2,8,675.8,1,1
4,1,10,3,4,1,7,2,7,7,1,2,1,3,659.2,1,1
2,2,2,7,4,1,7,7,1,8,8,1,5,5,634.4,1,1
0,4,3,2,2,2,0,1,1,10,7,1,0,10,566.8,1,2
5,4,3,10,10,1,8,5,10,7,2,1,10,7,715.9,1,2
3,4,3,10,2,2,7,2,4,8,2,2,2,4,663.9,0,2
4,2,7,4,10,1,7,3,6,6,1,1,1,2,643.5,0,2
3,2,5,10,10,2,4,6,5,6,5,2,8,3,663.7,1,2
4,1,10,6,10,1,8,6,10,8,3,2,10,10,762.0,0,2
3,3,10,10,7,2,10,5,6,8,2,1,6,7,706.8,1,1
2,1,5,5,1,2,5,3,4,8,4,2,7,10,669.0,1,2
2,3,2,6,3,2,5,1,5,6,2,1,4,6,617.8,0,2
3,4,5,5,10,1,8,10,5,5,3,2,7,7,700.9,0,0
3,4,5,5,7,1,10,10,5,5,2,2,7,10,709.4,0,0
3,3,6,2,3,2,2,0,5,8,1,2,0,5,591.0,1,3
3,4,3,6,1,1,6,3,2,9,5,2,2,10,677.3,1,3
3,0,3,3,2,2,4,3,2,8,2,2,6,10,666.9,1,2
2,5,6,6,10,2,7,2,1,8,3,2,0,2,636.1,1,1
3,3,7,10,6,1,7,4,10,7,3,2,2,6,698.9,1,2
3,4,9,8,9,2,2,7,8,9,9,2,6,9,680.2,0,2
3,4,4,5,10,1,7,5,6,7,0,2,1,7,682.8,1,2
2,5,6,0,3,1,0,0,1,9,3,1,1,1,571.7,1,1
2,3,2,1,1,1,0,0,1,9,3,1,1,2,570.0,1,1
3,4,3,6,10,1,7,4,6,6,5,2,4,5,679.2,0,1
1,5,8,0,10,2,1,0,1,5,8,2,0,0,553.9,1,1
5,1,3,10,2,2,7,8,6,7,2,2,3,10,681.1,1,3
4,2,8,7,6,2,6,5,4,7,1,2,2,6,675.6,1,2
5,3,5,6,2,2,8,0,5,7,2,2,0,5,629.9,1,2
2,3,8,8,10,1,10,5,7,7,1,2,2,4,698.3,0,1
3,4,7,7,10,2,9,7,10,6,8,1,6,3,652.8,0,2
4,3,5,1,1,1,8,1,10,6,2,2,2,2,649.4,1,2
3,1,3,10,2,2,10,8,10,7,2,2,8,10,722.7,0,2
1,4,1,3,5,1,2,3,4,6,4,1,1,2,593.8,1,1
5,3,6,5,10,1,8,4,3,7,1,2,3,7,716.2,0,3
3,0,7,8,6,2,8,1,6,8,1,2,5,10,700.0,1,3
4,5,6,7,3,2,3,3,1,7,10,2,5,6,644.4,1,2
4,3,6,1,7,1,7,1,3,7,4,2,0,2,655.0,1,2
3,3,4,7,10,1,6,9,7,8,4,2,8,9,724.0,1,1
5,4,5,10,6,2,8,7,8,7,2,2,3,7,705.3,1,3
5,2,6,6,8,2,9,8,6,7,4,2,8,10,723.6,1,2
1,2,3,2,2,1,5,1,10,8,1,2,1,3,629.4,0,1
3,5,3,4,4,1,6,2,6,7,4,1,6,7,650.5,0,2
5,4,10,10,4,2,8,2,10,8,10,2,4,8,712.7,1,2
5,2,10,10,10,1,10,7,6,7,2,2,4,8,752.5,1,3
3,2,7,4,6,1,8,3,6,9,1,2,7,2,708.7,1,1
5,4,5,10,10,2,5,2,5,8,1,1,5,5,652.2,1,1
4,1,4,8,10,2,8,3,10,8,3,2,2,5,690.6,1,1
2,2,4,8,8,1,6,2,7,8,1,2,1,10,698.5,0,1
5,1,7,6,8,1,6,4,8,7,3,2,1,4,701.9,0,1
5,1,10,9,10,2,7,8,5,8,1,2,7,8,749.1,1,3
4,5,10,10,10,2,9,9,10,6,6,2,8,10,731.0,1,3
2,4,10,10,10,1,10,2,8,8,1,2,7,9,712.3,1,1
2,3,0,0,2,1,4,0,8,7,4,2,0,6,584.6,0,1
1,1,2,6,10,1,3,8,9,8,4,1,1,8,666.6,0,1
3,3,10,5,5,1,5,2,1,6,3,2,2,10,645.9,1,1
5,3,9,4,2,1,2,2,9,8,3,2,1,6,671.7,1,3
2,3,10,0,2,1,5,0,4,9,0,2,0,4,660.7,0,1
5,1,8,1,2,1,8,3,2,7,1,2,0,3,666.7,1,3
2,0,7,4,2,1,3,0,8,6,3,2,1,3,660.9,1,1
1,2,6,6,1,1,7,2,3,8,5,1,6,7,641.6,1,0
0,2,4,3,1,1,6,4,2,7,0,2,4,5,654.8,0,1
5,2,3,6,8,2,6,5,4,7,6,2,2,6,648.4,1,3
4,4,9,10,10,1,8,2,8,6,3,2,2,9,708.5,1,3
3,1,2,4,5,1,6,2,5,7,2,2,2,4,660.5,1,1
3,3,5,2,3,2,9,2,1,8,6,2,1,4,644.6,1,2
3,3,2,6,7,1,5,5,8,7,5,2,8,2,683.2,1,1
4,4,6,10,10,1,6,3,10,6,2,2,4,4,698.7,1,1
3,3,6,5,6,1,4,3,8,7,4,2,2,7,664.5,1,0
1,3,2,4,2,1,2,2,2,9,1,2,0,10,600.8,1,2
1,5,2,10,10,1,9,3,7,6,5,2,0,0,636.9,1,2
3,1,4,6,10,2,7,3,6,6,1,2,10,7,699.6,0,2
1,0,6,4,6,2,4,3,1,9,1,2,3,6,639.7,0,1
4,1,5,6,5,1,3,1,1,8,1,1,1,9,617.4,1,3
5,3,6,3,3,1,8,2,9,8,2,2,1,8,658.1,1,3
5,2,10,10,5,1,3,3,10,7,1,2,4,10,746.5,1,3
4,2,6,3,3,1,3,2,8,7,2,2,6,4,666.2,1,2
3,1,10,10,10,2,7,3,2,9,0,2,10,10,721.5,1,3
3,3,10,10,2,2,8,5,6,7,2,2,2,6,694.7,1,3
3,2,1,3,3,1,8,2,2,8,1,2,2,8,680.5,0,3
4,3,4,2,8,1,4,1,8,6,2,2,2,7,650.7,1,2
1,4,8,9,8,1,8,6,5,5,2,1,4,3,677.1,1,2
3,3,2,1,4,1,4,1,8,8,2,1,1,10,618.8,1,1
3,2,3,1,2,1,8,1,10,7,2,2,0,3,649.6,1,1
1,5,1,0,3,2,2,2,1,4,1,1,0,5,550.3,0,2
2,4,4,4,6,1,3,4,3,5,5,1,3,2,618.9,1,1
1,5,1,0,3,2,2,1,1,4,1,1,0,3,541.8,0,2
3,5,2,2,1,2,3,2,5,9,0,1,3,7,615.0,0,2
3,4,10,10,6,1,8,2,6,6,2,2,4,10,720.0,0,3
2,4,5,0,2,1,4,2,5,7,10,2,5,10,609.5,1,1
4,1,10,10,6,1,6,8,10,7,1,2,7,10,734.6,1,3
4,4,8,7,10,2,7,9,7,8,2,2,7,8,720.6,1,2
1,3,10,5,10,2,5,6,8,6,3,2,10,5,696.6,1,3
5,0,5,7,6,1,7,3,9,8,0,2,5,10,748.2,1,1
5,4,4,7,7,2,9,4,10,7,1,2,2,9,664.9,1,3
2,5,3,7,4,1,4,4,2,7,9,2,8,10,658.2,1,0
5,0,7,3,4,1,10,7,9,9,1,2,3,9,731.4,0,2
2,1,6,10,5,1,8,2,9,8,1,2,4,10,734.6,0,3
1,3,4,3,5,2,5,2,1,10,5,2,3,5,639.9,1,2
3,2,10,10,10,1,9,4,8,6,1,2,4,5,740.8,0,1
2,4,10,5,9,1,6,3,3,8,5,2,3,4,672.2,1,2
3,4,4,4,7,2,8,4,5,5,5,2,5,5,651.6,1,1
2,5,2,3,4,2,1,1,2,5,0,1,2,1,577.9,1,1
3,1,5,0,2,1,2,1,8,10,1,2,0,2,639.6,1,1
4,2,4,3,4,1,8,1,7,7,2,2,4,2,674.5,1,1
5,5,4,2,10,1,3,2,10,6,1,1,2,4,674.9,0,2
5,4,4,10,5,1,3,8,10,6,1,2,9,7,697.0,0,2
2,3,3,2,1,2,8,1,4,7,5,2,1,10,619.5,0,2
3,1,4,2,7,2,2,3,2,6,1,2,2,1,654.6,0,1
3,1,3,6,10,2,7,1,8,6,4,2,4,10,693.2,1,2
3,2,2,5,3,2,5,0,4,8,1,2,2,7,653.7,1,3
2,1,7,2,2,1,10,10,3,9,1,2,6,10,694.5,1,1
5,3,2,5,4,1,5,1,10,7,4,2,1,5,664.9,1,2
2,5,4,6,5,2,2,5,2,7,3,2,7,6,654.8,1,2
5,5,5,10,10,1,10,5,5,10,5,1,10,10,707.0,0,1
1,2,8,10,10,1,9,1,10,8,5,2,1,1,687.2,1,1
3,1,7,5,10,1,4,5,10,7,1,1,5,5,676.8,1,3
4,4,8,5,4,2,7,3,9,7,3,2,3,10,714.0,1,3
4,3,7,4,5,2,7,8,2,7,3,2,6,2,665.0,1,1
2,1,7,10,10,2,7,6,6,7,5,2,8,8,689.6,0,2
4,4,3,4,10,1,4,1,10,6,2,2,4,1,652.8,1,2
3,1,10,10,10,2,9,8,8,6,1,1,8,8,739.1,1,3
4,5,6,10,10,1,2,2,8,7,3,2,6,5,708.7,1,2
1,3,5,4,5,1,9,4,3,6,2,2,7,4,658.2,1,2
3,2,7,4,4,2,6,5,5,6,1,1,1,5,626.3,0,2
2,3,4,3,7,2,7,1,10,8,0,2,1,3,646.4,1,2
3,4,4,5,5,1,8,6,7,6,4,2,2,7,670.9,1,3
1,3,6,6,4,2,7,1,2,8,3,2,1,4,643.1,0,1
5,4,2,8,3,2,8,2,10,7,6,1,6,8,661.5,0,3
3,2,10,8,10,2,10,8,10,8,4,2,6,6,721.2,1,2
3,3,7,10,2,2,10,3,2,8,2,1,8,10,699.2,1,1
1,3,4,8,2,2,1,2,3,3,7,1,6,2,560.7,1,1
5,3,10,10,10,1,7,4,10,9,3,2,8,8,752.0,1,1
0,5,6,0,0,1,3,0,1,6,10,2,0,10,567.7,0,1
3,4,4,7,10,1,8,3,4,8,4,2,2,8,674.1,0,2
3,3,8,10,10,1,7,3,4,8,3,2,2,6,691.1,0,2
5,3,7,9,5,1,3,5,10,6,6,2,1,7,702.1,1,2
2,1,3,9,10,2,7,9,10,6,1,2,6,6,703.8,1,2
1,5,1,0,2,1,2,0,1,9,1,2,0,1,588.7,1,1
0,2,2,10,3,1,0,4,7,8,1,2,0,7,659.4,1,1
1,5,7,3,3,1,3,1,4,10,5,2,1,3,609.9,1,1
5,5,2,3,10,2,5,0,3,8,7,2,1,7,643.3,0,1
1,5,7,6,4,1,2,2,5,6,5,2,3,10,665.4,1,1
5,1,7,10,5,2,8,2,6,8,1,2,7,10,727.2,1,3
2,3,3,4,4,2,6,2,5,6,0,1,2,5,597.4,0,3
4,4,7,10,10,2,7,2,7,8,6,2,3,4,712.1,1,2
3,2,3,6,7,1,6,7,10,8,3,2,8,7,719.5,1,2
4,2,4,5,2,1,9,4,10,6,0,2,3,7,720.8,0,3
5,3,9,7,6,2,7,1,8,5,3,2,1,7,664.1,0,2
5,2,8,5,5,2,6,4,10,8,1,2,4,10,700.8,1,1
3,4,10,10,10,2,4,7,5,6,6,2,5,1,697.7,1,3
5,2,6,7,5,2,8,2,6,8,3,2,7,6,698.3,1,3
3,3,6,10,10,2,7,4,9,9,2,2,4,5,694.0,1,1
5,3,5,7,10,1,7,8,4,7,3,1,8,7,689.2,1,1
3,4,9,8,4,2,7,2,1,6,10,1,0,3,603.4,1,1
2,2,3,0,1,1,6,2,3,8,2,2,0,3,607.6,0,2
1,5,10,10,6,1,8,3,2,7,3,2,4,7,685.4,0,1
2,4,6,4,4,2,2,2,2,6,8,2,0,4,625.7,1,1
2,2,5,3,5,1,5,5,4,5,4,2,3,7,671.8,1,1
1,3,4,6,4,2,6,2,6,6,4,1,5,2,636.7,0,2
5,5,7,5,5,2,10,3,10,9,3,1,2,3,634.7,1,3
3,3,4,10,3,1,5,1,9,9,1,1,1,10,653.2,1,2
5,3,10,10,10,2,7,4,5,8,1,2,3,10,711.7,1,3
3,3,8,2,10,2,2,8,6,6,0,2,2,2,662.2,1,1
4,2,10,10,5,2,7,4,6,6,0,2,5,2,708.1,1,1
3,2,3,10,10,2,8,1,6,5,1,2,8,10,680.7,0,2
1,1,3,5,5,1,2,1,3,10,0,2,5,4,657.3,1,2
1,1,4,8,7,2,10,1,3,8,5,2,8,8,690.9,1,2
3,5,3,4,2,1,4,0,3,8,0,1,1,7,614.4,1,1
2,3,1,2,2,1,3,1,2,6,0,1,1,3,591.7,1,1
4,4,4,3,4,1,8,1,8,6,6,2,3,7,662.6,0,1
2,3,5,10,4,2,4,1,1,5,1,1,2,10,608.3,1,2
3,4,3,10,10,2,7,4,5,6,1,2,8,5,672.2,0,2
5,1,1,10,3,1,8,2,5,8,1,2,2,10,710.0,0,2
4,0,5,10,5,2,7,8,8,7,0,2,6,10,737.6,1,3
1,4,5,0,1,1,1,0,5,7,3,1,0,0,563.6,1,1
3,4,7,5,4,1,5,2,10,9,2,2,1,6,651.7,1,1
3,2,5,5,10,1,5,5,1,8,0,2,5,5,692.2,1,2
4,3,8,5,10,2,7,6,2,7,6,2,6,6,675.2,1,3
2,2,8,10,7,2,3,7,4,8,3,2,4,4,680.9,1,2
3,5,2,2,2,2,7,3,5,5,8,1,5,7,615.9,1,1
0,5,3,7,3,2,5,2,1,6,1,2,1,10,622.1,1,3
2,5,6,10,2,1,8,1,9,8,1,1,2,10,646.2,0,2
4,1,6,10,9,1,8,5,9,9,3,2,8,8,758.6,1,2
4,3,3,10,4,2,3,4,10,7,7,2,4,7,649.6,0,1
5,1,10,6,5,2,10,2,8,7,1,2,4,5,686.6,1,3
3,4,4,7,10,1,6,2,8,7,1,1,2,4,679.8,1,1
4,3,10,10,5,2,8,6,10,7,3,2,7,7,732.9,1,3
5,1,5,7,6,1,9,3,10,7,3,2,6,6,710.8,1,1
3,1,4,2,3,2,1,1,1,4,3,2,2,7,611.5,1,3
5,3,5,9,10,2,9,6,8,5,6,2,1,1,677.7,1,2
4,4,6,5,8,2,8,5,5,5,4,2,5,5,665.2,0,3
2,0,9,5,10,2,8,10,5,10,7,2,8,10,705.3,1,2
2,4,3,1,5,2,3,2,10,4,0,2,0,1,613.3,0,0
2,4,5,3,8,1,10,2,8,9,0,2,4,3,670.0,0,1
3,3,6,3,7,1,4,8,8,6,3,2,6,3,713.6,1,1
4,4,8,3,3,1,7,2,6,7,1,2,0,10,670.9,1,2
4,2,4,5,2,1,9,4,10,6,0,2,3,7,720.8,0,3
3,1,10,8,8,2,8,8,6,9,2,2,9,6,720.6,1,2
2,5,7,5,1,2,4,2,6,7,5,1,3,2,614.8,1,2
2,2,10,10,10,2,7,7,9,7,4,2,8,6,722.5,1,3
4,1,6,3,10,2,3,4,6,7,3,2,4,9,687.9,0,3
0,1,1,10,4,1,4,4,1,10,10,1,1,10,611.0,1,1
1,1,1,0,4,1,0,1,6,7,3,1,3,10,604.6,1,1
3,2,3,10,10,2,8,8,8,7,5,2,7,8,717.2,0,1
2,5,3,10,10,1,8,2,5,8,3,2,6,3,677.7,1,2
2,5,10,10,10,2,6,2,3,6,7,2,2,10,690.5,1,2
5,5,4,5,10,2,8,6,8,7,8,2,1,4,640.7,1,2
2,1,10,4,10,1,6,5,6,8,2,2,8,10,710.2,1,2
5,2,10,10,10,2,8,8,2,8,0,2,10,5,750.2,0,3
5,2,6,8,5,2,7,4,6,8,1,2,6,5,708.5,1,3
4,4,6,3,0,1,3,3,8,8,0,2,0,10,664.7,0,1
3,3,5,3,10,2,5,1,6,6,2,2,6,7,660.5,1,3
2,4,5,4,3,1,8,4,8,7,3,2,3,4,681.5,0,3
2,4,8,10,10,2,7,6,8,7,5,2,10,4,693.4,1,2
1,1,5,4,2,1,7,2,1,8,0,1,0,4,646.3,1,1
1,4,6,6,10,2,4,3,3,5,1,2,2,5,649.5,1,3
1,2,4,5,10,1,3,2,8,7,5,2,5,7,676.4,0,1
5,2,7,4,3,1,8,1,7,8,1,2,4,5,684.9,1,1
2,2,5,5,5,2,7,7,7,7,6,2,4,7,664.3,0,3
5,1,6,8,10,2,9,8,10,8,1,2,8,8,745.0,0,2
3,0,4,10,10,2,8,1,10,6,3,2,1,8,703.8,1,3
3,5,10,10,10,1,10,10,2,5,8,1,0,0,628.9,1,2
1,4,5,10,3,2,8,7,9,8,1,1,6,10,653.0,1,1
5,2,10,10,10,2,8,9,10,7,3,2,8,10,743.1,1,3
5,2,8,10,3,2,8,7,8,8,0,1,4,2,695.3,1,0
4,3,8,9,10,1,10,2,9,8,1,2,4,10,738.0,1,1
2,3,10,10,10,1,5,8,8,7,1,1,5,3,712.1,0,1
2,2,4,6,3,1,5,3,7,8,2,2,2,10,676.4,0,0
4,4,3,10,8,1,5,5,9,7,4,2,1,10,698.7,1,3
2,2,5,5,10,1,5,6,5,8,3,2,2,5,662.4,1,1
3,2,10,10,10,2,8,3,8,8,2,2,7,10,732.7,0,2
3,4,2,3,5,2,7,6,7,9,8,2,3,10,649.4,1,2
0,1,0,0,2,2,3,0,1,9,1,2,0,6,580.2,1,2
4,2,4,10,10,1,3,3,10,8,2,1,1,7,663.4,1,1
3,0,6,3,7,2,7,4,8,6,1,2,1,5,657.5,0,3
5,5,8,7,4,2,6,3,2,9,1,1,3,10,655.2,1,1
5,3,6,10,6,1,8,2,3,7,2,2,2,7,692.4,1,2
2,2,3,1,4,1,5,2,7,8,3,1,2,3,628.8,0,1
1,4,0,4,4,1,2,0,3,6,0,2,2,2,591.9,1,0
5,2,6,4,10,1,7,3,6,7,1,2,0,8,691.3,1,2
1,4,5,5,10,2,8,2,3,7,3,2,1,5,665.2,0,2
3,5,7,5,5,2,6,2,5,8,3,2,8,5,682.8,0,2
5,3,4,6,1,1,7,4,10,8,1,2,3,4,705.9,1,2
3,3,8,4,5,1,3,6,4,7,1,1,0,2,646.7,0,2
1,1,4,8,4,1,9,3,5,8,7,2,8,8,681.1,1,2
4,3,10,10,7,1,5,8,10,8,0,2,7,4,751.8,1,1
4,3,3,5,3,1,5,7,6,8,2,2,3,10,703.4,1,3
3,4,3,2,2,1,8,2,5,7,7,2,1,7,621.4,0,1
0,2,6,2,2,2,2,3,4,7,4,1,3,5,592.3,1,1
3,4,3,1,3,1,3,0,5,7,1,2,0,5,604.4,0,1
2,4,5,2,6,2,2,2,4,7,5,2,0,1,602.5,0,1
3,1,5,5,5,2,7,1,9,7,2,2,2,7,656.2,1,2
2,2,10,5,6,1,8,8,10,7,2,2,3,3,709.1,0,1
0,4,2,4,10,2,7,3,1,7,2,2,1,1,596.8,0,2
1,3,10,10,10,1,8,10,2,7,0,2,8,7,714.3,1,1
5,1,4,10,4,1,7,1,10,7,8,1,2,7,664.9,1,2
0,4,6,5,7,1,4,1,3,7,3,2,0,2,605.7,0,2
5,2,3,2,2,2,2,1,7,7,3,1,1,3,581.0,1,1
1,3,1,4,2,2,4,2,7,6,7,1,1,3,572.3,0,2
4,1,8,10,3,1,8,5,10,7,0,2,4,10,731.2,1,1
5,3,5,5,4,1,3,4,3,7,5,2,1,6,644.8,0,1
2,3,5,3,3,1,5,1,3,8,6,2,1,7,648.4,1,2
1,3,8,3,4,1,5,3,5,7,4,1,1,5,628.2,1,1
1,3,8,3,4,1,5,3,5,7,4,1,1,5,628.2,1,1
0,3,10,4,5,2,6,2,2,6,6,2,1,3,618.9,1,1
2,3,7,6,5,2,3,4,9,7,5,2,3,6,669.8,1,1
3,4,10,7,5,2,5,4,9,7,1,1,4,3,651.1,0,3
3,2,7,5,3,1,7,4,6,8,2,2,5,10,708.5,1,1
1,4,4,1,7,1,4,2,2,6,7,1,8,7,605.3,1,3
5,3,6,5,10,1,4,2,10,6,1,2,3,5,685.1,1,1
3,2,8,5,2,1,5,1,4,9,0,2,4,10,694.7,1,3
4,1,5,3,7,1,7,1,9,6,2,2,1,7,664.5,1,1
1,2,6,2,5,1,1,3,5,9,2,1,2,4,604.8,1,1
3,4,4,4,10,1,10,7,4,8,5,2,4,10,694.5,1,0
4,2,2,4,2,1,5,7,5,8,0,2,2,8,670.9,1,3
3,4,7,5,3,1,2,2,5,6,1,2,1,5,645.0,1,2
2,4,7,8,10,2,7,1,5,8,2,2,0,3,660.7,1,1
3,3,10,10,8,2,6,6,10,7,2,2,9,7,731.2,1,1
3,5,8,10,10,1,9,1,6,7,0,1,3,10,677.7,1,1
5,3,10,8,8,1,8,3,10,8,6,2,3,10,746.7,1,2
5,2,8,10,10,1,9,10,8,8,2,2,8,8,790.5,0,2
3,1,5,5,3,2,8,4,3,7,3,2,3,7,663.5,0,3
5,5,2,7,8,1,9,5,1,7,1,2,6,10,693.7,1,1
5,2,8,10,10,1,10,8,8,8,2,2,8,8,785.4,0,2
2,4,5,7,3,1,8,4,4,5,3,1,5,7,653.1,1,1
2,5,7,10,8,2,8,4,2,7,5,2,2,5,676.9,1,1
2,5,7,10,8,2,8,4,2,7,5,2,2,5,676.9,1,1
3,4,6,5,7,1,9,1,7,8,2,1,3,3,649.2,1,1
0,5,2,10,10,1,4,4,5,6,3,1,2,1,622.9,1,3
2,0,4,4,5,1,8,2,10,7,0,2,2,10,688.7,0,3
2,3,5,10,8,1,5,5,3,7,5,2,5,5,685.6,1,1
1,1,3,10,10,2,9,3,3,7,2,2,5,10,689.0,0,3
5,4,4,8,2,1,3,3,7,7,1,1,0,2,620.1,1,1
4,4,4,4,2,2,6,6,3,6,1,2,8,3,627.6,0,2
3,3,4,0,10,2,8,2,10,7,1,1,2,5,644.5,1,3
3,3,8,7,4,1,7,5,6,6,0,2,5,8,714.9,1,1
4,3,10,10,8,1,7,3,5,7,1,2,1,10,716.6,0,1
1,1,8,2,7,1,6,10,1,8,2,2,6,8,682.0,1,1
5,4,2,10,10,2,7,4,1,8,2,2,8,4,651.4,1,1
