FRUITS_VEGGIES,DAILY_STRESS,PLACES_VISITED,CORE_CIRCLE,SUPPORTING_OTHERS,SOCIAL_NETWORK,ACHIEVEMENT,DONATION,BMI_RANGE,TODO_COMPLETED,FLOW,DAILY_STEPS,LIVE_VISION,SLEEP_HOURS,LOST_VACATION,DAILY_SHOUTING,SUFFICIENT_INCOME,PERSONAL_AWARDS,TIME_FOR_PASSION,WEEKLY_MEDITATION,AGE,WORK_LIFE_BALANCE_SCORE,GENDER_Male
3,2,2,5,0,5,2,0,1,6,4,5,0,7,5,5,1,4,0,5,2,609.5,False
2,3,4,3,8,10,5,2,2,5,2,5,5,8,2,2,2,3,2,6,2,655.6,False
2,3,3,4,4,10,3,2,2,2,2,4,5,8,10,2,2,4,8,3,2,631.6,False
3,3,10,3,10,7,2,5,2,3,5,5,0,5,7,5,1,5,2,0,3,622.7,False
5,1,3,3,10,4,2,4,2,5,0,5,0,7,0,0,2,8,1,5,3,663.9,False
3,2,3,9,10,10,2,3,1,6,1,7,10,8,0,2,2,10,8,3,3,722.3,False
4,2,10,6,10,10,3,5,2,8,8,7,5,7,10,0,2,10,8,10,3,727.2,True
3,4,5,3,5,7,4,0,1,8,2,8,10,6,0,2,2,8,2,2,1,676.2,False
5,3,6,4,3,3,5,4,1,10,2,1,5,10,0,2,2,10,3,10,1,702.8,False
4,4,2,6,10,10,0,4,2,3,2,3,0,6,0,0,1,3,8,1,3,634.4,False
2,4,7,7,1,1,3,0,2,2,2,7,4,8,7,3,2,3,0,6,2,610.1,False
1,4,3,8,0,2,1,0,1,2,1,8,2,7,7,1,2,4,1,7,1,618.6,True
2,2,10,5,2,8,3,4,2,7,1,6,10,8,0,0,2,5,2,7,1,686.4,True
5,3,0,3,6,6,6,3,1,8,7,7,2,6,0,3,2,5,6,5,2,689.6,False
3,3,2,3,7,5,3,2,1,8,0,2,5,8,3,2,1,4,5,4,1,639.7,False
3,3,5,4,10,10,2,5,1,7,2,8,10,6,1,2,2,8,3,10,3,720.4,False
4,2,10,4,6,10,4,0,1,8,2,1,1,8,1,1,2,3,3,3,1,673.5,True
4,2,10,10,5,10,0,1,1,7,1,10,2,8,0,3,2,4,8,6,1,707.6,True
5,3,10,7,10,5,6,5,1,6,2,8,10,9,0,7,2,5,4,7,2,727.8,False
3,1,6,10,10,6,3,5,2,8,4,1,5,8,0,0,2,5,1,2,2,687.1,True
2,4,3,8,6,5,1,2,1,8,1,4,6,4,0,3,2,3,2,5,1,652.9,True
3,5,5,4,5,3,2,5,2,10,6,3,3,7,5,7,2,10,10,10,1,668.6,False
5,2,8,6,10,10,6,4,2,4,4,3,3,7,1,2,2,10,6,8,2,709.4,True
2,2,6,10,10,10,10,5,1,10,6,7,4,7,0,1,2,10,5,7,2,752.7,True
2,4,6,10,5,5,6,4,2,6,1,7,10,6,0,3,2,1,3,10,2,677.7,False
1,5,1,3,6,5,3,5,1,2,2,8,1,7,0,6,2,5,1,1,1,633.9,True
1,4,1,2,5,3,1,5,1,1,5,8,1,7,0,4,2,2,1,1,1,628.8,True
2,4,10,3,10,7,8,3,1,6,0,5,5,7,0,1,2,10,2,2,1,692.8,False
3,4,6,4,7,10,3,3,1,4,1,10,5,6,0,3,1,7,2,8,2,673.2,False
4,2,10,3,1,2,3,3,1,7,2,4,1,7,0,3,2,10,1,7,0,673.9,False
5,3,10,3,7,5,3,2,1,7,2,10,10,7,0,0,1,10,5,10,1,712.5,True
3,1,3,5,2,10,4,2,1,5,4,3,10,8,0,1,2,10,4,1,2,692.6,False
0,5,0,3,3,8,1,5,2,4,4,1,1,6,10,10,2,3,2,1,2,574.5,False
1,3,10,3,2,3,2,0,1,2,2,5,2,8,0,0,1,4,3,7,3,630.1,False
4,2,10,6,10,8,10,2,1,10,2,10,5,7,0,3,2,10,4,10,1,746.5,True
3,3,0,2,0,5,0,5,2,3,1,2,0,6,0,6,1,2,2,10,1,591.7,True
2,3,7,4,10,8,10,5,1,5,5,2,10,6,0,3,2,10,6,10,3,729.4,False
2,5,1,8,5,2,2,5,2,2,0,10,0,8,7,10,1,2,0,10,2,593.7,False
4,1,1,10,10,10,5,5,2,8,3,7,3,6,7,2,1,6,4,10,3,682.8,True
5,3,6,6,10,7,3,5,1,8,5,3,4,9,0,3,2,6,6,10,3,723.4,False
4,2,10,8,8,4,6,3,1,5,4,3,2,7,10,1,2,5,4,8,1,687.3,False
4,3,10,8,10,3,2,3,2,0,0,3,0,5,0,2,2,4,0,2,3,635.9,False
2,3,0,8,10,10,1,2,2,5,0,2,10,9,0,3,1,10,0,10,3,655.2,False
3,2,4,1,1,10,3,2,1,7,5,7,2,7,4,3,1,3,5,8,1,652.4,True
2,3,3,10,3,4,0,4,1,7,1,8,1,8,0,3,2,2,2,3,2,657.9,False
3,5,10,2,9,10,5,5,1,10,1,10,10,5,10,7,2,7,2,2,2,686.6,False
5,3,10,10,10,6,4,5,1,7,4,10,2,6,5,1,2,8,4,10,3,732.7,False
4,2,10,10,5,8,5,2,2,6,3,10,2,8,2,2,1,10,3,7,1,685.5,False
3,2,8,10,10,10,8,5,2,10,3,7,10,7,1,2,2,10,3,10,3,742.5,False
2,3,3,10,10,10,5,1,2,7,4,2,6,8,0,2,2,4,1,1,2,663.5,False
4,3,6,3,10,10,5,4,1,4,6,8,3,7,0,4,2,4,5,9,1,710.4,False
3,5,8,9,5,10,4,2,2,8,4,10,2,8,10,4,2,3,3,5,1,658.3,False
1,2,4,6,1,10,4,0,2,5,1,5,1,6,0,1,2,8,1,2,2,633.1,True
5,2,3,6,4,9,3,2,1,5,3,6,3,8,0,3,2,2,3,5,3,677.9,False
4,2,5,10,10,2,5,3,2,4,2,1,1,6,10,1,2,3,4,4,1,640.8,False
1,4,1,1,1,7,1,0,1,0,5,3,1,6,10,8,1,2,2,1,0,557.9,False
4,2,8,6,2,10,1,1,2,6,3,5,10,8,3,3,2,10,1,2,2,669.2,False
5,4,10,6,5,10,7,4,1,4,4,10,1,7,0,2,2,6,4,5,2,712.5,True
4,3,10,1,10,2,4,5,1,9,2,10,2,7,0,0,2,10,1,7,3,712.5,False
0,5,0,2,1,2,0,5,1,0,0,1,0,10,0,2,1,1,0,0,1,571.9,True
0,5,0,2,1,2,1,5,1,1,0,1,0,10,0,2,1,1,0,0,1,575.3,True
4,3,1,7,5,8,5,3,1,7,3,8,3,7,10,1,2,3,9,4,1,678.1,False
5,2,4,5,4,4,2,1,1,4,4,6,3,7,8,3,1,4,8,8,1,648.8,True
1,1,10,2,1,5,1,0,1,5,4,8,1,6,5,0,2,4,1,7,1,649.0,True
2,5,6,4,10,0,10,3,1,5,1,2,1,9,0,4,1,10,1,10,2,656.9,False
3,3,6,8,7,6,6,2,1,8,4,5,3,6,4,7,2,5,4,8,1,680.7,False
3,3,6,8,7,6,6,2,1,8,4,5,3,6,4,7,1,5,4,8,1,663.7,False
2,1,3,3,2,4,1,5,2,5,2,10,1,7,0,1,2,5,3,10,1,661.5,True
3,1,1,1,1,3,1,1,1,0,0,6,0,7,2,2,2,3,1,1,3,609.7,False
3,2,6,4,10,10,1,1,2,7,0,1,1,8,0,1,2,6,2,6,1,656.5,False
4,3,10,10,10,10,3,3,1,9,3,8,3,8,0,0,2,5,6,10,1,739.5,True
3,5,4,0,2,3,0,5,1,8,2,10,0,4,0,0,2,5,1,10,1,657.5,False
0,4,0,2,2,3,1,0,2,1,0,4,0,4,0,10,1,1,0,0,2,528.8,False
4,3,10,8,10,10,4,5,2,10,2,7,5,6,10,1,2,10,1,3,3,694.7,True
5,1,10,4,2,2,0,1,1,10,1,4,0,8,10,2,2,4,5,10,3,662.2,False
5,2,3,1,10,10,3,5,1,8,2,5,2,7,1,0,2,5,2,10,1,704.7,False
5,2,10,1,4,5,0,5,1,8,2,10,1,8,0,6,2,10,1,6,2,694.0,False
3,3,8,10,5,7,3,4,1,8,4,10,5,8,0,1,1,10,3,7,1,709.3,False
0,5,0,2,0,0,3,0,2,0,1,1,10,6,10,10,1,2,1,10,1,538.8,True
1,1,2,2,1,3,4,0,1,2,2,8,10,8,0,1,2,1,1,10,0,654.5,True
5,1,6,4,10,4,5,1,2,10,1,1,10,8,0,3,2,0,3,10,3,680.3,False
3,4,8,7,5,7,8,2,2,7,2,3,4,6,6,5,2,10,0,4,1,651.4,False
5,2,10,5,5,10,5,2,1,9,4,2,10,8,0,0,2,7,5,5,1,724.7,False
5,2,3,6,10,10,5,2,2,5,2,6,0,6,1,0,2,8,2,5,3,677.5,False
4,4,8,2,10,10,6,5,2,6,5,7,8,6,10,0,2,10,3,7,3,696.4,False
2,4,10,6,4,5,3,1,1,8,1,2,2,8,0,1,1,10,6,4,2,658.4,False
5,0,8,3,10,7,6,3,1,10,4,8,5,8,0,1,2,10,5,10,2,749.7,False
3,4,4,7,4,4,10,5,2,6,1,9,8,6,0,9,2,7,1,10,2,676.4,False
3,4,1,4,2,5,2,2,2,1,1,9,0,6,7,10,2,2,0,10,1,594.8,False
5,3,8,1,10,10,8,5,1,9,5,10,10,8,2,0,2,8,5,10,1,758.6,False
3,4,3,1,4,3,4,0,1,5,0,7,1,6,1,7,2,10,1,10,1,640.3,True
3,2,2,3,8,10,2,1,1,8,1,8,8,7,2,2,2,2,1,7,2,678.1,True
2,3,10,4,10,10,3,1,2,8,3,4,3,6,0,1,2,10,1,7,2,678.8,True
1,5,0,1,1,3,4,1,2,1,0,1,0,10,10,6,2,3,0,1,2,551.5,False
5,5,2,2,10,8,1,0,1,9,2,10,3,6,3,3,1,4,2,1,1,639.2,False
1,3,10,6,10,10,8,4,1,9,6,7,5,7,5,1,2,7,5,3,1,718.7,False
1,3,10,6,7,10,7,3,1,9,4,5,5,7,4,2,2,7,3,3,1,697.9,False
2,3,6,3,5,5,5,3,1,5,3,4,4,7,0,1,2,5,4,4,3,670.5,False
4,3,8,10,10,10,2,1,1,4,3,3,10,7,7,6,1,5,2,6,2,666.9,False
5,4,3,10,4,8,6,2,2,4,0,8,5,6,0,5,1,4,2,3,1,638.8,True
5,4,10,3,10,8,0,5,2,3,1,5,2,6,0,3,1,4,5,6,1,651.8,False
3,2,2,3,2,3,4,1,1,8,3,10,1,9,8,2,1,4,2,9,1,639.8,True
3,2,3,8,8,5,3,5,1,5,1,6,10,7,0,6,2,2,2,7,2,687.9,False
2,3,6,10,3,4,0,1,2,1,2,2,0,7,9,1,2,1,0,2,1,593.6,False
3,4,10,8,8,3,1,1,1,6,1,5,0,8,10,7,1,10,1,3,1,626.7,False
2,2,5,1,0,10,10,1,1,7,3,3,3,6,1,1,1,10,1,7,1,658.2,True
1,2,0,4,1,1,1,0,1,8,0,1,0,7,0,3,1,5,5,7,3,605.3,False
3,2,3,6,5,9,6,4,2,5,4,1,5,6,3,2,1,10,2,2,2,645.9,False
2,2,3,6,3,2,5,3,1,4,3,6,2,8,2,0,2,5,5,6,1,669.4,True
1,3,2,5,1,2,1,0,1,2,1,10,0,7,0,0,1,0,0,7,1,605.4,False
3,2,9,7,7,5,3,4,2,9,2,5,10,6,0,3,2,5,2,8,3,690.9,False
5,2,10,7,4,3,5,2,1,7,7,1,9,9,8,3,2,10,5,10,0,709.4,False
3,5,0,3,2,10,0,0,2,10,1,10,10,6,0,4,1,0,3,10,1,627.3,False
2,5,0,10,3,2,4,1,1,5,2,4,0,8,0,10,2,10,3,10,3,643.5,False
2,1,1,0,0,6,2,0,1,5,2,8,2,7,2,3,2,5,4,4,1,637.3,True
1,2,6,8,4,5,2,1,1,5,1,9,5,10,0,3,2,1,2,4,1,665.3,False
5,2,10,5,6,5,8,3,1,7,3,10,2,9,5,5,2,8,3,10,1,714.6,True
5,3,0,6,5,10,2,1,1,9,3,9,2,5,2,6,1,3,5,3,1,649.0,False
5,2,10,4,4,10,4,3,1,9,2,10,1,7,0,3,2,9,1,10,2,717.6,False
5,4,10,3,10,10,8,4,1,8,2,10,10,7,0,0,2,10,2,8,2,748.2,True
3,5,0,7,2,5,1,2,1,3,1,9,0,7,0,8,2,6,0,10,2,637.5,False
2,3,0,7,2,5,2,3,1,3,2,9,0,4,0,3,1,5,1,7,1,628.4,False
3,4,3,5,0,5,2,1,1,3,4,3,4,5,0,3,2,2,4,5,0,634.2,True
5,4,3,7,4,4,3,3,1,2,0,3,0,9,1,5,2,5,3,8,1,653.7,True
1,3,3,5,6,2,10,0,1,8,2,10,0,8,10,0,1,10,4,10,1,656.6,True
2,0,0,10,2,5,2,0,1,10,1,1,0,10,0,0,2,1,7,10,2,670.5,False
1,2,2,1,3,7,1,1,2,2,1,1,0,8,5,0,2,0,0,4,2,588.5,False
2,3,9,3,2,8,3,1,1,8,3,6,5,8,0,10,2,10,1,8,2,672.8,False
5,4,10,3,3,10,4,4,1,7,2,10,3,6,3,2,2,6,3,5,1,695.3,True
2,3,2,5,6,5,1,1,2,6,1,2,1,6,0,5,1,5,1,1,2,591.7,True
3,2,10,5,1,10,2,0,2,8,3,5,0,9,0,7,2,3,1,8,1,649.0,False
5,3,4,10,6,10,4,5,2,8,4,7,10,7,5,1,2,10,2,5,3,708.5,False
1,1,4,6,6,4,6,0,1,9,4,3,2,6,0,1,2,10,2,4,0,673.5,False
0,4,1,1,8,3,1,1,1,1,1,4,3,5,0,8,2,1,0,4,1,595.3,False
3,4,4,6,10,10,0,3,2,4,1,10,5,7,5,4,2,10,6,5,3,671.7,False
3,4,3,4,2,3,3,4,1,0,1,10,3,5,2,7,2,0,2,3,0,625.4,False
5,1,9,6,2,7,5,1,1,7,6,7,4,10,0,1,2,1,3,7,0,705.7,True
5,2,9,10,8,10,6,3,1,10,5,9,5,9,0,3,2,10,6,5,2,753.5,True
5,1,7,4,2,10,5,0,1,8,8,8,2,10,0,1,2,1,5,7,0,707.6,True
5,0,9,4,4,8,1,0,1,9,7,10,2,10,0,0,2,3,5,5,0,713.1,True
5,2,5,4,7,1,3,5,2,9,1,7,10,6,1,1,2,4,8,4,3,687.9,False
2,3,7,4,10,8,10,5,1,5,5,2,10,6,0,3,2,10,6,10,3,729.4,False
5,3,10,10,5,5,10,3,2,8,2,5,2,7,10,9,2,5,3,7,3,665.6,False
1,2,4,3,1,2,0,1,2,2,0,2,3,8,0,2,1,4,0,1,1,576.8,True
2,5,5,6,2,4,6,0,2,3,1,5,5,6,10,10,2,10,3,3,2,602.5,False
3,4,10,5,8,4,3,5,1,5,4,7,0,6,10,2,2,5,2,7,2,669.2,False
2,2,2,6,4,4,5,5,1,6,2,4,4,7,0,3,2,8,4,6,2,680.7,False
5,5,5,5,10,10,3,4,1,4,5,4,0,9,0,3,2,3,9,5,2,694.7,False
3,4,2,2,10,3,1,5,2,3,4,1,0,9,7,0,2,3,0,0,2,612.5,False
4,3,10,6,4,7,1,1,1,7,2,5,1,7,1,3,2,6,2,10,2,679.2,True
2,3,5,3,0,10,3,1,1,7,6,3,2,8,5,1,2,10,6,10,1,677.3,True
5,1,3,8,10,10,3,1,1,10,6,6,10,7,0,0,2,4,1,10,2,730.4,False
3,5,6,3,6,4,3,2,1,10,4,2,1,8,0,2,1,10,4,7,2,658.4,False
5,3,10,4,10,2,5,5,1,9,1,4,10,6,0,1,2,7,2,6,2,714.5,False
5,5,5,5,6,10,0,0,1,0,4,6,5,6,10,8,1,10,1,3,0,619.7,False
4,3,4,7,4,5,2,0,1,8,2,6,5,7,0,3,2,7,3,5,1,672.6,False
3,3,0,2,3,3,0,3,2,8,0,3,0,8,0,3,2,2,0,1,2,602.5,False
4,3,1,7,10,4,2,5,1,8,2,5,3,7,4,0,2,9,1,7,3,689.4,False
3,2,2,10,6,6,4,5,2,8,10,2,3,7,4,2,2,10,4,3,3,683.7,True
1,5,0,1,6,4,4,3,1,9,6,4,3,6,6,1,2,6,0,1,3,632.9,False
1,1,5,5,3,7,5,1,1,5,2,5,1,8,0,3,2,10,1,4,1,665.8,True
5,3,10,10,10,6,6,4,2,10,7,6,10,6,0,1,2,5,6,7,3,733.6,False
5,2,3,10,10,10,2,2,1,8,2,10,2,8,0,1,2,3,2,7,3,711.0,False
1,3,1,2,2,1,2,0,2,2,0,3,0,10,10,4,1,2,0,10,1,558.7,True
4,3,5,10,10,10,5,2,1,10,9,10,10,8,0,4,2,7,10,5,3,753.5,False
3,2,2,3,2,5,4,3,1,6,3,3,0,7,2,4,1,8,4,4,1,636.3,False
3,3,3,8,4,1,2,4,2,4,1,2,2,9,10,4,1,7,1,6,1,604.2,False
1,4,4,6,10,7,2,3,2,2,5,2,2,5,4,1,1,8,1,5,3,620.4,True
3,4,5,5,10,6,3,3,1,7,1,10,1,5,7,5,2,0,0,3,1,645.8,False
3,4,10,1,4,1,3,1,2,6,2,9,1,6,10,2,1,4,1,2,1,594.8,True
2,3,2,10,1,10,7,2,2,10,5,10,4,6,10,1,2,6,5,8,1,674.9,True
5,3,8,5,8,10,5,5,2,10,5,10,5,6,0,2,2,4,4,7,3,715.7,False
2,1,2,2,0,1,1,3,2,1,2,1,1,6,0,10,2,5,0,10,3,596.6,True
5,1,9,4,2,4,6,1,1,4,3,2,3,8,3,3,2,10,3,7,0,680.5,True
3,2,10,8,8,8,0,0,1,10,5,10,6,7,0,0,2,7,1,7,2,715.9,False
3,3,6,5,8,2,2,0,2,5,2,10,0,7,0,2,2,5,1,3,3,639.4,False
5,1,7,3,0,9,5,2,1,5,3,7,10,8,0,2,2,2,1,9,1,698.5,False
0,1,10,9,8,10,1,1,1,2,1,2,1,8,2,4,1,8,0,1,1,639.7,True
4,4,5,4,10,4,4,5,1,5,3,5,8,7,0,1,2,5,10,10,3,714.9,False
2,2,8,4,4,5,3,3,1,3,2,9,1,7,10,4,2,7,2,8,1,657.9,False
4,2,4,6,1,10,1,1,2,5,6,3,2,8,0,1,2,4,1,10,3,658.6,False
5,1,6,10,10,5,3,5,1,10,6,6,3,8,10,0,2,10,4,10,3,732.3,False
5,2,5,3,3,10,10,2,2,10,1,4,2,7,0,1,2,10,10,10,3,706.2,False
3,4,6,7,6,6,1,5,2,9,1,9,1,5,0,7,2,4,0,0,1,642.2,False
5,2,10,3,4,5,4,3,1,4,5,7,5,9,3,3,2,8,2,9,3,702.1,False
2,3,10,10,10,8,5,2,1,5,3,6,0,7,0,1,1,10,5,10,1,699.8,False
4,2,0,2,10,10,0,5,1,7,6,5,0,7,10,2,1,5,8,8,3,665.6,True
3,3,6,9,8,5,4,3,2,7,7,1,4,10,3,3,2,3,6,7,0,677.3,False
5,2,5,8,10,10,5,3,1,7,5,10,5,7,0,5,2,10,4,4,2,729.5,False
0,3,4,5,4,5,4,5,1,2,2,1,1,6,0,5,1,5,1,10,1,628.9,False
2,5,1,4,4,4,0,1,1,2,0,1,0,8,0,4,1,2,1,3,1,583.4,False
0,4,0,4,0,3,2,0,2,5,3,1,1,8,5,1,2,3,5,9,1,597.0,True
5,4,8,10,7,3,4,2,1,6,0,8,4,7,5,6,2,10,3,3,1,679.8,False
2,4,2,0,9,8,0,2,1,2,2,4,2,9,0,8,1,4,4,10,2,628.4,True
2,4,2,10,5,5,3,5,2,2,2,1,0,5,0,5,2,10,0,2,2,627.0,True
2,1,10,8,10,5,0,5,1,7,8,7,0,8,0,2,2,10,10,10,1,739.3,True
4,4,8,10,10,7,8,3,2,8,4,10,2,8,0,10,2,7,7,7,2,704.2,False
1,4,3,6,5,7,5,5,1,4,1,1,6,7,0,3,1,10,2,10,0,661.4,False
5,4,8,10,7,3,4,2,1,6,0,8,4,7,5,6,2,10,3,3,1,679.8,False
2,4,4,8,4,4,0,0,2,8,3,4,3,6,6,7,2,5,1,8,2,615.9,True
4,4,10,5,7,7,7,3,1,8,7,8,10,8,0,2,2,10,4,9,3,741.2,False
3,1,10,3,10,3,3,3,2,7,2,10,1,8,0,1,1,5,5,10,2,677.0,True
4,4,5,5,3,10,4,0,2,9,1,3,4,7,3,3,2,10,1,2,3,644.8,True
1,1,3,4,10,10,4,3,1,8,7,10,10,6,0,2,2,5,5,10,1,727.6,True
3,4,1,1,10,1,3,3,2,7,2,3,0,6,5,0,1,10,1,3,2,608.9,False
3,1,5,9,10,10,5,3,1,9,6,2,3,7,0,1,2,10,6,10,1,734.7,False
1,4,6,10,6,2,2,3,1,2,2,3,0,10,0,1,1,10,1,8,1,650.5,False
5,0,10,9,8,6,4,2,1,6,6,8,4,9,1,1,2,10,3,10,1,743.1,True
3,1,7,10,10,10,10,2,2,8,10,5,4,9,10,1,2,10,5,10,3,725.5,False
5,1,10,7,7,10,7,0,1,8,10,8,3,6,0,0,2,10,5,10,1,749.3,True
3,4,8,5,4,10,6,5,2,8,7,10,8,6,0,3,2,7,5,3,2,703.8,False
4,5,1,4,5,10,4,5,1,5,3,8,1,6,5,5,2,5,2,5,3,660.9,False
4,2,10,10,10,4,6,3,1,5,6,2,3,7,0,1,1,5,5,10,2,702.4,True
2,5,2,2,10,10,3,1,2,4,4,5,2,10,10,3,2,10,2,7,2,639.0,True
1,3,7,4,4,2,3,2,2,4,0,1,1,9,0,1,2,2,0,1,1,609.1,True
5,0,10,3,10,5,0,0,2,0,0,9,1,4,0,10,2,2,4,10,3,645.4,True
4,2,8,5,4,9,5,3,1,6,2,7,4,8,0,10,2,9,3,3,2,688.3,False
4,1,8,9,3,4,6,4,1,6,2,4,2,9,0,1,2,6,3,4,1,698.1,False
5,5,3,5,3,2,4,3,1,3,3,8,0,6,8,7,1,4,3,5,1,615.0,False
4,2,8,8,8,7,8,2,1,9,5,9,7,7,7,2,2,6,5,10,2,727.6,False
4,1,2,10,7,8,10,4,2,6,8,5,10,7,7,1,2,10,3,10,2,720.0,False
5,3,4,10,10,10,10,5,2,6,6,10,10,7,7,2,2,4,4,10,2,727.8,False
5,0,10,10,10,10,6,5,2,10,6,8,2,8,0,1,2,10,3,10,3,754.8,False
1,4,2,4,3,4,3,1,2,6,4,3,5,6,0,0,2,4,1,5,2,624.2,True
4,2,4,4,3,6,7,3,1,8,1,7,5,8,0,6,2,4,1,4,2,676.4,False
3,4,0,1,0,0,0,3,1,3,0,2,1,7,3,2,1,2,0,1,1,573.2,True
2,5,0,1,10,0,0,1,2,0,5,1,2,5,10,0,2,10,0,1,3,581.1,False
5,3,5,2,3,5,2,1,1,6,1,3,4,7,10,7,2,2,2,5,2,624.4,False
3,1,6,5,4,7,4,1,1,5,3,6,3,8,10,2,2,4,5,7,1,667.7,False
4,2,1,3,6,3,8,2,2,4,4,6,4,8,0,1,2,4,5,8,1,667.7,True
5,2,10,10,10,5,10,5,1,6,4,6,2,8,0,1,2,10,6,10,1,754.4,False
4,3,5,9,4,10,7,3,1,6,4,6,1,6,0,2,2,10,3,7,2,706.4,False
5,5,8,4,3,9,3,1,1,1,2,8,1,5,6,0,2,4,1,3,3,645.4,True
1,3,1,3,1,5,1,1,2,3,3,1,3,5,4,3,2,4,8,2,2,598.1,False
2,2,4,8,1,3,0,3,1,3,1,7,2,7,10,5,2,5,0,4,1,625.2,True
5,1,10,10,10,10,10,5,1,7,5,3,1,7,10,1,2,10,2,5,1,728.1,True
4,3,2,2,10,8,1,5,1,4,0,2,1,7,0,1,2,7,0,7,3,668.4,False
2,3,9,3,2,8,3,1,1,8,3,6,5,8,0,10,2,10,1,8,2,672.8,False
5,4,6,10,10,10,2,2,2,7,5,8,10,6,0,3,2,10,6,3,3,710.2,False
1,2,3,2,0,6,1,5,1,3,2,3,0,7,10,0,2,0,4,10,0,629.5,True
2,3,0,10,7,10,1,4,1,5,10,8,5,6,0,3,2,5,2,4,2,693.2,False
4,4,7,5,10,10,4,4,2,3,1,6,3,7,10,10,2,3,2,5,1,638.6,True
4,3,6,10,7,10,7,3,2,6,6,7,10,8,0,2,2,10,4,10,2,729.1,True
2,3,4,3,1,3,2,1,1,2,8,4,1,6,5,4,1,8,1,2,3,607.4,True
4,4,2,5,8,10,1,4,1,8,2,9,2,7,0,1,2,7,1,2,1,685.1,True
2,5,3,5,2,10,4,1,1,5,6,5,0,8,5,1,2,3,3,10,1,655.6,False
2,1,4,2,10,2,2,2,2,9,2,5,1,8,0,2,2,5,5,10,2,664.1,False
2,2,3,8,6,3,5,5,1,4,1,3,1,8,0,1,2,7,1,5,1,672.2,False
1,2,5,6,8,7,3,3,2,7,2,2,3,7,0,1,2,5,5,7,3,665.0,True
2,2,6,10,10,7,10,2,2,4,4,4,1,6,4,1,2,10,5,7,2,687.3,False
5,1,2,3,0,5,1,2,1,9,5,4,5,8,10,5,2,4,3,3,3,646.9,False
4,4,10,6,10,2,8,1,1,8,1,8,3,8,5,5,2,7,1,5,3,681.7,True
4,1,10,8,10,8,8,3,1,10,2,10,2,7,0,1,2,6,5,7,3,741.4,True
3,1,5,4,10,10,10,4,2,9,6,10,5,8,8,0,2,10,7,5,1,722.9,False
3,4,0,6,0,4,7,0,1,2,2,8,2,9,6,10,2,2,0,9,0,620.7,False
3,4,0,4,0,3,0,0,1,3,0,8,2,8,7,10,2,1,0,5,0,589.9,False
5,1,6,5,3,10,5,0,1,10,3,5,10,7,0,2,2,10,2,10,1,720.0,True
3,3,5,1,3,1,1,1,2,1,0,5,0,8,10,7,2,3,1,3,1,575.7,False
5,1,8,10,6,10,2,0,1,3,6,5,0,6,5,0,2,5,0,7,3,684.1,False
5,2,10,10,10,10,10,5,1,7,10,5,5,7,8,1,2,10,10,10,2,769.3,False
2,3,3,3,3,6,4,1,1,1,2,3,0,6,5,2,2,6,1,3,2,620.8,False
1,5,0,4,2,10,2,3,2,3,5,1,0,4,5,2,1,10,8,3,1,601.3,False
5,2,9,10,10,10,10,5,2,10,10,8,10,5,5,1,2,10,10,10,3,771.2,False
4,2,5,4,10,5,1,5,2,7,1,8,0,7,0,4,2,4,1,10,3,671.3,False
4,5,5,8,2,7,4,0,1,5,1,2,1,7,5,0,2,3,3,10,1,649.7,True
1,4,1,5,6,3,1,3,2,3,1,5,2,5,10,4,2,10,1,3,1,600.6,True
4,2,4,3,10,10,4,0,1,10,0,8,10,7,0,7,2,5,2,10,2,700.2,False
4,2,1,4,0,4,1,0,1,10,0,10,0,6,0,1,2,2,0,7,2,646.0,False
0,1,2,5,3,7,2,2,2,5,7,3,0,7,0,5,2,3,6,6,2,636.3,False
2,3,3,8,6,10,3,5,1,7,1,2,2,6,0,2,2,6,0,10,1,681.8,False
3,1,5,9,9,10,8,4,2,5,9,5,3,5,10,1,2,7,9,5,2,699.2,True
4,4,10,5,5,7,2,5,2,6,1,2,5,6,0,2,1,4,3,3,3,642.7,False
3,3,1,4,2,10,6,5,1,3,2,7,8,5,3,0,1,6,2,7,1,665.6,False
5,0,10,6,5,6,2,1,2,5,1,5,2,6,0,1,2,5,10,7,3,684.1,True
2,3,10,10,4,6,3,1,2,1,2,6,3,6,7,5,2,7,2,8,2,641.8,True
1,4,0,1,10,10,2,5,2,5,4,1,1,8,5,1,2,2,5,1,3,627.6,False
3,5,5,2,10,10,5,5,1,7,3,5,0,5,0,4,1,10,1,10,2,673.7,True
1,4,10,4,10,6,10,1,2,8,1,3,8,7,0,1,2,10,3,5,3,682.2,True
1,3,2,3,1,5,0,4,2,5,0,1,1,6,7,4,2,2,0,1,2,579.6,False
5,2,3,5,5,2,2,5,2,0,3,3,0,7,0,0,2,5,4,10,3,656.7,False
5,2,2,2,1,2,4,0,1,8,4,5,2,8,0,2,1,8,4,10,0,655.6,False
5,2,10,6,5,6,7,0,1,6,8,8,3,9,0,10,2,5,6,10,0,709.1,True
5,5,2,3,1,1,0,0,2,1,1,5,1,9,5,8,1,1,0,2,1,553.8,False
3,4,2,4,1,7,1,2,2,3,3,7,3,8,5,4,2,7,0,10,1,630.5,False
2,1,10,8,10,6,3,2,1,8,7,6,3,8,0,3,2,8,4,2,0,710.2,False
3,1,10,10,10,7,10,5,1,8,5,8,10,5,8,1,2,10,4,10,2,754.2,False
3,3,8,6,4,10,5,2,2,4,3,6,2,6,0,1,1,10,1,7,2,657.1,False
2,5,3,4,3,10,2,0,1,9,3,10,2,6,8,9,1,2,2,4,1,610.3,False
1,3,1,0,0,2,1,1,2,1,0,1,0,7,10,7,2,2,0,10,1,556.0,True
4,5,4,1,3,10,0,0,2,0,1,5,0,6,10,10,1,0,0,7,1,554.9,True
3,1,10,2,10,5,2,5,2,7,4,2,1,6,0,0,2,4,4,10,2,683.5,True
5,2,10,3,6,6,5,2,1,10,2,10,5,8,1,7,2,10,5,10,1,721.2,False
2,3,7,6,5,10,3,3,2,9,5,4,2,7,0,1,2,4,4,3,1,668.8,True
2,2,10,5,2,10,2,1,2,7,3,5,5,7,5,5,1,1,5,10,2,638.4,True
5,5,5,2,2,0,2,2,2,5,1,2,1,6,10,7,1,3,0,2,1,559.4,False
2,4,4,3,0,10,9,1,1,6,3,7,10,8,7,2,2,10,2,7,2,679.8,True
2,1,3,2,3,1,3,2,2,4,2,5,3,5,2,0,2,7,5,4,1,632.9,True
5,3,10,10,6,10,5,1,1,8,2,6,2,8,5,1,2,10,10,6,2,722.1,False
5,2,3,2,10,6,10,4,2,3,3,1,10,7,10,0,2,10,2,10,3,683.5,False
4,3,8,5,10,7,5,2,1,9,4,7,5,5,7,3,2,10,1,3,1,691.1,False
3,0,3,10,2,3,4,1,1,8,2,9,7,7,0,1,2,7,7,5,2,702.1,True
4,3,10,10,10,10,10,5,1,10,4,7,10,7,0,3,2,10,1,10,3,764.6,False
4,2,3,5,2,4,5,5,1,8,2,8,2,7,0,0,2,10,1,10,3,701.9,True
5,5,5,5,5,5,5,5,2,5,5,5,5,5,5,5,2,5,5,5,2,656.7,True
3,3,3,10,10,10,10,5,2,8,5,2,5,5,0,5,2,10,4,6,3,703.7,False
2,3,7,6,3,10,3,4,2,9,1,2,5,7,10,1,2,4,1,7,1,648.0,False
5,1,4,5,10,3,1,3,1,3,1,7,1,7,0,0,2,9,1,4,3,683.0,False
1,1,10,5,1,5,6,1,1,5,1,3,1,8,10,0,2,3,1,6,1,643.3,True
3,4,3,10,5,4,2,2,2,9,2,2,2,9,0,0,1,10,2,5,2,643.3,True
1,2,4,7,8,8,2,5,2,9,8,3,4,7,1,1,2,6,1,7,2,682.2,False
4,3,10,5,2,2,3,1,1,5,1,2,7,7,0,10,2,5,1,5,2,646.3,False
3,3,1,6,4,3,1,2,1,4,2,5,1,5,10,2,2,10,1,2,2,626.1,True
1,2,6,8,3,3,0,2,2,4,1,2,1,9,3,1,2,2,1,7,1,622.9,False
5,4,3,5,8,5,9,1,2,5,1,4,3,7,10,5,1,9,3,10,2,633.1,False
1,3,4,5,6,3,6,0,2,6,7,4,1,8,0,7,1,3,2,3,2,609.5,True
1,4,0,10,10,10,6,5,2,0,0,10,0,6,10,4,2,4,0,0,2,625.6,False
4,5,1,2,10,10,6,5,2,4,2,10,5,8,10,1,2,3,3,3,2,656.6,False
2,4,10,4,10,10,3,1,2,8,2,4,2,8,0,4,2,10,1,3,2,663.9,True
5,2,7,7,10,3,10,0,1,2,2,9,10,9,0,1,1,10,1,7,2,704.2,False
3,3,7,2,10,4,2,2,1,3,2,6,4,8,0,4,2,4,2,6,2,666.0,True
1,2,0,5,2,10,2,1,1,8,3,8,0,7,6,4,2,4,4,3,3,642.4,True
3,1,3,7,6,10,5,1,2,6,6,8,5,7,0,4,2,3,7,7,2,686.6,False
3,1,4,2,2,6,1,2,1,7,0,6,3,9,0,0,2,2,0,6,3,659.4,True
5,3,10,10,6,10,5,1,1,8,2,6,2,8,5,1,2,10,10,6,2,722.1,False
3,1,0,1,1,1,0,1,1,9,1,5,0,7,10,0,2,0,8,5,3,621.4,True
3,3,10,7,10,10,1,5,1,5,7,9,7,7,0,7,2,5,7,10,2,731.0,False
1,3,10,10,0,10,4,1,1,6,1,10,1,8,0,2,1,1,1,10,1,663.4,True
2,3,3,8,5,4,7,2,1,7,5,4,4,7,0,2,1,5,8,4,0,667.1,False
2,5,1,3,5,2,1,0,2,5,4,4,2,8,0,1,1,1,1,3,2,585.7,False
3,2,6,2,2,3,1,1,1,4,1,5,5,8,0,3,1,6,2,1,2,626.7,False
2,5,2,1,2,5,3,5,2,4,2,4,1,6,0,3,1,5,1,3,1,597.2,False
3,2,0,1,3,5,7,4,1,10,8,4,2,8,6,3,2,5,3,9,1,675.8,False
5,1,5,5,6,3,8,3,1,10,6,10,10,8,0,0,2,4,5,3,3,729.7,False
5,3,10,10,4,2,3,3,1,7,4,6,0,8,0,1,2,10,2,7,2,703.4,False
3,4,7,6,8,3,2,0,1,5,2,8,3,6,5,6,2,3,4,10,1,655.8,False
2,2,4,5,2,2,1,2,1,3,3,5,1,8,0,2,1,5,1,4,1,625.0,True
0,1,10,6,0,5,0,0,2,2,0,3,1,7,0,1,2,5,1,10,1,626.1,True
2,4,10,4,3,6,6,2,1,6,3,5,0,7,0,0,1,4,5,4,1,653.7,False
5,0,1,1,1,10,10,0,1,10,5,5,5,10,0,0,2,6,10,10,1,724.0,True
2,2,10,5,4,5,5,1,1,3,4,6,0,7,4,4,2,6,9,5,1,670.9,True
5,0,1,10,10,10,10,5,2,8,5,6,6,6,10,1,2,3,1,5,2,699.6,False
5,1,2,2,1,3,1,0,2,9,3,6,5,7,0,2,2,3,0,4,1,635.2,False
2,4,10,10,5,4,5,5,1,3,1,4,0,6,2,10,1,10,7,5,2,655.0,False
5,3,10,6,2,3,2,1,1,8,1,5,0,7,0,1,1,5,1,10,1,657.1,True
2,3,2,4,2,3,4,1,2,5,2,5,3,9,5,2,1,6,3,7,1,611.6,True
2,4,10,8,5,10,5,5,2,6,1,2,0,8,4,1,2,10,1,7,2,672.0,True
2,2,2,3,3,2,4,3,2,2,1,1,0,5,0,4,1,4,2,2,2,584.5,True
4,4,10,3,5,6,6,5,1,6,1,10,2,8,0,4,1,7,1,10,3,685.5,False
4,4,1,2,0,4,2,0,2,2,1,2,3,6,5,10,1,2,0,3,2,550.9,True
1,2,2,2,6,1,2,1,2,2,1,2,0,6,1,3,2,6,2,6,2,603.6,True
5,1,3,5,5,5,2,4,1,6,0,8,5,7,0,0,2,3,2,5,2,686.6,False
3,2,5,10,8,10,5,5,2,6,1,7,5,6,0,5,2,10,3,5,2,696.4,False
5,2,3,4,4,7,2,2,1,5,2,10,1,7,0,5,2,2,3,7,1,670.0,True
4,3,2,7,4,4,0,1,2,8,1,6,2,7,5,7,2,2,0,7,3,618.2,False
3,2,5,10,8,10,7,4,2,3,3,5,3,7,0,0,2,4,3,3,3,684.3,False
3,2,10,3,3,3,5,2,1,6,1,2,3,8,0,2,2,3,3,6,1,665.2,False
4,1,10,5,4,5,3,3,1,7,1,8,2,9,0,4,2,3,5,10,1,700.6,True
4,3,2,4,10,6,3,3,2,4,5,3,1,7,10,5,2,10,10,7,3,656.7,False
4,3,6,8,8,8,10,3,1,7,8,10,3,7,3,4,2,10,8,10,0,741.4,False
2,2,8,4,1,4,1,0,2,5,7,2,0,7,0,2,1,4,8,9,2,627.6,True
3,2,0,8,5,6,3,0,1,6,5,1,5,5,10,5,1,5,0,3,2,611.7,True
2,3,10,3,0,5,1,0,1,7,3,8,1,6,6,0,2,1,4,7,1,645.6,True
4,1,10,10,6,3,5,5,2,8,5,4,3,7,3,2,2,10,4,7,1,704.5,False
4,4,10,3,3,10,4,1,1,6,1,6,5,7,0,1,2,10,1,4,1,684.5,False
4,2,10,4,9,4,3,0,1,10,2,10,3,8,10,3,2,10,5,10,1,699.1,True
5,3,3,2,4,5,1,0,1,6,4,10,2,7,0,3,2,10,1,7,2,671.7,True
4,2,8,8,3,10,3,2,1,9,6,4,0,8,0,2,1,5,7,10,1,694.5,True
1,5,1,3,2,3,10,1,1,1,3,1,0,7,10,2,1,4,3,10,0,596.8,True
5,3,7,1,3,1,4,5,1,9,2,5,2,7,0,0,2,6,4,10,2,691.1,False
1,3,9,6,1,1,4,0,2,9,1,7,0,9,0,1,2,1,2,10,1,640.9,False
2,5,4,4,5,7,10,0,2,10,4,10,10,7,10,3,2,10,1,4,2,661.5,True
3,2,6,10,4,2,1,3,2,5,1,1,1,6,8,3,1,10,1,10,2,622.1,True
5,2,10,10,10,10,5,2,1,7,2,8,7,7,0,3,2,10,5,10,1,747.8,False
5,2,5,7,2,3,8,2,1,4,2,7,5,9,0,0,1,10,2,10,1,690.2,False
3,4,8,3,5,8,6,2,1,9,5,3,8,8,6,1,2,5,6,8,2,694.3,False
0,3,0,2,2,1,0,1,2,0,0,1,0,10,0,7,1,3,0,5,1,551.5,False
4,3,6,7,2,4,6,1,1,5,2,6,0,7,0,10,1,10,2,7,1,645.4,True
5,1,2,4,10,10,2,5,2,10,7,4,3,8,0,0,2,1,3,7,3,697.9,False
3,4,2,1,10,4,0,5,2,7,1,5,2,6,0,1,1,10,1,5,1,633.1,False
4,0,3,10,10,10,8,3,2,7,3,4,10,7,0,0,2,10,7,10,3,738.5,True
2,2,8,2,2,9,2,3,1,6,2,6,0,6,0,7,2,2,0,2,2,641.8,True
2,4,10,5,1,3,2,0,2,5,1,1,0,7,0,1,1,4,0,10,2,603.6,True
0,4,10,9,10,10,3,5,1,10,5,2,0,8,0,2,2,7,3,7,3,706.0,False
5,3,5,10,8,10,3,3,2,6,2,10,2,7,5,5,2,10,2,7,2,687.0,False
2,4,0,7,3,1,0,5,2,8,0,5,10,4,0,1,2,3,1,7,3,637.8,False
4,2,5,3,5,2,5,1,1,2,5,5,2,6,10,0,1,10,6,10,3,651.8,False
2,2,10,4,1,10,1,1,2,8,0,4,0,5,0,10,1,10,0,5,2,614.0,False
1,3,2,3,8,3,2,5,1,9,2,1,0,8,6,1,2,10,1,3,1,649.7,False
1,3,2,3,8,3,3,4,1,9,2,1,0,8,6,0,2,10,1,2,1,648.0,False
5,2,7,6,4,10,5,0,1,7,5,10,10,7,2,0,2,6,4,8,3,722.7,True
4,1,7,10,5,8,4,5,1,3,2,9,10,7,0,0,2,6,1,10,3,731.0,False
4,2,6,4,4,8,1,5,1,6,1,8,1,8,0,1,2,8,1,5,3,690.2,True
4,2,5,3,10,9,2,3,2,5,1,6,2,8,0,1,2,5,1,9,3,674.5,False
5,2,6,6,3,7,6,2,1,5,4,7,2,8,0,0,2,10,7,7,1,713.8,False
2,4,5,6,7,7,7,4,2,6,4,5,3,7,6,7,2,5,6,6,2,657.1,True
3,3,2,5,2,3,8,1,2,10,5,3,8,7,5,2,2,3,10,5,2,658.4,True
3,1,8,10,7,10,7,2,1,9,2,9,6,7,0,0,2,10,2,8,3,739.5,False
1,5,2,10,5,6,5,3,1,3,3,5,0,6,5,2,2,5,1,10,1,651.8,False
1,5,5,5,6,5,2,2,1,2,2,4,2,5,5,3,2,5,1,10,1,634.4,False
5,1,10,9,5,5,2,2,1,0,2,10,3,9,0,1,2,10,2,10,1,714.6,False
5,1,5,10,10,5,10,5,1,10,8,10,10,8,0,0,2,5,8,10,3,780.7,False
4,1,0,7,3,10,6,5,2,0,4,1,10,9,0,0,2,10,5,10,3,700.9,False
5,0,10,10,10,10,5,5,1,10,6,10,10,4,0,0,2,10,3,10,3,781.6,False
5,1,10,10,10,10,10,5,1,10,8,10,10,6,0,0,2,10,6,10,3,799.0,False
3,1,1,10,10,8,3,2,1,9,5,8,10,8,0,0,2,4,10,6,2,734.4,True
3,4,4,3,5,2,4,2,1,8,1,5,1,8,0,1,1,4,0,2,2,628.4,False
4,1,5,4,5,8,2,3,1,4,3,2,1,7,0,0,2,5,3,7,3,678.6,False
5,4,5,5,6,8,5,3,1,4,1,8,1,6,5,4,2,10,1,10,3,681.3,True
1,3,10,10,5,10,10,0,2,5,3,8,10,6,3,7,2,10,5,8,2,693.2,True
4,1,1,6,8,10,4,3,2,7,3,7,2,7,0,4,2,0,1,2,2,659.2,False
1,4,2,5,0,1,3,0,2,4,2,5,2,6,0,0,1,9,3,10,1,607.6,True
4,2,5,5,10,3,4,5,1,5,3,5,3,6,0,1,2,8,3,10,3,704.5,True
3,1,10,9,9,5,4,5,1,8,1,2,3,8,0,2,2,2,2,5,1,699.2,False
3,1,10,7,4,3,4,4,1,6,1,1,3,7,0,2,2,3,1,4,1,671.6,False
5,3,1,3,7,7,8,4,1,7,1,9,4,7,7,3,2,10,8,10,3,707.2,False
5,1,10,8,4,6,3,2,1,8,2,4,2,7,0,0,1,5,1,7,2,680.7,True
4,1,0,10,0,10,3,0,2,7,4,9,7,8,0,0,1,10,3,5,0,670.0,True
2,2,3,2,1,2,1,1,1,1,2,1,1,8,10,1,2,7,2,4,2,607.2,True
5,0,3,0,2,1,4,1,1,10,7,10,8,10,0,3,2,5,6,10,0,709.7,True
3,3,4,4,3,5,4,1,1,5,2,5,2,7,0,10,2,5,1,7,1,641.8,True
1,5,5,5,3,10,1,5,1,0,1,5,2,8,10,4,2,10,2,3,1,636.9,True
3,1,3,7,8,8,7,4,2,8,10,5,5,5,2,2,2,10,8,10,3,719.6,False
5,2,5,1,6,1,2,3,2,8,1,3,3,8,0,4,2,10,0,10,3,658.6,True
4,4,7,7,5,10,4,3,2,8,6,3,3,8,0,3,1,2,1,7,0,655.2,False
4,2,5,5,10,3,4,5,1,5,3,5,3,6,0,1,2,8,3,10,3,704.5,True
5,2,5,7,4,1,5,0,1,7,1,3,0,9,0,0,2,0,2,7,3,660.5,False
2,3,2,10,10,10,3,5,2,6,1,1,0,6,0,2,1,6,0,10,2,649.3,False
4,1,3,6,1,10,2,1,2,8,2,6,6,9,0,1,2,2,3,9,2,673.0,False
2,4,3,1,4,7,2,4,2,0,2,5,0,7,4,5,2,4,6,7,3,619.7,False
5,2,10,6,5,9,4,1,1,2,1,10,2,8,0,1,2,10,4,10,2,714.4,True
5,3,4,2,1,4,4,1,2,9,2,10,2,6,0,0,2,4,2,3,2,647.7,False
2,4,4,3,0,3,1,5,2,7,4,3,0,8,0,10,2,3,0,0,2,600.8,False
3,4,4,10,5,10,4,5,2,8,1,3,9,8,0,1,2,5,1,7,3,685.8,True
4,0,10,8,6,5,3,2,1,10,3,5,5,8,0,0,2,7,7,5,1,723.6,False
4,3,10,5,6,4,6,5,1,8,1,6,3,8,10,1,2,5,1,10,0,689.8,False
4,1,2,5,2,4,3,1,2,5,0,2,3,7,5,7,2,5,1,4,0,612.3,False
5,2,8,10,8,10,6,0,1,10,8,2,1,8,0,1,2,10,8,10,1,740.0,False
1,5,3,7,3,10,1,1,1,5,1,4,5,6,10,10,2,5,1,1,1,607.4,True
5,3,8,3,2,2,1,0,1,2,1,2,0,7,0,2,2,4,1,3,3,627.6,False
3,2,3,9,10,10,4,1,1,4,7,6,7,7,2,1,2,9,7,5,2,715.1,False
4,1,10,10,7,4,3,5,1,5,2,1,5,8,0,1,2,8,1,7,2,709.2,False
5,5,9,2,9,4,6,3,1,5,5,6,5,8,0,5,2,7,7,9,1,705.1,False
3,5,2,3,2,10,3,0,2,8,2,2,0,6,10,8,2,4,0,2,2,583.2,False
2,1,2,5,0,10,1,2,2,2,0,3,0,7,0,2,2,2,1,4,3,615.9,True
2,3,10,6,10,2,10,0,2,6,3,3,6,10,0,1,2,10,4,10,1,694.7,True
2,1,10,10,10,10,2,0,2,10,1,6,3,10,0,0,2,7,7,10,2,714.0,True
5,2,5,10,10,3,4,3,1,4,3,8,3,7,4,1,2,8,3,8,2,705.3,False
3,3,3,2,0,0,7,4,1,5,5,7,3,6,0,0,1,7,1,2,2,642.0,True
4,2,8,4,0,6,0,0,2,4,1,3,0,7,3,1,1,2,1,6,1,600.6,True
5,4,2,10,10,3,3,1,1,5,0,8,0,7,6,8,1,5,0,0,2,620.3,False
5,1,5,10,10,4,10,5,1,9,3,10,2,8,0,1,2,10,4,8,2,751.8,False
5,0,3,2,10,4,3,0,1,5,1,4,10,8,5,0,1,4,2,8,0,663.9,True
3,3,10,10,8,10,10,3,1,8,3,5,5,5,8,1,2,10,3,3,1,711.1,True
2,3,1,10,5,10,2,2,2,8,2,5,1,7,0,4,1,4,1,4,2,628.2,False
1,2,3,10,5,10,10,3,1,8,10,6,10,7,0,1,1,10,5,9,0,727.0,True
0,5,4,5,3,2,1,0,2,10,1,1,0,3,10,7,2,5,1,2,1,563.7,False
5,2,8,3,10,10,10,5,1,8,10,10,3,7,0,3,2,10,3,10,2,760.1,False
2,2,0,1,10,0,7,2,1,8,6,10,1,7,5,1,2,5,2,3,2,663.2,True
4,1,6,5,6,10,2,2,1,7,2,4,5,7,0,1,2,10,1,10,3,706.2,False
4,4,9,6,1,7,2,1,1,8,1,6,2,7,0,3,2,6,1,4,3,664.1,True
5,2,7,10,4,10,3,3,1,6,2,8,2,8,1,2,1,4,3,3,1,681.7,False
4,3,7,1,0,1,0,0,2,2,2,3,0,8,0,2,1,0,2,6,2,583.8,True
3,3,0,0,2,4,1,2,1,0,3,10,0,6,0,2,2,3,1,1,2,620.5,True
3,2,3,7,3,4,2,3,1,2,1,3,4,7,7,6,2,3,2,2,0,627.8,False
1,2,4,4,3,2,1,0,1,8,0,2,5,7,0,1,2,3,5,3,2,637.8,False
2,3,5,10,10,7,3,4,1,4,2,10,4,7,0,1,2,2,1,6,2,693.8,False
2,2,8,6,3,5,5,0,1,6,1,3,1,9,0,1,1,2,1,3,1,635.0,False
5,2,4,5,3,10,2,5,1,8,2,8,4,9,4,1,2,10,3,7,1,710.8,True
1,3,5,1,3,4,2,1,2,1,1,1,5,7,0,10,1,10,2,10,2,596.8,True
2,4,5,3,7,8,4,1,2,9,2,3,5,7,10,6,2,10,3,5,2,636.3,True
5,0,10,8,10,6,2,5,2,8,2,2,1,8,0,2,2,5,5,9,3,706.0,True
5,2,3,4,2,4,7,4,1,4,6,10,5,5,7,3,2,8,5,4,1,684.9,False
2,0,0,1,1,10,0,0,1,0,0,4,0,8,0,0,2,0,0,1,0,612.9,True
5,3,10,7,3,4,8,2,1,8,5,10,1,8,0,1,2,10,6,9,2,728.0,False
2,2,8,10,10,10,3,2,2,8,4,7,4,5,0,2,2,10,2,10,2,704.7,False
2,2,3,10,10,6,5,3,1,8,3,5,10,8,0,1,1,4,5,10,3,703.2,False
4,1,6,6,10,10,6,4,1,9,7,9,7,7,0,0,2,8,4,10,3,756.5,False
5,3,5,10,10,10,0,5,2,5,2,2,10,8,10,0,2,4,0,1,2,666.9,True
4,1,1,10,7,5,4,2,2,0,5,1,1,8,7,1,1,10,4,1,3,629.3,True
2,2,3,1,10,3,5,2,1,4,1,2,2,7,10,9,2,3,0,4,2,614.0,False
5,3,4,7,7,3,2,2,2,2,1,3,2,9,0,1,2,7,4,10,3,662.2,False
4,3,10,10,7,4,3,3,1,8,1,7,1,8,0,3,2,7,2,10,3,705.3,False
5,3,6,8,10,10,5,5,1,7,1,5,10,6,10,2,2,10,2,10,2,719.8,False
3,2,4,3,2,10,4,2,1,3,1,10,1,5,0,5,2,5,1,5,0,657.7,True
1,0,6,4,1,10,0,2,2,2,0,8,1,5,0,0,2,1,0,10,1,638.6,True
2,1,5,5,5,8,8,3,2,5,8,2,10,8,2,1,2,8,2,5,1,689.0,True
3,3,10,10,10,5,2,1,1,2,0,1,0,9,0,10,1,5,2,10,1,644.8,True
4,3,5,4,4,4,2,1,1,6,1,7,1,7,5,2,1,10,6,8,1,652.4,True
2,4,4,9,1,10,2,0,1,4,1,4,2,7,1,5,1,3,2,6,1,622.9,False
2,1,3,1,1,2,6,0,2,7,0,3,5,7,2,1,2,3,4,7,1,627.8,True
5,2,1,10,10,8,9,5,1,8,3,5,10,7,7,5,1,10,6,10,2,718.3,True
3,5,4,4,2,4,4,5,1,8,7,10,5,8,10,3,2,2,3,3,0,661.7,False
5,3,6,5,6,4,2,2,2,6,2,6,5,6,1,0,2,6,5,5,2,667.3,True
5,2,10,3,2,10,2,1,1,8,3,4,1,7,10,2,2,3,3,8,1,665.4,False
1,1,5,10,6,10,10,5,2,6,10,10,10,8,2,3,2,10,10,10,0,751.8,True
2,4,4,2,1,2,3,0,1,4,3,5,2,6,3,3,2,2,4,4,1,617.8,True
0,1,9,10,6,10,6,5,2,7,7,8,6,8,1,1,2,10,8,10,0,736.1,True
2,5,5,5,8,7,6,2,2,4,4,8,0,7,3,5,1,5,1,3,1,620.3,True
0,4,1,2,3,2,2,0,1,5,2,2,1,8,9,10,2,8,2,8,0,595.5,True
3,2,10,10,7,5,10,5,1,8,5,3,5,6,2,2,2,10,4,10,0,734.7,False
4,3,1,8,10,10,2,0,2,9,1,2,1,8,0,4,2,6,2,4,2,651.6,False
3,3,2,4,2,3,4,4,1,8,4,3,4,7,10,10,2,10,4,7,2,648.2,True
1,2,4,7,2,4,4,0,1,7,1,1,2,8,3,7,2,10,0,5,1,636.1,False
3,5,3,5,5,3,10,1,1,10,10,8,10,5,0,2,1,5,10,10,0,699.8,True
2,3,3,3,1,10,1,1,2,6,3,8,1,8,0,1,2,4,2,6,3,640.9,True
3,3,10,6,10,10,1,4,2,4,0,7,2,8,0,3,2,5,1,7,2,676.4,False
2,2,4,7,4,6,3,2,1,9,5,8,5,8,2,4,2,5,5,6,0,688.5,True
5,3,5,10,10,10,4,5,1,9,2,10,5,7,0,1,2,10,3,10,3,748.2,True
4,3,1,3,10,10,5,2,2,7,6,10,2,9,10,7,2,10,3,2,1,661.9,True
4,2,7,8,10,10,5,5,1,6,3,3,10,6,7,3,1,8,10,10,3,716.0,False
5,0,8,10,10,10,10,5,2,10,10,6,10,8,4,0,2,10,8,10,2,778.2,True
3,1,10,8,3,6,5,1,1,9,7,10,10,8,0,0,2,2,10,6,1,734.8,True
2,1,10,10,10,10,10,4,2,8,7,5,5,5,2,0,2,10,8,5,3,734.9,False
1,2,1,3,2,8,3,1,1,3,2,3,1,8,2,2,1,6,3,2,1,616.1,True
4,1,0,4,3,10,3,1,1,10,6,9,0,7,2,0,2,5,5,10,3,697.0,False
4,4,10,10,4,10,6,4,2,8,3,4,5,6,4,7,2,5,4,4,1,675.4,True
4,1,8,4,10,5,10,5,2,3,5,5,10,7,0,7,2,10,5,10,2,718.3,False
4,3,1,4,5,4,1,3,1,7,6,7,1,8,0,1,1,3,5,7,2,659.4,True
5,0,0,0,0,3,0,0,2,7,0,7,10,7,0,0,1,2,1,10,1,626.9,True
1,2,2,3,3,6,3,1,2,3,1,4,1,8,3,2,2,2,2,1,1,604.4,True
2,3,10,10,10,10,10,5,1,5,5,10,10,8,0,1,2,10,5,5,2,760.3,False
2,1,6,5,4,10,2,1,1,8,4,2,5,7,0,1,2,5,7,5,2,687.1,False
2,3,4,10,8,6,8,2,1,5,2,4,6,7,4,1,2,10,0,3,2,682.4,False
0,0,1,3,2,8,1,4,2,5,0,1,3,6,0,0,1,0,6,10,0,620.4,True
3,4,2,3,1,3,2,5,2,6,3,8,1,7,10,1,2,1,1,2,2,610.1,False
1,1,2,5,10,5,5,3,1,8,2,6,6,6,0,0,1,5,10,3,0,680.9,False
2,2,3,6,6,10,4,2,1,6,3,7,4,7,5,5,2,2,7,4,2,671.1,False
3,2,3,5,7,10,4,2,1,5,2,7,5,7,2,4,2,6,4,5,2,683.0,False
4,1,3,8,8,10,9,5,1,3,6,6,5,8,6,1,1,10,5,10,3,717.0,False
4,3,3,3,5,10,1,4,2,8,1,8,10,8,0,1,2,5,2,10,3,688.5,False
1,4,4,2,1,5,1,1,2,6,1,3,1,6,0,3,1,5,0,10,2,593.6,True
2,4,8,5,3,6,2,1,2,3,3,5,5,7,3,0,2,3,2,7,1,638.4,True
3,2,7,2,6,2,4,3,2,5,2,4,3,6,0,2,2,4,1,5,3,643.1,False
3,5,0,1,0,8,0,0,1,10,1,8,0,7,0,10,2,3,0,10,3,622.0,True
2,3,3,6,2,8,4,1,1,4,3,2,4,6,0,4,2,2,1,10,2,649.5,False
2,3,10,2,1,6,0,4,1,5,2,6,0,7,0,3,2,3,1,7,2,653.9,False
2,3,3,3,4,3,4,2,1,9,2,6,1,7,0,4,2,3,5,7,3,657.3,False
2,3,6,5,4,7,4,5,2,8,3,5,2,6,0,1,2,3,1,10,2,667.1,False
3,5,3,1,0,10,2,5,1,0,0,10,0,7,5,10,2,10,1,5,1,632.6,False
5,4,10,6,1,4,1,5,1,4,0,8,0,7,0,4,2,8,0,3,2,666.2,False
3,4,1,2,5,10,2,4,2,10,1,5,1,8,9,2,2,5,5,10,2,648.8,True
3,3,10,10,6,10,6,2,1,2,2,8,2,8,5,0,2,4,0,8,1,691.9,False
2,3,2,2,0,2,3,0,2,6,1,4,8,7,0,2,2,5,1,10,1,626.3,True
1,2,10,2,0,1,2,0,2,3,0,2,0,9,0,4,1,2,0,10,1,588.9,False
2,3,4,6,9,3,0,1,2,8,1,1,4,7,5,1,1,2,1,7,2,608.7,True
2,1,5,4,5,2,4,2,2,6,1,1,4,9,0,2,1,3,2,2,1,617.6,True
2,4,1,2,3,10,10,4,2,10,1,2,1,8,8,4,2,10,2,10,2,651.6,True
5,1,4,10,4,10,3,5,1,8,3,10,7,5,0,1,2,2,4,4,0,718.9,True
5,1,6,10,5,10,8,1,1,7,10,10,7,5,2,2,2,4,4,5,0,729.1,True
2,0,5,2,6,2,8,3,2,4,4,1,8,6,0,1,2,8,1,10,3,671.4,False
4,2,2,5,2,8,4,0,1,5,5,1,3,7,8,3,1,2,3,5,1,622.3,False
1,0,1,10,10,7,2,0,1,7,3,1,4,7,10,1,1,4,3,2,1,634.2,False
4,3,2,5,5,5,2,5,1,2,6,2,8,7,2,3,2,4,6,9,1,682.0,False
3,1,5,4,10,7,4,3,1,9,4,3,8,6,2,2,1,10,3,5,1,688.8,False
4,4,8,6,8,5,3,5,1,2,2,4,0,7,7,0,2,3,1,3,2,656.9,False
3,3,10,6,5,10,6,3,2,5,2,2,0,7,0,1,2,7,2,1,3,661.6,False
5,1,7,5,10,8,4,5,1,10,2,10,10,8,0,3,2,10,8,5,1,755.2,False
5,2,10,10,5,5,5,2,1,10,3,5,10,7,10,3,2,4,5,3,1,697.9,False
2,0,10,10,6,4,3,5,2,6,3,1,2,7,0,0,1,10,2,6,3,671.6,False
1,5,10,5,5,2,6,4,1,5,6,10,3,6,4,3,1,5,3,9,1,663.0,True
1,1,2,6,3,4,4,1,1,10,3,2,3,8,0,0,2,5,5,7,3,672.0,True
5,3,10,10,5,3,2,3,1,2,0,8,1,5,7,10,2,10,4,7,1,665.8,False
5,1,5,4,7,4,5,3,1,8,1,6,2,8,0,1,1,8,4,8,1,688.1,True
0,4,0,8,5,5,5,5,2,7,6,6,5,8,3,0,2,10,10,3,1,677.9,True
5,3,10,10,10,4,8,5,1,5,3,8,0,7,0,1,2,4,8,10,2,734.2,False
5,0,2,6,2,5,5,0,1,5,6,6,10,8,2,1,1,8,7,10,0,694.9,True
3,5,8,2,3,4,5,5,1,5,5,5,5,6,5,1,1,7,5,5,1,656.9,False
3,4,6,3,3,6,2,2,2,7,3,4,4,7,0,2,2,4,4,2,1,639.9,False
3,3,4,5,5,10,5,3,1,1,2,10,5,7,4,4,2,10,2,5,3,681.9,False
3,3,3,3,6,8,4,4,2,7,4,6,10,6,3,2,2,7,7,3,3,677.5,False
3,2,10,10,8,4,6,1,2,6,5,6,8,9,6,0,2,2,4,10,0,693.4,True
5,2,5,6,10,10,2,1,1,9,4,5,4,9,0,4,2,6,4,10,1,713.6,False
2,2,10,10,10,10,4,2,1,8,6,7,3,8,3,3,1,4,5,9,1,703.6,False
3,4,10,5,10,10,5,2,2,9,2,8,10,8,2,2,2,3,10,10,1,714.0,True
2,3,10,10,10,10,3,5,2,5,3,2,2,8,0,2,2,10,0,5,1,689.0,False
5,2,5,4,4,10,5,4,2,2,6,7,1,8,2,5,2,10,2,4,0,674.7,False
3,3,7,10,5,6,8,4,1,7,2,6,10,6,0,0,2,10,4,10,2,731.9,True
3,0,10,5,3,5,3,2,1,8,5,5,6,6,0,3,2,0,5,8,2,692.6,False
5,4,5,2,10,8,3,1,1,8,3,5,1,8,0,2,2,3,6,4,3,679.4,True
4,4,10,5,10,8,4,2,1,6,0,4,4,8,0,2,2,6,7,8,1,703.0,False
2,5,5,4,2,9,5,0,1,6,3,2,1,8,10,3,2,10,3,10,1,646.5,True
1,5,10,5,0,10,0,2,1,7,0,5,1,6,2,1,1,1,1,7,1,624.6,False
4,5,10,10,2,2,0,1,1,7,5,10,10,6,10,1,2,10,0,4,1,674.9,False
3,1,10,5,5,10,5,3,1,5,3,4,2,6,0,5,2,10,4,2,2,692.4,False
0,3,2,2,2,3,2,0,1,7,5,3,10,7,0,7,2,2,6,3,0,632.9,True
3,2,10,10,3,10,2,1,1,6,1,5,2,7,0,0,2,3,1,9,0,687.7,False
2,3,10,10,5,10,6,3,1,8,2,6,3,7,2,3,1,10,4,10,0,699.8,False
1,2,10,8,5,10,5,1,1,6,4,10,1,7,0,6,2,10,5,10,0,709.1,True
1,2,10,4,6,10,0,0,1,6,1,8,1,5,0,7,1,10,0,10,0,652.2,False
2,5,7,8,6,3,2,0,1,2,1,5,0,7,7,5,1,1,0,5,0,595.9,False
5,2,10,9,1,6,3,0,1,4,0,4,0,8,3,3,2,0,1,4,0,648.6,False
4,2,5,5,3,10,3,1,1,4,2,4,4,8,0,2,2,5,3,4,0,672.4,False
5,3,10,9,10,10,7,5,1,8,2,4,0,7,6,3,1,2,4,10,0,696.0,False
5,2,8,4,7,2,7,3,1,9,1,7,1,9,0,3,1,3,3,9,0,681.7,False
3,4,10,8,1,10,5,1,1,9,1,8,8,8,0,1,2,10,1,3,0,702.1,False
1,1,10,3,3,10,4,2,1,7,4,5,1,7,2,6,2,10,5,5,0,682.6,False
5,3,8,4,2,8,3,2,1,7,2,6,8,7,1,2,2,8,2,4,0,689.6,False
5,3,5,10,4,10,4,2,1,8,3,4,10,8,4,4,2,3,4,7,0,699.6,False
0,2,1,5,6,10,10,5,2,3,1,3,3,7,0,2,2,10,2,10,2,673.7,False
3,3,7,8,7,5,2,5,1,8,2,8,10,6,5,4,2,5,1,10,2,700.0,False
1,1,1,3,10,10,2,0,2,2,1,5,2,7,0,1,2,4,4,1,1,633.3,True
5,0,2,4,0,10,6,0,1,6,1,3,2,7,0,2,2,10,2,10,0,683.9,True
2,4,3,3,10,10,7,5,1,7,6,3,6,7,3,4,2,3,6,4,1,689.0,False
5,1,10,7,5,10,2,1,1,6,3,9,10,7,0,1,2,5,3,10,0,727.6,False
5,2,7,10,7,10,5,1,1,9,3,9,6,9,0,4,2,2,3,9,0,722.9,False
1,4,3,10,4,10,5,3,1,6,0,7,1,7,4,3,2,3,3,3,0,657.5,False
4,4,3,5,6,10,1,1,1,7,5,4,1,6,2,2,2,0,2,5,0,653.3,False
3,3,6,6,7,10,5,4,1,8,4,7,3,8,4,2,2,7,2,4,0,698.5,False
0,5,2,7,3,10,2,3,1,7,3,10,1,8,7,2,2,2,9,1,0,653.2,False
4,2,7,7,3,6,4,0,1,5,1,7,0,7,3,1,1,5,2,7,0,650.7,False
1,3,3,5,4,6,3,0,1,7,0,3,3,9,1,4,2,1,2,4,0,633.3,False
3,2,10,10,4,10,5,1,1,5,2,7,3,8,1,5,2,4,4,4,0,690.0,False
2,2,5,10,4,10,7,1,1,6,4,9,3,6,6,2,2,8,7,8,0,701.9,True
3,1,10,7,5,10,5,3,1,8,2,7,5,8,0,1,2,10,2,5,0,722.3,False
2,3,9,6,3,10,3,0,1,5,1,10,1,8,3,2,2,5,1,3,0,663.4,False
1,3,5,4,3,7,1,0,1,2,0,3,2,8,3,4,1,3,3,5,0,605.9,False
2,4,2,10,5,10,1,3,1,8,1,6,9,8,0,4,2,10,3,6,0,694.9,False
2,3,5,10,9,10,4,5,1,4,0,4,1,7,0,1,2,10,1,5,0,694.3,False
3,3,8,3,4,10,3,1,2,5,0,6,1,8,0,10,1,0,2,10,0,618.4,False
2,4,6,3,1,2,2,0,1,2,1,6,5,6,0,10,2,9,2,2,0,619.7,False
5,2,2,6,4,9,2,0,2,9,4,3,5,8,3,3,2,2,0,3,3,643.3,False
2,2,8,5,6,10,5,2,1,7,4,10,2,8,4,5,2,3,4,5,0,687.2,True
3,2,8,5,5,8,6,2,1,6,6,6,5,10,0,1,2,3,2,9,0,707.2,False
3,3,3,3,10,10,3,4,2,7,3,9,2,6,2,3,2,9,3,10,2,684.9,False
4,5,10,10,2,2,0,1,1,7,5,10,10,6,10,1,2,10,0,4,1,674.9,False
2,2,1,3,3,10,3,1,1,8,2,10,1,6,5,3,2,10,1,10,2,669.8,True
5,1,7,5,10,5,8,5,1,7,6,10,5,6,0,5,2,10,4,4,1,734.4,True
2,5,8,1,1,4,5,3,1,2,1,2,5,8,2,1,2,10,4,10,2,661.8,True
2,3,0,4,3,10,0,0,1,3,1,9,1,8,10,1,2,9,1,5,2,634.3,False
2,3,1,2,10,3,0,3,1,5,5,1,4,6,0,3,1,0,1,6,0,622.1,True
3,1,10,10,2,3,3,5,1,5,2,6,10,7,4,3,2,10,2,10,3,711.7,True
1,5,10,3,10,3,3,5,2,8,1,7,5,4,0,5,2,3,1,7,2,651.8,True
4,1,8,5,4,4,4,4,1,4,2,3,2,8,0,1,2,5,3,10,3,690.9,True
1,2,0,2,1,3,2,1,2,7,1,1,0,7,3,2,2,2,0,10,2,598.5,True
2,3,1,2,6,5,3,1,2,7,2,1,0,6,7,5,2,10,1,4,3,606.8,True
1,4,3,2,2,2,3,0,2,4,2,2,2,7,0,4,1,2,4,2,1,574.9,False
3,0,1,3,1,3,1,0,1,9,1,4,1,6,7,1,2,4,4,10,1,641.4,True
2,4,5,2,7,9,7,5,2,5,4,3,5,6,3,7,1,8,1,3,1,632.7,False
5,1,3,10,10,10,4,5,1,10,10,3,4,8,0,0,2,5,6,10,3,752.1,False
5,1,6,8,10,5,8,2,2,7,2,10,5,8,0,1,2,10,2,10,3,721.2,True
4,3,10,9,10,5,10,3,1,10,10,4,2,7,0,2,1,6,10,10,1,731.7,True
3,3,9,7,10,6,8,3,1,3,6,10,3,6,0,1,1,6,4,5,0,697.0,False
5,1,5,6,3,10,4,0,1,9,3,10,10,8,0,0,2,7,3,8,2,724.6,True
5,4,10,10,10,10,2,5,1,7,8,10,0,6,0,2,2,4,2,10,2,732.7,True
4,1,10,7,8,10,10,4,1,8,7,7,7,7,3,4,2,10,5,10,1,756.1,True
3,3,10,10,6,10,6,2,1,0,6,8,0,8,0,2,2,5,7,10,0,714.0,False
3,4,10,8,0,1,1,1,1,0,3,2,0,7,0,0,1,10,3,5,3,631.0,False
1,4,5,10,10,10,10,3,2,10,8,10,5,8,0,3,2,6,9,5,3,722.9,True
2,3,5,3,10,5,5,1,1,5,5,1,2,8,5,1,2,2,1,4,1,648.0,False
1,4,5,4,7,10,5,2,2,6,3,1,7,7,10,1,2,4,3,2,2,632.5,False
4,0,2,1,10,2,1,4,1,1,1,1,5,8,0,2,2,4,5,10,3,673.5,True
2,3,0,2,2,2,1,1,2,2,2,1,1,9,0,8,1,2,0,10,2,573.4,False
5,2,6,6,10,10,6,5,2,6,2,10,3,7,3,3,2,10,1,2,3,698.9,False
3,4,10,2,10,10,3,0,1,0,1,2,4,6,0,10,1,10,1,0,0,625.7,False
2,2,10,6,10,10,5,4,1,9,2,7,6,8,0,0,2,7,3,10,3,735.9,False
2,3,10,10,10,10,10,0,1,8,1,10,1,7,0,1,2,8,5,2,1,715.9,True
5,4,3,1,3,5,2,1,1,9,2,10,0,7,0,5,2,7,1,5,3,656.4,False
5,1,8,10,5,9,10,4,2,10,8,8,7,9,10,8,2,10,10,10,0,738.0,True
2,5,3,10,5,10,6,1,2,5,6,10,4,10,10,7,2,2,4,10,0,657.0,False
4,2,6,7,5,10,10,5,2,8,5,6,6,8,0,1,2,10,6,10,0,734.0,False
0,0,0,10,3,10,5,0,2,10,1,4,2,8,7,4,1,10,10,8,0,648.6,True
1,1,5,1,1,10,1,2,1,6,1,1,1,10,0,0,1,1,0,1,0,619.5,True
3,2,7,4,4,7,6,0,1,7,3,5,3,8,0,8,2,10,1,1,0,665.8,False
5,3,7,8,5,10,10,4,2,10,7,8,9,10,10,7,1,10,10,10,0,716.1,True
2,2,7,8,3,4,4,1,1,3,4,5,3,7,1,2,1,0,2,3,0,635.0,False
3,1,6,8,5,10,9,4,2,5,2,9,10,6,0,10,2,5,2,7,0,693.4,False
5,2,4,10,5,10,5,2,1,10,7,6,10,8,3,1,2,10,7,5,0,739.1,True
3,5,0,10,0,10,8,2,1,0,10,10,6,9,0,8,2,10,10,4,0,699.3,False
3,2,10,10,7,10,4,0,1,5,1,6,7,8,5,2,2,10,6,10,0,715.3,True
2,2,4,8,4,10,7,5,2,7,6,10,5,7,0,5,1,10,6,6,0,692.1,True
1,3,0,4,3,5,7,0,2,1,0,3,7,7,0,3,2,5,0,0,0,605.7,False
1,3,7,7,2,10,6,0,1,1,6,5,5,10,2,3,1,7,7,8,0,669.6,False
1,2,4,5,1,7,3,0,2,5,1,10,2,6,5,5,1,7,1,10,0,615.4,True
3,4,5,10,5,10,10,3,1,4,3,10,7,10,0,5,2,10,3,7,0,723.3,True
2,1,7,10,10,10,10,0,1,5,6,8,3,8,7,3,2,10,6,4,0,715.7,False
3,1,1,6,2,10,7,3,1,9,2,4,6,8,5,2,2,10,3,7,0,696.2,False
0,1,2,3,3,10,8,0,1,5,3,7,4,9,0,3,2,3,6,10,0,680.0,True
1,1,3,10,4,10,7,0,1,3,1,1,1,8,0,2,2,10,0,2,0,661.6,False
4,4,5,8,4,10,5,0,1,9,4,7,6,6,4,1,2,5,10,7,0,701.5,False
3,2,4,10,4,10,4,0,1,5,1,6,7,8,5,2,2,10,6,10,0,700.0,True
3,5,1,10,6,10,2,1,2,7,5,9,4,9,5,2,2,10,6,9,0,682.1,False
5,3,4,8,4,10,10,2,2,8,5,4,8,7,3,4,2,10,7,10,0,709.6,False
2,2,10,10,10,8,10,0,1,4,4,9,3,8,7,2,2,10,5,4,0,710.8,False
3,1,4,4,2,10,7,1,1,5,2,10,8,10,3,3,1,3,2,10,0,679.1,True
4,1,6,5,8,10,6,1,1,8,6,7,7,9,4,5,2,8,4,9,0,720.8,False
2,2,4,10,4,10,4,0,1,5,1,6,7,8,5,2,2,10,6,10,0,696.6,True
2,4,2,6,4,10,5,0,1,3,8,5,5,6,5,8,2,5,6,4,0,651.8,False
5,4,0,10,10,10,10,5,1,10,2,10,8,8,2,5,2,10,2,5,0,734.8,False
4,1,2,5,4,10,6,0,1,8,7,7,5,8,4,5,2,6,4,8,0,695.1,False
4,4,2,3,7,6,3,2,1,3,2,2,2,5,10,2,1,3,0,2,3,600.0,True
3,4,2,4,4,4,1,1,1,1,1,10,0,6,2,7,2,4,1,5,3,622.2,False
4,1,4,9,4,7,4,1,2,2,1,3,2,8,0,0,2,5,9,10,2,675.6,False
3,5,1,1,4,2,2,3,1,2,2,2,0,5,10,6,1,3,1,2,3,567.7,True
4,1,8,5,4,4,4,4,1,4,2,3,2,8,0,1,2,5,3,10,3,690.9,True
3,2,2,10,5,10,4,1,2,9,3,9,4,9,5,3,2,10,6,4,0,685.5,False
1,3,10,9,5,4,5,1,2,6,4,2,10,8,3,3,2,5,8,2,3,665.2,False
5,5,1,5,5,2,2,5,2,4,1,1,2,6,10,9,1,9,2,9,2,596.6,False
2,4,4,2,4,3,5,5,1,4,4,7,10,7,0,3,2,3,4,10,1,683.0,True
3,4,0,3,3,9,6,0,2,8,4,6,3,7,9,1,1,4,4,6,1,616.5,False
5,1,8,2,2,8,3,4,1,9,1,10,10,6,6,0,2,7,4,10,3,717.4,True
1,3,0,4,10,10,0,1,2,2,2,2,1,2,10,2,2,3,0,2,3,585.8,True
3,2,10,8,9,10,3,4,1,8,3,4,10,7,10,1,2,10,6,3,3,716.4,True
2,2,2,7,4,7,2,2,2,3,1,8,3,6,10,1,2,4,1,4,3,623.5,False
5,3,4,6,5,10,6,1,2,3,6,3,5,8,6,1,2,5,8,3,3,667.1,False
3,3,7,10,10,7,5,2,1,4,3,4,3,8,0,2,2,5,4,7,2,697.9,False
3,3,5,7,5,10,7,0,1,7,10,10,2,6,0,3,2,10,1,3,2,700.4,True
4,3,10,4,4,10,3,2,2,8,4,5,5,8,0,2,2,4,3,5,3,677.7,False
5,2,6,6,5,8,3,3,2,4,4,10,2,8,0,2,2,5,3,5,3,682.1,True
0,3,1,3,5,4,2,0,1,0,1,3,1,10,0,2,2,2,1,8,0,619.9,False
5,2,7,5,4,4,4,2,1,6,2,10,1,8,0,4,2,5,2,5,1,682.1,False
2,3,5,7,5,9,8,3,1,9,4,7,4,7,4,3,2,7,2,7,0,696.6,True
3,3,2,0,3,2,0,1,1,2,1,1,0,7,0,10,1,6,1,10,2,591.7,True
2,5,3,7,5,10,2,4,2,7,1,7,1,7,0,1,1,3,1,2,2,626.9,False
5,4,5,4,7,10,4,1,1,2,2,7,4,7,0,4,2,2,3,10,1,677.9,False
1,3,0,2,3,7,0,0,2,1,1,6,1,9,4,6,2,5,0,10,0,599.9,False
3,4,6,5,5,3,4,1,1,3,1,1,3,5,0,1,2,7,2,4,2,644.0,False
2,3,6,7,7,9,6,3,1,8,4,5,2,7,0,2,1,10,0,6,1,680.9,True
3,4,10,1,6,4,0,2,1,10,0,7,5,8,0,8,2,4,0,5,2,656.0,False
2,0,2,10,10,10,3,3,1,7,8,2,5,7,0,0,1,10,9,10,2,721.1,False
4,3,5,4,2,3,2,2,1,7,1,5,3,8,2,3,2,2,1,3,3,643.7,False
1,3,1,6,2,2,1,5,1,10,5,5,1,8,0,10,2,5,4,7,2,653.9,False
5,2,8,10,10,10,2,3,2,7,5,6,5,8,1,1,1,10,8,10,1,715.3,False
2,2,10,3,3,5,3,2,1,3,1,2,5,7,7,2,2,5,1,10,3,653.1,False
3,0,10,6,9,3,0,1,1,10,6,5,10,6,10,0,2,5,8,10,1,709.6,True
2,3,2,10,2,10,4,3,1,6,3,3,10,8,3,2,2,5,8,3,3,687.5,False
4,1,5,2,2,4,0,1,1,1,2,2,0,8,0,0,1,2,1,6,1,619.3,False
1,1,3,8,2,4,2,1,1,7,5,10,1,8,10,3,2,3,3,5,1,649.8,True
4,4,3,6,6,10,4,5,2,7,3,1,10,7,0,7,2,10,2,5,3,676.7,True
5,4,10,10,1,8,2,0,1,4,3,6,1,8,8,1,2,2,2,3,1,654.1,False
4,4,1,2,10,10,2,1,1,4,3,5,1,7,5,1,2,10,1,10,2,669.0,False
5,0,6,10,2,10,10,5,2,8,10,10,10,10,0,0,2,10,10,10,2,779.4,False
3,3,9,7,10,6,8,3,1,3,6,10,3,6,0,1,1,6,4,5,0,697.0,False
3,5,3,5,10,10,1,5,1,0,2,10,1,10,7,10,1,10,2,5,1,646.8,False
1,3,5,5,5,10,1,2,2,7,5,1,5,7,0,4,2,2,0,0,1,629.1,False
4,2,10,10,3,7,2,2,1,4,2,4,1,8,8,1,2,5,0,2,1,660.5,True
4,1,10,7,10,10,8,2,1,9,5,7,5,7,0,0,2,2,8,6,1,740.8,False
5,5,3,5,2,3,0,5,1,1,1,10,0,6,10,1,1,3,1,5,2,613.7,False
5,3,3,4,2,2,3,1,1,5,3,8,0,5,0,1,2,6,1,5,1,652.2,True
1,5,10,4,10,6,0,5,2,8,2,1,0,5,10,1,2,5,2,5,2,628.7,True
5,1,5,6,3,10,4,5,1,4,2,10,3,6,0,0,2,4,5,7,3,712.3,False
1,5,8,5,10,10,1,1,2,4,1,1,3,6,1,7,2,1,0,10,2,623.8,False
5,1,10,0,5,10,6,5,2,10,3,3,10,6,0,0,2,10,3,10,3,722.8,True
5,2,6,10,10,4,3,2,1,7,3,10,10,8,0,1,2,9,5,5,1,733.1,False
5,3,3,3,4,10,2,1,1,8,1,9,1,7,0,5,2,5,1,1,1,659.6,False
2,3,8,8,5,8,7,2,1,8,2,10,10,7,0,2,2,8,2,7,3,717.6,True
3,4,10,3,3,10,3,1,2,7,1,1,1,9,3,10,2,2,0,5,2,617.6,False
2,3,0,10,10,10,10,1,1,8,10,2,1,6,5,3,2,1,10,5,0,690.3,False
1,2,3,3,3,2,2,0,1,5,4,10,1,7,2,1,1,10,4,5,2,639.4,False
1,1,3,4,10,10,4,3,1,8,7,10,10,6,0,2,2,5,5,10,1,727.6,True
5,3,6,4,10,10,3,0,1,0,1,10,4,7,10,1,1,3,1,3,3,641.1,False
2,2,4,10,10,10,8,5,2,4,8,5,3,6,0,2,1,10,7,10,1,704.5,True
3,2,2,4,4,10,3,0,1,5,7,8,4,6,0,0,2,0,1,7,0,671.1,True
4,2,4,5,10,6,3,2,1,3,2,4,2,7,0,3,2,5,1,5,1,668.8,False
1,5,2,4,5,5,1,0,2,7,1,2,2,5,0,0,1,10,1,3,0,596.6,False
3,4,3,8,5,10,3,0,2,8,2,7,5,7,0,5,2,4,2,10,0,660.9,True
1,1,6,1,3,6,2,5,2,1,1,2,1,6,0,10,2,5,0,5,2,612.1,True
3,3,5,7,10,10,4,2,2,7,0,2,1,8,0,1,2,5,2,3,3,660.1,False
2,4,5,5,10,10,5,2,1,8,3,5,2,10,0,1,2,5,5,5,2,695.1,False
5,2,10,10,10,10,10,5,1,10,8,10,6,8,0,0,2,7,10,6,1,787.5,True
5,1,7,2,0,6,7,0,1,6,1,5,2,7,0,1,2,2,2,8,1,669.0,True
1,4,10,10,10,10,8,2,1,8,2,8,10,7,2,1,2,4,2,10,2,724.0,False
1,3,3,5,10,8,7,2,1,9,3,7,3,8,0,0,2,5,7,7,2,703.6,False
3,3,3,6,4,3,1,2,2,3,3,6,3,7,0,4,2,7,2,6,3,638.6,False
3,3,10,5,10,5,6,3,1,3,4,5,2,7,0,3,2,5,2,9,1,692.8,True
4,4,2,6,0,2,1,0,1,2,0,2,0,7,1,1,2,3,1,2,2,607.2,True
4,3,3,3,3,10,3,0,2,8,3,5,0,6,10,1,2,2,1,7,3,622.9,False
0,3,5,5,5,7,3,3,2,5,3,6,1,6,0,0,2,1,0,6,1,636.7,True
5,4,10,10,10,7,4,4,2,6,3,4,5,7,0,4,2,10,0,5,2,694.3,False
5,2,5,10,8,10,10,4,1,10,5,7,10,6,6,5,2,10,5,7,0,744.0,False
5,3,2,4,7,3,2,1,2,9,6,10,1,8,0,0,2,3,7,9,2,678.7,False
2,3,9,5,7,10,5,1,1,2,4,7,3,8,0,8,1,10,2,5,0,664.5,True
4,1,4,6,10,10,6,2,1,6,8,4,4,9,0,4,2,1,3,1,0,696.4,True
1,3,2,5,10,10,10,1,1,3,2,5,5,7,0,2,2,10,2,9,0,692.8,True
2,3,8,5,9,10,5,1,1,2,3,7,4,8,0,7,1,10,2,5,0,667.9,True
4,1,5,10,10,10,3,2,1,7,5,4,6,9,0,2,2,4,2,8,0,718.5,True
5,1,4,5,5,7,3,1,2,7,0,2,1,8,0,1,2,4,4,7,0,658.4,True
4,4,10,5,10,10,3,3,1,10,10,9,3,7,7,0,2,10,10,2,1,731.0,False
3,2,4,10,6,10,9,5,2,10,6,8,5,7,0,0,2,10,3,10,0,734.2,False
0,4,3,5,4,2,1,0,1,2,0,3,0,4,0,0,2,2,0,3,1,598.3,True
4,3,10,4,6,2,3,3,1,5,1,7,3,6,0,1,2,10,5,5,3,689.6,False
2,3,6,3,1,6,3,1,1,0,1,3,0,7,2,7,1,4,0,2,1,592.1,False
4,1,9,10,10,10,6,5,2,9,2,5,10,7,4,0,2,3,6,7,3,726.8,False
2,5,0,5,10,5,0,1,2,4,2,2,0,6,0,1,1,3,2,2,2,590.0,False
3,4,3,10,8,10,4,3,2,4,1,2,1,6,10,1,2,5,1,3,3,632.5,False
2,2,5,8,2,8,3,2,1,4,1,6,3,6,0,7,1,4,1,4,1,635.0,False
5,2,3,3,2,10,10,3,1,7,8,7,10,7,0,0,2,9,7,10,0,742.5,True
5,0,10,10,4,10,0,0,2,9,2,10,5,7,0,0,2,10,1,3,2,702.3,True
5,4,6,10,10,2,4,5,2,4,2,5,2,6,10,2,1,10,1,3,2,639.9,False
2,4,8,4,4,4,1,5,2,7,3,8,2,8,0,2,2,6,2,5,3,659.6,False
4,5,3,4,8,6,7,4,1,4,5,9,2,9,4,2,2,4,8,10,2,699.1,False
2,3,1,3,3,5,4,3,2,4,2,1,0,7,10,0,2,10,1,2,2,608.7,True
5,5,5,7,10,10,5,5,2,7,4,6,5,4,0,4,2,10,7,4,2,699.2,False
3,5,1,3,10,10,2,1,1,8,2,3,5,6,2,2,2,3,4,4,3,656.5,False
5,4,10,6,10,10,3,4,1,5,4,6,5,6,10,1,2,10,3,10,3,711.5,True
1,1,10,7,1,6,2,2,2,5,2,2,10,7,10,0,1,4,3,6,1,629.3,True
3,3,3,1,1,4,3,3,2,5,0,10,1,7,0,0,2,10,0,7,3,646.2,True
1,4,8,10,10,10,0,5,1,2,3,4,0,6,0,3,2,4,4,10,0,685.6,True
2,5,4,10,10,10,0,5,1,7,7,7,1,8,5,1,2,5,8,9,2,707.0,True
2,4,2,3,3,4,2,0,2,9,8,1,2,6,10,3,1,6,8,3,1,596.6,False
2,1,10,3,4,3,1,3,1,6,1,5,0,9,0,1,2,5,0,10,3,672.8,True
4,4,1,8,1,7,0,4,1,4,2,4,0,8,4,1,2,2,0,7,3,643.5,False
3,5,8,10,4,8,1,1,1,5,1,2,5,7,0,1,1,2,5,2,1,642.9,False
3,2,5,0,10,10,3,4,1,7,7,8,3,8,0,1,2,2,3,10,2,708.9,False
3,4,2,2,4,7,3,5,1,7,1,2,4,7,0,3,2,3,2,7,1,658.2,False
2,2,1,5,6,3,3,1,1,3,1,8,10,7,4,1,2,5,4,2,2,657.7,False
3,2,8,8,8,4,4,3,2,7,4,10,4,7,0,1,2,10,2,10,2,705.7,False
1,0,5,3,3,1,10,1,1,8,1,10,1,6,0,5,2,10,1,10,2,680.0,True
3,2,2,10,7,6,2,2,2,8,5,5,10,8,0,1,2,10,9,7,3,706.6,False
1,4,1,1,3,0,0,0,1,6,0,3,0,8,10,10,1,0,0,3,2,544.7,False
3,3,2,2,1,3,2,1,1,8,1,1,1,8,0,0,2,10,0,3,2,637.8,True
4,3,8,10,10,10,10,3,1,9,6,7,10,7,10,4,2,10,10,7,2,747.6,False
4,3,4,7,6,9,6,5,2,4,3,9,1,6,0,6,1,7,3,3,1,656.0,False
1,4,8,10,10,10,0,5,1,2,3,4,0,6,0,3,2,4,4,10,0,685.6,True
4,3,6,5,5,5,4,2,1,7,3,8,1,7,8,2,2,3,2,5,1,661.1,False
0,4,3,6,4,9,3,1,2,4,1,3,5,5,10,2,2,3,1,2,2,598.5,True
5,2,10,8,5,10,3,1,1,7,5,10,9,8,10,1,2,10,5,10,2,729.7,True
5,3,4,5,5,10,5,1,1,8,3,9,5,8,0,1,2,10,5,4,1,710.8,False
3,4,5,3,5,5,2,1,2,3,1,4,1,6,5,2,2,4,1,2,2,605.7,True
2,4,0,2,1,3,1,2,1,1,1,5,4,9,3,2,2,3,1,3,1,613.3,True
1,2,6,7,6,5,3,1,1,3,6,7,7,7,0,1,1,3,1,9,1,664.3,True
3,2,6,5,6,7,4,2,1,10,1,10,1,7,0,1,2,9,1,3,2,692.1,True
3,2,5,6,4,3,3,2,1,5,0,1,2,8,0,3,2,10,0,7,1,659.9,False
2,2,10,10,10,10,6,5,1,9,4,6,5,7,0,1,2,3,1,10,2,733.8,False
1,2,0,0,0,2,0,0,1,3,2,1,0,8,0,0,1,1,2,10,1,591.9,True
5,2,8,8,10,6,5,3,1,7,4,6,6,7,0,2,2,10,4,10,3,735.5,False
5,3,4,5,5,10,5,1,1,8,3,9,5,8,0,1,2,10,5,4,1,710.8,False
5,3,10,5,6,2,1,5,2,6,2,10,1,7,0,1,2,8,2,6,3,681.9,False
5,3,10,4,2,1,3,5,2,4,2,3,1,6,0,7,1,5,3,10,2,632.7,True
2,1,7,5,10,10,6,4,2,8,3,5,0,8,0,0,2,8,7,7,2,706.6,True
2,2,4,10,4,4,3,5,2,1,2,7,0,8,0,5,2,3,2,10,3,654.3,False
3,2,5,2,3,2,1,0,1,5,0,2,0,7,0,3,1,4,0,5,2,605.5,False
1,4,0,3,2,1,0,0,2,2,0,1,0,4,0,9,1,2,0,3,1,533.3,False
2,3,3,6,2,3,4,0,1,8,1,5,3,6,4,6,2,4,2,2,1,626.3,False
2,4,10,4,5,10,0,1,1,1,1,6,1,7,10,7,1,1,0,10,3,609.7,True
2,5,10,5,3,3,1,0,2,3,1,2,0,9,0,1,2,10,0,10,1,631.4,False
4,1,10,6,6,2,4,5,2,9,2,1,0,7,0,0,2,6,1,10,3,681.8,False
5,3,8,7,7,5,7,1,1,5,3,7,7,7,0,2,1,6,6,4,1,688.1,False
4,3,10,4,2,6,10,2,1,8,3,9,5,7,0,1,2,10,8,10,1,729.3,False
3,4,10,7,10,10,2,4,1,8,4,10,3,7,2,10,2,6,5,10,2,710.8,True
3,4,7,4,10,10,4,1,2,4,2,3,2,7,5,3,2,7,2,4,2,644.8,False
2,5,2,4,1,7,3,1,2,4,0,5,0,7,0,10,1,4,0,7,0,580.6,False
5,2,7,10,10,10,10,5,2,8,10,1,3,6,3,3,2,5,3,7,1,715.6,False
5,4,1,6,3,10,2,0,1,5,1,2,1,7,10,5,1,10,0,7,0,617.4,False
3,4,2,5,10,10,3,5,1,4,2,6,10,7,10,10,2,4,10,10,2,684.5,True
3,4,10,9,6,10,2,5,2,3,1,4,2,6,0,5,1,7,2,7,2,651.6,False
5,4,2,3,10,5,9,4,2,8,9,8,5,6,0,7,2,2,7,2,2,681.3,False
5,3,10,4,2,1,3,5,2,4,2,3,1,6,0,7,1,5,3,10,2,632.7,True
2,4,10,5,3,3,2,0,2,3,2,1,0,9,0,0,2,10,0,10,1,638.0,False
5,4,6,8,10,10,3,5,1,8,4,10,8,8,0,1,2,10,8,10,3,758.6,False
4,1,1,10,10,5,10,5,2,8,7,2,5,7,5,2,2,10,3,10,3,710.9,True
5,4,2,0,10,3,3,4,2,3,3,4,0,5,6,3,1,2,1,4,3,598.7,True
5,1,10,6,4,5,3,2,1,7,2,7,5,8,5,1,2,10,2,6,1,701.9,True
2,5,7,3,10,10,5,1,1,3,3,6,0,10,0,6,1,7,2,10,1,659.6,True
5,1,10,4,10,10,2,4,2,8,3,2,1,10,0,0,2,8,1,7,0,703.0,False
3,4,5,3,10,10,3,1,1,3,2,8,2,6,9,3,2,5,1,6,1,652.4,False
5,1,10,10,8,4,3,4,1,9,0,4,2,8,0,1,2,3,1,7,3,706.4,False
5,3,8,5,5,10,0,3,2,5,2,5,3,5,0,2,2,8,0,6,3,665.2,False
1,5,2,3,3,10,5,5,1,7,2,10,10,7,10,3,1,10,2,10,2,666.6,True
3,2,4,6,5,1,1,2,1,10,3,10,2,7,7,0,2,7,3,7,1,675.1,False
1,2,5,5,2,10,2,4,2,9,5,3,2,8,0,2,2,3,4,6,3,662.0,True
1,3,2,2,2,3,5,0,2,2,1,2,1,7,4,1,2,10,2,10,1,614.0,False
4,3,0,7,5,10,10,0,1,6,5,10,7,7,0,1,1,10,2,6,0,693.8,False
2,1,4,5,3,4,5,1,1,3,2,8,2,8,0,1,2,4,2,5,0,663.0,True
3,3,10,10,10,5,10,5,2,7,4,4,2,8,2,1,2,10,4,8,2,714.9,False
5,1,3,3,10,10,7,4,1,8,3,10,2,8,0,0,1,10,8,10,2,731.4,False
2,0,4,5,6,5,1,3,1,3,1,5,1,7,0,0,2,2,2,5,3,660.5,False
3,2,2,10,10,6,7,0,2,7,3,9,5,8,0,1,2,10,3,10,3,702.3,False
2,1,10,8,3,8,3,0,1,7,3,10,3,8,0,0,2,4,1,5,1,692.3,True
2,5,2,2,1,10,2,1,2,10,3,2,0,8,0,3,2,10,2,5,2,631.2,False
5,2,8,6,8,10,4,0,1,10,4,6,10,7,10,0,2,4,8,10,1,718.5,True
2,3,3,9,10,4,4,5,1,7,1,8,3,8,1,2,2,10,1,5,3,697.0,True
4,2,5,3,3,3,6,2,2,7,2,8,3,8,0,1,2,4,4,10,3,671.5,False
2,1,10,6,5,8,4,0,2,5,0,10,0,6,0,0,1,9,1,3,0,647.7,False
2,4,1,3,1,10,2,1,1,3,1,6,1,9,3,2,1,2,2,10,3,622.0,False
5,2,10,5,5,5,8,1,2,8,4,10,5,8,0,1,2,2,1,10,2,697.4,False
5,3,10,1,3,5,3,2,1,6,4,8,2,6,4,1,2,4,6,8,3,681.3,False
1,3,3,2,0,8,1,0,1,2,0,4,0,6,0,6,1,3,0,2,0,581.9,False
3,2,1,3,0,3,0,1,2,4,0,4,0,6,0,1,2,2,0,5,3,598.9,False
4,3,6,4,7,7,4,2,1,5,6,10,4,6,0,3,2,7,10,10,2,715.7,True
4,3,10,10,7,7,5,5,2,9,3,7,3,8,0,2,1,3,2,9,3,688.3,False
3,2,5,3,3,5,3,3,2,5,2,10,1,7,1,5,1,5,1,10,2,636.0,True
1,4,2,4,3,5,3,0,1,2,1,8,0,7,9,1,1,0,1,1,0,582.9,True
5,2,6,4,2,6,8,5,2,8,5,6,10,7,0,5,2,9,10,8,3,716.8,True
4,4,3,3,0,3,0,1,1,5,1,2,0,6,0,0,2,0,0,7,2,617.2,False
0,2,2,5,10,7,2,1,1,3,4,1,5,8,10,10,2,2,2,6,1,622.5,True
5,5,2,6,3,10,2,3,2,4,3,8,2,6,10,6,2,3,0,1,3,615.0,True
0,3,2,6,3,10,4,0,1,5,4,10,5,8,0,10,2,4,6,10,0,668.5,False
1,2,0,2,5,3,5,1,2,3,3,3,3,7,7,0,2,7,4,4,2,617.6,False
3,3,10,5,3,3,2,2,1,10,4,7,6,5,0,1,1,3,3,8,1,669.0,False
5,3,2,10,3,10,2,5,2,5,5,3,0,7,3,3,1,4,0,5,3,638.0,False
5,1,4,5,2,10,3,0,1,8,3,5,0,6,0,2,2,10,6,5,2,687.5,False
4,2,3,10,10,6,2,5,1,5,2,3,1,7,2,4,1,10,4,5,1,675.4,False
4,1,3,9,7,3,1,3,1,3,2,7,2,6,0,1,2,3,3,9,2,681.1,False
3,4,2,5,2,3,2,4,2,7,4,8,1,9,8,7,2,6,0,7,1,627.5,False
2,2,5,10,5,10,6,4,2,8,4,10,5,7,0,3,2,10,2,10,3,712.5,True
3,3,7,6,7,8,4,1,1,8,5,8,3,7,0,1,2,5,2,4,2,691.7,True
5,1,10,10,8,3,6,0,1,8,4,4,10,8,0,0,2,10,6,10,1,742.1,True
2,4,8,4,8,10,2,3,1,5,3,9,3,6,2,2,1,5,4,10,1,674.7,False
4,1,10,7,7,3,1,5,1,7,1,2,5,7,0,1,2,10,3,10,3,712.6,False
5,1,3,9,5,5,3,3,2,5,6,6,3,7,0,0,2,6,7,5,3,689.6,True
5,3,10,2,4,7,1,5,2,5,2,1,0,8,5,0,2,10,0,10,2,663.3,False
4,1,3,10,4,10,3,3,1,3,2,4,5,8,0,4,2,4,6,10,1,699.6,False
3,3,6,5,7,4,5,3,1,8,4,6,10,8,0,1,2,2,1,3,3,689.8,False
4,2,3,9,10,10,8,2,1,8,4,2,8,8,7,2,2,7,4,10,3,716.2,True
1,1,5,2,2,2,2,1,1,4,1,8,0,9,0,1,2,2,1,7,1,642.8,True
2,1,5,4,10,5,2,1,2,10,2,2,3,8,0,0,2,5,2,6,3,661.8,True
1,1,3,10,9,6,0,2,2,0,2,2,0,6,10,1,1,0,1,7,1,595.1,True
5,2,10,10,5,10,10,5,1,8,10,2,4,8,0,10,2,10,3,10,1,743.4,True
2,2,4,7,2,10,5,1,2,3,3,3,2,7,4,0,2,6,4,5,3,646.5,False
4,3,4,8,6,1,0,0,1,7,1,10,0,6,6,5,2,4,1,10,1,647.7,True
3,1,3,4,10,10,4,2,2,9,4,6,10,7,0,0,2,10,4,5,2,706.6,True
1,1,4,10,10,8,7,1,2,6,2,10,1,6,4,0,1,4,10,8,1,673.2,True
5,3,2,2,1,6,1,0,1,8,1,3,1,8,0,3,1,5,2,7,1,628.0,False
3,3,1,7,7,7,2,3,2,4,4,6,1,6,10,1,1,2,4,3,2,612.9,False
3,0,5,3,5,2,2,1,1,5,5,5,10,8,0,7,2,5,2,10,2,679.4,True
3,3,6,7,0,4,1,0,1,7,0,5,1,7,0,1,1,10,1,10,1,645.2,True
5,2,10,10,10,10,5,5,1,10,5,10,10,7,0,6,2,10,4,10,3,770.3,False
2,1,10,6,8,6,6,1,1,8,2,4,1,7,10,4,1,6,1,5,1,648.4,True
4,3,3,3,10,10,3,1,1,7,3,5,1,6,0,3,2,3,3,3,1,667.1,False
5,3,3,8,2,2,2,4,1,1,0,3,0,6,3,4,2,1,2,1,2,624.2,False
3,4,8,3,5,10,5,2,1,7,3,6,5,7,4,4,1,5,2,4,1,655.6,False
2,2,6,2,3,3,5,0,2,8,5,1,6,8,5,8,2,0,1,0,1,605.5,False
4,3,3,7,6,7,6,2,2,6,4,5,4,8,0,6,2,3,4,5,1,662.4,False
3,3,5,2,3,8,3,1,2,7,3,6,10,6,8,3,2,6,2,2,1,638.4,False
3,3,5,8,4,10,3,0,1,3,4,6,0,5,0,0,1,4,1,7,1,648.4,False
3,1,2,9,4,10,3,0,1,1,3,5,0,5,0,0,1,5,1,7,1,646.5,False
4,2,10,10,10,10,10,5,1,5,2,10,5,6,3,2,2,10,2,6,2,742.9,False
4,2,10,10,10,10,0,1,2,2,5,4,4,7,0,1,1,6,2,10,0,673.9,False
2,3,10,6,8,5,6,4,2,5,3,7,2,7,3,9,2,3,2,4,1,652.4,False
2,4,4,9,2,9,5,0,2,8,3,1,1,6,10,8,1,4,3,2,2,588.1,False
5,1,4,10,5,10,0,0,1,9,3,3,5,8,0,2,2,0,1,7,2,684.1,False
1,4,3,2,10,4,0,2,1,1,3,5,1,8,6,0,1,4,2,10,1,623.3,True
3,3,10,3,5,9,3,1,1,5,1,10,5,7,5,3,2,10,1,4,1,678.5,False
3,2,3,4,7,8,7,3,2,8,7,7,6,7,8,5,2,7,4,3,1,671.1,False
5,1,10,8,10,6,10,4,2,9,8,8,5,7,2,1,2,10,8,10,1,754.6,True
4,3,10,8,10,10,7,3,2,7,6,9,2,7,0,1,2,10,5,9,1,729.3,False
4,5,1,6,3,1,0,3,1,2,0,1,1,7,3,0,2,2,0,8,1,618.9,True
2,3,4,2,8,5,4,5,1,10,4,5,7,8,10,1,2,8,3,7,0,686.2,False
2,3,3,4,10,10,0,0,1,9,3,2,4,10,0,3,2,10,8,4,2,686.0,False
2,3,1,0,6,6,3,0,1,0,0,4,0,5,0,2,2,7,0,10,1,627.6,False
5,0,5,1,10,3,0,5,1,10,10,8,0,7,0,0,2,10,10,10,3,741.0,True
5,0,6,5,10,10,1,5,2,6,1,10,10,5,4,1,2,10,5,10,3,724.0,False
5,2,3,10,10,6,1,3,2,10,3,2,10,6,0,0,2,8,5,10,3,709.0,True
1,5,0,0,3,2,0,0,1,0,0,3,0,7,0,0,1,3,0,5,2,571.7,True
4,1,10,9,8,4,8,4,1,8,4,4,4,8,7,2,1,10,10,7,1,714.9,False
1,3,1,2,10,10,0,0,1,5,2,2,0,6,10,0,1,8,0,10,1,617.2,False
2,3,1,2,2,4,4,0,1,3,1,6,0,8,0,1,2,7,1,9,3,640.5,True
5,2,8,10,8,5,3,1,2,8,0,8,5,8,0,0,2,7,2,10,0,700.4,False
1,2,2,3,1,2,0,1,1,9,1,6,1,8,4,9,2,2,3,6,1,616.7,True
4,5,3,7,7,3,3,4,1,6,2,7,2,9,3,4,1,6,1,6,0,651.1,False
2,2,5,4,5,3,3,1,2,7,3,4,2,8,0,1,1,4,8,10,2,643.5,False
5,3,10,5,4,5,3,2,2,6,4,3,3,7,0,4,2,4,2,10,3,665.2,False
0,2,6,5,3,10,4,5,2,6,5,5,4,6,10,1,1,5,6,7,1,643.3,False
5,3,0,10,4,10,2,2,2,8,3,8,5,8,0,0,2,10,2,10,3,697.0,True
3,1,6,6,4,5,7,5,1,5,10,2,9,5,0,0,2,7,8,10,1,729.2,False
5,3,3,3,3,7,1,5,1,6,4,4,0,7,0,5,2,3,1,10,3,667.1,False
2,2,10,8,8,10,3,0,2,0,3,1,1,7,2,5,2,2,1,4,2,632.5,False
3,4,4,10,4,10,6,1,2,7,6,5,4,7,0,1,2,6,1,5,2,672.4,False
2,5,1,2,1,2,0,1,1,4,0,1,0,5,0,10,1,1,0,1,2,552.2,False
1,3,5,10,10,10,10,3,1,10,6,9,6,7,0,1,2,10,4,4,0,737.8,False
1,3,8,10,10,10,10,3,1,10,6,9,6,7,0,1,2,10,5,5,0,746.3,False
5,0,10,5,10,3,10,4,1,8,4,9,1,8,0,2,2,10,2,5,2,736.3,False
4,3,7,3,1,7,0,2,1,3,2,4,3,7,0,2,2,0,3,2,0,641.6,False
1,1,8,0,3,3,8,3,1,7,6,3,9,6,0,1,2,5,2,10,1,690.5,True
2,5,4,6,10,10,0,3,1,7,5,8,3,7,0,2,2,3,10,10,1,701.9,True
1,3,10,4,10,10,3,2,1,5,2,10,2,8,5,1,2,10,0,7,1,692.3,False
1,3,7,10,10,10,10,3,1,10,7,8,6,7,1,1,2,10,4,6,0,742.7,False
5,2,10,8,1,5,3,0,1,10,3,3,1,8,10,5,2,10,5,7,1,673.9,True
4,3,3,10,10,4,3,3,2,7,2,7,4,9,0,1,2,5,1,5,3,678.3,False
1,5,8,8,10,10,2,2,1,6,2,7,4,9,0,0,2,4,0,2,3,680.0,False
3,1,10,5,10,3,5,3,2,4,2,4,2,8,10,1,2,10,2,10,3,672.4,False
1,1,7,5,5,3,2,1,1,5,2,10,2,9,0,8,2,1,2,8,1,658.5,True
1,3,1,2,5,10,6,0,2,3,0,3,0,6,10,7,2,2,0,1,2,576.6,True
5,4,10,5,10,10,10,1,2,8,5,10,5,7,0,2,2,10,3,10,3,726.1,False
1,4,6,4,10,4,4,0,1,7,1,10,4,9,0,0,2,10,10,10,1,706.1,True
3,3,10,6,6,10,10,1,1,4,3,5,10,7,0,3,2,10,2,10,3,720.0,False
3,1,8,3,7,10,3,0,1,5,8,10,5,7,7,3,2,4,9,10,2,705.7,False
5,3,10,5,10,6,5,1,2,7,1,10,6,6,0,1,2,10,2,10,3,705.5,True
4,3,3,6,6,5,4,2,1,5,6,2,2,7,0,3,2,5,6,7,3,676.9,False
3,3,3,2,3,6,7,1,2,6,5,4,7,6,7,8,2,7,7,6,1,641.4,True
2,2,4,4,3,3,2,1,2,2,3,4,3,6,2,3,2,3,2,2,1,610.8,False
4,4,10,6,10,9,3,5,1,4,2,8,5,8,0,0,2,10,2,10,3,729.3,False
5,3,10,6,3,6,3,2,1,9,1,3,5,7,2,4,2,4,1,3,1,670.3,False
1,3,2,5,10,10,10,0,2,6,2,1,10,6,0,1,2,10,5,7,3,679.9,True
1,3,10,4,4,4,3,0,1,2,2,1,10,8,10,3,2,3,5,5,1,637.8,False
0,2,0,4,0,4,0,1,1,4,0,5,1,10,0,7,1,1,1,3,1,588.0,False
5,2,10,10,10,10,10,3,1,8,8,10,10,8,0,1,1,10,5,10,0,768.8,True
3,2,10,7,5,4,0,2,1,5,1,10,0,7,0,1,2,6,1,3,3,673.4,False
2,3,3,4,3,10,3,1,2,4,2,5,5,6,0,4,2,10,1,3,1,639.9,False
1,3,4,8,8,5,2,2,1,5,2,2,3,6,0,1,2,5,1,3,3,652.9,False
1,0,10,2,0,0,10,5,1,8,10,3,1,4,0,10,2,6,4,10,3,681.6,True
5,5,3,0,2,2,2,5,1,0,2,1,0,5,0,0,1,4,8,0,2,611.7,False
4,3,4,7,8,9,7,3,2,6,3,6,5,8,6,0,2,4,4,9,3,686.4,False
1,3,1,1,1,10,1,1,1,5,7,7,7,4,0,3,2,5,0,4,0,645.0,True
1,3,5,8,2,5,1,0,1,3,3,2,0,6,7,1,1,2,1,1,1,591.7,True
4,3,7,10,4,10,5,2,1,3,1,3,1,7,0,5,2,10,2,3,1,677.1,False
2,3,4,4,4,7,7,2,2,7,3,8,1,7,3,1,1,8,1,3,2,635.6,True
3,5,5,5,8,10,5,3,1,8,7,3,5,6,0,4,2,8,3,2,2,687.1,False
1,5,3,1,3,6,0,1,1,0,3,5,0,8,0,2,1,2,1,8,2,601.2,False
5,3,10,6,10,10,2,4,1,6,3,10,0,8,0,4,2,4,8,6,1,719.5,False
3,1,10,10,5,10,5,3,1,8,8,5,5,7,0,1,2,8,1,7,1,730.2,False
4,4,7,4,10,5,4,5,1,9,1,8,10,7,0,0,2,10,5,8,3,730.8,True
3,2,7,3,5,3,4,0,2,7,1,2,1,7,6,3,2,10,6,2,3,632.7,True
5,1,5,2,5,2,3,2,1,10,3,5,10,7,0,1,2,2,3,10,3,696.2,True
2,3,9,5,10,8,4,2,2,3,1,4,1,6,0,2,1,5,5,10,1,649.9,False
3,4,10,8,10,10,3,5,2,7,2,7,10,7,0,0,2,10,8,4,2,723.8,True
5,2,10,10,10,10,1,5,1,5,5,7,5,7,1,1,2,10,7,10,1,752.7,True
5,2,9,5,5,4,3,1,2,5,0,7,6,8,1,1,2,3,1,10,0,669.6,False
5,1,5,2,10,7,9,5,1,9,5,10,10,8,0,0,2,10,8,10,3,770.5,True
2,3,3,7,2,10,2,0,2,4,0,5,2,7,0,3,2,3,0,3,1,619.7,True
2,3,1,7,3,10,2,1,1,8,4,10,7,7,0,3,2,10,5,10,2,702.3,False
4,4,3,9,5,5,4,2,2,6,5,6,5,5,5,6,1,5,7,5,2,636.5,True
4,3,10,10,10,10,10,5,2,9,3,2,10,8,0,6,2,10,10,10,2,746.8,False
2,1,10,7,10,10,5,5,1,9,3,3,3,8,1,5,2,10,5,1,1,716.4,False
5,2,10,10,2,3,5,0,2,10,2,7,5,7,0,4,2,2,5,10,3,683.0,False
5,4,3,5,7,10,3,3,2,6,3,4,2,8,0,10,2,10,4,3,2,658.8,False
5,3,5,5,5,10,3,2,2,7,3,3,10,8,0,1,2,10,9,4,3,697.7,False
2,5,2,1,3,1,3,0,1,5,0,4,3,8,6,5,1,6,2,4,2,589.1,False
2,2,5,3,4,10,5,2,2,6,4,10,1,7,0,1,1,7,6,5,1,659.8,False
1,3,3,8,1,6,1,0,1,7,5,2,10,8,0,1,1,4,5,9,0,655.0,False
1,4,0,1,10,10,3,0,2,0,1,4,0,7,10,1,1,4,0,10,2,585.5,True
1,5,2,3,1,8,1,1,1,3,0,6,1,8,0,10,2,1,0,0,2,594.6,False
4,4,5,10,7,7,9,3,2,5,7,8,9,7,4,4,2,10,10,10,3,720.6,True
4,3,10,6,10,6,7,1,1,7,7,10,10,6,2,0,1,8,5,8,1,720.8,False
3,1,7,5,5,3,7,3,1,7,5,4,5,6,0,2,2,7,6,8,3,704.3,True
4,2,6,4,3,5,4,2,2,10,3,6,2,7,0,4,1,2,5,10,1,650.5,False
2,3,2,3,4,2,5,0,1,6,2,4,10,6,0,0,1,8,3,5,2,644.8,True
5,0,10,10,0,4,2,0,1,9,1,6,1,8,0,0,2,3,1,3,1,679.6,True
4,2,10,4,10,10,5,1,2,10,5,8,6,7,4,3,2,6,7,7,1,707.0,False
2,1,1,2,2,3,7,1,1,7,0,5,5,8,2,2,2,4,2,7,2,653.9,True
5,5,2,3,0,5,1,1,1,6,0,10,0,7,3,10,2,5,0,10,0,629.2,False
4,2,5,7,10,10,10,1,1,5,3,10,0,5,4,5,2,10,5,7,2,707.0,True
4,5,8,3,5,10,7,5,1,8,5,8,10,6,0,1,2,10,7,10,3,740.8,False
4,5,10,4,4,10,1,3,1,8,2,8,1,10,0,2,2,1,2,6,2,682.1,False
5,2,10,10,10,10,10,5,2,7,3,9,10,6,0,1,2,10,8,7,2,759.7,False
2,3,4,4,3,4,5,1,1,6,3,2,1,7,4,3,1,1,2,10,1,622.5,False
2,3,4,3,4,4,3,2,1,6,3,2,1,7,5,0,1,2,2,10,1,627.6,False
5,1,10,9,8,3,3,1,1,2,4,7,1,7,0,1,2,3,6,10,3,703.4,True
5,5,6,2,10,10,7,5,1,5,4,5,0,7,10,10,1,10,8,6,3,665.6,False
5,4,3,0,10,0,10,5,1,5,4,5,3,7,10,10,1,10,9,6,3,655.4,False
4,3,8,6,4,10,4,2,1,8,6,2,6,7,0,4,2,4,6,2,1,690.5,False
2,2,7,6,5,9,8,4,1,3,8,5,7,8,5,6,2,7,7,6,1,704.9,True
5,3,10,8,10,10,9,5,1,10,2,9,7,8,0,2,2,10,5,10,0,768.6,False
5,4,10,8,6,10,1,5,2,2,1,4,0,7,0,4,2,8,1,6,3,668.8,False
3,2,4,6,5,5,3,1,1,4,3,6,1,7,0,1,1,3,7,7,2,655.6,False
3,3,10,7,10,8,3,5,1,5,6,7,10,8,3,1,2,10,10,8,2,747.8,False
5,4,3,5,7,10,3,3,2,6,3,4,2,8,0,10,2,10,4,3,2,658.8,False
5,0,2,10,8,6,2,0,1,4,5,10,10,8,0,0,2,5,6,10,2,728.0,True
3,3,1,3,10,9,3,5,2,5,10,5,2,7,1,0,2,8,8,2,2,686.0,False
4,3,1,2,10,10,6,5,2,3,3,7,0,5,5,2,2,10,0,4,3,658.8,True
3,4,10,6,7,4,5,0,1,7,2,6,5,6,10,5,2,10,2,8,1,667.3,False
3,3,5,4,5,4,3,2,1,7,3,3,2,7,2,3,2,3,2,8,1,656.7,False
1,5,5,6,3,6,10,3,1,6,5,3,8,7,6,1,1,10,2,5,0,660.1,False
3,1,10,8,6,10,10,1,2,7,5,10,5,7,0,2,2,10,3,10,1,726.1,True
2,2,3,5,3,2,4,1,1,5,2,2,4,8,7,10,2,5,1,3,1,617.6,False
2,2,10,5,0,5,2,0,1,2,2,1,5,6,0,0,2,10,2,0,1,647.6,True
5,2,6,3,1,3,1,1,1,9,1,4,3,8,0,1,2,4,2,7,1,663.9,False
5,0,2,10,8,6,2,0,1,4,5,10,10,8,0,0,2,5,6,10,2,728.0,True
1,0,0,3,1,1,0,0,1,0,0,1,0,9,0,0,1,10,0,10,1,609.1,True
1,3,2,5,4,4,3,5,2,7,1,1,4,6,1,5,2,10,1,5,2,635.7,False
3,1,5,8,10,10,4,5,2,6,1,1,10,5,0,3,2,5,8,10,3,705.2,False
2,1,5,4,2,4,3,3,1,8,5,5,5,8,3,5,2,5,1,8,2,670.9,False
3,1,2,4,1,4,2,1,1,5,4,2,1,8,0,2,2,4,4,7,1,651.6,False
2,3,4,4,2,6,2,1,1,9,4,2,0,8,2,10,2,8,3,7,2,643.1,False
3,1,1,2,0,2,1,0,1,0,0,1,0,9,0,2,1,1,1,10,1,597.2,True
2,3,10,10,4,6,4,5,2,5,3,3,2,5,0,10,2,10,2,5,3,659.7,False
2,5,6,4,2,4,3,1,1,3,0,7,3,10,10,3,2,5,1,1,1,619.0,False
2,5,10,2,0,10,4,1,1,8,1,1,10,7,10,5,1,0,1,10,1,622.3,False
3,2,10,8,6,8,3,3,1,8,1,10,4,10,0,3,2,5,8,7,0,723.3,True
3,4,10,6,3,4,5,5,1,7,1,8,10,8,3,7,2,6,4,10,2,700.4,False
3,2,10,6,6,10,3,3,1,8,2,10,4,10,0,4,2,5,8,7,0,723.3,True
5,4,4,2,2,5,2,2,1,2,2,6,0,6,5,1,1,7,3,6,1,626.5,False
3,5,1,0,6,5,2,3,1,2,0,3,3,9,5,5,1,2,2,4,1,599.3,False
1,4,0,3,2,2,1,4,1,2,0,5,3,4,5,10,2,3,1,7,1,597.0,False
3,1,10,6,6,6,9,0,1,8,3,9,1,7,10,4,2,3,4,7,1,681.7,False
5,5,10,6,10,10,3,5,1,3,2,10,1,8,0,1,2,4,1,3,2,700.8,False
2,2,2,3,3,5,5,2,2,8,8,2,5,7,2,0,2,6,10,3,1,663.3,True
4,0,6,10,8,10,10,5,1,10,10,10,9,8,7,8,2,8,9,10,2,770.5,True
3,1,10,6,6,8,3,3,1,8,2,10,4,10,0,2,2,6,8,7,0,728.4,True
5,4,9,5,2,8,2,5,2,3,1,5,2,6,10,9,2,10,1,10,3,643.3,True
5,2,3,6,3,9,10,4,1,8,3,8,0,9,0,1,1,10,2,8,0,704.0,False
2,5,3,3,3,3,1,1,1,3,1,7,3,10,10,2,2,5,0,2,1,612.2,False
5,5,7,3,3,2,2,5,2,8,2,1,10,5,0,9,2,0,1,3,2,627.0,False
2,3,2,3,2,3,1,4,2,2,1,2,1,8,2,0,2,2,0,4,2,605.7,True
5,4,1,2,2,1,1,2,2,2,1,2,1,6,6,7,1,3,2,2,3,561.1,True
3,3,7,9,5,2,4,3,1,5,2,9,2,9,1,1,1,4,3,7,1,670.2,False
0,5,2,10,10,5,8,5,2,4,1,8,0,7,7,7,1,9,10,3,2,637.3,False
1,5,1,4,4,3,3,1,1,6,0,4,1,7,10,10,2,6,0,2,2,588.9,True
5,1,10,10,10,10,0,2,1,5,1,8,10,7,0,2,2,5,1,10,2,729.1,False
2,1,7,0,1,3,1,0,2,5,0,4,0,8,0,0,1,7,0,10,1,611.2,True
3,2,3,4,8,7,4,4,2,6,5,4,7,6,5,3,1,4,4,4,0,644.8,True
4,2,10,7,4,8,5,5,1,7,2,7,10,8,0,1,2,6,4,7,3,730.8,False
4,2,10,7,7,8,7,5,1,8,2,7,10,8,0,1,2,5,4,7,3,739.3,False
5,1,10,10,9,4,3,5,2,9,5,10,10,7,0,1,2,10,2,10,3,744.8,False
5,1,8,9,9,5,2,5,2,8,4,10,10,7,0,0,2,10,3,10,3,739.7,False
5,3,10,7,1,10,4,3,1,3,1,3,0,7,0,0,2,4,0,7,2,677.1,False
2,3,3,7,8,7,4,4,2,5,4,7,4,7,4,3,2,5,4,10,1,672.8,True
2,4,0,6,1,2,0,1,1,2,1,1,0,6,10,3,2,8,1,10,3,601.7,False
2,1,4,6,5,10,10,3,1,7,4,10,4,8,0,1,2,10,6,6,0,729.7,True
3,2,8,10,10,10,8,0,2,5,10,7,10,7,0,2,2,10,10,4,3,732.3,False
2,1,2,2,2,2,3,2,1,2,1,3,1,5,3,3,1,3,2,7,0,605.3,False
5,5,3,2,2,10,0,2,1,2,0,4,0,5,4,10,2,7,0,10,3,622.5,False
2,3,0,0,0,3,4,1,1,1,3,4,2,8,6,5,1,4,2,2,0,584.0,False
3,2,10,7,6,8,5,3,1,8,2,10,4,10,0,2,2,6,8,5,0,726.7,True
5,3,5,3,8,10,10,5,2,9,4,10,5,8,0,1,2,5,6,10,2,728.0,True
5,2,3,5,3,3,3,3,2,2,5,4,2,4,3,5,2,2,2,6,1,627.4,True
3,3,5,5,3,4,5,5,1,7,4,3,3,7,0,0,1,7,1,10,1,672.0,False
3,4,0,3,2,3,1,5,1,4,2,2,0,7,2,0,1,2,3,4,1,612.3,True
5,4,10,10,8,10,4,3,1,8,5,3,5,7,10,1,2,10,2,9,3,712.8,True
4,3,8,6,4,10,4,2,1,8,6,2,6,7,0,4,2,4,6,2,1,690.5,False
4,2,10,3,7,8,1,1,2,7,4,6,1,7,0,2,2,4,6,7,1,674.3,False
2,3,3,4,2,3,6,1,1,5,2,3,2,10,0,4,1,3,4,5,1,628.4,False
2,5,0,2,0,1,0,0,1,5,3,10,0,4,0,10,1,0,0,0,3,562.3,True
4,2,10,3,5,8,2,1,2,7,4,6,1,7,0,2,2,4,6,7,1,672.6,False
4,2,10,3,3,8,2,1,2,7,4,6,1,7,0,2,2,4,6,8,1,670.9,False
3,4,4,7,10,10,4,1,2,5,1,3,1,6,3,1,2,10,1,7,2,656.5,False
4,4,4,3,3,3,4,3,1,3,1,7,4,8,6,6,1,5,3,2,1,622.0,False
3,2,10,5,10,3,1,5,1,10,3,8,1,7,0,2,2,10,5,10,3,722.3,True
1,3,2,4,10,6,10,5,1,8,5,2,3,7,10,0,2,5,9,10,2,693.9,True
0,5,3,4,5,10,3,4,2,10,6,2,5,6,10,1,2,10,1,10,0,651.2,False
2,1,10,5,10,8,10,5,1,8,4,2,4,7,0,1,2,10,6,10,2,741.5,True
5,4,6,5,7,4,7,5,1,6,5,6,10,7,0,4,2,10,6,6,2,721.9,True
5,4,10,0,5,3,3,5,2,4,2,10,2,7,10,10,1,10,2,10,2,632.6,True
0,3,10,5,0,8,1,1,1,4,2,10,2,8,3,2,2,2,0,10,1,654.9,True
1,4,2,0,1,3,5,0,2,7,1,4,5,6,7,0,2,10,1,7,1,612.5,True
5,5,10,10,10,10,10,5,2,10,10,10,10,10,10,10,2,10,10,10,2,752.2,True
4,3,2,5,10,8,8,4,1,6,8,3,7,6,9,4,2,6,6,10,3,702.4,False
5,2,10,9,4,6,1,5,1,6,1,2,2,7,0,7,2,6,1,10,3,688.8,False
2,4,9,5,10,10,10,5,1,10,5,9,3,7,0,2,2,10,8,10,3,751.4,False
0,4,0,4,6,10,0,1,1,5,4,2,1,7,10,0,2,0,0,3,0,607.2,False
5,4,10,0,5,3,3,5,2,4,2,10,2,7,10,10,1,10,2,10,2,632.6,True
0,3,10,5,0,8,1,1,1,4,2,10,2,8,3,2,2,2,0,10,1,654.9,True
3,3,10,8,10,8,4,4,2,7,3,9,1,6,0,7,1,7,4,4,3,669.6,False
5,4,5,1,3,4,0,2,2,4,1,5,0,7,0,2,2,3,0,5,3,618.0,True
2,1,1,10,7,3,5,4,1,6,0,4,2,8,0,3,2,4,3,8,1,679.2,True
3,4,7,6,10,10,7,5,1,9,3,10,10,6,2,1,2,10,5,10,3,748.0,False
5,3,5,10,10,6,3,4,1,7,1,7,5,7,0,1,2,5,3,10,1,717.0,True
1,3,7,10,5,10,3,2,1,9,5,3,10,8,0,2,2,10,4,2,0,706.2,False
3,2,8,8,7,5,3,0,1,7,3,4,1,7,2,2,1,3,2,4,1,648.4,False
2,3,5,5,3,10,3,4,2,7,3,3,3,6,7,5,2,5,3,7,0,642.9,False
2,3,3,2,3,10,2,5,2,9,10,8,10,7,0,7,2,10,10,10,1,708.7,False
1,5,6,5,10,4,4,5,1,7,5,6,3,6,5,8,2,6,3,10,1,672.4,False
1,4,10,8,4,8,1,0,1,7,5,8,5,8,10,2,2,3,1,2,1,652.8,True
5,4,0,0,0,5,1,0,1,0,5,10,3,6,10,0,1,7,1,10,2,615.4,True
4,2,1,4,3,3,2,0,1,10,1,5,5,8,0,10,2,2,2,6,2,642.0,False
2,1,10,8,2,8,7,5,1,9,10,8,2,8,0,2,2,10,0,3,2,725.9,False
2,5,5,3,0,5,2,2,1,10,3,3,2,8,0,5,2,8,3,0,0,639.9,False
0,5,0,1,0,1,0,1,2,0,0,2,0,4,9,10,1,0,0,0,3,496.1,False
3,4,1,4,4,5,4,2,1,4,1,5,1,8,1,3,1,2,2,10,3,630.1,False
3,2,10,8,3,10,6,3,1,9,5,7,10,7,0,1,2,8,1,7,0,730.6,False
5,3,4,7,9,6,5,3,1,7,2,3,10,7,0,1,2,5,1,1,2,692.4,False
5,1,5,10,5,10,5,3,2,9,8,10,1,7,0,1,2,10,5,10,2,731.2,False
5,3,6,10,10,10,3,1,1,2,1,10,4,7,5,1,2,6,1,7,3,695.5,False
3,4,10,6,10,7,5,5,1,9,0,5,1,5,0,1,2,10,2,10,1,711.1,False
4,4,2,6,4,4,5,3,1,5,2,7,3,8,5,1,1,3,5,7,2,650.9,False
5,4,10,4,4,10,8,0,1,8,0,9,2,8,10,3,2,1,0,9,1,670.0,False
1,2,4,3,2,7,2,1,2,10,2,4,1,6,2,1,1,7,2,2,3,612.5,True
5,4,10,10,10,6,2,2,2,10,6,10,10,8,0,2,2,10,8,10,2,741.6,False
5,5,6,5,7,10,3,2,1,6,0,10,6,8,8,10,2,8,10,5,1,683.8,False
4,3,10,5,5,10,4,5,2,10,3,9,6,7,0,1,2,10,2,10,3,720.8,False
5,1,10,8,10,8,5,5,1,10,5,5,5,6,2,0,2,7,5,10,3,750.4,False
3,3,10,10,7,10,10,5,2,7,3,10,5,8,0,2,2,10,8,8,2,741.6,True
5,0,10,10,10,10,10,5,1,10,10,10,10,10,0,0,2,10,10,10,2,820.2,True
2,5,0,4,3,10,4,5,2,5,3,5,2,6,3,5,2,10,8,5,2,650.1,False
5,2,10,10,10,9,8,3,1,8,3,8,4,8,10,2,2,10,6,6,1,734.4,False
3,3,10,4,3,2,1,3,2,7,1,6,5,7,0,5,2,5,2,10,3,655.6,True
1,3,7,10,4,4,8,2,1,9,2,1,10,10,1,4,2,10,4,10,1,706.2,True
2,3,8,10,5,3,6,2,2,4,3,1,10,8,0,10,2,10,0,5,1,656.5,False
4,5,6,2,3,2,2,3,1,3,0,1,3,7,5,8,2,2,0,4,1,607.0,False
4,2,7,3,7,1,5,3,2,8,2,7,0,8,0,4,1,5,2,10,1,650.9,False
2,0,10,0,1,0,2,5,1,7,1,10,1,7,0,1,2,2,10,10,1,690.4,True
1,1,2,1,1,5,0,0,1,2,0,2,2,7,0,2,1,1,0,5,0,590.2,True
4,3,8,6,4,10,4,2,1,8,6,2,6,7,0,4,2,4,6,2,1,690.5,False
3,2,8,1,6,4,3,2,1,4,5,3,8,7,10,3,2,4,7,7,3,665.2,True
2,1,9,3,5,8,2,1,2,4,5,5,5,8,5,1,1,3,1,2,1,628.4,False
2,2,5,8,6,10,5,2,2,0,1,8,7,9,10,5,2,4,0,2,1,639.4,False
3,2,10,5,10,5,7,2,1,4,3,4,5,7,0,3,2,10,4,7,2,706.2,False
1,2,5,4,2,3,2,3,1,9,6,4,10,8,5,0,2,5,6,8,1,684.3,True
2,4,3,0,3,1,3,4,1,1,2,6,1,8,10,0,1,6,5,9,1,618.4,True
4,4,7,6,10,10,6,3,2,6,8,8,4,6,7,4,2,2,3,7,0,679.6,False
1,3,7,3,2,10,5,3,1,4,5,7,2,5,0,2,2,5,1,4,0,665.6,True
0,5,3,5,1,4,4,1,2,8,1,5,0,6,0,5,2,10,6,1,1,616.1,False
2,4,2,5,2,10,2,2,2,3,2,10,4,7,3,3,1,2,1,2,3,608.8,False
1,4,3,3,1,10,4,3,2,8,3,10,5,8,10,3,1,5,3,1,1,617.5,False
5,2,10,10,6,4,9,5,1,8,4,8,2,8,0,1,2,10,10,10,1,758.2,False
4,3,6,6,2,8,6,3,1,7,8,5,4,6,7,5,2,5,3,2,1,672.2,True
2,4,3,0,3,1,1,1,2,7,2,1,0,10,10,10,2,4,1,10,3,582.1,True
3,2,8,6,4,5,6,2,1,5,4,10,6,8,0,0,2,10,10,10,1,731.4,True
5,3,3,5,6,8,4,0,2,8,5,9,3,7,2,6,1,6,1,2,1,637.5,True
0,3,7,6,1,10,3,5,1,10,2,2,10,7,0,2,2,5,1,6,2,685.4,True
2,0,1,1,0,6,3,1,2,3,2,2,0,8,1,2,1,2,1,1,1,585.3,False
4,5,5,3,1,8,1,2,1,7,2,5,4,8,9,5,2,4,5,5,1,642.0,False
2,2,5,4,10,10,2,3,1,8,2,8,5,8,0,1,2,5,2,5,2,698.7,False
0,4,3,3,10,8,1,5,2,3,2,3,0,8,0,2,2,7,2,4,1,638.2,True
2,4,10,4,10,4,4,1,2,4,3,10,5,7,0,1,1,5,2,2,1,644.5,False
5,5,6,3,5,10,4,4,1,8,4,7,5,6,3,8,2,7,1,7,1,682.8,False
3,2,5,5,2,8,8,3,1,7,7,10,7,7,2,5,1,5,7,10,0,698.9,True
5,2,10,7,4,10,3,5,1,7,3,9,10,9,0,1,2,4,3,7,2,736.5,False
3,4,3,3,3,3,0,0,2,0,0,2,0,8,8,2,1,3,0,7,3,563.2,False
4,3,3,10,7,10,5,5,1,10,3,5,5,7,10,2,2,10,3,5,1,704.7,False
4,3,8,5,7,7,6,1,2,8,7,10,5,7,5,1,2,4,4,7,3,688.7,False
4,2,5,5,3,6,5,0,1,7,1,7,5,5,0,3,2,2,1,7,2,665.6,False
3,3,10,8,7,6,10,1,1,5,3,10,10,8,0,4,2,10,1,10,2,728.0,False
2,4,1,2,2,7,3,0,2,4,2,3,2,6,5,1,2,2,1,5,1,597.0,False
3,1,7,9,6,10,10,5,1,10,6,7,6,7,0,2,2,10,2,7,0,749.3,False
4,5,6,3,3,4,3,5,1,8,0,3,1,8,0,2,2,3,0,10,3,662.0,False
2,4,10,8,4,10,9,2,1,8,3,7,3,10,0,3,1,3,3,9,0,690.4,True
2,2,1,10,3,4,1,1,2,3,2,7,10,6,0,3,1,10,4,10,1,648.8,False
5,3,3,4,3,4,3,0,1,3,2,1,3,3,0,10,1,0,1,4,2,592.6,False
3,2,3,7,4,4,2,3,2,1,1,5,5,6,0,0,1,5,4,8,3,636.5,True
2,1,10,5,3,3,2,5,1,10,2,10,0,5,0,2,2,5,3,5,3,688.3,False
2,2,10,10,6,10,3,5,1,5,2,10,8,8,4,10,1,10,3,4,2,692.3,False
2,2,10,10,5,10,6,5,1,5,2,10,10,8,4,9,1,10,5,6,2,707.6,False
5,1,10,10,10,10,7,5,1,7,7,10,10,4,10,4,2,10,10,10,2,766.3,False
5,4,10,3,3,5,2,1,1,3,3,4,0,8,10,2,2,6,1,2,2,635.0,False
3,2,5,4,4,2,1,2,1,2,2,5,3,6,1,2,2,3,2,5,3,643.3,False
4,2,6,6,6,10,2,3,1,8,6,6,7,8,2,4,2,6,5,3,2,705.1,False
4,3,6,8,7,3,6,4,2,4,6,5,3,7,6,6,1,8,3,6,0,648.6,True
3,3,6,6,7,3,6,4,2,6,6,2,1,8,8,4,1,6,6,7,1,641.4,False
4,5,5,5,10,6,3,4,1,7,2,8,2,6,0,3,1,5,1,7,2,666.0,False
4,4,4,4,0,2,1,2,2,7,2,6,0,7,0,1,2,3,1,5,1,623.3,False
3,4,7,10,3,5,2,1,2,3,3,4,2,8,0,6,2,5,1,10,1,643.5,False
1,5,3,6,4,10,0,5,1,4,4,6,3,7,7,1,2,4,6,3,1,655.6,False
3,1,2,5,2,3,7,0,2,5,7,2,5,7,0,0,2,9,1,4,2,653.1,True
3,2,10,8,4,10,5,5,1,7,4,6,1,7,2,1,2,10,2,6,3,715.1,True
5,3,5,8,4,6,10,1,1,3,3,5,2,7,5,0,2,5,0,4,1,670.7,True
2,3,4,1,7,7,2,1,2,4,1,6,0,6,0,2,2,6,6,2,3,631.6,False
3,3,6,6,7,3,6,4,2,6,6,2,1,8,8,4,1,6,6,7,1,641.4,False
4,3,10,7,10,8,10,1,1,4,3,10,2,8,0,2,2,10,2,10,2,728.0,False
5,2,3,6,2,5,2,3,1,7,1,10,1,9,0,6,1,7,3,7,1,665.3,False
5,4,8,7,7,4,2,2,1,7,5,5,4,10,0,5,2,4,5,7,1,693.4,False
5,2,8,8,7,9,8,5,1,6,9,8,9,8,8,3,2,8,9,5,2,746.3,True
2,3,7,6,5,3,5,3,1,10,5,6,10,7,0,2,1,6,4,10,3,693.0,False
5,0,10,10,7,10,9,5,1,9,10,10,9,9,3,9,1,10,9,9,2,767.3,True
4,2,10,6,10,7,8,5,2,9,3,4,7,8,0,2,2,10,1,9,3,723.4,True
2,2,6,7,9,6,5,5,1,8,2,9,4,6,0,2,2,10,2,3,0,708.7,True
3,1,10,5,3,5,0,2,2,10,4,2,1,8,0,1,2,3,1,10,2,663.5,False
2,3,3,4,1,10,1,0,2,2,0,6,6,6,2,10,2,0,1,1,1,592.5,True
4,4,5,1,7,2,0,4,2,10,1,3,0,7,5,2,2,10,1,2,1,631.2,False
3,3,4,4,3,5,3,5,2,5,0,3,0,8,0,4,1,7,7,4,1,629.7,True
4,4,6,1,3,6,0,3,2,5,2,6,0,8,6,2,2,1,1,8,3,623.5,True
3,2,10,6,10,10,10,5,1,3,2,5,1,7,0,2,2,10,10,10,2,740.4,False
5,3,2,5,6,5,7,1,1,9,7,8,7,8,0,1,2,7,8,7,3,719.1,False
3,3,6,6,7,3,6,4,2,6,6,2,1,8,8,4,1,6,6,7,1,641.4,False
3,0,10,6,9,3,10,4,2,2,3,2,1,10,8,4,1,9,10,9,1,675.8,False
5,3,2,6,0,5,2,0,1,10,1,1,1,8,10,4,2,0,0,10,1,624.2,True
4,4,2,2,1,3,1,1,2,4,2,4,0,7,7,4,2,2,0,3,1,583.8,True
3,2,1,5,7,8,4,5,1,8,6,3,6,6,0,2,2,5,2,8,0,697.3,False
1,3,3,5,2,10,5,5,2,5,5,10,1,5,5,0,2,5,4,5,1,659.4,False
1,2,4,7,8,7,4,3,2,6,4,3,2,7,0,2,2,7,4,10,2,673.7,False
5,3,6,3,5,8,1,3,2,2,0,10,0,7,10,2,2,2,1,5,2,629.2,False
5,1,9,4,8,10,3,1,2,10,6,6,1,7,10,1,2,7,5,4,3,681.1,False
3,3,6,5,8,10,4,1,1,6,6,8,10,8,7,4,2,5,5,5,0,695.3,False
5,2,10,6,10,7,3,5,1,8,5,5,3,9,5,0,2,10,5,3,2,725.5,False
2,5,1,5,2,2,4,0,1,5,2,2,2,8,0,5,1,3,1,5,1,598.9,False
3,1,5,4,5,6,7,5,1,2,3,5,10,7,0,2,1,4,7,7,1,689.4,False
1,2,2,4,2,2,7,1,1,3,8,10,3,7,2,1,1,10,9,7,1,668.3,False
2,4,5,10,10,10,3,5,2,8,4,3,5,6,0,6,2,6,4,10,2,688.8,True
2,1,3,3,5,3,1,1,1,10,5,5,10,9,0,2,2,1,1,4,1,669.4,False
1,2,3,5,2,10,6,5,2,7,10,10,1,5,0,2,2,5,4,5,1,681.5,False
3,5,10,10,10,10,5,5,2,10,6,2,10,6,0,10,2,7,7,10,2,714.1,False
2,2,3,5,6,10,4,3,2,5,2,6,5,8,4,4,2,3,3,7,2,657.5,True
4,4,10,6,5,3,4,1,1,10,8,5,5,8,0,5,2,10,5,6,3,703.2,False
3,0,10,6,9,3,10,4,2,2,3,2,1,10,8,4,1,9,10,9,1,675.8,False
4,4,3,3,10,10,2,5,1,6,0,4,0,6,10,10,2,2,0,5,1,632.9,False
4,3,4,10,4,8,8,5,2,7,5,8,5,8,0,5,2,10,8,8,2,717.4,False
1,5,3,7,6,10,3,5,2,4,2,2,2,6,10,3,2,10,3,4,3,632.5,False
5,3,10,6,10,2,3,5,1,5,1,9,6,5,0,1,2,10,2,10,3,720.4,True
1,3,5,10,5,10,5,1,1,7,4,10,2,6,0,4,1,5,4,5,0,669.8,False
3,3,6,6,1,1,4,2,1,6,2,5,3,7,2,5,1,7,2,3,1,631.6,True
2,2,2,3,1,10,3,1,2,4,3,5,1,8,2,4,2,5,5,3,2,630.1,False
3,3,10,6,3,3,8,3,2,5,4,8,10,9,0,1,2,7,7,10,0,709.1,False
5,3,10,3,1,10,3,2,1,6,1,10,0,6,0,2,2,5,0,8,2,681.7,False
3,3,3,4,4,3,0,0,2,8,5,8,2,8,10,3,1,5,1,2,1,598.4,False
2,4,10,4,3,3,4,5,2,8,4,2,10,8,0,3,2,2,2,2,1,656.7,True
4,3,10,5,10,10,2,5,1,8,4,8,3,8,0,2,1,10,7,3,1,714.0,False
3,5,10,4,6,5,0,5,2,4,0,3,0,5,0,2,2,3,0,4,3,627.4,True
1,2,10,10,10,10,9,0,1,9,10,10,8,7,0,0,2,3,10,10,3,758.4,False
4,2,10,6,1,6,0,2,1,5,3,3,0,7,1,4,2,3,3,6,0,658.4,False
2,4,0,1,2,1,0,1,1,1,1,2,5,10,4,1,1,4,2,2,0,587.4,False
3,3,6,4,10,8,6,2,2,8,5,3,2,5,10,4,2,10,1,5,3,652.9,False
3,3,1,1,7,7,3,1,2,1,3,3,2,8,0,2,2,4,2,3,2,622.9,False
1,2,5,2,8,6,2,4,1,5,2,8,0,6,0,2,1,5,2,7,2,652.4,True
5,3,1,4,4,2,3,0,1,4,0,6,0,8,0,10,2,4,0,5,3,623.5,False
2,1,9,9,2,8,4,2,1,8,2,1,0,8,0,1,2,9,1,5,2,683.7,True
3,4,3,4,4,4,3,1,2,2,2,2,2,6,0,6,2,5,1,3,3,605.3,False
4,2,1,3,8,10,1,4,2,2,0,2,2,5,0,0,2,10,0,4,3,647.6,False
2,5,8,5,10,10,10,5,1,5,2,4,1,8,0,1,2,5,10,2,1,704.7,False
5,2,10,10,10,10,10,5,1,7,5,8,5,7,0,1,2,5,5,7,2,758.0,False
5,0,3,10,5,10,5,1,1,10,1,10,3,10,0,2,2,0,4,10,0,719.9,True
2,2,0,3,10,10,0,5,2,5,2,6,10,5,0,0,2,5,0,10,3,675.6,False
5,3,1,3,1,3,0,0,1,10,0,5,0,6,0,4,2,0,0,10,3,629.7,True
2,3,6,10,5,10,4,3,1,8,5,7,1,7,0,2,2,4,3,7,1,698.3,False
1,3,0,5,2,4,2,2,1,7,3,1,1,6,0,0,1,5,0,1,3,608.5,False
4,4,10,7,10,10,8,3,1,7,6,8,5,7,0,1,2,10,8,3,1,741.0,True
4,4,10,8,6,10,10,3,1,7,7,7,5,7,0,1,2,10,10,5,1,745.9,True
3,2,4,2,10,5,3,3,1,5,0,8,3,6,10,8,2,6,1,3,1,642.2,True
2,2,10,4,8,10,6,5,2,7,3,2,7,8,0,0,2,6,2,10,1,704.3,True
5,5,10,4,10,8,10,4,1,4,1,1,3,5,10,4,2,6,3,10,3,679.7,True
1,2,10,6,1,8,6,3,2,8,3,3,10,8,0,6,2,10,7,7,1,690.9,True
2,4,10,2,1,3,2,2,1,7,1,3,1,8,0,10,2,2,1,10,1,633.1,True
0,5,1,2,10,3,2,5,2,10,4,3,1,5,10,2,2,5,1,7,3,617.2,False
2,2,10,7,10,10,6,5,1,5,3,6,2,7,0,1,1,10,5,8,1,713.4,False
5,3,3,4,7,10,4,4,1,7,2,5,0,7,8,8,2,10,1,7,0,670.7,False
4,3,3,1,7,6,5,0,1,6,4,6,8,8,0,2,1,6,9,8,1,677.9,False
4,2,3,2,8,10,5,3,1,5,1,6,3,6,10,4,2,7,1,5,1,662.2,True
3,4,10,6,3,10,1,5,2,6,2,8,5,8,0,1,2,8,8,5,2,695.3,False
3,1,10,8,10,5,2,5,1,7,3,5,3,7,0,5,2,6,1,4,2,699.6,False
5,1,2,6,10,7,0,5,1,6,2,4,1,5,0,4,2,10,0,7,3,688.8,True
5,5,0,8,10,10,8,5,1,7,3,8,10,7,10,1,1,6,6,5,2,695.1,True
3,4,1,4,7,6,1,5,2,6,9,8,2,4,6,8,1,0,3,5,1,614.6,True
5,1,10,8,10,10,10,5,1,8,4,10,4,8,1,2,2,10,5,10,2,772.2,False
3,3,6,6,4,8,4,3,2,4,5,3,4,5,5,4,1,4,4,6,1,630.8,False
2,4,2,3,10,10,1,5,1,4,4,2,10,9,0,5,2,3,1,4,3,672.2,False
2,2,7,4,10,8,5,5,1,8,6,7,2,7,0,2,2,6,4,4,2,710.2,False
5,3,7,7,10,5,5,3,1,8,3,4,10,10,3,4,1,7,2,9,3,700.0,False
4,5,10,2,1,10,0,5,2,2,1,10,1,8,10,10,1,4,0,5,1,602.2,False
3,3,5,3,3,5,3,1,2,3,6,8,5,8,10,5,2,5,3,5,1,630.7,True
2,2,4,4,0,5,5,0,1,6,2,4,2,6,1,1,2,3,1,5,1,639.7,False
5,3,9,2,10,10,3,5,1,5,5,4,0,7,5,6,2,9,0,7,2,689.2,False
3,2,6,7,6,10,5,0,2,8,3,3,10,8,0,3,2,3,5,7,2,682.4,True
5,3,9,2,10,10,9,5,1,4,5,4,0,7,5,6,2,7,0,7,2,694.3,False
4,4,5,4,3,4,3,3,2,3,2,5,3,7,5,1,2,5,1,3,2,628.2,False
1,2,7,5,10,10,7,3,1,7,7,1,5,6,7,2,2,7,1,5,2,686.7,False
5,4,8,8,2,8,5,3,1,10,5,7,3,8,0,3,2,8,5,6,1,713.8,True
5,2,8,2,3,3,1,1,2,3,0,2,3,6,0,1,2,10,1,2,1,632.5,False
5,4,10,4,10,10,2,5,1,4,1,10,0,6,8,5,2,3,6,4,1,681.7,False
4,1,7,4,6,6,9,1,1,5,6,4,7,7,0,0,2,7,5,10,2,718.1,True
4,1,4,3,5,6,1,5,2,5,1,1,0,7,10,1,2,5,6,7,3,641.0,True
0,5,10,3,10,10,5,3,2,3,1,9,0,4,10,1,2,10,0,1,2,633.5,True
3,2,3,10,10,7,5,2,1,2,3,6,5,7,0,3,2,3,3,8,1,691.3,False
5,4,4,2,6,3,4,3,1,3,2,7,1,7,0,1,2,10,5,10,2,684.7,False
2,1,7,10,10,9,3,3,2,5,6,2,10,6,0,0,2,8,3,7,2,705.6,False
3,5,4,3,6,6,3,5,1,3,2,4,1,8,0,10,1,2,1,10,2,629.9,False
3,4,10,10,8,10,3,4,2,9,3,10,5,7,0,2,2,10,8,5,2,721.0,False
1,5,2,0,0,5,0,0,2,2,1,1,0,7,3,1,2,1,0,10,3,574.7,True
2,3,4,2,3,3,1,1,1,6,2,8,5,6,8,5,1,1,2,5,2,606.5,False
2,2,5,2,3,5,2,2,1,8,0,5,0,9,0,5,2,8,0,2,1,645.6,False
2,2,1,10,3,6,5,1,2,8,7,5,5,7,10,2,2,7,3,4,0,650.3,False
5,1,10,10,6,10,10,5,2,10,5,7,0,8,0,0,2,4,3,10,1,735.9,False
1,4,8,5,10,10,6,4,1,4,2,10,1,7,10,0,1,10,1,3,1,664.9,True
2,3,9,5,10,4,3,1,1,8,3,3,8,7,4,0,1,5,5,3,1,663.5,False
4,4,6,10,7,10,8,3,1,7,4,10,10,7,0,5,2,8,9,2,2,732.9,True
3,3,2,6,5,5,2,5,1,8,1,10,2,8,0,5,1,8,1,3,1,660.0,False
3,4,9,5,1,1,0,0,2,4,1,6,0,7,0,6,1,6,2,2,2,591.0,True
4,3,10,10,10,7,7,5,1,4,4,5,3,6,0,8,2,10,2,7,1,714.7,False
1,5,0,2,1,4,1,1,2,2,1,1,0,9,2,10,1,3,2,3,1,547.9,False
3,3,1,7,9,6,7,0,2,8,6,3,8,8,2,8,1,6,8,10,0,660.3,False
3,1,7,3,1,3,2,1,1,8,3,7,4,8,0,1,2,2,1,1,0,657.7,True
4,5,4,10,5,2,3,3,2,3,1,2,0,8,10,3,1,5,4,3,2,598.9,False
1,3,2,10,8,5,5,2,2,1,4,10,10,6,3,3,2,5,6,10,1,676.6,True
1,5,0,2,1,4,1,1,2,2,1,1,0,9,2,10,1,3,2,3,1,547.9,False
2,1,4,3,5,2,4,3,2,5,1,3,5,6,10,2,1,2,4,3,1,602.1,False
2,2,5,9,5,3,6,5,1,5,3,1,4,7,0,3,2,10,1,10,1,692.0,True
3,4,2,7,3,4,1,0,2,4,1,10,0,7,0,10,2,6,0,7,3,615.6,True
4,3,3,2,6,7,6,4,2,4,4,8,5,7,7,0,2,6,4,4,3,664.5,False
2,2,4,5,10,10,4,5,1,6,2,3,10,8,0,1,2,6,9,10,1,726.6,False
2,2,4,4,6,8,2,5,2,3,3,6,2,7,5,5,2,5,2,5,2,643.7,False
1,4,2,3,2,3,5,0,1,0,2,3,1,6,0,4,1,4,1,1,0,585.1,False
2,5,0,8,4,10,1,1,2,1,2,6,0,6,2,5,1,7,3,1,0,594.2,False
4,5,3,2,4,1,2,1,1,0,0,1,1,8,0,0,2,0,9,10,3,632.7,False
1,5,0,3,1,6,0,0,2,3,2,8,6,8,7,4,1,0,2,10,1,581.4,False
3,1,5,9,5,4,9,4,2,3,5,4,2,7,9,5,2,8,6,4,1,663.7,True
3,3,10,6,10,5,10,0,1,7,6,5,5,8,0,0,1,4,10,10,1,710.0,False
4,4,2,2,2,2,1,0,2,3,2,8,3,7,0,2,1,2,4,10,2,608.4,True
5,5,5,10,10,10,10,5,1,7,7,10,7,7,0,3,1,10,7,7,3,741.4,False
3,4,2,4,1,6,3,1,2,7,4,7,2,9,0,6,2,3,1,5,1,629.0,True
3,2,10,10,10,10,10,4,1,5,3,7,5,7,5,1,2,10,5,5,0,735.7,False
2,4,3,7,10,10,2,0,1,1,6,10,1,8,0,10,1,10,10,3,0,661.7,True
4,4,10,7,10,10,2,5,1,2,0,8,2,7,0,2,1,10,0,10,3,693.4,False
4,5,10,7,5,10,7,2,1,5,4,3,0,8,0,3,2,7,4,3,1,685.8,False
4,3,3,3,6,5,2,3,2,10,2,8,0,8,7,7,2,10,1,7,2,647.7,False
3,2,1,10,10,10,1,5,1,9,5,3,5,8,7,1,2,4,5,6,2,701.1,False
3,1,5,9,5,4,9,4,2,3,5,4,2,7,9,5,2,8,6,4,1,663.7,True
4,1,9,10,10,10,10,5,1,8,8,7,10,8,0,0,2,10,10,10,3,795.4,False
2,3,1,2,8,2,5,5,1,2,2,3,3,6,8,1,1,6,3,6,2,627.6,True
1,5,7,1,1,2,1,0,1,3,3,3,5,7,0,2,1,0,10,10,0,619.3,True
1,5,7,1,1,4,0,0,1,3,2,2,1,6,0,4,1,0,8,10,0,601.9,True
0,2,5,1,0,2,2,1,1,7,1,5,1,8,0,3,1,2,1,5,1,606.3,True
2,1,10,10,10,10,7,5,1,2,6,6,1,7,0,2,2,8,9,10,2,744.0,False
2,2,7,3,3,6,1,1,1,6,4,1,3,7,0,2,2,5,1,4,2,649.5,False
4,1,4,6,3,4,2,5,1,7,4,8,2,8,0,1,2,7,3,5,2,697.0,False
5,0,3,5,4,6,4,2,1,7,10,7,1,6,3,0,1,6,2,4,1,676.0,True
1,0,8,7,10,5,3,5,1,7,5,4,2,8,0,1,2,7,1,7,1,708.1,True
3,3,10,2,5,5,1,0,1,6,6,3,5,8,2,1,2,4,1,9,1,668.8,False
1,3,3,2,5,5,2,5,1,2,2,5,5,8,0,6,1,5,1,2,1,626.7,False
2,4,3,3,2,4,3,0,2,10,3,4,0,5,0,7,1,10,2,2,1,597.0,False
2,1,0,4,5,10,5,1,1,5,5,2,5,6,2,1,2,6,7,6,2,676.7,True
1,3,10,6,3,10,1,1,2,3,2,10,0,6,0,1,2,7,3,7,1,657.9,False
1,1,10,5,5,4,0,0,1,3,2,10,5,8,0,0,2,2,1,7,1,670.2,True
5,1,1,7,7,4,3,5,1,10,2,8,5,8,2,1,2,10,0,6,3,710.6,False
3,2,2,5,0,10,0,0,2,7,1,6,2,7,0,2,2,4,3,3,1,631.8,True
2,3,5,5,2,4,1,1,1,10,1,2,0,8,2,0,1,3,0,1,1,614.2,False
1,2,1,4,3,4,3,1,2,4,4,5,1,7,10,3,2,3,1,5,1,601.0,True
2,3,7,4,5,10,7,3,2,8,3,6,5,9,3,4,2,2,2,5,1,666.2,True
3,1,10,4,7,10,5,5,2,7,2,2,7,8,0,0,2,7,3,7,1,704.3,True
3,2,4,3,10,5,2,5,2,3,5,3,3,7,0,0,2,8,1,3,3,663.5,False
1,1,3,3,3,4,4,2,1,4,2,3,2,4,3,3,1,3,3,3,1,611.9,False
2,1,4,6,3,7,4,1,1,4,4,4,2,5,3,3,1,3,3,4,0,632.7,True
4,2,7,3,3,5,6,4,2,2,3,3,2,4,2,3,1,7,7,3,3,634.0,False
3,4,6,6,5,8,7,4,1,7,6,3,1,4,8,9,2,9,9,4,0,671.4,False
4,1,9,8,8,5,4,4,2,7,9,2,2,5,5,4,1,5,4,8,2,666.3,False
0,3,0,5,5,8,1,2,2,2,2,2,1,8,0,3,2,4,2,4,2,612.5,False
4,3,8,6,5,10,3,5,1,5,8,7,5,7,0,5,2,0,0,5,1,693.2,False
1,3,5,3,2,7,5,1,2,7,2,1,2,8,0,5,2,8,1,10,2,637.8,True
3,1,4,2,2,1,2,0,1,0,0,3,1,8,5,0,1,5,0,3,2,597.4,False
3,5,2,7,7,5,5,5,2,5,1,3,2,10,0,3,2,6,2,8,3,659.0,False
5,4,5,7,4,5,2,2,1,8,3,4,3,9,0,3,1,4,5,8,3,665.8,False
0,2,3,4,4,6,2,0,1,3,1,2,5,8,1,3,2,5,2,3,0,631.2,True
1,4,4,4,5,5,3,3,1,9,3,3,2,8,3,3,2,4,4,9,0,660.3,False
2,2,5,6,5,8,3,2,1,8,4,6,3,8,8,1,1,2,4,5,0,652.4,True
4,4,2,3,2,7,4,0,2,6,2,5,5,8,0,3,1,2,1,3,2,609.7,False
2,5,1,3,2,4,4,3,1,7,2,7,7,5,7,0,2,2,2,1,1,631.6,True
1,5,0,5,6,10,1,1,2,5,1,3,0,5,7,5,1,4,0,2,3,569.6,False
0,4,5,8,1,3,4,0,1,4,0,10,10,6,0,4,1,3,1,3,1,625.6,True
5,4,10,3,10,10,2,5,1,7,2,7,10,7,2,3,2,5,5,10,3,725.5,False
5,3,5,6,4,5,3,1,1,5,3,8,3,8,0,0,1,3,4,10,1,671.5,True
4,2,5,3,5,10,7,3,1,9,7,7,7,8,8,2,2,3,10,10,2,718.9,False
3,3,5,10,5,10,10,2,1,5,5,10,5,7,0,5,1,10,5,5,3,702.3,False
4,2,4,6,3,2,7,1,2,4,4,5,7,8,4,3,2,8,6,6,2,664.1,True
3,2,2,7,1,2,3,2,1,2,4,2,1,8,5,10,1,7,5,4,3,612.5,False
5,3,10,8,10,10,10,5,1,8,6,10,7,7,0,1,2,10,5,10,2,775.4,False
2,2,2,4,1,9,4,0,1,6,4,4,10,6,0,1,1,4,5,4,0,651.6,True
4,4,7,10,6,7,8,4,1,9,7,6,10,6,3,3,2,7,8,8,3,735.3,True
3,0,6,1,5,5,10,5,1,9,3,10,3,7,0,2,2,10,2,10,2,726.1,False
3,4,2,7,1,10,1,2,1,4,1,4,2,7,0,0,2,3,1,7,3,651.8,False
2,4,1,4,2,7,1,1,2,8,1,3,2,8,2,0,1,3,2,7,3,605.9,True
3,3,4,10,7,3,3,4,1,1,1,1,4,10,0,2,2,8,1,10,1,680.7,False
4,3,6,6,2,3,5,1,2,7,8,8,6,7,1,3,2,5,8,1,1,669.6,True
4,3,6,4,6,4,7,4,2,2,4,6,6,4,6,6,2,3,8,8,2,658.4,True
5,4,10,2,10,9,7,3,1,10,5,2,1,7,0,1,1,10,10,10,3,716.0,False
5,3,1,5,10,10,10,5,2,10,8,5,10,7,5,2,2,5,5,10,3,721.7,False
3,4,4,4,1,10,3,0,1,6,4,10,7,7,4,4,1,4,1,5,1,642.8,True
3,3,5,7,10,10,4,0,2,7,5,1,2,8,10,4,2,0,3,10,0,644.6,False
2,4,2,5,6,6,8,4,1,6,6,6,5,6,4,3,2,1,1,4,3,663.9,False
4,1,4,8,2,4,4,0,1,8,5,8,3,7,0,1,2,10,1,2,1,684.9,True
1,3,10,5,5,5,3,2,1,0,2,4,1,6,0,3,2,8,1,4,1,649.9,False
1,2,7,5,4,6,6,2,2,1,1,3,0,7,0,2,2,10,2,6,1,644.8,False
5,3,10,10,4,10,2,5,1,8,4,10,3,9,0,10,2,4,3,10,2,719.7,False
5,3,10,3,10,2,3,1,2,7,2,4,10,7,0,6,2,10,4,10,3,685.8,False
3,3,3,4,5,6,2,5,1,7,2,4,2,7,3,2,2,5,2,4,2,662.0,True
0,3,1,3,2,4,6,2,1,6,2,1,5,6,6,1,2,5,0,7,2,628.9,True
2,4,10,3,3,8,3,3,2,3,1,5,0,6,2,6,2,6,0,5,3,626.3,False
4,3,10,8,9,6,1,5,2,5,1,7,0,7,0,1,2,8,1,7,2,684.7,False
3,3,5,4,10,8,10,5,2,8,8,4,5,8,0,3,2,10,8,8,2,721.7,False
3,1,5,8,1,10,4,5,1,7,4,5,10,4,0,2,2,10,0,4,0,705.8,False
2,3,7,8,10,8,2,5,1,9,5,2,6,7,4,2,2,10,3,4,1,704.1,False
2,4,3,6,2,4,0,2,2,7,0,8,1,8,0,2,2,5,1,9,1,635.8,False
2,3,3,4,3,6,0,0,1,7,2,8,0,8,0,4,1,5,4,4,1,629.0,False
5,3,10,2,9,10,3,5,1,7,3,10,3,8,10,0,2,5,1,7,3,704.2,False
2,3,6,4,5,4,4,5,1,5,1,10,2,6,0,1,2,8,1,8,0,685.1,True
4,3,0,2,3,4,4,2,1,7,2,10,3,7,5,1,1,2,1,3,1,629.2,False
5,2,10,10,10,10,10,5,1,6,6,10,10,8,0,5,2,10,10,10,1,787.5,False
3,3,4,9,3,9,4,4,2,5,8,7,3,7,2,1,2,8,4,5,0,684.7,False
3,1,10,4,1,2,0,0,2,3,1,5,0,7,0,0,2,3,0,5,3,623.1,False
1,5,0,10,10,10,2,5,1,5,2,5,4,3,0,2,2,10,0,7,1,678.4,True
2,3,10,6,10,8,10,4,1,9,5,8,1,6,5,0,2,10,4,10,1,730.6,False
3,1,6,4,2,5,2,2,2,8,1,4,0,8,0,1,2,4,1,7,1,646.9,False
4,1,8,10,10,10,3,5,1,2,8,7,1,7,1,0,2,5,4,3,1,722.1,False
5,1,1,6,5,2,4,5,1,3,3,10,10,7,0,1,2,10,9,10,3,729.5,True
5,1,10,10,10,10,3,5,2,5,3,10,10,6,0,1,2,10,10,10,3,758.2,True
5,3,10,5,5,10,5,5,1,10,2,10,5,9,0,5,2,10,1,10,2,736.7,False
2,3,8,3,2,2,4,0,1,3,2,2,2,6,10,3,2,1,1,0,1,598.5,False
1,4,10,3,2,2,0,5,1,5,1,2,1,8,2,4,1,2,1,7,2,617.6,True
3,4,4,4,9,9,5,1,1,8,1,1,2,6,5,4,1,9,1,4,2,637.4,False
1,2,10,5,5,5,7,5,1,7,1,4,3,9,0,2,2,8,1,8,1,698.1,False
5,5,2,6,10,10,10,5,1,5,1,6,0,7,10,10,2,10,0,2,2,664.1,False
1,3,10,5,5,5,3,2,1,0,2,4,1,6,0,3,2,8,1,4,1,649.9,False
3,2,8,2,1,3,2,1,1,5,2,5,5,7,0,3,1,0,2,7,2,631.6,False
1,5,0,10,2,5,2,1,1,1,10,1,2,7,0,3,2,10,1,10,1,651.2,False
4,2,5,5,5,5,4,1,1,7,4,3,2,8,0,4,2,4,3,8,1,673.9,True
3,1,4,3,3,2,2,4,2,5,4,4,2,6,4,3,2,8,3,4,1,639.7,False
2,3,6,6,6,5,8,0,1,7,7,6,6,7,3,5,2,6,2,4,1,676.0,False
3,5,5,4,8,6,6,5,2,4,2,10,1,6,8,1,2,10,0,5,2,656.2,True
2,2,5,5,1,5,0,0,1,4,0,2,10,7,1,0,2,3,1,10,3,651.4,True
4,4,10,8,7,10,10,5,1,6,2,7,3,8,0,1,2,10,1,6,3,729.1,False
2,1,4,4,10,8,3,5,1,8,5,5,5,8,0,2,2,10,6,7,2,721.9,True
5,2,7,10,10,6,10,1,1,8,7,8,10,8,4,0,1,3,7,10,1,731.0,False
1,3,2,4,3,10,4,0,1,3,4,2,2,8,1,0,2,3,3,3,2,641.4,False
2,2,2,4,4,10,3,0,1,3,3,2,2,8,0,0,2,3,3,3,2,648.2,False
5,4,9,5,10,10,10,2,1,6,1,5,3,8,0,2,2,8,2,4,2,708.3,False
2,4,5,5,7,10,6,3,1,0,5,7,7,8,3,2,1,8,4,2,0,667.9,False
5,3,4,4,10,8,5,2,2,8,8,5,6,7,0,2,2,6,6,7,3,699.6,False
1,5,1,2,4,4,2,1,2,2,2,2,2,6,0,1,1,4,3,2,3,578.1,False
2,3,4,10,4,5,2,1,1,7,2,5,6,7,3,5,2,2,2,0,0,645.2,False
5,1,6,10,10,8,9,5,1,8,7,10,9,9,2,1,2,9,3,9,3,772.4,False
1,3,10,10,10,10,3,5,2,7,2,5,5,7,0,5,2,10,5,10,3,708.1,False
5,2,10,4,10,10,6,2,2,8,4,10,10,7,0,2,1,10,6,10,2,722.7,False
2,2,0,3,3,9,2,1,2,3,1,2,2,10,3,3,1,2,0,5,1,594.2,False
5,3,8,5,2,8,1,0,1,8,5,4,1,8,5,2,2,3,0,3,2,653.7,False
3,2,7,4,10,7,3,1,1,7,3,9,10,8,0,7,1,10,5,7,1,695.5,False
1,4,2,4,3,7,5,2,1,6,1,2,3,7,0,4,2,10,3,3,1,648.0,False
5,3,10,10,10,10,10,5,1,10,9,5,10,10,10,1,2,10,10,10,2,780.1,True
2,3,10,4,10,10,9,3,1,8,1,10,6,8,0,3,2,10,6,6,2,733.1,False
5,4,2,4,5,5,2,1,2,7,1,4,10,8,0,2,2,4,4,10,2,662.2,True
5,0,1,3,0,2,0,2,2,8,1,2,0,7,0,0,1,5,1,10,3,620.8,True
3,3,10,2,10,10,2,5,2,3,1,3,0,6,1,3,1,3,4,4,1,637.8,True
2,5,6,10,10,10,10,2,1,4,3,4,3,6,0,3,2,5,5,4,2,690.7,False
2,3,4,10,8,10,6,5,1,5,3,7,8,10,1,2,2,7,2,6,0,719.3,False
5,1,10,10,10,10,10,5,1,8,3,10,3,9,0,1,2,8,5,10,1,774.1,False
2,3,3,5,3,9,4,0,2,7,4,3,10,8,0,3,2,10,3,5,0,663.7,True
4,2,10,3,10,6,10,5,2,3,3,4,4,8,0,2,2,10,4,6,3,704.7,False
5,5,2,8,2,2,3,2,1,3,0,1,0,6,0,6,1,10,0,10,0,622.1,True
5,1,5,2,1,0,0,0,1,5,4,2,3,8,0,0,2,3,4,10,1,656.7,True
2,2,4,4,5,4,5,1,1,8,6,7,5,8,4,3,2,5,3,5,1,673.0,True
2,2,4,10,10,10,5,1,1,7,2,3,3,9,0,1,1,3,2,7,0,675.8,False
2,2,5,10,7,10,4,1,1,7,1,3,3,9,0,1,1,4,1,5,0,665.6,False
1,3,2,4,7,4,2,1,1,3,3,2,0,5,8,2,1,2,3,8,2,601.7,False
1,3,2,10,10,4,5,5,2,6,2,10,5,10,0,4,2,2,10,10,1,697.8,False
4,2,7,10,10,10,7,4,1,9,5,10,2,8,9,7,2,10,2,6,2,721.2,False
0,5,6,3,0,5,1,0,2,10,3,3,0,7,10,0,1,2,0,0,2,563.2,True
1,2,4,6,10,10,5,0,1,6,3,6,2,6,0,3,2,1,2,7,1,670.7,True
4,1,10,4,10,10,3,5,1,3,6,5,2,8,0,1,2,6,4,7,2,721.9,True
2,1,10,10,10,6,7,5,2,7,8,7,10,6,5,0,2,10,5,8,3,735.5,True
4,1,8,2,8,3,5,0,2,7,8,1,5,6,1,1,2,3,7,5,3,668.0,True
0,3,0,10,10,10,5,0,2,7,4,6,5,6,0,2,2,5,8,3,1,667.3,False
4,2,6,10,10,10,3,5,1,6,1,10,0,8,5,1,2,10,4,10,2,728.0,False
5,2,6,5,8,10,6,5,1,10,5,4,5,8,5,0,2,8,4,4,3,723.4,False
4,2,3,6,10,10,6,3,1,5,3,4,8,7,4,4,1,3,5,5,0,677.3,False
5,4,10,6,5,10,4,1,2,2,3,3,1,6,0,5,2,3,0,7,2,646.3,True
5,2,3,10,4,5,3,4,2,8,6,4,1,5,0,1,2,6,4,5,2,676.9,False
1,3,5,2,5,10,5,5,2,5,1,4,2,5,0,3,2,3,0,2,3,634.4,False
1,1,10,3,2,6,2,1,1,6,2,6,3,8,2,2,2,6,3,9,0,672.8,True
5,3,3,8,4,10,10,3,2,4,3,4,5,5,2,3,1,5,8,10,3,671.8,False
2,4,1,3,8,10,1,1,2,3,0,1,5,9,1,1,1,3,0,1,1,598.9,False
5,1,10,8,10,10,10,2,1,7,6,8,10,7,0,1,2,7,6,10,1,768.2,True
3,3,4,3,4,6,1,1,1,8,1,4,3,8,2,2,2,3,1,8,0,652.0,False
4,4,8,4,7,4,7,4,2,9,3,5,6,9,4,6,2,7,8,5,0,683.0,False
4,3,4,4,3,6,6,4,2,4,3,2,1,6,5,2,1,2,2,0,0,607.0,False
3,2,3,5,7,2,7,4,2,8,6,7,10,7,5,9,2,1,5,8,1,669.4,False
1,4,0,10,3,10,3,2,1,8,5,2,10,8,3,1,1,1,5,6,0,656.7,False
2,5,0,0,10,7,3,3,2,10,6,7,10,5,7,2,1,2,0,2,1,619.7,False
4,4,5,5,4,10,2,5,1,7,6,6,3,7,0,2,2,9,3,7,2,703.2,False
3,5,6,4,10,10,2,3,2,8,1,1,4,7,2,7,2,3,1,3,1,635.9,False
1,2,4,4,3,7,0,0,2,9,2,6,10,6,10,2,2,1,4,9,1,633.3,True
5,2,4,7,4,7,3,5,2,6,4,3,0,5,0,1,2,7,5,8,3,678.4,False
2,4,4,2,10,10,10,3,1,7,4,10,5,7,0,1,2,10,2,10,2,721.0,True
1,0,3,4,10,10,4,5,1,5,3,3,1,5,0,0,2,2,4,4,1,681.8,True
4,2,7,7,8,10,1,4,2,9,7,6,3,6,1,4,1,0,7,7,1,674.1,True
3,3,10,9,10,5,7,5,1,9,3,10,5,6,0,1,2,3,7,10,1,739.5,False
0,1,6,4,1,10,6,0,1,9,0,4,0,8,0,1,1,7,2,10,0,655.4,True
3,3,10,4,3,10,3,1,1,8,7,4,10,8,0,0,1,3,5,10,0,694.5,False
5,2,3,3,3,4,1,1,1,3,1,8,2,7,3,0,2,3,1,7,1,650.9,True
2,3,3,5,2,4,0,0,2,3,4,6,5,7,0,4,1,0,0,10,3,602.9,True
0,3,6,2,2,2,1,0,2,2,5,1,2,8,0,5,2,2,4,7,1,602.1,False
4,4,2,5,3,7,3,0,1,2,5,6,3,7,4,2,1,3,2,2,2,621.6,False
3,1,5,1,2,5,5,1,1,5,2,10,0,8,0,0,2,2,2,10,2,671.9,True
2,4,10,10,10,10,10,5,2,10,6,6,5,6,10,10,2,10,6,10,2,708.1,True
2,2,10,7,4,5,2,1,1,6,2,8,1,7,2,4,2,10,4,8,1,683.2,False
5,5,0,2,1,10,3,0,2,5,4,5,0,8,10,5,2,0,0,0,2,585.9,True
1,3,10,10,10,9,7,2,1,4,8,8,2,5,10,0,2,10,3,10,1,710.0,True
3,5,1,6,7,7,2,5,2,3,2,2,1,6,0,5,2,9,1,4,2,634.2,False
4,3,6,3,5,2,2,1,1,3,0,10,0,7,0,10,1,4,2,5,1,620.7,False
2,5,6,4,4,9,5,0,2,7,6,5,10,8,7,3,1,3,5,4,1,631.8,False
2,5,2,6,1,2,1,0,2,5,0,6,10,6,10,3,1,8,0,1,2,578.9,True
5,1,10,10,6,7,3,2,1,7,3,8,6,8,0,0,2,2,8,10,1,734.4,False
1,4,9,4,8,10,7,5,2,4,6,3,5,6,10,4,1,10,7,5,2,654.8,False
5,2,10,10,10,7,8,3,2,9,5,2,8,7,10,3,2,10,7,8,3,716.0,True
2,3,5,8,10,5,5,4,1,7,3,2,3,8,0,4,1,6,2,7,0,670.3,False
4,2,10,5,4,10,4,5,1,8,3,1,4,9,0,2,2,10,1,10,3,717.9,True
5,5,8,4,10,10,5,5,1,7,1,10,7,6,0,3,2,5,1,5,2,710.6,False
5,3,5,10,10,10,3,5,1,6,5,10,2,7,0,0,1,4,2,10,2,714.2,False
2,3,5,3,3,4,7,0,1,4,2,5,5,6,10,3,2,7,2,8,0,641.6,True
2,1,4,7,2,6,3,3,2,3,2,2,1,5,0,0,2,3,2,6,1,637.4,False
5,2,7,6,5,2,3,1,2,5,2,5,1,8,10,5,2,6,2,5,2,631.8,False
5,2,10,6,3,2,5,3,1,1,7,1,10,8,0,0,2,10,3,10,1,712.6,True
2,2,10,4,5,5,5,5,1,3,1,1,3,7,0,1,2,3,2,6,1,671.6,False
2,5,2,6,1,2,1,0,2,5,0,6,10,6,10,3,1,8,0,1,2,578.9,True
4,5,3,8,9,10,2,4,1,6,2,6,3,6,8,4,2,4,1,2,3,658.8,False
5,2,10,6,3,2,5,3,1,1,7,1,10,8,0,0,2,10,3,10,1,712.6,True
3,3,3,6,3,0,1,2,1,0,0,2,2,10,0,3,1,5,3,10,1,624.8,True
3,3,10,5,3,5,10,3,1,9,5,9,10,9,2,1,2,10,8,10,2,745.0,False
2,3,10,6,6,5,6,1,1,9,4,5,5,8,1,2,2,7,1,3,2,686.2,True
2,5,7,10,5,5,10,3,1,7,3,2,7,8,0,10,2,10,5,4,2,687.3,False
1,1,9,6,2,10,6,3,2,7,4,6,3,8,0,1,2,10,2,10,0,696.6,True
4,4,5,10,10,3,4,3,1,5,3,10,10,7,0,7,2,6,5,2,1,698.9,False
3,1,10,3,2,3,3,5,1,3,1,7,0,8,0,1,2,3,1,10,2,678.1,True
2,4,2,5,1,8,6,4,1,4,3,2,5,6,3,5,1,5,1,10,0,637.6,True
1,5,4,10,10,4,6,5,2,3,3,2,8,6,0,5,1,8,1,10,0,651.2,True
5,1,10,4,8,10,4,4,1,7,4,10,5,8,0,3,2,2,3,10,1,731.4,False
1,2,1,3,2,5,1,3,1,2,3,4,8,7,3,1,2,5,1,8,1,648.4,False
3,2,10,8,10,7,10,5,2,1,5,5,0,7,0,2,2,7,10,7,3,711.5,True
4,3,3,5,10,6,1,1,1,7,3,1,5,7,1,5,2,5,1,5,2,659.7,False
3,2,6,9,4,4,6,4,1,8,1,7,10,8,0,2,2,8,2,6,3,712.1,False
2,2,4,8,7,10,5,4,1,5,6,3,4,5,1,2,1,5,4,6,1,676.7,True
1,0,10,3,1,1,0,0,1,10,2,2,0,8,10,0,1,0,2,1,1,600.6,True
4,1,10,5,6,6,3,5,1,7,3,8,4,9,0,0,2,6,3,10,2,727.8,False
3,1,6,1,10,10,6,3,2,6,6,7,0,5,10,3,1,7,2,8,1,650.3,True
5,3,10,10,6,10,5,5,1,6,2,8,3,7,0,2,2,8,2,7,1,727.4,True
4,4,5,10,10,3,4,3,1,5,3,10,10,7,0,7,2,6,5,2,1,698.9,False
5,1,7,6,8,2,7,5,2,5,4,7,5,8,0,0,2,7,2,4,3,700.2,False
3,3,5,5,5,5,5,3,2,5,5,5,5,5,5,5,2,5,5,5,1,649.9,True
3,3,5,4,5,5,5,2,2,4,5,5,4,5,5,3,2,3,5,5,2,641.4,True
3,1,5,4,3,5,5,2,2,5,4,5,4,5,5,4,1,4,4,3,1,622.7,True
3,3,10,2,10,10,7,3,1,6,10,2,5,5,0,0,2,10,1,10,1,722.4,True
3,2,5,5,5,3,3,2,2,4,5,5,5,7,4,4,1,4,7,5,1,633.3,True
4,4,10,9,10,5,10,5,1,9,3,6,5,7,0,2,2,10,1,5,3,730.4,False
2,2,3,4,3,10,3,0,1,8,4,1,5,6,0,1,2,5,1,2,2,654.4,True
1,2,3,6,6,2,3,1,1,2,5,6,7,6,1,2,1,5,8,10,0,658.8,True
2,5,9,5,4,10,8,3,1,8,4,5,6,6,10,2,2,8,6,5,2,685.8,False
1,2,1,7,5,4,3,2,1,3,2,6,2,5,0,0,2,2,4,6,0,651.8,True
1,2,10,2,3,5,3,5,2,6,1,5,2,5,0,3,2,4,3,3,2,643.1,True
4,4,5,10,10,3,4,3,1,5,3,10,10,7,0,7,2,6,5,2,1,698.9,False
0,4,10,3,0,7,5,0,2,3,1,1,2,8,0,1,2,5,2,5,1,619.1,False
0,5,9,5,6,10,10,0,1,4,8,4,7,4,0,5,1,10,3,7,0,668.2,True
5,1,7,2,0,3,0,5,1,3,8,10,2,8,0,1,2,0,4,10,2,690.6,True
5,2,4,10,4,10,8,5,1,5,6,7,8,8,5,3,1,10,6,10,0,724.0,True
2,4,2,2,3,6,2,1,1,2,1,4,1,7,3,7,1,0,2,2,1,583.8,False
5,3,4,2,7,10,5,5,1,4,9,6,10,6,0,7,2,4,6,7,2,711.5,True
2,1,10,3,10,2,0,5,2,10,0,9,2,8,10,0,2,5,2,10,2,671.7,False
5,2,10,4,6,10,8,5,2,4,4,8,10,10,0,0,2,8,1,10,2,733.1,False
1,4,10,4,0,6,1,1,1,3,1,3,0,7,0,1,2,5,1,10,1,641.4,True
5,3,7,8,6,8,8,3,2,4,6,9,2,7,0,2,2,5,4,8,3,700.4,False
2,5,3,4,10,2,2,5,2,6,2,1,1,7,0,2,2,10,3,4,2,642.7,False
5,2,10,5,10,10,6,5,2,8,6,7,5,8,3,4,2,10,3,5,2,720.6,True
3,1,2,4,5,10,6,1,1,2,1,9,4,7,0,2,2,10,5,10,1,698.7,False
2,3,10,10,10,10,10,5,2,5,6,10,5,6,0,10,2,10,7,10,2,729.3,False
5,4,5,4,5,10,1,5,2,4,2,2,1,9,0,0,2,2,0,9,3,658.6,False
2,3,5,6,3,6,3,4,2,7,2,2,3,6,0,5,2,6,0,3,2,635.9,True
3,0,3,0,0,10,3,2,1,1,4,8,0,8,0,3,2,5,0,10,3,664.7,True
4,3,3,8,9,10,4,3,1,7,8,9,3,6,5,6,2,3,7,6,2,700.2,False
4,3,10,5,10,8,4,5,2,4,1,4,1,8,3,3,1,10,4,10,2,674.1,False
4,5,6,4,4,10,1,4,2,7,6,7,6,6,0,2,2,3,8,10,3,686.2,False
5,5,3,3,6,4,6,1,1,3,2,3,3,7,3,7,2,7,1,7,1,643.1,False
5,4,4,1,10,10,3,5,1,8,1,1,0,7,10,3,1,3,3,10,1,647.8,False
3,4,0,9,4,10,4,1,1,3,2,10,6,5,1,1,1,3,2,1,1,644.1,True
3,5,2,6,1,4,1,1,2,5,0,4,2,9,2,4,2,7,1,3,1,609.7,True
3,1,7,8,10,5,8,4,1,5,5,1,5,9,0,3,2,10,7,5,1,723.0,True
1,1,0,2,3,5,5,3,1,7,1,6,10,9,10,1,2,5,4,4,1,659.4,True
2,2,2,4,10,10,0,4,1,0,2,10,2,7,3,3,2,3,2,7,1,668.3,False
1,3,2,2,2,8,3,2,2,4,0,3,3,8,8,4,2,4,0,5,1,600.8,False
2,4,2,0,0,3,3,0,1,5,1,5,0,7,5,0,1,3,5,5,1,597.6,False
1,3,1,6,5,7,5,5,2,8,3,1,5,8,0,5,2,10,10,10,1,682.0,True
3,3,10,5,10,10,3,1,2,8,9,10,5,8,3,4,1,10,4,8,1,692.3,False
2,3,4,4,8,10,5,1,2,3,3,3,2,6,2,3,2,6,4,3,2,641.2,False
2,1,6,2,3,2,4,3,1,5,1,8,8,8,0,2,2,3,3,8,3,678.3,True
4,1,5,4,2,2,2,5,2,8,2,5,7,8,0,2,2,10,1,10,3,682.8,False
2,0,7,6,10,10,4,3,1,5,1,5,0,8,0,1,1,1,1,10,0,677.7,True
2,3,6,10,10,10,5,1,2,8,4,7,7,6,2,3,2,6,4,3,3,684.5,False
5,4,10,2,3,6,1,0,1,7,5,7,6,7,0,1,2,10,8,5,1,696.6,False
3,3,7,10,5,10,6,2,2,8,1,7,5,8,0,2,2,3,2,4,3,679.8,False
4,1,5,3,6,4,6,4,2,3,7,5,2,8,3,4,1,5,8,6,1,657.3,True
4,4,8,3,2,9,1,2,1,7,2,5,1,7,2,1,2,2,2,7,1,660.5,True
2,5,10,6,4,10,1,1,1,5,0,5,10,7,3,3,2,3,0,1,2,652.0,False
4,3,1,7,6,5,7,1,1,6,4,8,3,8,6,5,2,5,2,7,2,669.8,False
2,5,4,10,10,10,3,2,2,1,6,2,2,6,0,3,2,4,1,4,1,644.4,False
2,4,10,3,2,3,0,5,2,3,0,4,5,6,6,3,2,7,0,7,3,626.1,False
5,5,10,4,10,5,3,5,2,3,3,10,10,5,0,3,2,10,10,5,2,708.7,True
3,3,1,3,2,4,3,0,1,4,5,2,1,7,7,10,1,4,2,7,2,593.6,True
4,2,3,6,5,5,9,5,1,6,2,7,1,6,0,4,2,4,5,10,2,698.1,False
1,1,0,5,2,8,3,5,1,8,2,6,3,7,0,1,1,3,4,6,1,659.0,False
2,1,4,1,4,10,4,1,2,6,1,7,1,8,5,1,2,10,2,2,3,645.8,True
3,3,5,5,6,4,5,4,2,6,3,1,5,6,3,0,2,7,10,10,1,678.2,True
3,1,2,5,1,10,3,0,1,9,4,4,3,9,5,2,2,5,3,8,1,670.9,False
3,4,10,4,4,2,2,5,2,5,1,5,10,7,0,0,2,10,0,5,3,670.7,False
1,3,2,3,4,8,8,4,1,7,1,2,5,7,6,3,2,10,3,5,1,665.0,True
3,4,4,5,4,8,2,2,1,4,3,8,2,7,0,1,1,4,1,7,3,649.2,True
5,3,10,10,10,8,4,5,2,8,1,3,7,8,0,5,1,5,6,7,1,692.6,False
1,3,4,9,10,6,4,0,2,7,3,4,10,7,6,0,1,10,4,6,3,655.2,True
2,4,7,6,7,10,3,5,2,4,3,2,1,7,1,1,2,8,3,1,2,658.2,False
3,5,3,4,3,2,4,3,2,3,0,1,4,9,0,1,1,5,0,2,1,598.9,True
1,1,1,2,2,5,3,0,2,4,1,1,2,8,0,2,1,10,0,3,1,597.0,False
4,1,4,0,0,2,0,0,2,8,1,7,5,6,10,1,2,4,3,4,3,613.1,True
4,4,8,5,4,10,3,5,1,7,2,3,1,7,0,4,2,10,1,7,2,689.0,False
5,2,10,2,9,8,10,5,1,5,10,9,4,6,0,1,1,10,3,10,2,735.9,False
2,5,3,10,5,5,10,0,2,5,1,4,6,5,0,3,1,10,2,2,2,629.3,True
2,4,8,10,10,6,10,5,2,4,3,10,5,4,0,4,2,10,2,8,3,703.4,True
5,3,8,10,5,9,10,4,1,3,7,10,7,7,0,2,2,10,4,8,0,748.2,False
5,1,10,4,10,6,10,5,1,8,1,3,0,7,0,0,2,3,1,7,1,712.8,True
2,3,8,4,4,10,4,5,1,7,3,5,10,4,0,6,2,3,4,4,2,685.4,True
3,3,7,7,10,10,2,1,1,5,6,10,4,6,10,3,2,4,6,6,2,686.8,False
2,4,1,4,2,6,1,1,1,4,2,5,1,5,0,2,1,4,0,3,2,604.0,False
1,0,10,5,3,4,4,5,1,7,4,8,2,7,5,2,2,10,2,7,3,696.8,True
2,5,1,6,3,2,0,0,1,4,0,8,3,5,0,0,1,2,6,7,1,616.5,True
5,3,4,10,10,5,4,3,1,7,4,9,3,8,10,4,2,4,4,10,3,697.2,False
4,3,10,5,10,8,10,5,1,7,1,3,0,6,0,0,1,8,1,10,1,700.7,True
4,3,6,10,8,10,6,2,1,3,4,10,7,6,0,1,2,10,2,3,2,717.4,False
1,3,5,8,2,8,4,0,2,0,3,4,5,8,0,1,2,5,4,10,1,650.3,True
2,2,4,5,10,10,1,2,2,5,2,2,1,6,0,2,1,3,0,4,2,622.3,True
5,1,10,4,3,4,5,1,1,7,1,10,3,8,0,2,2,5,2,9,2,699.1,True
4,2,5,4,2,5,2,2,1,2,2,3,5,7,3,3,2,2,1,3,2,639.7,False
4,0,4,10,10,10,4,2,1,5,5,10,8,8,0,0,2,5,10,10,1,753.5,False
5,4,1,6,10,10,2,4,1,7,8,10,1,9,10,10,1,10,0,10,2,673.8,True
0,3,4,10,10,5,9,3,1,7,4,1,5,7,3,3,1,10,10,7,1,686.9,True
3,0,10,10,10,10,4,5,1,9,9,10,5,9,0,2,2,10,8,7,2,777.5,False
1,2,2,9,5,7,1,2,2,7,3,3,10,8,0,0,1,3,4,4,2,645.0,False
4,4,1,6,6,6,0,3,1,2,2,4,0,5,0,3,2,2,2,4,3,636.1,True
2,5,6,8,7,7,7,2,1,8,8,10,2,6,0,2,2,10,10,5,2,717.4,True
2,4,5,3,3,3,1,3,1,10,3,1,1,8,0,2,1,3,0,1,1,617.4,False
5,3,0,7,5,10,0,5,1,4,5,10,1,9,10,8,2,0,0,10,2,661.9,True
5,3,0,6,8,6,0,4,1,4,4,10,1,9,10,9,2,0,0,7,2,646.6,True
2,2,1,2,10,10,5,0,2,5,7,4,3,7,8,1,1,5,5,10,3,639.9,True
2,2,9,3,3,2,7,2,1,4,2,3,2,8,3,3,2,8,2,8,1,663.7,True
5,3,2,5,10,10,5,5,1,8,7,10,10,8,10,1,2,8,10,10,2,745.0,False
2,4,1,6,3,7,3,5,1,3,1,2,3,6,8,5,2,5,0,5,2,627.4,False
5,0,2,5,10,6,2,5,1,8,2,2,5,8,0,0,2,10,5,7,1,719.6,False
1,2,4,3,0,0,3,0,2,4,2,1,1,6,3,1,2,4,1,4,1,591.5,True
3,1,5,3,3,5,6,1,2,9,6,8,7,6,0,0,2,6,4,2,2,676.2,False
4,2,5,3,5,5,5,5,2,7,2,8,3,7,0,2,1,8,1,10,3,667.9,False
5,4,10,5,10,10,5,5,2,7,3,8,0,6,10,1,1,10,2,10,3,677.9,False
4,2,6,7,5,10,4,4,1,8,2,6,10,7,0,1,2,4,1,10,2,718.5,False
2,4,8,10,10,10,10,5,2,7,7,3,10,7,0,2,2,10,7,7,3,733.2,False
2,4,10,7,6,9,8,1,2,10,3,2,7,8,10,2,2,5,4,8,2,670.3,True
1,2,3,1,6,4,8,5,1,7,1,4,5,9,10,1,2,3,10,10,1,679.4,True
3,3,1,8,4,7,4,2,2,6,9,5,9,8,5,4,1,4,2,6,1,645.4,True
4,2,4,1,4,7,3,0,1,7,3,3,4,6,7,1,2,1,3,10,1,651.4,True
2,2,1,4,8,8,3,0,1,6,3,1,2,8,0,1,2,4,6,7,1,665.0,False
4,3,5,8,5,4,2,5,2,8,3,2,3,6,7,6,1,10,2,10,3,642.7,False
3,3,1,7,3,0,2,3,1,5,0,1,1,7,3,4,2,3,1,4,2,620.6,False
2,2,10,3,8,3,5,5,2,7,4,5,1,8,3,0,2,7,4,10,3,686.2,False
1,3,3,4,3,6,3,1,1,8,8,7,5,6,0,0,1,2,4,7,1,655.6,True
4,1,7,10,10,3,8,3,1,8,9,8,5,7,0,0,2,5,5,9,1,744.4,False
5,0,10,5,10,10,3,5,2,10,7,9,5,7,0,0,2,10,3,10,2,749.7,False
1,3,10,3,0,6,0,0,2,8,7,1,1,7,0,5,2,4,8,5,2,632.5,True
4,3,5,3,10,10,2,2,2,8,1,10,10,8,0,0,2,5,8,2,1,697.4,False
4,0,10,10,10,10,10,5,1,8,5,10,10,7,0,0,2,10,10,10,2,799.2,True
4,1,10,8,5,7,6,5,2,9,2,5,2,8,0,1,2,5,4,10,2,710.0,False
4,3,10,4,10,3,10,5,2,10,3,7,10,8,0,0,2,5,6,10,3,730.8,False
3,2,4,6,2,5,3,2,1,5,2,10,2,8,0,1,2,4,2,10,1,680.4,True
2,1,5,1,0,2,2,0,1,2,1,4,2,8,0,1,2,6,2,3,3,629.9,True
3,1,5,2,5,10,10,2,1,6,5,10,5,8,10,0,2,6,10,6,3,711.0,True
2,1,5,5,3,6,2,5,1,6,1,1,2,7,5,2,2,3,2,3,1,649.5,True
4,3,10,4,10,3,10,5,2,10,3,7,10,8,0,0,2,5,6,10,3,730.8,False
5,5,10,10,8,10,9,5,1,10,3,8,0,4,0,10,2,10,10,2,0,723.4,False
2,4,9,8,6,10,4,3,1,3,4,6,2,6,0,3,2,7,1,1,0,675.8,False
3,5,10,6,6,10,5,5,1,2,1,4,2,8,0,4,2,3,3,3,0,674.1,False
1,5,2,5,5,8,3,2,1,5,2,4,1,8,5,10,2,0,0,3,0,609.5,False
3,4,6,3,7,8,2,2,1,1,1,5,1,6,8,1,1,3,0,5,0,616.1,False
4,4,6,3,6,7,0,2,1,1,1,5,2,6,8,1,1,1,1,4,0,611.0,False
4,2,10,3,2,10,2,4,1,2,2,10,2,7,10,7,2,10,1,5,1,668.3,True
4,1,6,10,3,10,3,3,1,5,3,10,10,8,0,1,2,10,3,5,1,729.7,False
5,1,6,10,3,10,4,3,1,4,3,10,10,8,0,1,2,10,1,5,1,729.7,False
5,2,10,10,7,10,1,3,1,6,2,7,2,8,0,5,2,10,3,8,1,718.9,False
4,2,10,3,3,6,4,3,1,8,1,5,1,8,0,1,2,4,3,10,1,691.3,True
1,2,4,6,5,1,1,5,1,6,3,4,1,7,2,3,2,2,1,5,1,646.7,False
1,5,5,9,3,5,3,5,1,2,0,2,2,9,0,1,1,6,2,10,1,646.7,False
5,2,5,10,6,6,6,3,1,4,1,10,5,8,3,2,1,6,1,9,1,690.6,True
3,4,10,4,9,10,8,3,1,8,6,5,3,7,4,3,2,10,4,7,2,713.2,False
0,1,0,5,1,10,0,0,1,4,1,3,0,9,0,1,2,1,1,7,0,629.9,True
2,2,6,6,6,6,6,1,2,7,3,4,4,8,0,0,1,4,3,7,1,652.0,False
0,2,2,5,4,4,1,2,1,7,3,3,10,8,0,5,2,5,1,5,2,653.5,True
0,1,10,6,3,5,5,2,2,8,2,5,5,8,0,6,2,2,3,10,1,662.4,True
4,4,5,7,10,6,7,5,2,7,1,5,8,6,0,3,2,8,2,8,3,694.3,True
1,1,1,5,0,3,5,2,2,4,1,4,10,9,0,1,2,4,1,3,3,636.9,True
1,3,5,7,6,3,0,0,1,1,1,1,6,9,0,0,2,2,1,4,1,634.6,False
4,3,5,6,4,3,2,2,2,7,6,7,5,7,5,4,1,5,6,10,1,649.0,False
2,4,2,5,3,5,2,0,1,7,0,3,0,7,0,2,1,4,0,5,2,609.1,True
0,2,3,5,2,5,2,1,1,8,0,6,5,7,0,3,2,2,2,10,1,652.2,False
2,4,3,10,10,10,1,5,1,5,0,7,8,8,10,4,2,3,4,5,1,676.4,False
5,2,10,10,3,10,0,2,1,2,2,6,10,6,0,2,2,10,1,7,3,708.1,False
4,4,3,1,4,5,1,3,1,7,0,7,2,6,2,7,2,2,0,5,0,631.8,False
5,3,10,10,10,10,6,5,1,8,8,8,2,6,2,6,2,10,10,7,0,752.7,False
3,3,10,7,10,10,10,5,1,3,4,5,4,8,7,2,2,6,3,3,0,706.6,False
5,2,7,5,4,8,3,1,1,9,4,4,10,6,2,2,1,4,2,4,0,672.0,False
2,3,10,10,8,10,10,2,1,9,3,5,4,9,3,1,2,5,5,3,0,715.3,False
3,5,10,10,10,10,10,3,1,8,2,10,2,6,0,10,1,10,2,5,0,695.3,False
4,4,4,6,3,10,6,4,1,5,4,8,8,6,6,10,2,10,5,5,0,686.4,False
5,3,2,10,10,6,10,5,1,8,5,6,5,8,0,3,2,5,2,10,3,730.6,False
4,4,0,3,1,9,1,5,2,7,1,5,0,6,7,4,2,3,0,5,2,614.4,False
2,2,2,3,2,10,2,2,1,1,3,9,4,4,7,6,1,3,0,1,2,606.3,False
2,5,2,5,7,3,5,2,1,3,1,6,2,4,7,6,2,1,1,2,1,609.1,False
1,5,1,10,3,10,3,2,2,2,10,10,5,7,0,5,1,3,0,6,1,634.3,False
5,2,8,6,9,10,2,5,1,4,2,3,0,7,3,0,2,10,0,10,2,706.0,True
2,5,2,5,7,3,5,2,1,3,1,6,2,4,7,6,2,1,1,2,1,609.1,False
1,2,0,6,7,3,2,0,2,9,1,1,1,7,0,1,1,6,6,10,1,624.0,False
5,2,10,5,8,10,4,1,1,8,2,5,2,8,0,0,2,5,2,5,1,703.2,True
1,4,1,5,2,0,2,5,2,5,1,1,2,8,6,1,2,3,1,10,2,610.6,False
0,3,4,0,5,4,2,5,1,0,1,3,0,7,0,8,2,4,0,10,0,624.4,True
4,4,6,8,10,10,10,5,1,9,2,7,2,7,0,1,2,10,5,5,2,734.0,False
4,4,10,10,10,10,5,5,2,8,5,3,4,7,10,3,2,10,2,8,2,697.5,True
3,4,7,2,2,4,2,0,1,8,0,5,0,8,1,3,1,6,6,4,2,628.4,True
3,2,10,7,9,10,5,1,1,8,4,6,10,7,1,3,2,10,8,7,1,735.5,True
5,1,0,1,0,6,5,0,1,9,4,6,5,5,0,1,2,5,4,10,1,677.3,True
0,4,0,5,7,3,1,5,1,3,1,10,0,1,0,10,1,2,0,2,2,592.3,True
4,3,10,4,10,3,10,5,2,10,3,7,10,8,0,0,2,5,6,10,3,730.8,False
3,3,3,2,0,2,0,1,1,3,1,2,0,7,5,3,2,6,1,6,3,608.9,False
5,4,2,6,6,4,2,2,1,8,2,6,0,7,3,2,2,6,2,10,1,669.2,True
1,2,1,7,10,7,2,4,2,3,0,10,0,6,8,0,2,8,0,8,2,649.4,True
1,3,1,6,3,1,0,1,1,6,2,1,5,5,5,6,2,5,0,3,2,604.9,False
1,1,3,4,10,7,7,3,2,9,3,1,3,8,0,3,2,4,7,5,2,671.8,False
2,5,0,4,4,2,4,0,1,5,1,7,0,7,0,5,2,1,2,5,3,616.7,False
2,4,2,4,3,10,2,0,2,3,1,1,4,7,0,2,2,5,1,3,2,613.8,True
4,1,5,3,10,10,7,3,1,8,2,8,10,8,0,1,2,10,9,6,2,746.3,True
3,0,10,2,0,0,0,0,1,2,0,3,1,7,0,0,2,3,5,10,2,646.5,False
5,5,10,10,10,10,2,5,2,6,1,10,7,8,10,10,2,6,1,7,2,680.4,False
2,3,3,7,8,3,8,1,2,7,5,2,8,8,10,3,2,8,3,7,1,655.0,True
3,4,4,5,10,10,10,3,1,6,3,10,2,6,0,5,2,10,3,5,2,705.5,True
4,5,7,3,5,7,7,3,1,10,1,8,5,9,0,8,2,5,1,7,2,685.3,False
5,4,5,8,5,10,6,3,1,7,8,4,5,8,4,3,2,3,2,5,0,694.5,False
5,3,0,6,4,9,6,1,1,9,2,10,10,6,0,1,2,10,2,9,1,714.0,True
3,1,7,8,10,7,7,5,2,8,9,5,10,6,10,1,2,10,3,8,2,718.1,False
4,1,4,4,3,5,2,2,1,8,0,10,2,8,0,1,2,10,0,5,3,683.8,False
0,1,2,10,7,10,0,5,1,5,4,7,1,9,10,1,2,2,5,10,0,681.7,True
5,3,3,10,7,10,2,1,2,5,3,4,1,7,0,0,2,3,1,0,2,651.8,False
4,3,4,5,8,5,10,5,2,4,2,10,3,6,0,0,1,8,3,10,3,683.4,False
3,3,3,3,7,7,2,4,1,2,2,8,0,7,5,3,1,3,0,3,2,627.1,False
3,2,8,5,10,3,5,5,1,10,3,7,10,8,6,0,1,4,4,10,3,705.3,False
1,3,0,3,1,1,0,1,2,2,0,1,0,9,1,3,2,0,0,1,1,566.6,True
5,0,5,5,4,10,0,4,1,3,3,6,0,8,0,10,2,4,0,2,3,662.6,False
3,1,10,6,10,10,7,5,2,8,2,9,1,7,10,1,2,1,3,10,3,695.3,True
2,0,10,4,5,10,3,1,2,2,4,3,0,10,0,5,2,10,2,6,2,665.8,False
1,5,1,1,3,10,5,1,1,8,6,8,2,5,10,2,2,5,8,0,3,638.6,True
2,2,4,3,4,6,4,2,2,0,3,8,2,5,0,2,1,5,2,0,2,611.4,False
3,2,4,3,10,10,1,5,1,5,2,10,2,8,0,1,1,2,2,3,1,671.9,False
4,2,4,3,5,10,3,5,1,8,2,7,10,7,0,2,2,2,0,6,1,698.3,False
4,1,10,10,10,8,7,5,1,7,6,8,10,8,0,0,2,3,6,7,3,761.6,False
1,4,10,4,6,10,1,5,2,7,0,8,2,6,5,7,2,3,1,7,3,643.9,True
1,4,3,3,1,1,2,3,1,3,1,1,2,10,8,0,2,7,1,4,0,616.1,True
4,4,10,4,10,10,5,5,2,8,10,1,1,6,3,2,2,8,9,7,1,705.4,False
5,2,5,7,10,6,3,0,1,8,2,7,2,9,0,0,2,1,2,10,1,697.0,True
5,3,7,10,10,10,4,5,1,9,1,5,3,7,4,7,2,9,6,7,2,718.3,False
3,5,8,8,10,2,5,1,1,3,3,7,1,8,3,1,1,3,1,7,1,649.2,False
2,4,3,10,8,4,3,4,1,7,1,7,1,8,10,7,2,5,1,6,1,650.9,False
2,1,1,2,2,6,0,0,1,0,1,2,0,8,0,2,2,1,1,6,1,614.2,True
3,4,3,8,6,10,3,1,2,4,0,4,1,7,6,6,1,8,1,6,2,612.7,False
1,1,4,4,3,4,1,0,1,3,1,5,0,7,5,1,2,2,2,4,0,621.4,True
3,4,2,10,5,10,8,3,2,4,3,3,5,8,8,3,2,10,6,3,3,665.4,True
2,4,10,3,10,4,5,5,2,1,4,3,6,8,7,0,2,9,2,2,2,658.6,False
2,1,1,2,2,6,0,0,1,0,1,2,0,8,0,2,2,1,1,6,1,614.2,True
5,2,3,3,10,6,3,5,1,10,1,2,0,7,4,0,2,3,4,10,2,688.8,False
2,2,10,3,1,2,3,2,1,3,3,6,1,7,0,1,2,3,2,5,1,652.2,True
4,1,3,3,9,4,2,5,1,6,4,5,10,7,0,1,2,7,5,4,3,706.4,False
3,1,7,10,10,10,6,3,1,10,5,9,5,10,5,3,2,6,8,10,3,748.6,False
4,4,3,8,8,10,2,2,1,10,6,2,0,6,0,1,1,1,1,3,3,652.9,True
1,3,3,3,10,10,3,3,2,9,4,7,5,8,10,2,2,7,6,3,2,662.8,True
3,4,3,2,2,2,5,2,1,4,0,1,0,8,10,5,2,2,0,6,1,600.4,False
3,3,10,3,7,4,5,0,2,0,3,9,7,10,0,0,1,5,0,9,1,653.4,True
2,3,4,3,4,10,2,2,1,2,1,10,5,10,5,3,1,3,2,4,0,640.0,False
3,4,10,10,4,5,9,5,1,8,4,8,2,4,7,10,2,10,3,9,1,694.5,False
3,2,6,10,10,10,5,5,1,10,2,5,10,6,0,0,2,10,8,7,3,752.1,False
5,1,6,6,8,2,3,5,1,7,4,2,5,8,0,3,1,8,0,6,3,682.2,False
2,4,7,5,2,10,1,1,2,4,1,4,10,7,0,2,2,4,1,6,1,645.0,True
5,3,5,6,10,5,2,1,1,9,5,4,0,7,0,6,2,8,4,5,2,682.4,False
2,5,2,8,5,4,2,1,1,2,2,3,2,6,10,5,1,7,1,5,2,597.0,True
4,3,4,5,8,5,10,5,2,4,2,10,3,6,0,0,1,8,3,10,3,683.4,False
2,3,10,4,10,10,10,2,2,9,4,4,2,6,10,0,2,10,8,10,3,697.5,True
5,2,6,2,8,7,5,3,2,7,1,8,0,8,3,2,2,9,0,8,1,676.6,True
2,4,10,7,6,10,2,5,1,4,0,3,10,7,0,3,2,1,1,10,0,689.0,True
3,4,10,5,7,10,5,1,2,3,5,3,1,8,0,8,2,10,1,5,1,656.9,False
4,2,7,6,10,4,1,1,1,10,5,2,2,7,0,6,2,6,7,5,2,685.4,False
1,1,4,4,6,9,1,2,2,7,1,2,0,7,8,5,1,5,2,2,3,598.7,False
5,1,5,6,8,7,8,5,1,8,2,6,7,7,0,2,2,10,3,10,3,738.9,False
2,3,10,5,10,10,2,5,1,8,3,10,5,7,0,0,2,6,4,8,3,727.8,False
4,1,5,10,4,3,2,5,1,6,2,5,0,7,0,5,2,10,2,10,1,694.5,False
1,1,10,5,5,4,10,4,1,5,5,8,10,7,0,0,1,6,10,10,2,722.3,True
2,1,6,7,5,6,2,5,1,8,2,2,2,8,1,1,2,2,2,10,0,685.6,False
5,5,5,9,3,10,0,0,1,10,1,10,2,7,0,1,1,0,0,10,0,659.8,False
1,4,10,8,4,8,5,0,2,5,4,7,1,7,0,3,2,8,3,5,1,659.2,True
1,1,2,8,2,5,5,2,1,5,2,4,1,8,6,6,2,4,2,2,1,635.0,False
2,1,5,8,3,9,3,1,1,7,4,6,3,8,1,1,2,3,8,7,0,693.2,False
5,4,5,2,3,5,7,4,1,8,0,5,10,9,6,7,1,10,8,7,3,676.2,True
4,1,10,5,10,8,8,5,1,4,3,1,3,6,0,2,2,10,1,5,1,712.2,True
1,3,10,4,10,10,10,5,1,5,5,3,10,6,10,4,2,3,3,4,1,690.5,False
3,4,3,2,2,10,10,0,1,8,1,8,3,6,3,10,2,10,10,5,2,671.1,True
3,5,3,4,2,4,3,1,1,7,3,5,0,5,10,10,1,3,1,1,2,578.5,False
0,1,4,6,3,8,0,2,1,4,2,4,1,7,7,2,1,5,1,9,1,626.3,False
5,4,4,10,10,10,6,5,1,7,3,7,1,6,0,0,2,4,1,7,2,713.4,False
3,4,3,7,7,6,7,5,1,7,4,1,0,5,2,6,1,10,7,9,2,669.5,False
4,2,10,5,10,9,5,5,1,5,2,9,5,7,0,1,2,10,6,10,3,744.6,True
3,5,5,4,10,3,10,5,2,3,3,4,4,7,5,3,1,10,2,2,2,639.9,True
3,3,1,5,10,3,5,3,1,3,3,7,5,8,10,1,1,5,6,2,3,645.8,True
1,1,10,6,5,5,5,5,2,4,3,3,5,5,0,2,2,10,5,10,3,688.6,True
0,4,1,1,5,5,2,2,1,2,2,4,0,6,5,4,2,10,0,10,2,622.7,False
4,3,2,6,10,5,3,5,1,10,5,10,5,6,0,1,2,7,3,10,3,722.5,False
5,5,0,5,10,4,10,5,1,4,1,9,0,8,0,0,1,10,3,6,3,683.6,False
3,1,5,5,2,6,2,5,1,3,1,2,3,8,0,3,1,5,1,1,2,639.7,False
3,3,10,6,4,7,6,3,2,7,3,6,3,8,0,2,2,4,8,3,0,681.3,True
3,3,5,8,4,5,4,0,1,7,1,8,5,6,0,10,2,5,2,10,2,666.0,True
5,3,4,8,5,10,1,5,1,3,5,7,3,8,0,3,2,3,5,10,1,705.3,False
3,3,2,5,5,2,2,2,1,2,2,1,1,6,7,4,1,2,1,5,3,594.9,True
4,4,2,1,0,2,2,1,1,0,2,2,2,8,7,3,1,1,3,6,3,585.3,False
4,4,4,2,1,1,2,4,1,1,0,1,1,8,10,1,1,1,1,10,3,597.0,False
3,4,6,10,3,2,6,2,1,3,4,6,1,9,10,0,2,10,1,5,1,662.8,False
2,1,10,9,10,8,5,2,2,8,9,8,2,7,0,5,2,5,4,7,1,705.3,False
4,4,6,10,10,10,10,0,1,9,7,6,1,9,5,1,2,5,8,9,1,724.0,False
2,4,3,8,7,10,1,4,1,8,2,5,0,6,0,7,2,4,3,1,2,656.9,True
5,2,0,0,2,4,0,0,1,10,3,3,2,8,0,0,1,0,2,1,1,616.1,True
5,1,1,1,2,2,9,0,1,9,7,7,8,7,7,5,2,5,9,9,1,686.4,True
4,3,0,2,3,6,1,1,1,2,2,3,1,8,1,6,2,2,0,5,3,617.8,False
5,4,10,3,2,2,1,3,1,3,1,3,1,9,0,7,2,4,5,1,1,641.8,False
3,3,1,10,0,4,4,1,2,3,2,10,1,10,1,5,1,5,1,10,0,628.1,False
2,4,5,10,10,10,2,1,2,7,1,3,0,6,0,4,1,10,6,7,2,649.7,False
3,4,10,7,2,10,1,3,2,2,3,6,2,8,10,3,2,3,1,7,1,637.1,True
0,4,5,3,0,4,3,0,2,0,2,2,0,8,10,9,1,6,1,3,1,546.2,True
5,1,6,5,3,4,1,5,2,7,3,5,0,8,0,2,2,4,1,6,2,664.1,True
3,3,6,7,6,6,2,5,1,8,3,5,5,8,7,6,2,4,2,6,0,674.3,False
2,4,5,5,3,4,1,4,1,10,10,10,0,6,10,1,1,3,2,4,2,642.6,False
2,2,10,10,10,10,3,5,1,6,1,5,1,8,2,0,2,10,2,7,1,718.5,True
3,4,10,7,2,10,1,3,2,2,3,6,2,8,10,3,2,3,1,7,1,637.1,True
2,3,10,9,10,10,8,5,1,8,4,10,10,6,1,2,2,9,9,7,3,759.9,True
2,1,10,7,10,4,6,1,1,8,2,5,2,7,0,1,2,10,1,7,3,703.0,False
1,1,7,10,10,5,2,2,1,9,1,2,2,6,10,2,2,1,1,10,2,661.4,False
4,4,4,8,10,10,7,5,2,5,2,6,5,6,6,0,2,10,8,5,3,699.6,False
4,4,10,5,3,6,4,1,1,9,1,10,2,9,0,1,1,10,5,7,3,687.4,False
0,5,2,2,0,1,0,0,1,1,1,1,0,9,0,8,1,1,0,10,1,563.2,False
5,4,1,3,2,1,1,2,1,7,1,10,0,8,10,0,2,5,2,10,3,644.7,False
5,0,10,4,6,5,6,5,2,8,2,10,0,6,0,2,1,8,2,10,3,691.9,False
5,4,6,10,10,10,4,5,2,5,6,4,10,6,0,1,2,6,8,4,3,716.2,False
2,1,2,7,5,5,2,2,1,8,4,4,5,8,0,3,2,10,4,5,2,686.0,True
4,1,4,2,5,10,2,1,1,5,5,7,3,7,3,1,2,4,1,7,1,676.2,True
1,5,3,2,10,2,3,5,1,7,1,4,0,5,5,10,2,10,2,1,2,625.9,False
2,2,2,1,1,2,2,0,2,2,0,4,2,4,0,0,1,2,0,1,1,567.9,True
2,2,1,1,0,2,1,0,2,2,0,6,2,5,0,1,1,2,0,2,1,568.5,True
1,5,10,10,6,7,4,3,2,3,1,6,1,6,0,5,2,10,1,7,2,657.1,True
4,2,10,5,10,10,4,1,2,7,2,6,2,8,10,0,2,7,6,7,1,683.0,True
2,3,1,4,1,10,3,0,1,4,1,8,5,7,5,4,2,3,2,5,2,637.3,True
0,5,3,1,10,10,1,1,2,3,2,3,2,5,0,4,1,10,4,7,2,612.1,True
4,4,3,10,4,7,2,5,2,3,1,8,10,8,7,1,2,10,1,10,2,681.7,False
2,1,1,3,7,10,5,5,1,5,2,6,5,8,2,4,2,6,8,3,2,691.5,False
2,2,10,3,10,10,2,2,2,6,3,6,0,7,0,1,2,4,6,7,1,677.7,False
4,3,4,5,8,5,10,5,2,4,2,10,3,6,0,0,1,8,3,10,3,683.4,False
2,2,4,7,5,10,3,3,1,8,3,4,5,7,8,3,2,6,1,5,1,670.5,False
2,5,1,4,2,10,3,2,2,3,4,2,5,6,3,7,1,7,4,3,1,600.2,True
3,4,0,2,0,10,10,2,2,0,0,2,10,8,10,5,1,3,0,10,1,600.6,True
1,4,3,8,7,10,3,5,2,5,5,5,0,6,10,3,1,5,1,3,1,617.8,True
5,2,8,2,6,4,3,1,2,1,1,3,1,9,2,2,1,3,1,3,1,612.9,False
5,3,10,8,10,6,5,5,1,8,8,10,5,7,0,0,2,5,8,10,1,758.4,False
3,3,1,4,2,6,6,4,1,7,1,2,0,8,0,3,1,4,1,8,0,639.7,False
1,2,1,3,4,8,3,2,1,7,4,3,2,7,2,4,2,9,1,4,1,651.6,True
3,1,4,5,4,5,5,0,2,7,5,8,10,8,0,2,2,5,6,7,2,685.1,True
2,1,5,8,1,5,1,1,1,4,2,2,2,6,10,0,2,2,2,6,1,630.8,True
3,3,3,5,8,10,8,3,2,8,7,1,10,7,0,3,2,10,6,3,2,697.1,False
3,1,6,10,10,10,4,5,1,10,3,2,10,7,8,3,2,10,2,1,2,712.6,True
5,1,5,5,3,10,2,1,2,5,1,9,10,7,0,1,2,10,0,10,1,693.6,False
1,1,10,10,10,4,5,4,1,5,1,5,5,6,10,1,1,8,1,1,1,662.0,True
4,4,3,3,0,10,2,3,1,8,2,4,3,6,9,1,1,4,4,2,1,626.1,True
1,1,4,1,2,9,0,1,1,0,0,10,0,6,10,0,2,8,0,6,1,629.0,True
4,4,2,10,10,3,1,5,2,8,1,4,5,6,0,7,2,6,0,4,1,653.3,False
2,3,8,3,5,3,2,0,2,5,1,8,1,7,0,8,1,3,0,10,1,608.4,True
2,4,9,4,0,7,0,0,1,8,1,7,3,5,4,10,2,10,0,7,0,636.7,False
0,4,2,4,7,10,0,2,2,8,3,10,10,4,0,6,2,10,0,7,0,657.5,True
5,5,1,7,7,10,6,2,1,7,8,8,5,7,5,6,2,10,7,5,2,701.9,False
5,5,8,8,10,10,5,2,2,8,6,6,2,7,2,3,1,10,10,5,2,689.6,True
1,4,5,4,4,4,3,3,2,2,3,2,2,8,5,4,1,10,1,4,2,602.3,True
3,1,4,10,5,10,7,4,2,9,1,4,1,7,0,1,2,10,2,7,3,696.0,True
1,2,2,7,0,10,5,1,1,1,3,8,1,6,0,2,2,5,0,4,1,649.0,True
4,2,10,10,4,10,4,5,1,8,8,10,5,7,0,0,2,8,4,10,1,755.0,True
5,1,10,8,10,5,3,5,1,10,4,10,0,8,0,2,2,8,4,10,3,745.0,False
4,4,3,3,3,10,2,1,2,3,2,4,3,6,1,4,1,3,1,2,1,600.6,False
5,0,10,0,10,10,10,5,2,10,3,1,0,7,0,0,2,10,2,10,3,720.9,True
1,0,5,10,10,10,10,5,1,9,6,5,10,5,10,0,2,10,10,5,2,745.1,True
2,0,6,10,10,10,10,5,1,10,7,5,10,5,10,0,2,10,10,5,2,753.6,True
4,3,10,10,10,10,5,5,1,6,2,9,1,8,0,1,1,8,4,10,2,724.4,False
5,5,2,5,4,0,1,2,2,4,2,6,0,6,0,1,2,5,0,10,3,628.2,True
3,1,10,10,10,8,4,3,1,8,2,5,2,8,2,3,2,6,2,10,2,716.8,False
2,2,4,5,1,6,0,0,2,4,1,3,0,8,0,2,2,5,3,2,2,614.4,False
5,5,4,6,2,3,2,5,2,4,2,10,1,6,0,7,1,3,0,7,2,620.5,False
3,1,5,5,3,1,0,3,2,4,2,1,0,8,0,3,2,10,2,7,1,639.5,False
1,2,5,5,4,6,3,1,2,3,7,2,1,5,0,0,2,0,2,8,3,632.3,False
4,3,4,4,10,10,7,5,2,9,9,5,10,8,5,0,2,10,10,10,3,738.9,True
5,3,1,3,3,10,0,1,1,7,3,2,1,6,5,3,2,7,0,4,2,639.3,False
3,0,8,6,10,5,10,4,1,7,2,10,5,10,0,0,2,7,4,10,3,748.8,True
3,0,4,10,10,10,3,5,1,4,3,8,2,7,0,1,2,4,3,10,2,722.3,False
1,1,10,5,4,5,5,2,1,7,4,5,1,6,8,0,2,5,1,6,1,665.4,True
2,2,2,4,4,2,0,4,2,7,1,2,1,5,0,3,2,8,0,8,3,628.9,False
4,1,6,6,10,3,8,5,2,8,2,8,1,7,2,0,2,10,4,10,2,712.1,False
5,2,10,3,1,4,10,2,1,8,1,3,4,8,1,1,2,5,3,7,1,690.9,True
3,5,1,5,8,10,7,4,2,7,7,2,9,6,10,8,2,3,5,0,2,641.0,False
4,3,10,9,5,10,3,3,1,6,1,6,1,7,0,1,2,9,9,10,3,721.9,False
4,1,5,2,2,3,2,2,1,7,1,6,0,8,0,4,2,0,1,2,2,640.5,False
3,4,2,2,1,10,1,2,1,5,3,3,2,8,2,3,2,4,5,3,2,641.6,False
3,3,2,10,5,10,9,4,2,8,3,7,1,6,0,1,1,10,1,7,2,676.0,False
5,2,4,10,10,4,10,5,1,7,4,6,2,8,0,0,1,10,5,6,3,720.4,False
5,4,5,4,2,6,1,1,1,5,1,5,0,6,0,10,1,2,0,10,1,616.1,False
4,2,8,5,4,5,3,3,1,5,6,6,1,5,0,3,2,4,3,6,3,679.0,False
4,2,10,7,7,9,3,3,1,5,2,7,1,7,0,0,2,7,3,10,3,713.6,False
1,0,5,4,1,10,1,3,2,7,3,7,4,7,0,1,1,5,1,5,1,643.9,True
1,1,5,10,2,5,7,2,1,8,2,5,0,7,0,2,2,5,2,8,1,679.2,True
0,3,1,2,9,10,0,0,1,0,3,2,0,9,10,3,2,3,1,1,2,600.8,True
2,2,2,1,0,1,0,0,1,1,0,1,0,9,0,4,1,1,1,10,1,585.3,False
1,3,4,5,7,10,4,4,2,5,7,4,5,5,0,5,2,4,7,7,1,670.1,True
3,2,6,2,7,8,4,3,1,8,10,6,3,8,0,2,2,8,1,4,2,701.7,False
3,5,8,7,10,4,2,1,1,7,1,5,4,8,0,2,2,10,2,2,1,676.0,False
3,2,8,10,10,10,9,5,2,7,6,8,10,8,0,1,2,10,2,5,2,741.2,True
5,0,4,5,2,5,2,5,1,6,5,10,1,7,0,2,2,4,6,10,2,709.1,False
2,3,5,4,10,10,3,5,2,8,3,8,5,8,0,1,1,10,1,5,1,678.3,False
2,3,10,6,10,4,4,3,1,9,3,5,5,6,0,1,2,10,3,10,2,713.0,False
1,2,4,2,3,3,6,1,1,3,6,3,1,6,3,2,2,7,4,5,3,644.6,True
1,5,3,3,2,10,5,1,1,8,1,3,8,6,6,6,1,5,3,4,0,619.1,False
5,5,2,9,10,10,6,5,1,5,1,10,0,6,5,1,2,6,5,10,2,707.2,False
2,3,2,5,5,10,0,2,1,8,0,1,3,8,0,5,2,2,0,1,2,634.4,False
1,2,4,5,10,10,2,3,2,8,1,5,4,8,0,1,2,10,2,5,2,677.7,True
4,5,8,5,4,8,3,5,2,5,3,5,2,8,10,5,2,8,7,7,3,659.0,False
3,3,8,4,10,10,7,2,2,8,3,5,3,8,0,2,2,3,5,10,1,693.0,False
2,3,1,2,2,10,1,2,2,1,1,1,0,7,0,1,1,10,2,7,2,607.0,False
5,2,4,8,4,10,3,5,1,8,4,3,10,7,0,3,2,6,1,6,2,711.1,False
5,4,3,5,4,10,4,3,2,5,5,4,1,8,4,7,2,3,6,5,1,648.6,False
4,4,1,4,2,1,2,3,1,2,0,5,0,7,0,5,2,3,0,5,2,619.7,False
2,4,2,10,6,10,2,0,1,5,3,8,2,8,0,10,1,3,4,6,0,640.9,False
3,1,10,5,2,3,2,1,1,3,0,1,0,8,0,1,2,4,2,5,1,648.0,True
3,4,6,8,3,10,4,2,1,8,9,3,5,8,10,3,1,7,7,10,2,677.3,False
4,2,5,7,10,10,3,1,2,3,1,6,3,8,0,4,2,8,8,7,2,684.7,True
1,3,1,8,4,8,1,1,2,8,1,4,1,7,7,5,2,2,0,7,2,611.0,False
0,3,0,1,1,2,2,1,2,6,0,2,0,8,0,10,2,1,0,8,3,575.1,False
4,2,6,7,6,8,3,5,1,7,3,8,3,7,3,1,2,10,2,7,1,712.1,False
2,5,2,4,10,10,5,2,2,8,2,4,5,7,0,10,1,4,2,7,3,628.0,False
5,4,10,10,10,7,5,5,2,4,3,6,4,7,0,4,2,6,4,8,3,703.2,False
2,3,10,6,3,10,4,2,1,1,0,1,0,7,9,3,2,3,1,3,1,629.1,False
5,4,10,10,10,8,5,5,2,3,3,6,3,7,0,5,2,5,2,10,3,698.1,False
4,1,5,2,7,2,2,5,2,7,4,4,1,7,0,1,1,8,6,7,3,660.3,False
1,3,0,4,1,4,4,1,2,3,5,1,4,8,10,1,1,7,4,4,2,590.2,False
2,2,10,1,2,1,10,1,1,4,1,1,2,9,0,10,2,10,4,10,1,660.1,False
2,1,1,6,2,10,2,2,2,7,2,8,10,6,1,1,2,3,2,5,2,662.6,False
1,0,3,4,4,10,2,5,2,5,1,1,1,4,3,5,2,6,0,10,3,638.7,False
1,1,2,9,6,9,4,0,1,8,4,5,10,6,10,2,2,5,1,3,1,665.4,False
2,1,10,10,5,5,4,5,1,7,1,7,7,8,10,0,2,10,5,10,1,718.9,False
1,3,6,6,8,2,4,3,2,8,6,4,0,5,0,1,2,4,10,6,3,665.0,False
5,4,10,6,5,3,5,5,2,4,2,5,0,7,10,7,2,10,5,10,3,660.5,True
5,3,10,10,10,10,7,5,1,6,3,8,5,8,0,1,2,10,9,10,2,766.7,True
3,1,5,9,7,10,4,5,1,7,3,7,1,6,3,1,2,8,3,10,3,716.8,True
2,4,1,5,7,2,1,5,1,8,0,1,1,7,0,10,2,10,0,4,2,635.9,False
1,3,4,6,4,1,3,0,1,4,2,6,0,6,7,2,2,2,0,5,1,614.6,True
5,3,4,10,5,10,1,4,2,0,2,3,2,4,0,0,2,7,2,10,1,668.0,True
5,5,3,3,4,10,3,3,1,5,1,4,0,6,0,0,2,5,1,7,2,661.8,False
1,1,1,4,1,6,5,1,2,6,3,2,5,7,1,1,2,4,7,10,1,649.7,True
1,2,3,3,2,2,3,1,1,7,2,7,2,6,1,2,2,5,5,3,1,643.7,False
2,4,6,4,2,4,6,0,2,8,5,4,2,6,0,2,2,8,8,7,1,655.0,False
1,1,2,10,2,9,8,1,2,10,7,3,2,7,0,1,2,4,6,7,1,678.8,True
2,5,2,10,10,10,1,5,2,2,0,1,5,6,2,10,2,5,0,2,1,623.8,False
3,0,2,5,0,6,1,0,2,1,0,5,0,10,10,0,1,1,0,1,0,577.8,False
2,2,1,8,8,2,2,5,2,6,1,3,3,7,0,1,2,6,0,10,3,658.4,False
4,2,4,10,10,10,8,5,1,9,2,9,5,8,0,0,1,10,5,10,0,741.4,False
2,4,5,5,7,3,3,2,1,9,1,3,0,8,5,1,2,2,0,10,1,648.4,False
2,3,6,5,3,10,4,1,2,8,8,9,3,8,3,1,1,4,2,2,1,646.2,False
3,3,8,5,3,5,3,2,1,7,1,5,4,8,0,5,2,4,3,10,2,674.3,False
3,3,7,5,3,5,3,2,1,7,1,5,4,8,0,5,2,4,3,10,2,672.6,False
4,4,1,5,0,10,2,1,1,2,0,6,0,10,3,4,2,1,1,1,1,622.2,True
4,3,6,10,3,6,4,3,2,5,1,4,4,9,0,8,1,10,2,10,2,655.6,False
2,0,6,5,8,8,4,5,1,8,3,10,2,9,0,1,2,7,2,5,2,718.0,True
2,3,5,5,5,10,4,5,2,8,1,10,2,8,0,1,1,5,1,4,1,658.3,False
2,3,1,6,0,2,1,1,1,6,0,7,6,7,2,3,1,2,1,9,1,620.1,True
3,5,2,4,8,10,2,3,1,3,1,2,0,6,10,3,2,5,1,1,2,620.6,False
4,4,8,0,4,6,4,2,1,7,1,6,3,7,3,4,2,4,0,10,0,660.7,True
4,2,8,8,7,3,2,2,2,2,2,4,2,8,2,7,2,2,2,8,3,643.5,False
1,1,3,5,4,5,6,4,2,7,2,6,3,7,1,2,2,7,2,2,2,655.6,True
2,5,3,3,10,10,1,1,2,7,1,6,5,6,10,4,1,5,0,2,2,599.3,False
3,4,4,7,5,10,3,1,1,5,1,3,5,9,10,8,1,3,2,10,0,629.9,False
3,4,10,6,5,3,3,2,1,6,3,6,5,7,0,3,2,5,1,3,2,669.2,False
3,4,1,3,3,10,6,4,1,1,2,7,1,7,0,5,2,6,2,5,0,657.5,False
3,2,3,8,5,10,5,3,2,7,6,2,2,7,0,0,2,3,2,5,3,670.1,False
3,2,2,1,2,3,3,2,1,3,1,1,2,7,1,0,2,2,4,0,0,624.0,True
5,1,5,6,6,3,5,4,1,4,10,4,10,8,0,1,1,10,10,10,1,726.8,True
1,4,3,3,5,10,5,5,1,9,2,7,10,7,0,1,2,8,0,10,2,703.4,True
2,3,1,1,1,4,2,0,2,4,0,2,0,6,3,2,1,0,1,5,2,562.8,True
5,1,6,6,10,6,2,5,1,8,5,7,5,9,0,3,2,4,7,7,3,729.3,False
1,2,2,5,3,5,3,0,1,8,2,5,5,10,3,4,1,5,4,5,1,637.3,True
1,2,1,4,0,2,1,1,1,1,0,1,1,5,3,10,1,0,0,0,1,550.5,True
1,4,4,4,8,6,6,3,1,4,3,5,5,7,5,4,1,5,4,5,1,643.5,False
2,1,5,8,1,5,1,1,1,4,2,2,2,6,10,0,2,2,2,6,1,630.8,True
4,5,8,10,10,9,4,5,1,6,3,10,3,10,0,9,2,4,4,5,2,709.7,False
4,3,3,2,5,4,2,0,2,3,2,4,2,7,0,2,2,4,4,5,1,626.3,True
5,2,5,2,3,5,2,5,1,7,2,5,2,7,0,1,2,5,0,10,0,682.6,False
5,3,5,6,10,10,7,2,2,6,2,10,10,7,2,10,1,3,3,5,2,666.6,False
5,5,10,10,4,2,2,0,1,10,3,5,2,8,0,1,1,4,0,1,1,648.8,False
3,3,10,10,10,7,8,5,2,6,2,4,5,9,0,2,1,10,1,7,2,694.7,False
1,2,10,1,2,6,4,0,1,5,5,3,0,7,0,1,2,3,3,6,1,651.6,True
0,5,0,0,0,10,0,1,2,8,10,2,0,5,10,4,1,5,1,10,2,577.9,True
4,3,10,5,4,3,3,4,1,7,2,5,2,6,0,2,1,1,1,0,1,643.3,True
2,3,5,3,3,4,3,5,1,7,2,8,0,8,0,2,2,4,1,10,1,673.2,False
1,3,1,1,10,10,1,0,2,3,0,2,10,6,0,10,2,1,0,0,2,598.5,False
5,4,7,10,10,5,2,5,1,4,1,1,0,9,0,3,2,3,1,1,1,670.3,False
2,4,3,4,10,10,6,3,2,7,2,9,3,7,0,2,2,10,3,8,3,686.8,True
1,4,1,4,3,5,0,0,1,6,0,5,0,7,0,3,2,1,0,10,0,619.7,True
4,3,9,10,6,10,9,2,1,5,5,4,0,6,7,7,1,10,5,4,2,673.7,False
2,1,2,4,2,5,2,5,2,7,2,6,10,6,0,1,1,5,2,4,2,645.2,True
1,4,5,5,10,3,4,3,2,4,2,6,3,7,0,2,2,6,1,3,1,643.7,False
3,4,10,7,8,8,10,5,2,7,1,3,3,6,0,1,2,10,1,5,3,692.2,False
2,2,5,1,2,10,2,5,2,10,0,5,5,6,0,1,2,2,0,7,2,655.2,False
1,3,1,2,1,10,2,0,1,5,2,3,2,5,0,4,1,3,3,5,1,607.0,False
3,2,8,5,5,6,2,5,1,7,3,9,5,6,8,2,2,10,8,6,3,703.6,True
5,3,6,6,4,8,1,5,2,8,1,10,3,7,5,2,2,5,0,9,2,675.1,False
2,1,5,6,4,10,1,1,1,0,2,7,0,8,0,5,2,2,3,0,0,644.1,True
4,3,10,4,10,10,3,5,1,4,1,10,4,10,10,5,1,10,4,10,0,696.1,False
1,3,3,2,2,1,2,1,2,0,2,10,2,10,0,6,1,6,0,6,1,595.8,False
3,1,10,10,10,8,6,5,1,7,2,8,3,8,0,5,2,10,0,10,2,736.1,False
0,3,2,4,1,7,1,2,2,7,4,4,0,6,5,1,1,1,5,2,1,590.4,True
5,4,10,5,10,10,2,5,2,8,4,7,3,8,5,5,2,4,10,2,1,691.7,False
5,4,1,5,5,2,2,1,1,9,2,8,1,8,10,2,2,8,2,9,3,656.2,False
1,4,2,5,10,10,3,2,1,5,1,7,0,7,3,5,2,4,1,5,1,649.0,False
1,3,5,8,4,10,2,0,2,8,2,4,4,8,0,1,2,10,3,7,1,665.6,True
5,3,10,4,5,7,2,5,1,8,6,10,7,8,0,3,1,10,4,10,3,721.2,False
0,3,2,2,1,5,0,2,1,7,3,7,1,7,0,0,1,3,1,1,1,611.6,True
3,2,7,8,4,4,2,5,2,2,5,4,3,6,0,1,2,3,0,7,3,658.4,False
3,4,2,2,0,4,3,1,1,5,2,10,1,7,0,10,2,3,2,10,0,634.3,False
3,4,2,1,0,2,0,0,1,4,1,10,0,7,5,7,2,3,2,10,0,612.2,False
3,2,4,8,6,6,6,5,2,2,5,4,0,7,0,2,2,3,3,5,3,663.7,False
4,4,8,3,4,3,4,4,1,5,2,3,5,5,3,2,1,3,4,2,0,637.6,False
4,2,6,10,8,10,1,2,2,9,10,5,5,8,2,1,2,10,7,3,1,711.7,False
2,4,0,0,0,5,0,0,1,0,0,5,0,8,0,3,2,2,3,4,3,597.8,True
2,3,2,5,0,3,0,0,1,3,1,1,1,7,2,1,1,3,1,2,0,586.6,True
3,3,6,3,4,4,3,1,1,5,2,8,3,8,0,1,2,2,4,10,1,671.5,True
3,2,8,10,10,10,6,2,1,6,4,8,1,7,0,2,2,4,4,2,2,707.0,False
2,3,2,2,10,4,4,5,1,2,1,3,0,8,0,2,2,10,1,1,2,655.2,True
4,5,3,8,10,6,6,5,1,6,4,8,1,6,0,1,2,10,4,2,1,701.7,False
4,0,3,4,4,5,2,4,1,9,1,5,1,8,0,4,2,3,3,10,1,682.8,True
1,3,2,0,0,4,1,0,2,4,1,1,0,10,0,5,1,2,0,10,1,573.6,True
2,3,2,2,0,4,2,0,1,5,0,1,5,7,7,8,1,1,5,1,1,576.4,False
2,5,0,3,10,3,3,5,1,3,6,2,10,8,8,2,2,4,5,3,3,655.0,False
1,3,3,2,3,10,3,0,2,3,3,3,3,6,0,5,1,4,1,5,2,597.0,False
3,4,7,4,3,8,1,2,2,7,4,3,1,7,5,4,2,10,1,3,2,634.6,True
5,3,8,5,3,5,3,5,2,8,2,7,2,7,2,0,2,3,2,5,3,669.4,False
3,1,5,10,8,10,0,5,2,7,8,5,2,8,0,1,2,5,6,6,3,704.9,False
2,0,5,4,0,0,4,0,1,5,8,9,0,5,10,0,2,10,2,5,2,650.7,False
4,2,6,9,5,7,1,1,1,8,0,4,1,8,0,8,2,10,1,3,2,667.3,False
3,4,8,5,3,10,0,3,1,8,1,6,5,6,10,3,2,3,6,2,1,655.4,False
3,4,6,5,7,5,5,1,1,7,5,7,5,7,0,2,1,6,2,5,1,666.0,False
4,4,5,9,6,5,5,2,1,8,2,9,2,7,2,1,1,5,2,6,1,669.8,True
2,3,5,5,1,2,2,1,1,8,1,10,5,8,0,2,2,10,2,10,1,678.7,False
2,3,2,8,6,10,1,1,2,5,2,7,1,7,5,7,2,3,2,10,2,635.4,False
4,1,5,5,4,4,4,3,1,6,4,10,10,8,0,0,2,3,3,7,1,709.3,False
5,5,10,10,8,4,5,5,2,6,4,4,3,6,0,7,2,8,4,6,3,683.9,False
4,3,3,7,1,3,3,2,1,7,2,3,5,7,9,1,2,10,0,3,1,648.2,True
4,1,6,6,3,8,1,0,1,7,2,10,2,6,0,1,2,3,2,10,2,685.1,True
3,3,10,10,9,7,3,2,1,4,4,5,10,7,0,4,1,7,3,10,1,697.9,False
3,3,10,2,0,3,3,1,1,7,7,7,1,8,0,5,2,10,7,10,1,686.6,True
2,2,3,4,6,10,6,3,2,8,6,2,2,8,10,5,2,7,6,3,2,651.6,False
2,2,2,7,3,8,3,2,2,3,4,5,5,6,10,1,2,8,2,6,2,639.9,True
3,1,10,10,10,8,4,2,2,8,3,5,1,7,0,0,2,5,5,10,1,706.4,True
2,3,0,6,1,10,5,0,1,4,2,10,10,5,0,4,2,0,1,2,0,649.2,True
5,4,10,10,10,10,10,5,1,10,6,7,3,6,0,6,2,10,2,7,1,745.7,False
4,4,3,7,1,5,1,1,1,5,2,8,3,6,10,4,1,3,6,3,1,616.7,False
3,2,5,8,7,5,7,0,1,7,2,7,2,6,0,1,2,5,2,4,2,679.4,True
5,2,10,4,10,6,10,5,1,7,4,7,6,8,0,1,2,10,6,10,3,756.3,False
3,3,10,10,10,10,7,2,1,10,8,10,5,8,0,1,2,5,8,10,0,758.6,False
5,3,10,4,7,7,5,5,1,7,4,6,5,8,0,1,1,10,6,10,3,720.4,False
4,3,10,7,10,10,4,5,2,7,3,6,5,7,0,7,2,10,4,7,1,708.3,False
5,3,4,8,6,10,2,5,2,5,1,2,0,7,5,2,1,5,4,10,3,649.7,True
3,3,5,6,2,10,5,2,1,4,2,4,2,7,4,2,1,6,2,5,1,645.0,False
2,1,4,3,2,1,4,1,1,6,0,8,2,7,4,2,1,2,2,8,1,627.1,True
5,1,10,4,1,2,3,2,1,7,1,8,1,9,0,1,2,3,2,10,1,687.0,False
1,1,5,6,5,5,4,5,1,6,2,1,10,7,2,6,2,0,8,10,1,683.5,True
1,5,10,3,2,8,2,0,2,7,2,2,1,9,10,3,1,3,0,3,0,582.1,False
3,4,0,6,7,10,5,5,1,8,2,10,1,5,0,4,2,5,0,3,2,676.4,False
5,4,8,3,5,5,8,2,1,8,2,10,10,6,10,7,2,8,10,6,1,697.0,False
2,1,0,10,4,8,3,2,1,4,7,2,5,7,0,2,2,5,0,10,0,680.3,True
2,3,4,3,4,6,6,1,1,4,3,8,3,7,10,2,2,3,2,7,1,645.8,False
3,3,4,10,4,7,8,3,1,6,4,10,5,6,10,5,1,6,5,6,2,669.8,True
3,3,4,10,8,7,10,3,1,6,8,10,6,6,10,5,1,9,4,6,2,691.9,True
1,4,4,10,3,4,2,1,2,4,3,3,1,7,1,9,1,6,2,4,1,595.5,False
4,4,3,5,8,10,3,4,1,8,4,5,3,6,3,6,1,4,3,5,1,658.6,True
1,4,2,6,1,6,1,3,1,6,1,6,0,7,5,3,1,2,1,6,1,609.7,True
3,5,4,2,2,5,3,1,2,9,1,4,0,7,0,3,2,10,3,10,1,639.9,False
1,5,1,3,10,10,1,2,2,5,1,1,3,8,1,1,2,4,4,1,2,624.2,True
2,1,10,6,5,6,7,1,1,9,1,7,5,8,0,0,2,6,1,10,1,708.7,True
2,4,10,5,4,6,2,0,1,1,0,3,0,6,0,10,1,2,0,4,2,595.3,False
5,3,10,8,10,6,7,5,2,2,0,2,5,8,0,5,2,7,1,10,3,690.7,False
0,4,0,6,2,1,3,4,2,6,3,1,10,8,3,7,1,6,3,9,1,610.6,True
5,4,3,5,5,4,4,5,1,4,1,3,4,7,6,7,2,4,2,3,2,644.8,False
5,2,10,6,6,4,6,2,1,9,2,6,1,7,0,1,2,4,1,8,2,698.1,False
2,2,1,4,1,7,0,0,2,4,2,6,5,6,0,4,2,7,3,6,1,628.2,True
4,4,7,8,6,10,5,5,1,5,3,10,1,7,0,7,2,10,3,1,0,698.9,False
5,4,10,6,10,10,3,5,1,4,2,4,4,7,10,3,2,4,6,10,3,697.7,False
5,4,5,8,1,6,1,1,1,5,2,10,2,8,3,1,2,3,1,8,2,666.8,False
5,3,6,5,6,3,0,5,1,7,2,2,1,7,5,0,2,2,5,7,1,668.4,True
5,5,0,2,3,2,3,5,2,7,0,10,3,7,0,4,2,4,0,10,1,644.5,False
3,3,9,10,10,8,5,0,1,6,5,10,6,8,0,3,1,5,0,5,1,690.6,False
2,5,5,5,10,10,4,5,1,1,3,10,0,4,7,2,2,10,2,2,1,667.7,False
3,3,5,10,2,10,6,0,2,7,5,7,10,7,0,1,1,1,7,10,2,676.2,False
5,1,6,10,10,7,7,5,1,7,2,5,4,7,0,0,2,9,4,10,3,743.8,True
0,4,3,2,6,10,3,2,2,5,4,9,2,6,3,3,2,10,6,4,1,649.2,True
5,1,1,5,10,10,0,5,1,8,1,4,0,7,2,0,2,5,4,4,3,690.9,False
2,5,10,5,10,8,1,5,1,9,6,3,10,9,10,1,1,10,0,10,1,689.4,False
1,1,10,4,10,5,5,5,1,7,2,1,10,8,0,1,2,10,5,10,1,726.2,True
1,2,2,10,3,10,1,1,1,4,1,10,0,7,0,1,2,2,1,10,0,666.6,True
5,2,10,5,8,9,6,3,1,5,7,10,10,6,10,1,1,7,5,10,0,715.7,False
1,3,2,3,4,6,5,2,1,5,0,6,2,7,0,5,2,2,0,10,0,643.7,False
5,2,6,4,10,7,10,5,1,7,3,4,3,8,0,2,1,10,7,10,3,721.7,False
5,3,10,3,10,6,10,5,1,7,2,3,2,8,0,3,1,10,5,10,3,711.3,False
0,5,3,4,3,2,0,0,1,0,4,5,0,8,0,7,1,10,0,0,0,584.2,False
2,4,4,5,8,6,3,5,2,4,8,5,2,5,0,6,1,5,0,1,2,624.4,False
1,5,3,3,0,3,6,1,2,3,5,7,3,10,10,1,1,9,0,3,1,595.2,False
1,3,1,1,4,4,3,2,1,1,2,2,3,9,3,8,1,3,1,4,2,592.3,False
4,3,4,3,3,5,1,5,1,3,2,4,9,6,1,0,2,3,2,4,3,665.2,False
3,1,8,3,5,4,3,3,1,3,5,6,6,7,0,2,2,6,5,7,1,693.0,False
2,2,10,10,7,4,5,4,2,8,7,2,2,7,0,3,2,5,10,10,1,702.4,False
4,3,4,3,5,2,3,0,1,3,3,5,2,8,4,0,1,5,6,6,1,636.9,True
1,5,3,3,4,4,8,5,1,1,2,8,2,10,3,9,2,5,5,5,0,649.8,False
1,5,0,5,5,8,2,0,1,7,2,3,2,7,0,3,1,6,3,4,0,619.3,False
2,2,5,5,8,4,10,5,2,9,8,4,6,8,0,0,2,10,5,7,1,714.9,False
1,2,3,5,6,10,6,5,1,3,3,3,2,9,2,0,2,4,1,4,0,674.1,True
2,3,2,3,3,10,0,1,1,8,1,10,5,9,0,1,2,1,2,10,3,672.1,False
1,2,4,5,6,10,4,2,1,2,0,10,3,6,10,1,2,4,1,5,3,651.1,False
2,4,1,2,2,2,2,0,2,8,8,2,1,9,0,1,1,0,0,5,2,592.3,False
4,3,1,2,10,10,1,1,2,4,1,10,5,5,0,1,1,2,6,5,1,640.7,True
5,5,10,10,10,10,4,2,2,6,4,6,10,8,10,4,1,10,4,7,2,681.3,False
5,5,10,4,0,8,7,1,1,9,2,5,10,8,4,7,2,5,3,10,0,686.2,False
4,1,4,3,7,5,10,5,1,9,3,5,4,5,0,1,2,10,3,5,2,712.8,False
4,3,10,4,10,2,7,4,1,8,8,7,2,9,6,2,2,10,5,10,3,724.2,False
1,5,0,6,2,10,5,5,2,2,2,1,0,3,10,6,1,3,0,10,1,579.0,True
2,3,10,10,10,10,8,5,1,8,10,5,10,8,0,1,2,10,5,5,2,761.0,True
3,2,6,4,4,4,7,2,1,6,3,10,5,6,10,4,2,6,2,2,3,661.3,False
1,1,6,6,10,6,3,5,1,10,2,9,3,9,0,1,1,10,4,10,0,712.7,False
1,3,2,3,2,5,3,1,1,2,2,2,0,7,10,2,2,2,1,7,1,603.8,True
3,4,0,4,10,5,0,0,2,7,2,10,4,7,0,10,2,3,1,3,1,622.4,False
3,3,5,5,5,10,1,5,2,7,5,3,10,7,10,1,2,10,1,2,2,665.2,True
1,1,10,5,4,2,3,0,1,7,2,10,0,8,0,2,1,5,3,10,2,661.7,True
3,4,0,0,2,1,2,3,1,0,4,1,10,5,0,1,1,0,4,3,1,604.9,True
2,2,7,3,4,5,8,5,1,8,3,10,2,6,6,1,2,5,6,10,1,700.4,True
5,4,2,10,10,10,4,5,1,8,6,10,0,7,0,0,2,10,10,10,2,749.9,True
1,2,4,5,5,7,4,1,1,5,1,3,5,7,2,5,2,2,4,7,1,651.6,True
2,3,10,7,10,10,5,3,1,8,2,4,7,8,0,2,2,6,7,7,3,721.7,False
1,0,10,7,10,2,5,5,2,8,8,8,1,8,0,3,2,10,4,10,3,717.4,False
5,2,10,5,6,5,6,5,2,6,1,8,2,6,0,0,1,7,4,3,3,674.5,False
1,3,10,1,1,3,3,3,1,7,1,2,0,7,0,4,1,4,2,10,1,629.3,True
4,2,1,3,1,2,1,1,2,1,5,1,2,9,0,3,2,3,6,7,3,622.7,False
3,4,10,6,4,3,8,0,1,9,2,5,2,7,0,4,2,1,2,10,1,670.7,False
3,1,5,6,6,6,8,0,1,8,4,6,9,8,1,1,2,8,5,7,2,713.6,False
4,3,5,4,10,8,2,5,2,8,4,3,5,8,0,7,2,4,4,5,0,673.9,False
4,2,4,10,10,10,7,1,1,10,5,8,10,7,0,3,2,7,6,8,0,742.7,False
3,2,7,6,10,10,9,5,2,7,10,8,10,6,1,2,1,4,10,7,2,722.1,False
0,1,3,1,5,3,7,0,1,8,5,3,5,8,4,3,1,7,8,10,1,655.2,True
5,3,10,4,2,10,10,5,2,10,5,10,10,6,0,6,2,10,3,10,3,731.0,False
2,3,5,6,6,3,4,5,2,7,5,3,0,7,0,3,1,5,5,6,1,643.1,True
4,1,4,7,10,7,9,1,1,6,6,3,5,6,4,1,1,6,8,10,2,699.0,False
1,2,10,3,1,2,0,4,1,5,2,6,1,8,4,2,2,4,1,5,1,645.6,False
1,4,3,3,5,8,3,1,2,4,2,2,5,7,7,3,1,2,4,5,1,595.3,False
2,2,10,9,10,3,7,3,1,5,5,9,10,7,0,3,1,7,3,8,1,710.6,False
1,2,2,2,1,4,1,2,1,6,1,8,1,7,0,0,2,0,1,5,2,633.9,False
5,1,8,3,3,10,0,0,1,5,0,3,10,6,10,0,2,2,1,2,1,649.7,False
4,0,10,10,10,5,3,5,2,5,1,10,10,6,0,3,2,5,1,1,3,703.8,True
3,4,6,9,5,4,3,2,1,4,2,4,2,7,7,1,2,4,1,9,1,655.2,False
2,2,3,4,6,5,4,5,2,7,6,9,3,6,0,2,2,8,1,3,2,671.3,False
1,1,4,2,7,5,10,1,1,7,1,8,1,4,3,3,2,5,5,8,1,670.7,True
3,2,4,4,6,5,6,5,1,8,8,10,5,9,0,7,2,5,8,7,2,718.0,False
3,2,10,4,10,3,5,0,1,2,0,10,1,8,0,1,2,8,8,10,1,700.8,True
3,4,6,3,3,4,2,2,1,4,3,5,1,7,4,7,1,6,2,2,2,612.9,False
1,0,4,2,0,6,4,0,1,7,4,3,1,8,0,0,2,5,4,10,1,665.4,True
5,2,2,3,6,2,3,1,1,5,2,2,8,10,1,2,1,1,2,7,2,645.2,True
1,5,0,8,4,4,1,5,2,5,2,10,0,6,10,4,1,10,5,10,2,620.5,False
5,3,0,0,10,0,0,5,1,0,0,1,0,8,10,7,1,0,0,10,1,590.2,True
3,2,10,5,10,6,10,5,2,8,10,1,10,4,0,2,1,10,9,6,3,713.5,False
0,4,10,5,10,10,9,0,2,9,1,5,1,6,10,4,1,10,1,4,2,629.7,True
3,2,4,0,5,3,6,3,2,5,3,5,0,6,0,0,2,3,3,5,3,641.6,False
5,2,10,10,5,3,5,5,2,9,4,5,5,8,0,1,2,7,3,10,3,715.1,False
1,3,5,3,10,10,10,5,1,7,5,10,10,6,0,2,2,10,5,10,1,742.9,True
2,5,4,10,10,10,10,5,1,7,7,8,10,7,10,8,2,10,7,8,2,724.0,False
4,2,5,8,10,10,1,5,1,3,3,10,5,7,0,5,2,5,4,3,2,705.7,False
3,2,1,3,4,2,4,2,1,7,2,3,3,6,0,1,2,10,1,5,1,658.2,True
1,3,0,6,0,3,0,0,2,1,1,2,0,7,3,0,2,0,0,8,1,581.7,True
4,0,10,5,4,10,0,4,1,9,0,8,1,8,5,0,1,3,4,10,0,688.5,True
1,4,0,3,2,3,2,1,2,3,4,5,1,8,10,0,1,3,3,10,3,585.9,True
2,2,4,3,2,3,4,5,1,5,1,1,1,9,0,0,2,9,2,2,0,658.4,False
3,1,7,1,1,7,8,5,1,7,1,10,3,7,0,0,2,4,2,10,1,704.0,True
5,4,4,2,0,3,1,5,1,8,0,5,0,6,10,2,2,4,3,10,2,641.6,False
4,4,4,4,8,10,2,2,1,4,5,6,3,9,0,3,2,2,5,4,1,678.1,False
4,0,5,4,4,3,4,5,1,8,2,8,5,10,0,1,2,6,2,10,3,714.4,True
3,4,5,7,3,2,1,0,2,1,1,2,1,6,5,3,1,4,2,7,1,583.2,False
5,1,10,10,6,2,5,2,1,8,3,10,1,9,0,1,1,7,4,10,2,711.2,False
2,3,2,7,4,10,2,2,1,2,2,3,3,6,5,1,2,3,1,4,3,639.5,False
2,2,10,7,10,6,10,2,2,10,8,6,10,9,0,2,2,7,8,8,3,735.9,False
1,2,2,3,3,7,2,4,1,1,1,1,1,7,1,4,2,10,0,3,2,634.2,True
3,5,1,3,10,10,3,3,1,3,2,8,1,5,0,5,1,2,3,5,2,636.9,False
3,4,10,2,4,10,1,5,1,3,3,6,1,6,0,2,2,3,0,3,1,662.2,False
5,1,1,1,1,1,2,1,1,7,2,2,10,8,2,3,2,2,3,2,1,643.1,False
1,2,4,6,2,6,3,1,2,7,3,5,1,7,10,2,2,6,2,7,1,626.5,True
2,3,4,2,1,4,1,0,1,2,3,4,1,9,6,1,1,2,2,10,1,608.0,True
5,2,3,7,7,10,10,3,1,4,1,6,10,7,0,5,2,10,2,10,2,723.6,True
2,5,0,2,2,4,0,0,1,3,0,5,1,10,10,10,1,2,2,8,1,569.3,True
4,4,7,8,7,7,6,4,1,6,8,5,3,6,7,7,2,7,7,6,1,694.3,True
5,3,3,5,5,10,3,5,1,3,1,10,3,7,0,6,2,7,1,7,2,688.7,False
5,4,10,3,4,5,7,2,2,7,3,5,5,9,6,3,2,7,4,5,2,667.7,False
5,4,10,4,4,4,7,2,2,7,3,5,2,10,6,3,2,7,4,6,2,666.2,False
2,5,2,1,2,0,1,5,1,3,1,5,2,7,9,1,1,0,1,1,1,580.6,True
1,2,10,6,6,6,6,0,1,2,2,3,3,7,2,2,2,9,3,10,1,677.1,True
3,1,10,5,10,8,5,5,1,7,7,5,5,7,0,1,2,9,3,10,3,740.4,False
2,4,8,10,10,4,10,2,2,4,4,4,3,5,4,8,2,10,2,6,3,661.6,True
5,2,10,4,2,10,3,5,1,8,4,2,10,8,0,2,2,6,1,7,1,714.5,True
2,4,3,1,0,8,2,3,1,10,3,6,0,8,2,6,2,4,0,1,1,632.0,False
2,2,5,9,2,10,3,1,1,7,2,2,5,8,10,1,2,3,1,3,3,649.9,False
4,3,4,6,4,10,3,5,2,6,5,5,1,6,4,3,2,3,2,5,3,656.9,False
1,5,5,1,5,4,1,3,1,1,3,4,2,9,5,7,1,2,1,5,1,596.1,False
5,2,8,4,9,10,9,4,1,8,8,4,5,7,1,2,2,10,8,10,3,752.1,False
1,5,10,1,10,2,1,5,2,4,2,1,5,6,8,6,2,1,6,4,3,615.3,False
5,4,10,5,7,10,7,5,1,8,4,7,2,6,10,1,2,10,2,7,2,710.0,False
1,1,3,3,10,5,4,5,2,7,4,7,1,6,0,4,2,10,5,7,3,679.4,True
5,1,2,3,4,4,1,0,1,5,2,7,3,6,5,5,2,10,1,10,3,659.0,True
5,3,8,10,10,10,4,5,1,5,2,8,10,8,0,2,2,4,8,10,3,749.7,False
2,2,4,7,7,4,3,3,1,9,3,7,3,8,0,3,2,4,2,10,2,690.0,False
3,4,6,2,3,3,3,3,1,5,2,1,0,5,7,5,2,4,2,10,1,627.0,False
5,2,7,8,8,3,2,1,1,9,2,2,0,8,0,5,2,5,1,3,3,666.9,False
1,0,10,5,1,5,6,1,2,9,2,10,2,6,0,0,2,5,10,10,1,691.9,True
5,2,8,6,5,5,8,1,1,9,7,10,1,8,0,0,2,7,7,9,2,731.4,True
5,5,4,4,3,1,1,2,1,3,3,10,1,6,0,2,2,10,6,10,3,673.2,False
0,5,1,3,10,10,10,0,1,9,5,10,5,6,0,1,2,1,0,10,3,681.7,False
5,3,2,10,6,10,8,5,1,2,5,10,0,7,4,4,2,6,3,4,0,698.9,False
1,1,3,4,1,10,10,5,2,9,9,10,2,5,0,8,2,4,2,10,1,684.9,False
2,3,5,3,0,5,10,0,1,5,5,5,6,6,10,5,2,10,0,5,1,645.0,False
4,4,9,9,7,8,10,5,1,8,2,5,5,5,0,1,1,4,10,7,0,712.8,True
3,2,2,3,2,3,0,0,1,7,2,9,2,8,5,8,2,2,0,7,1,625.8,True
3,3,8,9,4,4,4,2,1,5,2,5,5,7,4,4,2,8,3,6,1,675.8,True
3,1,5,10,10,8,1,5,2,2,2,2,2,8,0,0,2,10,3,7,3,689.0,False
0,3,1,4,3,6,3,3,1,7,5,6,10,7,0,1,1,6,2,1,1,648.8,True
0,3,1,4,5,3,4,3,1,5,5,8,10,7,1,1,1,4,0,7,1,650.9,True
2,4,1,1,0,1,1,3,2,5,0,1,0,6,10,0,1,3,0,2,2,550.7,False
5,1,3,4,0,3,3,1,1,6,2,10,0,7,0,0,2,2,1,10,3,668.3,False
3,3,10,3,7,10,4,0,2,10,5,9,3,6,0,4,2,6,8,10,1,695.1,True
2,4,3,3,2,6,5,5,1,9,3,6,5,9,2,2,1,4,5,7,1,664.5,True
1,5,0,0,1,1,0,4,1,0,4,10,2,9,0,1,1,10,10,10,0,643.2,False
2,1,10,6,3,2,3,1,2,5,4,5,1,6,5,1,2,10,5,5,3,653.5,True
5,2,5,10,10,10,6,5,2,5,6,4,8,6,3,3,2,7,10,10,2,728.1,False
3,4,3,0,1,4,2,3,1,2,0,6,0,9,0,1,2,2,0,10,1,635.6,True
5,2,10,7,10,10,5,5,2,10,2,10,9,5,0,2,2,10,1,10,3,739.3,False
3,3,4,5,10,10,3,5,2,3,2,3,3,6,5,1,2,5,6,5,1,663.3,False
1,4,8,7,8,7,9,4,1,6,2,5,7,6,3,2,2,8,2,4,0,692.6,True
3,3,5,4,4,5,2,1,1,7,1,9,0,8,0,3,1,4,2,5,1,641.1,False
1,5,1,2,5,1,2,0,1,1,2,5,0,6,7,10,1,7,5,1,1,568.5,True
2,0,3,5,3,7,2,2,2,5,2,7,10,8,0,0,2,6,4,3,2,671.3,True
1,3,10,5,6,9,4,2,1,5,1,2,4,5,0,0,1,2,3,5,1,649.3,False
4,2,4,6,7,6,4,4,2,7,7,2,4,8,4,5,2,5,4,5,2,668.6,False
1,5,2,3,7,3,2,2,1,1,2,8,1,7,0,6,1,1,1,10,0,611.8,False
3,5,3,0,0,3,2,0,1,4,3,5,2,10,0,10,1,3,0,10,0,599.9,False
3,4,3,1,5,5,0,1,1,0,0,8,0,7,5,0,1,3,0,2,2,596.5,True
1,4,4,5,3,2,5,5,1,8,5,3,2,9,0,0,2,4,7,10,1,684.3,True
4,2,6,4,10,3,0,5,1,7,0,8,0,7,0,0,2,3,0,5,3,678.1,False
1,3,6,6,3,5,3,2,1,6,2,8,5,7,0,2,2,3,2,8,1,669.6,True
2,3,2,5,4,4,1,1,2,3,1,1,0,7,2,0,1,0,1,10,1,591.7,True
3,2,10,5,5,2,2,3,1,8,2,6,5,8,0,1,2,3,2,4,2,681.3,False
4,4,8,4,5,10,5,3,1,6,4,7,2,8,2,3,1,5,2,8,1,674.7,False
3,2,7,9,5,5,8,1,1,5,5,6,4,6,2,5,1,4,6,5,0,669.0,True
2,1,10,4,4,4,3,5,1,3,2,5,2,8,2,2,1,1,2,7,0,653.9,True
4,3,10,6,10,5,2,5,2,6,5,5,6,9,0,3,2,10,1,10,3,706.8,False
3,3,2,5,5,3,3,0,2,3,3,5,3,7,0,5,1,3,0,10,2,609.5,True
3,0,2,2,3,7,5,3,2,3,2,4,5,6,2,2,1,6,2,6,3,632.9,True
5,4,5,9,10,8,6,2,1,9,2,4,5,7,5,5,1,5,7,5,2,679.0,True
3,4,5,8,9,8,5,2,1,5,3,4,5,7,4,5,1,5,4,4,2,656.9,True
3,3,8,7,6,10,0,2,2,5,0,3,0,8,6,0,2,2,1,1,2,629.7,False
4,2,10,6,8,10,6,4,1,8,5,10,6,7,0,2,2,6,6,8,1,744.8,False
2,2,10,3,3,10,5,5,1,3,2,10,0,8,10,4,1,10,1,5,1,660.0,True
4,3,10,10,5,6,10,5,1,4,2,7,10,6,0,3,1,10,4,10,2,721.9,True
5,3,10,10,10,4,7,5,1,6,1,5,0,5,0,2,2,10,2,7,1,714.5,False
5,5,0,3,10,10,5,3,1,7,6,10,0,7,8,2,2,5,8,3,2,683.6,False
4,5,2,10,2,3,2,1,1,10,2,3,2,8,3,0,1,3,2,1,3,626.3,False
4,4,5,3,0,2,2,4,1,2,1,2,1,8,5,5,1,6,4,7,1,615.9,False
5,2,5,10,10,10,5,5,1,10,2,9,10,7,0,5,2,10,5,10,3,758.2,False
3,1,8,10,3,10,10,5,1,9,9,9,10,6,8,2,2,6,5,10,1,749.5,False
5,2,5,7,5,7,3,5,2,5,4,6,5,7,0,1,2,6,1,10,2,693.0,False
5,4,3,4,4,10,2,3,1,9,3,8,2,8,10,1,2,5,3,10,2,680.0,False
2,3,5,10,10,10,5,5,2,4,3,6,2,6,0,3,2,5,10,10,2,701.3,False
5,1,1,2,2,6,4,2,1,8,2,9,5,7,0,3,2,5,2,10,3,686.8,False
2,3,10,10,0,4,3,1,1,9,5,3,5,9,0,3,1,3,7,7,1,669.0,False
2,1,1,2,4,8,1,5,2,5,8,6,1,7,0,1,2,3,1,1,2,647.1,False
3,2,5,9,3,8,5,3,1,8,2,4,3,9,4,4,2,5,3,4,0,679.4,False
3,2,4,2,6,5,1,3,2,5,3,1,5,8,0,5,1,5,6,5,2,629.3,False
1,4,5,10,7,10,2,5,2,7,2,1,10,8,0,1,2,10,8,10,2,704.1,False
2,2,7,5,10,8,8,5,2,8,6,7,3,7,0,0,2,5,5,7,3,710.2,False
2,2,10,3,3,5,5,0,1,5,2,5,3,8,10,1,2,10,3,10,1,667.5,True
5,5,6,8,6,1,1,5,1,10,1,7,1,8,5,2,2,8,1,2,3,671.3,False
3,1,2,4,3,6,3,5,1,6,5,10,4,7,0,1,2,4,8,8,2,705.7,False
5,2,5,10,2,3,1,5,2,7,5,10,0,7,0,2,2,1,2,10,1,678.5,False
3,0,4,3,10,10,7,1,1,9,3,2,4,8,5,0,2,10,1,10,1,706.0,True
0,5,0,2,0,8,2,5,2,2,1,3,1,5,6,6,2,2,0,10,2,586.6,True
2,1,5,7,8,3,3,5,2,8,3,2,3,7,0,2,2,8,6,7,3,682.0,True
1,2,10,7,10,6,7,4,1,8,1,2,3,8,0,2,2,10,3,4,1,704.3,True
4,2,0,2,1,3,6,0,1,4,1,5,6,8,4,3,2,8,1,7,2,647.1,False
2,4,1,2,1,10,1,1,2,1,0,4,2,4,1,2,2,1,0,1,2,584.9,True
3,2,3,8,4,10,10,5,2,9,8,4,1,6,10,0,1,10,4,10,2,680.5,True
1,4,2,8,4,9,1,3,1,1,1,2,8,4,10,6,1,4,2,10,2,613.4,False
1,5,0,3,10,10,3,4,1,7,0,3,5,6,7,4,1,3,0,3,2,617.4,False
1,1,3,4,0,5,7,1,1,7,3,1,2,8,0,6,2,6,6,10,1,661.6,True
5,3,0,2,10,10,0,0,2,10,2,5,5,7,10,0,2,2,0,8,1,640.1,False
0,5,0,7,8,10,0,5,1,5,1,1,0,4,0,3,1,10,1,7,0,631.9,False
3,4,4,4,7,2,2,2,2,3,3,3,2,7,7,2,2,8,2,3,2,619.3,False
0,3,0,1,0,10,2,5,2,3,1,1,2,6,5,5,1,3,2,0,2,571.1,True
3,1,4,10,8,10,2,5,2,7,1,5,3,8,0,0,2,10,0,4,2,693.0,True
5,0,10,10,10,10,3,5,1,7,5,4,2,7,0,0,2,5,5,10,3,747.0,False
1,1,2,1,0,5,0,0,1,1,0,3,0,8,3,0,2,0,0,6,3,602.5,True
5,4,0,3,3,3,0,5,1,2,0,8,0,7,8,4,2,3,2,6,3,627.1,False
1,1,10,6,10,6,4,5,1,8,5,2,5,5,0,1,1,9,10,10,1,713.9,False
5,5,2,5,3,4,1,1,1,9,0,8,4,5,10,5,2,3,1,4,2,625.0,False
3,4,0,0,0,0,0,0,2,5,0,10,1,5,10,10,2,2,0,10,2,565.9,True
2,2,9,8,10,6,5,5,2,5,4,3,5,8,10,3,2,10,8,10,3,696.0,True
5,4,0,3,3,3,0,5,1,2,0,8,0,7,8,4,2,3,2,6,3,627.1,False
1,1,3,10,10,5,5,3,2,5,6,1,1,10,0,3,2,5,7,10,0,684.1,True
1,3,10,5,8,10,3,5,1,7,2,6,1,6,6,3,2,8,1,4,2,679.2,False
3,5,8,2,5,7,2,5,2,10,6,10,3,7,0,10,1,5,8,10,3,664.9,True
1,1,2,1,4,2,1,1,2,2,1,1,2,6,3,1,2,1,0,2,1,584.7,False
1,4,10,5,2,7,1,1,1,8,4,5,6,9,10,1,1,10,5,10,1,660.9,False
3,4,5,4,2,5,2,0,1,3,0,2,0,6,7,5,2,3,0,3,2,598.5,False
2,5,10,0,2,4,1,2,1,5,2,10,2,7,1,2,2,4,2,5,1,647.9,True
2,4,7,5,5,10,6,3,1,3,4,3,5,6,2,2,1,5,5,7,0,663.3,False
5,2,4,10,10,7,4,5,1,7,2,2,5,7,0,5,2,10,6,10,3,724.5,False
3,5,1,4,10,10,10,5,2,10,1,3,10,10,0,1,2,7,10,4,2,708.3,True
3,1,1,2,2,1,5,1,1,4,3,10,0,10,0,1,1,5,4,10,2,653.6,True
4,3,5,7,7,7,6,4,1,10,7,8,9,9,0,1,2,5,7,7,2,739.7,False
2,3,4,3,10,2,1,3,2,7,3,6,1,7,10,0,2,10,6,7,1,650.5,False
4,5,5,3,5,3,3,2,1,9,2,10,1,6,2,6,2,10,6,10,3,678.3,False
5,2,9,10,10,10,10,1,1,10,4,10,2,8,10,1,2,10,8,10,1,748.4,False
2,4,3,3,5,10,5,2,2,3,4,5,4,5,2,7,2,4,2,2,0,624.4,False
4,3,3,2,3,5,4,3,1,3,2,2,7,6,6,3,2,4,4,7,1,649.5,False
5,3,2,7,4,8,1,1,1,6,8,3,4,7,8,0,2,10,1,7,2,675.4,True
2,4,1,10,6,5,6,2,1,6,2,7,7,7,5,6,2,6,5,3,1,666.0,False
2,2,5,4,10,10,3,5,2,0,5,6,7,7,10,1,2,3,8,4,1,667.5,False
5,1,2,7,5,4,1,1,1,5,4,4,5,5,0,1,2,5,3,7,3,675.2,True
2,4,7,10,3,10,2,2,1,9,1,10,10,8,1,10,2,3,1,5,2,680.4,False
3,5,10,7,4,4,4,5,1,6,4,10,2,6,6,2,2,8,1,10,2,690.2,False
3,5,4,8,9,5,8,2,2,4,2,4,1,6,6,6,2,10,1,4,1,638.0,False
3,4,10,9,5,7,9,4,2,0,1,7,1,7,0,5,2,2,4,3,2,659.2,False
1,3,10,4,2,2,0,5,1,4,5,2,0,8,0,1,1,3,5,10,2,648.2,False
2,1,7,5,2,3,4,4,1,8,3,10,5,8,0,1,2,2,1,9,3,694.0,False
1,4,3,1,2,7,1,0,1,2,3,4,1,5,0,1,1,3,3,3,1,598.7,True
5,3,10,5,4,10,5,5,1,9,1,7,3,8,0,3,2,8,2,2,1,708.7,False
3,3,3,8,5,8,5,5,2,5,4,6,5,6,0,0,2,10,2,10,3,694.5,False
1,4,4,10,3,4,2,1,2,4,3,3,1,7,1,9,1,6,2,4,1,595.5,False
5,2,10,9,10,10,9,5,2,7,8,3,9,8,9,1,1,10,8,7,3,723.2,False
1,4,3,7,5,4,3,2,2,6,5,9,5,10,10,0,2,3,2,7,0,644.9,False
4,2,1,7,10,10,8,2,1,8,2,7,10,7,0,1,2,10,7,7,2,735.7,False
4,2,2,7,5,10,3,3,1,8,10,6,10,8,0,0,2,4,1,2,3,710.2,False
1,5,0,8,1,2,1,0,2,0,1,1,0,9,0,7,1,3,0,0,1,547.9,False
5,3,8,3,4,7,9,2,1,5,3,9,5,2,8,5,2,3,2,10,0,673.9,True
2,0,2,2,2,3,0,2,2,10,2,6,10,5,0,0,2,4,3,6,3,653.5,False
4,2,2,7,5,10,3,3,1,8,10,6,10,8,0,0,2,4,1,2,3,710.2,False
2,2,3,6,4,4,5,2,1,7,4,8,5,8,7,10,1,10,1,8,2,649.4,False
3,3,2,4,3,4,4,3,1,8,4,7,5,8,7,10,1,10,1,10,2,647.5,False
1,2,0,2,2,2,4,0,2,4,1,1,1,8,0,0,1,6,5,5,2,595.3,True
3,2,5,4,7,2,5,4,1,7,3,1,5,6,1,2,1,5,2,7,2,657.8,False
2,5,3,3,4,2,2,0,2,1,3,4,0,7,8,8,1,8,0,8,0,568.5,False
2,3,5,6,2,3,2,5,1,3,2,3,3,6,0,2,2,2,0,10,1,653.1,True
1,4,2,10,8,10,5,3,1,9,4,10,5,6,2,2,1,7,6,10,1,697.0,True
1,3,7,10,6,10,7,4,2,8,6,10,10,5,3,5,2,10,8,3,1,710.4,False
1,5,5,3,3,3,4,5,1,1,1,5,0,8,10,1,1,10,0,1,0,606.3,False
1,4,2,5,1,1,3,2,1,1,0,3,1,10,0,1,1,4,0,7,1,606.3,True
5,3,8,4,10,10,2,1,1,4,1,8,0,7,4,10,2,5,1,2,3,656.0,False
5,3,4,1,8,10,3,2,2,6,6,10,2,6,4,1,2,3,6,7,2,674.9,True
0,5,2,1,4,10,3,0,1,1,0,6,0,4,10,10,1,4,0,1,1,556.4,False
5,4,10,10,3,9,1,5,1,4,2,10,1,8,0,9,1,4,1,10,1,677.0,True
5,2,3,10,10,10,5,5,1,6,3,5,10,8,0,2,2,5,4,8,2,735.5,False
1,1,5,3,10,10,7,1,1,4,3,8,2,7,0,3,1,7,4,10,1,681.5,True
1,3,5,3,2,6,4,2,1,8,1,6,2,6,3,2,2,6,5,5,1,655.4,True
5,5,1,3,0,5,2,0,1,5,2,8,0,5,0,5,2,1,2,10,1,630.1,True
1,3,4,4,10,2,3,3,1,6,3,8,5,5,0,3,2,5,1,6,2,667.5,False
5,5,3,6,10,10,6,5,1,7,1,6,10,8,0,0,1,10,3,10,3,717.0,False
3,4,6,5,3,1,2,2,2,8,0,3,2,8,0,2,2,10,0,7,2,639.9,True
5,0,8,10,6,5,1,5,2,5,2,5,10,6,0,0,2,3,1,7,3,697.7,False
1,5,3,1,2,6,3,2,2,6,3,6,3,6,6,3,2,3,1,3,1,602.7,False
4,3,5,6,5,10,2,2,2,6,0,8,5,7,0,7,2,4,0,5,2,652.6,True
4,3,7,4,10,10,7,3,1,6,1,7,0,7,5,5,2,8,2,4,1,684.7,False
1,3,1,3,5,2,1,5,2,2,1,3,0,5,0,1,2,2,0,1,3,598.5,False
0,3,7,2,1,5,0,0,2,0,1,5,0,7,0,4,2,6,0,1,1,589.1,True
2,0,3,2,2,4,2,1,1,10,1,5,7,9,0,1,2,7,4,7,3,679.6,False
0,0,3,0,0,1,0,1,2,1,0,6,0,10,0,4,2,4,0,8,3,600.1,False
3,5,1,2,10,10,1,5,2,2,2,2,0,6,0,7,2,2,2,10,2,629.1,True
3,5,1,2,5,4,1,1,2,2,2,2,0,6,0,5,2,2,2,7,2,595.1,True
3,3,7,10,5,2,3,2,1,3,2,5,4,6,2,5,2,10,1,9,1,672.2,True
3,2,10,5,5,4,3,5,1,8,3,1,10,7,1,0,2,10,1,5,2,703.9,False
0,3,0,6,1,9,4,2,1,4,2,5,0,7,10,1,2,5,0,5,2,623.1,False
1,2,2,5,10,10,1,2,2,5,3,5,3,6,5,0,1,2,1,1,2,616.1,True
2,5,3,10,10,10,2,5,2,3,2,1,10,9,0,1,2,10,2,8,3,687.3,False
3,4,3,6,3,1,2,1,2,8,0,3,1,8,0,2,2,10,0,6,2,629.7,True
2,3,2,6,2,5,1,1,2,3,2,3,2,7,0,5,2,3,1,3,1,605.7,False
5,1,10,10,10,3,2,5,1,8,3,10,10,5,0,2,2,4,3,10,3,741.0,False
2,2,10,1,0,10,2,1,1,6,0,3,3,6,5,5,2,0,0,3,0,624.2,True
4,5,3,0,2,5,3,2,1,5,3,8,0,6,0,5,1,5,2,3,2,618.4,False
3,1,10,5,10,10,7,5,1,10,4,10,3,7,0,0,1,10,6,10,1,744.8,False
2,1,9,10,10,10,5,5,1,9,4,5,5,8,0,3,2,9,10,10,0,755.9,False
5,3,8,8,10,10,4,5,1,7,1,10,3,6,5,0,2,2,2,10,1,717.4,False
3,2,2,3,9,10,5,5,1,7,5,2,6,5,5,3,2,4,1,3,1,674.8,False
3,3,5,10,10,10,10,1,1,5,6,4,5,6,0,1,2,6,0,10,3,712.8,False
1,5,2,1,1,2,0,0,2,2,0,1,0,10,0,7,1,4,0,10,3,560.0,True
3,2,2,4,5,10,6,5,1,7,4,3,10,7,0,1,2,5,1,6,3,700.9,True
4,3,6,4,10,10,4,5,1,6,1,4,4,6,0,1,2,8,3,5,2,702.6,False
2,5,2,4,2,4,3,4,1,3,0,4,0,7,4,6,2,6,0,2,1,612.7,False
2,3,5,5,3,5,2,4,1,7,2,4,1,8,4,1,2,3,3,10,3,663.9,True
5,1,10,8,10,10,2,5,2,8,4,6,5,6,0,3,2,10,4,10,2,730.2,True
2,4,10,6,2,8,2,1,1,8,3,5,2,8,0,1,2,7,1,2,1,667.5,True
5,2,10,10,4,6,4,5,1,7,2,4,5,8,0,4,2,10,3,3,1,713.2,False
5,4,3,3,4,5,6,2,1,7,5,9,1,9,0,5,1,7,4,8,1,670.2,False
0,2,5,2,2,6,5,1,1,4,4,7,2,6,8,0,1,5,7,7,0,635.2,False
5,5,2,5,7,7,2,2,2,1,2,5,0,5,0,1,2,2,5,10,3,641.4,False
3,2,5,10,5,10,10,1,2,5,3,8,10,8,8,6,2,5,2,3,0,673.2,False
4,1,3,4,3,8,1,2,1,9,2,9,1,7,0,2,2,3,4,10,2,686.8,False
4,4,1,3,3,5,3,1,2,7,1,2,10,7,3,1,2,5,2,4,3,632.7,False
2,2,0,2,3,4,2,3,1,4,5,4,6,10,3,3,1,2,3,6,1,633.7,False
2,3,6,10,10,10,10,3,1,4,2,8,2,7,2,2,2,5,3,5,0,703.6,False
2,4,8,8,6,8,1,5,2,1,5,4,1,7,7,6,2,10,1,6,2,646.7,True
3,5,10,10,10,10,5,0,2,7,5,10,0,7,0,3,2,10,3,9,2,698.9,False
1,5,0,2,6,10,8,5,1,10,5,7,3,7,10,0,2,7,4,10,0,684.7,False
2,5,10,10,10,6,4,1,1,0,1,10,2,7,10,2,1,3,1,10,1,646.2,False
5,3,3,2,2,1,3,0,1,10,3,1,0,10,0,0,2,5,1,1,3,641.6,True
2,3,4,5,5,10,7,4,2,8,7,7,5,7,6,4,2,8,6,4,3,681.3,True
4,4,3,3,5,4,4,3,2,5,2,6,0,7,7,4,1,5,2,3,2,604.6,True
5,3,10,10,10,10,5,5,1,8,5,10,10,7,10,0,2,10,8,10,2,763.5,False
1,5,1,3,10,9,5,1,1,5,2,10,10,7,1,2,1,3,7,2,3,658.1,False
5,3,1,5,10,10,0,0,2,4,8,9,5,7,10,5,1,9,10,10,1,661.3,False
2,3,10,6,3,4,4,0,2,7,3,5,0,7,0,4,2,3,4,3,1,636.7,False
0,4,1,8,0,10,1,1,2,2,0,10,3,8,4,2,2,3,0,2,0,609.0,True
4,5,0,1,10,7,10,5,1,2,2,6,3,8,10,4,2,10,1,3,1,660.9,False
4,3,2,2,2,6,1,5,2,5,1,6,3,6,10,10,2,3,1,10,1,614.6,False
3,4,10,8,4,4,1,3,2,6,2,4,1,8,5,3,2,6,1,10,2,650.3,False
2,1,10,3,10,3,0,0,1,3,3,1,3,10,0,6,2,2,2,7,1,653.5,False
4,4,4,10,2,10,0,5,1,5,4,10,2,6,0,10,2,4,1,10,2,680.0,True
4,4,2,10,2,10,2,5,1,5,3,10,3,6,0,10,2,4,3,10,2,683.4,True
4,3,2,2,0,5,3,1,1,4,0,8,0,7,0,1,1,2,1,10,3,627.1,False
2,3,1,5,2,5,2,1,1,7,5,2,3,7,10,1,2,3,5,4,3,631.0,True
3,3,7,2,3,8,2,4,1,1,1,3,5,8,1,4,1,6,4,5,1,645.0,False
5,2,10,10,2,10,5,5,1,5,4,1,10,6,7,4,2,10,1,2,2,700.3,False
2,5,2,1,3,6,0,5,2,8,10,1,5,5,0,2,2,4,2,10,3,645.7,False
5,1,10,10,10,10,10,5,1,10,5,10,2,8,10,0,2,10,2,10,1,760.3,False
1,4,4,10,3,4,2,1,2,4,3,3,1,7,1,9,1,6,2,4,1,595.5,False
5,0,6,10,6,6,5,5,1,9,1,8,10,9,0,0,2,5,1,10,3,744.8,False
0,2,1,7,5,7,4,3,2,6,2,2,3,8,4,3,2,5,2,4,1,632.9,False
4,3,5,6,8,10,8,5,1,8,4,7,4,7,2,7,2,10,4,5,1,715.3,False
1,1,10,10,10,5,4,1,1,6,1,2,1,8,3,3,1,10,2,2,0,660.1,False
3,2,10,7,5,10,8,3,1,9,1,7,3,6,0,2,2,10,1,2,2,708.3,True
5,3,3,4,5,8,2,1,2,3,0,5,0,7,5,5,2,6,1,1,2,616.3,False
4,1,3,4,3,4,3,2,2,8,2,4,5,7,10,0,2,5,2,4,3,638.2,True
0,4,5,3,6,1,2,0,1,2,9,2,9,6,5,0,2,3,8,9,2,651.2,True
2,2,3,3,1,5,5,0,1,6,6,1,10,6,0,0,2,1,8,7,2,668.0,True
0,4,0,1,2,3,0,2,2,3,1,1,0,4,10,0,2,3,0,0,3,552.0,False
2,5,4,7,4,5,3,2,2,3,3,6,4,5,5,4,1,5,2,5,1,605.9,False
2,3,10,10,5,5,4,5,1,5,1,8,10,9,0,1,1,5,3,10,1,704.0,False
0,2,10,5,10,10,10,5,1,8,7,7,10,8,0,1,2,7,8,10,0,759.7,False
1,4,7,6,4,2,1,2,1,4,3,5,3,6,0,4,2,2,2,5,1,638.2,True
3,0,3,6,5,2,10,5,1,9,1,2,10,8,0,1,2,10,3,3,3,711.1,True
2,1,2,0,0,10,0,4,2,3,4,4,6,7,10,0,2,10,2,10,3,645.0,True
4,4,4,8,5,3,2,3,2,8,3,4,10,8,0,0,1,5,3,10,2,663.9,False
2,4,8,4,9,5,10,5,1,3,0,3,0,8,10,1,2,1,3,7,2,658.6,False
3,1,5,4,0,7,1,0,1,2,1,4,2,7,2,4,2,1,2,6,0,631.4,True
0,5,0,0,0,0,0,1,2,1,0,1,1,10,0,0,1,1,0,3,1,544.7,True
2,1,4,4,1,3,2,0,2,5,4,8,0,8,0,3,2,2,0,3,2,620.5,False
2,5,1,8,10,10,4,1,2,4,1,2,5,8,2,5,2,3,1,3,3,629.5,False
2,4,0,5,2,10,10,2,2,6,2,3,3,7,0,1,1,10,0,10,3,643.1,False
3,5,10,10,5,3,2,5,2,1,0,3,3,6,0,0,2,5,1,10,1,656.5,True
3,4,9,8,2,2,2,4,1,2,1,3,4,6,2,0,2,5,2,10,1,665.0,True
5,3,8,3,8,6,3,3,1,5,4,2,1,6,7,5,2,5,8,7,1,671.6,False
3,1,2,4,5,2,3,3,2,3,0,3,10,6,0,0,2,5,1,6,3,648.0,True
2,1,1,10,10,10,1,5,2,5,2,2,10,6,10,5,1,3,6,2,3,639.3,False
3,4,7,3,5,10,4,1,2,8,1,9,0,6,8,10,1,7,3,6,1,616.9,False
3,2,10,10,3,3,6,1,1,8,2,8,0,7,0,0,2,10,2,7,1,700.2,False
2,3,7,6,2,5,7,0,1,7,6,9,6,6,0,2,2,7,9,8,2,701.9,True
4,1,3,10,5,5,3,5,1,2,3,6,0,6,0,1,1,6,8,7,3,680.9,True
5,3,10,10,10,10,3,3,1,5,3,10,3,7,0,7,2,0,1,7,1,704.0,True
0,4,6,3,7,10,5,5,2,6,3,2,5,9,5,1,2,10,5,6,2,670.5,False
4,5,3,5,10,10,3,5,2,8,3,2,5,8,0,5,2,10,7,10,3,694.1,False
5,4,2,1,1,0,2,5,1,1,1,1,0,10,10,0,1,2,0,10,1,602.5,True
1,5,1,4,3,5,7,0,2,6,6,10,4,8,0,0,2,2,1,2,1,634.5,True
5,3,9,5,10,10,7,5,2,7,5,9,2,7,1,2,2,10,7,10,3,732.7,True
2,4,1,3,10,10,2,2,2,3,10,9,6,6,5,1,1,10,10,4,3,662.8,False
2,1,1,10,3,10,2,1,1,0,2,10,2,7,10,0,2,10,1,10,1,670.0,True
1,3,2,2,2,4,1,3,2,3,1,6,5,6,0,1,2,6,1,2,2,618.0,True
2,1,0,3,3,1,5,3,2,3,1,8,1,7,0,0,2,2,2,3,3,627.1,False
5,3,0,5,5,2,1,3,2,4,2,10,0,6,8,5,2,7,1,5,3,623.9,False
3,4,3,7,10,10,4,5,1,3,1,8,10,5,10,5,2,3,1,3,0,667.5,False
2,1,10,10,10,2,5,5,1,8,3,10,5,6,2,0,1,10,0,5,1,707.2,False
1,2,10,7,3,6,3,2,2,1,0,4,1,8,0,2,1,10,2,7,1,635.0,False
5,4,5,6,3,10,5,4,2,8,6,8,3,7,1,6,2,4,0,0,2,662.8,False
5,3,1,7,6,3,0,4,2,6,5,3,1,7,10,7,2,7,2,10,2,636.3,False
1,4,10,1,2,0,0,1,1,0,1,1,2,7,0,0,1,0,0,1,1,581.5,False
4,3,3,5,6,3,4,4,2,1,7,2,0,8,0,1,1,3,3,10,3,638.0,False
5,4,5,10,10,10,10,5,2,8,8,10,10,5,0,4,2,10,10,1,2,742.7,False
4,3,8,5,8,10,2,5,1,6,1,10,1,7,10,1,2,4,1,3,1,678.5,False
3,1,10,6,6,10,2,2,1,9,6,10,2,7,10,2,1,5,3,7,2,681.9,False
2,3,0,2,7,7,0,0,2,5,0,3,1,6,0,7,2,2,1,2,2,591.9,False
2,0,10,10,0,6,0,0,1,0,1,1,0,8,10,0,2,1,3,0,0,620.8,True
3,1,0,5,5,10,4,2,2,0,0,2,1,6,5,2,2,4,0,0,1,610.4,False
2,5,3,2,1,6,5,1,2,6,2,2,10,7,0,1,2,4,4,7,1,637.8,False
2,1,3,4,7,5,5,3,1,8,3,7,5,7,2,1,2,7,3,3,1,686.4,True
4,5,5,2,10,10,0,0,2,1,3,9,4,5,0,1,1,5,1,4,2,625.2,False
3,2,10,4,10,6,10,2,1,4,4,7,2,9,0,2,1,10,2,7,2,698.7,False
4,2,3,3,5,10,6,5,2,8,10,4,3,8,10,1,2,7,10,10,2,699.6,True
2,4,1,3,7,10,3,0,1,6,2,5,10,7,3,1,2,6,3,10,2,674.1,True
1,4,4,3,2,5,1,1,2,7,2,2,1,8,0,0,2,5,0,1,2,609.1,False
1,0,6,1,7,7,5,1,2,4,5,6,7,8,0,0,2,7,6,10,3,688.1,True
1,4,0,4,1,1,1,0,2,3,0,1,1,9,0,2,1,1,0,8,1,566.6,False
4,3,10,10,10,6,3,5,1,4,2,3,5,6,0,1,2,0,3,6,1,697.3,True
5,4,6,4,3,4,1,5,1,7,1,8,5,8,0,0,2,2,1,5,2,678.3,False
2,0,2,2,5,9,1,5,1,0,3,5,4,6,3,7,1,3,4,7,2,639.9,True
3,4,4,9,0,10,2,0,1,3,6,2,7,7,7,5,1,6,3,10,0,639.5,False
3,2,8,7,5,8,3,3,1,8,2,7,1,8,1,4,2,2,2,10,0,690.0,False
3,3,0,1,1,1,4,4,1,7,5,8,7,9,3,2,2,4,5,7,1,670.0,False
2,3,8,6,4,8,5,1,1,0,4,9,1,7,8,2,2,10,2,8,1,669.8,False
5,4,3,6,3,10,2,1,2,3,2,6,1,6,2,4,2,6,2,3,0,633.3,False
5,1,1,6,3,1,4,5,1,1,1,5,0,4,7,2,1,6,1,10,3,634.4,False
4,0,3,4,4,1,4,3,1,5,0,2,0,7,0,0,2,5,1,7,2,659.9,False
3,2,2,5,2,6,4,3,1,3,3,5,6,7,2,3,1,3,3,3,2,640.1,True
2,4,5,3,7,3,2,5,2,1,2,1,4,9,1,1,1,5,1,5,2,617.6,False
1,5,2,2,5,2,0,1,1,0,0,10,4,9,0,7,1,2,1,10,1,605.8,False
1,5,0,2,1,0,6,2,2,0,2,1,0,8,2,10,1,3,2,2,1,547.7,False
3,1,10,8,6,6,7,0,2,4,2,6,2,7,0,1,2,4,3,4,1,669.2,True
4,2,3,3,9,10,4,5,1,1,2,3,2,9,10,1,1,5,2,4,1,648.6,False
1,3,5,5,3,4,4,5,2,7,1,2,3,5,0,0,1,5,3,9,3,634.0,True
2,4,3,10,3,7,7,5,2,8,6,3,1,9,0,6,2,7,7,10,3,684.3,False
2,1,10,10,10,8,5,5,1,3,5,7,0,9,0,5,2,7,4,10,2,725.9,True
1,4,4,4,5,6,2,0,2,4,2,1,0,7,4,10,2,10,1,5,2,598.5,False
5,2,7,10,10,8,6,4,2,8,6,5,9,7,0,1,2,7,1,5,3,720.0,False
2,3,3,3,1,3,6,3,1,6,3,1,3,8,0,0,2,4,0,3,3,644.6,False
4,5,6,10,6,10,4,3,2,6,6,10,5,7,5,3,2,3,7,5,2,685.3,False
5,1,2,10,5,10,10,4,1,10,3,7,3,8,0,1,2,3,3,10,3,732.5,False
2,3,10,5,10,10,5,5,2,1,2,2,10,6,0,3,2,6,3,10,3,690.3,False
3,2,1,10,10,5,3,3,1,8,3,3,3,6,4,2,1,10,2,6,1,668.4,False
3,2,10,3,6,8,2,2,1,6,3,6,1,7,1,2,2,5,4,7,1,684.5,False
2,3,3,5,7,6,4,3,1,8,5,7,5,5,0,5,2,6,7,8,3,691.1,True
2,3,2,6,7,6,6,3,1,7,5,7,5,5,0,3,2,5,5,8,3,691.1,True
3,5,5,5,8,5,4,5,1,2,2,10,1,7,2,4,2,10,4,5,2,680.2,True
4,2,2,3,4,10,0,3,1,8,2,10,2,4,4,3,1,10,0,10,3,662.6,True
2,2,4,3,4,3,4,5,2,7,3,5,1,8,0,0,2,10,1,4,2,660.7,False
5,4,5,5,8,9,9,5,1,10,9,1,1,8,9,6,2,0,8,9,3,697.3,False
2,4,0,5,10,10,10,3,1,10,9,5,2,6,0,5,2,10,9,1,3,706.2,False
2,3,5,7,10,10,3,5,1,7,7,5,6,6,10,9,2,4,3,6,1,679.0,True
4,3,7,2,8,10,3,3,1,7,2,8,1,7,0,7,2,10,1,4,2,684.9,False
3,3,6,5,10,10,10,5,1,5,3,10,1,6,10,0,2,10,2,6,0,707.2,False
1,2,4,4,2,10,2,3,1,2,2,3,2,7,10,1,2,3,1,4,2,629.5,True
4,3,4,7,5,10,7,5,2,4,4,6,5,7,8,2,2,10,3,7,2,684.5,False
2,5,2,2,0,5,0,0,2,5,4,1,2,6,0,3,2,1,0,4,1,584.7,True
4,3,5,2,3,4,4,5,2,3,3,1,8,7,0,4,1,5,2,4,1,629.1,False
1,2,6,4,3,3,2,4,1,1,0,1,1,9,0,0,2,8,6,4,1,655.0,False
3,2,2,8,3,4,3,5,2,6,2,5,5,9,10,1,2,4,5,7,1,655.8,False
3,3,5,8,7,9,3,3,2,7,8,8,4,7,1,4,2,4,6,5,3,686.6,False
3,3,10,10,5,8,6,1,1,5,2,7,5,8,10,1,2,6,4,3,2,683.2,True
2,2,3,0,3,5,6,2,2,1,3,3,8,8,6,8,2,6,3,0,1,612.7,False
2,2,3,5,10,10,5,5,1,4,6,4,3,5,5,2,2,10,2,4,2,688.8,False
3,1,10,6,6,2,0,4,2,5,10,10,10,8,0,1,2,10,5,10,3,722.9,False
5,1,2,3,7,5,4,5,1,5,2,4,2,8,0,0,1,8,2,5,3,674.1,True
5,5,6,10,8,10,7,5,2,8,2,7,2,7,0,7,2,10,1,10,2,701.7,False
2,3,5,3,5,6,3,5,2,4,3,3,3,7,1,1,2,3,1,1,2,636.3,False
4,1,3,8,3,10,1,4,2,3,2,5,4,7,0,0,2,8,2,10,3,682.6,False
2,3,10,3,10,10,2,5,2,7,2,4,0,8,10,0,2,10,8,2,2,672.4,False
1,5,0,0,2,7,0,1,1,1,1,1,1,9,10,1,1,0,0,10,0,571.7,False
1,4,3,5,5,8,2,5,2,4,2,5,2,5,6,6,1,8,1,2,3,604.0,False
2,5,4,5,7,4,1,4,1,6,5,5,5,6,4,2,1,1,6,10,1,650.1,True
2,3,4,4,2,6,2,3,1,5,2,8,4,8,7,2,2,2,2,8,0,652.8,True
3,1,3,4,2,6,5,2,2,8,4,8,4,7,3,1,2,3,2,3,1,654.3,False
4,1,4,2,10,10,1,5,1,4,2,8,1,7,5,1,1,8,2,7,2,676.4,True
2,2,4,5,2,9,3,2,2,4,4,6,2,7,0,1,2,1,2,8,2,648.8,True
5,3,2,5,5,8,8,5,1,9,7,7,10,9,0,1,2,5,1,8,3,729.3,False
5,1,7,10,5,5,5,4,2,5,6,5,3,7,0,1,2,7,5,7,1,703.0,False
2,4,3,3,10,10,2,5,1,6,2,1,10,6,7,2,2,3,0,10,3,669.7,False
5,1,10,0,4,4,10,5,1,10,0,10,10,6,0,1,2,6,6,7,3,734.4,True
5,5,2,5,10,10,1,5,2,1,6,2,3,7,0,1,2,4,8,10,3,678.6,False
3,3,7,6,10,10,4,4,1,8,5,6,2,8,0,1,2,7,1,7,3,713.6,True
1,3,10,8,10,10,3,0,2,4,1,4,5,7,5,6,2,10,1,2,2,648.4,False
3,2,3,4,4,10,3,4,1,7,2,2,2,6,0,2,1,2,1,3,2,642.7,False
5,3,10,10,10,6,5,5,2,6,7,1,10,6,0,3,2,10,8,10,1,732.6,False
4,3,5,6,10,9,5,4,2,8,8,9,4,7,5,3,2,10,8,10,3,719.1,False
4,3,6,7,8,10,3,2,1,7,6,9,5,6,0,2,2,5,5,7,1,713.8,True
1,1,0,4,1,5,7,2,1,3,6,8,5,6,0,0,2,5,2,8,0,672.8,True
3,2,2,5,4,10,2,5,1,10,5,10,1,7,10,5,2,10,1,2,2,676.8,False
5,0,7,1,10,5,7,5,1,3,2,10,10,9,0,10,1,5,5,7,2,702.7,True
1,4,5,5,10,10,5,1,2,2,3,9,2,6,10,4,2,5,5,5,2,639.0,True
3,4,5,5,3,6,2,3,1,10,1,10,2,7,4,4,2,8,1,7,1,671.7,False
5,2,8,4,3,7,3,4,1,8,4,10,4,7,0,5,2,3,6,10,0,710.8,True
3,2,2,2,0,5,0,2,2,4,2,3,1,7,4,2,1,1,0,5,0,583.6,False
5,3,10,5,3,5,8,5,1,8,1,5,2,7,0,2,2,5,1,5,2,694.5,True
5,3,8,5,9,10,2,2,2,8,5,10,3,8,0,1,1,5,5,5,1,683.8,False
5,4,3,9,7,10,5,1,1,1,1,10,4,7,10,2,2,6,1,7,3,671.7,True
2,3,1,8,2,6,0,2,2,8,0,5,2,7,0,9,1,5,0,1,1,594.2,False
3,3,6,10,6,8,2,3,1,2,1,3,5,8,0,9,2,2,3,5,2,662.0,False
4,1,10,10,10,10,2,5,1,8,2,10,10,8,0,0,2,5,10,10,3,770.5,False
3,1,7,8,1,10,4,0,1,2,2,5,1,7,2,1,2,6,1,4,0,663.9,False
5,4,5,6,10,10,2,1,1,7,4,3,5,7,4,7,2,7,5,7,2,683.9,False
2,3,8,8,5,7,3,2,1,4,3,6,3,7,2,3,2,5,2,6,2,672.6,True
2,2,6,3,10,10,1,5,1,4,0,3,1,6,0,5,1,4,1,10,2,654.8,False
0,4,2,2,4,1,7,0,2,8,4,5,5,6,0,1,2,10,9,3,1,643.3,False
0,3,0,6,10,10,1,5,2,0,3,10,10,10,10,1,1,2,1,3,2,631.5,False
3,3,2,3,6,10,0,2,2,4,2,7,5,6,10,5,2,2,7,3,3,625.0,False
3,1,5,10,10,4,1,0,1,3,1,2,0,9,10,1,2,4,1,7,2,648.4,False
1,3,0,6,10,10,4,5,2,6,8,6,5,7,10,3,1,5,5,7,1,652.2,False
4,1,5,8,10,5,1,1,1,0,2,2,1,8,5,1,2,10,6,6,3,675.4,False
4,4,0,1,4,10,2,3,1,6,4,4,0,7,1,5,1,2,2,8,1,631.4,False
5,1,1,10,10,2,1,5,2,3,3,3,1,7,0,0,1,2,10,10,3,666.9,False
3,3,3,3,5,9,1,3,1,3,0,3,0,6,0,4,2,2,1,1,2,629.3,False
5,5,10,8,10,8,7,5,1,5,5,6,1,6,5,5,2,8,10,10,1,723.4,False
2,5,3,3,10,10,3,3,1,5,0,2,0,6,4,8,2,3,1,2,2,624.0,False
4,4,1,8,10,10,2,1,2,7,2,3,0,6,0,2,1,4,6,10,1,646.3,False
5,2,1,9,5,6,4,1,1,10,2,10,5,8,0,10,2,4,3,7,2,687.2,False
4,1,9,10,10,10,7,3,1,8,7,1,8,7,10,3,1,1,4,4,3,690.3,True
3,5,2,2,2,3,1,5,2,2,0,3,1,10,0,8,2,3,1,10,2,611.4,True
2,3,10,1,4,10,3,3,2,5,1,4,3,7,0,2,2,10,1,7,2,662.0,True
4,4,3,10,10,10,4,1,2,8,2,10,9,9,0,1,1,6,8,5,1,692.5,False
0,3,3,10,4,10,5,5,2,7,2,3,1,8,1,4,1,10,10,2,2,655.2,True
4,3,10,6,4,10,2,5,1,8,6,5,2,7,0,2,2,3,1,5,2,697.9,False
2,2,6,7,10,8,7,0,1,3,3,3,2,8,0,1,2,3,0,7,1,675.6,False
2,3,5,4,5,10,4,0,2,8,1,7,1,7,0,1,2,2,1,3,2,640.5,False
1,4,2,3,3,5,4,1,1,3,4,3,3,4,0,5,2,1,10,5,0,632.3,False
1,4,3,7,10,6,2,5,1,4,3,5,10,6,0,1,2,3,8,3,2,687.5,False
3,3,1,3,10,8,3,1,2,9,0,10,0,5,0,1,2,3,0,1,1,639.0,False
1,3,8,6,7,8,7,3,2,3,6,4,1,8,9,1,2,4,7,5,1,658.8,False
2,4,8,5,10,10,5,5,2,7,2,9,5,8,4,2,1,5,3,3,1,666.6,False
1,4,3,5,3,8,2,1,1,6,4,7,2,7,2,3,2,4,4,5,1,650.7,True
2,4,2,3,3,4,4,2,1,8,2,6,4,8,3,2,2,10,3,8,2,666.0,False
4,2,5,8,5,4,8,3,1,8,6,4,5,6,9,3,2,7,4,8,2,692.4,False
2,3,8,10,7,5,5,1,1,4,4,7,2,8,0,5,1,9,4,7,1,674.7,True
2,3,3,2,0,3,2,0,1,1,1,4,0,7,0,0,1,3,1,10,1,605.9,True
2,5,6,2,10,5,10,4,1,6,3,2,5,7,0,5,2,10,4,1,2,678.6,False
1,5,3,1,1,4,0,0,1,0,4,2,0,6,10,7,1,10,2,2,1,562.8,True
2,2,5,5,6,6,4,4,1,7,5,1,1,8,0,5,2,4,1,3,3,663.3,True
1,3,6,2,3,6,1,5,1,7,8,8,0,7,0,1,2,5,1,7,3,676.4,True
2,5,3,2,10,10,0,3,2,2,0,3,1,5,10,10,2,4,1,1,3,583.2,False
1,3,4,6,2,8,2,1,1,7,1,2,10,6,1,4,2,5,1,10,1,659.7,True
1,2,5,2,4,6,1,5,2,2,1,10,1,7,0,2,2,10,1,2,1,646.2,False
3,0,1,4,10,10,0,0,1,3,3,6,1,10,10,0,1,1,0,7,1,635.8,True
4,4,7,6,3,2,3,5,2,8,3,7,9,7,0,1,2,3,2,4,2,671.1,True
0,3,5,5,2,5,3,2,1,1,3,3,0,7,9,2,1,2,1,5,1,595.5,False
4,4,2,9,8,10,5,0,2,1,2,2,3,8,10,2,1,5,1,2,2,607.4,False
2,3,3,2,10,10,2,3,2,8,1,6,7,7,0,3,2,7,1,2,2,660.7,True
2,3,0,5,2,3,3,3,2,9,2,10,0,7,1,3,1,10,0,1,2,619.0,False
4,1,10,10,10,10,3,0,1,5,6,10,0,8,0,1,2,10,4,10,0,736.5,True
5,5,10,8,10,10,7,5,1,8,3,10,10,8,10,2,2,9,9,9,2,750.1,True
5,5,10,10,10,10,10,5,2,10,0,10,10,10,10,0,1,10,10,10,0,735.2,True
5,1,3,10,6,10,10,3,2,4,4,9,5,8,0,1,1,7,10,5,0,707.4,True
0,5,2,10,6,10,3,0,1,0,3,10,10,9,10,10,2,0,0,8,0,634.7,False
2,5,1,3,1,10,0,2,2,2,2,8,1,7,0,3,2,1,1,4,0,608.4,False
2,5,10,5,5,5,4,2,2,6,2,1,0,6,3,1,1,2,6,4,0,613.6,True
2,1,5,10,6,10,4,2,2,5,6,3,0,8,0,5,2,10,8,5,0,684.1,True
2,4,8,3,6,10,3,0,1,0,5,7,0,7,2,2,1,1,0,3,0,623.5,False
2,3,4,3,6,8,5,5,2,6,2,8,1,8,0,3,1,10,2,10,0,663.0,False
2,5,4,10,1,10,5,0,2,5,2,10,5,6,5,1,1,5,5,5,0,634.1,True
5,0,10,10,7,10,10,0,1,10,10,10,10,9,5,0,2,10,10,10,0,787.7,True
5,4,3,4,3,10,5,1,1,5,5,7,2,7,6,2,1,3,3,5,0,645.6,False
1,5,1,3,2,5,1,0,1,0,5,10,5,3,2,2,1,0,2,0,0,589.3,True
2,3,3,10,3,10,4,0,2,5,8,6,10,5,10,1,1,0,0,5,0,624.6,True
4,1,10,3,4,10,0,0,1,6,2,2,1,8,0,0,2,4,2,6,0,672.0,True
1,5,0,3,10,10,2,5,1,5,5,4,1,8,10,1,2,4,0,1,3,638.4,True
1,5,7,2,0,4,0,3,1,2,3,1,0,7,10,1,2,0,5,10,0,610.4,True
5,5,1,4,1,5,1,0,1,1,1,1,3,5,0,3,1,0,8,6,0,603.2,False
5,4,10,5,10,5,8,5,1,9,5,8,10,8,7,5,2,10,10,6,0,741.2,True
2,1,0,0,0,7,1,0,2,1,1,2,0,7,0,0,2,1,3,4,0,595.3,True
1,3,2,5,8,9,4,2,2,3,5,2,6,8,4,0,2,4,1,5,0,644.8,False
2,3,1,2,3,6,10,1,2,2,0,8,3,6,10,3,2,10,4,5,0,626.9,False
4,3,5,5,3,5,7,1,1,5,1,7,5,6,0,3,1,3,6,4,0,653.9,True
4,3,3,5,2,4,4,1,2,1,4,8,5,7,10,1,1,1,4,3,0,605.0,True
5,2,2,7,10,10,10,3,1,9,10,10,10,7,8,3,2,9,7,10,0,755.0,True
3,5,0,3,0,3,0,0,1,0,1,1,0,3,0,10,1,0,2,0,0,543.3,True
2,0,2,10,10,10,3,0,1,9,9,10,10,8,5,5,2,10,3,8,0,728.0,True
0,4,0,8,0,10,1,0,1,0,1,9,5,5,0,10,2,1,2,0,0,604.8,False
1,1,3,4,6,8,0,5,1,5,1,2,7,7,5,0,1,1,1,2,0,634.4,False
4,2,10,4,6,9,6,2,1,7,7,4,3,6,7,0,2,7,2,5,0,694.1,True
4,2,5,4,6,9,4,0,1,8,7,9,4,6,1,4,2,6,3,6,0,693.4,False
2,4,3,5,5,10,3,1,2,3,4,3,5,7,5,3,1,6,3,3,0,614.2,False
3,5,4,5,8,6,2,1,2,1,2,10,3,6,7,5,1,3,2,4,0,601.8,True
3,4,2,2,3,3,5,2,1,3,3,5,3,9,3,0,1,3,3,4,0,626.9,False
5,4,3,5,5,10,5,1,1,5,6,7,2,7,4,4,1,5,6,6,0,662.6,False
4,4,2,4,3,9,6,0,2,5,5,8,0,6,0,3,1,6,9,5,0,640.5,True
2,2,5,8,3,5,1,5,1,8,1,7,1,8,0,5,1,5,2,5,0,656.0,False
1,5,0,0,0,6,0,0,2,2,0,10,1,6,1,0,1,0,0,10,0,574.6,True
4,5,1,4,0,5,1,0,1,1,1,1,2,5,0,3,1,0,6,6,0,593.0,False
2,4,0,3,3,4,1,2,1,2,0,4,0,4,9,2,1,2,1,1,0,569.6,False
1,3,9,0,7,10,8,3,1,10,9,8,5,7,5,0,1,1,7,7,0,691.7,False
0,3,1,0,3,10,0,0,2,1,1,1,0,7,0,10,1,0,3,10,0,564.5,True
5,0,10,10,10,10,10,5,1,10,10,10,10,8,0,0,2,10,10,10,0,816.4,True
4,4,5,2,5,10,3,3,1,3,1,5,0,8,0,10,1,5,0,4,0,626.7,False
2,4,3,3,2,6,8,1,1,0,6,6,4,9,0,7,1,4,4,3,0,630.5,True
2,2,1,10,0,6,0,0,2,4,0,4,1,6,0,3,2,3,1,7,0,614.2,True
2,0,3,10,2,10,5,1,1,9,5,8,0,8,0,2,1,10,4,3,0,685.1,True
5,0,10,10,10,10,10,5,1,10,10,10,10,9,0,0,2,10,10,10,0,818.3,True
5,3,0,1,1,5,1,0,2,1,0,8,0,6,0,10,1,0,4,10,0,582.7,True
1,3,1,7,8,9,3,3,2,3,5,1,4,8,0,0,2,4,1,5,0,649.7,False
5,2,2,10,3,10,3,0,1,7,6,10,4,7,0,1,2,6,4,6,0,705.7,True
1,2,2,2,1,2,3,1,1,4,3,10,10,7,5,3,2,7,3,4,0,649.6,True
0,1,0,6,1,5,0,0,1,0,0,1,5,8,0,0,2,10,6,10,0,648.0,True
5,5,5,5,10,5,5,4,2,5,7,8,5,5,5,7,2,7,10,10,3,687.9,True
1,5,0,3,1,3,1,1,1,1,0,1,5,7,3,1,1,3,1,3,0,578.1,False
4,4,4,4,7,6,2,3,1,3,1,8,0,9,0,7,1,2,2,1,0,629.2,True
4,4,5,8,10,10,5,1,1,6,5,5,4,7,2,4,2,1,4,5,0,684.3,False
1,3,10,0,7,10,7,3,1,7,7,9,5,7,5,0,1,1,7,9,0,688.5,False
4,4,5,2,5,10,3,4,1,3,1,5,0,8,0,10,1,5,0,5,0,631.8,False
5,2,5,5,2,10,4,3,1,3,4,10,10,6,1,1,2,10,6,3,0,714.0,True
3,3,2,3,6,8,2,3,1,10,2,10,3,4,7,1,2,2,2,1,0,654.1,False
0,0,6,10,8,10,10,1,1,6,7,7,10,10,0,0,1,6,5,7,0,724.4,True
3,5,3,1,3,5,0,1,1,1,0,5,1,7,10,6,2,10,3,7,0,611.2,True
5,3,0,0,8,4,8,0,2,5,7,6,4,7,5,4,2,6,2,10,0,652.2,True
0,2,2,8,6,3,1,0,1,2,5,2,1,6,0,4,1,0,1,3,0,600.2,True
3,1,5,6,7,7,9,2,1,8,7,7,6,7,1,3,2,3,7,8,0,718.7,False
5,0,6,5,5,5,5,5,2,5,5,5,5,6,5,5,2,5,5,5,0,677.3,True
3,2,1,4,7,7,8,2,1,7,7,7,3,9,5,3,2,6,2,5,0,685.1,False
3,4,10,6,2,8,5,0,1,7,1,8,0,5,2,6,1,10,2,5,0,647.1,False
1,2,10,10,10,10,4,5,2,10,10,10,10,10,10,10,1,10,10,10,0,721.6,True
3,5,2,1,2,5,0,1,1,0,0,4,1,7,10,10,2,10,2,4,0,590.6,True
1,2,0,3,1,10,0,2,2,0,0,3,2,6,1,9,1,0,0,2,0,561.3,False
2,4,0,4,6,3,1,1,2,3,2,2,2,3,1,10,2,4,10,3,0,596.2,True
3,2,3,6,3,9,3,2,1,10,6,10,4,8,0,0,2,2,3,4,0,695.7,False
3,2,2,6,0,10,5,1,2,3,5,5,0,10,10,1,1,3,7,10,0,630.5,True
0,4,3,10,4,10,2,1,2,5,2,6,10,4,0,4,2,0,0,2,0,627.8,True
1,5,0,3,1,3,1,1,1,1,0,1,5,7,3,1,1,1,1,1,0,571.3,False
3,1,4,4,3,5,7,2,2,8,3,3,10,8,2,1,2,6,4,7,0,677.3,True
5,1,4,1,0,10,10,3,1,5,2,4,1,6,10,1,1,0,10,0,0,641.4,True
2,1,1,10,3,10,0,1,2,0,1,5,4,5,2,1,1,5,4,0,0,612.5,True
3,4,4,5,4,5,2,3,2,3,2,6,1,6,0,8,1,10,6,6,0,624.8,True
3,3,4,8,5,10,4,1,1,0,2,5,0,6,0,0,1,2,2,5,0,639.9,True
3,5,1,1,2,4,0,1,1,0,0,4,1,6,10,10,1,10,2,3,0,566.6,True
3,0,4,10,2,8,4,1,1,5,2,4,5,7,5,0,2,5,4,7,0,682.4,True
5,3,5,10,2,10,7,2,1,4,5,10,0,7,2,2,2,9,8,10,0,719.3,True
2,1,2,3,2,6,3,1,2,6,1,8,2,4,2,2,2,1,4,7,0,629.9,False
1,2,0,7,3,10,2,0,1,1,4,1,0,8,0,1,1,3,10,4,0,631.0,True
3,4,4,6,10,4,5,2,1,5,0,8,5,7,4,0,2,0,0,4,0,659.4,False
2,3,0,8,5,10,2,0,1,5,4,10,0,9,6,2,1,3,4,3,0,638.1,True
0,2,3,5,2,0,3,3,1,8,0,2,5,1,8,7,1,6,9,5,0,606.0,True
5,4,5,10,10,10,4,5,2,5,3,2,10,8,5,3,2,7,2,7,3,694.1,True
5,5,10,10,5,7,4,5,1,3,3,7,3,8,0,0,1,5,4,10,0,698.5,True
2,0,2,10,10,10,4,0,1,6,10,10,10,8,5,2,2,10,7,8,0,738.2,True
3,3,6,4,10,10,8,1,2,8,2,10,10,8,0,1,2,10,2,4,3,705.9,True
2,3,8,10,10,10,10,0,1,10,4,7,7,7,0,4,2,8,3,5,0,722.1,True
2,3,3,6,3,7,1,3,2,3,1,10,7,8,3,3,1,3,5,2,0,627.7,False
3,3,5,6,8,10,10,5,1,8,5,8,5,7,0,4,2,10,2,5,0,725.7,True
1,2,1,3,1,10,0,2,2,1,0,3,1,7,1,8,1,0,0,1,0,564.9,False
1,4,10,10,3,10,2,1,1,5,3,7,0,8,3,10,1,3,1,4,0,630.5,False
0,1,0,5,1,5,0,0,1,0,0,1,5,8,0,0,2,10,5,10,0,644.6,True
3,5,2,7,5,10,8,4,2,5,4,7,1,9,5,5,2,3,8,0,0,654.5,True
1,2,1,10,0,10,2,3,1,8,1,2,3,7,0,1,2,5,3,5,0,665.0,True
3,1,5,10,4,10,5,5,1,9,5,10,10,10,10,4,2,10,5,10,0,740.3,True
2,4,2,8,10,10,5,4,2,5,2,1,5,6,5,2,2,3,1,2,2,642.5,False
1,1,6,10,0,4,3,0,2,0,3,3,1,3,1,4,1,4,8,1,0,598.1,True
5,1,5,4,3,10,3,2,1,6,1,10,10,7,0,2,1,1,2,10,0,687.0,False
1,1,0,5,3,10,5,0,1,0,7,6,4,7,1,5,1,6,7,4,0,645.4,False
0,0,0,7,0,0,0,0,1,0,0,1,0,1,0,0,2,0,0,0,3,576.9,False
1,1,3,5,1,3,2,2,1,4,2,3,4,8,3,5,1,2,5,2,0,614.4,False
1,5,10,4,4,10,10,2,2,1,2,10,1,5,7,10,1,4,3,2,0,606.7,False
3,2,6,5,2,10,6,0,2,5,3,1,3,7,0,2,1,10,3,3,0,637.6,True
5,5,0,3,2,2,0,0,1,0,1,3,0,3,0,10,1,0,1,1,0,555.6,True
5,5,10,10,5,10,10,5,1,0,3,8,3,8,0,0,1,5,6,10,0,714.0,True
4,2,7,10,7,10,5,1,1,6,7,10,7,7,0,0,1,10,5,7,0,724.4,True
2,4,1,8,6,10,2,0,2,4,1,3,3,7,10,0,2,1,7,3,3,617.6,True
3,1,2,3,2,2,2,1,2,8,5,8,2,4,1,3,2,1,5,8,0,638.4,True
1,1,1,4,3,4,3,2,1,4,3,3,6,8,0,3,1,3,5,2,0,631.4,False
2,1,2,4,2,4,1,0,1,0,0,6,0,7,0,1,2,0,2,2,0,616.5,False
2,5,0,4,2,5,0,2,1,0,2,5,0,5,0,10,1,10,0,10,0,598.9,False
3,4,10,8,10,10,0,0,2,5,3,5,0,7,0,10,2,10,7,10,0,670.7,True
5,2,10,6,10,10,5,3,1,7,4,9,6,8,3,6,2,8,3,5,0,724.4,False
3,5,2,10,4,6,5,3,2,0,5,6,1,9,8,5,2,5,8,0,0,632.2,True
3,2,2,10,7,10,0,3,1,5,7,2,10,8,3,2,1,10,8,7,0,697.5,False
5,3,6,10,4,5,6,2,1,5,4,4,5,8,0,3,2,5,4,7,0,696.2,False
2,3,3,8,3,10,2,2,1,2,1,8,0,9,5,1,1,3,3,4,0,636.0,True
0,5,0,0,0,0,0,0,2,0,0,1,0,1,10,10,1,0,0,0,0,480.0,True
2,3,2,5,3,10,2,0,1,3,2,4,1,6,1,3,1,2,3,2,0,612.5,False
4,3,4,6,8,10,8,0,1,3,3,7,1,8,0,8,2,6,7,8,0,688.3,False
1,3,6,4,3,10,7,3,2,8,3,4,0,5,0,0,2,10,0,2,1,654.8,True
5,4,1,6,3,10,4,0,1,0,2,7,1,8,0,10,2,4,3,5,0,642.4,False
2,5,0,3,1,6,0,2,1,0,3,7,0,6,0,10,1,0,7,10,0,599.5,False
1,0,4,4,2,1,6,4,1,0,8,1,3,8,1,0,1,1,0,2,1,629.3,False
2,5,3,10,2,7,1,1,2,4,2,5,7,9,0,6,1,1,1,10,1,618.4,True
5,3,2,3,2,5,2,0,1,4,3,2,1,8,10,0,2,7,6,3,0,634.6,True
5,2,10,3,6,1,1,3,1,7,3,4,2,6,0,2,1,2,1,8,1,655.0,False
5,1,1,10,5,10,10,5,1,8,4,10,3,8,3,1,2,3,8,5,1,733.1,True
3,4,4,4,2,6,3,2,1,5,7,6,3,7,5,1,2,2,6,5,1,659.0,False
0,3,0,4,10,10,5,0,1,1,0,7,4,6,0,5,1,6,0,5,1,626.7,False
1,3,5,1,10,3,2,0,2,8,1,4,5,8,0,0,2,5,2,3,3,636.7,True
4,5,0,3,2,4,0,0,1,0,0,10,0,5,0,10,1,0,0,2,0,571.0,True
0,0,0,0,0,0,0,0,2,0,0,1,0,1,0,0,1,0,0,0,0,531.0,True
1,5,0,2,2,2,1,1,1,0,1,3,8,6,2,4,1,1,3,6,0,585.1,False
1,2,3,6,6,10,6,3,1,6,2,10,10,8,0,1,2,2,6,5,1,705.9,False
2,5,1,4,2,5,1,0,1,0,4,10,0,8,0,1,2,6,6,1,0,634.5,True
3,4,9,9,8,9,7,4,2,7,7,9,3,6,10,6,2,8,7,7,2,693.4,False
4,4,0,4,8,2,2,5,2,5,1,1,1,6,1,10,2,5,0,0,1,603.4,False
2,3,2,4,2,3,9,3,1,7,4,6,4,6,1,4,1,10,4,3,1,653.7,False
5,5,10,10,10,10,3,5,1,8,1,5,5,7,0,1,2,7,0,1,2,709.8,False
2,3,1,10,2,6,3,3,1,5,2,4,1,6,7,1,2,6,0,3,3,639.7,True
3,1,8,7,6,9,6,5,2,8,8,6,3,8,1,2,2,8,3,6,1,711.9,False
2,3,3,5,5,4,8,2,1,7,6,4,5,5,0,2,2,4,3,1,1,665.0,False
4,1,9,10,6,6,8,5,1,9,5,9,5,7,1,0,2,7,2,6,1,741.2,False
3,3,2,10,5,10,6,5,1,7,4,10,10,7,3,7,2,10,10,10,1,736.3,False
5,5,7,5,2,5,2,0,1,4,1,10,1,6,0,1,1,3,2,8,1,640.9,False
5,3,8,4,7,10,6,3,1,4,5,9,2,6,10,2,2,5,1,3,1,679.8,False
5,2,8,8,10,4,10,4,2,6,10,8,10,6,0,1,2,10,8,7,1,747.6,False
2,3,6,5,10,7,3,4,2,7,4,2,10,6,0,0,2,10,0,7,3,686.9,False
5,3,3,4,6,4,4,3,2,2,3,9,1,7,0,6,2,10,3,8,2,663.0,False
5,3,2,3,10,10,5,1,2,7,4,5,2,7,10,3,2,1,1,10,3,648.6,False
3,2,10,5,3,2,2,5,1,7,1,5,5,9,0,2,2,10,3,10,1,703.4,False
5,3,5,8,9,10,10,2,1,7,3,10,4,9,5,4,2,10,5,6,0,726.5,False
3,3,5,1,6,4,2,0,1,2,1,5,2,5,8,1,2,3,2,9,3,627.8,True
5,4,7,10,10,5,6,5,1,5,1,7,1,7,0,3,1,10,3,10,2,701.7,True
3,3,4,10,10,10,6,5,2,8,4,10,5,7,10,2,2,7,7,7,2,705.7,False
2,3,4,4,3,6,2,3,1,7,0,2,1,7,10,2,2,1,1,3,1,619.1,False
2,4,4,3,4,1,2,1,1,5,1,4,3,6,4,2,1,2,0,7,2,604.0,True
4,2,5,4,8,5,4,2,2,9,5,10,10,7,0,5,2,3,7,5,3,692.1,False
3,4,7,7,2,2,2,0,1,8,2,2,2,6,0,1,2,10,8,10,3,673.3,True
3,3,9,4,1,5,6,5,2,7,1,9,0,7,7,1,1,3,3,3,2,632.4,True
3,3,8,4,1,8,0,5,2,7,1,9,1,8,0,1,1,5,8,3,1,653.0,True
3,1,8,4,1,9,0,5,2,9,1,8,2,8,0,0,1,8,10,3,1,674.9,True
4,4,0,0,1,5,1,0,1,6,0,9,1,8,10,6,1,2,0,3,0,581.6,True
5,5,5,4,2,5,2,2,1,10,0,5,5,8,4,1,2,5,1,3,2,655.6,False
3,4,10,2,6,10,4,0,2,3,3,5,4,8,8,2,2,3,2,10,1,645.4,True
2,0,2,3,1,6,6,0,1,7,3,4,10,6,2,5,2,2,8,3,1,661.8,True
2,3,10,4,4,5,2,3,1,7,1,2,1,7,0,3,1,3,1,8,1,641.2,False
5,2,4,6,2,6,1,2,2,3,3,1,3,7,0,5,1,10,5,10,1,641.0,False
2,2,8,1,2,4,0,0,1,1,2,2,3,10,0,0,2,1,0,10,0,638.4,True
3,3,8,1,5,10,2,4,2,7,6,7,0,8,4,2,2,2,2,5,1,657.7,True
2,5,8,4,4,3,2,2,1,0,1,5,0,6,7,1,2,8,0,4,0,622.9,True
1,2,3,7,2,6,3,2,1,8,8,3,8,6,4,4,2,6,2,5,1,666.7,True
5,4,4,10,10,6,4,5,1,7,6,5,1,7,0,1,2,10,7,10,1,730.2,False
5,2,3,10,10,10,3,5,1,6,1,6,2,7,0,4,2,10,7,7,2,723.6,False
1,3,5,6,10,8,1,5,1,10,0,5,3,6,0,10,2,2,5,2,2,663.7,False
4,1,8,10,10,10,10,5,1,8,8,4,2,7,0,2,2,10,8,7,2,760.6,True
2,4,6,6,7,10,3,5,1,6,3,6,0,7,1,4,1,1,2,1,0,647.1,False
1,4,8,6,10,10,2,5,2,7,5,8,10,5,0,2,2,5,3,10,1,701.5,False
1,0,0,2,0,10,0,1,2,5,2,2,2,10,8,1,2,3,0,7,1,611.2,True
2,1,3,7,5,10,3,2,2,5,2,5,3,7,0,1,1,10,2,6,1,653.7,True
2,5,1,5,10,10,9,2,2,7,1,7,4,7,0,0,1,10,2,3,1,655.8,False
5,3,10,5,10,7,6,5,1,8,1,10,3,8,0,0,2,10,2,10,3,741.6,True
3,2,7,7,3,7,5,2,1,6,2,3,8,6,5,5,2,7,6,4,1,676.9,True
3,4,10,8,10,10,7,5,1,6,4,7,5,7,0,6,1,10,1,10,1,711.9,False
2,1,4,8,3,6,5,5,2,10,6,4,3,6,10,3,2,10,3,10,1,677.1,False
4,1,5,9,8,5,7,5,2,8,4,6,6,7,0,0,2,5,2,5,3,704.9,False
3,4,10,8,10,10,7,5,1,6,4,7,5,7,0,6,1,10,1,10,1,711.9,False
1,3,8,4,6,10,2,2,2,5,2,1,0,6,10,3,2,3,1,3,2,610.2,False
1,4,3,3,1,7,0,0,1,2,1,1,0,9,0,3,2,5,0,5,1,610.8,False
3,3,2,4,3,1,0,5,2,3,0,3,0,6,5,4,1,4,2,4,2,585.1,True
1,2,10,10,5,4,3,0,1,8,2,1,2,7,0,1,2,3,0,2,1,654.6,False
3,4,7,10,5,5,8,4,2,4,1,10,10,5,10,4,2,6,1,5,3,664.5,False
1,4,4,6,6,10,4,3,1,10,2,10,3,4,7,4,2,2,2,10,1,669.4,False
4,2,4,2,4,10,3,2,2,7,2,7,2,7,2,2,2,10,8,3,3,671.1,True
3,2,3,3,6,3,10,3,2,0,2,3,3,8,10,2,2,0,1,7,0,622.9,False
4,4,4,5,5,4,6,4,1,7,7,1,3,9,7,2,2,7,6,6,2,680.5,False
2,4,5,1,10,10,6,5,2,5,0,4,4,7,4,4,1,10,0,10,1,648.4,False
1,3,1,5,1,7,4,0,1,3,2,7,2,6,8,2,1,3,1,10,1,611.4,False
1,4,4,3,10,2,4,3,1,3,1,9,3,6,10,10,1,4,2,4,1,606.7,True
1,4,0,7,8,10,1,2,1,5,1,8,1,7,7,4,1,4,0,1,1,615.2,False
4,2,10,6,5,5,1,1,1,7,1,4,3,7,0,1,2,2,1,10,1,677.3,False
2,4,5,6,3,4,2,1,1,3,2,8,4,8,10,2,1,2,2,10,1,623.9,True
3,5,10,10,5,10,6,3,2,7,4,9,5,6,0,5,1,10,3,10,1,686.6,False
2,2,2,10,10,6,10,2,2,8,3,7,4,7,0,8,1,10,10,10,1,688.1,False
0,5,3,7,5,5,2,4,2,8,6,4,2,8,7,5,2,10,3,2,1,633.3,False
0,5,2,7,6,6,2,2,2,8,4,4,2,8,5,5,2,10,1,1,1,623.1,False
3,2,4,3,4,4,10,3,1,8,1,6,5,8,0,1,2,7,1,7,1,691.5,False
2,3,1,5,3,4,3,2,2,2,4,4,1,8,2,2,2,3,3,3,1,618.0,False
5,0,3,6,0,6,6,3,1,6,5,4,10,7,7,0,2,7,4,3,1,692.6,True
1,4,5,5,10,9,4,2,1,7,1,2,5,8,0,0,2,7,6,5,3,685.6,False
3,5,3,4,10,5,3,2,1,5,1,2,2,9,0,10,1,4,0,5,1,619.5,False
1,0,2,10,10,8,10,5,1,3,3,6,5,6,2,10,2,2,0,0,1,674.1,False
1,1,3,3,10,10,10,1,1,4,5,2,10,8,1,5,2,4,4,9,1,695.8,False
2,5,1,4,3,10,3,1,2,8,2,9,6,6,0,3,1,2,1,8,2,625.4,False
5,4,2,6,7,5,1,1,1,10,2,10,0,8,10,3,2,5,2,10,2,665.1,False
4,2,7,5,8,7,2,3,2,7,3,4,5,5,3,1,1,3,7,10,2,663.3,True
2,1,6,6,2,3,2,2,1,4,2,5,2,9,0,5,1,5,0,5,1,635.4,False
5,3,3,3,6,5,0,2,1,4,2,9,0,7,5,3,1,2,10,8,1,647.7,True
1,3,7,5,4,9,3,5,2,6,1,2,6,6,1,1,1,2,3,10,1,644.4,True
3,5,6,10,10,10,1,1,2,7,2,3,5,8,10,1,2,2,1,5,1,643.3,False
2,2,5,10,5,10,10,5,2,0,3,10,2,8,7,1,2,10,5,10,0,700.8,False
4,1,8,10,8,5,8,4,1,9,8,9,5,7,1,0,2,8,7,10,3,759.9,True
3,1,0,4,3,2,4,1,1,3,1,2,9,6,0,1,2,2,1,1,3,635.9,True
2,4,0,2,5,3,2,2,1,1,1,4,4,6,0,0,1,4,8,3,1,619.3,False
2,4,2,6,3,10,7,3,2,8,5,4,5,7,1,3,1,10,2,10,1,660.3,True
4,3,4,7,9,5,3,3,1,8,5,6,7,7,7,1,1,5,3,6,0,674.3,False
5,2,4,10,10,6,4,5,2,2,2,3,0,6,0,0,2,3,2,4,3,668.4,False
1,5,0,1,1,2,0,1,2,3,1,7,0,4,10,2,1,5,0,0,3,539.6,False
1,1,2,1,3,1,1,0,2,5,1,4,0,8,0,2,2,10,2,10,3,624.8,True
4,4,7,1,10,10,2,5,2,3,2,3,1,7,10,7,1,7,9,6,3,632.9,True
2,3,4,4,5,6,1,4,1,3,5,1,1,7,3,2,2,6,3,4,1,649.5,True
1,2,1,3,10,6,2,2,2,0,3,1,2,7,0,3,2,1,3,4,1,617.2,False
5,3,10,5,10,1,1,4,1,4,3,2,10,8,0,1,2,3,4,6,3,695.8,False
3,3,4,0,5,10,3,5,1,3,3,6,6,9,10,10,2,4,1,4,0,645.8,False
1,3,2,6,5,10,4,2,2,4,8,3,4,7,5,0,2,2,2,4,1,641.4,True
3,5,8,8,10,10,9,5,2,8,5,5,10,7,0,1,2,10,3,5,3,721.7,False
2,3,4,4,5,3,4,1,1,5,4,5,1,6,0,2,2,5,2,7,2,653.5,False
3,0,10,10,10,10,10,5,1,7,5,9,5,6,5,1,1,10,7,10,0,749.5,True
5,3,10,6,10,6,2,5,1,9,3,10,1,5,0,0,2,5,3,10,3,724.0,False
1,0,5,6,8,10,5,5,2,10,8,5,3,8,0,0,2,10,7,10,2,728.7,False
5,0,3,2,2,2,10,0,1,8,7,10,8,7,0,1,2,2,10,10,1,717.6,True
3,2,3,3,5,7,4,0,1,8,2,5,3,7,0,3,2,3,1,5,1,657.1,True
3,3,6,8,10,5,3,5,2,5,3,5,1,8,0,5,2,3,1,5,3,662.4,True
5,5,2,0,2,2,0,3,1,5,0,1,1,8,0,10,1,2,0,10,1,595.3,False
5,5,2,1,2,2,0,2,1,5,0,1,1,8,0,10,1,2,3,10,1,598.7,False
1,2,5,10,3,10,5,4,1,10,2,2,5,6,0,0,2,6,5,3,0,695.4,True
1,0,5,10,5,10,8,3,1,10,0,2,5,7,0,0,2,10,5,3,0,712.6,True
4,5,1,4,5,10,2,3,1,7,1,5,5,4,6,5,2,3,1,0,1,632.7,False
5,1,3,3,0,2,5,0,1,7,4,5,10,8,5,3,2,4,4,7,2,669.2,True
4,2,10,3,10,10,8,5,2,7,3,7,2,7,0,5,2,2,4,7,2,698.3,False
4,3,5,3,5,4,3,5,2,5,1,2,10,7,0,3,1,5,1,7,3,642.9,False
2,4,5,2,2,6,0,0,1,3,0,8,1,7,0,0,2,4,0,7,2,633.9,False
3,1,5,2,1,3,4,3,1,9,3,3,2,8,0,1,2,7,6,10,2,685.8,False
2,4,2,6,6,3,1,2,1,7,0,2,5,7,10,2,2,10,1,4,3,634.4,False
2,1,5,7,10,6,4,5,1,10,8,2,10,7,0,3,1,4,4,8,3,705.8,True
2,2,0,3,0,2,1,2,1,0,3,3,0,7,0,2,2,2,0,1,0,604.0,True
1,2,10,10,7,10,6,1,1,9,1,2,10,8,0,3,2,5,2,4,1,700.9,False
1,2,7,10,8,10,8,0,2,8,1,7,3,7,0,1,2,10,1,7,2,689.8,True
3,3,0,4,5,6,3,5,2,2,0,1,10,8,0,1,1,5,0,9,1,634.4,False
0,3,0,10,5,3,5,5,2,7,3,3,3,5,0,2,2,5,3,5,1,646.1,False
3,2,10,10,10,10,3,5,1,7,6,2,5,8,1,1,1,8,8,10,3,728.1,False
4,2,10,4,4,4,3,1,1,3,0,3,8,7,0,4,2,5,1,3,2,660.1,False
2,4,3,7,6,4,10,5,2,5,0,4,1,10,0,0,1,4,1,1,2,635.4,False
4,0,0,10,0,2,8,3,1,0,2,1,3,8,5,0,1,1,3,9,1,641.2,True
3,2,4,5,1,5,3,1,1,8,1,1,0,6,0,3,1,2,0,10,2,625.5,False
2,4,5,2,2,6,0,0,1,3,0,8,1,7,0,0,2,4,0,7,2,633.9,False
4,2,10,6,10,5,7,5,1,7,4,9,5,7,0,2,1,10,6,10,3,731.0,True
1,5,3,1,1,2,0,2,1,3,3,1,10,8,0,0,1,2,0,10,0,614.0,True
2,2,8,8,7,8,8,4,2,5,6,3,2,8,0,2,2,4,5,5,2,687.5,True
1,4,10,4,1,5,6,5,1,6,3,10,8,6,0,2,2,6,2,3,2,686.8,False
2,2,3,4,0,3,1,1,2,1,1,1,1,6,10,2,2,2,0,1,3,569.4,False
3,1,1,5,2,10,4,3,2,8,5,10,1,6,2,1,2,4,5,5,3,671.5,True
5,3,7,9,6,10,5,3,1,7,2,8,1,7,0,2,2,7,2,2,2,701.9,False
5,3,3,4,10,10,4,0,1,5,1,10,2,7,10,2,2,3,6,5,1,670.0,True
0,3,2,2,2,10,1,0,2,2,1,9,1,5,0,10,2,6,1,1,2,592.9,True
0,3,2,1,1,10,1,0,2,2,1,9,1,5,0,10,2,5,1,1,2,587.8,True
5,0,10,10,1,4,3,0,1,10,3,10,3,8,0,0,2,5,0,10,0,712.7,True
3,3,10,6,10,5,8,5,2,10,3,3,3,5,0,2,1,10,3,7,2,683.5,False
4,1,7,7,1,10,0,1,1,1,1,8,2,7,0,5,2,3,1,6,1,661.1,True
3,4,1,3,2,7,4,1,1,6,2,5,1,7,4,2,1,7,1,6,1,624.8,False
5,1,10,4,10,10,3,5,2,4,6,6,4,7,0,3,2,10,7,8,3,723.6,False
1,3,10,3,1,7,3,3,1,3,1,10,0,6,0,6,2,10,1,5,1,659.6,True
2,3,6,10,10,10,5,2,1,2,4,4,2,5,10,2,1,3,8,6,1,656.5,False
5,1,0,5,6,10,3,1,2,2,3,10,5,6,0,3,2,10,1,4,3,669.8,True
5,3,4,4,3,8,3,0,1,5,1,3,2,6,0,0,2,1,3,3,1,648.0,False
4,1,3,10,3,10,6,3,1,5,3,4,5,9,2,1,2,3,2,10,0,703.2,False
5,2,10,10,10,10,7,3,1,4,2,8,5,9,0,3,2,2,2,10,0,731.2,False
1,1,0,0,1,1,0,2,2,5,2,10,10,6,0,1,1,10,1,5,3,622.2,True
3,4,3,10,4,10,5,3,2,9,4,7,10,8,3,6,1,6,5,3,1,664.5,False
3,2,4,3,2,3,3,0,2,3,0,3,2,7,0,1,2,5,1,4,1,615.9,False
1,5,0,2,1,7,1,5,2,1,0,1,7,8,10,5,1,1,0,1,1,557.9,False
2,0,10,6,4,2,3,5,1,3,1,1,0,9,0,3,2,8,3,10,3,683.9,False
3,4,1,3,2,7,4,1,1,6,2,5,1,7,4,2,1,7,1,6,1,624.8,False
5,3,4,6,4,9,5,3,1,5,6,6,1,7,3,4,2,5,5,5,0,684.5,True
5,3,10,10,10,8,10,5,1,9,4,6,5,8,0,0,2,10,8,10,1,771.4,False
3,5,2,5,3,2,2,1,1,2,1,10,5,6,10,9,1,10,3,2,0,601.8,False
2,3,6,10,6,10,5,5,1,5,10,10,5,6,5,1,2,5,2,6,2,714.0,True
5,1,3,7,1,10,5,3,1,3,6,6,7,7,10,2,1,4,6,4,0,667.5,False
3,2,3,7,3,10,6,5,1,10,6,10,10,7,10,0,2,2,10,4,0,717.6,False
2,3,4,10,7,10,6,1,1,4,2,6,4,7,4,5,2,6,3,4,0,672.6,False
2,1,2,6,7,4,4,4,1,10,5,9,8,8,0,0,1,10,4,10,0,712.5,False
3,2,2,8,10,4,8,4,1,8,2,9,8,8,0,2,1,10,10,10,0,726.1,True
2,3,8,6,10,6,5,2,1,8,6,6,5,9,2,0,2,6,9,7,0,718.9,False
1,5,4,5,3,10,3,5,2,0,3,2,0,5,0,2,2,5,2,2,2,620.4,False
2,5,1,2,1,10,1,1,2,5,2,5,5,6,0,2,1,2,1,5,2,597.4,False
3,3,4,3,4,6,7,2,2,9,4,7,4,7,0,1,2,5,8,4,1,674.5,False
2,2,4,4,5,6,10,5,2,7,7,7,10,7,0,3,2,10,3,6,0,705.1,False
3,3,7,10,6,9,5,1,1,9,5,6,4,7,0,4,2,8,4,8,0,710.0,False
2,4,3,5,5,8,2,4,2,2,1,8,2,8,0,2,1,10,0,5,0,634.1,False
4,3,9,10,8,8,4,2,2,9,5,6,10,8,5,0,1,5,1,10,1,689.8,False
1,4,2,6,3,3,0,0,1,7,1,5,2,7,0,7,1,4,2,7,0,607.8,False
2,1,10,5,8,10,10,2,2,9,8,10,5,8,0,1,2,10,6,10,2,741.6,True
4,1,10,7,4,7,5,2,1,9,2,9,0,9,0,1,1,5,2,10,1,697.4,False
2,4,5,1,2,5,3,2,1,4,0,10,2,10,10,2,2,5,1,10,1,643.4,False
2,5,7,1,0,10,4,3,1,2,3,1,4,6,3,4,1,3,0,4,2,610.2,True
0,5,0,10,7,10,3,3,2,2,2,10,4,5,10,8,1,5,0,4,1,598.2,False
2,3,4,8,3,5,5,3,1,7,3,10,6,7,3,3,2,3,3,6,0,680.2,True
4,1,3,9,2,8,1,0,1,2,3,2,4,6,4,5,2,5,1,2,2,639.3,False
4,1,10,4,10,10,4,5,1,9,4,5,10,8,0,1,2,6,8,7,3,750.8,False
2,5,4,1,0,6,1,1,1,0,0,1,0,8,10,10,1,0,0,10,1,557.9,False
5,4,5,5,1,5,1,1,1,7,5,3,5,7,10,2,2,0,1,1,3,627.8,True
2,3,10,8,0,2,2,0,1,3,1,10,1,7,0,8,1,8,1,3,2,625.8,True
0,4,7,4,6,3,8,4,2,3,5,3,3,9,0,2,2,10,3,9,2,667.3,False
4,5,2,10,10,10,5,5,2,8,5,7,5,7,0,10,2,10,4,8,1,698.3,True
5,2,4,5,10,4,10,5,2,5,3,10,10,7,10,3,2,4,5,10,3,700.6,True
3,1,10,8,10,7,10,3,1,10,6,4,5,8,0,2,2,8,8,8,2,750.6,False
1,4,1,3,3,2,1,1,2,0,2,2,4,6,10,10,1,2,1,2,1,537.3,True
2,2,2,4,0,7,3,5,1,4,2,10,2,7,0,3,1,2,2,7,0,647.9,False
2,3,5,5,10,6,5,2,1,10,2,8,10,7,5,3,2,10,1,4,1,695.1,False
2,5,10,5,10,3,10,2,1,1,1,5,3,6,10,1,2,5,2,7,2,656.9,False
2,5,8,3,1,7,4,1,2,4,4,3,10,5,8,3,1,5,2,3,0,603.6,False
3,4,6,4,5,6,1,4,2,6,2,1,2,5,0,8,1,10,2,4,1,616.8,False
3,5,2,3,3,8,2,2,2,5,1,3,10,5,10,7,2,2,1,6,3,603.6,False
1,5,1,4,5,2,1,1,1,0,0,5,2,9,0,0,1,0,1,3,2,592.9,True
1,5,4,1,10,10,3,0,1,4,5,10,1,8,10,1,1,3,4,8,2,636.2,True
1,1,5,4,2,7,2,1,1,1,2,5,2,9,0,2,2,4,1,2,2,642.2,False
3,3,5,5,10,10,7,5,1,8,3,10,5,7,0,3,2,10,5,7,1,732.9,False
2,2,10,4,5,8,8,5,2,7,4,5,2,7,7,2,2,8,8,8,3,691.1,True
5,2,1,4,5,3,10,5,2,10,4,8,10,8,1,0,2,5,5,10,3,714.0,False
1,5,3,3,3,5,2,2,2,8,1,7,2,7,6,5,1,5,2,2,1,589.5,False
4,2,5,5,10,10,3,1,2,8,3,5,5,5,0,2,2,10,10,3,1,692.4,False
2,2,7,7,5,9,6,2,1,8,10,10,1,5,10,5,1,3,6,7,1,671.3,True
1,3,6,8,6,9,7,2,1,8,4,2,10,7,2,1,2,4,0,3,1,683.7,True
3,2,10,3,6,8,6,3,1,5,3,5,10,8,5,0,2,10,4,2,2,704.9,False
2,2,5,5,2,1,1,5,2,3,1,4,1,7,0,0,1,5,1,4,1,614.4,False
3,4,4,5,10,10,6,3,2,10,4,10,10,7,0,3,2,10,3,5,1,709.1,False
2,3,3,4,4,2,4,3,1,7,2,4,1,7,0,1,2,7,1,1,1,648.4,False
2,3,3,3,10,10,2,1,2,8,10,6,3,6,0,7,2,7,8,4,1,670.7,True
1,3,7,2,4,5,6,3,1,9,3,6,3,8,7,1,1,7,5,7,0,659.2,True
4,2,3,4,4,4,2,2,2,3,0,2,1,7,10,2,2,4,3,6,1,612.3,True
2,4,10,7,10,5,4,3,1,6,1,8,5,7,4,2,2,3,4,7,1,688.3,False
2,2,7,5,4,4,3,2,1,4,3,1,3,5,8,3,2,5,6,3,2,640.6,False
1,3,4,9,5,3,3,1,2,7,2,3,1,8,5,4,1,3,1,5,1,602.5,False
0,3,4,4,10,10,5,2,1,8,4,1,3,6,4,0,1,5,4,0,2,644.2,False
4,1,4,5,7,10,2,1,1,5,6,2,10,6,0,3,2,7,2,5,1,692.0,True
3,3,3,6,5,2,3,3,1,9,6,5,1,7,0,1,2,5,3,4,1,672.4,False
3,4,3,7,5,5,2,1,1,8,3,5,1,7,0,3,1,2,4,6,1,640.1,False
1,4,3,8,4,10,3,5,1,8,8,10,10,10,4,1,1,10,10,3,1,711.4,False
2,2,3,5,3,5,2,3,1,6,8,4,2,8,7,3,1,1,2,5,1,631.6,True
5,1,10,1,4,4,4,0,1,3,3,6,3,7,0,1,2,3,3,3,0,667.5,False
5,5,10,4,10,10,0,5,1,3,1,10,0,7,0,1,2,10,0,10,2,707.4,True
4,3,8,5,4,10,2,3,1,8,2,9,3,6,3,1,1,2,2,6,1,667.9,False
5,3,10,8,10,10,7,2,2,8,6,5,8,8,0,3,2,10,8,8,3,735.5,False
2,2,6,10,10,10,10,3,2,7,5,2,3,8,10,1,2,3,2,5,0,675.4,False
5,3,3,8,4,10,4,2,1,5,10,10,3,6,3,1,1,4,5,5,1,685.1,False
2,4,2,6,1,5,2,5,2,7,1,7,0,6,5,7,1,10,3,4,1,611.4,False
0,2,4,8,3,4,2,5,2,2,3,3,3,6,0,0,2,5,1,10,0,648.0,False
3,3,3,3,6,10,5,5,1,8,4,8,4,9,6,1,2,3,5,6,1,695.5,False
1,4,10,10,1,10,4,1,1,6,3,5,4,6,7,1,2,4,8,7,0,675.6,True
2,2,8,6,10,10,8,3,1,8,7,3,4,8,0,4,1,8,6,8,0,709.6,False
1,2,3,10,3,10,3,2,1,10,10,10,2,7,0,0,2,4,3,10,1,712.5,False
2,1,3,9,6,8,5,1,1,8,8,10,3,7,0,1,2,10,8,4,0,721.0,True
1,1,5,9,6,6,7,2,1,7,8,10,3,7,0,1,2,10,8,6,0,726.1,True
2,2,3,5,6,5,6,3,1,5,5,5,5,8,0,4,1,4,3,4,1,659.0,False
5,1,2,7,9,8,7,3,2,8,4,9,6,6,0,3,2,4,5,7,0,705.3,False
2,5,10,7,4,10,6,5,2,4,1,10,1,7,0,10,2,4,2,5,1,658.1,False
4,5,10,6,10,10,3,5,2,5,2,8,5,8,0,8,2,10,2,10,2,698.7,False
3,3,5,4,2,6,2,3,2,4,2,2,4,6,0,4,1,2,2,5,1,610.4,False
2,3,10,3,1,10,3,1,1,3,1,2,2,8,0,3,1,6,1,7,0,638.0,False
3,4,0,3,4,6,4,3,2,5,3,9,2,5,3,3,1,10,1,7,1,626.9,False
0,5,3,10,9,2,4,0,2,7,7,1,0,7,3,2,1,4,10,10,1,629.1,True
3,4,5,3,5,10,4,2,2,10,7,5,10,6,0,3,2,5,4,10,1,687.5,False
5,0,10,10,10,10,10,5,1,10,10,10,10,7,0,0,2,10,10,10,2,814.5,True
5,1,5,7,5,10,8,3,2,7,1,5,5,7,1,1,2,6,6,10,1,706.4,True
2,5,1,3,1,6,3,2,2,4,2,5,1,8,10,8,2,4,1,6,2,589.3,True
1,3,5,1,6,2,0,0,2,0,0,2,0,7,1,3,2,8,0,7,0,597.0,True
4,1,3,6,3,5,4,2,1,7,2,10,1,8,0,0,2,7,1,8,1,692.3,True
3,5,5,7,10,7,5,3,2,4,10,6,3,6,5,0,2,5,6,9,0,682.6,False
2,1,0,1,0,10,7,1,1,7,2,5,3,6,0,1,1,10,0,10,0,655.2,True
1,3,2,1,0,2,2,0,1,1,4,3,7,7,2,4,1,1,0,8,0,593.8,True
2,2,2,7,5,4,4,3,2,4,8,1,10,7,10,1,2,8,8,5,3,661.4,True
5,3,10,5,5,4,2,5,1,7,2,2,3,7,0,1,2,2,5,5,1,685.4,False
3,2,10,6,4,7,6,3,1,6,5,7,1,8,0,0,2,4,7,10,1,715.5,True
5,1,3,10,10,5,5,5,1,8,1,6,1,7,0,1,2,6,4,10,2,721.9,False
4,4,4,9,5,5,5,1,1,9,0,6,2,9,0,2,1,3,1,4,2,652.6,False
5,3,6,10,3,3,2,4,1,5,2,5,1,6,0,2,2,5,1,7,3,675.6,False
2,2,3,5,3,4,3,1,1,5,2,5,0,10,5,3,1,3,3,6,1,625.4,True
2,2,3,7,4,7,1,1,2,6,4,2,1,7,0,0,1,1,5,4,0,620.8,True
1,2,3,3,1,5,1,3,2,3,1,2,0,6,0,0,2,2,1,10,3,617.2,False
4,2,2,4,4,10,5,5,1,8,2,10,1,6,0,1,2,10,1,6,1,703.8,True
3,3,2,4,7,10,1,1,2,3,5,10,2,7,3,1,1,0,3,9,1,634.3,True
1,3,2,3,7,8,1,4,2,3,4,5,1,8,0,1,2,4,10,3,2,652.2,True
3,3,0,5,6,10,0,1,2,7,5,1,1,7,5,1,2,6,7,8,3,646.1,False
3,2,3,10,10,10,4,2,1,5,8,10,2,7,2,2,1,5,8,5,1,698.9,False
5,3,8,8,5,3,3,4,1,6,3,8,5,8,2,2,2,5,2,6,2,697.0,False
5,3,2,10,1,10,2,3,1,7,3,6,2,7,0,3,2,6,2,6,0,684.5,False
2,3,10,7,7,10,10,1,1,9,6,7,10,6,0,5,2,10,5,5,1,728.7,True
1,1,2,5,1,2,1,1,1,7,1,6,10,6,0,3,1,2,3,5,0,631.6,True
2,4,2,9,10,6,6,0,1,5,2,2,1,7,5,5,2,10,1,7,2,654.8,False
3,1,4,6,6,9,5,2,2,6,7,6,10,7,10,4,2,5,8,7,3,682.8,False
2,0,1,10,5,10,5,3,1,5,2,5,5,6,0,1,2,0,1,10,3,689.2,True
3,4,3,2,3,4,2,4,2,5,1,8,1,7,3,3,2,3,2,2,3,620.3,True
5,3,5,9,5,9,3,1,1,7,6,4,1,7,3,3,2,3,3,4,1,675.6,False
2,3,5,2,1,4,0,0,1,0,1,10,5,7,0,1,2,3,0,10,1,641.1,False
4,3,5,6,6,4,4,2,2,8,4,8,5,6,0,0,2,4,2,5,3,671.1,False
1,5,5,9,0,0,10,4,1,5,0,6,2,10,10,10,1,10,1,3,0,617.1,False
3,3,2,5,5,3,3,0,1,10,8,5,3,7,3,2,2,7,9,3,1,674.1,True
3,3,2,6,2,4,0,0,1,6,4,3,1,7,7,5,2,4,9,3,1,629.5,False
0,0,0,6,6,5,3,5,1,5,3,7,10,9,3,0,2,3,5,10,2,698.7,True
3,4,1,3,2,7,1,4,1,1,1,5,2,6,1,6,2,4,1,2,1,622.9,False
1,3,3,4,1,2,0,0,1,3,1,4,1,7,0,10,1,4,0,10,1,590.6,True
3,5,1,5,5,4,5,2,1,5,2,5,10,8,10,2,2,3,10,10,3,667.5,True
3,4,1,0,3,1,0,0,1,0,0,2,1,6,9,10,1,1,1,10,0,554.3,True
3,4,5,4,5,10,2,5,2,5,1,10,2,5,0,2,2,10,0,10,1,674.7,True
2,5,3,10,2,10,5,2,2,1,2,3,0,5,0,3,1,10,1,10,1,625.7,False
3,0,0,0,0,3,5,0,2,7,1,3,0,5,0,2,2,7,0,7,3,617.2,True
3,2,6,2,3,4,3,3,1,6,0,3,1,7,5,4,1,1,2,5,1,617.6,False
5,1,4,5,5,10,3,0,1,10,10,3,10,8,0,0,1,6,8,2,2,702.8,False
3,3,3,2,3,6,4,2,1,7,2,3,4,8,0,4,1,4,3,9,1,645.0,True
3,5,1,0,1,2,0,0,2,1,1,4,1,5,10,1,1,3,0,1,3,537.5,False
2,5,1,1,1,1,0,1,2,1,1,4,1,9,10,10,1,3,1,0,3,529.8,False
2,1,5,10,10,10,5,5,1,2,2,10,10,8,10,10,2,7,4,10,1,709.3,True
1,4,1,3,2,2,1,1,1,4,2,5,3,4,8,1,1,1,1,2,2,576.6,False
2,4,1,4,2,4,3,2,1,2,3,8,5,3,4,4,1,3,0,2,2,600.8,False
5,0,10,7,10,5,10,2,1,7,3,10,5,8,0,0,1,10,10,10,1,750.1,True
3,1,10,5,10,5,10,5,1,3,5,7,1,8,0,5,2,10,5,4,2,720.6,True
2,0,8,6,4,10,3,4,2,10,5,8,10,8,0,0,2,10,6,5,0,725.9,True
3,0,10,8,6,10,7,4,2,10,8,8,10,9,0,0,2,10,8,10,0,765.2,True
3,2,3,3,5,6,3,3,1,5,1,9,0,6,3,4,2,3,1,10,2,659.4,True
1,5,1,3,2,2,1,1,2,0,1,1,0,6,0,10,1,1,0,10,2,549.0,True
1,3,0,2,0,6,2,1,1,2,2,2,5,8,4,7,2,3,1,2,2,600.6,False
3,1,5,4,4,2,2,5,1,5,0,3,3,8,0,5,1,2,1,7,1,639.9,False
5,3,8,7,10,8,5,5,1,8,8,10,0,7,0,4,2,10,10,10,2,753.3,False
5,5,2,2,0,4,0,0,2,6,2,1,0,6,0,3,2,3,3,2,2,593.2,False
3,1,1,1,3,1,2,3,1,6,5,7,5,7,1,1,2,1,8,10,3,674.5,True
5,3,3,10,10,10,6,5,2,8,4,5,10,5,0,1,2,10,10,5,3,731.5,False
0,5,0,0,10,10,1,5,2,3,0,1,2,4,0,1,1,6,3,1,1,596.2,True
3,1,5,10,10,10,5,5,1,5,5,10,10,8,2,1,2,7,10,10,2,762.0,False
3,2,10,8,4,3,4,3,1,4,5,5,5,8,0,0,2,4,2,2,2,686.2,False
1,5,0,7,2,10,2,0,2,4,1,10,0,7,4,10,2,6,2,4,0,603.7,False
2,3,7,7,10,8,10,5,2,5,6,10,10,7,0,5,2,10,8,8,1,732.9,False
0,5,0,0,0,0,0,0,2,0,0,1,0,1,10,10,1,0,0,0,1,480.0,True
1,4,4,10,5,10,8,2,1,4,4,2,3,7,10,8,1,7,2,6,2,634.4,False
5,4,0,4,2,3,0,0,1,3,0,6,0,4,6,9,1,2,3,5,2,578.5,True
3,4,4,10,10,5,8,5,2,6,6,5,10,8,5,8,2,5,5,6,1,687.9,False
4,4,3,3,5,5,4,5,1,1,4,6,1,6,10,8,2,7,5,4,2,641.8,True
2,5,0,7,9,9,10,0,1,7,9,8,7,6,2,7,1,3,7,3,1,666.0,False
1,5,0,3,8,3,6,5,1,5,10,10,10,8,0,1,1,3,2,5,0,673.6,False
3,5,3,2,7,2,2,5,2,0,3,8,10,4,8,10,2,0,0,10,1,612.9,False
2,5,4,6,10,10,10,5,1,8,5,10,10,7,0,0,2,10,6,4,3,741.4,False
2,3,3,4,1,10,2,2,2,4,4,7,8,4,2,2,1,4,4,2,3,622.9,True
2,3,1,5,10,10,5,2,2,10,2,1,4,7,4,2,2,5,2,3,2,649.5,False
4,3,7,8,6,5,2,1,1,7,1,8,1,7,0,3,2,2,3,7,1,674.7,False
5,3,6,2,6,3,3,0,1,9,2,7,5,8,0,1,2,3,7,10,1,690.0,True
5,2,10,3,3,2,3,0,1,10,4,10,4,8,1,8,2,10,1,10,1,692.3,False
2,2,10,8,10,5,8,5,1,5,2,9,5,7,2,2,1,3,2,5,0,691.9,True
5,2,6,8,10,10,2,5,1,5,1,10,5,7,10,3,2,9,7,10,3,722.7,False
2,4,4,7,7,10,4,4,1,6,6,4,10,7,5,2,2,5,2,4,0,687.5,False
2,3,2,3,10,2,3,5,1,9,4,10,6,7,0,1,1,2,5,7,2,678.5,False
4,3,9,0,2,4,3,2,1,6,1,4,1,6,5,1,2,3,2,9,2,648.2,True
1,2,2,5,2,4,2,2,1,3,3,7,3,7,6,5,2,10,1,10,1,649.0,True
2,1,6,10,10,5,10,5,2,8,5,8,5,9,0,0,1,8,6,10,3,721.0,False
0,3,10,4,3,3,4,0,1,3,0,2,2,8,0,4,2,4,0,10,3,636.3,False
4,1,8,10,10,8,8,4,1,8,8,8,3,8,0,0,2,10,5,10,2,765.0,False
4,2,4,4,3,3,3,1,1,5,2,5,1,8,3,4,1,2,3,6,1,628.4,False
5,3,10,10,10,10,10,3,1,6,6,6,5,7,0,1,2,5,2,7,2,738.9,False
4,4,1,5,7,5,1,1,1,8,3,1,10,6,10,9,2,4,4,8,1,640.8,False
1,2,5,3,0,4,0,0,1,4,0,1,0,7,0,1,1,3,0,1,1,588.3,False
2,1,5,10,6,6,8,5,1,9,3,2,4,7,0,2,2,7,8,10,2,724.5,False
2,3,5,6,6,5,4,5,1,3,6,4,2,7,3,3,2,5,4,8,0,677.3,True
1,1,1,2,10,4,3,2,2,3,6,1,0,7,10,0,1,3,8,3,3,605.3,True
3,2,10,5,10,3,2,1,2,8,10,2,10,8,10,1,2,10,2,8,1,683.9,True
2,5,6,7,10,10,2,0,1,10,6,10,10,7,0,10,2,10,10,2,1,707.4,False
4,3,4,10,10,10,5,5,2,10,4,7,7,8,4,4,2,10,1,10,0,717.2,False
2,1,2,10,10,7,2,5,2,8,6,3,7,7,0,3,2,7,4,10,3,702.6,True
3,1,7,10,10,9,2,5,1,7,2,6,5,7,0,2,2,4,6,10,3,728.7,False
2,1,7,2,4,3,2,5,2,7,0,7,5,8,0,4,2,5,3,10,2,667.9,False
3,2,10,7,3,10,5,2,1,5,2,5,4,10,10,10,2,4,1,10,0,669.6,True
5,1,10,6,7,5,6,3,1,7,4,10,5,8,0,1,2,6,3,10,3,734.8,False
3,1,5,3,7,2,1,3,1,4,1,2,2,7,3,1,2,5,2,2,1,646.3,True
3,3,8,10,5,10,6,5,1,6,7,6,10,8,10,5,2,7,4,8,0,717.0,False
4,4,5,4,1,4,5,2,1,4,2,7,1,7,0,4,2,3,1,3,2,643.9,False
2,2,10,5,10,10,10,5,1,7,3,7,10,8,0,1,2,3,5,10,1,746.1,False
1,5,1,5,3,2,1,0,2,0,1,1,0,7,0,2,1,0,1,5,1,557.7,True
1,5,3,3,3,0,1,4,2,0,5,2,0,5,2,1,1,0,0,2,0,564.3,True
4,4,6,3,5,10,0,1,1,8,1,10,2,6,0,0,1,2,2,5,1,652.8,False
3,1,4,10,3,3,3,4,2,7,3,1,0,6,5,5,2,0,3,7,3,634.0,False
2,3,1,2,2,10,5,1,2,8,2,1,2,8,10,1,2,7,1,1,3,612.3,True
2,1,2,6,5,4,1,5,1,1,2,3,3,6,2,10,2,2,0,2,1,625.9,False
5,2,0,1,0,1,0,0,1,2,1,1,0,10,10,2,2,2,2,2,1,590.6,True
4,3,4,8,8,7,5,1,1,8,7,8,10,6,0,7,2,4,2,7,1,701.7,True
1,3,10,6,7,10,10,1,1,8,6,5,10,7,1,5,2,10,8,5,1,723.4,False
3,3,4,1,5,10,0,5,2,4,0,1,1,7,10,0,1,4,6,3,3,607.0,False
3,5,10,3,7,3,4,5,1,6,4,5,1,6,0,10,2,8,2,4,1,663.7,False
4,2,10,7,7,10,5,5,1,7,4,10,7,7,0,2,2,8,5,6,1,743.1,True
4,5,1,7,6,2,1,2,1,5,3,7,5,7,3,2,1,5,2,8,2,642.2,False
2,2,4,5,4,9,6,3,1,8,4,4,2,7,7,0,2,7,2,2,1,670.5,True
3,3,5,7,7,6,5,3,2,7,4,3,5,8,1,0,2,2,5,5,2,672.2,False
3,3,6,6,7,3,5,0,1,0,6,5,5,1,6,0,2,6,0,4,0,644.0,True
3,1,10,6,5,3,10,3,1,9,6,8,8,7,2,1,2,10,6,8,3,739.3,True
3,1,8,10,9,10,7,4,2,8,7,10,9,7,2,0,2,7,10,5,0,746.5,False
3,3,1,4,10,10,3,1,2,4,5,2,3,6,3,4,1,4,3,3,3,618.9,False
3,5,10,6,2,3,2,1,1,1,1,5,0,7,10,2,2,4,2,5,1,621.4,True
4,3,8,9,7,5,8,3,1,8,8,7,5,6,6,4,2,8,7,7,1,718.5,True
0,3,3,6,8,10,6,1,2,5,6,7,5,6,4,3,1,4,3,4,0,635.2,False
5,5,6,10,5,5,6,5,1,9,10,2,1,9,0,3,2,3,10,10,2,721.5,False
0,4,3,2,3,10,0,0,2,9,0,4,1,7,0,6,2,1,0,2,2,594.0,True
3,1,8,3,8,3,7,1,1,8,2,8,3,7,3,2,2,7,4,7,0,693.4,True
3,1,8,4,8,3,6,1,1,7,2,8,3,7,4,1,2,7,4,6,0,690.0,True
0,5,2,6,6,10,4,5,2,9,4,7,1,8,10,1,1,0,0,0,1,608.4,False
5,5,4,3,10,10,1,5,2,2,2,4,1,6,10,2,1,5,4,3,2,619.3,True
2,5,7,6,3,6,2,5,2,3,0,4,10,7,2,4,2,6,1,8,1,650.1,False
1,5,3,7,10,7,9,4,2,8,4,8,5,8,5,5,2,6,8,9,1,686.8,True
0,1,1,10,4,2,5,4,2,3,5,4,10,6,0,1,2,1,7,8,1,666.9,False
3,2,3,4,5,8,2,1,2,7,1,6,0,6,7,4,2,5,0,10,3,631.6,False
3,3,5,2,2,5,1,2,2,0,1,7,0,5,10,4,1,6,1,1,2,573.8,True
3,4,10,7,10,10,6,5,1,7,5,8,1,7,7,1,1,6,4,10,2,701.9,False
3,1,6,3,4,3,5,1,1,4,5,6,2,10,10,0,2,10,3,10,1,678.3,False
3,4,3,10,10,7,10,3,2,7,5,8,2,5,2,9,2,6,9,10,2,691.3,False
3,1,5,3,7,2,1,3,1,4,1,2,2,7,3,1,2,5,2,2,1,646.3,True
2,1,5,3,1,5,4,1,2,3,4,2,2,7,5,2,1,3,1,7,1,603.8,True
2,3,5,10,2,9,5,2,1,6,3,8,10,8,7,7,1,10,3,5,0,669.8,False
3,3,4,8,4,10,7,4,1,7,5,6,10,8,2,1,2,5,1,4,2,706.8,True
4,4,3,5,2,5,3,3,2,8,6,6,5,7,0,2,2,2,1,10,1,660.7,True
2,5,6,10,2,9,5,1,1,9,0,2,5,9,0,2,2,10,4,4,1,680.7,False
4,5,1,3,6,2,0,5,2,2,1,1,1,10,0,4,1,10,0,3,3,604.2,False
4,5,1,3,3,2,0,4,2,2,0,1,1,10,0,5,1,10,0,1,3,588.9,False
3,3,5,4,5,10,5,1,1,5,0,2,2,8,10,9,2,6,1,1,2,626.1,True
5,3,5,10,10,10,2,5,2,2,2,6,2,6,0,4,2,4,2,4,2,674.1,False
2,2,2,10,7,9,5,2,1,2,3,2,10,5,10,1,2,5,2,5,0,664.6,False
0,1,1,10,4,2,5,4,2,3,5,4,10,6,0,1,2,1,7,8,1,666.9,False
3,3,10,7,10,8,4,5,1,7,3,7,4,6,10,4,2,4,5,5,1,693.0,False
2,5,3,5,10,9,5,4,1,5,1,3,2,5,8,2,2,7,1,2,3,647.8,False
4,1,3,4,3,6,7,4,2,8,4,6,8,8,2,2,1,7,6,7,0,677.9,True
3,2,10,4,10,2,2,3,1,8,3,8,4,8,0,0,1,5,2,10,2,690.2,True
5,3,5,10,10,10,2,5,2,2,2,6,2,6,0,4,2,4,2,4,2,674.1,False
5,0,2,5,10,5,2,5,1,10,10,5,2,7,0,0,2,10,10,10,3,747.2,False
4,3,4,5,8,10,8,5,1,4,1,6,3,8,10,1,1,9,1,8,3,676.2,False
1,0,1,2,3,4,1,1,2,3,1,3,1,6,2,2,1,3,1,1,3,580.0,False
4,2,10,5,10,10,2,1,1,3,1,9,5,8,10,0,2,1,3,7,1,683.6,False
3,4,0,2,2,10,5,1,2,5,1,8,3,5,0,3,2,3,1,2,3,621.6,False
3,2,5,6,10,6,3,5,2,5,4,7,10,5,10,2,2,4,3,10,1,679.2,False
0,5,0,1,6,2,1,0,2,7,1,4,0,10,7,0,1,4,0,6,1,572.5,False
3,2,4,5,3,10,5,5,2,7,2,9,5,5,0,1,2,10,1,6,3,688.1,False
5,3,2,8,8,10,7,4,1,9,4,5,5,7,0,2,1,4,7,6,1,703.0,False
0,1,1,10,4,2,5,4,2,3,5,4,10,6,0,1,2,1,7,8,1,666.9,False
5,2,1,6,3,4,2,2,1,7,4,3,3,7,5,1,2,3,1,3,1,649.9,False
5,2,2,6,3,2,2,2,1,7,4,1,2,7,5,1,2,3,2,2,1,642.7,False
3,2,5,7,5,5,4,5,1,5,0,10,4,8,0,2,1,4,1,8,1,677.0,False
3,5,2,10,10,10,6,5,2,5,4,6,5,7,0,4,2,10,5,4,2,693.0,True
5,1,3,10,10,10,8,5,1,7,2,6,10,7,0,2,2,10,10,8,2,762.7,False
5,2,1,5,2,10,2,2,1,9,1,4,2,6,0,1,2,8,1,10,2,682.2,False
3,3,2,10,8,8,5,1,2,8,3,5,10,4,6,1,2,4,4,5,2,666.7,True
2,3,5,3,4,5,5,0,2,4,7,1,0,6,2,4,2,6,5,2,2,622.1,True
2,1,5,3,4,4,5,4,2,6,5,1,5,8,0,3,2,0,3,6,1,651.4,True
3,1,5,3,7,2,1,3,1,4,1,2,2,7,3,1,2,5,2,2,1,646.3,True
5,3,6,5,10,6,1,4,1,2,0,5,0,6,2,0,2,8,0,2,1,667.1,False
0,1,1,10,4,2,5,4,2,3,5,4,10,6,0,1,2,1,7,8,1,666.9,False
5,5,0,0,10,10,3,5,2,10,3,5,2,6,7,7,2,10,6,0,1,650.1,False
5,1,10,4,10,10,10,5,1,1,5,10,10,10,0,3,2,10,4,10,1,767.5,False
2,1,6,7,5,10,5,0,1,5,6,7,0,7,0,1,2,10,8,3,1,700.0,False
3,1,2,10,2,10,2,4,1,8,0,1,0,5,10,3,1,9,4,10,0,650.8,False
3,2,10,10,10,10,10,5,1,8,10,8,10,7,0,7,2,10,8,7,1,773.3,False
0,5,0,0,0,6,3,5,2,4,0,5,6,8,6,0,1,5,1,3,1,589.3,True
2,4,4,1,2,4,4,5,2,5,2,5,1,5,10,5,2,2,1,8,2,605.7,True
2,1,3,10,10,10,4,2,1,3,5,2,10,7,10,1,2,4,1,10,2,688.8,True
2,4,3,2,4,5,3,2,1,6,1,1,2,7,10,5,1,2,1,7,3,595.1,True
5,5,1,7,8,7,1,1,1,5,1,7,3,7,10,2,2,8,1,6,2,652.4,True
4,3,10,3,3,4,2,1,2,5,1,10,1,7,0,7,1,5,4,10,2,636.0,False
3,3,7,4,5,3,7,4,2,7,6,3,1,7,10,1,2,7,6,7,3,660.1,False
5,5,2,4,7,4,4,3,1,3,1,1,4,7,10,1,2,3,1,7,2,635.9,True
0,5,0,10,4,10,0,5,1,7,0,3,1,10,10,2,2,3,0,10,1,642.0,False
2,5,5,2,10,9,3,5,1,4,6,6,3,6,10,10,2,1,7,9,1,657.1,True
5,1,10,10,10,6,3,5,1,8,1,8,1,8,0,0,2,4,4,10,1,736.1,False
2,2,0,3,10,10,4,0,1,7,1,3,0,6,10,1,2,6,3,4,3,641.2,True
2,4,1,3,4,10,3,2,2,2,7,1,1,5,7,7,2,5,1,4,2,601.5,True
0,3,1,10,1,5,0,1,1,0,0,1,0,6,0,2,2,0,3,2,0,601.7,False
2,5,4,10,7,10,6,1,2,3,6,3,10,7,10,5,1,5,3,7,1,634.6,False
4,5,1,10,0,8,6,0,2,3,4,1,1,8,3,5,1,2,10,1,0,605.5,False
5,1,4,5,3,7,5,1,1,8,3,4,10,8,0,5,2,2,7,10,0,701.3,True
3,3,10,4,7,2,6,5,2,5,4,4,2,7,0,3,2,3,3,8,3,668.8,False
4,4,3,5,2,4,0,5,2,3,2,4,0,6,5,3,2,7,1,3,2,617.6,False
2,1,1,3,3,5,1,1,1,2,0,6,3,5,0,9,2,0,5,5,0,621.2,True
3,1,1,3,3,3,3,3,2,7,2,1,4,8,0,1,1,8,2,4,3,627.6,False
5,3,8,7,4,10,6,3,1,6,5,9,2,7,0,6,2,10,4,10,0,720.8,False
1,5,4,10,1,10,2,1,2,2,5,2,10,9,7,1,2,2,6,10,1,646.7,False
0,3,5,6,5,5,0,5,2,2,10,6,10,7,10,1,2,1,2,5,1,643.7,False
3,5,10,10,10,10,7,5,1,9,1,3,5,5,0,2,2,10,1,10,1,724.3,False
5,3,2,5,5,6,5,4,2,9,5,8,5,6,0,7,1,6,1,10,2,662.6,False
0,3,10,10,1,6,5,4,1,7,4,5,10,6,10,0,1,4,4,6,0,665.4,False
1,1,0,0,3,5,1,0,2,6,0,3,1,8,5,1,1,3,1,5,1,580.4,True
4,4,3,8,7,9,6,2,2,7,6,5,8,9,0,2,2,8,7,9,3,706.8,False
4,2,0,2,4,3,2,3,2,3,1,1,5,8,5,0,2,1,1,5,3,615.7,False
4,4,2,4,10,8,8,5,1,5,5,6,5,7,10,10,2,3,1,2,1,659.0,True
3,2,3,3,2,10,6,1,1,4,3,10,5,8,0,3,2,10,3,10,2,697.4,False
5,3,6,6,10,10,5,5,2,8,1,3,10,8,0,3,2,10,2,10,3,716.4,True
2,3,10,3,8,10,4,2,1,6,3,5,2,7,5,7,2,10,5,5,3,679.2,False
2,1,3,8,10,10,6,1,2,8,3,4,3,7,0,3,2,10,4,2,3,680.7,False
3,3,5,7,10,7,4,3,2,5,4,5,0,7,4,0,1,7,0,2,2,640.1,False
3,2,10,5,10,4,7,5,1,7,4,7,5,7,5,2,2,7,2,5,1,708.5,True
4,3,10,10,10,10,10,4,1,7,3,8,2,8,0,1,1,10,8,10,1,742.9,False
2,4,7,8,10,10,3,5,1,6,2,2,1,5,10,3,1,3,8,2,1,647.6,True
2,5,3,4,3,10,1,3,2,6,5,5,1,6,7,5,1,4,3,4,1,602.5,False
1,1,3,4,2,5,4,2,1,3,1,5,2,6,10,10,1,4,1,5,2,595.7,True
4,5,1,2,4,10,3,2,2,5,2,6,2,7,10,7,2,4,1,3,3,606.3,True
2,2,4,7,5,1,0,2,1,4,0,5,3,5,0,1,1,1,2,4,1,621.0,False
1,2,10,6,4,6,3,1,1,9,2,2,3,7,0,2,2,10,4,6,2,682.0,False
4,1,4,2,8,4,2,2,2,6,8,8,4,7,5,1,2,10,4,2,1,671.3,False
2,2,10,10,1,10,3,1,1,3,3,1,3,10,1,5,1,3,3,3,0,646.7,False
3,2,5,7,5,6,3,2,1,8,2,10,2,8,5,7,2,10,1,7,2,680.4,True
3,1,5,3,7,2,1,3,1,4,1,2,2,7,3,1,2,5,2,2,1,646.3,True
2,3,4,8,6,10,8,5,2,8,3,7,8,8,0,6,2,5,3,8,3,696.8,False
5,4,2,4,1,5,0,0,1,5,1,1,5,6,10,1,1,0,1,10,1,600.0,True
5,3,10,7,2,10,6,1,1,6,10,10,3,9,0,1,1,7,0,5,1,701.0,False
1,5,3,2,5,4,5,3,1,10,4,7,7,6,0,1,1,3,4,5,0,652.2,False
1,5,0,10,10,0,1,5,1,10,0,2,0,5,0,10,1,5,0,0,1,605.1,False
2,3,4,4,7,10,7,2,1,10,0,8,4,7,0,0,1,6,5,10,1,690.0,False
3,5,3,9,5,8,6,0,1,6,3,7,4,8,10,7,1,3,0,5,1,625.4,False
5,1,5,4,10,10,6,4,2,9,1,10,10,7,0,0,2,10,5,10,2,739.7,False
2,0,5,3,3,3,3,2,2,7,4,4,2,8,0,0,2,5,6,10,3,667.3,True
4,1,0,6,5,3,7,3,1,7,5,5,2,8,0,1,1,2,7,10,3,679.4,True
1,1,5,5,7,2,0,2,1,0,3,2,3,7,2,1,2,3,3,4,1,639.5,True
3,1,5,3,7,2,1,3,1,4,1,2,2,7,3,1,2,5,2,2,1,646.3,True
4,2,10,9,4,6,8,1,1,10,6,6,5,9,0,2,2,7,4,9,1,729.1,False
5,2,5,7,7,6,6,4,2,8,6,10,10,7,0,2,2,6,4,7,3,719.3,False
1,0,10,1,3,1,3,5,2,4,1,3,5,7,0,1,2,5,4,10,3,661.8,True
3,0,1,2,4,3,10,0,1,6,5,7,5,8,0,1,2,8,4,9,2,695.1,True
1,5,2,3,5,4,4,2,1,10,7,5,10,8,10,1,1,2,4,5,1,638.6,False
4,4,10,5,10,5,10,1,1,6,1,10,10,6,3,5,2,6,3,10,2,710.6,True
5,3,5,3,3,3,5,2,1,10,3,2,0,7,0,10,2,10,8,10,2,676.9,False
5,3,10,7,10,5,8,5,1,10,6,8,5,7,0,0,2,6,7,10,3,756.3,False
2,2,10,7,6,7,8,5,2,10,9,1,6,8,0,7,2,8,2,7,3,702.4,False
2,5,3,4,10,10,6,1,1,6,4,6,5,7,1,7,2,10,5,1,2,674.3,False
2,3,2,4,7,3,5,2,2,5,4,2,10,6,7,5,2,3,3,3,0,625.7,True
4,5,3,10,10,10,7,5,2,1,10,10,10,6,3,6,2,10,6,5,1,712.3,True
4,5,3,4,3,4,3,2,2,7,3,4,5,7,0,6,2,3,3,3,2,628.0,False
4,2,1,1,2,1,5,5,2,1,1,5,2,7,0,0,2,6,2,4,3,635.0,False
4,5,5,4,7,10,7,4,1,9,1,8,10,7,3,0,2,4,1,6,1,703.6,False
4,2,1,4,5,8,4,2,1,9,2,8,5,9,1,2,2,4,4,6,3,690.4,False
2,3,3,3,10,8,2,3,1,2,5,6,0,6,2,5,2,3,7,4,1,658.8,False
4,5,3,4,8,7,3,5,2,7,2,4,10,8,10,0,1,10,7,7,3,662.2,False
2,5,6,5,7,4,6,4,2,9,3,7,2,7,0,8,2,3,1,2,1,642.2,True
4,1,4,4,5,7,6,3,2,7,6,10,10,7,10,0,2,9,10,6,3,705.7,True
1,2,1,3,1,10,2,1,2,0,3,6,1,6,10,6,1,2,1,6,0,573.8,True
3,1,4,3,9,10,8,4,1,9,8,6,2,5,0,0,2,4,9,9,2,730.0,False
2,2,6,6,3,8,2,1,1,5,1,6,10,8,0,2,2,4,1,1,2,667.7,False
1,2,1,5,10,10,0,2,2,7,4,2,1,7,2,3,1,6,2,5,1,625.9,False
2,0,10,2,6,6,3,3,2,10,3,10,5,7,0,1,2,6,3,7,3,695.5,False
3,2,10,5,3,5,5,1,1,7,5,2,2,7,0,2,2,10,2,7,3,685.4,False
1,3,5,8,10,6,10,3,2,0,6,7,10,8,7,2,1,10,3,6,1,669.6,False
1,3,7,7,9,5,10,5,1,9,8,10,10,7,10,3,2,8,8,10,2,736.3,True
1,2,7,8,6,5,3,3,2,5,3,2,5,7,4,2,2,5,2,10,1,658.2,False
0,0,1,4,4,2,0,0,1,2,1,1,1,5,10,2,2,1,6,10,0,606.6,True
3,3,3,6,5,4,1,3,1,7,0,6,5,8,0,2,2,1,1,2,2,654.1,False
2,2,5,3,6,2,5,4,2,2,4,3,7,2,4,2,1,7,5,9,1,633.6,True
5,3,0,4,4,3,7,1,2,10,0,2,2,7,6,0,2,5,1,10,2,639.5,True
2,3,1,7,3,10,2,0,1,2,1,8,5,9,3,3,1,1,1,5,1,627.5,False
1,1,4,10,10,10,5,2,2,5,2,7,8,8,2,2,2,10,3,3,3,691.7,False
1,2,2,2,0,4,4,1,2,7,2,5,2,6,0,2,1,0,0,2,2,587.2,False
5,5,2,3,1,5,5,5,1,5,4,10,1,7,10,4,2,3,4,10,3,659.8,False
1,1,2,10,10,10,5,3,1,10,8,10,5,8,10,1,2,10,4,10,1,729.7,False
5,2,7,4,10,8,4,5,1,8,4,9,4,6,3,0,2,10,10,5,1,737.6,True
2,3,10,3,2,3,2,4,1,5,4,10,0,7,0,6,2,4,2,2,3,656.4,False
4,3,2,7,3,4,2,0,1,7,7,6,1,7,9,1,2,2,1,8,1,647.1,True
1,5,2,2,8,5,2,1,1,0,4,2,4,7,5,7,1,7,3,7,0,605.5,False
3,2,4,4,10,10,4,5,1,7,1,8,2,8,10,0,2,3,1,8,3,686.8,False
3,3,5,6,6,10,8,5,2,8,5,10,10,7,0,0,2,6,7,10,3,731.2,True
3,0,10,7,4,6,4,5,2,6,4,3,3,9,0,2,2,6,6,4,1,692.8,False
3,1,4,4,0,4,2,0,1,8,2,6,4,7,0,3,1,10,8,7,0,660.7,True
5,3,7,6,2,8,7,5,1,6,2,5,2,9,0,3,1,5,6,7,1,688.1,False
5,0,4,2,3,2,1,3,1,7,2,5,7,8,0,0,1,1,3,10,2,667.5,False
2,3,4,4,1,1,4,1,2,3,1,1,0,9,5,1,2,4,2,10,1,610.8,True
2,3,0,6,0,7,0,5,2,6,1,3,2,9,0,1,1,8,1,3,2,619.7,True
4,0,3,2,3,3,2,2,1,4,4,3,8,8,0,1,2,8,2,4,3,673.9,True
4,2,2,9,9,10,5,3,1,7,3,10,10,7,2,3,2,10,1,5,2,722.7,False
4,4,8,6,10,5,3,5,1,4,2,8,3,8,0,1,2,10,6,8,2,717.4,True
4,5,8,6,7,10,7,4,1,9,7,10,7,10,8,8,1,9,7,8,0,709.7,False
5,1,10,10,9,10,5,5,1,7,5,10,2,8,0,3,2,10,8,10,3,767.1,False
1,4,7,10,4,1,3,5,1,6,3,1,10,3,10,7,2,9,0,10,3,653.8,False
1,1,5,5,5,4,0,1,2,3,3,2,2,6,5,0,2,4,6,6,2,627.4,True
2,5,2,1,8,10,0,2,2,4,0,10,0,6,10,10,2,6,0,2,1,593.3,False
5,0,10,8,6,10,8,5,1,7,6,6,4,9,0,1,2,8,7,10,0,764.8,False
4,3,0,7,10,5,2,0,1,5,3,6,0,8,5,10,2,8,5,3,1,647.3,False
2,3,5,3,1,3,0,0,1,7,1,5,2,8,0,2,1,1,1,5,0,611.4,False
2,2,5,10,1,3,2,5,2,5,4,8,5,7,0,9,2,3,1,4,1,647.5,False
5,1,10,5,5,4,5,5,1,7,6,10,7,7,0,0,2,10,5,8,3,746.5,True
5,2,9,7,6,10,3,4,1,9,2,10,4,6,0,4,2,4,0,3,3,705.5,False
3,5,1,2,2,1,0,1,1,1,1,2,0,6,7,9,2,4,4,3,2,578.1,False
2,1,10,3,1,10,1,1,2,5,0,1,1,6,0,0,2,1,1,2,2,623.8,False
5,3,3,3,5,9,0,2,1,7,0,7,1,6,0,6,1,1,0,2,2,625.0,False
5,1,5,8,10,7,2,1,1,8,4,6,10,7,0,3,2,9,7,7,3,728.7,False
4,1,2,4,1,3,0,3,1,10,7,1,0,8,0,2,2,3,3,10,1,668.4,False
4,1,10,4,3,6,2,4,2,10,3,8,1,9,0,2,2,10,4,10,2,704.0,False
5,2,7,3,4,10,8,5,2,8,3,10,5,6,0,1,2,8,1,6,2,707.2,False
1,1,10,3,10,4,3,0,1,10,2,5,1,8,0,0,2,10,6,0,2,686.2,True
1,4,1,9,6,2,4,1,1,5,2,10,1,6,5,2,1,0,1,2,1,612.0,False
2,3,1,7,3,10,2,0,1,2,1,8,5,9,3,3,1,1,1,5,1,627.5,False
1,2,2,5,5,4,5,3,1,8,7,10,4,7,10,5,1,5,7,5,1,654.7,True
3,5,2,2,0,1,2,0,1,1,1,1,0,6,0,5,1,2,0,5,1,569.4,True
2,2,3,5,2,5,4,1,2,3,3,6,2,9,7,1,2,3,0,3,1,618.6,False
4,2,10,10,10,10,6,5,1,8,5,5,2,8,2,7,2,10,7,4,2,733.8,False
3,5,0,0,5,2,1,5,1,7,2,6,0,9,8,0,2,8,2,5,2,640.7,False
3,0,10,10,10,10,4,3,2,6,3,8,10,8,3,0,2,10,9,7,1,741.2,False
3,1,8,4,3,5,3,2,1,2,2,6,5,8,0,1,2,8,3,7,1,684.7,True
3,4,2,0,0,0,2,1,2,5,2,1,0,4,1,3,2,7,0,10,3,594.5,False
5,3,5,2,3,1,2,5,2,6,2,8,2,8,0,3,2,5,2,10,3,661.3,False
5,0,2,7,1,5,2,1,1,7,2,7,3,7,0,3,1,10,3,10,1,674.5,False
4,1,10,4,3,6,2,4,2,10,3,8,1,9,0,2,2,10,4,10,2,704.0,False
2,2,1,4,5,5,4,5,1,6,3,4,5,9,8,2,1,8,4,6,3,655.6,False
2,5,4,5,4,8,3,1,2,3,3,2,0,6,10,10,2,4,1,5,1,586.6,True
2,5,4,5,7,10,2,5,2,7,2,4,10,6,10,1,2,10,6,2,3,661.8,True
1,4,0,10,5,4,3,1,2,5,1,5,3,5,5,7,2,0,1,3,1,595.5,False
2,5,4,5,7,10,2,5,2,7,2,4,10,6,10,1,2,10,6,2,3,661.8,True
5,2,10,6,10,2,2,5,2,9,5,10,1,8,1,0,2,7,2,10,2,712.7,False
3,5,4,5,5,10,2,5,2,7,2,4,10,7,10,2,2,10,6,2,3,662.0,True
5,2,10,1,2,4,10,0,1,7,3,10,10,9,0,1,2,5,8,10,1,724.8,True
2,4,1,6,5,10,3,5,2,5,1,3,1,6,5,6,2,10,10,2,3,644.6,True
2,5,1,0,3,2,1,1,2,0,0,1,0,4,0,10,1,2,0,1,2,529.9,False
1,1,1,7,5,4,3,0,1,6,2,9,3,8,0,6,2,5,0,5,2,653.0,True
3,1,2,8,3,1,3,2,1,1,1,1,1,6,0,2,1,4,1,1,2,611.9,True
3,5,8,6,10,10,4,5,1,5,2,6,10,7,2,5,2,10,6,7,1,716.8,False
5,4,1,7,6,10,3,2,1,6,3,10,5,8,10,0,1,1,3,8,1,661.7,False
5,3,6,0,4,6,3,1,1,3,1,6,2,7,0,7,2,3,1,5,2,642.0,True
2,4,5,8,2,4,2,5,1,3,2,4,0,7,4,7,2,2,4,10,1,645.0,True
1,0,2,2,0,3,0,0,1,1,0,1,0,8,0,0,1,5,0,1,1,588.5,False
2,4,4,4,8,3,7,2,2,2,5,2,2,6,0,7,1,0,4,3,3,601.9,False
3,2,1,5,3,6,8,1,1,9,3,3,5,6,6,0,1,5,1,5,1,644.6,False
1,3,3,4,7,10,5,2,1,5,1,1,8,7,7,7,2,3,1,10,2,649.5,False
3,3,10,7,3,10,3,0,1,4,4,6,3,8,0,0,2,1,4,10,1,688.1,True
2,2,8,2,2,10,6,5,2,8,2,3,4,8,1,0,2,10,3,8,0,687.5,False
3,5,4,10,3,2,0,1,2,1,1,1,0,10,0,5,2,4,0,1,3,597.4,False
2,5,3,2,6,3,3,0,1,4,1,2,0,10,0,2,2,1,2,10,0,629.9,False
3,5,10,5,10,5,5,5,2,10,9,10,3,8,2,10,2,3,5,5,2,687.2,False
5,1,8,6,8,3,3,5,1,5,3,4,10,6,0,0,2,10,8,10,3,736.6,False
4,2,7,7,7,5,7,3,1,6,2,8,5,8,4,3,1,8,1,7,1,685.1,True
4,3,10,10,5,10,10,5,1,8,4,10,5,8,0,1,2,10,2,7,2,751.8,True
4,4,6,9,10,8,6,5,1,9,5,8,10,8,0,4,2,10,7,4,3,744.6,False
5,4,6,1,1,3,4,1,1,10,1,2,0,8,0,10,2,5,2,10,2,643.1,False
5,2,10,5,10,5,5,4,1,7,1,4,0,8,0,0,1,3,5,7,1,689.4,False
4,3,10,6,9,10,5,1,1,6,1,10,2,8,0,2,1,5,1,3,2,680.4,True
2,1,3,1,0,3,1,1,1,10,1,7,0,8,0,2,1,1,0,5,1,618.6,True
3,3,10,5,3,6,3,5,1,8,0,10,1,6,0,2,2,8,1,8,1,695.3,False
1,5,0,1,1,8,0,0,1,1,0,3,0,6,6,6,2,1,0,1,2,566.4,True
4,2,8,10,10,10,5,3,2,8,4,7,5,9,3,0,2,4,6,6,3,715.7,False
4,2,2,6,5,2,4,0,1,8,2,2,3,7,0,1,1,2,5,8,1,646.3,True
4,3,2,3,8,3,5,2,1,4,3,5,2,8,2,4,2,1,3,8,2,657.3,False
0,3,1,6,3,6,4,1,1,5,0,4,3,7,0,0,2,8,0,2,2,639.9,False
2,4,6,8,2,6,5,2,2,10,6,2,10,8,0,4,2,10,6,6,3,683.9,False
4,2,8,10,10,10,2,3,1,0,2,5,3,6,3,1,2,5,3,2,2,685.8,True
4,2,10,5,5,7,4,5,1,8,1,4,0,7,0,6,1,2,8,7,1,675.6,False
5,2,10,1,9,5,1,1,2,5,2,7,10,9,0,10,2,7,5,7,3,676.6,False
5,2,10,2,6,5,2,0,2,5,2,7,10,9,0,5,2,7,2,10,3,680.0,False
4,3,10,4,3,4,5,1,2,3,1,1,1,6,5,5,2,5,0,6,1,618.7,False
4,3,6,6,9,10,6,5,1,7,6,5,5,8,0,5,1,10,2,5,0,703.2,False
5,5,10,6,10,10,3,2,2,10,4,7,3,7,10,0,2,5,1,5,3,674.5,False
4,2,6,5,6,5,6,2,1,5,4,7,5,9,3,4,2,9,5,6,1,698.7,False
5,5,10,4,10,10,8,5,2,5,2,4,0,8,10,4,1,10,1,3,2,650.3,False
2,5,5,4,10,10,4,0,1,3,4,10,2,7,5,7,2,4,1,2,1,646.2,False
1,4,9,8,7,10,3,1,2,7,4,6,10,8,3,3,2,10,1,4,2,677.9,True
4,3,6,3,3,7,2,5,1,3,3,4,0,7,0,5,2,3,3,2,3,653.5,False
4,5,5,4,6,6,3,5,1,7,4,6,2,8,5,3,2,7,5,5,2,679.6,False
5,2,10,8,10,10,6,5,1,10,2,10,6,7,0,4,2,5,4,10,2,751.6,False
3,5,4,7,5,10,2,0,2,6,1,7,1,7,0,0,2,6,0,7,3,647.3,True
1,4,6,3,7,10,0,3,1,8,2,5,4,8,8,3,2,5,1,3,1,650.5,False
2,2,10,8,4,10,10,5,1,7,1,4,10,7,0,0,2,10,2,4,1,728.3,True
5,3,0,1,0,10,0,0,1,10,0,10,0,8,0,5,2,0,4,10,1,653.2,True
2,4,0,1,1,3,3,3,1,10,0,10,1,9,10,7,2,10,1,2,1,626.2,False
3,0,2,7,4,10,1,5,1,8,1,3,0,8,0,1,2,5,0,1,3,673.9,False
4,5,2,4,5,10,10,2,1,10,5,6,10,6,10,2,2,6,4,10,1,696.2,True
0,3,1,2,2,5,3,0,2,2,0,1,1,8,0,2,1,2,1,6,1,573.2,True
3,5,3,3,4,5,2,1,1,3,3,3,0,6,0,2,1,5,3,2,2,610.6,False
3,2,10,5,3,7,3,5,1,8,3,6,0,8,8,0,2,10,1,10,2,696.6,False
0,2,10,0,0,3,1,3,2,7,1,2,1,6,0,1,2,10,1,10,1,635.9,True
5,2,10,5,6,3,10,0,1,6,3,10,1,7,0,3,1,7,1,7,1,681.9,False
1,3,8,3,3,4,5,1,1,4,2,3,2,7,2,1,2,4,2,4,1,641.4,True
2,2,1,8,10,10,10,5,2,10,5,10,10,6,10,3,2,10,6,10,1,722.5,False
3,3,10,10,6,10,2,5,2,7,2,4,3,7,5,4,2,10,2,10,3,689.2,True
3,4,6,5,10,10,10,5,1,10,8,10,5,6,10,10,2,10,8,1,2,712.3,False
5,1,10,10,10,10,6,2,1,10,10,10,10,8,5,3,2,10,10,10,2,782.4,False
2,1,10,5,3,4,2,5,2,8,2,4,10,7,0,4,1,6,2,3,1,655.2,False
3,3,4,1,1,5,2,1,1,4,1,6,2,6,0,0,2,5,1,5,2,640.1,True
2,0,7,6,10,5,6,3,1,9,10,6,3,8,1,0,2,8,2,10,1,732.3,True
1,2,10,10,8,10,4,5,2,8,3,3,10,8,0,1,2,5,3,10,1,714.7,True
2,4,8,9,10,5,2,0,2,5,1,7,1,7,1,7,2,5,2,5,1,640.5,True
1,5,10,1,1,3,4,3,1,0,1,3,0,5,2,5,1,10,3,10,1,617.2,False
4,3,9,6,5,7,5,2,1,6,1,8,1,7,2,1,1,4,8,1,1,667.9,False
3,3,10,10,10,10,10,2,1,8,2,10,9,7,10,2,2,9,3,7,1,729.5,False
4,2,10,5,5,8,5,5,1,8,3,5,10,6,10,8,2,10,6,10,2,711.3,False
1,4,10,5,10,10,5,5,1,2,2,4,7,7,7,10,2,7,1,4,1,667.1,False
5,3,10,10,10,10,5,4,2,7,4,8,4,8,0,3,2,10,1,10,1,727.6,False
3,4,10,4,10,10,5,1,1,9,7,7,8,6,10,2,2,5,2,3,1,689.6,False
2,2,8,10,2,6,3,1,2,2,2,1,1,7,1,3,1,4,0,3,2,608.7,False
5,1,10,6,7,5,7,2,1,8,5,2,1,8,0,1,2,8,10,10,1,729.8,True
3,4,3,4,6,10,3,5,2,6,8,9,5,7,10,1,2,9,3,7,3,678.3,False
4,3,3,5,4,10,3,5,2,4,5,7,2,7,6,4,2,3,3,7,2,657.5,False
1,3,10,6,6,10,5,3,1,8,2,9,1,7,2,1,2,10,4,5,1,703.8,True
3,3,6,7,1,3,1,0,1,2,1,3,0,8,2,0,2,0,1,2,1,619.5,True
0,5,3,5,6,8,1,0,1,2,1,2,5,6,10,3,2,9,2,10,1,625.7,False
3,3,10,3,0,6,3,0,1,7,9,5,2,7,0,2,2,3,2,10,1,674.1,False
3,1,6,5,10,10,5,5,1,10,2,1,10,7,0,0,2,5,2,10,2,727.7,False
1,2,5,10,5,10,2,3,1,0,1,3,1,6,7,3,2,3,1,3,0,637.8,False
5,4,5,8,3,10,2,4,1,3,4,10,0,8,5,5,1,3,2,10,1,663.4,False
4,5,0,3,8,10,0,5,2,5,5,10,1,8,0,8,1,5,2,10,1,644.7,False
5,4,10,4,6,10,4,5,2,7,7,10,5,8,0,4,1,10,5,7,2,702.5,False
3,3,9,6,5,6,3,4,1,7,3,7,3,7,0,3,1,5,7,8,1,684.7,True
2,4,5,3,2,3,2,5,2,9,0,4,2,8,0,1,1,6,0,10,3,629.9,False
2,4,0,4,4,5,3,2,2,1,1,8,0,6,5,1,2,4,0,6,1,608.2,True
3,3,3,5,8,10,5,3,1,8,6,4,10,7,4,1,2,5,5,8,3,707.9,True
4,2,6,7,2,5,2,2,1,8,2,10,1,7,0,5,1,9,2,10,2,673.4,True
4,1,1,5,2,10,1,0,2,8,2,7,10,8,0,1,2,5,1,8,2,671.3,True
5,1,8,6,8,3,3,5,1,5,3,4,10,6,0,0,2,10,8,10,3,736.6,False
1,1,2,3,1,1,2,2,2,0,1,1,0,7,0,2,2,2,0,1,1,584.9,True
3,2,6,5,8,10,7,5,1,8,3,6,10,7,4,3,2,10,7,4,1,727.0,False
2,1,10,4,1,3,3,0,1,8,2,2,2,8,0,2,2,2,4,2,1,649.9,False
5,3,7,3,10,10,3,2,1,10,4,3,2,7,10,1,2,2,4,10,2,685.6,False
3,1,3,10,10,10,10,5,2,6,2,10,3,7,0,3,2,10,2,10,2,724.4,True
3,2,5,6,7,8,2,5,1,3,3,7,2,7,0,3,2,5,1,10,2,691.5,False
4,2,8,5,5,4,3,3,2,5,1,4,5,7,0,3,2,5,4,1,1,655.2,False
3,5,10,5,10,10,0,2,1,1,0,5,0,8,5,1,1,8,0,10,1,650.5,False
2,3,0,1,1,3,1,2,1,5,2,2,5,7,0,0,2,3,1,5,1,627.6,True
5,1,6,8,6,7,3,5,2,9,3,3,10,7,0,1,2,10,6,10,3,724.7,False
3,2,3,8,9,7,4,5,2,7,2,5,5,8,10,1,2,6,1,7,3,670.9,True
5,0,5,4,10,10,10,5,1,10,5,7,9,1,0,0,2,10,10,10,3,768.5,False
3,2,7,10,10,10,7,5,2,8,7,4,5,6,0,3,1,10,5,7,1,707.7,False
5,5,10,6,10,10,3,4,1,4,3,10,0,9,10,3,2,3,3,5,2,685.7,False
1,4,2,4,3,8,1,0,2,1,1,9,0,6,5,6,2,2,0,4,1,588.0,True
5,2,8,8,8,3,5,1,1,6,5,5,1,9,2,1,1,3,2,4,1,669.4,False
1,4,10,6,4,1,0,0,2,2,1,1,0,6,8,5,2,2,0,5,1,577.9,True
3,3,4,3,5,10,2,5,1,8,7,7,4,9,10,2,2,9,2,2,2,683.4,True
2,4,1,2,1,1,1,4,2,0,2,2,3,7,2,2,1,1,0,10,1,581.7,True
5,2,10,4,10,4,4,0,1,8,5,10,5,7,0,10,2,10,5,10,1,714.2,False
2,1,3,8,5,8,5,5,1,7,6,7,2,8,2,3,2,3,2,1,1,686.6,False
3,3,1,5,6,4,6,0,2,10,4,8,0,4,10,10,2,3,0,3,2,604.4,False
2,3,10,3,7,10,5,2,1,6,3,5,8,7,0,3,1,10,2,5,1,682.6,False
3,3,10,9,10,10,4,5,1,7,4,7,2,9,0,1,2,7,3,10,1,736.1,True
4,1,3,8,10,5,10,5,2,1,3,6,5,7,0,0,2,10,1,6,3,701.5,True
1,3,4,10,10,10,5,1,2,6,4,4,10,8,7,8,2,7,6,1,1,662.2,False
5,3,5,5,6,4,2,5,2,8,5,8,10,8,0,3,2,5,2,10,3,698.7,False
3,1,3,2,5,10,4,0,2,6,3,8,4,8,3,1,2,4,3,4,0,656.2,True
3,3,8,5,4,5,3,2,1,6,3,7,3,7,9,4,2,5,6,6,0,664.3,False
2,2,5,4,4,3,6,0,2,6,4,2,4,6,4,3,2,5,6,3,2,632.5,True
5,2,1,10,10,8,1,4,1,9,10,1,5,6,10,2,2,5,4,5,2,693.5,False
2,2,10,8,6,6,3,5,1,4,4,3,3,5,0,1,2,5,4,3,1,686.9,True
5,3,7,3,9,10,10,4,1,6,7,10,3,7,0,3,2,10,7,7,3,743.1,True
2,2,6,3,8,10,3,2,2,5,1,10,2,7,5,1,2,7,2,5,2,661.5,False
2,3,2,1,3,3,1,1,2,2,2,3,4,5,1,4,2,1,0,2,1,586.6,True
2,3,4,5,4,10,4,2,1,4,2,6,0,7,10,1,1,4,1,4,0,625.0,False
4,4,7,6,10,5,0,5,2,4,5,8,1,7,0,1,2,2,3,6,3,671.3,False
2,5,4,0,5,10,0,2,1,3,3,3,4,7,0,7,2,3,1,10,0,638.0,False
2,2,4,8,1,2,1,1,1,1,1,2,1,8,0,3,1,2,0,7,1,609.1,False
1,4,6,1,4,1,2,1,2,5,2,5,4,7,5,0,1,4,3,0,3,589.1,False
5,5,10,7,6,4,4,4,2,6,3,3,6,7,4,2,2,10,2,10,3,682.2,False
3,3,10,10,10,10,10,5,2,8,7,10,10,7,0,0,2,10,8,10,2,768.6,False
1,5,1,4,5,6,2,0,2,3,1,6,1,6,10,0,2,7,0,1,2,589.1,True
5,4,10,7,5,4,1,2,1,1,1,7,1,8,0,8,1,1,1,2,2,627.1,False
4,2,7,4,10,6,7,3,2,6,4,2,5,8,0,3,2,9,5,7,1,694.1,True
3,3,6,4,3,0,1,5,2,8,0,5,1,8,0,0,1,5,0,7,2,628.4,False
4,2,7,5,10,10,10,5,1,9,2,10,10,8,10,2,1,10,2,7,2,721.2,False
5,1,2,3,8,6,9,5,1,8,3,6,0,6,2,1,2,4,2,7,2,697.9,False
5,3,5,9,6,8,6,5,2,8,5,3,2,7,0,4,2,8,3,10,2,699.2,False
2,3,8,2,3,4,3,3,1,8,2,1,4,6,1,4,1,3,2,6,1,632.3,True
4,2,5,3,2,10,6,0,2,6,3,5,1,6,0,1,2,10,5,6,2,667.1,True
1,3,10,3,10,4,5,5,2,5,2,5,5,6,0,1,2,10,1,7,2,679.0,True
1,2,5,10,2,4,1,3,2,7,4,2,0,8,5,1,1,3,0,9,1,619.3,True
5,0,8,5,10,3,2,3,1,7,3,6,5,8,0,0,2,10,1,10,1,723.8,False
5,2,0,0,0,2,0,0,2,3,0,1,0,8,0,0,2,2,0,10,2,600.4,True
5,3,10,5,7,3,5,0,1,7,5,8,7,8,0,4,1,10,9,5,1,698.7,False
2,1,5,4,0,10,1,3,1,7,1,4,3,5,10,1,2,7,0,1,1,639.5,False
5,1,3,2,10,10,4,5,1,8,3,6,3,6,0,4,2,7,6,10,2,720.0,True
4,0,6,10,9,10,3,5,1,5,3,6,7,8,4,0,2,8,3,5,3,728.9,True
4,3,10,4,10,7,5,3,1,6,2,10,6,7,0,1,2,10,10,7,1,736.3,False
0,4,4,8,5,5,5,3,2,4,2,10,2,8,3,1,2,4,2,3,2,643.0,False
3,2,5,10,10,10,4,2,1,7,5,8,10,8,0,3,2,5,5,5,2,725.9,False
3,4,8,1,4,7,3,2,2,8,0,1,2,6,5,2,1,6,1,2,1,603.4,False
3,4,1,5,10,4,3,5,2,6,1,5,8,8,10,3,1,3,3,5,3,626.7,True
3,5,2,6,10,10,1,2,2,8,7,5,4,6,3,10,2,10,6,2,2,655.2,False
1,2,10,3,7,10,6,5,1,4,5,6,5,8,10,1,2,4,10,10,2,708.5,False
2,5,10,10,10,10,8,2,1,2,4,8,2,6,5,1,2,10,2,7,2,701.7,True
5,3,6,4,10,10,4,3,2,3,1,3,3,7,0,10,2,10,1,5,2,660.1,False
3,1,10,4,2,9,3,2,1,7,2,7,5,7,0,1,2,3,1,9,1,693.2,False
4,4,7,3,4,10,0,3,1,0,3,5,0,8,5,1,2,3,3,6,1,652.2,False
1,5,2,2,10,10,4,4,1,2,2,4,2,9,5,5,2,2,0,2,1,633.5,False
5,2,10,4,4,10,10,3,1,5,2,3,3,8,0,2,2,10,2,3,2,706.2,False
4,0,3,6,10,10,5,5,1,2,2,3,2,7,0,1,2,4,5,10,0,709.4,True
2,3,5,4,4,10,3,5,2,8,2,6,1,6,5,1,1,1,2,4,1,628.2,True
5,5,1,4,0,10,0,2,1,7,0,2,0,7,10,1,2,10,2,7,2,636.1,False
1,4,10,10,8,10,2,5,1,9,3,2,10,9,0,4,2,10,0,2,2,707.9,True
3,2,6,4,6,7,6,2,1,8,3,10,2,8,10,10,2,10,5,10,0,685.5,True
3,3,3,6,7,10,5,4,1,7,9,5,10,7,9,1,2,8,6,7,3,713.2,True
0,3,5,6,10,10,3,0,1,8,3,3,5,6,0,2,2,5,1,10,0,676.9,False
2,5,1,2,10,3,4,1,1,8,5,1,4,6,0,2,1,5,4,10,3,642.5,False
4,4,9,6,4,2,2,1,1,3,2,8,8,7,0,3,1,2,2,9,1,654.3,False
4,5,3,1,0,2,0,1,2,9,2,2,0,6,10,2,1,6,1,2,2,566.2,True
5,3,2,5,3,10,1,3,2,7,1,5,0,7,10,4,2,5,0,10,3,635.0,False
3,2,2,4,6,8,2,2,1,7,2,3,0,8,0,10,1,1,4,10,2,636.5,False
4,5,2,3,0,2,1,0,1,2,0,2,0,7,0,7,2,3,0,4,1,591.9,False
4,4,5,2,2,3,4,1,1,3,1,8,0,7,4,7,2,4,1,7,1,628.8,True
3,4,3,4,7,5,4,2,1,8,1,8,2,8,10,1,2,10,1,7,1,664.7,False
1,3,4,2,5,2,10,0,2,4,1,1,0,9,0,4,1,0,1,10,1,598.9,True
2,2,0,6,3,4,0,3,1,7,2,5,2,5,10,1,1,3,2,5,2,612.5,False
3,2,8,7,8,10,3,5,1,7,3,10,5,7,0,10,2,5,3,6,1,707.4,True
3,3,10,6,8,6,4,0,1,8,1,10,2,8,10,3,2,5,1,5,1,668.5,False
5,3,1,1,1,2,2,2,1,7,2,2,0,7,7,0,1,0,1,2,3,595.3,False
3,1,4,5,5,7,4,3,1,7,5,7,5,8,0,0,1,7,5,8,1,695.1,True
3,3,7,3,3,10,5,5,2,2,4,10,5,7,5,2,2,8,8,5,1,683.6,True
3,4,10,6,7,10,5,5,1,6,3,7,5,7,3,3,2,7,3,5,2,705.1,False
2,1,3,4,5,6,10,3,1,7,7,10,10,7,0,1,2,10,5,6,0,729.5,True
3,1,3,4,3,7,10,3,1,7,7,10,10,7,0,1,2,10,7,6,0,734.6,True
1,3,4,10,1,2,3,0,1,0,1,5,3,7,4,3,2,3,1,1,1,614.6,True
3,5,10,6,10,10,10,5,1,6,3,10,2,6,0,1,1,10,9,3,3,717.4,False
2,2,1,5,10,10,5,2,1,5,4,2,2,8,6,1,2,6,2,3,3,665.2,True
5,1,5,6,5,5,4,5,2,1,4,9,1,7,0,3,2,2,5,4,3,671.5,False
3,1,10,10,6,10,5,2,1,8,4,10,3,7,0,3,2,6,2,5,1,719.3,False
3,2,10,2,5,3,1,5,1,1,1,8,0,9,0,3,1,3,1,8,1,651.3,True
5,1,10,6,8,10,3,5,1,9,2,5,3,8,0,1,2,10,1,10,3,737.2,True
2,4,5,3,10,2,2,1,1,5,3,7,4,9,5,2,2,4,3,5,2,654.5,False
2,3,3,5,4,1,0,4,2,0,0,1,3,8,0,1,2,3,1,1,1,605.5,True
5,0,10,10,10,10,2,5,1,7,10,10,10,9,0,0,2,8,4,10,3,786.0,False
3,1,10,0,7,0,1,0,1,7,7,3,0,9,0,0,1,1,10,10,0,663.9,True
4,3,3,4,3,10,2,0,1,8,2,8,5,8,5,2,1,3,1,10,2,652.8,False
2,5,7,3,5,8,3,1,1,2,7,10,1,8,10,5,2,10,4,7,2,660.0,True
5,4,6,3,1,8,3,2,1,5,2,4,3,7,5,3,1,2,3,9,1,638.2,True
4,4,8,10,10,10,10,5,2,9,7,10,10,7,0,2,2,10,5,8,2,755.0,False
4,4,4,3,4,3,2,3,1,2,2,10,0,7,7,5,2,3,4,6,1,639.4,True
1,4,4,4,6,2,10,2,1,5,2,3,0,6,10,4,2,10,0,10,3,641.2,True
4,3,5,8,5,3,2,0,1,6,1,2,1,8,0,2,1,3,4,10,1,644.8,False
5,3,0,7,6,5,5,1,1,5,3,5,3,7,0,10,2,3,1,7,3,653.7,False
3,5,10,9,7,3,2,0,1,2,1,2,1,6,3,4,1,4,1,5,1,617.2,False
2,3,4,4,6,3,5,2,1,8,3,5,5,8,5,3,2,2,2,3,1,652.2,False
5,4,10,5,10,4,5,5,1,8,2,5,5,10,2,3,2,10,2,5,0,713.8,False
2,3,10,4,6,7,2,0,1,5,4,3,6,6,0,4,2,5,10,2,1,671.8,False
3,3,2,10,2,10,6,2,2,6,2,7,1,6,10,1,2,8,2,6,1,650.5,True
2,3,5,10,5,10,10,5,2,8,10,8,10,7,0,3,2,10,7,10,3,742.7,False
5,2,10,10,10,7,10,5,1,10,4,10,5,6,0,4,1,10,8,7,1,749.7,False
4,2,3,7,7,10,7,1,1,9,10,10,10,7,10,3,2,3,6,10,2,721.0,False
5,4,5,2,1,1,0,0,2,3,0,4,1,7,5,0,1,2,3,7,3,585.5,False
2,1,3,2,7,6,0,0,1,8,0,5,0,8,0,0,1,1,0,2,3,621.6,False
2,3,10,4,3,5,1,2,2,5,3,10,1,8,2,2,2,1,1,2,2,636.2,False
2,3,3,3,3,8,2,1,1,7,2,5,4,9,1,4,2,4,2,8,2,657.5,False
4,2,3,3,4,10,0,3,1,8,1,5,1,7,0,0,2,4,1,5,3,669.0,False
5,2,5,3,4,3,3,3,1,7,2,10,5,7,0,0,2,3,3,6,1,688.7,False
5,4,2,3,4,10,2,5,1,9,3,10,0,6,10,5,2,1,4,7,2,663.0,False
5,3,10,1,10,10,10,5,1,8,3,6,0,8,0,1,2,5,4,5,2,722.1,False
2,0,1,4,6,6,4,2,2,7,3,4,5,6,0,0,2,5,0,10,3,663.5,False
4,5,2,2,10,3,1,1,2,8,5,10,1,6,10,7,2,5,1,4,3,617.1,False
3,1,10,6,10,10,10,5,1,6,3,10,5,7,3,3,1,8,6,10,1,732.9,False
4,3,2,5,10,4,2,3,2,0,1,1,2,8,10,1,1,2,1,5,1,597.0,False
2,3,10,6,4,5,2,5,1,6,4,3,2,6,2,5,2,7,3,7,0,675.2,False
1,4,10,4,4,2,3,1,1,5,1,2,0,9,10,7,2,5,0,4,1,611.0,True
2,5,3,8,2,5,2,0,1,4,5,10,0,6,10,5,1,2,1,10,1,610.3,True
3,2,10,10,3,2,5,5,2,4,5,4,10,8,10,8,1,7,1,10,2,653.7,True
1,5,10,7,7,4,1,1,2,2,0,2,10,3,1,1,1,8,0,10,3,623.4,True
1,3,10,7,10,6,6,5,2,6,4,3,5,7,2,0,2,3,6,6,1,687.3,True
2,5,10,3,0,2,1,5,2,10,2,1,0,9,1,0,2,0,2,10,3,636.3,False
4,0,3,1,1,3,3,3,1,1,5,8,1,8,0,3,1,3,1,7,3,642.6,True
5,3,5,5,10,2,6,1,1,3,5,6,2,8,0,2,2,5,6,10,1,694.9,True
2,3,10,3,0,2,3,1,1,7,1,9,3,8,3,3,2,1,3,7,1,651.3,True
2,0,6,5,3,10,2,5,1,6,2,5,0,7,0,2,2,10,2,7,3,694.5,False
5,4,10,3,10,10,10,5,1,10,3,10,10,8,10,2,2,10,6,10,3,751.8,False
4,0,3,1,1,3,3,3,1,1,5,8,1,8,0,3,1,3,1,7,3,642.6,True
3,3,8,4,6,8,7,2,1,7,7,7,6,7,7,6,2,7,6,7,1,696.6,False
4,5,10,6,7,10,8,5,2,10,1,10,2,6,10,5,2,7,3,10,2,688.5,True
5,2,10,3,7,10,5,2,1,5,1,2,3,8,7,0,1,5,2,10,1,672.0,False
4,3,3,9,10,10,7,4,1,7,8,10,6,6,3,3,2,8,6,5,1,732.7,False
5,4,10,6,8,9,10,5,2,4,5,8,8,6,10,10,1,5,10,10,2,684.7,False
3,3,9,10,8,7,3,3,1,6,4,7,1,7,4,2,2,7,2,2,1,688.1,True
3,2,2,2,10,5,4,5,1,3,3,7,1,7,0,4,2,5,2,10,1,681.3,True
5,2,4,4,7,2,7,3,1,6,3,5,2,9,0,1,2,3,8,8,3,698.3,True
4,4,10,10,8,10,3,5,2,8,1,2,10,8,0,1,2,10,1,5,2,707.7,False
5,0,10,10,10,10,10,5,2,10,10,10,10,10,10,0,2,10,10,7,3,781.1,False
3,5,10,7,10,7,1,5,1,4,2,5,3,8,9,3,2,5,3,10,2,681.1,False
2,2,2,5,5,5,10,5,2,8,2,3,5,7,10,1,2,8,4,5,2,661.8,False
3,2,9,9,10,8,3,2,1,7,2,10,2,7,0,5,2,10,5,10,2,722.7,False
2,2,4,6,6,3,1,3,1,7,2,2,2,8,0,2,2,6,2,5,2,661.8,True
2,3,1,4,10,5,2,2,2,3,0,1,0,7,0,7,1,10,1,4,2,601.9,True
3,4,10,3,5,4,3,0,1,9,4,10,3,7,10,10,2,10,2,2,1,649.6,False
3,3,1,1,2,8,5,2,2,6,2,4,3,6,5,4,2,7,2,5,1,626.1,False
2,3,1,6,3,8,2,3,2,6,2,3,5,8,0,0,2,5,5,7,2,656.9,True
2,1,4,8,5,5,5,3,1,8,8,5,2,6,0,2,1,10,2,4,2,679.0,False
4,2,10,9,6,10,5,5,2,7,5,4,8,9,3,7,2,6,3,10,2,710.0,False
0,5,8,6,1,1,0,5,1,10,6,4,0,10,0,0,1,4,0,10,2,649.0,True
4,4,6,5,6,10,10,5,2,6,4,10,1,6,10,2,2,5,2,10,2,681.7,True
4,2,6,3,5,2,0,3,1,2,3,1,0,7,0,0,2,8,0,5,1,651.2,False
3,2,10,8,7,6,4,2,2,4,0,6,1,7,10,0,2,6,0,10,1,657.3,False
2,4,10,6,10,8,3,1,2,3,1,4,0,7,0,5,1,7,1,1,2,621.2,False
3,3,3,2,1,3,1,2,2,3,3,9,2,5,5,5,2,5,4,5,1,615.0,False
2,4,2,2,7,10,6,2,1,7,2,8,2,3,5,2,2,7,2,8,2,663.7,False
4,2,2,2,2,1,2,1,1,3,1,10,5,7,0,4,1,4,1,10,3,636.0,False
5,1,3,10,5,5,3,2,1,6,1,1,3,8,0,0,1,10,2,7,3,675.2,False
2,2,3,3,3,9,1,0,2,0,0,2,2,6,0,3,2,3,0,3,2,600.2,False
4,2,10,4,4,7,4,3,1,6,4,10,5,6,0,6,2,8,2,10,1,707.2,True
2,2,7,6,7,6,6,3,1,6,7,6,6,7,4,4,2,7,6,7,2,703.2,True
1,1,2,6,7,8,2,2,1,5,1,5,5,8,0,1,2,5,1,5,2,670.9,True
1,1,0,2,2,3,0,0,1,3,1,6,2,7,10,3,1,2,1,7,1,585.9,True
2,4,1,8,10,9,1,5,2,5,6,4,1,6,5,5,1,4,2,4,2,626.1,True
3,4,3,5,4,6,1,1,1,5,1,8,1,7,4,0,1,3,1,2,3,620.3,True
4,5,10,7,10,4,6,4,1,5,1,5,0,7,0,2,2,2,3,3,2,677.5,False
0,3,4,5,0,7,0,0,2,4,1,5,0,8,8,3,2,2,0,5,1,587.6,True
1,0,0,2,10,2,10,5,1,10,10,1,10,6,0,1,2,10,10,7,3,730.9,False
2,2,0,4,0,6,2,2,1,5,2,9,5,7,10,0,2,4,1,10,1,647.7,True
2,2,3,8,8,10,4,1,1,7,3,10,5,8,3,2,2,10,5,5,1,705.9,False
2,5,0,7,5,6,4,4,2,2,1,1,1,10,0,3,2,3,0,2,2,616.1,False
2,2,0,4,0,2,2,3,1,4,1,5,1,7,10,0,2,2,0,10,1,621.4,True
4,4,5,9,8,9,8,2,1,7,8,10,8,8,4,0,2,9,7,9,1,743.3,True
4,3,2,2,3,10,1,5,2,8,2,6,1,7,0,2,2,10,2,2,3,659.0,True
1,2,1,4,1,4,0,0,2,2,1,2,2,7,10,0,1,2,2,1,3,557.9,False
2,1,3,3,3,10,6,2,1,8,3,5,4,8,0,6,2,7,8,3,0,684.5,True
4,3,4,1,3,10,8,1,1,8,5,8,10,8,0,2,2,10,2,10,2,715.7,False
3,3,0,3,2,10,1,1,2,3,0,6,1,6,0,7,2,5,0,3,2,606.1,False
5,1,1,10,10,10,10,5,1,5,2,10,1,8,0,1,2,10,3,10,2,746.7,True
0,5,2,3,0,8,0,5,2,2,0,2,1,5,10,10,2,1,1,2,2,557.5,True
3,1,2,1,10,3,3,5,1,8,1,5,6,9,0,2,2,3,1,3,1,677.9,True
4,3,4,4,4,4,6,2,2,10,2,8,2,7,0,1,2,10,2,7,1,674.7,False
5,5,9,0,10,2,2,5,1,1,3,8,6,7,10,1,1,2,1,6,2,642.4,False
5,4,3,5,6,3,5,2,1,7,7,7,1,7,5,0,2,4,2,3,1,667.7,False
3,3,2,4,7,7,1,2,2,8,4,10,1,8,0,5,2,2,1,4,2,646.4,False
4,4,0,1,6,1,0,0,1,1,0,1,0,8,0,1,1,2,2,10,3,598.7,False
3,4,2,2,7,6,1,5,2,1,1,8,0,6,10,1,1,2,1,7,3,599.7,False
5,2,10,7,3,4,5,1,1,7,7,10,7,8,10,3,2,7,5,7,1,704.2,True
1,1,8,10,10,10,2,5,1,5,1,8,7,9,2,1,2,5,1,10,1,722.7,False
5,1,10,5,10,2,8,5,1,9,10,7,1,7,0,1,2,10,10,10,2,761.2,True
3,3,6,10,10,10,4,5,1,7,3,7,5,8,0,2,2,8,7,4,1,729.1,False
1,5,10,2,5,5,2,2,2,2,1,1,5,5,3,2,2,3,2,2,2,606.6,True
4,1,8,3,0,5,0,0,1,7,1,8,1,7,0,1,2,1,0,10,1,659.4,False
5,2,4,3,5,0,5,3,1,4,4,10,10,8,0,10,1,5,4,10,1,673.6,True
4,4,8,6,9,5,8,3,2,5,5,4,4,9,6,7,2,7,7,7,0,677.7,False
5,3,8,6,5,7,3,0,1,8,4,4,3,6,3,0,2,5,2,4,2,675.4,False
1,5,10,4,6,10,2,3,1,0,3,7,0,10,0,3,1,6,0,2,1,641.1,False
5,3,7,8,4,10,4,4,2,0,6,10,5,6,7,1,2,4,3,10,1,685.1,True
2,4,8,0,2,5,2,1,1,4,1,10,1,7,1,8,2,5,1,1,2,625.8,True
2,4,8,1,1,4,2,1,1,1,1,10,1,7,0,8,2,5,1,2,2,622.4,True
3,3,10,4,4,10,10,5,2,7,10,10,10,6,10,7,2,10,10,7,2,719.1,True
0,3,2,0,0,3,3,0,2,1,0,1,2,5,10,1,1,0,0,2,1,531.8,True
5,0,4,10,10,10,10,2,2,6,5,7,5,6,10,0,1,3,8,6,1,689.6,False
5,3,6,9,7,5,2,1,1,4,6,7,3,7,0,10,2,5,2,6,2,674.5,False
4,2,10,8,10,10,2,2,2,9,3,5,10,7,10,5,1,8,4,7,1,675.8,True
2,4,5,3,10,3,4,5,2,7,5,1,5,7,0,5,2,5,8,7,3,666.5,False
3,0,3,5,7,5,5,5,2,5,8,10,5,6,0,2,2,10,10,10,1,722.5,False
3,2,8,6,3,5,3,0,1,8,4,9,2,7,5,2,2,5,2,6,1,671.5,True
3,5,3,1,1,0,7,1,1,3,1,2,3,7,10,1,2,7,2,7,2,615.7,False
5,1,10,10,10,10,9,5,1,10,10,10,10,8,10,1,2,10,2,10,3,779.0,False
5,3,3,10,3,6,0,2,1,2,2,3,3,6,0,2,1,3,3,6,2,641.2,False
1,2,0,2,1,1,0,1,1,1,1,1,1,7,10,1,2,1,0,0,1,571.3,False
2,3,10,5,0,5,1,5,2,1,0,1,1,6,0,2,2,3,1,7,3,625.5,False
5,3,10,6,9,10,2,5,2,7,2,10,10,7,0,7,2,9,1,4,2,707.4,False
5,4,3,4,5,10,10,0,2,10,0,3,3,8,0,0,1,10,0,10,3,662.0,False
1,5,10,4,3,4,2,1,2,2,1,2,0,6,2,10,2,5,1,2,2,586.6,True
1,3,2,9,10,8,4,5,2,7,3,10,8,6,0,2,2,8,4,5,3,697.0,True
2,3,3,7,4,10,3,2,1,8,3,8,10,7,5,1,2,7,1,2,3,681.5,True
4,5,2,5,10,4,10,5,1,8,3,10,8,5,10,2,2,7,1,2,1,684.9,True
4,5,2,4,10,5,10,5,1,8,2,10,8,5,10,2,2,8,1,1,1,683.2,True
5,4,4,5,9,5,0,4,1,6,1,8,2,8,0,1,2,5,1,3,3,676.6,False
5,3,10,6,9,10,2,5,2,7,2,10,10,7,0,7,2,9,1,4,2,707.4,False
3,2,6,3,3,4,3,2,1,5,2,9,9,7,0,2,2,6,6,5,3,686.8,True
5,1,2,10,10,3,1,5,1,6,2,9,3,8,0,1,2,10,3,10,3,724.4,True
5,4,10,6,10,10,10,1,1,8,10,9,10,8,0,6,2,9,8,7,2,756.7,True
5,4,6,2,3,3,0,0,1,3,3,7,1,8,0,1,1,3,1,10,3,633.9,False
1,1,6,5,2,5,4,1,2,7,2,2,10,7,0,1,2,6,10,10,1,676.9,True
5,3,7,7,10,10,0,5,1,7,5,3,10,6,0,9,2,10,8,3,3,717.7,False
1,1,5,8,10,10,7,2,1,6,3,1,1,8,0,1,2,6,6,6,2,699.0,False
2,1,4,4,4,10,5,1,1,7,4,5,3,7,1,3,2,4,4,5,1,675.8,True
5,4,6,5,7,6,3,5,1,2,1,6,5,9,10,2,2,1,1,2,2,656.0,False
4,4,10,5,3,6,0,1,2,1,1,5,0,8,10,10,2,10,1,2,2,604.6,True
5,2,8,4,4,4,5,5,1,6,3,10,3,6,10,5,2,10,3,8,1,691.9,False
2,3,5,6,6,5,5,3,1,7,2,4,5,8,5,2,2,10,4,4,0,679.2,False
2,5,0,1,1,0,1,0,1,8,0,1,1,8,5,0,1,1,1,10,2,583.4,True
5,2,3,10,4,3,2,0,1,7,3,2,2,7,5,1,1,0,0,5,1,627.6,False
1,3,0,1,5,3,0,5,2,0,0,1,0,8,0,10,2,5,0,10,1,595.3,True
2,3,5,5,8,10,3,1,1,6,5,2,2,7,0,1,2,10,3,7,1,685.4,True
3,1,10,10,6,10,10,3,1,10,10,6,6,4,0,4,2,7,10,6,1,751.9,True
3,3,4,3,4,4,2,1,1,7,4,5,2,7,3,3,2,7,3,10,1,662.2,True
5,3,4,6,10,10,8,2,2,6,2,6,5,7,0,2,2,5,10,7,2,703.2,False
1,4,1,3,1,10,0,0,1,2,1,7,1,7,3,2,2,2,0,2,1,608.2,True
2,4,5,6,2,4,2,0,1,7,1,10,4,7,0,1,2,3,2,10,1,663.2,False
5,5,2,1,10,3,6,5,2,10,1,2,10,8,10,7,2,10,1,10,3,660.1,False
4,2,2,3,3,9,4,1,1,2,2,7,10,4,0,6,1,4,5,10,1,656.9,False
2,2,7,5,5,10,3,2,2,7,3,2,1,8,0,4,2,4,1,10,2,658.4,False
1,4,2,8,8,10,5,1,1,5,5,8,1,7,7,3,1,5,4,6,2,649.2,False
1,4,10,4,1,1,1,0,1,5,1,1,1,8,6,3,2,0,0,1,1,595.3,False
3,5,2,3,10,4,1,2,2,1,2,5,0,7,0,10,2,10,5,5,1,623.1,False
2,2,5,5,10,10,4,5,1,7,5,5,0,7,10,7,2,1,8,5,1,674.1,False
4,3,10,10,10,10,4,5,2,8,5,6,1,7,0,1,2,10,1,3,1,710.0,False
5,3,6,5,5,10,1,5,1,7,2,2,3,6,0,3,2,8,2,4,2,685.2,False
1,2,3,4,10,5,0,0,2,4,4,3,0,5,5,2,2,3,2,10,2,620.6,True
1,4,1,5,5,6,2,1,1,6,7,6,2,10,5,3,1,0,0,1,1,613.7,False
5,4,1,2,0,4,0,1,1,3,0,5,0,7,5,5,2,1,1,7,3,606.1,False
4,2,3,4,10,5,8,5,1,8,4,5,5,8,0,3,2,10,6,10,3,728.7,True
2,1,6,4,9,2,5,0,1,2,1,2,1,8,0,2,1,3,0,3,2,624.4,False
5,4,1,3,1,2,1,2,2,6,1,2,1,7,10,1,2,10,2,10,3,617.4,True
3,4,5,4,2,7,3,3,1,3,1,8,2,6,6,4,2,5,2,6,2,645.6,True
1,5,2,2,2,2,0,1,1,5,1,3,4,9,0,0,2,2,1,10,1,626.5,False
2,4,5,2,10,10,7,5,2,7,2,5,0,6,10,9,2,10,1,5,2,643.3,False
5,3,2,5,4,10,3,5,2,5,3,10,5,6,10,1,2,6,2,10,2,673.2,False
4,2,6,4,8,6,6,2,2,2,2,3,0,10,0,1,2,6,4,5,2,664.1,True
2,1,5,3,5,3,5,1,2,7,10,2,10,8,0,2,2,5,10,5,1,682.2,True
0,2,0,6,6,1,4,0,1,8,10,1,10,8,0,0,2,5,10,2,1,676.9,True
1,5,0,0,0,1,0,0,2,0,0,1,0,5,0,10,1,0,0,0,3,509.7,False
5,3,1,9,10,10,10,5,1,5,10,10,5,8,0,0,1,10,10,5,2,746.7,True
2,5,3,4,3,2,3,1,2,0,2,5,2,5,5,4,2,6,1,3,1,590.4,False
3,3,1,6,3,4,2,5,2,3,0,5,0,7,2,7,2,4,0,3,2,612.9,False
3,2,6,6,5,10,5,1,2,3,2,10,2,7,2,0,2,2,1,5,3,659.8,True
5,4,8,5,2,5,1,2,1,5,2,5,0,6,2,2,2,5,1,6,1,653.5,False
0,1,5,4,8,4,3,0,2,7,3,6,4,6,0,1,2,3,6,0,1,641.8,False
3,3,5,3,2,7,1,0,1,1,0,5,0,9,0,7,1,2,0,1,2,596.3,False
2,1,2,6,4,10,2,4,1,6,3,4,2,6,0,2,2,0,2,4,0,663.5,True
4,5,6,10,7,10,7,1,1,10,3,7,10,8,10,5,2,4,2,5,2,690.0,False
1,3,3,4,8,5,6,5,2,7,0,5,3,8,0,7,1,6,0,7,3,633.5,False
2,2,0,1,1,1,2,1,2,3,0,1,1,10,5,2,2,2,3,3,1,585.5,False
4,3,1,2,2,10,2,1,1,7,2,6,2,9,0,1,1,1,7,7,1,650.9,False
1,3,8,1,5,5,6,5,1,0,1,9,3,7,10,4,1,3,2,10,1,635.8,True
3,5,10,8,10,10,3,4,1,6,4,4,1,6,5,8,2,10,2,10,2,690.7,False
5,5,10,10,10,10,4,2,2,4,5,5,3,7,5,5,2,10,5,6,3,687.7,False
2,1,10,9,10,3,2,0,1,4,2,5,2,6,10,2,2,10,1,7,1,667.1,True
1,3,3,3,0,5,1,0,2,0,0,2,0,7,4,3,2,4,0,4,1,576.6,True
2,4,4,4,5,6,4,3,1,3,4,1,3,9,7,2,1,3,0,3,1,617.6,True
2,2,8,10,7,10,10,5,1,8,10,5,10,6,0,3,2,10,6,8,0,758.9,False
4,5,10,5,8,3,10,5,1,8,1,3,2,6,0,6,2,10,3,4,2,690.5,False
3,2,3,2,2,1,1,0,1,2,1,2,1,9,2,0,2,5,0,7,1,624.6,False
3,2,2,1,1,1,1,0,1,2,1,2,1,9,2,0,2,4,0,7,1,617.8,False
3,1,10,7,4,10,1,1,1,9,2,6,3,7,6,2,2,3,1,7,1,679.4,True
2,3,4,4,6,10,8,2,2,5,1,5,3,7,10,1,2,5,1,4,2,638.4,False
3,3,5,3,3,0,1,2,2,6,1,10,1,8,10,3,1,2,3,10,1,605.6,True
5,0,5,8,10,6,4,5,1,6,2,3,3,8,0,0,2,10,3,7,3,724.9,True
2,4,7,6,8,8,3,3,2,7,2,3,3,6,0,1,2,5,2,3,1,654.8,False
1,5,2,4,2,4,0,1,2,1,1,5,2,5,4,9,1,2,2,3,1,553.0,True
3,3,8,4,4,7,4,2,1,10,3,5,4,6,0,2,2,10,5,9,2,701.1,False
1,3,5,9,9,10,9,1,1,8,4,1,10,7,4,4,2,9,9,6,2,709.0,False
4,2,2,3,10,10,3,5,2,5,4,6,8,6,4,3,1,3,7,3,1,660.5,True
1,5,2,5,10,10,5,2,2,4,4,6,2,7,0,3,2,10,2,2,1,652.2,True
3,5,4,10,6,4,6,3,1,5,3,10,1,5,0,10,2,10,1,3,2,666.2,False
4,4,4,7,10,9,6,5,2,6,5,7,5,6,0,9,1,10,4,5,1,674.3,False
2,5,4,5,10,10,4,3,2,5,3,5,3,5,5,3,2,5,6,3,1,648.2,False
1,1,10,10,10,5,4,1,2,2,4,3,10,7,0,0,2,4,6,5,2,685.6,True
5,5,10,10,5,10,0,5,2,6,2,10,5,7,10,3,2,10,0,3,2,675.1,False
3,3,6,5,4,10,7,2,2,7,5,10,1,6,0,2,1,10,3,4,1,666.4,True
4,3,4,4,10,10,7,3,2,8,6,10,10,8,0,0,2,10,5,3,2,722.9,False
2,3,3,4,5,5,3,5,2,5,2,3,0,8,0,0,1,7,2,7,1,634.8,True
1,3,7,10,8,10,6,3,2,9,8,2,8,8,0,1,2,4,4,2,2,694.1,True
2,3,6,6,7,8,6,0,1,6,5,1,8,6,0,5,2,7,2,3,1,671.4,False
0,3,10,4,5,10,6,0,1,8,8,10,2,7,10,8,2,10,4,3,1,671.7,True
2,2,4,3,1,10,7,1,1,2,3,8,1,5,1,4,2,9,0,9,1,664.1,True
2,4,1,5,2,10,2,2,1,7,8,4,2,6,0,2,2,5,2,2,1,655.0,False
2,2,10,5,10,5,5,0,1,7,5,1,1,7,0,0,2,10,1,3,1,681.8,False
2,3,10,7,5,10,3,2,1,3,2,4,2,5,1,6,1,7,1,5,1,646.3,True
5,5,2,6,3,10,2,2,2,3,4,7,1,8,0,5,2,5,2,10,1,652.6,False
0,3,10,4,10,10,5,1,1,7,5,6,10,6,0,9,2,10,2,10,1,703.0,False
4,4,8,3,6,10,4,5,2,1,2,8,1,6,8,6,1,2,2,4,0,620.1,False
3,2,8,2,5,3,3,5,1,5,3,5,1,7,0,2,2,6,2,7,2,677.5,False
1,2,6,10,5,10,0,2,2,8,7,3,2,7,0,3,1,4,0,7,3,644.8,False
4,5,10,5,8,5,3,0,2,5,1,7,10,6,3,2,2,7,1,4,3,657.3,False
3,2,4,4,8,10,6,4,1,5,6,10,10,7,0,6,1,7,5,7,1,705.7,True
3,4,6,2,4,4,5,2,1,6,2,7,3,5,0,3,2,8,4,4,1,663.9,False
5,4,1,1,10,10,2,0,2,9,2,4,9,7,5,1,1,5,0,1,1,626.3,False
0,1,4,10,6,4,3,5,1,8,5,5,5,8,8,1,2,5,5,10,1,694.7,False
3,5,5,10,4,3,5,0,1,8,1,9,5,7,0,5,2,3,1,1,2,654.5,False
2,4,4,5,0,5,2,5,1,4,0,1,10,7,6,7,2,3,10,10,1,654.6,True
1,2,2,4,5,2,6,1,1,2,3,2,10,8,10,4,2,4,2,10,1,641.4,True
4,3,5,10,5,8,10,5,1,7,9,5,9,5,4,5,1,3,5,9,1,704.3,True
2,2,6,8,7,10,8,0,1,7,9,7,2,7,3,4,2,9,7,6,0,710.2,True
1,5,8,5,0,4,5,0,1,5,1,10,1,8,0,8,2,8,1,10,1,649.8,True
3,5,5,6,10,6,5,5,1,6,2,3,10,6,5,1,2,8,6,2,3,690.5,False
2,3,10,10,10,10,10,5,2,7,0,1,2,7,7,1,2,10,0,3,2,681.8,True
1,3,2,7,10,7,2,5,1,5,0,6,2,7,5,6,1,3,1,5,1,635.2,False
2,5,3,5,10,5,8,5,1,8,4,4,10,7,10,5,2,10,2,7,2,685.8,True
1,1,10,2,5,4,6,1,1,8,4,6,4,7,0,0,2,5,8,9,3,699.8,True
2,3,10,6,10,5,6,5,1,7,7,6,2,7,0,4,2,10,4,7,1,718.5,True
1,5,10,2,5,4,5,0,1,6,2,9,2,7,5,1,2,10,5,10,3,671.5,True
3,2,5,10,6,3,1,5,2,3,4,2,6,6,0,2,1,6,3,10,1,656.3,False
3,2,1,5,10,10,4,4,2,6,3,6,10,8,10,1,2,6,4,10,2,686.4,False
4,4,1,2,5,5,2,5,1,6,1,3,7,6,8,2,1,2,2,4,2,624.2,False
5,2,6,7,5,9,5,5,2,7,3,1,10,7,1,4,2,5,7,7,2,698.8,True
5,3,7,7,8,9,9,4,1,7,5,4,7,6,7,4,2,5,7,7,2,714.5,False
5,1,10,8,3,10,2,2,1,7,5,10,1,8,0,1,2,4,6,10,1,726.3,True
3,0,0,5,6,2,2,1,1,5,0,8,2,8,0,2,2,2,2,10,1,663.0,True
1,1,1,1,2,0,1,0,1,0,3,3,1,8,1,3,1,3,1,9,1,595.7,True
5,2,5,5,6,3,6,5,1,8,3,7,10,6,0,2,2,4,2,10,3,715.1,False
3,3,7,0,7,7,5,4,1,6,3,3,3,5,0,3,2,10,2,3,3,675.0,True
0,1,2,4,10,10,8,0,2,7,4,3,5,7,0,1,2,10,7,5,2,680.5,True
3,2,6,6,3,10,4,0,1,7,1,7,1,5,10,1,2,7,2,6,1,658.8,True
5,3,3,2,2,3,2,1,1,3,0,3,0,6,0,1,1,2,0,10,2,615.7,False
3,3,6,4,4,10,2,0,1,5,1,3,2,8,5,3,2,9,1,4,2,650.1,False
0,5,0,5,10,5,2,0,2,7,2,8,4,8,0,10,2,5,4,10,1,632.4,True
3,1,5,10,10,10,8,4,1,9,8,3,8,6,0,1,2,10,10,2,3,750.0,False
2,4,4,5,10,8,9,4,1,6,5,5,7,7,0,4,2,7,6,3,1,703.0,False
4,3,10,5,0,10,2,0,1,6,2,10,0,6,0,3,2,5,1,10,2,676.6,False
1,2,10,10,10,6,6,5,2,1,8,4,1,5,0,2,2,9,4,4,3,688.8,False
0,2,10,10,10,6,10,5,2,1,8,5,1,5,0,2,2,10,4,3,3,694.1,False
5,4,2,5,1,2,3,2,1,9,6,2,0,9,0,7,1,2,1,7,3,628.0,False
5,4,2,5,8,5,6,2,1,8,1,4,2,7,1,7,2,9,3,2,2,665.4,False
1,2,7,8,4,5,4,3,1,1,3,1,2,7,2,5,2,5,5,7,1,658.0,False
2,2,7,7,10,5,3,4,2,7,4,9,10,8,0,1,2,3,4,8,3,704.0,False
5,2,6,10,10,7,1,5,2,7,1,10,1,6,0,1,2,9,1,7,3,702.1,True
5,0,10,9,10,10,7,5,1,8,4,5,4,8,0,2,2,10,8,10,1,769.5,False
4,1,4,2,3,2,1,3,2,6,1,1,0,9,5,1,2,6,3,10,1,638.0,True
1,2,10,4,6,3,1,0,1,4,2,5,1,8,10,0,1,1,1,7,1,616.5,True
5,5,10,3,5,3,4,4,2,4,2,7,2,7,10,1,2,10,1,8,1,654.1,True
2,2,1,5,4,4,1,1,1,6,1,3,3,6,0,7,1,2,2,2,1,605.5,False
4,3,6,10,4,4,3,1,1,4,2,4,3,5,5,1,2,8,3,1,1,656.5,False
2,5,3,2,3,1,1,2,1,5,1,3,0,7,2,3,1,10,0,7,0,607.4,False
2,4,1,6,2,8,1,2,2,2,5,1,10,7,10,8,1,5,0,10,3,596.8,False
4,2,2,2,1,9,0,1,1,2,1,3,1,7,0,1,2,2,0,5,1,631.2,True
5,1,10,4,10,5,5,5,2,10,7,5,10,6,0,2,2,8,10,10,2,743.6,False
5,2,10,6,5,3,8,1,1,9,7,7,3,8,0,1,2,10,4,10,3,729.1,True
0,2,7,7,7,3,0,2,1,2,1,2,2,7,0,2,1,1,0,10,1,625.9,True
1,4,2,6,2,2,2,2,1,0,0,2,1,7,0,4,1,5,1,2,2,590.2,False
3,2,2,3,10,10,3,3,1,8,2,8,5,8,0,2,2,3,6,10,3,707.2,False
1,2,2,4,5,2,1,4,2,10,3,4,5,8,2,1,2,1,5,3,1,641.8,False
0,2,7,7,7,3,0,2,1,2,1,2,2,7,0,2,1,1,0,10,1,625.9,True
2,2,10,10,7,4,5,5,1,9,6,5,1,8,0,1,2,3,1,6,2,706.6,False
3,5,5,3,10,7,3,3,2,1,3,3,10,6,0,2,1,10,2,7,3,648.0,False
5,2,4,4,10,6,3,5,1,7,1,7,5,8,0,0,2,10,3,10,3,724.0,False
1,5,2,7,5,10,8,1,2,5,10,3,1,7,3,5,1,2,0,3,2,612.5,False
2,1,10,7,7,5,7,5,2,9,7,1,3,7,0,1,2,10,2,10,1,709.0,False
5,4,7,9,6,6,4,1,1,1,2,4,2,8,3,1,2,10,8,2,2,680.9,False
5,5,2,7,3,10,1,3,2,5,2,7,1,7,0,3,1,6,1,1,2,625.2,False
2,3,10,4,5,5,3,1,1,5,2,3,4,7,5,0,2,10,1,1,2,656.7,False
2,2,10,4,3,5,3,2,1,10,2,3,4,7,5,0,2,7,1,1,2,663.5,False
4,1,10,10,10,10,3,2,1,6,2,10,4,6,3,1,2,3,4,5,1,715.7,False
2,3,4,2,6,10,4,5,2,7,8,1,10,7,2,3,2,5,3,6,2,675.0,False
1,4,4,6,10,10,7,2,1,5,1,7,1,6,10,0,2,1,0,1,2,643.7,False
3,3,8,6,5,9,6,5,1,6,1,7,3,8,0,5,1,5,2,4,0,674.7,False
5,2,1,5,4,2,0,0,1,2,0,2,1,8,10,4,2,0,1,8,1,607.4,True
2,2,4,5,7,10,7,3,2,3,10,3,10,7,7,2,2,6,6,6,3,683.9,False
3,3,10,2,2,5,2,5,1,6,1,3,5,5,2,4,2,10,1,10,3,675.0,True
3,4,2,7,4,10,6,1,2,7,8,4,8,7,7,7,2,8,9,7,1,670.5,True
3,5,8,4,2,10,3,0,2,7,10,10,5,6,0,9,2,4,3,0,1,647.7,True
2,3,0,1,5,10,9,0,2,6,1,10,3,5,0,1,2,10,3,10,2,666.2,True
4,3,6,6,10,10,5,3,1,5,6,6,5,8,0,2,2,10,7,7,1,728.9,False
4,3,10,8,10,8,5,5,1,6,1,8,5,5,0,3,2,10,1,4,3,716.8,False
0,5,2,2,10,10,1,3,2,4,0,5,0,5,7,7,2,3,2,7,2,602.3,False
5,2,10,10,4,4,5,2,1,6,3,5,10,8,0,2,1,5,3,5,3,693.0,True
5,2,5,9,10,10,10,5,1,8,3,10,3,8,0,1,2,8,3,10,2,755.2,False
5,5,0,3,1,2,1,1,2,0,1,1,0,6,10,10,1,4,0,2,2,533.7,False
3,4,6,9,8,10,7,1,1,8,3,6,6,7,7,2,2,7,2,8,1,696.4,True
5,3,5,7,6,5,8,2,1,10,1,10,2,8,0,2,2,8,2,8,1,711.0,False
2,1,8,10,10,7,8,5,2,8,2,5,2,6,0,3,2,10,1,10,3,709.6,False
5,4,2,10,7,4,7,1,1,7,5,7,10,7,0,1,2,10,8,7,3,723.8,False
5,3,10,5,3,10,3,5,1,8,5,10,6,6,0,0,2,4,6,7,2,729.3,False
2,4,10,5,7,10,8,4,1,6,9,9,10,6,0,0,2,10,8,7,3,749.5,True
5,3,10,5,3,10,3,5,1,8,5,10,6,6,0,0,2,4,6,7,2,729.3,False
2,2,7,3,3,5,3,2,1,7,5,4,6,8,1,1,2,5,4,5,2,677.5,False
4,2,2,2,3,9,2,5,2,4,1,3,1,7,5,5,2,5,1,4,1,627.8,True
2,2,3,5,5,10,5,2,2,8,5,4,10,6,0,3,2,3,5,2,2,668.6,False
2,5,5,4,10,10,3,5,2,5,1,1,0,7,0,3,2,0,0,7,2,637.6,False
5,0,10,2,5,5,0,0,1,7,4,10,0,8,10,1,2,5,1,10,3,677.0,True
4,3,2,5,6,10,6,3,2,8,7,8,5,6,8,4,2,8,10,7,2,689.8,False
5,4,6,4,8,4,5,3,1,5,3,8,1,8,5,2,1,3,4,6,3,659.6,False
2,4,3,6,5,10,7,2,2,6,3,1,1,8,7,5,1,7,4,0,1,612.3,False
2,2,4,2,10,10,2,0,1,9,2,8,0,9,10,0,2,3,2,10,2,668.3,False
3,5,0,3,5,1,0,0,2,4,0,1,4,8,4,4,2,5,0,3,1,583.4,False
1,3,2,4,1,3,2,3,2,5,1,4,5,5,0,3,2,0,1,7,2,612.3,True
5,4,0,3,1,3,3,1,1,2,1,6,0,6,0,3,2,5,1,0,2,618.0,True
4,4,4,3,10,5,2,5,1,6,3,6,7,6,8,2,1,4,3,5,3,655.4,False
1,4,3,2,2,2,3,5,2,4,2,2,1,6,0,1,2,5,1,4,2,613.8,False
3,4,4,8,8,8,5,2,2,7,3,2,5,5,5,2,2,4,8,4,3,657.8,True
1,4,3,4,2,4,1,1,1,3,3,4,2,6,3,2,2,7,3,6,1,629.5,True
1,1,10,2,4,4,4,5,1,3,4,3,2,7,5,2,2,10,6,10,3,685.6,True
5,5,1,10,5,10,2,0,2,5,2,10,1,7,10,7,2,6,0,3,1,624.1,False
1,0,3,4,3,10,3,2,1,8,2,3,2,8,0,2,2,5,2,7,1,672.2,False
3,4,10,10,4,4,1,0,1,5,2,4,1,7,10,7,1,4,2,5,1,614.4,False
4,3,10,6,3,5,1,4,2,8,1,2,4,7,0,1,2,1,1,10,3,661.6,False
5,2,10,1,1,4,0,5,2,2,1,8,1,8,0,3,2,4,2,10,2,657.9,True
5,2,10,1,1,5,0,5,2,3,1,7,1,8,0,2,2,4,2,10,2,661.1,True
5,1,10,1,1,5,4,5,2,2,1,7,1,8,0,2,2,4,2,10,2,669.6,True
4,4,7,1,7,1,6,1,2,8,9,2,6,7,3,1,2,6,7,1,1,658.2,True
3,3,10,3,0,5,0,0,1,5,1,10,1,9,0,0,2,2,1,10,1,661.9,True
3,3,3,3,6,2,5,3,1,3,3,1,0,9,5,0,1,0,3,8,3,626.1,False
3,5,9,6,4,2,5,5,1,2,0,6,2,8,10,5,2,3,0,10,3,645.6,False
1,4,1,1,4,10,2,1,2,5,1,6,10,7,5,10,2,2,1,2,2,602.9,False
3,3,2,4,10,10,8,5,2,3,4,3,3,7,0,1,2,8,5,5,2,683.9,True
3,4,4,4,6,10,3,0,1,5,4,10,10,6,10,0,2,2,5,5,2,669.8,False
4,3,10,6,5,5,2,5,1,8,1,9,3,8,2,7,2,6,2,10,1,697.2,False
2,5,0,3,0,5,3,0,1,3,0,1,5,7,0,4,1,0,0,6,1,584.9,False
3,1,2,1,0,5,0,3,2,1,0,4,0,8,10,2,2,0,1,7,2,592.5,True
5,4,10,5,10,10,2,3,1,5,1,2,5,7,0,7,2,10,4,4,1,692.2,False
3,3,7,6,6,7,5,3,1,1,5,4,1,6,5,2,2,8,8,1,3,672.0,False
3,3,6,5,10,5,4,5,2,6,7,7,4,7,0,3,2,10,10,8,2,710.2,False
2,5,7,8,6,10,7,0,1,4,1,10,2,7,4,2,2,8,3,6,1,678.5,True
1,2,10,4,1,6,2,0,1,3,3,10,5,7,4,0,2,3,4,10,1,670.0,True
3,3,1,5,2,4,3,1,2,6,5,9,2,7,0,2,2,3,2,1,2,632.4,True
5,4,10,7,10,10,3,1,1,3,2,8,2,8,0,2,2,10,1,7,1,705.5,False
5,3,10,7,1,2,5,0,1,8,2,5,10,7,5,2,2,6,1,2,1,670.7,True
2,3,1,5,0,10,2,0,2,10,0,4,0,5,0,4,2,5,0,10,2,624.2,True
4,3,5,5,3,7,2,0,2,5,0,7,3,8,0,5,2,5,0,7,1,639.0,False
2,5,1,3,2,10,1,0,2,2,0,2,0,7,10,10,1,2,0,1,1,537.5,False
2,4,8,3,5,1,3,2,2,5,0,10,1,8,10,1,1,2,0,10,1,607.3,True
1,3,1,2,2,10,0,2,2,1,0,2,0,5,0,3,1,3,4,5,3,583.0,False
4,4,0,3,7,3,1,2,2,10,4,3,1,8,0,2,2,4,0,7,3,636.5,False
5,1,5,4,8,5,4,2,1,8,2,5,10,7,10,0,2,10,3,5,2,696.2,False
5,3,10,7,1,2,5,0,1,8,2,5,10,7,5,2,2,6,1,2,1,670.7,True
3,1,1,3,7,2,8,0,2,8,1,8,5,6,6,0,2,8,1,10,3,659.2,False
3,5,0,2,1,2,2,0,1,3,0,1,0,4,0,6,2,2,0,3,1,579.2,False
3,4,4,6,7,7,7,2,1,7,5,7,7,5,6,1,2,4,5,5,2,684.3,False
5,1,10,10,10,10,10,5,1,2,1,5,5,7,0,3,2,5,5,5,2,733.6,False
1,3,0,2,5,4,3,3,1,8,3,8,3,4,0,0,1,5,6,10,0,653.7,True
3,5,10,2,4,4,0,3,2,8,1,2,0,6,0,7,1,3,1,5,2,598.5,False
0,3,0,0,3,2,2,1,1,0,0,10,0,3,0,0,1,1,0,10,3,592.7,True
2,2,4,7,7,10,2,5,1,8,5,4,10,8,0,3,2,8,10,7,2,728.5,False
3,4,3,10,8,10,3,3,2,10,5,5,5,8,3,1,2,5,8,6,3,693.0,True
5,2,10,10,10,10,10,5,1,10,8,10,10,8,0,0,2,10,8,7,3,797.7,False
2,1,0,8,2,10,3,5,2,4,2,2,0,6,0,0,1,2,2,10,0,635.9,True
3,4,5,2,2,1,5,3,2,7,0,5,3,7,3,1,2,10,1,8,2,641.8,False
1,3,10,5,4,5,4,0,1,3,0,7,1,7,7,1,1,3,2,2,1,616.7,False
2,4,7,4,10,8,8,5,1,9,7,10,10,8,0,0,2,8,9,3,3,746.7,True
5,0,5,8,5,8,7,1,1,9,2,9,3,7,0,3,2,9,2,10,2,722.5,True
3,1,7,10,2,10,2,3,2,10,3,5,1,8,0,1,2,8,2,7,3,689.6,False
1,3,8,3,3,6,1,2,1,10,1,1,10,8,0,1,1,5,1,5,3,649.7,True
3,3,3,4,3,6,1,1,2,4,1,5,0,7,0,7,2,1,1,8,2,612.9,False
2,4,6,10,9,4,1,5,2,4,3,8,0,7,0,2,1,5,2,10,2,654.3,True
3,3,4,2,10,6,4,4,1,3,3,4,5,9,7,1,1,5,2,5,2,652.2,True
5,0,10,5,4,4,7,5,2,4,3,3,5,7,0,1,2,7,7,5,2,699.2,False
3,2,4,3,5,5,3,0,2,5,4,5,5,7,0,2,2,8,3,4,3,650.3,True
1,3,0,2,4,7,2,4,2,6,3,1,1,6,6,1,1,3,5,2,2,594.9,False
1,5,4,4,10,10,3,5,2,3,4,5,1,6,10,1,2,4,2,10,2,643.3,True
3,3,5,10,6,8,3,3,2,7,1,3,2,8,6,1,2,9,2,2,2,656.9,False
4,1,5,2,10,2,10,5,1,10,6,10,2,8,0,0,2,0,8,10,3,733.1,True
1,5,0,3,2,2,1,2,2,1,3,7,1,6,5,10,1,2,1,2,1,550.2,False
0,0,10,5,10,5,5,5,1,10,3,8,10,9,0,1,2,10,5,10,3,749.9,False
2,5,4,3,10,10,6,1,1,10,3,6,3,8,0,1,2,6,7,10,3,701.7,True
2,2,4,5,10,7,9,4,1,2,2,7,10,7,0,0,1,4,3,7,0,691.5,True
2,2,4,5,10,8,7,1,1,2,2,7,10,6,0,0,1,4,3,4,0,672.6,True
4,2,3,5,4,10,2,4,2,6,8,5,9,8,0,2,2,5,3,10,1,696.4,False
3,2,2,2,3,3,0,0,1,4,0,2,0,7,0,7,2,8,1,9,1,624.2,False
5,0,1,3,0,1,0,0,1,7,0,2,4,8,0,0,2,2,1,7,1,641.4,True
4,0,8,8,8,3,9,2,1,5,7,7,1,7,0,3,2,3,7,5,1,711.9,False
3,2,9,10,6,6,5,0,2,8,3,5,1,8,0,2,2,6,4,6,2,677.7,False
1,4,5,2,0,9,2,1,1,5,1,1,0,8,0,7,1,2,1,1,0,590.2,True
3,2,7,5,7,8,2,4,2,8,2,2,10,7,3,4,2,10,5,8,0,688.8,False
0,3,5,7,10,10,7,5,1,7,4,10,5,7,10,2,2,8,3,10,0,709.1,False
3,3,3,4,10,6,4,3,1,5,1,5,2,7,4,5,2,10,8,5,3,677.5,True
0,5,0,6,5,4,3,5,1,3,1,1,10,7,10,10,1,2,0,2,1,586.6,False
4,3,10,5,4,10,6,0,1,7,2,8,2,7,0,2,2,10,5,4,0,700.2,False
4,2,8,10,5,8,4,5,1,6,1,8,5,8,0,7,2,9,5,7,2,719.1,False
3,3,5,3,10,10,5,1,1,7,2,3,2,7,10,4,1,3,1,10,2,641.4,False
1,3,5,5,4,2,2,5,1,9,0,6,0,8,0,0,2,2,1,10,1,666.0,True
3,4,4,3,4,3,2,1,1,7,3,3,1,4,8,1,1,1,5,4,1,605.1,False
0,5,10,2,10,10,2,0,2,2,1,4,0,6,10,7,2,10,1,7,2,610.8,False
4,3,10,10,10,5,3,5,1,7,2,8,0,7,0,0,2,10,4,10,2,730.8,False
3,2,3,3,4,6,2,0,1,5,1,8,1,7,0,3,2,4,1,2,2,642.4,False
4,3,10,10,6,5,8,5,1,10,6,10,7,7,0,8,2,10,5,10,1,748.2,False
4,1,7,10,4,10,3,5,1,3,4,6,3,8,3,0,2,5,3,10,0,715.3,True
2,3,2,7,10,10,5,0,2,3,4,4,5,7,10,1,1,3,5,3,3,622.9,True
2,4,6,10,9,4,1,5,2,4,3,8,0,7,0,2,1,5,2,10,2,654.3,True
2,3,3,3,7,5,2,3,1,8,4,6,5,7,3,1,2,3,5,5,1,670.9,True
3,4,9,10,10,10,3,3,2,3,1,1,0,5,10,4,1,10,2,10,1,637.2,False
2,2,10,6,3,6,4,3,1,7,3,8,4,7,0,1,2,10,5,5,0,705.3,False
2,2,10,10,8,10,4,5,2,6,2,7,4,8,2,1,2,8,6,3,1,705.3,True
0,2,0,0,0,2,0,0,1,0,3,5,0,5,0,5,1,5,4,0,0,571.7,False
1,1,5,1,0,2,0,0,1,2,3,4,5,5,0,1,1,2,1,0,1,595.3,False
0,5,1,3,3,6,3,0,2,7,1,2,1,9,0,10,2,3,5,1,1,588.9,False
3,5,7,10,3,10,0,0,2,5,4,6,1,6,3,5,1,5,0,10,1,623.1,False
3,2,7,8,10,6,4,4,1,6,4,4,5,8,0,1,2,5,5,5,2,709.8,False
5,0,5,7,7,4,1,2,1,8,3,5,10,6,0,3,2,5,6,10,3,713.0,False
1,5,1,3,7,7,10,3,2,8,2,3,1,7,5,5,2,3,2,7,2,629.5,False
3,3,10,8,6,10,3,2,2,4,1,3,0,8,0,3,2,10,8,2,1,672.2,False
4,1,1,7,3,7,1,4,1,7,1,8,10,9,9,2,2,1,4,10,1,687.0,False
5,2,5,10,10,10,5,5,2,7,2,10,4,8,0,1,2,10,1,3,2,717.8,False
4,1,10,6,10,4,10,5,1,2,2,5,1,9,0,3,1,4,2,10,1,696.6,False
1,5,2,10,10,10,1,5,1,5,1,9,2,7,0,3,1,10,0,2,0,663.0,False
5,4,5,3,1,10,3,0,2,5,2,9,0,7,0,10,2,3,4,4,2,629.0,True
3,3,4,5,10,10,5,5,1,4,6,7,3,7,5,3,2,7,5,7,1,703.4,False
1,2,4,4,1,3,2,0,2,6,0,8,6,6,0,5,1,4,4,5,1,608.2,True
2,5,10,7,8,10,5,1,1,7,5,6,2,7,7,4,2,10,4,3,2,681.1,False
5,2,10,6,10,10,4,5,1,7,7,10,4,8,0,8,2,6,6,6,2,738.2,False
2,4,3,3,3,5,1,3,2,3,0,1,0,7,10,6,1,5,1,0,1,559.4,False
3,2,5,6,7,6,5,1,2,10,3,6,10,8,1,7,1,2,3,6,1,654.1,False
3,2,4,3,7,7,6,1,2,10,4,3,10,8,1,7,1,2,4,4,1,645.0,False
4,2,7,3,7,4,6,3,2,3,6,4,9,8,2,1,2,5,6,6,1,684.3,False
3,4,10,10,4,10,2,1,1,6,2,5,3,7,5,2,2,4,1,2,1,663.9,False
3,2,6,1,0,5,4,5,2,8,4,6,3,6,7,0,2,8,0,3,1,646.9,True
3,4,3,6,4,10,2,1,1,6,2,10,5,7,0,4,2,3,2,2,0,663.2,False
5,4,7,6,9,9,7,1,1,8,4,9,5,8,0,4,2,7,9,7,3,726.1,False
5,3,10,10,10,8,10,5,1,7,7,6,4,7,0,5,2,9,8,10,2,759.3,False
2,5,5,5,3,3,0,1,2,3,0,6,1,7,10,9,2,3,0,6,2,579.1,False
1,4,5,7,10,10,4,5,2,4,0,4,3,8,0,0,2,8,1,7,0,674.1,False
2,2,10,6,2,5,2,3,1,7,0,10,1,7,0,5,1,1,1,9,1,653.0,True
4,2,10,3,6,10,2,5,2,6,4,4,3,7,0,2,1,4,2,5,2,662.0,False
5,3,5,3,4,10,2,1,2,3,1,8,1,9,10,6,2,10,0,2,2,629.2,False
1,5,4,10,5,10,7,2,1,3,8,2,10,6,0,5,2,10,3,10,2,697.1,False
3,5,10,2,4,10,4,3,1,0,1,10,1,5,5,0,2,1,3,10,2,662.8,False
3,2,10,7,5,5,5,5,2,7,4,7,10,9,0,2,2,8,3,10,3,717.4,True
3,3,6,3,2,4,2,1,2,4,1,10,1,6,0,1,1,10,1,10,1,634.1,False
4,3,0,10,8,10,2,5,1,6,3,2,3,6,0,2,1,2,5,5,1,668.2,False
1,5,4,8,10,6,2,0,1,5,1,3,2,8,10,1,2,2,0,2,1,621.2,False
3,4,10,5,3,3,2,0,1,6,0,4,4,2,0,1,2,4,0,5,2,638.9,True
2,4,4,3,10,9,2,5,1,5,1,6,0,7,0,3,1,8,2,4,2,655.6,False
5,0,2,10,10,8,10,3,2,9,10,7,5,7,0,0,2,10,5,10,3,749.3,True
2,2,3,5,10,10,1,2,2,7,1,5,2,5,10,1,2,6,7,2,1,643.1,False
5,2,4,6,7,3,5,5,1,7,2,2,2,8,0,3,2,6,2,10,2,694.1,True
4,3,10,9,10,6,5,2,1,9,3,10,5,8,2,1,2,10,9,8,1,743.3,True
1,2,4,4,3,4,4,5,1,8,3,1,1,8,0,2,2,6,10,4,2,675.2,True
3,4,10,8,3,3,2,1,2,8,1,5,5,7,0,1,2,4,0,10,3,657.1,False
3,4,10,4,5,4,6,3,1,9,3,10,2,7,0,2,2,10,3,8,1,705.7,False
4,4,7,4,7,10,3,2,2,8,8,8,2,7,10,3,2,5,3,8,2,667.9,True
0,5,5,5,4,5,2,0,1,7,2,7,0,6,0,2,2,10,1,10,1,652.2,True
5,3,1,6,2,2,1,1,2,10,1,1,1,6,0,1,2,4,5,7,3,634.0,False
5,2,10,5,10,1,10,5,1,7,1,10,10,10,10,1,1,10,3,10,3,721.6,True
3,3,10,8,2,4,0,1,1,6,1,7,0,7,0,2,1,8,1,2,1,642.2,False
4,3,3,6,3,10,3,3,2,7,6,8,3,8,4,2,2,0,4,7,0,666.4,False
2,2,3,10,9,9,9,2,1,10,5,10,10,8,5,1,2,7,2,3,2,722.9,False
5,3,1,6,1,5,1,0,1,10,2,7,0,7,0,6,1,4,1,8,1,633.7,False
3,3,5,5,1,5,1,1,1,8,6,7,0,8,0,4,2,4,1,6,1,657.7,False
2,2,6,10,2,10,2,1,1,7,3,3,1,7,0,2,2,6,2,5,1,672.0,True
2,4,1,1,10,10,1,4,2,1,0,2,1,8,4,1,2,5,1,3,3,619.3,False
4,1,4,3,5,6,3,3,2,8,4,10,2,7,0,0,1,5,3,6,2,663.2,False
2,4,0,5,3,10,3,3,1,7,3,1,1,7,7,2,1,2,1,3,1,612.1,False
3,1,3,5,3,7,3,1,2,7,3,1,10,7,0,2,2,10,10,10,3,686.9,True
1,2,6,4,10,10,2,5,2,6,4,4,1,4,4,2,2,4,6,4,2,659.7,False
3,1,4,6,6,10,4,5,2,3,1,5,2,8,0,1,2,2,0,3,2,660.7,False
5,4,1,3,4,4,0,2,1,0,4,2,0,7,0,6,1,0,5,4,3,603.8,False
3,2,10,8,10,8,5,1,1,6,1,8,0,7,0,2,2,8,7,10,1,717.2,True
2,2,5,10,5,4,7,4,1,4,2,5,8,6,10,4,1,7,3,5,1,656.9,False
5,2,2,5,9,4,3,5,1,8,1,4,1,8,0,3,1,3,3,10,1,672.4,False
3,2,2,0,1,4,2,0,1,4,1,4,0,9,0,2,2,3,1,10,1,633.5,False
4,4,3,1,5,7,0,0,1,5,4,10,3,7,7,1,1,3,5,10,1,641.1,True
1,5,0,3,0,4,3,4,1,6,6,8,2,7,2,4,1,2,7,10,2,635.6,True
3,2,10,8,10,5,7,5,1,9,2,5,8,7,0,1,2,10,1,7,2,733.6,False
2,3,10,10,10,10,10,5,1,10,1,10,3,7,0,1,2,10,3,7,2,748.2,True
2,1,10,10,10,6,6,5,1,7,4,10,3,8,0,1,1,10,3,3,1,719.5,False
1,4,2,5,10,10,3,5,2,7,4,2,4,8,2,0,1,4,1,10,3,651.6,False
5,3,10,5,10,10,8,5,1,7,8,10,8,7,0,3,2,10,10,6,1,768.6,True
3,2,10,8,5,9,5,3,1,8,2,6,2,7,0,4,2,10,1,10,2,711.7,False
5,3,6,10,10,5,2,5,1,8,4,6,1,7,0,2,2,6,6,8,2,718.5,False
3,4,8,5,3,3,3,3,1,5,1,5,1,6,2,1,2,4,1,5,1,650.1,False
0,4,3,4,4,4,0,2,1,2,1,2,1,8,0,0,2,6,1,10,3,634.6,True
2,4,10,2,8,1,5,1,1,5,10,10,1,9,0,0,2,7,10,10,1,711.2,False
2,5,10,3,10,6,8,5,2,8,3,10,2,6,5,0,2,10,4,3,2,686.8,False
1,4,0,1,1,3,1,0,2,1,1,4,1,3,0,5,1,4,1,7,2,557.5,False
3,3,10,10,10,10,7,5,1,6,4,4,3,8,0,4,1,8,9,7,1,720.0,False
1,2,5,8,8,10,10,3,1,4,1,10,8,8,5,4,1,10,4,8,1,699.1,True
0,1,4,8,7,8,2,5,1,4,3,4,3,7,5,3,2,5,1,10,1,675.6,True
3,2,10,5,10,5,2,1,2,5,2,5,2,5,10,1,2,5,6,5,2,648.2,False
4,2,10,2,1,1,4,2,1,6,3,2,0,8,0,5,1,1,0,5,1,624.4,False
2,4,8,2,6,1,4,5,1,2,2,8,2,9,0,6,1,2,2,3,1,634.3,True
4,3,6,9,9,5,6,1,1,9,5,4,5,8,0,4,2,8,8,4,2,709.8,False
1,2,10,7,8,5,3,4,1,7,2,6,3,7,1,1,1,3,4,4,1,670.9,True
5,1,5,9,2,10,7,0,2,8,3,3,5,6,1,3,2,1,2,1,1,658.2,True
3,4,1,2,7,8,3,3,2,5,5,3,1,6,4,7,1,5,3,7,1,612.3,True
2,4,3,3,10,5,3,0,1,8,0,8,0,6,5,1,2,5,2,10,2,654.1,True
1,2,5,8,8,10,10,3,1,4,1,10,8,8,5,4,1,10,4,8,1,699.1,True
3,5,5,5,5,5,5,5,2,5,5,5,0,7,5,2,2,10,0,10,1,658.8,False
4,4,10,2,2,3,6,1,1,8,1,4,10,8,0,3,1,5,0,10,1,662.2,False
1,4,4,7,10,10,2,3,2,1,2,6,2,7,0,3,1,10,1,5,1,638.6,False
3,3,10,3,10,1,8,5,1,10,1,6,10,8,0,1,1,10,10,2,3,713.6,True
1,1,10,4,6,3,4,0,2,8,2,8,4,7,0,1,1,3,2,5,2,640.7,False
5,2,6,3,5,6,10,2,1,9,5,8,4,7,3,3,1,10,5,7,0,698.5,False
0,5,0,0,6,0,3,0,1,0,1,1,10,6,0,1,1,3,3,3,2,588.1,True
5,3,5,4,2,4,3,3,1,9,5,3,3,8,0,0,2,3,3,10,2,685.8,False
3,0,3,3,1,3,3,2,1,9,3,6,10,8,0,1,1,4,9,10,1,684.7,True
1,4,0,2,5,3,1,0,1,7,3,8,2,5,0,8,1,7,3,4,1,608.0,False
4,3,5,4,10,10,7,5,1,8,2,5,10,5,5,4,2,7,1,4,2,700.9,True
2,5,5,5,8,10,4,3,1,4,4,3,5,6,10,6,2,8,7,3,2,658.2,False
3,2,10,10,2,10,4,2,1,4,1,10,4,7,0,0,2,10,2,10,0,717.6,False
3,3,1,5,2,6,3,3,1,4,5,3,1,7,8,4,1,10,10,5,1,641.4,True
2,1,5,4,1,4,1,0,1,4,2,2,1,8,0,1,2,2,0,9,1,638.0,False
4,3,10,6,3,2,1,5,2,6,3,1,2,7,2,0,2,5,2,10,2,661.4,False
3,3,3,4,8,5,5,2,1,8,2,5,10,7,7,7,2,5,10,7,2,680.9,False
5,4,1,8,3,10,6,1,2,6,2,6,3,8,0,1,2,9,4,4,2,671.1,False
5,4,1,6,4,10,9,4,2,7,3,6,3,8,0,1,2,8,4,5,2,688.1,False
1,1,3,6,2,10,4,1,2,10,4,4,3,5,10,3,2,10,2,5,2,642.9,True
3,4,8,2,7,7,0,5,1,7,0,10,0,8,0,6,2,5,5,10,0,685.5,False
2,4,0,0,0,6,3,0,1,0,2,2,0,7,0,0,1,3,0,0,0,578.3,True
5,4,10,5,5,10,6,3,2,7,3,6,4,7,10,5,1,1,7,10,1,655.6,False
2,4,10,10,3,6,2,1,1,7,4,8,10,7,5,0,2,5,0,10,1,691.7,True
4,4,6,2,2,3,4,0,1,8,1,8,1,7,0,1,2,4,1,10,2,659.4,True
5,1,10,10,7,8,5,2,1,8,2,1,1,8,0,0,2,6,2,10,1,716.0,True
1,4,0,1,0,10,0,0,2,0,0,6,0,6,0,0,1,2,0,0,1,561.9,True
2,4,10,10,3,6,2,1,1,7,4,8,10,7,5,0,2,5,0,10,1,691.7,True
3,3,3,10,10,10,4,2,1,5,1,9,3,7,4,2,2,6,3,7,3,693.6,False
3,2,3,4,4,6,2,4,1,2,1,3,1,8,3,1,2,8,0,7,3,656.9,False
3,2,10,5,0,5,10,0,2,2,0,10,0,8,0,1,2,10,0,10,1,668.5,True
3,3,6,4,6,2,4,2,2,7,0,6,1,6,0,1,2,10,0,7,3,652.0,False
1,5,10,5,6,10,3,1,1,3,5,5,0,6,10,3,2,6,1,2,1,636.5,False
5,1,4,7,10,10,8,1,1,9,2,10,4,8,4,0,2,6,1,1,1,711.0,True
3,2,10,5,4,6,4,0,2,8,3,7,3,8,0,1,2,8,1,8,1,676.4,False
2,4,7,5,1,4,2,0,1,7,1,5,2,8,7,4,2,1,2,6,2,625.0,False
3,2,10,5,10,10,10,5,2,10,10,2,10,6,10,1,2,10,10,5,3,731.1,False
3,1,6,10,8,7,5,2,2,3,2,5,5,6,0,1,2,10,2,7,3,687.5,True
4,1,5,4,5,0,0,5,1,7,4,1,0,5,0,0,2,1,4,10,3,667.8,False
3,2,10,8,8,10,5,5,1,10,3,10,5,7,0,2,2,10,3,5,1,741.4,False
5,0,1,5,3,2,2,0,1,8,2,5,7,8,0,0,2,6,3,9,1,684.5,True
2,5,10,10,6,2,3,5,1,7,1,2,2,8,5,1,2,1,3,7,1,665.2,False
2,4,5,10,8,2,5,5,1,7,3,2,2,8,5,1,2,3,3,7,1,673.7,False
5,3,4,5,10,8,5,5,2,6,4,3,1,7,3,4,1,10,2,8,2,665.2,False
3,4,6,1,4,4,1,5,1,5,0,3,1,6,5,7,2,10,0,5,1,634.4,False
5,4,3,10,5,8,3,5,2,6,3,8,7,8,5,6,1,4,6,5,1,661.3,False
3,2,5,10,3,10,4,1,1,7,2,5,7,7,0,4,2,10,2,4,1,692.8,False
1,4,2,4,3,10,2,1,2,0,0,8,2,7,0,10,2,2,0,7,2,603.3,True
4,5,4,2,2,1,5,5,1,10,3,10,0,9,0,3,2,6,4,10,3,685.7,False
2,3,0,4,2,4,0,2,2,2,2,1,5,6,4,0,2,5,2,3,2,603.4,False
3,3,8,5,10,10,5,3,1,8,6,10,3,6,0,2,2,8,6,2,2,719.1,False
2,4,5,9,8,9,5,5,1,7,4,6,4,7,5,2,2,8,6,7,1,706.6,False
5,4,10,7,3,10,8,2,1,7,5,3,1,6,0,10,2,6,0,3,2,673.5,False
3,3,10,6,5,10,10,0,2,7,6,8,10,6,2,5,2,8,10,5,1,706.8,False
2,4,6,3,3,4,3,2,2,3,2,9,2,6,3,10,2,10,0,2,1,615.2,True
5,4,3,10,7,10,5,1,1,10,1,7,10,6,1,2,2,1,2,2,2,691.3,False
5,4,10,7,7,10,5,5,1,5,2,9,4,7,0,4,2,10,9,10,3,739.5,False
3,4,1,5,3,5,5,5,1,6,3,10,2,4,8,7,2,4,1,1,3,637.1,False
2,4,6,4,2,2,3,2,2,2,1,2,4,7,5,6,1,2,3,2,1,578.3,False
5,2,5,2,5,10,1,4,1,9,3,7,0,8,0,0,2,5,2,8,2,698.5,False
2,2,10,8,6,7,3,3,1,6,2,5,5,6,0,5,1,10,3,10,2,685.8,False
5,3,5,4,10,6,2,5,2,3,4,10,6,7,0,1,2,6,6,6,3,697.2,False
2,1,6,4,10,2,2,0,1,5,0,5,0,7,0,1,2,3,0,7,2,652.0,False
3,4,10,6,6,3,3,5,1,6,3,6,0,8,3,0,2,10,2,10,1,696.6,True
2,3,10,6,10,4,1,0,1,6,2,4,1,10,0,3,1,3,4,6,3,652.4,False
5,2,5,7,10,6,3,2,1,7,6,2,0,8,0,3,2,10,5,5,1,700.9,True
5,5,10,2,0,5,5,3,1,7,0,6,0,5,10,10,1,10,1,0,3,609.3,False
2,2,4,10,7,7,7,3,1,8,6,2,2,7,5,4,2,4,6,10,0,693.9,True
3,3,2,4,10,6,3,5,1,4,5,5,3,6,2,2,2,3,3,10,1,682.4,False
2,2,2,2,5,2,0,2,2,2,2,2,1,7,0,2,2,7,0,10,3,620.8,False
1,2,10,4,5,10,10,5,1,8,7,10,2,6,5,5,2,10,6,10,1,727.6,True
3,4,7,7,1,2,3,1,1,5,1,10,0,9,0,1,1,1,5,10,1,650.0,False
5,2,8,3,5,2,2,5,2,0,1,4,0,8,0,2,1,4,3,10,2,638.4,True
4,1,7,7,10,10,8,5,1,3,7,1,5,6,0,1,2,10,10,9,3,746.2,False
4,5,3,8,6,10,4,5,1,5,8,4,4,9,0,6,2,4,3,5,1,691.3,False
3,2,6,10,10,10,9,5,2,6,8,9,6,7,6,3,2,8,4,7,1,722.5,True
4,1,10,10,10,6,10,5,1,10,9,4,2,8,0,3,1,0,2,10,2,723.4,False
2,2,5,5,10,10,5,0,2,8,5,1,5,6,0,0,2,1,5,1,2,659.5,False
3,4,3,5,9,3,9,1,1,7,1,10,1,7,3,10,1,2,1,10,3,641.1,False
3,4,10,10,7,10,7,5,2,9,7,9,9,7,0,5,2,7,10,9,3,741.2,True
5,0,8,10,10,5,10,5,2,10,7,5,10,9,10,0,2,4,5,10,3,739.1,False
1,2,7,4,2,7,4,5,1,4,3,8,5,9,0,4,2,8,4,10,1,698.9,True
2,0,0,0,2,4,0,1,2,0,4,2,0,7,7,3,2,6,4,1,1,590.2,True
5,2,3,2,3,3,2,5,2,5,2,3,2,6,8,1,2,4,0,5,3,625.9,False
2,5,1,3,3,4,0,5,2,6,1,5,1,7,5,6,1,3,5,3,3,589.1,False
2,5,5,0,10,10,8,5,2,5,6,3,1,6,8,9,1,10,7,1,1,629.3,False
3,5,9,6,8,10,5,3,2,7,3,6,6,7,2,6,2,6,2,6,2,674.3,False
3,2,10,2,3,7,3,5,1,6,6,10,0,7,0,2,2,8,4,10,2,710.8,True
1,3,6,10,2,8,3,5,2,6,2,3,0,7,0,3,1,5,1,3,2,629.5,True
2,4,4,3,3,7,1,4,2,3,0,8,3,6,10,0,2,3,0,2,3,609.9,True
2,1,6,3,3,3,3,2,2,1,1,3,3,7,3,2,2,4,1,4,1,619.3,True
4,1,3,10,10,7,2,5,2,8,10,6,1,7,0,5,2,5,10,10,3,716.8,False
1,4,1,2,1,2,1,1,2,8,1,3,0,6,0,1,1,2,1,2,2,571.5,False
2,5,3,3,3,5,2,1,1,6,6,5,5,6,9,10,2,6,2,2,0,616.1,False
5,4,5,6,2,5,6,1,2,7,7,8,2,6,5,2,2,10,2,3,1,659.2,False
5,1,10,9,5,10,5,2,2,8,2,8,2,7,0,0,2,10,1,10,1,715.5,False
2,2,5,3,5,5,5,5,1,3,2,7,10,6,6,0,2,10,6,7,1,696.4,True
5,3,4,6,3,5,1,5,1,7,5,6,4,7,1,1,2,7,2,8,3,694.7,False
1,5,2,4,4,4,10,3,1,10,10,1,5,6,10,2,1,6,5,9,1,651.0,False
4,1,10,6,4,3,0,2,1,3,0,2,1,4,2,2,2,3,1,8,1,649.1,True
4,1,2,7,10,10,6,4,1,8,7,8,5,6,5,1,2,6,8,7,2,730.6,False
3,3,10,6,10,7,2,3,1,7,1,7,3,7,2,5,2,8,6,8,1,701.7,True
1,1,2,1,5,1,3,1,1,1,2,3,3,8,1,1,1,1,9,8,1,626.3,True
2,3,3,5,3,3,2,0,1,6,5,7,3,7,0,0,2,3,2,1,1,645.6,False
4,3,10,5,4,10,2,2,2,7,2,3,2,8,3,2,2,6,8,5,1,670.5,True
1,2,10,7,5,10,2,3,2,8,4,8,3,6,2,0,1,6,4,7,1,669.4,False
2,3,5,5,3,3,2,1,1,6,4,8,10,7,0,0,2,3,2,1,1,664.5,False
3,1,4,10,7,5,6,3,2,10,2,2,2,7,4,1,2,4,1,1,0,658.2,False
5,3,10,10,6,10,4,5,1,8,3,7,5,8,0,3,2,10,1,7,1,734.2,False
4,2,8,10,7,7,4,4,1,8,2,9,8,8,3,3,2,10,3,8,1,731.2,False
2,4,9,5,2,3,3,4,2,7,2,4,5,8,10,2,2,6,3,7,3,641.8,True
3,1,7,8,7,10,7,2,1,7,3,7,1,6,0,2,2,4,3,7,1,704.9,True
3,1,3,1,0,1,1,0,1,0,1,7,0,5,1,2,1,0,1,10,1,599.3,True
3,1,7,8,5,10,5,1,1,7,3,7,1,6,0,2,2,5,3,7,1,696.4,True
4,3,4,3,1,3,2,3,1,4,2,6,1,6,5,3,2,4,1,5,1,635.0,False
5,1,10,6,10,5,4,5,2,9,2,6,7,7,0,0,1,10,6,10,3,716.8,False
4,2,10,6,8,10,4,2,1,8,3,10,5,8,0,2,2,7,5,10,2,734.8,True
3,4,7,5,3,9,6,5,1,10,0,8,0,7,5,0,2,6,1,7,3,686.6,False
5,3,7,5,6,2,1,2,1,3,0,6,3,8,0,1,1,1,4,5,1,645.6,False
5,2,2,6,7,7,3,2,1,9,3,3,3,6,7,1,1,0,5,8,2,654.8,False
3,4,4,5,10,5,0,2,1,6,5,2,0,9,5,3,1,5,1,5,2,633.1,False
5,4,10,5,5,5,3,2,1,4,4,8,1,8,0,1,1,10,2,10,1,683.4,False
0,3,2,6,1,4,3,1,1,1,1,4,1,6,0,1,1,5,0,2,0,598.9,True
3,2,4,6,8,10,5,2,1,7,6,3,10,8,0,2,2,10,2,4,2,711.3,False
5,3,6,7,6,10,7,5,2,9,6,10,5,8,1,2,2,10,3,10,1,731.4,True
2,0,2,10,10,10,0,3,2,3,10,6,1,8,0,0,1,10,10,10,1,700.0,True
2,1,10,5,4,6,5,5,2,5,3,10,5,7,0,0,2,5,3,10,1,700.6,False
3,5,4,6,5,10,5,5,1,7,3,6,10,6,10,3,1,10,4,10,1,680.9,False
2,3,2,2,3,10,1,4,2,5,4,5,2,6,2,3,2,1,2,6,2,631.4,True
5,2,2,5,10,6,6,5,1,7,1,5,1,7,0,3,2,7,0,8,3,696.2,False
4,2,10,8,10,8,5,2,1,7,3,7,0,7,1,3,2,10,2,7,1,713.6,False
3,3,8,4,4,10,0,0,2,3,1,2,0,6,0,6,2,10,0,2,3,620.6,True
1,1,10,4,5,10,9,1,1,1,10,5,0,9,0,1,2,10,4,0,0,696.6,False
2,5,6,2,1,2,2,3,1,7,4,6,5,7,3,5,2,3,1,2,1,631.8,False
3,3,10,8,8,10,3,2,1,10,3,5,5,7,0,3,2,6,7,10,3,721.7,False
2,4,1,1,0,5,1,0,1,2,1,10,0,7,0,7,1,1,4,2,1,588.4,False
1,3,1,5,5,10,1,0,2,3,2,4,5,7,3,4,2,6,2,6,1,624.6,False
3,0,8,5,10,10,10,2,1,5,8,10,10,10,10,0,2,5,8,10,1,750.5,True
1,4,6,2,1,8,5,1,1,6,2,3,0,6,2,1,2,3,4,6,2,639.5,False
5,0,7,6,2,7,6,0,1,10,10,4,1,8,0,0,2,6,6,10,1,721.7,True
1,3,2,6,6,2,1,5,1,5,1,3,0,7,0,1,2,0,1,7,3,641.4,False
4,4,10,10,10,10,8,5,2,7,7,1,5,7,0,6,2,10,8,10,1,727.7,False
4,2,8,8,5,10,2,3,2,10,2,7,7,8,0,1,2,5,4,2,3,695.1,False
5,2,2,1,4,10,5,5,1,7,2,9,1,7,5,6,2,3,1,7,3,673.2,True
3,4,2,4,4,5,4,1,1,4,4,6,4,6,0,4,2,2,2,10,1,653.7,False
3,0,2,8,1,2,1,1,1,10,2,1,1,9,1,1,2,1,0,2,2,641.4,False
3,2,6,10,10,7,10,5,1,10,9,7,10,8,5,5,2,2,8,10,0,749.5,False
1,4,5,3,10,7,4,5,1,10,1,2,0,6,0,1,2,8,1,8,2,678.4,False
1,1,10,10,7,10,6,5,1,5,6,2,2,7,1,1,2,10,3,10,1,726.2,False
2,5,10,2,5,6,8,5,1,8,1,4,2,6,10,2,1,5,5,5,1,646.5,False
1,1,4,4,8,2,2,2,1,6,2,3,5,7,0,4,2,10,0,8,1,666.9,True
2,2,3,3,2,6,2,2,1,5,4,2,3,5,7,5,2,2,1,4,1,620.4,False
0,3,5,7,3,3,4,5,1,2,4,8,3,6,6,1,2,7,5,10,1,672.8,True
1,4,5,2,10,6,3,5,1,2,0,10,0,6,0,1,2,5,1,10,3,671.5,False
2,1,7,3,5,5,4,1,2,3,1,4,0,7,0,3,1,3,2,5,2,614.4,True
2,0,10,8,5,10,5,1,1,3,7,8,7,6,7,5,2,5,9,6,1,705.1,True
5,1,4,4,10,3,3,3,2,5,2,5,5,7,0,0,2,6,3,7,3,679.2,False
3,3,10,4,6,10,4,1,1,3,1,10,10,8,0,1,2,3,1,10,3,702.5,True
4,2,10,6,8,5,5,3,1,9,3,10,10,6,0,1,2,10,4,10,3,742.9,False
3,3,8,7,10,10,3,1,2,5,1,6,1,7,10,3,2,7,0,1,1,640.3,True
5,5,5,2,2,3,6,1,1,5,2,10,1,8,10,2,2,7,7,10,1,663.4,True
5,4,10,6,4,10,3,4,1,10,6,2,10,7,10,1,2,5,1,7,3,699.0,False
2,2,3,4,10,10,6,2,1,3,2,9,3,6,0,4,1,1,2,10,1,664.5,False
4,3,6,3,2,8,2,1,1,7,3,10,1,7,7,3,2,3,2,7,1,658.1,True
3,3,1,5,10,6,6,5,1,5,1,6,2,7,7,3,2,8,1,3,2,667.5,False
3,2,4,4,10,4,3,2,1,6,2,5,2,8,6,0,2,6,1,8,2,670.9,False
2,3,3,3,4,4,4,2,1,7,2,5,5,6,0,1,1,5,2,5,1,641.6,True
4,3,2,2,6,5,3,3,2,7,3,4,3,7,0,2,1,4,3,2,2,626.3,False
1,1,9,5,4,4,4,2,1,6,3,4,4,7,2,1,2,2,6,6,1,673.9,True
3,3,5,10,6,8,4,3,2,8,1,1,10,8,10,1,2,3,3,3,3,656.5,True
2,3,2,10,4,10,5,5,1,6,4,4,1,7,0,2,2,7,2,7,1,690.9,False
1,3,5,4,5,8,4,2,1,6,2,9,3,7,2,2,2,4,6,8,0,678.3,True
1,4,3,4,5,10,0,5,1,5,0,8,5,8,10,3,2,0,0,0,0,630.7,True
1,3,5,5,3,10,2,1,2,0,5,10,0,7,0,4,2,0,2,10,0,637.7,True
1,2,4,6,7,4,4,0,2,8,1,7,10,8,0,3,2,10,2,10,2,676.4,False
2,3,4,10,10,10,6,5,2,5,2,2,5,8,0,2,1,10,9,5,1,685.6,False
2,4,4,1,0,10,0,0,1,3,0,3,0,7,0,6,2,3,0,10,1,615.9,True
4,1,9,8,8,8,3,3,1,10,3,10,4,7,0,3,2,10,3,10,3,738.0,True
4,3,10,7,10,6,10,3,1,3,2,7,5,9,0,3,1,10,1,7,0,703.8,True
5,2,3,0,0,2,1,0,1,4,0,10,0,7,3,5,2,2,1,10,1,629.2,True
3,3,1,4,2,2,2,4,1,10,0,3,0,7,0,0,2,10,2,7,3,661.8,False
2,4,10,7,8,10,7,5,2,5,4,4,5,6,0,10,2,7,8,7,2,689.0,False
0,5,1,2,1,1,3,0,2,0,0,1,1,8,0,7,2,3,0,1,1,554.5,True
1,3,6,1,5,6,5,0,2,3,2,3,2,8,2,5,2,5,1,7,2,619.5,False
2,4,4,4,10,6,6,3,1,8,1,3,2,8,0,2,2,5,1,4,3,668.8,False
1,5,3,2,2,10,10,3,1,8,1,8,1,4,10,1,2,10,1,0,1,643.5,False
1,4,7,10,2,3,2,2,1,3,1,5,1,8,10,0,1,2,1,7,1,614.8,True
3,1,7,10,10,10,6,2,2,9,1,5,10,8,10,0,2,4,2,5,3,691.3,True
1,5,8,2,3,1,0,3,1,5,2,5,10,4,8,0,1,6,0,3,2,612.3,True
4,1,2,3,4,7,2,3,1,7,5,4,3,6,2,0,2,2,2,6,1,670.3,True
3,1,1,0,0,0,3,0,2,0,1,2,5,5,0,1,2,5,0,10,1,605.1,True
1,4,4,3,4,3,1,1,1,6,2,5,2,6,5,0,2,1,3,4,1,622.9,True
1,3,3,10,10,10,2,2,2,5,2,10,1,5,7,3,2,10,6,2,2,659.4,False
2,1,7,4,9,3,2,4,2,4,5,5,10,6,0,0,2,3,5,10,3,687.5,False
1,4,6,5,2,3,4,3,1,7,3,5,1,8,2,5,2,7,3,2,2,647.1,True
3,3,8,7,3,10,2,5,2,7,2,8,6,6,2,4,2,3,8,3,1,677.9,False
1,5,5,2,8,10,1,0,2,2,0,1,1,6,5,7,1,1,1,1,1,560.9,False
2,2,2,6,10,5,4,2,2,8,2,3,4,6,7,3,1,10,3,4,1,632.7,True
5,2,10,10,10,10,10,0,1,10,10,10,10,8,0,5,1,10,10,10,1,767.1,False
4,3,3,6,10,10,3,1,2,5,4,3,5,8,5,5,2,2,3,10,3,658.6,False
5,2,6,6,5,10,10,5,1,5,3,6,2,5,0,1,2,6,1,5,3,707.9,False
3,3,5,5,10,10,6,5,2,7,2,7,5,8,4,1,2,10,5,2,1,695.1,False
5,3,8,8,6,3,5,5,1,8,1,5,10,8,0,2,2,8,2,4,2,713.4,False
1,3,7,10,6,10,4,2,1,7,2,6,3,5,8,1,2,10,1,5,1,677.3,False
2,4,1,8,2,10,7,4,1,6,6,2,1,7,10,1,2,9,5,1,1,661.6,True
4,4,3,9,4,3,2,3,2,6,1,9,1,6,0,10,2,5,6,5,2,642.4,False
3,5,10,3,10,7,10,5,1,5,7,1,10,5,10,3,2,10,10,10,2,717.1,False
1,2,2,1,1,3,2,2,2,0,1,2,4,5,4,2,2,2,1,5,1,588.1,True
3,2,1,1,9,4,6,5,1,2,2,4,5,6,5,2,1,2,1,7,2,639.7,True
2,4,2,5,1,4,0,0,1,2,0,8,0,7,0,5,1,0,0,1,1,582.9,True
2,2,2,5,5,10,5,5,1,6,5,7,4,5,0,2,2,5,8,10,2,708.1,False
3,3,0,3,6,10,3,3,1,5,8,5,2,5,5,3,2,3,8,3,2,663.5,False
2,3,10,7,5,7,6,5,2,7,4,10,6,7,5,4,2,5,4,6,1,688.7,False
5,5,3,6,4,5,3,1,2,7,3,8,2,8,0,2,2,4,2,5,3,649.4,False
4,0,10,6,2,10,1,0,2,5,5,5,2,8,0,2,2,5,1,7,1,670.9,False
3,3,8,8,10,10,7,2,1,10,4,4,4,7,10,0,2,4,6,3,2,697.7,False
3,1,10,7,3,5,2,0,1,7,2,9,3,7,0,0,2,3,1,7,1,683.4,True
5,1,10,10,10,7,6,3,2,7,4,7,5,6,0,1,2,7,9,10,1,735.5,False
2,1,7,10,10,10,1,2,2,6,3,8,10,7,0,0,2,10,6,7,1,718.9,True
3,4,2,6,6,5,3,5,2,8,3,2,10,6,10,10,2,7,7,2,2,639.3,False
1,1,5,5,10,10,2,2,1,7,3,5,3,6,7,1,1,3,8,3,1,658.6,False
1,2,5,5,1,10,3,1,1,6,3,2,2,8,0,3,1,5,3,6,2,641.4,False
4,3,10,10,10,10,7,4,1,9,7,8,4,7,0,0,1,8,7,8,1,742.7,False
5,3,10,10,10,10,10,5,1,7,2,10,10,8,0,7,2,10,2,7,1,756.9,False
4,0,7,4,5,8,3,5,2,10,2,10,10,10,0,1,2,4,3,10,3,723.3,True
1,3,4,10,3,3,5,0,1,7,2,4,10,8,2,2,1,5,2,5,0,648.6,False
1,3,4,10,3,2,5,0,1,7,2,4,10,8,3,2,1,6,1,3,0,641.8,False
1,4,3,0,0,3,2,0,1,6,0,3,0,7,10,0,1,0,0,10,3,576.8,True
4,4,2,3,3,3,3,1,1,4,1,8,2,7,0,3,1,4,1,3,1,620.3,True
3,4,2,3,6,10,5,3,1,7,3,6,1,8,5,3,1,6,1,4,2,645.6,False
1,0,5,6,8,7,3,1,2,4,2,2,5,10,0,1,1,1,9,3,2,645.2,False
1,5,5,3,0,5,2,1,2,9,1,3,1,8,0,10,2,5,2,0,1,594.0,False
2,3,4,4,3,7,2,3,2,2,4,6,1,4,2,7,2,2,1,4,0,612.5,False
3,2,2,8,4,10,5,2,2,5,7,3,4,8,1,1,2,5,10,9,0,689.2,False
1,5,5,3,3,10,7,2,1,7,2,4,4,5,5,5,2,6,2,5,0,646.3,False
2,1,7,5,0,4,3,2,1,7,3,5,1,7,2,2,1,3,3,8,1,645.2,True
1,3,1,5,5,10,5,1,2,7,4,5,4,9,3,1,1,7,7,5,1,645.6,False
3,3,4,7,10,10,4,5,1,6,3,4,10,8,0,3,2,6,8,10,3,728.5,True
2,4,10,2,8,10,4,4,1,3,0,3,2,6,0,1,2,3,0,0,1,654.8,False
4,4,10,10,10,10,5,5,1,8,8,7,10,9,0,10,2,10,10,10,3,763.3,False
2,5,9,4,3,10,5,3,1,8,6,6,3,5,10,3,2,4,5,3,1,662.0,False
2,5,6,4,3,10,4,3,1,8,6,6,3,5,10,4,2,4,6,3,1,655.2,False
1,4,3,10,10,10,7,1,2,3,2,10,1,7,0,5,2,4,2,7,2,661.5,True
1,0,4,5,4,5,3,0,1,8,3,5,1,7,0,2,2,2,1,6,2,655.4,True
2,4,2,3,5,9,3,4,1,5,6,7,2,8,3,5,2,5,2,4,2,661.1,False
0,0,0,5,0,4,1,0,2,0,0,10,10,8,0,5,2,0,0,10,2,620.9,True
5,0,8,3,2,2,1,1,1,2,2,10,3,8,0,0,1,3,2,10,1,663.4,True
5,5,1,3,2,7,1,1,2,6,1,5,1,7,0,0,2,6,2,10,1,638.4,True
0,2,1,4,3,3,1,0,1,1,1,5,6,7,0,9,2,2,1,7,3,612.9,False
0,1,3,2,0,1,0,1,2,2,0,3,1,6,0,0,2,2,0,10,2,597.0,False
0,2,0,3,0,3,1,4,1,3,1,4,0,5,3,4,2,2,3,1,2,602.1,True
3,3,5,6,3,2,4,1,2,5,3,8,2,9,0,2,1,7,2,3,1,630.9,False
4,1,5,5,2,6,3,0,1,5,1,8,10,8,0,0,2,4,2,10,1,691.9,True
3,3,10,6,4,6,0,3,1,5,1,5,3,7,10,8,2,2,1,5,1,636.7,False
3,2,3,10,3,5,4,4,2,9,2,5,8,7,1,1,2,8,1,7,2,682.6,True
4,5,3,8,3,4,0,1,1,0,0,10,10,6,6,2,2,5,1,7,1,647.7,False
5,4,5,5,10,1,3,5,1,6,4,6,1,9,0,1,1,3,2,10,3,676.4,False
1,2,3,3,0,2,3,0,2,1,1,5,3,7,0,0,2,2,1,10,3,612.9,False
3,4,10,2,1,9,3,0,2,5,3,5,5,7,3,2,2,3,1,2,1,629.9,False
4,5,6,10,7,7,6,4,2,8,5,5,7,6,0,6,2,8,2,7,3,689.2,False
5,5,5,10,5,4,0,5,1,2,2,1,1,6,0,4,1,4,3,4,3,635.7,False
3,2,9,2,4,3,6,1,1,7,1,10,5,8,0,2,2,4,1,9,1,685.5,True
1,3,4,3,3,6,1,1,2,5,1,3,0,7,10,2,2,3,4,1,1,592.1,False
2,0,6,5,10,10,10,5,1,10,4,10,5,6,0,1,2,10,4,10,3,756.5,True
1,4,7,2,3,3,3,5,1,2,2,2,3,7,0,2,1,5,7,7,1,639.5,True
2,1,3,6,7,5,5,3,1,6,5,6,5,8,0,3,2,6,2,7,1,693.2,True
2,3,1,2,2,3,5,5,2,5,1,1,1,6,0,1,2,10,0,2,3,623.8,True
2,1,2,6,2,6,1,1,2,4,5,1,5,6,10,6,2,2,2,3,3,601.7,False
3,3,2,6,4,6,3,3,2,5,4,5,5,7,5,5,2,6,5,5,1,646.9,False
4,3,10,4,10,10,6,5,2,8,2,8,10,8,5,10,2,10,6,10,1,715.7,False
1,5,0,2,10,2,2,4,1,1,1,1,0,5,0,5,1,0,0,2,1,581.1,False
1,1,3,9,6,3,4,4,2,5,2,2,3,8,4,8,2,4,1,5,2,632.9,False
4,0,8,10,10,6,10,3,1,6,8,9,3,6,0,1,2,10,7,10,1,761.4,False
2,3,2,8,3,9,4,3,2,8,5,6,8,6,2,3,1,2,3,5,2,645.2,False
2,4,2,4,3,7,5,1,1,6,3,10,1,7,5,4,2,3,5,4,1,647.9,True
4,4,8,9,4,10,6,4,1,8,6,8,4,7,0,8,2,9,6,8,0,722.3,False
4,2,8,6,7,1,3,0,2,5,0,5,1,8,0,0,2,4,1,4,3,643.7,False
3,5,2,1,10,1,0,1,2,0,0,2,0,6,0,0,1,3,0,10,2,584.9,True
2,1,7,4,3,2,3,5,2,5,6,7,4,7,1,1,2,6,4,8,3,676.2,True
3,2,10,7,3,10,6,5,1,9,5,10,7,6,0,0,2,10,5,10,3,751.4,False
3,5,6,10,8,10,3,5,2,7,3,5,5,7,10,7,2,5,4,7,2,663.9,False
2,2,10,4,7,3,3,5,1,3,2,5,1,7,2,1,2,5,5,4,1,675.8,True
4,3,4,4,4,3,1,3,1,6,3,5,1,7,5,3,2,6,3,7,1,655.4,True
3,3,6,4,5,4,2,5,1,5,1,6,3,7,5,1,2,3,1,2,2,653.9,True
5,1,10,10,10,10,7,5,2,6,6,5,10,6,0,1,2,10,6,10,2,755.5,True
5,2,10,3,5,5,5,3,1,6,2,10,3,7,0,3,2,7,2,10,3,707.4,False
2,1,5,1,1,1,2,5,2,10,4,5,4,8,0,1,2,10,4,5,3,667.5,False
3,1,8,10,10,7,7,2,1,10,4,10,4,8,0,3,2,3,6,5,1,729.7,True
4,3,3,10,7,7,6,5,1,8,2,9,7,9,0,3,2,10,5,4,0,728.0,False
5,4,8,7,4,10,5,3,1,8,2,8,2,7,10,3,2,2,2,8,1,679.8,False
3,3,7,5,4,3,4,5,1,7,2,10,3,8,5,2,2,7,1,9,2,688.9,False
2,4,10,3,1,3,3,0,2,3,2,4,1,7,5,3,2,10,0,3,3,611.0,True
4,1,10,3,2,10,4,1,1,8,5,6,2,8,0,2,2,8,2,10,2,706.8,False
3,2,10,7,2,6,4,0,1,8,5,4,2,8,0,0,2,4,3,10,1,691.1,True
3,2,10,2,2,3,6,2,1,9,2,4,2,8,0,3,2,7,4,7,2,680.9,False
5,2,7,10,6,10,7,4,1,10,7,8,3,8,0,1,2,7,3,6,2,742.9,False
3,4,5,6,6,10,6,5,2,6,1,3,10,8,5,5,2,10,1,5,2,673.9,False
5,4,2,3,3,10,3,1,2,2,1,8,0,8,0,0,2,4,1,1,2,632.4,True
5,3,5,7,10,2,2,5,1,5,1,5,0,8,5,7,1,5,0,10,1,652.2,False
1,4,5,8,3,8,0,0,1,6,0,3,5,5,0,0,2,6,1,1,1,639.3,False
4,3,10,4,6,5,10,5,1,8,5,1,2,8,5,1,2,5,6,10,3,709.2,False
3,3,5,3,10,10,1,1,1,6,3,6,5,7,10,1,2,6,5,4,2,669.2,True
3,5,5,3,8,5,10,0,1,6,4,10,1,4,2,10,1,10,6,10,1,659.2,False
1,3,1,4,4,5,1,3,1,3,0,5,0,7,1,1,1,2,1,8,1,616.3,True
1,3,1,4,4,5,1,3,1,3,0,5,0,7,10,1,1,2,1,8,1,601.0,True
0,5,0,0,0,0,0,0,2,0,0,1,0,1,10,10,1,0,0,0,1,480.0,False
2,2,0,8,6,10,8,1,2,6,8,1,4,6,0,5,2,4,2,5,2,656.1,False
2,2,2,3,6,5,2,2,2,5,4,5,0,9,0,1,1,5,2,5,2,625.2,False
3,5,10,10,10,5,5,5,1,5,3,3,2,6,0,0,2,10,1,10,2,709.2,False
5,3,10,10,6,5,6,5,2,10,5,10,5,8,0,1,2,10,5,10,3,739.9,False
3,3,7,10,3,3,5,2,1,3,2,1,5,8,0,3,2,6,3,5,2,668.4,False
4,1,3,10,4,10,4,3,1,7,5,8,5,7,0,3,2,10,3,10,1,725.7,False
5,0,10,4,4,3,10,0,1,7,2,6,5,8,10,2,2,3,4,7,2,684.7,True
2,3,3,4,3,10,6,1,1,6,4,4,5,6,0,6,2,3,3,6,1,660.1,True
2,2,0,8,6,10,8,1,2,6,8,1,4,6,0,5,2,4,2,5,2,656.1,False
2,2,4,5,10,4,6,0,1,5,1,5,3,6,0,1,1,5,5,2,1,648.4,True
1,5,7,8,4,10,0,0,1,3,1,8,0,8,0,4,2,8,1,6,1,652.8,False
5,1,10,10,10,10,8,5,1,9,6,6,5,7,10,0,2,10,8,6,3,755.9,True
3,1,2,2,7,5,5,5,1,9,6,7,10,6,7,3,2,4,2,8,3,694.7,False
2,3,7,4,5,7,5,4,1,3,6,7,5,6,4,6,2,3,8,6,1,679.4,True
2,2,0,8,6,10,8,1,2,6,8,1,4,6,0,5,2,4,2,5,2,656.1,False
2,4,10,6,4,2,1,3,2,5,1,2,0,7,5,2,2,1,1,7,2,617.4,True
5,3,10,10,7,10,10,5,1,4,4,10,2,8,0,10,2,7,3,10,1,733.1,True
2,5,5,3,1,10,2,0,2,8,0,5,2,6,10,2,1,6,0,2,1,583.8,False
4,5,4,1,6,5,5,5,2,6,5,10,10,6,0,10,2,6,3,10,3,674.9,True
3,1,3,6,8,3,5,1,2,3,1,9,2,6,0,1,2,7,1,8,3,661.1,True
3,3,6,3,0,2,1,0,2,7,3,2,1,5,0,1,2,0,4,6,1,611.9,True
3,3,3,5,2,3,5,0,2,5,0,6,2,6,0,1,2,3,2,7,1,628.2,False
2,2,0,8,6,10,8,1,2,6,8,1,4,6,0,5,2,4,2,5,2,656.1,False
2,0,6,2,0,0,0,0,2,0,0,3,0,8,0,0,2,3,0,7,3,602.5,False
1,3,8,6,5,1,3,5,1,6,2,4,10,8,0,2,2,8,3,10,1,696.2,True
0,4,5,0,2,4,2,5,2,10,2,9,0,8,0,6,1,3,0,4,2,607.1,True
0,1,10,10,3,10,4,1,2,7,9,4,4,7,0,0,2,5,3,6,1,685.8,False
3,3,5,4,10,7,3,5,2,3,0,6,1,6,0,5,2,5,1,7,3,653.7,False
5,3,8,8,3,8,3,5,1,9,2,8,5,7,1,1,2,8,3,10,3,724.0,False
2,4,1,5,0,5,2,1,1,5,4,10,0,8,0,1,2,4,8,3,2,653.2,True
1,2,3,7,10,5,6,5,1,10,8,2,10,7,10,1,2,2,0,0,3,676.9,False
3,2,7,10,4,10,3,0,1,3,4,10,10,7,0,1,2,6,3,5,1,705.7,False
3,3,10,5,8,10,3,5,1,5,7,7,0,8,5,1,2,0,5,10,0,703.6,False
1,3,2,2,3,4,4,2,2,3,1,4,10,8,10,3,1,4,2,10,1,604.4,False
1,3,10,10,10,4,3,3,2,8,1,1,3,9,0,0,2,2,8,10,1,683.9,False
2,1,1,5,3,1,4,3,1,1,1,8,1,7,0,1,1,3,1,3,3,625.4,False
4,3,5,0,2,10,3,1,2,5,3,10,1,6,6,5,2,3,2,7,1,632.4,True
2,3,1,5,5,2,3,5,1,4,1,5,1,6,10,2,1,4,3,8,2,621.2,True
2,2,7,7,0,8,2,1,1,8,2,7,1,8,0,1,2,3,2,7,1,671.3,True
4,2,10,3,10,6,10,5,1,9,7,8,6,8,0,9,2,5,8,10,1,742.9,True
4,1,10,10,5,10,4,2,1,7,9,5,4,9,0,2,2,2,3,10,0,727.2,True
1,4,3,6,6,3,4,3,2,3,3,3,2,9,1,1,2,7,1,4,2,635.0,True
1,4,2,5,7,10,6,2,1,7,4,10,5,7,4,8,2,6,6,8,1,681.9,True
1,0,10,0,10,4,0,5,2,1,0,8,0,9,0,5,1,0,8,8,3,641.1,False
5,3,10,2,0,4,1,2,1,2,1,5,1,9,0,1,2,3,2,10,1,660.9,False
2,5,5,8,10,10,4,1,2,6,1,7,4,7,0,9,2,4,3,1,2,643.9,False
5,2,7,6,5,5,2,1,1,6,4,3,2,7,1,4,2,3,4,8,1,673.7,False
4,3,8,6,5,5,2,5,1,3,2,8,3,9,0,3,1,6,5,10,2,685.3,False
5,3,10,4,6,4,2,5,1,8,2,10,6,6,0,1,1,6,2,7,2,693.6,True
5,3,2,3,6,6,2,0,1,3,1,3,2,7,4,1,2,0,1,7,0,634.6,True
2,4,7,3,3,8,2,0,2,4,0,4,0,10,5,7,2,4,2,10,1,616.7,True
2,2,0,8,6,10,8,1,2,6,8,1,4,6,0,5,2,4,2,5,2,656.1,False
3,4,10,5,3,10,10,3,1,7,6,7,6,6,5,2,1,10,6,10,0,704.9,False
3,2,3,10,10,6,3,5,1,6,2,2,4,7,0,0,1,4,3,7,0,680.3,False
3,4,7,6,8,4,10,0,1,8,3,5,2,8,0,0,2,10,10,2,1,701.5,True
4,3,8,2,4,4,3,0,1,6,2,7,1,9,0,7,2,10,3,8,1,669.8,False
3,3,5,2,2,10,3,0,1,7,0,10,0,8,2,4,2,10,10,10,0,685.5,False
1,1,5,4,5,6,3,5,1,6,4,6,1,7,0,1,2,6,4,10,1,693.0,True
1,2,4,9,2,9,4,5,1,6,6,3,6,7,10,1,1,10,3,7,0,670.3,False
3,0,1,6,4,4,1,5,2,0,0,1,2,6,0,0,2,7,0,8,3,640.8,False
5,3,5,3,1,4,3,3,1,7,1,3,2,7,10,5,2,0,1,7,1,629.5,False
5,3,5,5,6,4,3,2,1,3,5,9,4,8,7,4,2,4,3,4,0,666.6,False
4,3,3,4,7,9,1,0,2,2,1,5,1,7,0,8,2,2,1,9,1,624.8,True
3,4,2,2,2,2,3,0,1,5,3,1,2,7,7,8,2,4,1,7,2,603.6,True
2,5,9,5,8,10,5,3,2,5,4,10,3,6,0,4,1,6,5,4,1,659.6,False
5,2,5,4,3,2,10,1,1,7,1,2,1,7,0,0,2,10,2,10,2,685.4,False
3,5,4,10,10,4,7,2,2,4,1,3,1,7,5,2,1,10,4,5,1,636.3,False
3,3,10,5,8,10,3,5,1,5,7,7,0,8,5,1,2,0,5,10,0,703.6,False
3,5,3,6,5,10,5,2,2,6,2,7,10,7,10,4,2,10,2,5,1,655.8,False
4,3,10,10,10,7,3,2,1,5,3,6,3,5,0,8,2,10,3,8,1,701.1,True
2,1,10,4,3,7,6,1,1,7,3,10,8,8,0,0,2,5,1,5,3,702.5,True
2,3,10,10,10,10,8,5,2,7,9,6,10,6,5,1,1,8,10,8,2,723.4,True
5,3,6,8,8,10,5,3,1,6,1,5,3,7,0,3,2,3,2,7,2,696.2,False
1,4,5,2,2,10,7,2,2,4,4,3,10,6,8,5,1,8,1,5,0,617.4,False
5,1,0,3,2,8,8,1,2,7,1,8,1,6,8,1,1,7,2,8,0,635.4,True
5,3,10,3,8,10,5,5,1,8,8,10,5,6,0,2,2,5,2,10,1,737.8,False
1,4,5,10,3,7,4,1,2,4,1,10,10,7,0,1,2,10,1,10,3,678.5,False
4,2,2,3,4,7,9,3,1,8,8,9,8,7,7,4,1,8,7,6,0,691.9,False
2,1,10,4,3,7,6,1,1,7,3,10,8,8,0,0,2,5,1,5,3,702.5,True
5,2,10,4,10,6,1,2,2,4,2,6,3,8,5,0,2,10,2,10,3,684.7,False
5,1,6,10,10,10,4,3,1,9,3,8,10,8,10,0,2,8,5,4,3,732.7,False
1,0,6,4,3,2,2,1,1,5,1,4,4,7,0,0,2,8,0,6,1,658.6,True
0,5,1,3,5,5,1,4,2,7,2,6,4,5,1,10,1,3,0,5,1,587.2,False
3,3,10,5,2,4,0,2,1,0,0,3,0,8,10,0,2,6,1,5,2,628.0,False
2,2,10,3,8,10,5,1,2,8,2,3,4,8,0,1,2,9,1,3,1,673.9,True
1,5,1,3,3,3,3,5,2,4,0,1,1,5,0,5,2,5,0,10,1,606.6,False
2,3,8,6,10,10,8,5,1,8,3,9,5,7,10,3,2,6,1,5,2,702.1,True
1,3,10,10,10,10,3,5,1,4,2,10,10,6,0,3,2,10,3,2,2,722.5,False
1,4,2,3,4,10,3,0,1,4,8,3,1,6,0,2,2,1,2,8,0,642.9,False
2,3,1,3,10,6,7,4,1,8,3,8,1,8,9,8,2,6,1,6,0,661.3,True
1,2,1,7,2,4,4,0,1,3,4,3,3,6,0,7,2,3,4,6,1,632.7,True
2,3,4,3,2,5,4,3,2,3,3,3,7,7,3,8,2,5,3,4,2,624.4,False
3,3,10,10,10,7,1,5,1,9,1,5,1,8,0,0,2,10,8,5,3,725.3,False
5,3,2,9,4,6,1,2,1,5,7,10,2,7,10,0,2,10,8,10,3,698.9,False
2,1,9,3,5,9,3,5,1,8,3,3,2,8,0,1,2,6,8,7,0,707.9,True
2,4,4,3,3,10,3,1,2,3,3,6,2,7,8,5,2,5,2,6,2,618.2,True
2,5,6,10,4,10,3,5,1,8,6,1,0,7,10,5,2,10,3,3,1,664.8,False
5,5,10,5,4,10,5,5,1,6,0,5,0,7,0,10,2,4,2,10,2,679.2,False
4,2,10,7,10,7,4,5,2,4,3,6,2,7,0,2,2,3,6,7,1,696.4,False
2,3,7,5,5,4,3,5,1,3,1,2,5,7,1,2,2,5,3,2,1,659.9,True
3,3,7,3,10,10,7,3,2,8,3,4,4,6,0,0,2,7,6,5,2,692.4,False
3,4,10,5,3,3,2,1,1,7,1,3,0,7,5,1,2,3,2,5,1,639.7,False
5,3,3,3,8,4,3,5,1,6,1,10,2,7,0,0,2,4,1,6,3,687.0,False
2,3,4,8,10,10,10,4,1,8,10,6,8,7,4,1,2,10,4,3,1,732.1,True
2,4,3,7,4,10,2,5,1,4,7,9,4,7,10,10,1,7,2,10,1,652.8,True
3,1,3,6,4,7,0,3,1,6,0,5,0,7,0,2,2,4,3,3,2,658.8,False
3,3,6,10,7,10,10,5,2,9,4,8,4,7,2,4,2,10,5,7,0,718.9,True
1,5,1,0,0,1,5,0,1,3,0,10,10,6,0,10,2,10,1,1,0,615.4,True
2,3,6,9,10,10,10,5,1,6,4,8,5,6,0,5,2,8,2,5,0,720.4,False
4,4,4,6,3,2,1,3,2,7,4,2,1,7,0,6,2,6,1,2,3,624.2,False
5,3,10,9,9,10,10,5,1,8,2,7,3,7,0,5,2,7,7,9,3,745.9,False
5,5,2,4,1,6,1,2,1,2,0,10,5,9,0,0,1,3,1,10,1,646.6,True
2,3,10,2,4,5,3,5,2,7,1,5,2,8,2,3,2,1,0,8,1,647.1,True
0,3,3,6,4,5,7,4,1,5,8,5,2,9,0,9,2,10,10,10,2,694.9,False
2,3,3,5,3,5,1,2,1,7,3,3,2,6,0,8,2,3,1,0,1,624.2,True
3,5,6,10,10,2,5,5,2,6,1,4,10,8,0,0,2,6,4,10,3,696.2,False
1,3,0,3,7,4,2,1,1,3,2,1,0,8,9,2,2,2,1,1,2,598.7,True
5,3,9,7,6,8,4,5,1,8,4,5,3,7,0,3,2,6,3,7,2,713.2,False
5,4,4,4,10,10,2,3,2,9,4,4,0,7,0,3,2,2,2,7,3,665.4,False
3,3,10,1,4,4,2,0,1,2,2,4,10,8,0,8,2,7,1,10,1,660.5,True
2,3,5,2,3,2,9,4,1,8,2,10,4,7,10,8,2,10,0,8,1,663.2,False
4,3,5,6,10,10,10,3,1,4,3,6,1,7,10,1,2,9,7,5,1,699.8,False
3,4,3,5,7,6,4,5,1,2,3,2,7,7,0,2,2,4,3,4,3,670.1,False
5,1,3,10,2,0,1,0,1,5,0,2,3,9,0,0,1,9,0,10,2,651.8,True
3,3,10,10,8,5,9,5,2,9,9,10,10,7,0,0,2,8,8,10,3,756.7,False
2,3,3,7,3,9,5,5,2,2,1,2,1,6,1,7,1,5,2,7,1,618.9,True
0,1,1,2,0,10,0,5,1,3,3,5,1,10,10,1,1,3,0,7,0,618.6,False
5,3,3,4,3,4,1,2,1,5,3,5,5,8,0,0,2,5,2,5,2,667.5,True
2,4,4,10,10,8,4,5,1,8,1,3,1,8,10,2,1,8,4,10,2,670.5,False
0,2,0,3,4,10,1,0,1,5,6,10,5,6,0,7,2,0,2,10,3,651.1,True
5,3,10,8,8,10,3,0,1,8,5,7,10,8,0,2,2,4,2,10,2,725.7,False
3,0,8,7,10,10,6,5,1,7,8,6,10,7,10,3,2,10,8,5,1,742.3,True
2,3,5,5,5,10,1,5,2,6,2,10,1,8,0,5,2,4,1,4,3,658.3,False
3,3,10,1,4,4,2,0,1,2,2,4,10,8,0,8,2,7,1,10,1,660.5,True
3,3,10,8,4,6,3,2,1,5,1,10,3,7,0,3,2,10,2,10,2,700.6,True
2,2,8,2,0,3,0,5,1,0,0,6,0,8,0,4,1,5,0,3,2,616.7,False
1,1,4,10,1,10,1,0,1,0,1,4,0,7,3,2,2,2,1,3,1,629.7,True
3,3,10,7,10,5,2,3,1,9,2,10,2,7,0,1,2,3,2,9,0,705.7,False
1,3,5,4,6,4,4,0,2,4,1,1,3,5,0,5,2,1,0,3,1,599.8,True
3,3,10,1,4,4,2,0,1,2,2,4,10,8,0,8,2,7,1,10,1,660.5,True
5,2,5,4,1,8,3,3,1,9,2,2,3,9,0,10,2,10,2,10,0,682.4,True
2,1,5,8,7,5,6,4,1,5,3,5,2,7,0,0,2,7,2,5,2,694.5,True
5,0,10,8,3,10,10,5,1,10,4,9,10,8,2,0,2,10,1,10,1,770.3,False
3,2,4,3,10,10,6,2,2,3,2,7,2,6,10,1,1,10,3,9,1,648.8,False
5,2,10,7,0,4,1,2,1,6,2,7,0,10,0,2,1,2,0,10,1,661.5,True
2,0,1,6,4,5,4,5,1,3,1,1,3,8,0,1,2,8,3,8,2,678.6,False
1,5,0,2,10,3,2,2,2,3,1,3,0,7,5,5,1,10,0,8,0,588.7,False
3,3,10,1,4,4,2,0,1,2,2,4,10,8,0,8,2,7,1,10,1,660.5,True
5,1,3,10,6,5,2,5,1,10,4,10,5,7,10,0,2,8,1,7,3,710.8,False
2,3,1,2,1,3,3,2,1,1,3,2,5,6,1,4,2,3,2,5,1,620.6,True
3,1,7,6,4,6,6,4,2,6,3,6,3,8,0,2,2,6,3,5,2,681.3,False
3,4,2,2,0,2,0,1,1,1,0,4,3,8,0,1,1,3,1,7,2,601.0,True
5,3,10,7,5,10,5,1,1,5,4,9,1,7,0,4,2,4,4,6,2,698.7,False
1,1,0,4,1,5,0,0,1,0,1,6,0,5,0,1,1,4,1,10,1,607.6,True
3,3,10,1,4,4,2,0,1,2,2,4,10,8,0,8,2,7,1,10,1,660.5,True
1,2,0,2,1,2,0,0,1,5,3,10,10,6,0,10,2,0,0,10,3,627.3,True
1,3,1,2,6,7,3,2,1,2,4,7,3,8,1,2,2,4,2,5,2,650.9,True
2,3,4,4,6,8,4,3,2,3,3,3,3,8,0,4,2,4,4,3,1,643.3,False
4,1,8,10,10,4,3,1,1,2,3,4,1,9,0,4,2,6,2,10,1,693.0,True
4,1,8,5,7,10,2,3,1,7,5,7,2,8,1,5,2,10,3,6,0,710.4,False
3,3,10,1,4,4,2,0,1,2,2,4,10,8,0,8,2,7,1,10,1,660.5,True
5,0,10,2,10,10,10,2,2,9,7,10,10,5,10,0,2,10,10,7,2,741.0,True
5,2,10,2,10,10,3,5,1,7,4,5,2,7,10,5,2,1,6,10,1,696.2,False
4,0,8,5,0,8,5,1,1,9,1,8,7,7,0,0,2,8,2,10,1,713.8,True
5,1,10,10,10,10,8,5,1,9,0,7,10,9,0,1,2,10,10,10,2,785.4,False
3,1,10,7,5,5,4,5,1,8,5,7,5,8,0,1,2,10,8,10,1,742.7,False
0,4,0,0,0,2,0,3,1,0,0,1,5,4,0,8,1,2,2,10,1,572.4,True
4,3,4,6,4,3,3,5,1,4,2,4,1,7,0,1,2,3,1,10,3,670.5,False
3,3,10,1,4,4,2,0,1,2,2,4,10,8,0,8,2,7,1,10,1,660.5,True
3,5,10,2,4,10,2,1,1,4,1,2,1,7,3,0,2,5,0,1,2,637.8,True
3,1,7,8,3,6,5,2,2,7,1,4,10,7,0,1,2,10,1,9,2,690.9,True
3,3,10,1,4,4,2,0,1,2,2,4,10,8,0,8,2,7,1,10,1,660.5,True
1,0,0,10,10,2,3,1,1,4,4,10,10,6,0,0,2,6,1,10,2,700.4,False
3,4,1,1,0,10,4,0,2,8,0,10,0,5,10,8,1,10,1,7,2,593.1,False
2,1,3,6,3,4,3,5,2,8,2,5,2,8,4,0,2,2,0,5,1,647.1,False
2,2,2,10,10,10,3,2,2,7,3,6,5,7,1,0,2,3,9,7,1,691.3,False
1,5,0,1,5,10,0,3,2,8,3,3,0,6,10,6,1,2,0,1,2,564.7,False
1,2,2,10,10,10,2,2,2,6,3,6,5,7,1,0,2,3,7,7,1,681.1,True
3,3,10,6,3,4,5,3,1,5,3,5,0,6,0,5,2,3,3,5,2,663.7,True
3,3,10,1,4,4,2,0,1,2,2,4,10,8,0,8,2,7,1,10,1,660.5,True
1,4,1,4,3,10,3,2,1,4,4,5,2,5,5,5,2,5,1,5,2,631.2,False
2,1,7,4,3,1,4,1,2,8,1,5,1,8,0,1,2,4,2,10,3,650.5,False
1,4,5,10,4,4,10,3,1,1,2,5,0,5,10,3,2,1,10,10,0,655.0,False
2,3,3,2,2,5,1,5,2,3,1,4,2,7,2,4,1,7,4,3,1,607.6,False
4,5,10,4,10,5,3,0,2,3,2,9,0,9,7,10,2,10,5,2,2,637.9,False
5,1,10,6,10,8,8,5,1,10,9,1,10,7,0,0,2,10,10,8,3,775.3,False
2,3,1,2,1,3,3,2,1,1,3,2,5,6,1,4,2,3,2,5,1,620.6,True
2,2,10,2,5,10,3,0,1,7,3,8,1,6,6,1,1,8,1,3,0,649.0,False
3,3,10,1,4,4,2,0,1,2,2,4,10,8,0,8,2,7,1,10,1,660.5,True
2,3,8,3,2,4,4,1,1,8,5,6,2,8,0,1,2,7,2,5,3,671.1,False
1,1,4,6,10,4,4,5,1,6,2,2,2,6,3,1,2,5,1,3,0,666.5,True
3,2,10,3,2,10,3,0,1,8,3,10,10,8,10,4,1,7,5,10,1,678.7,False
5,1,10,4,7,10,2,1,1,8,1,2,7,9,0,1,2,5,1,10,1,707.9,False
5,5,8,2,6,10,0,1,2,3,0,2,0,8,0,10,2,1,2,10,1,621.0,False
4,2,6,4,4,4,0,2,2,4,2,2,0,7,0,4,2,3,1,5,2,624.2,False
2,2,3,3,2,10,6,0,1,8,3,10,1,7,0,2,2,8,1,5,2,675.1,True
3,3,10,1,4,4,2,0,1,2,2,4,10,8,0,8,2,7,1,10,1,660.5,True
2,2,10,5,3,3,3,1,2,8,2,3,1,7,0,1,2,7,0,5,3,644.8,False
5,2,10,10,10,6,10,5,1,5,6,10,10,7,0,4,2,5,6,6,2,756.7,False
5,2,10,10,10,10,10,5,1,5,6,10,10,7,0,4,2,6,6,6,2,765.2,False
2,2,6,6,10,4,2,3,2,5,3,6,1,9,6,3,1,10,1,8,2,645.8,False
3,2,10,6,10,10,5,2,1,8,5,7,8,7,10,1,2,6,8,7,3,720.4,True
1,4,0,7,5,3,5,1,1,6,3,6,6,5,5,6,1,7,7,9,1,638.2,True
4,1,3,10,10,10,4,0,1,6,3,3,8,6,0,1,1,5,3,7,1,687.1,True
2,3,6,7,6,7,4,0,2,7,6,3,6,6,0,4,2,6,2,6,2,658.2,True
3,3,10,1,4,4,2,0,1,2,2,4,10,8,0,8,2,7,1,10,1,660.5,True
2,3,10,3,8,10,7,5,2,8,7,7,10,6,0,5,2,9,5,6,2,715.1,False
1,5,0,3,3,4,6,1,1,3,3,7,6,7,2,5,1,1,0,4,2,604.8,False
1,1,0,1,10,7,3,0,1,0,0,5,3,4,0,1,1,1,1,10,0,620.8,True
1,3,5,5,5,3,5,5,1,6,1,10,0,8,0,0,1,5,1,7,3,661.7,False
2,3,5,10,4,10,2,5,2,5,1,3,2,7,4,1,2,10,2,4,3,661.8,False
3,5,2,1,10,3,0,5,1,4,0,10,0,6,0,10,2,5,0,10,2,644.3,True
2,1,4,0,2,1,2,0,1,3,0,3,1,6,0,2,1,2,3,6,1,602.1,True
4,2,10,6,10,8,5,1,1,5,6,7,2,7,0,2,2,10,6,4,3,717.0,False
4,5,10,10,10,10,10,0,2,7,5,5,0,4,0,5,2,10,10,10,1,705.8,True
2,1,2,3,2,4,6,2,2,2,4,4,5,7,0,3,2,4,4,6,2,641.6,True
1,4,0,2,0,1,4,0,2,4,1,4,5,6,2,5,2,5,0,8,1,592.1,True
3,5,2,1,10,3,0,5,1,4,0,10,0,6,0,10,2,5,0,10,2,644.3,True
3,2,5,6,3,10,5,5,2,8,2,3,1,5,2,0,2,5,2,10,3,673.3,False
1,1,3,9,3,3,2,1,1,6,1,3,1,10,0,0,1,7,0,10,1,648.8,True
1,1,3,9,3,3,4,0,1,5,1,2,1,10,1,0,1,3,1,10,1,638.4,True
3,3,10,1,4,4,2,0,1,2,2,4,10,8,0,8,2,7,1,10,1,660.5,True
2,4,5,5,10,10,3,3,1,8,2,10,10,7,0,3,2,10,2,5,2,710.8,False
5,2,10,9,6,6,7,4,1,8,2,3,5,8,0,2,2,4,2,7,1,714.7,False
2,3,7,3,3,5,2,3,1,8,2,7,1,5,8,1,1,3,2,4,3,626.5,False
3,3,10,3,10,10,0,3,2,3,3,2,0,6,0,1,2,5,2,10,3,663.1,False
2,0,10,8,4,2,4,5,2,10,3,10,0,8,0,0,2,8,2,10,3,705.9,True
2,5,1,4,5,1,0,1,1,2,1,10,0,4,5,10,2,5,0,10,3,604.8,True
3,5,7,5,10,10,0,0,2,0,1,1,5,8,0,10,2,10,1,3,1,625.9,False
5,3,10,6,3,5,1,3,1,8,0,7,7,8,0,5,1,5,3,10,1,679.8,False
5,3,1,2,4,10,2,0,2,2,0,2,1,6,10,2,2,3,0,2,2,591.7,False
3,3,10,1,4,4,2,0,1,2,2,4,10,8,0,8,2,7,1,10,1,660.5,True
1,3,0,1,3,7,1,1,1,2,1,3,2,7,0,2,2,3,1,10,1,626.1,True
3,1,7,6,4,6,6,4,2,6,3,6,3,8,0,2,2,6,3,5,2,681.3,False
5,4,10,4,1,6,3,0,1,8,1,7,5,6,0,3,2,3,2,8,1,670.9,False
3,4,10,6,10,10,4,0,1,5,3,4,1,8,3,1,2,7,6,1,2,680.9,False
2,1,2,4,0,10,2,0,2,0,0,7,0,5,0,0,1,0,5,10,2,609.5,False
4,0,4,5,3,4,3,2,1,7,3,6,10,8,5,2,2,5,4,7,3,689.8,True
1,3,4,0,5,7,1,2,1,3,3,6,10,9,10,1,1,3,5,10,1,640.7,False
1,3,2,10,6,4,7,1,2,6,3,5,5,6,0,0,2,8,2,4,2,658.6,False
3,3,3,5,3,7,3,5,2,10,6,9,5,7,0,1,2,5,4,5,2,685.1,False
3,3,10,1,4,4,2,0,1,2,2,4,10,8,0,8,2,7,1,10,1,660.5,True
3,3,10,10,0,10,5,2,1,5,5,6,8,6,2,7,1,4,4,5,0,670.7,True
4,2,8,3,1,10,5,1,1,7,3,5,5,7,0,0,2,2,2,4,1,679.2,True
2,1,5,9,4,3,1,1,2,10,1,1,10,7,0,2,2,10,8,2,2,669.9,False
3,1,10,5,8,9,10,5,1,8,8,10,6,7,2,6,2,6,7,8,2,748.2,True
4,2,0,8,4,10,2,5,1,5,8,10,1,5,10,3,1,10,10,4,3,679.8,False
0,4,10,6,3,10,2,2,1,3,0,5,10,7,0,1,1,2,2,8,0,653.7,True
3,3,3,3,3,3,7,5,1,7,1,5,3,6,5,7,2,10,1,10,2,665.4,True
3,4,3,6,4,5,3,2,1,3,1,2,1,6,0,5,2,10,1,2,1,637.6,False
3,2,2,6,2,4,0,0,2,3,0,1,0,7,4,5,1,0,2,6,1,573.0,True
3,3,10,9,5,10,4,1,2,10,3,5,8,7,10,2,2,5,8,3,2,677.5,False
4,4,10,2,3,2,1,1,1,8,2,5,0,9,0,2,1,2,2,10,1,642.2,True
3,3,10,1,4,4,2,0,1,2,2,4,10,8,0,8,2,7,1,10,1,660.5,True
1,2,1,7,4,6,4,5,2,5,2,3,3,7,0,2,2,10,8,5,2,666.9,True
0,5,5,7,3,3,5,3,1,4,4,2,5,7,6,1,2,2,1,7,1,637.8,False
2,2,3,7,3,7,8,1,1,4,3,2,3,6,10,3,2,3,2,5,1,639.3,True
1,5,2,6,6,3,0,2,2,5,2,1,0,7,10,2,2,2,1,7,3,590.0,False
1,2,10,2,10,5,5,5,2,4,1,9,1,8,0,1,2,7,2,3,2,673.4,True
3,2,10,10,10,3,4,5,2,8,6,2,10,7,0,1,1,10,4,10,3,707.5,False
1,3,5,8,4,3,3,3,1,5,0,4,5,8,4,1,2,5,2,4,1,653.7,False
1,0,0,7,0,6,0,1,2,8,2,3,1,7,0,0,1,4,0,7,0,612.5,True
4,1,10,6,3,8,7,1,1,4,4,6,2,7,0,2,2,10,7,9,2,715.1,True
3,3,10,1,4,4,2,0,1,2,2,4,10,8,0,8,2,7,1,10,1,660.5,True
3,2,2,10,3,2,2,1,1,2,1,2,1,8,0,5,2,5,2,8,2,643.1,False
2,4,6,2,3,10,1,1,1,4,2,7,0,7,5,10,1,2,2,3,1,601.4,False
4,3,6,10,10,10,2,5,2,7,10,7,4,6,0,2,2,8,4,2,3,710.0,False
0,5,0,1,5,2,1,5,1,0,0,1,0,8,0,5,2,10,0,6,3,612.3,False
0,5,0,2,3,2,0,5,1,0,0,1,0,8,10,5,2,6,0,10,3,591.9,False
5,2,5,8,8,4,4,3,1,9,7,10,2,7,0,2,2,7,2,5,1,714.2,False
2,2,10,8,5,10,3,3,1,8,6,9,5,7,2,2,2,7,9,7,3,727.6,False
5,3,4,6,10,5,3,5,2,6,3,10,5,8,0,1,2,10,9,10,3,721.2,False
4,3,10,4,3,6,5,0,1,7,1,3,8,7,8,8,2,5,2,4,2,649.9,True
3,3,10,1,4,4,2,0,1,2,2,4,10,8,0,8,2,7,1,10,1,660.5,True
3,5,1,5,4,10,0,5,2,7,1,1,2,5,10,2,2,10,0,2,3,616.8,True
3,3,10,1,4,4,2,0,1,2,2,4,10,8,0,8,2,7,1,10,1,660.5,True
2,2,2,4,10,10,10,5,1,8,4,3,5,7,1,0,2,8,3,10,1,721.3,True
5,3,1,2,9,10,2,1,1,8,6,8,3,7,4,2,2,4,7,1,0,679.8,False
3,0,7,0,0,10,1,0,1,1,1,5,3,7,0,0,2,0,0,8,0,646.9,True
5,3,7,9,8,10,6,3,2,7,4,5,5,7,0,3,2,10,2,1,2,696.2,False
5,4,8,3,6,6,8,4,2,7,2,6,6,5,7,8,2,5,0,2,2,646.7,True
2,2,6,4,4,8,5,3,2,6,2,1,5,6,0,0,2,10,5,7,2,673.1,True
4,4,4,4,6,10,3,5,2,5,2,8,0,8,5,3,2,3,0,5,2,649.4,True
3,3,10,1,4,4,2,0,1,2,2,4,10,8,0,8,2,7,1,10,1,660.5,True
4,2,7,1,4,5,1,3,1,7,1,5,2,6,0,1,2,7,0,4,1,663.7,False
1,5,1,5,4,10,2,0,2,7,0,4,0,7,5,0,2,3,6,1,1,609.3,False
4,1,7,6,10,10,3,3,1,8,4,6,3,8,0,4,2,8,5,9,1,725.5,True
2,4,2,5,1,3,0,0,1,1,2,8,0,7,0,4,1,2,1,7,1,599.9,True
4,4,1,2,3,6,0,5,2,3,1,1,10,6,3,2,2,1,1,4,2,620.4,False
2,4,2,3,2,1,4,0,2,3,1,3,2,7,6,4,2,10,3,4,2,598.9,True
4,3,6,3,5,3,1,0,1,9,2,6,5,8,0,2,2,6,4,10,1,679.6,False
2,4,10,10,10,10,10,5,1,7,8,8,10,7,0,1,2,10,10,8,1,773.3,True
5,2,10,3,10,4,6,1,2,7,5,10,10,7,5,3,1,10,8,10,2,700.6,False
4,3,4,10,10,10,5,4,1,6,5,10,10,7,0,3,2,10,7,6,2,746.5,True
3,1,8,4,3,6,7,0,1,7,3,7,2,8,0,1,1,7,6,8,1,681.5,True
0,2,6,3,4,5,2,1,1,7,3,3,5,7,0,0,2,1,1,2,0,643.1,True
5,3,10,10,7,10,10,4,1,10,7,9,1,7,0,3,2,10,4,10,2,758.2,False
4,5,4,1,7,6,0,2,2,4,7,4,10,4,10,0,1,2,8,9,1,627.4,False
3,1,7,5,5,10,3,3,1,6,4,2,4,6,0,0,2,10,1,2,1,690.3,True
2,1,10,4,4,10,10,5,1,6,5,10,3,6,0,2,1,10,2,8,1,714.0,True
3,5,2,10,3,8,1,1,1,4,1,4,1,7,7,7,2,8,4,2,1,629.7,False
0,2,6,3,4,5,2,1,1,7,3,3,5,7,0,0,2,1,1,2,0,643.1,True
5,3,5,5,10,10,8,3,1,3,6,4,3,5,0,10,2,10,3,10,2,702.4,True
2,4,3,8,10,10,3,5,2,3,1,1,1,9,0,4,2,5,5,10,1,666.9,True
4,3,6,5,4,5,3,0,1,5,5,5,5,7,5,1,2,3,2,6,1,660.5,True
2,5,5,9,3,5,0,1,2,2,3,3,3,7,0,6,2,4,0,4,1,610.8,False
5,1,3,1,10,2,9,5,1,10,10,7,10,7,0,2,2,5,10,10,1,751.0,True
5,1,4,1,10,2,5,5,1,10,10,7,10,7,0,2,2,5,7,10,1,740.8,True
5,3,5,1,0,5,0,0,1,0,0,5,0,6,0,1,2,1,0,10,1,624.6,True
3,3,5,4,10,10,3,5,1,9,5,5,9,6,10,1,1,6,5,5,1,684.1,True
1,5,2,1,2,10,1,2,1,3,2,10,10,7,6,3,2,8,6,7,0,659.8,True
2,2,10,5,3,8,0,0,2,7,1,10,5,8,0,3,1,3,1,4,1,636.2,True
2,2,7,10,7,10,4,4,1,7,4,9,4,8,0,1,2,5,2,5,2,715.9,True
3,1,10,5,1,10,3,3,1,1,5,2,3,8,0,1,2,2,4,10,1,687.3,True
1,3,4,5,0,10,4,1,1,5,1,5,1,7,0,6,2,6,0,2,1,635.0,True
2,5,7,1,7,5,5,5,1,4,3,6,0,5,0,10,1,0,0,1,1,611.0,False
3,0,9,4,2,3,1,1,2,2,2,2,1,8,0,0,2,2,1,7,3,634.6,False
5,4,8,3,8,4,0,5,1,10,2,7,1,9,4,1,2,3,1,2,1,674.9,False
5,4,10,6,10,10,4,5,2,10,2,7,5,8,2,1,2,5,6,10,1,720.6,False
4,2,0,8,4,4,0,0,1,2,1,1,0,7,0,10,2,1,0,3,1,605.3,True
2,3,5,3,3,10,6,2,1,9,2,5,5,7,0,1,2,1,10,5,1,686.0,True
2,3,6,3,5,10,5,2,1,9,6,4,5,7,0,1,2,1,10,3,1,690.9,True
2,3,6,3,4,10,6,2,1,8,4,4,5,7,0,1,2,4,10,3,1,690.9,True
2,3,2,5,3,3,3,5,2,4,3,8,7,4,0,1,1,5,3,5,1,635.0,False
3,5,10,4,4,10,3,2,2,8,4,8,6,8,0,6,2,4,4,6,0,671.5,False
2,5,10,5,5,7,3,5,1,7,1,5,2,8,0,3,2,10,7,5,1,693.0,False
5,3,10,7,5,8,8,5,1,10,5,8,5,7,0,1,2,5,8,10,2,749.5,False
3,3,3,10,1,10,1,1,1,4,4,5,4,8,0,3,2,10,1,3,0,670.9,False
1,2,2,10,2,10,1,5,1,7,1,7,4,7,0,8,2,10,0,1,0,669.4,False
5,3,3,10,4,10,4,4,1,7,1,7,5,5,0,2,2,10,2,3,0,701.3,False
1,4,5,10,10,10,5,3,1,6,7,5,1,8,0,10,2,10,7,10,0,706.6,False
1,4,0,10,5,8,9,1,1,6,3,8,0,6,0,3,1,9,7,2,0,659.2,False
1,4,10,5,3,10,3,5,1,8,2,6,2,6,0,2,2,3,2,5,0,677.5,False
1,2,3,1,2,8,1,2,1,6,2,8,5,7,1,3,2,2,1,5,0,647.5,False
5,3,5,10,4,10,3,4,1,7,1,7,5,5,0,2,2,10,1,3,0,701.3,False
5,2,6,10,6,6,6,5,1,9,4,3,4,7,0,1,2,10,8,10,3,740.0,False
3,2,8,8,10,6,3,5,1,4,3,8,5,8,0,3,2,8,2,7,1,715.7,False
3,5,2,1,0,1,1,0,2,0,8,4,10,6,10,2,1,1,0,10,2,576.8,True
2,5,4,3,10,8,2,1,2,2,0,1,10,4,5,8,2,5,0,10,3,616.6,True
5,1,10,10,10,10,6,5,1,8,4,7,3,8,7,1,2,10,3,4,3,739.3,False
4,4,3,5,4,6,5,2,1,9,2,9,5,7,5,1,2,10,3,3,0,681.7,False
2,0,1,7,3,6,1,2,1,3,1,6,5,7,7,1,1,3,1,9,0,636.9,True
1,1,3,2,2,10,2,1,2,2,1,8,5,8,0,2,2,7,2,10,3,652.8,False
2,2,7,6,4,5,4,1,1,8,2,5,2,7,0,0,1,4,2,10,0,662.2,True
2,5,2,4,8,8,10,3,1,3,3,2,5,8,8,2,2,10,1,7,0,666.9,False
4,4,6,2,5,2,0,3,2,3,3,10,0,6,0,3,1,10,4,6,1,632.4,True
1,1,7,10,6,10,2,2,1,10,2,8,7,7,0,1,2,10,6,4,0,720.6,False
5,2,10,2,3,1,8,5,1,10,2,10,1,7,10,1,2,2,3,10,3,690.4,False
4,1,3,7,4,4,3,5,2,2,0,6,10,7,0,1,1,5,2,9,2,660.7,True
2,3,2,5,0,5,2,1,2,8,2,10,1,9,0,5,1,2,5,10,1,626.2,False
4,2,10,5,10,9,7,3,1,6,1,3,2,8,0,1,2,10,10,9,2,731.7,True
4,1,10,10,10,10,2,3,1,9,1,8,3,8,0,0,2,7,7,3,1,734.4,False
3,5,5,0,0,1,2,5,1,4,2,4,10,9,0,10,2,5,7,10,2,657.3,False
5,2,7,3,3,3,2,1,2,4,2,4,0,7,0,10,2,4,1,2,2,614.4,False
3,3,3,9,5,10,4,3,2,9,5,4,4,7,3,0,2,7,5,8,1,687.5,True
4,1,3,7,4,4,3,5,2,2,0,6,10,7,0,1,1,5,2,9,2,660.7,True
3,4,0,5,5,2,7,5,2,8,4,3,4,8,10,0,2,1,4,10,3,646.7,False
2,3,7,7,4,10,9,1,2,10,6,5,8,7,3,2,1,9,9,2,0,679.2,True
3,2,2,4,5,5,1,5,1,5,5,2,2,7,0,2,2,3,5,10,0,675.2,False
4,4,6,9,6,10,2,5,1,6,1,8,5,6,10,2,2,10,1,5,1,688.1,False
1,3,3,6,10,6,3,5,2,6,6,3,3,8,5,1,1,9,10,10,2,670.5,False
3,3,4,9,9,8,7,2,1,8,5,6,8,7,0,0,2,6,6,5,2,720.2,False
0,4,0,8,5,10,2,3,2,2,4,3,2,7,1,0,2,4,2,8,1,638.0,True
4,3,5,9,3,10,4,5,1,5,6,5,0,8,0,1,2,6,3,10,2,708.3,False
1,3,4,4,4,5,5,3,2,7,3,4,10,7,0,1,2,8,2,3,2,660.3,False
5,2,3,4,10,10,4,5,1,7,2,9,2,7,0,1,2,7,9,7,1,727.6,True
5,4,10,10,10,10,5,2,1,6,2,8,1,6,0,4,2,4,1,10,1,708.5,False
5,1,6,10,6,10,7,2,1,7,5,7,10,7,0,3,2,10,7,4,2,742.5,False
5,4,2,4,4,3,3,4,2,10,7,1,10,5,10,3,1,3,3,7,3,628.7,False
1,4,5,4,1,6,1,2,2,1,0,6,0,6,0,8,2,5,0,1,2,590.8,True
3,4,9,4,9,6,4,5,2,8,6,8,0,7,0,7,2,3,2,9,3,676.4,False
1,4,4,5,2,2,3,3,1,1,1,10,2,6,4,5,2,3,1,7,1,629.0,False
5,3,3,10,4,4,3,2,2,4,4,4,5,6,0,4,2,10,2,10,3,670.3,False
2,2,10,10,10,10,10,1,1,8,5,8,2,8,0,1,2,6,8,10,2,744.6,False
2,1,5,2,0,4,0,5,1,10,2,1,2,8,3,0,2,3,1,3,3,648.0,False
2,4,2,8,7,7,6,1,1,6,3,5,8,7,5,0,2,9,4,6,3,684.3,True
2,3,1,2,3,8,5,0,1,8,3,4,10,7,10,4,1,3,5,3,1,624.6,True
2,4,3,3,4,3,4,0,1,7,5,3,1,9,0,3,2,2,2,7,1,641.8,True
1,1,3,5,2,2,3,5,2,4,4,5,3,5,0,1,2,10,2,8,2,656.7,True
2,2,2,2,1,4,3,1,2,4,2,3,0,8,0,3,1,3,1,5,1,592.3,False
0,5,2,2,1,1,2,0,2,6,3,3,0,7,10,5,1,1,0,7,2,546.2,False
1,3,10,6,7,5,0,2,1,5,4,3,10,7,0,3,2,3,3,5,1,673.7,True
1,2,5,4,10,10,3,3,1,10,1,6,10,9,10,0,1,1,1,2,1,659.4,False
3,3,8,5,7,10,9,3,2,8,6,8,2,6,5,1,1,10,1,6,0,676.2,True
3,4,6,5,5,7,7,5,1,7,6,3,5,7,2,1,2,7,8,7,1,707.7,False
4,1,10,5,7,4,2,5,1,0,1,10,0,8,0,7,2,10,1,10,2,695.7,False
2,4,4,10,8,5,10,3,1,8,2,7,3,5,0,0,1,10,2,3,1,680.9,True
3,4,3,3,5,5,10,3,1,7,2,7,3,6,0,0,1,10,2,3,1,665.8,True
2,4,0,10,0,10,0,0,2,6,1,10,4,8,0,2,1,3,8,10,0,639.6,True
2,3,5,4,3,10,9,2,1,10,3,10,3,8,10,5,2,4,3,9,1,680.4,False
5,3,3,8,2,6,5,1,1,4,6,9,8,7,4,2,2,2,4,8,3,686.8,True
5,3,10,8,10,10,10,5,1,8,2,5,2,8,0,2,2,10,4,10,3,749.1,False
5,3,2,0,0,1,0,0,1,3,1,10,0,7,0,1,1,0,1,7,2,607.1,True
4,2,9,6,1,10,1,5,1,2,1,6,1,6,0,2,1,5,1,5,2,658.8,True
3,3,3,3,10,2,3,5,1,2,2,6,1,8,9,1,1,10,4,10,3,655.8,False
5,3,10,4,10,3,3,5,1,10,2,10,3,7,0,2,2,10,2,7,3,722.7,False
5,2,10,10,10,10,2,5,1,8,4,10,4,8,0,0,2,10,5,5,3,755.2,False
3,3,3,4,10,10,7,2,2,4,1,7,3,7,3,0,1,6,2,7,1,652.4,False
2,4,2,6,7,4,5,3,1,5,2,4,2,8,5,1,1,5,2,9,2,643.5,True
0,4,3,4,4,4,1,1,2,1,1,2,0,7,4,2,1,2,0,7,2,569.8,False
4,1,10,4,4,2,6,5,2,2,2,1,10,8,0,5,2,6,1,10,2,676.9,False
4,4,8,4,6,9,10,3,2,7,5,7,3,8,2,7,2,10,6,7,0,695.1,False
3,5,0,2,6,5,3,5,1,0,0,3,3,5,10,10,2,10,2,3,0,610.4,False
3,5,1,6,4,10,6,5,1,6,1,2,0,6,10,4,2,1,1,5,0,632.5,False
4,3,4,10,0,10,1,5,1,4,3,2,1,6,3,3,2,8,2,7,0,671.6,False
3,5,5,2,1,10,2,3,1,8,2,3,1,8,9,7,2,3,0,10,2,633.1,False
3,3,8,4,4,8,0,5,1,8,10,4,2,7,1,3,2,9,0,3,2,687.5,False
4,2,10,7,10,7,3,5,1,7,3,3,2,7,3,1,2,10,9,10,1,729.8,False
4,4,6,10,10,10,9,5,1,8,8,10,10,7,8,7,2,6,10,10,2,749.9,False
5,0,2,6,10,5,7,5,2,4,5,4,5,7,0,0,2,4,7,3,3,697.7,False
5,1,10,0,6,3,3,5,1,9,10,4,1,9,0,0,2,6,8,10,2,728.7,False
1,1,1,0,0,1,3,1,1,7,5,4,8,6,2,2,2,1,1,7,1,634.6,False
2,2,0,2,0,1,0,5,1,10,0,2,1,8,4,0,2,4,0,1,3,622.7,False
2,2,1,3,0,0,0,5,1,10,1,2,1,8,4,1,2,4,0,0,3,622.7,False
5,4,10,3,8,7,4,4,1,4,3,7,7,6,2,3,2,6,3,4,2,694.7,False
4,2,3,3,3,5,3,2,1,8,2,4,5,7,6,2,2,7,3,4,1,660.3,True
5,2,10,6,6,10,8,4,1,7,2,9,5,7,10,1,1,5,3,6,1,695.3,False
2,3,10,3,10,8,4,5,1,5,2,6,5,5,7,2,2,10,2,8,3,694.3,False
5,5,3,10,4,10,4,2,1,6,3,2,2,6,0,5,2,2,1,4,3,658.0,True
5,4,10,5,6,6,10,5,2,8,4,7,3,8,3,6,2,10,6,7,0,705.3,False
4,5,5,5,2,1,2,3,2,2,1,3,0,7,0,0,2,10,2,10,3,638.0,False
3,1,10,10,10,8,8,4,1,7,3,3,10,8,0,1,2,8,2,10,3,747.0,False
3,4,5,3,6,5,3,1,2,4,2,2,3,6,6,2,2,10,7,5,3,635.9,False
0,4,1,3,0,3,2,0,2,2,1,2,0,6,0,2,1,1,3,4,1,559.4,True
5,2,4,6,5,10,8,1,1,8,4,8,5,7,5,5,2,5,4,10,1,703.6,True
5,4,10,10,7,5,3,3,1,5,2,9,2,8,3,5,1,7,3,10,1,685.3,True
4,3,7,7,6,5,5,3,2,6,1,1,5,9,0,1,2,7,1,1,2,661.8,False
4,3,2,4,4,10,7,5,1,6,4,10,0,6,10,5,2,3,8,1,2,669.8,False
2,4,2,4,7,10,10,4,1,9,5,6,0,6,2,5,2,7,2,7,1,686.0,True
1,3,4,4,4,5,5,3,2,7,3,4,10,7,0,1,2,8,2,3,2,660.3,False
1,4,10,10,10,10,5,5,2,5,2,7,2,7,0,0,2,10,3,10,2,708.5,True
0,1,5,2,3,3,7,1,1,1,7,1,2,7,0,0,2,5,3,1,1,642.7,True
4,1,5,2,10,6,7,5,1,8,2,9,3,7,0,3,2,4,2,10,3,714.0,True
5,0,10,7,10,5,1,5,2,3,1,5,0,8,0,3,2,5,0,3,3,674.3,False
4,5,1,9,8,7,6,5,2,7,2,2,10,10,0,5,2,0,1,7,1,670.7,False
4,1,4,4,5,5,2,5,1,8,2,6,10,6,0,1,2,10,2,10,3,714.9,False
2,2,10,10,10,10,10,3,1,4,6,10,10,7,0,2,2,10,3,7,1,753.3,True
4,3,2,7,3,6,2,5,2,5,2,3,10,7,1,4,2,3,0,2,2,646.5,False
5,3,5,4,4,5,4,2,1,4,4,7,5,5,3,3,1,4,4,5,2,652.0,False
5,5,10,5,10,10,4,5,1,5,2,10,1,6,6,10,1,4,3,3,0,661.3,False
4,2,4,8,3,7,2,3,1,8,2,5,3,8,0,5,2,5,2,10,3,686.2,True
2,2,8,10,10,10,6,3,2,5,7,8,2,7,3,2,1,9,4,6,1,688.3,False
3,2,4,1,3,4,8,5,2,3,3,4,2,9,0,3,1,5,3,7,1,640.3,False
3,3,10,10,4,10,6,5,2,7,4,10,3,5,8,2,1,10,1,4,1,673.0,False
3,3,10,4,10,5,2,5,1,3,1,6,1,7,0,3,2,10,1,10,2,694.7,False
1,3,4,6,10,10,0,5,1,4,2,1,0,6,0,10,2,4,1,10,1,654.4,False
5,4,9,5,5,8,6,2,1,3,5,10,5,7,0,1,2,9,1,7,2,709.1,False
1,4,3,2,5,10,1,2,2,0,1,10,0,8,10,5,1,4,0,2,2,580.1,True
5,3,10,8,10,8,5,5,1,10,6,4,3,7,0,0,2,10,6,10,3,752.1,True
5,2,10,4,10,10,2,5,1,8,2,5,0,7,0,1,2,3,4,7,3,711.5,False
4,5,0,8,4,2,5,3,1,2,2,1,0,8,0,0,1,3,5,2,3,624.2,False
3,1,6,5,2,7,7,0,1,3,1,7,2,7,0,0,1,1,2,10,0,655.8,True
5,5,8,5,6,5,1,2,2,6,0,7,0,6,7,10,2,3,0,5,2,613.1,False
5,2,7,3,10,10,5,5,2,3,2,6,0,7,0,1,2,8,2,8,2,693.0,False
1,4,3,5,3,5,10,0,1,7,4,2,6,8,7,5,2,7,10,10,1,668.6,True
3,0,9,10,10,7,10,5,1,10,10,1,10,7,0,2,2,10,10,10,3,780.4,False
2,4,10,6,4,10,2,2,1,8,0,2,3,8,2,2,2,2,0,4,2,656.7,False
2,1,8,7,4,10,5,3,2,5,4,7,5,5,0,5,2,6,3,6,2,679.2,True
1,4,0,5,10,0,0,3,2,0,0,1,0,3,10,0,2,3,1,0,2,567.1,False
2,5,3,7,4,4,4,2,1,7,1,3,0,7,0,0,1,8,1,7,2,638.0,True
4,1,10,3,2,10,2,2,1,9,5,6,1,7,0,3,1,7,2,5,1,676.0,True
4,0,4,4,0,3,3,4,1,5,4,5,10,9,0,0,2,5,4,10,0,703.4,True
3,3,7,8,4,10,7,3,1,10,5,6,10,8,0,1,2,10,2,6,3,730.6,False
2,0,2,10,0,4,4,2,2,6,0,2,2,7,10,0,2,8,0,10,1,636.1,True
5,5,2,4,2,9,1,0,1,7,3,1,4,8,3,1,1,3,3,1,2,620.8,False
5,2,1,10,4,5,2,4,1,1,2,5,10,7,0,0,2,5,1,7,2,689.4,False
1,1,2,10,5,5,1,5,2,8,1,7,0,4,0,7,2,3,2,10,3,650.1,True
4,2,4,8,4,5,4,5,1,8,2,7,4,8,0,1,2,5,3,7,3,703.6,False
3,2,1,10,10,3,5,5,2,10,4,2,10,4,1,2,1,5,2,6,3,666.1,False
5,2,10,4,2,10,2,5,1,4,0,3,0,6,1,1,2,2,1,2,2,665.0,True
0,4,4,5,1,3,2,1,1,3,4,1,0,6,10,8,1,0,2,3,3,562.6,False
3,3,5,4,10,4,3,2,2,1,3,4,1,6,0,1,2,0,3,7,3,638.0,False
5,2,4,8,10,7,9,5,1,7,3,6,10,7,0,0,2,5,4,4,2,733.8,False
5,3,5,10,3,7,3,1,1,4,3,2,3,9,0,4,2,3,4,10,1,679.0,True
5,3,10,10,10,10,10,4,1,8,2,8,5,7,10,5,2,10,1,4,2,720.6,False
2,5,10,3,10,5,1,5,1,7,4,7,0,8,7,1,1,10,2,7,2,666.2,True
5,2,10,10,10,10,6,4,1,8,3,1,5,8,0,0,2,10,5,4,1,739.8,False
3,2,5,3,4,10,3,0,1,2,4,10,0,8,0,0,2,3,4,7,0,675.3,True
2,3,6,7,0,5,7,3,1,5,5,10,5,6,0,3,1,0,6,10,1,671.5,True
1,2,0,0,10,3,3,5,1,2,0,2,0,10,0,2,1,5,5,10,0,641.8,True
1,2,0,0,10,3,3,5,1,2,0,2,10,10,0,2,1,5,5,10,0,658.8,True
2,4,10,4,2,5,2,1,1,8,3,8,5,7,0,3,2,0,1,8,1,662.8,False
3,2,6,10,3,4,5,0,1,5,1,2,0,6,10,7,1,3,3,7,1,613.8,True
4,1,5,6,5,3,2,1,1,3,2,4,0,8,0,5,1,3,1,10,1,640.1,False
1,0,2,1,1,7,3,1,1,5,0,4,2,8,0,1,2,8,1,7,1,652.0,True
3,3,10,10,6,5,10,2,2,8,5,6,2,8,0,6,1,10,6,10,2,689.8,False
1,1,2,5,0,1,2,5,1,10,2,5,0,10,0,0,2,8,1,8,3,673.0,True
3,4,10,4,3,3,1,5,2,5,2,5,3,8,0,1,2,4,5,3,2,653.9,True
3,5,3,5,6,10,2,5,1,10,1,10,5,6,0,3,2,10,8,7,2,710.6,False
2,4,4,2,0,7,8,1,1,8,4,5,4,9,0,4,2,10,4,8,0,677.9,False
2,3,10,10,4,10,3,3,1,1,1,4,0,6,10,0,2,4,1,1,2,646.5,False
4,4,3,3,0,6,0,1,1,3,3,3,4,7,0,3,2,0,3,4,1,627.8,True
2,4,0,3,3,3,5,3,2,6,6,5,1,8,0,5,2,6,2,8,1,636.9,False
2,5,2,4,3,5,3,5,2,3,1,4,5,7,0,5,2,3,1,5,2,622.9,False
2,3,3,3,7,10,3,3,1,8,3,3,2,7,10,1,2,7,1,6,1,658.4,True
5,2,5,6,10,10,10,5,1,2,6,10,4,6,0,2,1,10,4,8,2,725.9,True
2,3,2,3,10,3,6,3,2,4,2,7,5,7,3,6,1,10,2,3,1,630.3,False
3,3,6,4,3,10,5,0,1,7,4,5,1,7,5,3,2,4,4,10,2,669.0,True
3,3,10,6,6,10,7,5,1,7,5,10,1,7,10,4,2,10,2,5,2,704.0,True
4,5,5,9,10,5,7,5,2,8,6,5,4,7,7,1,2,8,10,7,3,701.3,False
3,2,0,3,3,4,4,0,2,6,7,10,10,7,0,1,2,8,0,7,1,666.6,True
3,3,3,6,7,10,6,2,1,4,2,10,4,8,3,3,1,7,5,6,1,677.0,False
5,1,10,6,10,10,9,1,1,9,3,4,4,7,0,0,2,10,5,10,1,745.3,True
2,4,6,7,3,10,4,1,1,8,4,10,3,8,2,2,1,5,3,6,1,668.5,False
3,4,5,7,5,6,5,2,1,7,6,5,2,7,10,5,2,8,1,6,2,660.5,False
4,2,3,5,6,3,2,4,1,4,4,5,1,7,4,7,1,6,7,4,2,645.2,False
1,5,2,5,5,5,0,2,1,5,3,7,0,8,0,3,2,1,0,7,2,633.9,False
1,4,2,5,10,10,5,0,2,2,1,3,1,7,0,3,1,10,2,3,1,617.6,False
5,4,2,2,10,1,7,5,2,7,2,2,0,9,9,3,1,7,10,10,2,646.7,True
3,2,10,0,10,3,2,5,1,9,2,4,2,6,10,2,2,10,2,4,3,672.0,False
4,3,5,8,10,4,6,5,1,8,9,6,7,7,4,3,2,4,1,3,3,704.9,True
2,1,1,5,10,10,5,1,2,5,1,6,1,6,10,1,2,10,1,5,3,646.9,False
0,4,4,3,2,4,2,0,1,1,0,10,0,7,0,2,1,2,1,7,0,603.7,True
4,1,6,4,4,3,4,3,2,8,5,5,10,9,1,1,2,5,4,4,2,684.7,True
3,1,1,1,3,10,2,1,1,3,2,1,0,6,10,0,2,0,1,10,3,623.8,True
3,1,1,1,1,10,3,1,1,3,1,1,0,6,10,1,1,0,2,10,3,603.4,True
5,4,10,4,4,10,10,5,1,10,8,8,10,8,0,3,2,10,2,7,2,751.4,False
0,3,5,4,2,3,2,5,1,3,3,8,3,7,4,0,2,0,2,2,1,639.0,True
3,4,7,10,10,10,5,5,1,8,3,2,3,7,10,10,2,6,3,1,2,670.1,False
5,3,2,5,1,3,2,1,1,9,6,10,0,8,10,10,1,4,1,9,2,626.0,False
5,2,10,3,5,3,8,4,2,3,2,2,5,7,2,1,2,7,3,8,3,676.9,False
3,1,10,4,10,6,4,5,2,8,3,9,5,5,0,3,2,10,4,3,3,703.4,True
3,4,2,10,10,10,3,5,2,2,2,4,0,7,5,2,2,6,3,2,2,651.8,True
1,3,10,9,4,9,5,5,1,9,1,10,4,8,0,2,2,10,1,9,1,722.9,False
1,2,8,6,0,10,5,2,2,5,3,3,2,7,4,1,2,10,8,7,2,666.9,True
3,2,4,5,9,10,8,2,1,6,6,6,2,8,0,4,2,6,6,4,3,703.4,True
5,4,3,6,1,3,2,3,1,4,2,7,0,8,4,4,2,3,1,7,1,644.1,False
5,5,10,1,3,2,1,3,2,5,4,1,1,9,0,1,2,4,1,10,3,643.1,False
2,1,2,10,10,1,2,5,2,5,2,2,10,7,5,1,2,10,10,10,3,693.9,True
3,3,0,8,10,6,5,5,2,4,10,6,0,8,10,10,2,4,5,10,3,659.2,False
5,5,4,5,3,2,1,1,1,2,0,1,0,8,10,10,1,10,1,7,2,590.2,True
3,2,10,6,10,9,4,5,1,5,7,5,1,7,3,8,2,10,0,7,3,703.0,False
3,2,8,7,7,10,4,3,2,6,3,6,7,8,1,7,1,4,1,7,1,662.6,False
1,4,10,7,10,10,10,5,2,10,7,8,5,7,10,4,2,10,6,4,2,707.0,True
2,3,0,5,3,4,0,3,1,2,4,4,0,9,8,2,1,3,0,3,1,599.5,False
1,3,0,1,5,1,1,5,2,4,4,1,2,10,5,2,1,4,2,7,2,599.1,False
3,1,5,10,2,10,6,1,1,6,3,5,3,6,0,1,2,10,5,7,3,704.5,False
4,5,10,5,10,10,7,5,2,8,7,10,0,6,0,5,1,10,10,5,0,702.1,False
5,3,5,4,3,10,3,5,1,5,2,6,1,7,5,2,2,2,1,7,1,670.9,False
3,1,5,10,10,2,10,5,1,7,4,3,3,8,0,2,2,10,6,10,3,733.4,True
3,5,3,2,2,7,3,2,1,9,1,9,2,5,2,7,2,7,1,9,1,650.7,False
1,2,1,7,4,10,3,4,2,7,5,5,1,7,0,4,1,8,3,3,2,641.8,False
4,1,10,4,4,4,2,4,1,8,4,4,3,8,7,1,2,4,1,2,1,672.4,True
5,3,8,9,3,7,2,5,1,7,1,2,1,9,0,0,2,4,3,7,1,694.3,False
3,3,5,4,4,7,1,0,2,3,1,1,1,6,0,5,2,2,1,6,3,608.5,True
3,3,5,4,4,7,1,0,2,3,1,1,1,6,0,5,2,2,1,6,3,608.5,False
3,5,1,4,0,10,2,1,1,7,1,10,0,3,0,8,1,6,2,6,2,618.2,True
5,2,10,10,2,10,10,1,1,9,7,10,5,8,0,3,2,5,4,10,2,743.3,False
2,5,4,10,10,10,5,3,1,5,1,10,2,8,0,8,1,4,3,10,1,673.6,False
1,2,1,10,2,10,4,5,2,5,3,3,2,7,5,1,1,7,2,3,2,632.9,True
0,4,6,1,2,2,0,2,2,3,1,2,0,7,10,5,1,3,2,5,1,554.5,False
5,3,2,5,1,2,2,0,1,2,2,4,1,8,2,0,2,2,1,10,3,638.4,True
3,5,10,8,10,10,5,5,1,7,3,5,5,7,10,3,2,5,2,10,2,699.6,False
4,1,10,1,10,4,10,5,1,10,4,10,10,8,0,0,2,10,4,10,3,763.7,True
2,2,10,1,10,4,4,5,1,8,1,2,2,6,0,4,2,5,8,10,1,693.7,True
1,3,10,7,4,3,3,5,1,2,1,1,5,7,0,4,1,4,2,7,1,644.4,False
2,3,3,3,0,3,3,0,2,2,2,10,1,5,0,2,2,3,2,5,1,611.8,True
2,3,1,10,8,4,1,2,2,2,1,2,0,7,10,6,2,4,1,4,3,598.7,True
4,3,0,3,1,2,0,0,1,2,0,2,0,7,0,2,2,1,0,1,1,595.3,True
3,2,3,4,10,8,3,5,2,7,3,7,2,7,10,3,1,3,6,5,2,643.9,False
1,0,10,10,10,6,5,5,1,7,3,10,0,7,0,2,2,10,3,10,2,736.3,False
2,3,0,2,5,5,1,1,2,1,4,4,5,7,0,8,1,8,2,10,2,607.6,False
5,5,5,5,2,2,2,2,1,5,0,4,0,6,3,10,1,2,2,2,1,593.8,False
5,3,10,10,10,10,4,5,1,8,2,8,3,8,0,0,2,10,8,10,2,759.9,False
5,2,10,2,10,7,4,5,2,2,1,5,10,8,0,3,1,10,2,10,2,689.6,True
0,4,4,1,5,6,3,5,2,4,0,8,3,6,3,2,1,5,0,2,2,604.8,True
3,4,4,3,7,7,7,3,1,9,4,7,5,6,0,9,2,2,5,10,2,684.5,False
4,0,6,4,2,5,4,0,1,3,4,10,1,8,0,1,2,6,5,8,1,688.9,True
1,3,1,7,3,10,0,5,1,10,1,6,1,7,0,10,2,5,2,5,2,655.6,False
0,4,3,0,3,2,0,0,1,1,1,2,1,8,10,0,2,0,6,10,1,595.5,True
2,2,10,10,10,7,2,4,2,7,2,3,1,9,0,0,2,10,10,10,1,714.9,False
4,3,3,10,10,10,7,2,2,10,9,4,4,7,1,1,2,8,10,10,3,726.6,False
2,3,10,4,6,10,7,2,1,7,2,7,4,9,4,7,2,10,4,7,0,697.0,False
5,1,10,2,10,10,10,5,1,7,6,5,5,8,0,1,2,10,4,10,2,757.6,True
1,5,2,3,1,5,4,5,2,4,2,2,0,8,5,10,2,10,1,10,1,612.5,False
1,2,4,4,2,8,3,0,1,3,1,1,0,8,3,3,2,0,1,7,2,620.8,True
5,3,6,4,10,9,5,1,2,10,1,10,0,6,5,4,1,10,8,7,1,671.5,False
5,3,6,6,10,10,5,0,2,10,1,10,0,6,5,4,1,10,8,5,1,669.8,False
3,2,10,10,10,10,10,4,2,10,6,10,10,7,10,1,2,10,4,8,1,741.4,True
4,1,10,2,0,5,3,0,1,7,1,7,1,8,0,3,2,10,1,10,2,679.8,True
3,3,10,5,8,10,3,5,2,7,3,6,0,7,0,5,1,10,7,10,1,684.5,False
5,1,10,5,10,10,2,5,2,4,1,8,5,7,0,1,2,4,8,7,1,713.8,True
4,3,10,10,3,5,6,5,1,7,3,3,2,6,5,3,1,3,1,8,1,666.7,False
4,2,10,10,10,8,8,5,1,8,7,10,5,7,3,1,2,10,4,9,1,761.8,True
5,2,6,5,10,10,10,5,2,10,1,10,0,6,5,4,1,10,10,4,1,698.7,False
4,1,8,10,5,9,3,4,1,8,1,8,1,8,0,4,2,3,3,7,1,707.2,False
5,2,10,10,10,10,10,5,1,9,7,10,5,7,0,2,2,10,8,8,1,782.2,False
5,2,10,10,10,10,10,5,1,9,7,10,5,7,0,2,2,10,8,8,1,782.2,True
4,2,2,4,10,2,3,1,1,7,1,4,2,7,0,2,2,2,3,6,1,660.3,False
5,3,10,10,10,5,4,5,1,5,3,3,0,6,4,3,1,8,3,5,1,680.3,False
5,3,10,7,10,4,4,5,1,3,2,2,0,6,4,2,1,10,4,5,1,673.3,False
2,5,10,7,3,4,5,1,2,7,1,7,1,8,7,4,2,10,1,1,1,632.2,False
3,2,4,3,3,3,3,5,2,3,0,4,0,7,0,2,1,5,0,0,1,605.9,True
3,1,5,7,4,3,2,0,1,6,6,8,6,8,0,2,2,3,0,10,0,683.4,True
1,3,10,6,5,4,10,2,1,7,2,5,5,8,0,4,2,5,1,6,0,682.8,False
5,2,4,2,4,5,5,0,1,7,3,5,3,6,2,4,2,3,1,3,3,650.1,True
3,2,6,5,5,10,4,1,1,8,1,10,5,5,5,4,2,4,0,4,0,669.6,True
1,4,2,7,10,10,5,5,2,5,3,2,5,5,0,0,2,10,6,10,3,688.4,False
5,2,5,6,10,6,1,3,1,4,2,3,8,5,0,3,2,10,6,10,2,707.3,True
4,3,10,6,4,8,3,0,2,8,8,2,5,8,10,3,2,10,8,5,2,672.0,False
3,4,4,5,10,6,3,2,2,10,3,3,2,6,0,5,2,5,5,5,3,654.8,False
5,4,3,5,5,2,1,4,2,4,0,2,4,8,0,5,2,10,3,5,3,643.1,False
2,4,7,5,10,4,4,5,2,4,2,1,0,9,5,1,2,10,5,1,3,651.6,False
3,2,3,5,10,10,1,3,2,6,3,4,8,7,4,2,2,8,6,10,3,687.5,False
4,3,8,5,10,8,6,5,1,7,6,5,5,7,2,2,2,7,5,7,1,723.4,False
1,4,5,10,10,10,4,5,1,10,4,9,10,9,0,0,2,10,4,10,3,750.1,True
1,2,3,4,1,3,7,1,1,3,3,8,4,6,3,4,1,5,0,4,1,621.8,True
5,4,6,10,8,8,5,5,1,4,1,4,2,8,4,10,1,4,4,7,1,663.9,True
2,3,8,4,8,10,5,0,1,7,0,10,2,7,0,5,1,2,1,10,1,661.5,False
4,2,10,1,5,7,3,4,1,5,5,2,5,6,0,0,2,10,2,10,3,703.9,True
2,5,0,3,2,10,3,2,2,5,8,1,0,9,10,1,1,8,1,1,2,593.8,False
5,3,5,8,10,8,3,5,1,6,3,9,2,7,0,2,2,8,3,4,3,714.0,False
3,5,3,3,5,6,3,5,1,2,3,1,4,7,0,3,2,3,1,10,1,654.6,True
4,4,4,4,3,6,3,5,2,7,0,10,0,7,0,10,2,7,2,3,3,642.8,False
5,5,1,2,3,7,1,2,1,7,3,10,0,8,0,1,2,3,3,10,3,668.5,False
5,1,6,2,5,2,1,2,2,9,5,8,1,8,10,1,2,10,5,10,3,671.5,False
3,3,5,5,7,8,4,5,2,5,2,8,6,4,1,2,2,2,1,4,2,662.2,False
1,4,5,4,5,10,5,2,2,10,3,3,8,7,0,3,2,10,2,7,3,672.0,True
0,2,1,5,2,1,5,2,1,6,3,3,1,8,4,2,2,6,6,2,1,636.5,True
5,2,5,10,10,10,5,5,2,5,3,5,5,9,10,2,2,7,5,10,3,705.1,True
1,3,2,5,2,10,1,5,2,1,0,2,1,7,0,2,1,1,2,2,3,597.0,False
2,4,5,2,2,3,1,2,2,5,1,4,3,7,0,3,1,2,0,5,1,592.3,False
5,2,0,0,0,2,0,1,2,1,2,2,3,9,0,10,1,1,0,7,1,571.9,False
0,1,2,6,4,6,1,0,2,8,4,10,1,5,5,0,2,10,4,10,1,656.0,True
5,2,5,10,10,10,10,5,1,7,7,10,7,7,4,7,2,4,7,10,2,749.9,True
2,5,0,0,4,9,2,2,1,7,1,2,3,5,10,4,1,1,2,3,3,584.7,False
5,3,0,0,2,9,4,1,2,7,2,9,3,4,10,3,1,0,0,10,2,602.9,True
5,3,1,2,2,10,4,1,2,3,2,9,3,4,10,3,1,3,0,10,2,608.0,True
2,4,10,10,7,7,5,3,1,8,4,6,3,8,4,4,1,7,3,2,1,672.8,False
4,2,10,3,1,10,5,4,2,3,3,3,3,8,3,3,2,7,1,3,2,658.6,False
3,3,7,7,8,10,10,3,1,7,3,8,5,8,0,3,2,5,3,10,0,724.2,False
2,3,8,10,10,5,4,1,2,7,4,2,5,6,0,1,2,4,8,8,2,681.8,True
3,4,2,10,4,10,1,5,1,7,1,3,3,6,2,0,2,8,1,7,3,680.3,False
1,4,4,4,3,6,1,1,1,7,1,1,3,8,0,1,1,5,3,8,1,629.3,True
4,3,1,10,1,4,3,1,1,5,0,6,1,6,10,6,2,3,2,8,1,628.2,False
1,3,2,10,10,10,3,2,1,10,2,8,5,5,3,1,1,7,2,7,2,677.7,False
4,4,2,10,5,5,2,5,2,6,2,3,0,6,4,10,2,10,3,5,1,639.5,True
2,3,6,6,5,10,10,2,1,9,3,10,2,8,0,1,2,4,3,9,1,711.0,False
2,3,10,4,10,10,2,5,2,8,4,5,4,8,0,1,2,5,4,10,2,701.5,False
2,4,2,4,2,5,4,0,2,5,3,4,1,8,10,3,2,3,4,7,3,606.1,True
5,1,10,3,1,5,9,1,1,8,1,10,1,6,0,2,2,10,3,10,3,708.9,True
2,3,1,4,10,2,1,5,1,7,1,1,1,6,3,7,2,6,1,7,2,640.8,False
2,3,8,10,10,5,4,1,2,7,4,2,5,6,0,1,2,4,8,8,2,681.8,True
1,3,1,5,10,10,1,5,2,3,1,5,5,5,10,3,1,8,1,5,3,619.3,False
3,2,0,1,10,3,1,0,2,4,1,1,0,8,0,0,2,4,2,3,3,614.0,False
3,1,7,5,9,5,1,0,1,8,2,8,2,8,0,2,2,4,4,4,1,681.7,False
5,3,9,8,10,10,3,0,1,8,3,10,1,7,0,2,2,10,6,10,1,729.5,False
1,2,7,5,3,3,2,0,1,3,1,8,1,6,5,1,2,3,3,8,1,640.5,True
5,3,10,10,10,10,8,5,2,2,3,7,5,8,0,3,2,5,1,5,3,708.7,False
3,3,10,7,8,7,6,5,1,8,1,10,10,7,0,1,2,4,1,10,3,731.2,False
5,4,2,4,7,10,2,0,2,8,3,5,1,7,0,10,2,3,1,2,2,626.5,False
4,2,10,7,10,10,5,5,2,5,4,9,4,7,0,4,2,8,1,6,1,710.6,True
2,2,3,1,4,4,4,0,1,3,2,2,0,5,0,0,1,4,1,1,1,603.4,True
5,1,10,8,5,1,7,0,1,3,1,7,4,8,0,1,1,8,1,10,2,683.2,True
3,4,3,7,10,9,4,4,2,5,4,2,4,5,10,5,2,5,1,10,2,647.6,True
3,5,0,1,1,3,4,2,1,5,1,1,1,6,0,10,2,2,3,4,1,600.0,False
4,2,10,8,10,3,8,5,1,5,3,5,0,6,0,0,2,7,2,10,3,718.1,True
3,5,2,6,4,10,2,5,2,5,8,8,3,6,1,2,1,6,8,4,2,657.5,False
1,3,10,5,1,2,3,0,2,2,3,3,2,7,10,10,2,6,7,3,1,597.2,False
1,5,10,7,2,3,3,0,2,2,7,1,2,7,10,10,2,7,7,3,1,601.9,False
2,5,0,6,4,1,0,0,2,3,0,3,1,10,10,2,1,4,0,10,3,570.6,False
1,5,0,0,1,4,1,0,1,8,1,2,2,5,0,7,1,5,1,1,3,572.8,False
3,1,4,6,10,10,3,0,1,8,3,10,5,7,2,1,2,10,10,5,1,721.0,True
5,4,10,4,10,3,0,5,1,10,3,10,5,4,0,3,2,9,5,5,1,711.9,False
5,1,1,3,6,1,4,3,1,8,0,3,0,6,0,10,2,7,0,5,3,644.6,True
4,4,9,6,3,6,7,1,1,7,1,3,2,7,7,4,2,10,1,3,1,658.4,False
3,1,2,1,4,7,3,3,1,3,5,2,2,8,3,4,1,2,3,2,2,626.1,False
5,5,4,10,10,10,2,5,1,4,2,6,1,7,5,5,2,9,6,3,3,689.6,False
5,4,6,7,5,1,2,3,1,7,4,5,2,8,10,4,2,3,4,10,2,662.4,False
3,2,2,3,2,2,0,0,2,0,0,8,0,8,0,2,1,8,1,10,3,605.2,False
3,2,10,8,10,6,3,5,1,8,4,7,0,7,0,0,2,6,5,5,2,718.7,False
1,3,1,1,1,2,3,0,1,5,2,10,1,7,5,0,2,5,1,10,1,632.6,True
2,2,2,10,5,10,1,2,1,2,4,7,5,7,0,7,2,10,0,10,1,683.0,False
5,3,2,8,8,4,5,3,1,10,3,3,1,6,0,3,2,8,3,5,2,687.1,False
1,2,8,3,10,10,0,2,1,7,1,8,2,9,3,4,1,5,1,10,1,664.9,False
3,3,2,0,10,10,1,5,1,4,1,5,3,7,0,2,2,7,2,5,3,674.1,False
5,2,10,6,8,10,2,1,1,5,5,10,3,9,10,0,2,2,6,9,1,706.1,False
3,1,3,9,10,8,5,4,1,6,2,7,5,7,1,1,2,5,2,8,3,711.9,True
3,3,6,4,0,10,4,1,1,1,2,7,2,5,3,2,2,4,1,2,0,640.1,True
2,1,5,8,2,7,4,0,1,8,3,7,3,8,0,2,2,2,1,3,1,667.9,False
3,3,5,10,10,5,6,4,2,7,5,1,5,10,0,2,2,10,2,10,3,702.8,False
4,3,4,4,6,10,2,5,2,5,5,5,5,7,0,3,2,10,5,7,2,689.4,False
3,2,10,5,10,6,0,5,2,8,4,9,2,8,8,0,1,5,0,2,3,654.7,True
2,2,4,5,6,3,0,1,1,3,1,9,2,7,0,7,2,5,3,10,3,654.5,False
0,4,10,8,10,8,2,4,1,7,2,9,10,6,0,1,1,5,2,10,1,696.8,True
3,2,10,9,8,6,8,2,2,8,6,3,10,8,0,5,2,4,4,5,1,699.4,False
3,3,10,9,8,8,4,2,2,8,5,4,10,8,0,5,2,4,3,3,1,687.7,False
1,3,6,4,3,2,4,0,2,0,0,4,0,6,0,1,1,10,0,7,1,598.9,False
1,0,10,5,8,10,5,2,2,6,4,9,5,6,3,0,2,3,4,7,0,691.7,False
4,4,5,4,10,5,5,1,1,8,2,6,1,7,0,2,2,10,1,3,1,677.7,False
2,3,0,10,1,4,5,1,1,4,8,1,2,4,10,0,2,10,4,10,3,652.3,True
3,1,4,10,10,4,5,2,1,5,4,1,5,5,4,0,2,5,5,4,3,683.1,True
5,4,10,4,7,10,1,5,2,7,5,4,3,7,5,1,2,8,10,2,1,689.2,False
1,2,2,8,5,10,2,3,2,7,7,7,1,6,0,8,2,6,8,5,1,665.8,False
1,3,0,3,10,6,4,2,1,2,5,2,1,9,5,1,1,9,5,8,1,645.0,False
2,5,0,5,0,3,2,0,1,6,3,1,1,6,0,10,1,2,0,2,1,571.1,False
3,2,7,10,5,8,3,5,1,6,2,7,5,7,0,4,1,5,4,4,2,684.7,False
4,0,1,6,2,4,5,2,1,4,3,3,2,3,5,0,2,6,4,4,0,654.2,False
1,4,6,7,10,4,3,0,2,0,5,1,10,7,0,1,1,10,1,10,3,642.7,False
4,1,10,6,2,2,8,4,2,3,2,2,2,7,0,3,2,4,2,10,3,666.7,False
5,3,10,9,4,10,5,0,1,7,4,9,4,6,1,2,2,4,2,5,0,700.2,False
2,4,8,3,6,3,6,2,2,1,3,5,1,7,0,3,2,3,1,3,2,626.5,False
2,2,7,7,7,10,4,5,1,2,1,6,3,9,4,0,2,7,2,7,1,696.8,True
5,3,4,3,4,6,0,2,2,7,3,4,1,8,10,3,2,3,1,6,2,623.1,False
0,3,10,10,5,5,5,4,1,7,4,10,10,8,5,0,2,10,10,10,1,736.5,True
5,2,10,10,10,10,9,5,1,6,8,8,10,6,0,2,2,10,10,10,1,786.7,True
2,3,7,8,4,5,2,2,1,6,2,3,1,6,0,7,1,4,1,4,1,627.6,True
0,0,10,5,5,10,3,1,1,4,4,6,5,6,0,0,2,5,5,10,2,699.6,True
0,3,5,8,0,1,1,0,1,7,3,1,3,8,10,0,2,10,10,10,1,649.7,False
5,4,10,3,2,3,8,1,2,6,2,3,1,7,0,2,2,9,1,5,1,651.6,True
2,3,0,2,1,2,1,1,2,2,4,2,0,7,1,6,2,2,2,7,1,588.5,True
3,3,3,3,3,5,1,1,1,5,1,3,5,7,4,5,2,3,4,2,2,627.8,False
3,3,3,3,3,3,1,1,1,4,2,3,5,7,4,5,2,3,2,1,2,619.3,False
4,4,7,0,0,5,1,1,2,4,4,3,0,6,3,10,2,2,1,6,2,593.6,False
3,0,6,4,6,8,10,0,1,10,5,2,2,9,1,0,2,2,4,10,1,704.5,True
3,4,2,4,3,3,1,2,2,7,5,5,1,6,2,3,1,10,5,8,2,626.3,False
5,5,10,4,10,10,10,4,1,8,4,10,4,7,10,5,2,10,6,4,1,717.6,True
3,5,2,5,0,10,2,2,2,9,1,3,1,7,5,3,2,10,1,2,1,622.7,False
3,4,3,4,4,10,3,3,2,7,1,4,1,7,3,7,2,4,7,7,3,641.6,True
3,4,5,5,7,10,5,5,2,4,2,5,5,6,0,2,1,10,1,5,3,658.6,False
3,3,8,3,5,2,2,0,2,6,1,8,5,7,0,5,2,10,2,6,2,649.2,True
1,1,0,1,5,5,4,1,2,1,2,3,1,6,10,2,1,1,8,7,3,586.8,True
2,3,6,1,10,10,6,5,2,5,5,4,2,5,0,2,2,10,3,7,3,682.0,True
3,2,6,8,5,5,6,4,1,3,6,10,3,9,3,2,2,7,6,7,1,711.2,False
3,4,10,10,6,6,3,5,1,6,4,4,3,8,6,3,2,2,3,3,1,677.5,False
5,2,10,10,10,10,2,5,1,10,3,5,0,8,0,1,2,2,6,7,3,730.4,False
3,1,10,6,5,2,4,5,1,4,1,2,6,7,10,1,2,5,3,10,0,678.6,True
1,2,1,6,0,6,1,3,1,2,7,4,8,7,5,2,1,4,1,6,1,631.4,True
3,2,10,3,10,5,2,2,2,10,3,4,1,7,0,3,2,5,1,10,2,672.2,True
1,4,10,10,5,10,1,2,2,5,2,3,5,6,5,5,2,3,1,5,1,637.8,True
3,4,7,7,8,10,5,3,2,5,5,6,2,7,7,2,2,3,1,4,1,657.3,False
2,3,3,1,5,3,2,0,2,3,1,3,2,7,9,0,2,6,0,4,1,595.5,False
3,1,3,4,10,4,1,5,1,3,2,7,10,8,5,4,2,7,2,4,2,683.2,False
5,3,4,4,9,10,7,5,1,8,2,3,10,7,0,3,2,4,6,10,2,724.7,True
3,2,5,5,0,7,4,2,2,7,0,4,1,8,0,2,2,3,3,4,2,640.1,False
5,1,10,9,5,5,10,5,1,10,1,7,5,7,5,0,2,7,1,10,3,734.0,True
2,2,5,4,4,3,2,5,1,7,3,4,3,7,1,1,2,4,2,8,2,672.2,False
2,5,4,2,4,4,2,5,2,3,1,4,0,5,0,10,1,1,2,3,3,578.3,False
2,2,0,4,4,6,4,5,2,8,6,8,5,7,5,1,2,5,1,4,3,659.4,False
2,3,1,2,1,5,7,2,2,9,0,10,4,6,5,3,2,10,1,6,2,642.6,False
5,2,5,5,7,4,5,5,1,8,5,5,1,6,0,1,2,6,3,5,1,699.4,False
2,5,10,5,3,2,1,5,1,6,1,2,1,6,0,1,2,10,1,10,3,666.5,False
5,2,10,10,10,10,10,3,2,8,6,10,10,7,0,1,2,7,7,8,2,758.4,False
2,0,7,4,8,1,7,1,1,8,7,2,10,10,0,0,1,4,9,10,2,704.7,True
3,2,10,3,10,5,2,2,2,10,3,4,1,7,0,3,2,5,1,10,2,672.2,True
2,1,10,5,10,6,6,2,1,7,2,3,5,8,4,4,2,10,3,7,0,699.4,True
2,3,9,4,10,10,6,2,1,8,6,2,6,5,5,1,1,10,3,3,0,678.2,False
3,2,10,10,10,10,5,5,2,6,1,8,6,6,0,3,2,10,7,10,2,730.6,True
3,4,10,7,8,10,5,5,1,8,4,10,2,8,0,2,2,7,8,6,1,733.1,False
4,4,3,3,3,8,6,0,1,4,0,3,1,6,0,2,1,10,0,5,0,631.0,True
1,4,0,6,2,4,1,0,2,7,2,9,0,5,0,3,1,2,1,0,2,581.0,True
5,2,6,6,5,8,5,1,1,4,3,3,2,7,0,2,2,1,2,10,1,678.8,True
4,2,3,5,4,10,4,2,1,6,8,4,3,7,4,7,2,5,6,3,2,673.9,True
0,3,0,3,1,1,0,2,2,1,0,2,0,7,0,5,1,5,0,1,2,552.8,False
4,4,8,10,10,10,4,5,2,5,5,5,4,7,10,1,2,10,6,10,3,704.7,False
1,5,10,0,0,3,0,0,2,2,3,10,0,6,0,0,2,2,1,1,1,598.4,True
1,1,5,4,5,5,2,1,1,2,1,1,10,8,0,2,2,10,1,1,2,656.5,False
3,4,2,6,6,8,8,1,2,6,2,2,4,7,2,6,1,2,0,2,2,608.9,False
2,1,10,6,4,10,7,2,1,6,6,10,2,8,0,1,2,7,4,6,1,719.5,True
5,1,4,2,8,1,3,5,2,9,7,8,10,8,10,0,2,3,8,8,0,695.3,False
2,1,4,5,6,4,10,5,2,10,2,5,4,7,0,2,2,6,3,10,3,692.8,False
3,4,4,8,6,8,5,2,2,3,5,5,6,8,6,3,1,4,4,6,1,640.3,False
1,3,1,7,4,10,5,1,2,5,4,3,10,5,0,7,2,2,1,2,1,630.8,False
3,3,2,8,4,10,4,3,2,6,2,6,0,7,10,6,2,5,0,3,1,626.7,True
5,2,9,10,7,9,3,4,1,7,6,4,3,9,0,1,2,4,5,9,2,730.4,False
3,0,8,4,10,6,8,5,2,9,10,5,10,6,0,1,2,8,5,7,3,735.1,False
1,0,2,8,2,7,2,1,2,1,1,6,2,7,1,2,2,2,1,7,1,630.1,True
3,2,3,8,4,2,4,1,2,4,2,2,0,8,0,4,1,8,3,10,2,627.8,False
3,2,4,5,8,10,2,5,1,9,6,8,5,8,0,2,2,10,1,4,2,717.4,False
3,1,7,4,2,10,5,4,2,7,5,3,5,7,2,3,2,5,2,8,2,677.1,True
3,1,10,10,6,2,3,1,1,9,5,4,3,9,0,1,2,5,5,10,1,710.0,False
2,3,3,5,3,5,1,1,1,5,2,10,3,8,0,2,2,10,0,5,2,663.4,False
0,5,0,1,0,2,0,0,2,4,0,1,10,8,10,6,1,5,1,3,0,544.3,False
1,5,1,0,3,1,2,3,2,7,0,1,1,7,0,7,1,10,2,10,2,590.0,False
2,3,0,0,2,6,0,3,2,5,1,6,2,6,0,5,2,5,1,8,3,616.3,False
3,3,3,3,1,3,0,2,1,4,2,7,3,7,0,1,1,3,6,3,1,628.6,True
4,2,7,4,4,8,9,3,1,7,3,1,10,6,2,1,2,10,2,7,1,707.1,False
5,5,5,8,2,10,3,1,2,8,2,5,0,6,0,7,2,10,0,5,1,646.7,False
1,2,5,8,5,10,2,1,2,7,4,3,1,7,4,0,2,4,5,3,3,648.2,False
4,1,10,7,6,3,2,5,1,7,3,6,3,8,5,1,2,10,2,10,1,711.9,False
0,1,2,2,10,1,10,0,1,10,5,5,2,10,5,7,2,7,5,10,0,674.7,True
3,5,5,4,2,8,3,1,2,8,3,2,3,6,10,3,2,5,5,3,2,617.2,True
5,3,5,7,2,5,2,5,1,7,1,2,8,7,0,1,2,3,1,4,2,676.9,False
4,2,10,5,3,8,3,5,2,4,2,7,5,9,0,10,2,3,2,5,1,666.4,False
5,3,10,8,5,10,10,5,2,7,3,10,5,8,0,1,2,5,2,7,1,722.9,False
2,5,1,0,5,3,0,1,1,0,0,1,0,6,7,7,1,2,3,1,3,552.4,False
3,4,2,4,10,8,2,4,2,6,1,4,3,7,0,3,2,7,2,10,2,663.7,False
2,4,10,5,10,8,5,5,2,9,3,3,6,7,0,5,2,8,2,3,2,682.2,False
3,1,10,8,5,8,4,1,1,7,5,5,8,8,10,2,2,7,5,10,0,706.6,False
5,4,8,3,10,10,6,5,2,8,8,9,4,4,0,0,1,7,3,10,1,703.2,False
2,3,5,5,10,5,1,5,1,0,1,5,0,8,0,2,2,0,0,7,2,653.9,False
2,2,3,10,10,10,1,0,1,7,4,9,1,7,0,1,2,1,8,8,1,697.0,False
2,3,6,3,8,5,0,0,2,2,2,3,0,7,0,7,1,6,4,7,2,604.0,True
3,1,1,10,3,5,5,1,2,7,7,1,0,7,0,2,2,10,2,1,2,652.9,True
2,2,4,4,1,5,0,3,2,5,1,2,0,7,5,1,2,5,0,4,3,610.6,False
2,3,7,9,6,10,4,5,1,7,3,6,3,7,3,2,2,5,3,6,1,698.1,False
2,4,4,6,6,7,3,5,2,1,1,5,1,6,4,2,1,4,3,2,1,612.7,False
4,2,10,5,3,8,3,5,2,4,2,7,5,9,0,10,2,3,2,5,1,666.4,False
2,2,8,10,7,8,5,4,2,9,5,8,3,7,0,2,2,8,10,6,1,717.2,False
2,2,8,10,5,5,9,2,2,8,4,7,3,7,0,2,2,8,5,6,1,694.9,False
3,3,7,5,3,10,3,3,2,5,8,6,6,6,0,6,2,6,2,10,2,677.5,False
3,3,7,5,3,10,3,3,2,5,5,7,7,6,0,4,2,6,2,10,2,679.4,False
4,2,1,4,4,4,3,5,2,3,2,1,1,6,5,2,1,3,0,2,3,598.3,False
3,5,1,1,4,1,2,0,1,10,0,1,0,8,0,8,2,3,0,2,3,598.7,False
4,0,10,6,10,2,5,1,1,7,7,5,8,7,0,1,2,3,8,10,2,728.5,True
5,3,4,4,10,10,3,5,1,7,3,6,1,8,0,2,2,4,1,10,2,705.1,False
3,3,4,5,10,6,5,1,2,3,2,7,1,5,0,5,2,5,1,5,1,641.8,False
5,3,5,4,10,3,3,5,2,4,0,4,10,7,0,3,2,0,0,7,3,662.0,False
4,0,10,6,4,10,6,3,1,10,8,8,10,8,0,2,2,3,10,10,1,759.9,True
5,4,6,4,10,10,4,5,2,7,5,4,10,9,0,3,1,7,7,10,3,703.2,False
2,0,2,6,0,10,6,2,1,5,2,8,10,8,10,5,2,4,1,10,0,674.9,False
3,2,3,4,5,5,4,5,2,7,4,6,1,6,0,1,2,10,2,10,2,679.2,True
1,3,4,2,7,3,1,2,2,6,1,1,5,8,3,4,1,4,1,5,0,598.7,False
4,3,8,10,4,8,4,4,1,7,1,9,1,6,0,1,2,10,2,7,2,710.4,False
4,3,4,4,6,10,0,5,2,9,1,4,2,8,0,1,2,1,8,6,1,672.4,False
3,1,8,6,10,10,3,5,2,8,10,8,10,8,0,0,2,10,3,10,3,748.0,True
4,3,5,9,7,5,3,5,1,3,1,7,1,8,0,1,2,5,1,1,1,678.1,True
5,5,7,8,5,8,5,5,2,5,5,5,10,6,10,5,2,7,2,3,3,667.1,False
3,3,7,5,3,10,3,3,2,5,5,7,7,6,0,4,2,6,2,10,2,679.4,False
5,3,1,8,5,4,4,5,2,8,6,10,10,8,0,3,2,9,7,10,1,719.5,True
4,1,10,8,3,8,3,1,1,9,3,8,2,7,0,1,2,5,4,4,1,701.9,False
5,2,5,3,10,10,2,0,1,8,6,4,5,8,0,1,2,5,8,10,1,714.9,False
4,3,8,9,7,10,7,5,2,7,6,9,9,10,6,5,2,7,9,6,1,726.5,True
1,3,2,4,4,2,2,0,1,0,0,2,7,10,0,2,2,2,2,7,0,628.2,False
3,1,5,8,4,10,3,5,1,7,4,8,7,7,1,2,2,5,3,5,0,712.1,True
4,3,3,4,2,10,2,4,2,2,3,7,3,7,4,3,2,4,0,7,1,643.9,True
0,5,0,3,7,10,9,2,2,10,8,5,7,8,10,10,2,10,0,5,1,642.0,True
3,3,9,4,10,10,7,5,1,7,6,9,4,8,10,4,1,10,4,8,1,704.0,True
3,3,10,4,10,10,10,5,1,8,3,10,9,8,10,3,1,10,4,8,1,719.5,True
3,3,6,3,10,5,2,2,2,6,2,5,1,8,3,7,2,6,5,6,2,647.1,False
2,3,3,2,2,2,3,3,1,3,1,7,1,5,0,2,2,2,0,1,2,621.4,True
3,0,5,5,8,3,10,2,1,2,2,6,3,7,10,1,2,10,5,3,2,679.4,True
4,1,10,5,3,6,7,5,1,6,3,10,3,7,1,1,2,5,3,7,1,715.9,True
3,4,8,8,3,4,2,5,2,3,2,8,2,7,0,3,2,6,0,4,2,652.6,False
2,0,3,5,5,10,6,4,1,5,10,6,4,7,0,1,1,7,8,10,0,711.7,False
3,3,5,5,7,6,4,4,2,5,0,4,1,8,0,1,2,7,3,5,3,660.5,False
1,2,6,3,5,10,4,2,1,3,1,6,1,6,10,0,2,3,1,1,2,635.0,False
1,3,0,2,5,10,1,5,2,8,3,3,5,6,2,2,2,10,1,3,2,646.3,True
5,1,8,7,9,10,9,4,1,9,6,9,7,8,9,5,2,9,8,8,3,749.9,False
4,2,4,5,2,8,2,5,1,8,5,9,1,8,4,3,2,10,7,5,2,702.3,False
5,5,7,4,5,10,6,1,1,2,1,5,0,6,10,9,2,6,3,10,2,645.0,False
3,4,7,3,3,3,2,5,2,6,1,6,0,8,0,4,2,8,1,6,1,645.6,True
1,3,2,6,2,8,5,1,2,8,6,8,2,7,0,1,2,4,2,3,1,649.2,True
0,1,10,2,1,4,10,1,2,6,5,7,5,8,0,1,2,10,7,10,1,690.0,False
1,2,2,3,1,5,1,5,2,7,0,2,0,8,7,1,1,2,0,3,3,587.0,False
2,4,10,8,10,10,7,5,2,9,5,3,10,6,10,5,2,6,8,10,2,704.1,True
4,3,5,7,4,7,3,2,2,6,1,6,1,6,4,1,2,4,2,1,1,638.4,False
5,5,1,5,3,10,1,0,1,1,3,10,2,7,5,1,2,3,4,5,0,647.9,True
2,4,8,5,10,2,1,0,2,6,1,5,10,6,0,9,1,6,1,5,2,619.5,False
5,3,4,7,10,10,1,3,1,9,3,7,0,8,4,2,2,4,7,4,1,696.8,False
2,5,2,8,5,10,5,5,2,3,1,10,1,7,1,5,2,10,3,6,2,664.9,False
1,3,1,2,1,5,1,3,1,4,0,3,5,8,0,7,1,2,0,10,1,609.3,True
0,2,1,3,1,2,1,0,2,1,1,3,0,7,10,1,1,5,1,8,2,561.5,True
3,3,5,7,2,10,0,2,2,3,1,4,5,7,1,3,1,3,7,4,1,628.0,False
5,1,7,7,6,4,5,2,1,9,2,6,2,8,0,1,2,6,5,7,2,708.5,True
4,4,5,3,3,10,1,5,2,7,2,3,3,6,10,1,2,10,8,1,1,649.7,True
5,0,5,8,10,8,10,5,1,8,9,4,2,6,0,0,2,8,2,10,3,750.2,False
2,3,2,10,10,10,2,2,2,9,6,1,2,7,0,4,1,10,5,10,2,668.2,False
1,1,10,8,4,8,4,5,1,1,0,10,1,6,8,2,1,8,1,6,2,661.3,False
1,1,3,0,4,2,3,5,1,2,1,2,0,9,0,2,1,3,0,10,0,626.3,False
1,2,2,2,7,6,5,1,1,9,7,5,5,8,0,2,2,2,5,10,0,684.5,False
5,4,10,7,4,5,3,3,1,8,5,10,1,7,0,2,2,2,2,6,1,693.8,False
1,3,2,5,4,3,4,2,2,3,0,3,0,8,7,1,1,4,1,4,1,585.5,False
4,4,5,8,10,8,3,4,2,6,5,9,4,7,0,2,1,4,4,1,1,666.4,False
3,2,10,4,10,5,2,5,1,7,0,5,3,7,0,3,2,5,2,7,1,692.8,False
4,1,10,6,10,10,6,5,2,9,5,9,3,6,0,5,2,10,9,5,1,732.5,False
1,4,10,10,4,5,1,4,2,3,5,5,0,5,5,5,2,1,1,4,3,624.4,False
2,5,3,1,5,1,0,3,1,7,7,8,5,9,0,1,2,10,0,7,3,670.0,False
4,3,8,7,10,3,4,5,1,7,3,7,3,8,0,0,2,5,5,8,3,717.2,True
4,4,5,10,8,10,5,5,1,10,3,10,5,7,0,5,2,5,8,7,2,731.2,False
5,2,5,3,10,10,2,0,1,8,6,4,5,8,0,1,2,5,8,10,1,714.9,False
4,2,5,10,2,3,0,4,2,1,3,3,0,7,0,0,1,0,2,1,2,612.5,True
4,3,3,2,10,8,6,0,1,2,1,10,1,7,0,3,2,1,2,10,2,670.0,True
5,1,8,4,5,6,5,3,1,5,4,10,10,8,0,2,2,4,1,10,3,721.2,True
5,3,3,7,5,2,5,3,2,8,4,3,5,7,7,1,2,7,7,7,3,668.6,False
2,5,5,1,10,1,8,0,2,9,9,2,10,9,0,0,2,10,10,10,3,696.0,True
2,3,2,10,5,10,5,5,2,9,2,7,8,8,0,0,2,10,2,3,2,698.5,False
2,2,3,1,3,3,0,3,1,3,5,7,1,7,0,2,1,0,3,6,1,625.2,True
5,1,10,10,8,6,2,3,2,8,2,10,5,8,0,1,2,8,1,8,3,716.1,False
1,4,3,4,5,5,0,5,1,5,1,4,0,6,5,10,1,3,0,5,2,597.2,True
3,2,10,7,5,6,4,1,1,6,3,10,0,9,0,1,2,4,2,10,1,699.3,True
5,0,0,3,10,10,5,3,1,1,2,4,0,6,0,2,1,5,4,10,2,672.0,False
3,1,7,8,10,10,10,5,1,8,10,5,10,9,0,0,1,10,10,10,1,769.7,True
3,2,9,10,10,10,10,5,1,2,10,4,10,8,3,0,1,6,10,10,1,747.2,True
4,3,10,10,4,6,3,5,1,6,3,10,3,7,0,6,2,6,3,3,2,700.6,False
3,1,10,4,7,10,3,4,1,7,3,4,4,8,0,1,2,3,4,4,0,703.0,False
1,2,10,10,10,10,5,5,2,8,6,8,5,7,1,0,2,10,6,7,1,732.5,True
3,2,2,7,6,7,2,3,2,6,2,5,3,7,0,1,2,10,1,1,2,658.8,True
4,2,1,5,8,8,10,5,2,7,0,3,4,6,0,3,2,6,2,3,2,671.8,False
5,2,5,3,10,10,2,0,1,8,6,4,5,8,0,1,2,5,8,10,1,714.9,False
4,5,1,3,1,1,0,1,1,8,0,5,0,6,1,3,1,2,0,10,2,602.5,False
4,3,10,7,7,9,10,2,1,8,9,10,3,7,0,2,2,4,4,9,0,736.3,False
3,3,10,10,8,5,2,5,1,5,2,5,1,8,1,0,1,4,3,10,1,686.2,False
3,3,2,3,1,1,0,0,1,1,2,1,5,8,10,1,1,0,5,0,1,576.6,True
3,1,1,2,1,3,0,0,1,1,2,1,5,8,10,1,1,2,5,0,1,586.8,True
4,4,1,10,1,6,3,5,2,8,3,10,0,6,0,0,2,10,1,7,2,676.6,False
5,3,1,5,4,2,1,0,2,2,1,5,1,6,0,2,2,1,1,1,1,602.5,True
4,5,10,7,10,3,10,3,1,7,4,6,10,6,10,7,2,10,3,10,2,704.7,False
5,3,10,3,8,2,10,5,2,2,1,6,9,2,5,10,2,10,1,10,3,669.9,False
2,0,10,6,10,10,2,5,2,8,8,8,3,7,0,0,2,7,3,10,2,727.4,False
4,1,5,4,3,2,7,0,1,7,3,5,2,8,0,1,1,0,10,10,1,667.5,True
1,5,2,7,9,10,5,5,2,8,2,10,3,7,5,5,2,4,3,6,1,663.2,False
2,3,2,3,1,5,1,1,1,4,1,1,0,8,0,7,2,10,1,10,2,631.0,False
4,2,10,8,5,4,4,0,2,8,4,5,0,7,0,2,2,2,4,10,2,670.7,True
3,3,9,10,8,8,7,3,1,8,7,9,2,8,0,2,2,3,10,7,1,734.6,False
4,4,10,7,10,10,10,2,1,7,3,4,0,7,5,4,2,10,1,7,1,701.1,False
2,4,10,10,10,8,2,5,2,6,3,2,4,8,0,1,2,5,1,7,1,683.9,True
4,3,4,4,5,3,4,1,1,8,4,3,10,7,8,3,2,4,10,8,1,677.1,True
5,2,10,5,10,5,10,5,1,8,4,1,10,7,7,2,2,10,8,5,2,732.8,False
5,4,5,10,10,10,5,4,2,8,2,10,4,7,0,3,1,8,8,3,1,695.5,False
5,3,10,0,0,1,1,0,1,4,0,10,0,8,0,3,1,2,1,10,2,629.4,False
1,2,0,1,2,10,1,0,1,5,6,2,0,7,0,3,1,1,0,4,2,603.8,False
4,0,6,8,9,6,3,5,1,8,2,8,2,8,0,0,2,3,2,4,1,712.3,True
3,4,5,4,8,3,2,1,2,8,4,7,2,6,0,2,2,2,1,1,3,633.5,False
1,3,6,9,7,5,5,3,1,7,1,3,1,7,0,4,2,3,2,10,1,672.0,True
1,3,8,3,10,10,4,4,1,0,4,7,10,5,0,4,2,2,2,4,1,680.9,False
2,1,10,2,3,4,0,0,1,9,5,6,10,8,10,5,2,0,6,10,1,666.0,True
5,1,5,10,10,3,3,5,1,8,2,10,1,7,0,3,2,5,4,10,2,722.7,False
2,4,1,8,4,10,3,4,1,6,2,6,2,6,0,0,2,6,1,5,1,672.4,False
1,3,2,4,0,2,1,0,2,4,0,5,0,8,0,5,2,5,0,10,3,601.2,True
3,4,5,2,3,10,6,1,2,8,7,10,2,7,1,1,1,10,1,4,1,654.7,True
1,0,4,0,4,5,1,2,2,2,2,2,4,7,0,0,2,5,0,7,0,629.3,True
1,4,4,5,5,4,2,1,1,8,2,10,3,8,0,3,2,1,1,5,1,651.5,False
2,1,1,5,6,10,7,3,1,4,5,1,10,8,5,1,1,10,5,9,0,687.1,False
1,4,3,3,2,5,2,1,2,5,1,1,5,6,0,3,1,5,1,6,2,593.2,False
2,1,10,8,4,7,5,5,1,5,10,1,10,5,0,3,2,10,3,10,0,727.3,False
1,4,0,0,2,3,0,0,2,5,2,2,0,6,10,4,1,2,5,10,1,557.7,True
4,5,6,9,5,10,3,1,1,5,2,9,0,7,10,3,2,4,1,2,3,649.4,False
3,1,6,4,3,5,2,5,1,3,1,7,0,5,0,1,1,6,2,10,3,660.5,True
3,4,10,5,5,10,2,5,2,3,0,7,2,6,0,5,1,10,0,4,0,643.7,False
5,5,10,1,7,10,10,3,1,10,10,7,2,6,0,1,2,10,9,10,1,745.7,False
4,3,1,5,8,2,4,1,2,8,2,9,0,8,0,7,2,3,1,3,0,634.3,False
5,1,7,5,5,10,5,2,1,9,1,5,5,8,0,0,2,5,4,10,1,718.5,False
1,2,2,9,4,3,5,1,1,3,1,2,5,8,1,1,2,6,1,8,1,656.7,False
5,0,0,10,0,10,1,1,2,0,10,10,1,3,0,0,2,0,10,0,0,660.7,True
5,0,10,3,0,10,10,2,1,10,5,10,2,10,0,3,2,10,10,7,0,748.8,True
2,3,3,3,5,10,3,2,1,6,2,4,2,8,0,10,2,5,1,7,0,650.3,False
5,0,6,7,0,10,6,2,1,4,4,10,10,10,2,0,1,5,1,5,0,701.2,True
5,5,2,3,5,5,3,0,1,0,1,4,0,10,0,5,1,0,7,7,0,618.4,True
3,5,3,5,10,10,3,3,1,6,1,3,2,7,0,5,2,6,4,4,2,666.9,False
3,4,2,4,2,5,6,1,1,2,3,4,2,7,8,8,2,0,3,4,2,611.0,False
2,2,10,3,10,10,8,5,1,6,2,8,5,8,0,1,2,10,5,10,3,741.2,False
4,4,10,10,10,10,10,5,1,8,8,10,5,7,0,10,2,10,10,10,1,765.2,False
5,3,5,4,8,8,5,2,1,7,2,4,10,8,0,0,1,5,10,10,2,706.4,False
3,4,8,9,4,4,5,1,1,3,3,4,3,7,0,1,2,6,2,6,1,670.5,False
5,0,6,10,10,10,7,3,1,8,6,6,10,8,0,1,2,10,6,10,1,771.4,True
2,3,4,5,7,10,8,1,1,7,8,2,0,6,10,6,2,10,6,5,2,668.2,True
2,3,6,5,8,10,9,2,1,5,6,3,6,7,10,6,2,9,6,6,2,685.6,True
2,4,0,5,0,5,1,0,1,4,1,2,2,6,7,1,1,3,1,6,3,586.6,True
2,1,7,6,8,7,8,3,1,9,3,5,4,7,2,2,2,8,5,5,1,709.8,True
0,3,9,3,7,2,3,3,1,5,3,7,1,7,5,4,2,6,2,5,1,650.7,True
1,1,5,6,8,6,4,5,2,5,1,4,3,6,0,1,2,6,2,5,1,665.2,True
3,2,6,8,6,6,3,4,1,9,3,6,5,7,4,1,2,7,1,6,1,696.4,False
2,5,4,5,5,5,4,1,1,6,3,5,1,6,10,1,2,9,0,2,1,631.4,False
2,1,2,10,2,10,3,1,1,8,2,1,10,7,10,2,1,10,1,6,1,654.6,True
2,2,7,4,5,9,5,4,1,0,2,3,7,6,5,2,2,5,8,2,1,671.8,True
4,1,10,5,8,10,5,1,1,5,3,9,1,6,7,3,2,4,2,8,1,690.0,False
1,2,7,6,3,6,2,3,1,7,2,5,3,7,1,1,2,5,1,2,1,662.2,False
1,4,4,5,6,10,6,5,1,7,2,3,2,6,6,3,2,5,1,10,1,668.4,True
2,4,6,5,8,6,5,2,1,6,5,8,5,6,5,4,2,5,5,6,1,677.9,False
2,2,7,10,3,10,2,5,1,8,5,7,1,6,0,5,1,2,0,10,1,676.0,False
5,5,10,4,3,5,4,1,2,8,3,5,10,7,0,0,2,5,3,10,1,680.9,True
5,4,5,6,2,10,0,0,1,9,1,5,2,7,2,1,2,3,2,5,1,658.8,True
5,1,5,7,4,6,1,2,1,7,4,8,1,7,0,1,2,4,6,2,2,688.3,False
3,5,3,6,4,10,2,2,1,4,6,8,5,10,2,1,1,6,4,0,0,658.3,False
5,1,10,10,10,10,10,2,1,8,5,5,10,6,0,2,2,10,5,10,3,765.7,False
2,1,1,10,7,10,5,1,1,6,6,10,0,8,1,1,2,10,3,3,0,702.5,False
5,4,5,9,5,10,6,4,1,6,3,10,5,7,2,5,2,8,4,4,1,709.1,True
5,1,2,8,4,10,3,0,2,7,3,3,4,8,2,1,2,3,5,5,1,665.4,False
2,1,4,1,0,1,0,4,2,2,0,2,10,7,5,1,2,4,0,7,2,617.4,True
0,5,3,10,10,10,10,0,2,4,6,10,3,7,10,0,1,10,0,0,1,637.7,False
3,4,10,9,6,8,2,5,1,5,4,4,1,7,0,1,2,8,1,6,1,696.0,True
5,3,10,8,10,10,7,5,1,8,3,10,1,6,7,5,2,10,0,6,1,719.1,False
5,0,7,4,4,2,1,2,1,6,2,9,5,9,0,3,2,2,4,8,0,690.6,False
3,3,8,6,4,8,3,5,2,6,1,9,4,7,0,2,2,10,6,5,1,691.9,True
2,1,10,4,10,10,4,3,2,7,3,3,3,8,0,2,2,10,2,7,1,694.3,True
5,3,6,8,4,4,2,0,2,3,0,5,1,8,4,3,1,2,1,10,2,616.5,True
4,5,2,2,5,5,0,5,2,0,1,2,0,6,2,0,1,2,1,10,3,600.2,False
4,2,3,2,5,5,3,2,2,6,3,7,10,7,10,4,2,3,4,6,2,645.6,False
2,5,10,7,10,10,5,5,2,9,8,6,1,5,10,1,2,10,8,10,3,702.8,False
4,2,3,8,10,5,10,5,1,7,2,5,10,8,0,2,2,7,2,10,3,732.1,True
2,1,0,2,2,0,0,0,1,1,0,3,1,5,5,0,2,5,1,1,3,593.4,True
4,4,3,3,2,3,6,1,1,7,2,3,2,8,3,3,1,4,1,5,1,622.9,False
3,3,8,6,4,8,3,5,2,6,1,9,4,7,0,2,2,10,6,5,1,691.9,True
3,3,3,5,5,5,10,2,1,6,3,3,10,7,0,4,2,5,4,7,1,687.3,False
5,3,8,6,7,10,2,1,2,10,8,5,6,7,0,1,2,5,0,7,1,692.8,False
1,4,2,10,0,2,1,3,2,2,0,2,0,7,10,0,2,1,0,4,2,581.7,True
1,2,10,0,5,7,7,1,1,8,1,5,1,7,0,0,2,5,0,7,1,670.7,True
5,4,1,1,2,1,3,1,1,6,0,5,1,10,10,3,1,3,1,5,3,598.2,False
5,4,1,1,2,1,3,1,1,4,1,5,1,10,10,3,1,4,1,4,3,596.5,False
1,2,5,9,3,10,4,2,1,9,3,4,8,8,1,5,2,10,7,7,1,704.7,False
4,5,2,2,10,3,0,5,1,2,0,2,0,8,0,1,2,4,0,7,3,643.1,False
4,1,5,8,2,10,5,0,2,3,4,5,6,9,0,2,2,3,1,5,1,666.0,False
2,0,0,7,8,3,2,3,2,7,7,10,10,6,8,0,2,3,9,9,3,688.5,True
3,2,8,7,7,5,7,3,2,5,2,3,3,7,1,3,1,6,2,8,3,655.0,True
2,5,5,5,5,8,3,5,1,3,3,3,10,8,3,5,2,3,0,3,1,656.9,True
3,4,3,2,1,4,2,5,1,8,3,10,4,7,10,1,2,7,2,5,1,658.1,True
3,5,10,10,10,10,4,5,2,8,0,6,0,7,0,9,2,10,2,3,1,677.7,False
5,1,3,9,10,5,3,4,1,8,1,3,1,7,2,2,2,9,2,8,1,700.9,False
2,4,0,3,0,10,3,1,1,2,3,10,0,5,0,10,2,10,7,6,1,644.1,False
1,3,6,7,5,10,1,1,1,8,1,6,2,6,0,1,2,2,2,4,0,660.5,True
3,3,10,10,10,5,2,5,1,3,4,6,0,6,0,3,2,10,2,10,2,708.1,False
4,2,6,10,10,10,10,4,1,8,10,6,5,7,0,1,2,10,7,10,2,767.8,False
4,1,9,7,4,7,6,0,1,8,3,6,5,7,0,1,2,4,4,6,0,701.5,True
2,5,10,6,6,3,2,1,2,0,2,1,10,6,10,10,1,5,4,10,1,598.3,True
2,5,10,10,10,10,6,1,2,0,2,1,10,6,5,5,1,10,4,7,2,651.0,False
3,1,10,4,4,6,2,3,2,5,1,6,4,7,0,6,2,10,1,10,1,672.6,False
4,2,3,2,5,5,3,2,2,6,3,7,10,7,10,4,2,3,4,6,2,645.6,False
4,0,5,8,0,8,2,5,2,10,7,8,7,7,0,5,2,9,0,3,1,695.1,True
1,2,4,5,3,10,2,1,1,4,2,5,2,8,1,1,2,8,5,5,1,667.5,False
3,4,10,7,10,6,3,5,2,4,4,6,2,8,0,7,1,6,6,7,2,666.0,False
1,3,2,3,8,10,2,4,1,2,3,6,0,5,10,7,2,4,3,5,2,631.4,True
4,5,10,10,6,10,1,3,1,5,2,10,0,10,10,3,2,2,1,10,0,680.8,False
1,3,5,5,5,4,4,3,2,4,4,6,0,8,0,0,2,7,1,1,1,642.2,False
4,3,10,10,6,10,10,5,1,6,5,6,4,6,0,6,2,5,1,7,0,720.0,False
5,5,2,2,10,10,10,5,1,7,1,9,5,6,5,3,2,10,2,5,2,701.9,True
1,1,4,3,10,2,2,5,2,0,0,1,0,8,0,2,2,5,1,10,3,637.8,False
2,1,10,7,6,2,5,5,1,4,3,1,2,7,0,0,2,5,2,8,1,688.6,True
5,4,8,10,10,10,7,5,2,8,9,4,9,7,0,1,2,10,2,10,3,741.9,False
3,3,10,10,6,10,4,5,1,4,3,10,3,6,3,3,2,10,1,3,3,707.2,False
1,3,10,4,10,8,5,5,2,7,5,1,0,8,5,7,2,10,5,2,2,663.3,False
3,5,0,0,0,1,5,1,2,0,0,5,0,5,0,3,2,4,0,10,3,588.7,True
3,3,10,0,0,10,4,5,2,7,0,2,0,5,10,5,1,3,2,10,3,610.2,False
3,3,3,6,10,10,10,4,2,3,4,3,10,7,10,1,2,8,4,7,3,685.6,True
1,4,1,3,1,1,3,3,2,4,4,8,3,5,0,3,1,2,2,6,1,597.8,True
3,0,8,6,10,10,7,5,2,6,10,6,10,8,0,1,2,10,8,7,3,752.7,True
5,5,4,10,6,10,8,3,2,6,8,10,8,9,7,10,1,6,9,7,0,684.0,False
3,2,0,4,8,4,4,4,2,5,7,4,0,4,0,0,2,4,5,8,0,659.7,True
1,3,4,3,5,6,2,2,1,5,5,1,4,8,10,1,1,7,4,10,0,636.1,True
4,2,1,3,6,4,4,4,2,5,5,5,3,7,0,2,2,4,4,7,0,662.2,True
5,2,10,5,10,10,10,2,1,7,6,10,2,7,5,6,2,8,8,10,2,738.0,True
1,5,2,10,0,6,6,1,1,1,1,3,5,7,2,10,2,7,0,3,0,619.3,False
2,5,4,4,3,10,3,3,1,6,3,8,8,7,1,5,2,10,1,2,0,671.3,False
3,1,1,5,2,4,1,1,1,7,3,5,0,8,0,0,2,0,1,10,1,653.9,True
1,4,1,9,5,9,9,4,1,7,4,1,4,8,3,2,2,9,3,6,0,685.4,True
1,3,8,10,4,2,6,1,1,7,5,8,7,8,10,5,1,5,5,10,0,663.0,False
3,3,9,8,5,7,7,4,2,10,5,5,7,10,0,9,1,7,5,5,0,681.5,True
1,3,7,6,6,3,2,0,1,8,5,10,10,8,10,2,1,7,10,3,0,665.1,False
1,0,2,8,3,6,5,3,1,5,6,10,10,8,5,2,2,10,10,6,0,717.8,False
3,2,3,3,1,9,6,5,1,6,1,1,1,7,5,0,2,5,4,3,0,659.7,True
5,3,1,4,10,8,1,2,2,2,4,5,1,7,7,4,2,10,3,7,2,648.6,True
4,3,1,5,8,5,9,2,2,7,5,9,9,1,2,7,1,5,7,7,0,656.7,False
0,2,5,7,7,10,8,5,2,6,8,6,10,7,8,5,2,9,3,7,0,693.0,False
4,1,6,3,9,7,5,3,2,3,3,4,2,7,4,6,2,6,6,5,0,662.0,True
2,3,3,10,3,1,4,3,1,4,1,1,4,8,2,2,1,5,5,2,0,632.7,True
2,5,4,7,2,7,5,2,1,2,2,5,5,8,3,4,1,5,5,3,0,633.5,True
4,3,5,6,9,5,1,1,1,4,3,10,6,7,1,7,1,3,3,7,0,658.1,False
3,3,7,10,6,7,5,5,1,8,10,8,9,3,6,8,1,5,5,1,0,682.4,True
5,5,10,10,5,4,9,5,1,5,6,10,5,8,4,6,1,1,6,7,0,694.0,False
2,0,7,6,2,5,5,4,1,5,1,3,0,4,4,6,1,3,0,1,0,620.4,True
2,1,5,3,3,6,0,5,1,5,1,4,0,5,0,1,1,2,0,3,1,627.6,True
2,0,10,10,10,10,10,3,2,8,6,10,5,8,0,3,2,10,7,7,2,748.4,True
2,2,7,10,4,10,2,1,1,7,3,4,2,6,2,1,1,3,1,3,1,649.9,False
3,1,2,3,2,5,3,1,1,2,2,5,2,7,3,1,2,4,0,3,1,635.0,True
2,1,3,8,6,5,5,3,1,7,7,5,5,7,5,1,2,10,5,7,1,703.0,True
1,2,6,6,4,4,3,5,1,6,2,4,8,7,1,1,2,4,1,4,1,673.9,True
5,0,8,10,10,10,3,0,2,9,10,10,10,7,0,2,2,9,1,10,1,743.1,True
2,3,3,9,3,8,6,3,1,5,5,10,7,7,3,6,2,1,1,8,1,680.2,True
1,2,5,6,2,5,2,0,1,7,0,1,1,8,3,1,2,3,1,3,1,627.6,False
1,1,4,8,3,10,4,3,1,3,3,3,7,7,5,1,1,8,2,3,1,656.7,True
4,2,7,4,4,9,3,3,1,10,5,8,2,7,4,2,1,5,8,3,1,681.5,False
3,3,2,10,3,10,4,1,1,8,2,10,2,7,10,5,1,3,4,5,1,644.5,True
1,2,2,10,5,10,3,1,1,1,3,5,1,7,7,1,2,5,5,4,1,653.7,True
3,2,3,5,5,3,5,5,2,6,3,10,5,6,0,3,2,3,3,5,1,668.1,False
1,3,8,7,8,10,5,3,1,7,3,3,4,5,5,2,2,6,1,4,1,675.0,True
2,1,7,5,9,7,4,4,1,8,9,8,9,7,0,0,2,9,4,10,2,744.4,True
2,1,8,10,5,10,3,3,1,9,3,7,4,6,3,1,2,5,3,8,1,708.3,False
4,3,10,4,10,10,2,5,1,9,1,4,10,7,0,0,2,3,2,7,3,718.1,False
3,4,6,10,10,10,5,5,2,4,1,4,5,7,0,1,2,6,5,7,3,694.3,False
2,4,8,3,8,2,0,1,2,8,4,6,1,8,4,2,1,2,2,10,2,621.8,False
1,4,7,2,2,9,4,2,2,2,0,3,3,5,0,4,2,5,0,8,2,620.6,True
3,1,10,9,7,10,7,4,1,10,6,9,10,7,0,7,2,8,4,8,2,751.4,True
1,5,0,2,10,3,2,1,1,2,1,2,1,6,5,4,1,1,3,3,1,581.5,True
1,5,1,5,6,10,1,3,1,5,1,2,2,10,0,3,1,8,0,1,0,626.5,False
4,5,2,3,5,6,5,2,1,6,6,5,1,8,2,8,2,5,2,4,1,648.8,True
2,4,7,5,7,10,8,5,1,9,3,4,0,8,7,1,2,6,8,2,2,691.1,False
1,3,4,6,10,10,4,1,1,7,4,10,4,7,4,1,2,5,7,2,1,688.7,False
4,3,7,2,7,8,8,5,1,4,3,5,1,6,9,4,2,9,2,7,1,679.0,True
1,2,10,10,10,10,8,2,2,8,4,10,2,6,2,2,2,10,7,5,1,714.0,True
5,0,10,10,10,2,4,2,1,5,6,10,5,9,0,0,2,7,9,5,3,745.2,False
1,3,0,10,3,2,4,0,2,5,1,5,3,7,7,8,2,2,1,3,1,592.5,False
5,1,10,2,10,2,3,5,1,8,2,10,10,8,0,2,2,10,5,10,1,745.0,False
4,4,8,5,4,6,6,2,2,10,2,1,0,7,0,5,2,3,1,5,2,642.7,True
1,3,4,3,2,3,6,5,2,5,2,5,0,9,0,1,2,10,1,10,1,657.5,True
3,2,10,7,5,5,4,1,1,7,3,6,1,8,0,2,2,4,3,2,1,677.9,False
2,3,1,6,10,10,1,0,2,8,0,8,2,7,5,0,2,10,0,2,2,645.8,True
3,3,3,6,5,2,4,5,1,5,2,1,3,7,0,10,2,10,5,7,3,664.8,True
4,3,8,6,3,7,3,2,1,3,2,7,2,7,1,2,2,6,1,2,1,666.0,False
1,2,1,2,4,10,6,1,2,6,8,6,2,7,2,1,2,4,8,5,2,659.0,False
4,2,6,8,10,6,6,0,1,2,4,6,1,8,3,1,1,3,10,1,1,667.7,False
5,1,4,6,4,7,1,5,1,7,2,6,1,7,0,1,2,4,6,1,2,687.9,False
4,1,5,6,7,10,2,5,2,7,8,4,10,7,0,4,2,8,8,7,1,718.1,False
3,1,6,7,9,5,10,5,1,10,4,8,7,10,4,2,2,9,6,10,0,750.1,False
0,3,7,0,5,5,3,5,2,3,9,8,3,6,10,6,1,7,3,6,1,620.1,False
4,1,3,7,4,8,3,4,2,6,7,3,3,7,5,1,2,5,8,4,1,675.4,False
5,0,0,0,10,10,3,5,2,2,2,10,0,6,0,0,2,0,1,10,1,673.2,True
2,3,0,2,10,2,7,5,2,7,4,5,2,8,0,1,2,6,2,2,3,655.6,True
2,1,10,5,2,2,2,5,1,4,0,5,0,8,0,1,2,10,0,10,3,681.1,True
3,0,5,7,2,9,4,1,1,0,2,7,2,7,0,2,2,5,1,3,1,666.0,False
5,1,3,3,10,6,5,1,1,6,2,5,0,7,0,0,2,10,1,10,0,696.2,False
4,2,10,3,5,10,7,3,1,7,6,10,5,7,1,0,2,8,8,10,1,743.1,False
1,1,7,2,3,6,2,2,1,2,4,3,1,7,3,2,2,0,2,5,2,636.3,True
1,1,1,6,3,7,2,0,1,8,3,8,2,7,0,0,2,2,4,10,1,671.3,True
0,2,10,4,4,10,6,4,1,9,2,3,7,6,3,3,2,6,3,7,1,690.5,True
3,2,6,8,9,9,7,2,2,8,4,6,4,7,0,3,2,6,5,9,1,701.5,False
5,1,10,9,9,10,5,5,1,5,1,5,4,6,0,2,2,10,1,8,1,731.7,False
1,4,2,6,1,1,5,0,1,0,2,2,3,7,0,2,2,2,1,10,1,620.8,True
2,2,6,8,4,10,10,5,1,5,4,9,0,8,0,2,2,7,7,5,1,719.3,False
4,2,6,8,8,6,7,4,1,8,6,10,5,7,0,1,2,6,5,7,1,734.6,False
1,3,7,10,5,5,3,3,2,6,1,7,1,6,4,1,1,5,1,5,1,630.1,True
3,2,5,6,4,7,3,2,1,6,5,6,8,6,2,1,1,6,5,6,1,675.8,True
1,2,3,9,2,4,2,2,2,7,2,2,2,7,0,1,2,4,1,1,1,625.9,True
1,3,3,10,10,10,5,1,1,8,6,6,5,7,5,2,1,5,5,5,1,676.0,True
3,3,7,10,5,5,6,5,2,8,5,6,4,7,1,1,2,10,3,10,1,706.6,True
2,1,9,7,10,10,5,2,1,9,2,8,1,7,0,0,2,4,1,9,1,713.8,False
2,3,5,10,10,10,5,5,1,7,5,10,2,6,0,10,2,10,5,10,1,722.5,True
2,3,10,4,7,8,4,4,1,5,4,8,2,7,0,2,2,3,3,10,1,698.5,True
2,2,10,7,10,10,7,0,2,6,5,7,1,7,5,1,2,8,2,5,1,681.3,True
2,1,10,9,2,7,5,4,1,4,5,8,2,6,10,3,2,10,1,10,1,693.2,False
1,2,10,8,3,8,1,0,1,4,0,6,0,7,0,1,2,10,0,10,1,672.6,True
4,4,10,6,2,5,3,4,1,5,2,1,3,6,3,8,2,4,1,5,1,647.6,True
2,2,1,2,1,2,1,2,2,0,2,3,0,5,3,0,2,1,1,5,1,588.3,True
4,1,8,6,4,10,3,3,2,8,3,8,2,6,0,0,2,3,5,10,1,696.6,True
5,0,10,10,10,10,10,5,2,8,6,2,10,8,0,1,2,10,10,10,3,772.3,False
4,2,2,2,4,10,0,5,2,5,5,1,0,7,10,10,2,4,0,2,2,607.0,True
4,2,4,10,2,10,5,2,2,9,1,4,3,6,10,1,1,2,3,6,1,634.6,False
1,2,7,3,1,7,4,2,1,5,2,5,2,7,10,3,2,2,2,5,1,633.3,False
1,1,1,6,3,7,2,0,1,8,3,8,2,7,0,0,2,2,4,10,1,671.3,True
4,3,8,10,10,5,5,5,1,2,4,6,10,5,0,4,1,10,10,10,1,721.5,True
2,2,5,5,10,8,3,1,2,5,1,10,2,7,2,0,2,10,1,6,3,671.7,True
1,1,1,6,3,7,2,0,1,8,3,8,2,7,0,0,2,2,4,10,1,671.3,True
3,4,8,5,4,10,4,2,2,3,2,5,1,7,10,3,2,10,5,8,2,650.3,True
3,3,3,10,3,10,7,0,2,8,6,1,8,8,0,2,2,10,4,4,2,682.0,False
2,3,6,6,2,5,6,3,1,6,4,9,2,8,0,7,1,10,1,10,1,670.0,True
2,2,3,1,0,5,0,0,1,1,0,10,4,7,0,0,1,5,0,10,1,625.8,True
4,1,1,2,3,1,1,1,1,5,2,3,0,7,0,1,2,1,2,7,3,634.6,True
4,1,8,10,8,10,5,5,1,8,4,8,6,7,0,7,2,6,7,10,0,744.4,False
3,3,4,2,4,1,0,1,2,5,0,1,0,8,0,0,2,7,0,5,3,612.3,False
3,3,8,5,10,5,6,5,2,7,3,5,3,7,1,6,2,8,2,8,2,682.6,True
2,1,4,3,3,2,3,4,2,7,1,7,10,9,0,2,2,4,2,4,3,661.3,False
4,5,2,2,3,4,1,1,2,1,0,3,1,6,0,2,2,3,1,5,3,597.0,False
4,0,1,2,10,10,1,5,2,10,8,4,1,5,8,0,2,1,8,5,3,675.2,False
3,2,3,4,2,4,3,4,1,3,4,2,1,8,2,0,2,6,3,4,1,656.7,True
1,3,4,2,5,10,2,1,2,3,1,7,5,7,0,1,2,10,1,5,1,647.3,False
2,2,4,5,5,10,4,3,2,7,2,4,2,6,0,1,2,10,1,7,2,668.6,True
5,5,0,0,5,2,0,0,1,6,10,6,0,5,10,0,1,0,0,0,1,587.2,True
0,2,3,5,3,5,3,5,2,5,4,1,10,6,0,2,2,5,4,6,2,654.4,True
2,1,2,4,2,2,5,4,2,6,5,7,10,9,0,1,2,5,10,9,3,691.9,False
3,5,3,4,10,10,3,5,2,6,2,10,3,6,10,1,2,10,5,3,2,666.4,True
1,3,4,4,4,2,2,0,2,8,4,3,2,8,0,1,1,7,4,7,2,621.2,False
4,1,5,8,3,5,0,2,1,6,2,6,2,8,0,5,2,2,5,10,1,677.9,False
4,2,0,6,3,7,3,1,1,5,6,3,2,8,3,3,1,0,0,5,2,628.0,False
2,3,1,2,3,4,0,0,1,2,3,2,0,7,0,1,2,0,0,5,1,607.2,False
0,0,0,1,0,0,0,0,2,4,0,1,1,7,0,2,1,1,8,1,3,566.2,True
5,3,8,3,10,10,6,4,2,8,7,10,0,7,4,4,1,9,7,10,2,698.9,True
3,3,9,3,10,5,3,3,2,6,3,4,10,8,10,2,1,7,2,10,2,655.4,False
3,2,10,6,10,10,7,5,1,8,2,8,6,8,0,1,2,6,4,5,1,736.1,False
1,5,3,4,3,6,2,3,1,7,0,9,1,6,0,1,2,1,0,2,1,633.9,False
3,3,10,9,10,10,6,5,2,6,2,4,4,8,0,1,1,10,3,7,3,696.2,False
4,3,6,5,10,10,5,5,1,3,1,8,2,6,0,3,2,10,8,4,2,711.9,True
4,3,10,8,8,6,4,4,1,6,7,9,5,7,7,7,2,7,8,7,2,714.0,False
3,0,10,4,7,8,4,2,1,7,3,10,3,8,0,0,2,3,6,0,2,705.9,True
2,3,10,6,3,10,1,1,1,8,4,6,10,8,0,2,2,2,8,1,2,691.5,False
4,3,1,8,3,9,1,1,1,3,3,10,3,6,1,2,2,1,1,6,3,659.6,False
4,2,5,5,4,6,6,4,2,8,1,5,2,7,0,7,1,5,1,3,2,636.7,False
1,3,7,3,2,10,2,0,1,10,0,10,0,8,0,1,2,5,1,0,1,654.9,False
3,3,10,7,7,7,8,1,1,7,1,3,3,7,0,1,2,10,4,7,1,702.6,False
2,3,2,5,4,9,4,4,2,10,3,7,5,7,8,1,2,7,1,5,2,659.2,False
3,3,3,5,8,5,9,5,2,8,1,5,2,7,0,5,2,8,0,5,3,667.3,False
4,3,8,10,5,10,2,4,1,8,6,7,10,7,0,1,1,2,5,10,3,715.3,False
4,1,10,8,10,8,1,5,1,4,8,10,2,7,5,2,2,8,3,7,2,726.1,False
5,2,10,10,5,2,2,5,1,9,4,10,1,7,0,1,1,10,2,10,3,712.5,False
4,3,6,5,10,10,5,5,1,3,1,8,2,6,0,3,2,10,8,4,2,711.9,True
4,2,2,4,8,8,4,3,2,7,6,10,4,6,0,1,2,7,9,7,1,702.1,True
1,1,10,3,7,10,6,2,2,3,6,7,10,5,10,0,1,4,1,2,2,645.2,True
2,3,4,3,1,2,4,0,1,2,3,8,4,7,0,7,2,3,5,8,1,640.7,True
4,2,4,5,4,6,5,1,1,8,3,7,2,7,0,3,2,3,3,9,2,681.3,True
1,0,4,5,4,7,8,2,1,3,5,3,3,7,3,3,1,4,4,7,2,655.0,False
1,1,4,5,6,5,4,2,1,2,7,2,2,7,2,2,1,6,4,6,2,648.0,True
2,3,5,10,3,10,5,3,2,5,4,5,6,6,5,1,2,5,1,10,1,670.5,True
2,4,1,5,2,4,2,1,1,3,1,8,0,8,1,1,2,4,0,10,2,639.2,True
3,1,4,7,2,8,5,0,1,5,5,6,3,8,4,0,2,2,3,7,1,674.5,False
5,2,4,6,6,10,4,0,1,8,4,8,5,7,10,1,2,10,10,4,1,701.9,True
1,3,0,1,1,1,0,0,2,0,0,1,0,7,5,6,1,0,0,1,1,523.7,False
5,4,10,8,4,10,9,2,1,7,5,5,1,7,0,1,2,9,5,5,1,716.6,False
4,2,2,10,8,10,2,4,2,3,0,2,4,7,0,0,2,5,1,2,3,661.6,False
3,3,10,7,7,7,8,1,1,7,1,3,3,7,0,1,2,10,4,7,1,702.6,False
3,3,8,4,10,2,1,1,2,5,2,2,0,6,3,2,1,10,6,2,2,622.3,True
2,0,4,10,4,10,4,0,1,7,1,5,5,8,0,2,2,7,4,8,2,698.1,True
3,4,10,10,10,10,10,5,2,10,10,8,1,8,0,0,2,10,4,10,1,749.7,True
2,3,9,4,10,2,6,5,1,9,2,4,1,8,8,1,2,8,3,5,1,682.6,False
2,3,8,3,2,10,2,3,2,5,1,5,2,8,3,7,1,5,0,4,1,613.1,True
3,2,5,8,9,10,2,3,1,9,1,10,3,6,0,1,2,10,1,5,3,710.6,False
1,5,4,5,10,9,0,0,2,2,1,2,0,5,0,5,2,3,0,1,2,594.9,False
2,2,5,2,2,10,10,3,1,0,2,10,2,6,0,0,2,10,5,10,2,700.4,True
0,2,2,10,9,6,10,1,1,10,2,2,10,9,0,1,2,10,2,8,0,711.3,False
5,2,2,3,0,5,4,0,1,4,2,4,0,7,8,5,2,7,2,6,1,629.7,True
1,4,1,3,3,1,3,1,1,5,5,5,1,10,6,4,2,5,1,3,2,618.6,False
5,4,3,2,7,5,4,2,1,6,1,10,1,7,10,1,2,4,2,10,1,661.5,False
2,0,4,10,4,10,4,0,1,7,1,5,5,8,0,2,2,7,4,8,2,698.1,True
1,2,4,10,3,10,4,0,1,2,6,5,2,6,0,6,2,4,1,3,1,651.8,False
3,0,8,10,4,10,4,3,1,7,2,10,6,8,0,0,2,6,1,4,3,721.2,False
5,5,2,3,5,7,1,0,2,8,1,2,2,7,10,0,1,2,1,1,1,583.4,False
3,3,0,4,0,3,2,1,2,0,0,2,1,9,10,2,1,4,0,10,1,571.9,False
5,0,10,6,4,5,5,5,2,7,2,7,3,8,0,0,2,10,2,5,2,707.0,False
3,5,2,3,7,4,2,2,2,6,1,8,4,8,5,8,2,8,2,4,2,625.6,False
5,2,10,5,10,10,5,5,1,10,4,10,10,6,0,3,2,10,7,10,3,768.4,False
3,5,4,4,2,7,2,1,2,0,2,5,5,6,0,10,1,3,2,0,0,580.4,True
4,5,1,4,1,7,2,1,1,0,6,2,4,4,3,2,1,3,5,10,0,620.2,False
5,4,8,6,2,10,1,3,1,5,2,4,0,7,7,10,2,8,0,5,2,646.7,False
5,4,5,4,0,8,0,0,1,3,0,4,0,6,0,1,2,1,0,1,2,619.3,True
5,4,5,4,0,10,0,0,1,6,0,5,0,6,0,1,2,1,0,1,2,629.7,True
4,3,9,8,0,5,0,2,1,5,4,8,1,7,4,2,2,2,2,3,1,656.0,True
2,3,10,10,0,7,0,3,1,8,0,2,1,6,0,1,2,10,3,5,2,673.3,False
3,2,10,4,10,5,4,5,2,8,6,6,2,7,2,0,1,10,5,5,3,686.2,True
5,3,9,8,10,10,4,4,2,8,9,8,2,7,8,0,2,5,8,7,3,715.5,False
3,2,4,6,10,10,5,5,1,7,5,9,3,8,8,4,2,6,2,4,2,698.9,False
4,3,3,4,2,5,3,0,2,7,2,5,4,7,10,1,2,2,4,5,3,621.4,False
5,0,5,3,8,9,5,0,1,9,3,10,10,7,0,0,1,3,1,10,1,705.7,True
3,3,5,7,4,7,3,3,2,4,5,7,6,6,2,4,2,3,1,7,3,657.3,False
1,3,6,4,4,10,5,3,1,6,1,3,2,7,0,2,2,10,1,5,1,672.0,False
2,2,5,10,3,10,5,1,1,7,4,8,2,8,0,1,2,0,3,2,0,680.0,True
2,4,0,1,0,2,4,2,1,8,3,1,2,6,0,2,1,4,1,5,1,605.1,True
3,1,3,5,2,3,0,5,1,7,1,5,0,10,0,4,2,3,2,10,3,667.9,True
1,4,6,2,10,10,4,5,1,3,0,6,0,5,6,7,2,3,0,1,1,633.1,True
4,3,1,1,0,2,0,0,2,5,1,6,5,7,0,2,2,0,1,5,1,604.6,True
2,4,2,7,5,7,2,2,2,4,3,4,3,7,10,5,2,5,1,2,2,609.3,False
4,2,4,6,10,10,0,5,2,8,3,8,5,7,5,1,2,10,5,6,3,700.2,False
0,2,5,4,4,3,4,2,1,2,0,4,0,8,0,0,1,6,0,3,1,619.7,True
3,2,7,7,0,5,3,4,1,3,2,3,1,7,0,1,2,4,1,10,1,668.6,False
4,5,2,3,10,10,10,5,2,2,3,7,5,6,3,4,2,10,7,5,3,684.5,False
5,2,10,7,2,6,2,2,1,6,2,7,0,7,3,0,2,1,1,3,1,667.7,False
1,3,1,1,1,5,0,0,2,2,1,3,0,5,0,5,2,2,0,3,3,571.3,True
4,0,9,8,8,6,4,4,1,7,3,7,5,6,0,0,2,5,2,3,1,715.1,False
4,3,5,9,2,5,10,1,1,8,2,8,3,10,10,2,1,4,5,10,1,671.9,False
2,5,2,6,6,5,1,2,1,8,1,2,0,6,0,10,2,7,0,9,2,632.5,False
5,1,10,8,10,2,6,4,1,8,3,2,10,9,0,1,2,10,4,10,1,745.3,False
3,4,3,5,2,2,1,1,2,3,0,5,0,7,4,6,1,3,1,10,2,584.0,True
4,1,2,5,2,7,0,0,1,7,1,1,1,8,0,0,2,0,1,10,0,649.7,True
2,4,10,7,2,10,2,0,2,3,1,8,1,7,0,1,2,5,0,1,1,635.6,True
4,0,10,7,10,3,5,2,2,9,1,9,1,9,0,1,2,5,1,7,1,697.4,False
2,2,2,7,2,5,1,2,1,2,4,9,5,9,0,4,2,10,4,5,3,675.3,True
3,2,5,2,3,6,2,3,1,8,1,10,1,7,2,1,1,3,2,3,1,646.2,False
2,1,5,2,1,3,2,0,1,3,4,3,1,8,4,0,1,5,1,2,1,611.0,True
3,3,10,5,2,4,3,1,1,3,4,8,1,7,0,2,2,7,2,2,1,662.8,True
1,3,5,10,10,10,2,2,2,1,7,3,5,6,0,1,1,6,2,9,1,656.5,False
4,0,2,10,10,4,4,5,1,6,3,5,10,6,0,1,2,10,8,6,3,735.1,False
4,1,4,10,10,4,6,4,2,9,9,5,10,7,0,2,2,2,8,9,3,725.1,True
1,1,10,10,7,4,6,3,1,4,3,4,5,9,0,3,2,10,3,10,1,713.4,True
5,3,10,5,10,5,1,5,1,7,1,6,6,7,0,3,2,5,10,10,1,723.6,False
4,4,5,10,9,7,4,2,2,6,4,10,0,8,2,2,2,6,3,6,1,680.4,False
2,3,2,6,10,6,4,1,1,5,6,6,5,7,0,3,2,6,5,6,2,684.5,False
1,3,3,10,10,10,2,5,2,3,3,10,2,7,0,10,2,10,2,8,3,676.8,True
2,3,5,6,6,3,1,5,1,2,3,3,0,6,0,0,1,5,2,10,2,648.0,False
1,5,4,5,2,2,0,0,1,2,0,1,0,6,0,0,1,5,0,9,1,593.2,False
5,2,3,2,5,6,10,0,1,7,5,5,5,7,0,2,2,0,2,10,2,684.3,True
3,4,1,3,4,3,1,5,2,3,3,8,0,5,10,6,1,4,3,3,2,585.9,False
2,4,10,10,10,10,5,4,1,9,8,6,7,6,2,3,2,6,3,8,0,728.5,False
5,4,10,1,8,1,0,2,1,5,5,7,5,8,5,2,1,3,4,4,1,649.2,False
2,1,1,9,8,9,4,4,2,8,2,5,5,6,0,5,1,5,4,7,3,662.0,False
2,1,2,2,3,2,0,0,1,2,1,3,0,6,0,4,1,2,2,8,1,598.7,True
5,1,10,10,10,10,10,5,1,9,9,10,5,8,3,0,2,10,7,10,3,790.9,False
2,3,2,3,6,2,6,5,1,3,2,2,1,8,0,4,1,6,2,3,3,631.2,False
3,2,7,8,8,8,3,0,1,8,3,7,2,8,0,4,2,6,5,8,2,698.5,True
3,1,5,2,2,3,2,5,1,9,2,5,2,8,1,4,2,3,6,3,1,667.5,False
1,5,0,4,3,3,1,1,2,0,0,1,0,7,0,1,1,1,0,4,1,557.7,False
1,5,2,3,3,3,0,0,2,4,2,4,0,7,0,9,1,0,4,3,1,560.0,False
1,5,4,7,3,10,9,3,1,3,2,9,2,8,1,7,2,9,4,2,2,670.0,False
4,2,5,1,1,10,2,5,1,5,1,1,0,6,0,10,2,8,0,10,1,654.4,False
1,1,7,5,2,3,5,0,1,10,4,6,6,8,0,0,2,5,1,6,3,679.6,False
5,5,0,0,3,2,2,0,2,0,1,1,0,6,0,0,1,5,2,10,3,583.0,False
5,3,10,3,7,8,4,0,1,5,2,8,3,7,0,10,2,2,6,10,1,681.5,False
5,3,10,4,5,8,4,0,1,5,2,8,2,8,0,10,2,2,4,10,1,676.6,False
4,2,6,8,4,4,2,5,2,3,3,3,0,5,0,0,2,3,3,10,3,661.4,False
3,3,10,10,10,10,0,5,2,5,5,2,1,7,0,2,1,0,5,7,2,665.0,False
1,1,10,10,9,10,5,5,1,7,2,4,2,7,0,1,2,10,2,10,2,728.3,True
1,3,10,6,7,3,1,3,1,7,5,2,3,9,0,0,2,10,4,2,1,684.1,True
3,1,5,5,10,8,3,5,1,10,5,7,2,7,10,0,2,6,3,10,1,708.5,True
3,3,10,10,4,4,6,5,1,1,5,2,5,8,0,3,2,0,4,10,1,692.4,True
2,5,2,7,7,6,4,4,2,2,3,2,1,8,10,3,2,7,2,5,3,622.7,True
1,0,2,6,2,6,1,5,1,10,4,10,8,4,5,0,2,4,4,10,1,696.6,True
4,4,4,1,5,4,2,1,2,5,0,4,2,6,2,3,2,5,1,4,3,614.2,True
3,3,6,9,10,7,7,5,2,4,1,3,5,6,7,3,2,5,2,7,3,668.4,False
5,0,1,6,8,4,2,5,2,10,1,8,1,9,0,1,2,10,2,10,3,702.3,True
1,1,3,7,10,5,3,0,1,9,2,2,10,7,2,0,2,8,1,10,2,690.5,False
2,1,10,8,5,6,4,5,2,7,3,3,10,8,0,2,2,4,5,10,1,704.5,False
3,3,2,1,0,10,0,5,1,3,3,3,3,8,0,1,2,1,6,7,1,658.6,False
1,5,2,1,0,10,0,0,1,5,0,5,3,8,0,1,2,10,0,3,2,628.4,True
5,1,10,10,10,10,8,5,2,8,5,5,10,7,0,4,2,10,4,10,2,752.3,True
3,5,3,5,5,10,0,5,1,0,0,6,0,6,4,10,2,8,0,2,2,626.5,False
1,3,1,2,10,4,2,5,1,2,2,1,3,5,4,4,2,2,2,2,1,623.6,False
5,3,10,10,10,10,5,5,2,8,6,6,10,7,3,7,2,10,2,10,1,730.4,False
1,3,7,3,2,10,2,0,1,10,0,10,0,8,0,1,2,5,1,0,1,654.9,False
2,2,9,5,10,10,5,1,1,6,2,8,10,8,1,2,2,5,1,3,1,702.1,False
2,3,0,0,0,4,0,0,1,7,1,1,0,9,0,1,1,10,2,10,1,615.9,True
5,1,4,7,5,10,6,5,1,7,7,7,3,8,0,3,2,10,3,7,0,732.5,False
1,4,2,2,2,2,2,1,1,0,1,1,2,7,0,8,2,1,0,8,1,593.4,False
3,0,6,2,0,0,0,0,1,4,2,6,1,8,0,2,2,10,2,5,2,649.0,True
2,2,5,10,3,10,5,3,1,8,7,3,10,5,0,1,2,3,1,10,1,707.3,True
0,3,2,4,3,10,2,0,1,4,4,3,6,7,0,2,2,10,2,10,1,663.5,True
1,3,10,3,0,10,3,4,1,2,3,7,1,7,6,1,2,2,1,8,1,655.8,True
3,4,10,10,5,10,3,3,2,8,7,5,3,6,5,2,1,5,2,3,1,655.2,True
2,2,10,8,5,10,7,5,2,7,4,7,2,6,0,7,2,7,8,10,1,706.6,True
2,2,3,5,3,7,4,1,1,6,6,7,3,6,2,7,2,2,2,5,1,652.2,False
5,2,5,10,7,10,4,1,1,7,7,2,10,6,0,0,2,10,3,5,1,722.6,True
5,1,3,10,8,10,7,3,2,8,4,8,7,5,3,2,2,8,7,3,2,711.7,False
1,2,10,10,2,10,1,0,1,7,1,3,2,6,0,1,2,3,2,3,1,659.9,False
2,4,3,6,6,10,3,2,1,3,4,6,0,7,0,2,1,7,2,5,1,648.8,False
3,4,4,3,10,8,2,5,2,8,1,5,0,7,0,5,1,6,1,3,2,633.3,False
2,3,0,6,5,10,3,3,2,8,5,4,7,7,4,6,2,5,5,7,2,658.6,False
3,3,3,4,4,2,6,5,1,6,0,3,3,9,0,1,2,7,1,5,2,669.0,True
2,4,4,5,3,6,4,1,1,5,0,5,0,6,6,10,2,7,2,4,1,619.5,True
4,4,2,2,2,3,4,3,2,7,2,10,1,6,6,3,1,4,2,7,2,613.7,True
5,2,5,10,7,10,4,1,1,7,7,2,10,6,0,0,2,10,3,5,1,722.6,True
2,5,4,2,10,10,10,2,1,2,4,6,4,7,0,2,2,5,10,3,3,687.9,True
3,5,2,4,10,10,5,2,1,7,0,2,1,6,5,5,2,10,1,9,1,659.7,False
1,5,2,2,3,4,0,3,1,2,1,1,1,6,4,10,1,0,3,1,1,562.6,True
2,3,3,1,0,7,2,1,1,2,1,2,10,7,0,1,2,1,1,7,3,636.1,False
2,4,2,5,5,3,1,5,1,3,1,3,5,6,4,3,2,8,1,2,2,637.8,True
2,1,10,8,5,6,4,5,2,7,3,3,10,8,0,2,2,4,5,10,1,704.5,False
5,2,5,10,7,10,4,1,1,7,7,2,10,6,0,0,2,10,3,5,1,722.6,True
1,4,1,5,10,3,4,5,1,8,1,10,1,7,10,0,1,6,7,6,2,654.7,True
1,3,4,4,2,2,2,2,2,3,2,10,3,6,10,3,1,4,7,6,1,601.8,True
2,1,2,5,0,9,0,0,2,7,3,8,2,5,0,0,2,0,4,4,0,633.5,True
3,0,10,10,1,2,0,0,1,1,0,3,1,8,0,0,2,10,1,7,1,665.4,False
3,4,2,5,3,6,2,1,2,5,1,1,6,8,2,3,2,8,0,2,3,620.8,True
1,3,3,5,2,9,3,5,2,8,6,1,10,10,0,1,2,7,5,9,1,687.5,False
3,4,3,6,4,10,10,5,1,9,3,8,1,8,2,5,2,10,3,10,2,710.6,True
4,4,3,2,5,3,1,3,1,7,2,7,0,7,4,2,1,7,0,9,1,637.1,True
3,3,5,4,4,6,1,5,2,1,1,2,2,8,0,1,2,2,4,2,1,632.9,False
5,4,10,5,10,10,5,5,2,5,10,7,10,6,0,1,2,8,9,10,1,744.0,False
3,5,10,3,3,5,2,4,2,5,4,5,4,7,1,4,2,1,3,3,0,638.4,False
5,5,10,1,1,5,0,3,1,5,1,3,1,7,0,4,2,2,1,8,2,643.1,False
5,4,0,6,5,6,0,1,1,9,2,7,0,8,8,3,2,0,2,8,3,642.4,False
0,3,2,4,3,10,2,0,1,4,4,3,6,7,0,2,2,10,2,10,1,663.5,True
0,2,3,6,1,2,2,5,1,5,4,9,1,8,0,7,2,2,6,10,2,663.2,False
5,1,10,10,6,8,3,0,1,3,3,5,3,9,0,0,1,4,2,4,1,679.6,True
4,4,2,1,0,4,0,0,2,3,3,3,2,7,0,5,1,1,4,2,1,575.1,True
0,3,2,4,3,10,2,0,1,4,4,3,6,7,0,2,2,10,2,10,1,663.5,True
1,4,5,5,3,2,2,1,2,5,3,8,10,5,0,6,2,5,2,8,1,636.9,False
3,4,10,10,3,5,8,2,2,7,4,9,8,7,7,2,2,10,3,3,1,683.4,False
3,4,2,4,0,4,2,0,2,2,2,6,1,6,7,2,2,3,3,3,2,592.5,True
3,4,2,4,0,4,2,0,2,2,2,6,1,6,7,2,2,3,3,3,2,592.5,True
5,3,3,5,1,10,2,0,1,8,1,2,0,5,0,0,2,10,1,5,2,659.5,False
2,3,7,6,6,10,7,5,2,7,3,2,5,8,10,3,2,10,4,3,2,670.3,True
3,4,8,9,3,8,10,3,2,5,5,2,3,7,8,4,2,10,4,4,2,665.0,True
3,1,5,6,7,10,10,5,2,8,5,7,6,7,0,3,2,10,3,10,2,725.5,False
3,3,3,10,6,10,4,5,1,8,8,5,5,8,0,8,2,8,4,3,3,706.6,False
5,2,10,6,10,3,10,5,1,4,5,2,10,5,0,1,2,10,10,10,3,749.6,True
4,4,6,4,6,10,2,2,1,3,10,5,10,8,0,4,2,3,5,10,3,703.2,True
5,3,1,4,2,1,2,5,1,3,0,3,0,8,2,5,2,3,0,2,3,624.6,True
4,4,5,10,10,10,8,2,2,4,1,7,2,6,0,2,2,10,2,2,1,681.1,False
2,5,1,7,10,8,5,1,2,5,3,6,5,9,0,10,2,10,1,10,2,659.4,False
3,3,1,6,10,10,2,3,2,7,6,5,6,8,0,1,2,3,8,1,2,679.4,False
5,3,3,5,10,7,4,1,1,10,1,6,1,6,3,2,2,10,5,5,1,689.4,False
3,3,6,10,10,10,5,5,1,5,10,6,10,7,0,1,2,5,10,1,2,740.6,False
2,3,2,10,10,10,2,5,1,8,2,10,0,7,0,4,2,5,2,7,1,698.9,False
2,3,3,7,10,10,1,5,1,7,3,10,10,8,1,3,2,5,1,10,2,716.1,False
2,2,4,5,3,10,3,3,2,10,3,8,10,8,0,3,2,10,4,5,2,693.6,False
5,2,2,4,8,10,2,2,2,5,3,10,2,7,2,2,2,7,2,3,2,668.3,False
1,4,0,2,3,1,0,0,1,3,1,8,2,4,7,5,2,6,2,8,1,601.0,False
3,3,2,7,10,10,4,5,2,9,5,5,5,7,0,7,2,7,5,8,1,694.5,False
2,2,3,5,8,5,2,5,2,5,1,5,10,7,0,3,1,10,2,10,3,665.6,False
1,1,4,5,10,5,10,4,2,5,5,2,10,6,5,5,2,10,4,6,2,681.8,True
4,2,8,6,5,5,6,2,1,6,8,7,5,7,2,3,2,7,8,8,1,715.3,False
1,4,0,3,9,10,3,2,2,4,5,1,0,6,2,6,1,6,0,1,1,593.2,False
4,4,10,3,4,3,2,0,1,3,5,6,1,7,0,0,1,7,0,10,1,650.5,False
5,4,7,5,10,10,2,1,2,2,1,7,10,7,0,2,2,3,9,10,3,691.5,True
5,1,3,10,10,10,3,3,1,8,5,10,5,9,0,2,2,10,7,10,1,755.4,True
1,3,4,4,6,10,2,0,1,8,2,7,2,8,0,3,2,10,2,2,1,666.2,False
3,4,0,0,10,10,0,2,1,7,1,9,0,6,0,0,2,3,3,7,3,662.8,False
4,4,8,5,2,4,0,5,1,7,4,3,5,8,5,10,1,3,2,10,1,641.6,True
0,5,0,2,3,2,0,1,1,0,3,6,3,10,1,7,1,0,0,10,2,586.5,True
5,3,1,6,8,8,6,4,1,10,7,10,5,5,0,1,1,3,6,6,2,703.6,False
1,4,0,3,9,10,3,2,2,4,5,1,0,6,2,6,1,6,0,1,1,593.2,False
2,4,4,9,7,10,7,0,2,4,7,2,0,6,2,4,1,7,0,7,1,630.8,False
4,3,5,5,4,1,3,3,1,9,1,6,0,8,0,7,2,3,1,6,2,654.1,False
3,2,10,8,8,8,3,3,1,3,0,6,2,9,4,1,2,7,1,10,1,696.8,True
3,5,2,5,4,5,3,0,2,9,3,5,10,9,6,3,2,3,1,6,3,635.4,False
2,1,1,3,1,1,0,0,1,2,1,2,2,8,2,1,1,0,2,10,1,600.6,True
2,2,4,4,2,10,1,1,1,5,1,4,0,7,5,2,2,8,2,4,2,643.3,True
3,3,10,5,3,10,5,2,2,5,5,2,5,6,5,5,1,4,8,4,1,641.0,False
5,4,3,4,10,10,3,5,2,7,4,9,0,4,0,10,1,10,3,7,2,659.0,False
3,5,2,10,2,10,3,0,1,2,3,10,5,4,7,3,1,5,3,4,1,630.3,False
1,5,4,2,10,10,10,2,1,10,10,10,10,5,5,3,2,10,10,9,2,730.8,True
2,3,3,6,7,6,10,5,2,6,3,2,10,8,0,10,1,10,2,10,1,666.9,False
0,0,4,3,10,10,5,5,1,10,1,1,4,6,0,2,2,10,8,0,1,698.6,False
2,5,1,2,0,10,5,0,1,0,0,3,0,6,10,5,1,3,0,2,2,564.7,True
3,2,10,7,2,3,2,2,1,5,0,5,2,7,0,1,2,4,0,4,2,658.8,False
5,4,10,10,10,5,3,4,1,5,4,10,3,8,0,5,2,3,5,3,2,707.6,False
1,2,2,5,3,5,4,1,2,2,4,6,2,7,10,3,2,6,8,3,3,621.6,False
2,3,7,10,9,7,0,2,1,4,6,10,0,7,3,4,2,3,5,7,0,683.6,False
3,1,5,4,4,5,7,3,1,8,4,10,2,8,2,0,2,4,5,7,1,702.5,True
5,0,0,7,0,1,0,1,1,9,4,10,0,7,10,1,2,1,0,10,2,649.6,True
5,0,0,7,0,1,0,1,1,9,4,10,0,7,10,2,2,1,0,10,2,647.9,True
5,3,8,6,2,1,2,5,1,5,1,6,4,6,0,1,1,5,1,4,1,655.4,False
3,4,10,9,9,10,10,2,1,9,8,5,6,7,10,0,2,10,6,7,0,730.2,True
2,3,7,10,9,7,0,2,1,4,6,10,0,7,3,4,2,3,5,7,0,683.6,False
4,1,10,4,10,8,6,2,1,6,4,7,2,8,0,3,2,10,4,7,1,722.3,False
2,1,1,3,1,1,0,0,1,2,1,2,2,8,2,1,1,0,2,10,1,600.6,True
3,3,2,4,10,3,3,5,2,5,0,1,0,5,2,0,2,6,2,10,2,645.7,False
2,4,5,10,6,2,1,2,2,10,1,1,5,9,0,1,2,4,2,6,3,649.9,False
4,3,2,1,0,1,0,0,2,2,0,1,0,9,0,1,1,1,0,10,2,576.8,True
5,1,10,5,5,2,2,1,1,6,1,2,0,8,0,2,2,10,3,10,1,685.6,True
5,0,10,10,10,10,2,5,1,8,4,8,0,7,0,0,2,10,1,10,2,751.2,False
2,1,5,10,10,10,10,5,1,8,10,5,5,6,0,1,1,10,10,10,0,750.4,False
1,3,2,4,1,5,1,2,2,2,1,1,3,6,4,3,2,1,4,2,2,589.8,True
2,5,6,2,4,5,5,3,1,3,2,8,5,3,10,2,1,4,10,4,0,629.7,False
3,3,4,5,7,4,3,2,2,6,4,4,4,7,0,4,1,4,4,5,1,633.1,True
5,2,2,4,4,2,1,1,1,3,1,1,0,7,0,4,2,2,1,7,2,629.1,False
5,2,2,10,10,5,4,3,1,10,3,8,5,8,0,2,2,10,2,10,2,729.3,False
4,5,5,8,6,7,2,4,2,2,1,2,0,6,0,10,2,7,1,9,2,634.2,False
5,4,10,2,5,2,1,5,1,9,1,10,5,7,0,5,2,8,0,10,2,695.5,False
3,5,4,3,6,8,5,2,2,3,2,6,4,7,4,5,2,6,2,4,3,633.5,True
3,4,1,7,10,10,10,3,1,9,10,1,3,7,1,1,2,9,2,2,2,703.9,False
5,3,6,3,5,6,2,5,1,6,4,8,3,6,10,0,2,3,2,8,3,676.2,False
4,4,3,10,5,10,5,4,2,10,10,2,5,8,0,2,2,10,10,3,1,711.1,True
1,4,0,5,2,5,2,5,2,0,4,6,6,8,10,2,1,8,3,2,1,603.1,False
0,3,5,3,5,6,5,2,1,4,4,1,4,7,7,3,1,4,5,7,1,627.4,True
1,5,10,5,10,2,2,5,2,1,1,4,1,5,10,5,2,10,1,10,1,629.3,False
1,5,2,5,3,5,0,4,1,0,0,10,0,7,10,8,1,5,1,10,2,598.6,True
5,3,10,10,10,10,0,5,2,7,0,5,5,8,5,3,2,1,3,3,0,679.4,False
3,3,2,4,7,9,2,4,2,9,9,5,4,7,0,1,2,7,9,8,3,697.9,False
5,3,5,9,10,8,3,3,1,3,2,6,3,6,4,2,2,5,3,6,1,687.7,True
3,4,5,10,10,3,10,5,1,8,3,8,4,7,0,1,2,7,2,7,3,718.9,False
2,1,1,6,7,10,1,5,1,5,5,7,5,6,10,2,2,7,8,3,3,684.5,False
2,1,3,7,4,5,3,5,2,6,3,3,4,8,0,1,2,7,4,4,1,668.8,True
4,2,3,10,8,10,8,5,2,7,7,9,5,8,7,4,2,7,8,7,2,717.6,False
2,5,1,3,10,7,5,1,1,8,0,1,1,5,4,5,2,10,10,10,1,661.0,False
5,1,7,10,10,6,8,1,1,10,10,10,4,8,0,1,2,10,10,10,2,772.2,False
5,4,10,4,9,6,2,2,1,10,1,6,1,8,0,0,2,8,1,4,3,693.2,False
0,5,1,2,2,1,0,0,2,1,0,1,3,8,10,10,1,3,1,3,1,522.2,True
0,5,10,8,4,1,1,3,2,4,0,2,2,9,0,4,1,4,0,1,2,594.0,False
2,5,7,6,10,10,5,3,1,0,2,10,0,6,0,1,1,10,8,6,2,681.7,False
2,1,4,10,10,8,8,5,2,7,9,6,7,7,0,2,2,9,8,7,3,733.8,True
2,2,0,4,0,0,1,0,2,0,1,2,0,5,0,0,1,0,1,10,3,569.4,True
2,2,1,4,4,3,3,2,1,8,2,9,3,6,0,2,2,2,2,2,2,650.9,False
2,2,4,4,4,6,5,2,1,6,6,7,3,7,3,3,2,5,6,5,1,676.2,True
4,3,3,6,10,10,5,5,2,5,2,7,1,6,8,6,2,6,1,3,2,653.9,False
2,5,5,2,10,2,1,5,2,6,1,4,0,6,0,0,2,9,8,1,3,646.5,False
4,3,2,8,7,5,9,4,1,10,4,7,4,7,10,0,2,8,10,5,0,710.2,True
2,3,3,4,10,6,6,2,2,10,5,10,10,7,8,0,2,10,10,4,0,698.9,True
2,2,10,1,10,3,4,5,2,6,1,2,10,6,5,3,2,5,1,3,2,654.6,False
2,2,4,10,6,6,2,4,2,8,7,2,5,8,4,5,2,10,7,7,1,683.9,False
2,4,0,5,4,6,2,1,1,0,1,1,2,1,2,3,1,2,2,2,2,580.3,False
1,2,6,3,3,6,2,2,2,7,3,7,4,8,0,2,2,4,4,7,1,656.0,True
5,1,7,5,3,6,5,2,1,5,7,10,4,8,0,1,2,5,4,7,3,712.7,False
2,4,0,4,2,5,2,0,1,1,1,2,0,9,0,8,1,7,0,5,1,590.6,False
3,1,4,3,1,3,1,0,2,6,3,2,1,6,0,0,2,3,1,7,1,622.3,True
5,3,3,4,10,10,3,5,2,5,5,10,2,8,10,1,2,5,2,10,2,683.8,False
1,2,8,4,2,6,5,1,1,6,3,10,4,7,10,4,2,5,3,2,1,651.3,True
5,2,6,3,8,6,7,3,1,8,4,10,3,8,0,2,2,6,7,7,2,722.9,False
4,4,4,4,3,5,3,1,2,6,1,10,1,7,0,10,2,4,1,8,1,630.9,True
3,3,2,3,2,6,1,1,1,9,2,5,2,7,10,1,2,5,1,7,2,636.7,False
5,2,8,7,5,10,6,5,2,6,5,10,5,8,0,1,2,3,2,9,1,716.1,False
2,4,1,4,3,5,2,5,2,7,4,2,1,7,3,1,2,6,1,4,1,629.3,False
2,2,5,4,2,5,1,2,1,7,1,3,2,8,0,4,1,4,0,7,2,629.7,False
0,1,1,4,1,7,3,0,1,6,1,8,10,7,10,2,2,2,1,4,0,633.9,True
4,2,10,0,0,5,3,0,1,8,2,10,4,7,10,0,2,2,3,10,0,663.2,True
5,3,5,2,4,4,2,2,1,5,3,10,5,7,0,0,1,1,2,7,1,658.1,True
1,5,4,8,3,10,5,4,1,8,10,5,10,5,0,2,1,7,2,1,1,675.4,True
1,5,3,7,3,10,8,3,1,9,10,5,10,5,0,1,1,8,3,1,1,680.5,True
3,3,6,7,10,3,8,2,1,7,1,6,1,6,0,1,1,10,2,10,2,682.6,False
5,4,10,6,10,10,5,5,2,7,5,10,3,6,0,6,2,7,2,5,2,703.8,False
3,3,6,2,1,10,0,2,2,5,3,3,0,6,0,0,1,1,0,7,2,610.6,False
1,2,6,4,2,5,2,0,2,5,5,10,0,5,0,3,1,2,1,0,1,601.6,True
3,2,0,3,0,5,0,0,1,5,2,2,3,6,0,0,2,1,0,6,2,622.3,True
2,1,5,10,10,10,6,5,1,7,4,5,10,7,0,1,2,10,8,10,3,755.7,False
1,3,1,2,4,10,2,0,2,3,2,3,1,6,4,2,2,10,1,0,1,605.5,False
0,5,1,2,3,10,2,0,2,3,2,4,1,6,4,1,2,4,1,1,1,588.7,False
3,3,4,3,3,10,3,1,1,2,3,6,2,8,10,1,1,4,0,10,0,630.3,True
1,4,4,2,4,10,2,2,1,8,2,7,4,6,0,4,2,3,3,10,1,664.1,True
2,1,2,5,3,2,3,2,2,5,1,7,10,8,0,0,2,10,3,10,2,674.7,True
1,4,2,5,2,1,2,3,1,4,2,3,0,6,0,10,1,5,3,2,1,591.9,False
5,4,3,6,7,2,4,3,2,4,1,10,5,7,2,3,2,3,2,5,3,653.0,False
3,3,2,6,6,10,6,5,1,7,5,5,1,6,0,3,2,7,10,7,1,707.9,True
4,3,3,4,10,4,2,2,2,4,1,5,2,7,0,3,2,4,0,10,1,646.9,False
2,1,5,3,2,5,3,1,1,8,5,5,5,7,0,2,2,3,3,6,2,669.0,True
2,2,2,5,3,7,4,3,1,4,3,2,5,6,5,1,1,3,8,5,1,642.7,True
2,1,8,4,10,3,9,2,2,10,9,2,2,8,0,1,2,8,10,10,2,712.8,False
4,2,2,8,3,10,6,5,1,9,6,1,2,6,3,4,2,6,8,5,3,696.9,False
3,4,5,9,5,4,3,5,2,6,4,4,0,6,0,3,2,4,2,5,3,651.6,False
3,3,4,6,2,10,6,0,2,0,2,1,1,7,6,4,2,3,4,4,1,613.8,True
4,3,7,5,6,5,7,4,1,7,2,6,7,7,6,5,2,6,2,7,1,687.9,True
3,5,6,3,5,10,4,5,1,9,6,3,3,6,6,0,2,10,0,0,1,673.5,True
2,4,6,5,10,10,10,5,1,5,1,2,1,5,10,1,1,10,1,3,1,654.4,True
5,5,10,10,10,10,10,5,1,7,2,3,2,6,2,5,1,5,10,7,1,707.5,True
5,5,10,10,7,10,9,3,2,8,3,8,10,6,7,2,2,9,3,7,2,711.9,False
3,3,6,8,5,10,7,5,1,10,2,5,5,8,0,7,2,10,5,7,3,718.5,False
4,1,8,10,8,5,8,2,2,4,8,10,0,9,3,2,1,5,5,10,1,692.5,True
3,3,10,6,2,10,3,0,1,7,1,4,2,7,4,5,2,4,0,5,1,651.8,False
4,2,8,10,8,5,7,2,2,3,8,10,5,9,2,0,2,7,7,10,1,723.1,True
1,5,4,5,6,3,0,1,2,4,1,3,0,9,0,10,1,3,1,3,2,573.8,False
5,5,0,10,10,10,5,5,1,6,2,10,10,6,0,1,1,4,8,10,2,717.4,False
5,2,10,8,8,6,5,3,1,8,4,7,10,8,2,1,1,9,6,10,2,730.8,False
1,5,2,6,2,5,0,0,2,3,3,1,0,9,0,4,1,3,0,3,2,571.7,False
5,1,7,10,10,10,7,4,1,6,3,10,7,7,10,0,2,10,6,10,3,749.9,True
0,5,3,3,4,2,0,3,1,4,4,3,0,10,5,3,1,10,0,10,1,616.5,True
4,4,10,10,10,10,6,5,1,6,6,8,1,7,0,5,2,3,5,7,3,724.0,False
3,0,5,6,3,1,10,5,2,10,4,1,0,10,0,0,2,5,10,10,3,701.1,False
2,3,5,2,5,10,4,1,1,7,8,8,5,6,10,0,2,5,8,10,0,688.1,True
3,1,10,8,4,5,3,4,1,7,3,5,8,7,0,1,2,2,2,3,1,696.2,False
3,3,7,5,8,7,10,1,1,8,7,8,10,8,10,4,2,8,7,6,2,712.3,True
1,5,1,5,7,1,0,0,1,3,0,6,0,5,10,10,2,10,2,1,3,585.5,False
3,2,2,5,3,3,4,4,1,9,3,4,5,7,2,1,2,6,3,6,3,677.3,False
1,1,10,10,4,4,2,0,2,7,3,7,10,7,0,2,2,5,2,8,1,677.9,True
2,1,2,5,3,4,3,1,2,5,1,1,0,8,3,1,1,3,5,5,1,605.5,True
2,4,0,4,8,10,8,4,2,5,2,5,3,7,5,2,1,7,6,5,2,643.5,False
5,3,1,2,3,5,3,5,1,8,0,7,2,8,0,2,1,1,1,7,0,649.2,True
3,1,6,8,10,5,5,3,1,7,3,6,5,8,0,1,2,10,3,7,2,720.4,True
4,4,8,10,10,10,3,5,2,6,1,6,10,7,0,2,2,10,6,7,2,720.2,True
5,3,10,8,6,10,3,5,1,7,3,7,5,7,2,6,2,8,8,3,1,718.7,False
3,3,5,3,6,10,4,2,1,10,5,4,3,10,0,0,2,10,6,8,1,713.6,True
3,3,2,7,8,10,8,1,1,8,2,8,5,8,2,3,2,4,2,7,1,693.6,False
3,5,0,2,7,10,0,0,1,4,2,10,1,7,0,6,2,10,2,10,0,658.1,True
4,4,3,10,3,10,10,5,2,10,10,4,10,7,10,0,2,10,7,7,2,718.1,True
4,1,10,2,4,6,2,5,1,0,5,1,1,9,0,1,1,10,4,5,3,672.0,False
5,2,10,3,5,5,2,2,1,2,3,1,2,8,0,1,1,2,3,10,3,656.5,True
2,4,5,8,2,1,2,5,1,8,0,4,5,7,10,1,2,10,0,3,1,648.4,False
2,2,1,2,0,7,0,1,2,2,1,5,0,8,0,2,2,3,0,2,2,599.5,True
4,1,8,6,2,1,3,1,2,8,2,10,2,8,0,3,2,7,1,8,2,668.5,False
2,2,1,3,0,5,2,2,1,6,1,5,1,7,5,1,2,2,1,4,1,624.8,True
3,4,2,9,3,3,1,4,1,3,1,5,0,7,3,2,2,5,2,3,2,640.1,True
2,3,3,5,3,10,3,1,1,5,3,4,1,6,1,2,2,5,3,4,1,651.6,False
3,3,5,10,8,10,10,5,1,6,3,4,1,7,0,0,2,10,7,4,1,724.9,False
2,4,3,4,3,6,1,0,2,4,1,5,0,6,0,0,2,7,1,2,3,612.7,True
3,1,7,8,5,3,4,2,1,7,5,6,2,6,0,1,2,5,5,6,2,692.8,False
2,2,6,6,5,10,4,3,2,8,5,10,5,7,2,5,2,5,5,7,0,687.0,True
5,3,5,5,2,3,2,0,1,1,1,3,5,6,5,3,2,5,1,3,2,627.6,True
4,3,4,4,5,7,2,3,1,6,2,7,4,8,7,4,1,4,3,8,0,650.9,False
5,3,10,10,10,6,10,5,2,7,4,9,3,8,0,2,2,10,6,10,1,743.1,False
2,2,10,10,10,7,2,5,2,5,3,5,5,7,0,2,2,10,1,4,1,694.5,False
1,5,6,5,5,3,8,5,1,0,1,2,5,5,10,1,2,6,3,3,1,635.7,False
1,5,6,3,10,3,0,5,1,6,0,7,5,6,7,5,2,3,4,10,1,653.9,False
2,3,10,5,10,2,10,5,1,3,4,2,10,7,5,4,2,10,4,5,1,700.7,False
4,4,6,6,10,10,1,5,2,5,1,9,3,7,0,2,1,4,3,7,2,666.4,False
5,3,8,10,10,10,10,3,1,8,4,3,10,8,0,2,2,10,6,10,2,758.9,False
3,2,8,10,3,8,2,5,1,4,3,5,2,6,2,2,1,3,1,10,1,670.5,False
4,3,6,10,6,5,6,2,1,6,2,9,3,5,2,0,2,10,8,8,1,713.6,False
4,3,6,10,10,5,10,5,2,7,3,7,5,6,0,2,2,10,8,4,3,718.5,False
3,5,2,6,5,3,2,2,1,1,2,6,0,8,10,0,2,2,0,4,1,616.7,True
5,3,3,3,5,8,8,1,1,7,2,8,4,8,0,2,2,10,3,5,1,697.0,False
3,4,3,10,9,10,10,4,2,6,3,5,5,7,1,1,1,7,7,4,3,682.6,False
4,2,7,10,8,8,5,5,1,8,10,8,10,6,0,1,2,10,7,10,2,768.0,True
5,3,5,8,8,5,3,5,1,7,3,8,1,8,3,4,2,4,2,7,1,693.6,False
3,3,1,10,10,2,8,5,2,4,2,5,2,5,8,4,2,10,4,5,3,658.4,False
2,3,2,8,8,10,5,3,2,8,8,5,5,6,0,1,2,4,1,5,2,679.0,True
0,1,9,9,5,10,7,5,1,5,8,7,0,8,0,1,2,10,10,10,2,742.7,False
2,2,10,5,10,6,10,1,2,7,6,10,10,7,0,0,2,10,10,10,2,739.7,True
4,2,10,10,10,10,9,5,2,8,4,9,1,8,0,2,2,10,5,10,2,744.8,True
4,2,5,6,7,10,4,3,2,8,5,10,5,7,3,3,2,4,5,5,1,692.1,True
5,5,10,10,10,10,10,5,1,9,1,10,1,7,10,8,2,10,1,8,1,715.9,False
2,2,5,5,10,10,1,5,2,8,5,7,2,7,10,0,1,10,5,3,1,662.6,False
2,2,4,2,3,4,1,4,2,2,1,7,2,7,10,3,2,2,1,9,1,615.0,True
3,3,7,5,5,1,3,5,2,1,2,3,2,9,5,2,2,6,4,3,1,638.4,False
3,2,3,5,2,6,5,4,1,8,2,5,6,7,1,0,2,4,7,5,3,689.4,False
4,2,10,10,10,10,9,5,2,8,4,9,1,8,0,2,2,10,5,10,2,744.8,True
2,4,10,6,6,3,8,5,2,4,1,4,4,9,2,2,2,10,1,10,3,679.4,False
2,4,4,10,5,10,5,5,1,5,2,5,2,6,10,2,2,5,0,7,2,665.4,False
1,1,1,3,10,4,2,0,2,5,2,3,3,5,0,10,2,10,1,10,2,629.1,True
5,3,4,5,2,10,8,1,2,2,3,3,2,6,4,3,1,3,4,0,2,615.7,True
3,4,8,4,4,10,0,1,1,4,4,7,2,5,4,3,2,4,4,4,2,653.7,False
2,4,0,4,0,7,2,0,2,2,3,2,0,6,10,7,2,10,0,4,2,578.1,False
1,5,7,10,10,5,2,3,1,3,3,6,2,7,0,10,2,10,7,7,1,677.7,True
2,2,6,2,5,3,3,5,2,0,3,10,2,7,3,2,2,3,8,5,1,653.0,True
5,2,10,6,8,5,3,5,1,9,5,8,5,8,1,3,2,7,8,6,2,734.4,False
4,4,4,4,10,6,10,5,2,9,3,8,10,8,0,9,2,10,4,4,2,702.1,True
3,2,8,7,4,10,5,3,1,6,4,10,10,7,1,1,2,10,6,7,1,734.6,False
2,3,5,10,10,10,3,5,1,4,2,5,1,6,0,2,2,3,0,1,0,675.6,False
2,3,5,10,10,10,3,5,1,2,2,5,1,6,0,2,2,3,1,2,0,675.6,False
5,3,5,4,5,8,3,2,1,5,6,10,5,7,0,1,2,10,10,10,2,726.1,True
2,4,5,5,5,4,2,5,2,5,5,2,10,8,1,0,1,7,3,10,1,658.4,True
5,5,0,3,0,5,0,0,2,0,0,1,0,9,9,10,2,0,0,0,1,544.5,True
3,4,5,2,4,2,0,0,1,4,4,6,1,8,6,3,2,2,0,5,1,618.4,True
3,3,8,6,8,5,8,5,1,8,5,10,3,8,5,0,2,8,4,8,1,724.6,True
3,2,3,5,4,10,1,0,2,5,0,4,1,9,10,0,2,2,0,0,3,608.0,False
2,5,5,10,5,10,5,5,2,1,1,5,1,6,0,10,1,10,0,5,2,628.0,False
1,1,2,1,2,9,2,0,2,0,0,2,5,5,10,3,1,6,0,7,1,576.2,True
2,1,3,2,0,3,3,2,2,2,1,4,1,6,5,0,2,3,1,4,1,604.0,True
2,2,5,3,10,3,6,5,1,8,2,3,3,6,4,3,2,10,2,9,3,687.1,False
3,2,10,5,6,7,10,5,1,9,1,8,3,6,0,2,2,10,7,2,1,723.8,False
4,3,1,3,3,2,5,2,1,7,3,1,7,8,10,0,2,4,9,10,1,663.3,True
4,4,1,4,5,5,3,0,1,3,3,6,1,7,10,4,2,10,0,7,3,633.5,True
4,3,1,1,2,3,0,0,1,8,1,7,3,7,0,5,2,4,0,7,3,633.7,False
5,4,2,10,5,8,2,5,1,5,3,8,0,6,7,3,2,3,1,3,3,662.6,False
5,0,3,1,2,1,2,0,1,8,0,1,1,8,0,1,2,2,1,10,3,646.3,True
5,0,4,1,2,1,2,0,1,8,0,10,1,8,0,2,2,3,1,10,3,665.1,True
0,5,1,0,0,0,0,0,2,0,0,5,0,9,1,10,1,1,0,0,2,521.5,True
0,5,0,0,0,0,1,0,2,0,0,5,0,9,0,9,1,1,0,0,2,524.9,True
3,3,4,4,1,2,0,1,1,4,1,5,2,10,0,3,1,1,1,1,0,606.7,True
3,3,2,6,4,7,6,2,2,3,7,3,5,6,6,6,2,4,3,7,1,639.5,False
3,5,4,3,4,2,1,2,1,6,1,5,1,7,0,3,1,5,0,5,2,616.3,False
3,1,10,5,10,5,10,5,2,8,4,7,10,8,0,0,2,10,2,10,3,739.3,False
5,2,10,10,10,5,4,1,1,6,5,10,5,7,5,0,2,6,6,7,1,724.4,False
4,1,5,3,2,5,2,5,2,1,0,6,1,7,5,0,2,10,1,7,2,650.5,False
2,1,4,4,3,3,5,1,2,4,1,10,10,6,0,1,2,7,1,10,1,668.1,True
4,4,9,4,5,8,2,5,2,7,4,6,5,7,0,3,2,5,7,4,2,682.8,False
4,2,10,10,10,10,9,5,2,8,4,9,1,8,0,2,2,10,5,10,2,744.8,True
4,3,8,10,10,10,10,5,1,9,3,10,10,7,0,1,2,4,1,10,2,756.7,False
3,2,6,3,5,4,3,2,1,8,1,7,8,6,2,2,2,4,2,7,3,676.0,False
5,4,2,10,10,10,6,5,1,2,3,10,0,6,0,4,2,10,0,6,3,705.5,False
4,2,1,8,5,10,0,0,2,5,0,1,0,6,0,5,2,2,1,5,2,618.7,False
3,4,10,10,4,10,5,5,2,7,8,9,6,6,0,0,2,10,7,6,3,727.4,True
1,4,1,7,5,10,0,3,2,0,0,5,0,5,7,7,2,3,0,3,2,588.7,True
5,2,6,6,4,10,4,2,1,8,5,10,7,8,2,0,2,10,3,4,2,722.9,True
5,1,10,10,5,3,5,4,1,3,5,10,0,8,0,1,2,4,3,8,2,716.1,False
4,2,2,3,0,4,0,0,2,1,1,1,0,7,6,1,1,3,3,3,1,571.3,True
1,1,0,0,0,0,2,0,1,2,8,10,0,9,0,1,1,3,2,10,1,624.5,True
2,2,3,10,10,6,7,5,2,2,2,10,2,6,5,8,2,3,1,7,3,659.6,True
3,5,10,7,10,3,5,5,1,6,0,5,2,8,0,0,2,8,1,3,1,689.6,False
4,3,0,2,7,10,7,5,2,8,6,2,0,9,0,1,2,6,1,5,3,672.2,False
3,2,6,4,3,5,3,1,1,7,3,10,1,8,0,2,2,6,4,8,1,683.8,True
5,1,3,7,3,1,5,1,1,4,0,3,1,8,5,0,2,3,1,10,2,655.2,True
4,2,5,10,6,7,1,2,2,4,6,6,2,7,6,3,2,5,3,6,1,660.7,True
4,2,10,2,10,10,8,5,2,6,6,10,10,7,0,2,2,8,10,9,2,748.2,False
4,4,10,3,5,4,1,5,2,10,1,3,0,6,0,3,2,3,3,4,3,648.0,False
4,3,0,2,7,10,7,5,2,8,6,2,0,9,0,1,2,6,1,5,3,672.2,False
3,2,10,10,10,7,5,3,1,7,3,6,7,6,0,2,2,10,8,10,3,742.1,False
2,5,4,2,5,3,0,0,2,3,0,2,0,7,0,7,2,3,0,3,1,578.3,False
5,2,10,4,4,2,3,3,1,7,1,7,2,7,2,2,2,2,0,3,2,666.0,False
1,5,0,4,10,5,2,5,1,0,2,6,0,7,0,4,1,5,1,3,2,619.9,False
1,2,4,4,7,7,2,2,2,8,2,8,2,7,0,2,2,1,2,5,1,647.5,True
5,1,8,3,6,6,3,5,1,8,4,5,10,7,0,0,2,5,5,10,3,730.2,False
2,5,4,10,3,10,6,4,1,5,2,10,6,7,2,2,1,10,1,9,1,685.3,True
2,4,10,3,3,10,2,5,2,7,2,7,2,8,0,3,2,10,2,3,2,669.6,False
3,1,6,3,10,10,10,5,1,10,10,6,5,8,4,1,1,10,10,9,0,744.2,False
3,4,10,7,6,5,7,5,2,5,7,4,10,8,10,4,2,10,4,10,2,694.5,False
4,0,7,5,10,10,10,5,1,10,10,6,7,7,1,1,1,10,9,10,0,762.7,False
4,3,1,2,1,2,2,1,1,5,1,3,5,5,10,1,2,3,1,2,1,607.0,False
4,0,10,4,10,2,0,5,1,5,7,5,2,8,0,2,2,5,2,10,1,710.0,False
3,2,10,5,10,7,5,1,1,5,4,5,5,7,0,4,2,7,3,7,1,699.6,False
1,5,1,0,10,3,0,5,2,10,0,10,0,6,0,0,2,2,0,2,2,625.6,False
5,5,2,2,6,10,4,4,2,3,3,10,5,8,10,2,1,3,1,2,2,624.3,False
3,2,3,3,7,2,6,4,2,3,3,2,3,7,6,2,1,3,3,3,2,614.0,False
1,4,10,3,4,10,2,5,1,5,4,8,2,8,0,10,2,4,3,4,1,668.1,False
1,3,4,3,5,6,3,5,2,5,8,1,1,5,6,3,1,2,4,4,2,610.0,False
1,4,1,7,5,10,0,3,2,0,0,5,0,5,7,7,2,3,0,3,2,588.7,True
1,2,1,4,5,7,2,0,1,2,1,2,4,8,7,3,2,3,0,3,1,614.2,True
5,2,5,6,10,10,3,5,1,9,5,7,10,7,1,2,2,9,5,10,3,749.3,False
5,1,5,10,10,5,9,5,1,8,8,10,10,8,7,4,2,10,7,10,2,763.7,True
2,1,0,5,2,5,1,0,1,5,1,1,3,7,3,8,1,2,1,9,1,601.9,False
3,4,4,10,6,10,10,5,2,7,2,9,8,7,3,3,2,10,10,1,2,710.6,True
4,0,10,10,8,10,6,5,1,7,6,10,2,7,0,1,2,8,5,10,0,761.8,True
3,5,2,0,7,10,0,5,2,4,4,5,3,6,10,2,1,6,1,7,3,612.7,False
5,2,2,0,3,10,5,5,2,5,3,8,3,8,0,5,2,4,0,7,2,664.7,False
2,5,3,5,2,10,6,2,2,6,2,10,2,6,5,2,2,5,2,4,2,639.2,False
2,5,0,3,10,4,7,5,1,7,1,3,0,7,10,5,2,4,1,2,2,627.8,True
3,4,2,7,10,10,3,2,1,4,5,7,0,8,10,3,1,4,2,2,1,637.3,False
1,3,7,3,2,10,2,0,1,10,0,10,0,8,0,1,2,5,1,0,1,654.9,False
2,5,6,4,10,3,6,1,2,9,7,9,3,3,9,0,2,2,4,2,1,640.1,False
3,1,8,4,10,8,10,5,1,6,3,7,2,5,0,8,1,10,2,10,2,701.3,True
5,1,4,3,5,5,5,3,1,10,2,8,8,8,10,3,2,10,5,6,3,700.4,False
0,3,3,5,5,3,1,5,2,1,1,1,5,7,1,7,1,1,1,5,2,588.3,False
3,4,2,3,10,3,2,5,1,5,5,4,10,8,0,3,2,0,0,5,3,669.0,False
3,4,6,5,2,3,7,1,2,6,3,4,5,8,5,1,2,3,5,3,2,638.4,False
3,2,10,10,10,10,4,1,1,5,0,5,1,6,0,2,2,10,1,2,1,692.6,True
1,3,0,2,8,10,6,2,1,0,0,10,0,6,1,7,1,9,0,4,2,627.3,True
0,3,3,3,7,6,0,3,2,3,3,4,4,5,4,9,1,0,2,3,1,580.0,False
1,4,2,7,2,9,2,0,1,2,0,5,3,5,0,6,1,0,0,2,1,592.1,True
3,2,1,10,10,10,5,3,1,6,8,10,10,8,7,5,2,10,7,4,1,726.3,False
5,4,3,3,0,10,0,0,2,0,0,10,0,6,0,5,1,4,2,7,1,601.8,True
5,3,5,2,6,3,6,1,1,8,6,10,0,8,0,0,2,10,6,10,1,711.0,True
4,2,10,4,5,3,6,5,1,7,6,4,2,8,0,1,2,3,8,10,1,714.9,True
3,3,5,6,9,10,10,5,1,10,6,6,8,7,0,7,2,6,6,8,1,733.8,False
1,4,10,3,7,4,3,1,2,7,2,6,0,7,0,8,2,10,0,10,2,643.7,True
1,4,2,5,3,10,1,3,1,5,1,10,5,7,0,1,2,2,2,7,2,664.9,False
4,4,3,3,6,10,4,1,1,2,1,10,5,6,9,2,1,4,5,3,1,637.5,True
3,2,5,5,8,10,3,2,2,5,1,7,2,6,4,0,2,10,6,7,1,677.7,False
1,3,0,2,8,10,6,2,1,0,0,10,0,6,1,7,1,9,0,4,2,627.3,True
5,2,10,5,4,4,5,0,1,5,6,3,5,6,0,6,2,6,10,10,2,697.3,True
4,2,7,4,10,5,8,5,2,8,2,8,6,6,10,4,2,8,6,10,3,696.6,True
1,3,4,5,3,10,7,1,1,7,1,2,10,8,10,1,2,0,2,3,1,646.5,False
3,1,3,5,5,7,3,1,1,10,6,10,7,7,0,0,2,3,4,6,1,704.0,True
2,3,4,1,0,3,2,0,2,4,3,3,1,7,7,7,1,4,1,1,1,559.8,False
2,1,0,7,7,10,4,2,1,8,6,3,2,8,7,2,2,6,1,5,2,672.2,True
5,4,8,4,3,10,1,1,1,9,5,8,0,6,0,1,2,5,2,6,2,683.0,False
2,2,7,4,6,10,4,5,1,9,3,6,6,8,0,1,2,4,10,10,1,727.2,True
4,2,10,10,10,10,9,5,2,8,4,9,1,8,0,2,2,10,5,10,2,744.8,True
2,0,10,10,4,5,3,5,2,5,3,5,3,7,0,10,2,7,3,7,2,675.8,False
2,2,4,1,10,5,2,2,2,3,2,5,7,8,0,6,1,4,6,5,2,631.8,True
1,5,0,3,8,8,4,4,2,1,3,7,0,4,0,8,2,10,8,1,2,629.7,False
2,2,7,4,6,10,4,5,1,9,3,6,6,8,0,1,2,4,10,10,1,727.2,True
5,4,7,6,6,6,2,4,1,5,4,7,3,9,0,3,1,4,0,7,1,671.5,False
3,3,10,1,2,3,1,0,1,10,1,10,1,8,10,0,2,0,3,10,1,649.8,True
2,5,3,5,5,3,5,5,2,8,3,1,5,6,1,2,1,3,5,3,1,623.8,False
4,3,5,6,10,10,7,5,2,9,6,8,5,7,0,0,2,10,9,3,2,729.1,False
1,5,2,3,5,1,2,2,1,3,0,6,0,7,10,3,1,7,2,1,2,584.2,True
4,1,3,6,9,9,8,3,1,3,2,4,3,7,4,2,1,6,7,7,1,682.4,True
5,3,1,6,10,8,9,5,1,7,8,1,5,7,0,1,2,10,9,8,2,736.2,False
4,2,2,3,1,3,2,0,1,5,0,3,2,8,5,1,2,2,0,2,2,616.1,True
3,1,5,5,10,5,5,3,1,5,3,5,5,8,5,3,2,5,5,10,2,696.4,True
4,2,5,3,10,10,8,5,2,7,3,8,5,9,0,0,2,10,5,8,1,726.1,False
5,2,10,5,5,10,2,2,1,8,2,8,10,8,0,5,2,1,1,7,1,703.8,False
4,2,10,6,4,10,3,2,1,8,2,7,10,8,0,2,2,2,6,7,1,715.5,False
5,2,2,6,8,7,8,3,2,7,3,7,6,6,0,3,2,9,2,7,3,694.7,True
1,0,9,4,4,9,9,0,2,8,3,10,5,8,9,2,1,6,2,9,1,661.7,True
1,1,10,2,10,10,5,2,1,5,3,10,3,6,0,0,2,5,2,7,1,703.8,True
1,4,3,1,2,1,0,0,2,0,0,1,0,10,5,1,2,10,0,10,0,590.6,True
5,3,5,4,10,10,4,5,1,6,5,5,3,7,10,0,1,3,3,10,3,680.9,False
5,0,10,5,2,7,5,3,1,8,3,10,2,8,0,0,2,4,5,10,1,726.3,False
4,3,3,8,5,8,6,3,1,3,4,8,3,8,0,8,2,4,4,7,1,685.1,False
2,4,10,10,10,10,7,5,2,6,4,3,3,7,0,0,1,8,7,7,3,695.8,False
5,5,6,3,3,10,2,5,1,1,1,5,0,10,0,1,2,10,3,10,1,688.3,True
2,4,0,6,5,5,7,5,2,2,3,4,5,4,10,3,1,4,7,6,2,615.5,False
1,1,10,4,0,4,2,2,1,7,1,5,1,8,3,3,2,5,2,5,2,652.2,False
1,3,4,1,3,3,2,4,1,3,2,2,0,10,5,3,1,8,1,8,1,619.7,False
5,3,10,3,10,10,10,5,1,5,2,5,2,7,0,4,2,7,7,3,2,718.3,False
2,2,5,4,10,3,9,5,1,6,5,2,10,6,10,2,2,10,3,7,1,695.4,True
1,4,8,5,4,10,9,1,1,7,1,5,5,7,5,4,2,4,2,8,1,669.0,False
4,2,5,10,10,10,8,5,2,5,2,7,5,8,0,4,2,5,4,4,2,705.3,False
5,3,10,8,10,8,10,5,2,8,5,4,4,8,0,2,2,10,5,10,3,737.0,False
1,0,9,4,4,9,9,0,2,8,3,10,5,8,9,2,1,6,2,9,1,661.7,True
1,0,0,3,3,3,8,0,2,3,2,10,4,9,10,4,1,5,1,0,1,597.3,True
3,3,5,5,3,6,2,0,1,5,0,2,0,7,0,3,2,0,0,1,0,619.1,False
3,3,7,7,8,10,6,3,1,5,2,10,3,7,10,2,1,6,6,8,2,681.9,False
4,2,10,10,6,3,5,5,1,8,5,9,10,7,0,2,2,10,10,10,3,759.9,True
3,2,1,7,6,5,4,1,1,2,2,8,1,8,8,3,2,4,2,6,1,647.7,True
5,3,9,7,3,5,2,5,1,3,4,10,4,6,10,3,2,7,4,5,1,683.4,False
2,3,10,5,0,5,0,0,1,5,0,5,0,6,0,1,2,3,1,4,1,633.1,False
3,2,7,3,2,8,3,2,1,6,3,6,2,6,5,5,2,2,4,1,2,646.9,False
5,2,4,8,10,1,2,5,1,9,3,7,1,9,0,1,2,2,3,10,2,707.2,False
3,2,3,10,5,10,5,3,1,9,1,10,3,8,0,2,1,10,1,6,1,695.7,False
5,4,3,3,10,3,2,1,2,6,3,5,2,7,8,0,2,5,2,7,2,638.4,False
3,3,4,5,2,5,0,2,1,7,2,6,2,8,6,3,1,5,1,4,2,625.2,False
2,1,2,2,3,5,1,0,1,7,0,4,2,6,10,2,2,3,1,10,1,624.4,True
1,5,2,6,3,4,5,2,1,8,2,4,4,7,3,1,2,5,0,0,1,634.8,False
2,4,0,7,3,1,2,2,1,2,1,1,3,7,10,7,2,2,0,3,1,588.3,True
3,5,1,2,1,3,0,1,1,3,1,1,0,5,10,6,2,5,0,1,2,570.9,False
2,4,1,10,9,4,2,0,2,2,1,8,0,5,0,7,1,2,0,0,1,585.9,False
2,1,7,4,8,10,5,1,2,7,6,5,8,9,0,10,2,3,0,10,2,676.2,True
2,5,10,2,2,10,2,5,2,5,1,4,1,6,10,5,2,3,1,10,3,624.4,False
5,5,3,5,7,10,3,1,2,8,2,4,0,5,0,3,2,0,1,1,2,627.6,False
4,4,6,5,6,6,3,5,2,7,0,3,6,8,0,4,1,8,8,10,1,668.8,False
2,1,6,10,2,1,1,0,1,7,8,4,2,7,4,0,2,2,4,10,1,668.8,True
2,4,5,2,1,1,3,1,1,2,2,7,3,7,7,2,2,5,2,5,2,621.8,False
1,3,2,1,3,5,0,5,2,3,0,2,0,5,3,7,2,6,0,2,3,588.1,True
5,4,10,10,2,7,6,3,2,5,4,8,3,7,2,0,2,10,6,3,2,695.1,False
0,5,1,5,9,0,5,3,2,1,0,1,3,8,4,3,1,9,0,2,3,585.1,False
2,2,5,4,5,5,4,5,2,4,2,2,1,8,1,3,2,4,3,7,1,648.2,True
3,2,5,6,4,10,9,0,2,5,9,7,4,8,0,1,2,6,4,8,2,693.4,True
1,3,10,8,5,7,1,1,1,6,2,7,2,7,6,3,2,5,0,10,1,664.3,False
3,3,10,6,5,10,5,1,1,8,5,7,10,8,3,1,2,10,4,6,1,720.6,True
2,1,10,10,8,7,8,5,1,3,2,6,10,6,7,0,2,10,6,10,0,735.3,False
4,3,10,10,8,8,9,3,1,9,9,9,6,9,5,3,2,9,8,10,1,758.6,True
4,1,8,10,10,10,5,5,1,7,4,5,5,8,0,0,2,1,4,7,1,733.8,True
5,4,5,6,3,5,0,2,1,4,3,6,10,6,7,7,2,4,2,5,2,650.3,False
3,2,3,8,4,7,3,5,1,5,0,7,2,7,3,3,2,7,2,6,2,677.9,False
1,1,6,8,2,10,2,5,2,4,2,3,3,7,2,4,2,6,1,10,3,661.8,False
5,2,5,4,5,10,2,3,2,3,6,5,0,8,0,4,2,7,1,10,2,672.6,False
3,3,10,4,3,7,5,1,1,6,6,6,5,7,10,3,2,4,7,7,1,676.0,True
3,1,8,10,7,10,3,5,1,9,1,10,1,7,8,1,2,2,0,3,1,693.8,True
2,1,10,10,3,6,5,3,1,7,2,8,5,7,0,0,2,5,1,5,1,703.6,True
4,2,2,4,10,5,0,3,2,5,5,7,0,10,10,0,2,5,5,10,2,663.2,True
5,4,10,8,10,4,5,5,1,7,0,4,0,6,0,0,2,10,0,2,1,695.8,False
5,2,0,3,4,4,2,3,1,4,4,10,2,6,0,0,2,4,3,4,0,669.8,False
3,5,3,3,0,4,0,1,1,10,1,6,0,9,0,2,2,0,0,10,3,635.6,False
3,4,3,4,5,10,2,0,2,5,2,3,0,8,0,10,2,4,1,0,1,605.9,True
3,1,8,8,8,8,6,2,2,8,4,7,5,5,0,1,2,10,2,3,1,697.9,True
1,3,4,10,4,2,7,5,1,7,3,2,1,9,10,3,2,10,1,10,1,670.5,True
3,3,5,7,3,5,5,1,1,4,1,10,4,6,3,1,1,3,2,10,1,654.5,True
5,2,10,8,10,10,8,2,1,5,3,8,5,7,5,0,2,5,5,8,1,729.1,True
3,3,4,7,3,8,4,1,1,8,2,2,0,7,0,4,2,4,2,7,0,658.2,False
3,0,7,7,6,4,2,3,1,10,5,4,10,9,0,0,2,5,6,10,1,728.7,True
4,4,6,10,4,7,3,1,2,1,2,9,0,7,4,7,1,8,1,6,1,623.9,False
3,4,10,5,6,10,5,3,1,9,2,8,10,7,5,7,2,8,2,5,1,698.5,False
3,4,5,5,9,7,7,3,2,8,10,10,5,8,10,1,2,5,7,9,3,697.4,True
3,3,10,4,5,6,3,2,1,8,3,6,1,5,1,4,1,2,2,7,0,650.1,False
5,3,10,6,10,5,5,5,1,8,1,10,1,8,0,5,2,10,3,10,3,728.0,False
2,2,2,5,4,3,3,4,1,7,2,10,2,7,0,0,2,3,6,10,0,687.0,True
1,3,6,7,2,5,1,2,2,5,2,6,2,7,1,2,2,7,2,1,2,631.8,True
3,3,0,4,5,7,0,1,2,3,6,2,0,6,10,4,1,0,0,3,2,569.6,False
1,2,1,1,1,10,1,1,2,1,1,2,0,6,0,4,1,2,0,7,2,578.1,False
2,5,2,3,0,10,0,0,2,7,3,7,2,6,0,3,1,4,0,4,1,596.1,False
2,3,3,3,3,6,1,1,2,5,2,4,0,8,3,8,1,2,2,7,2,589.1,True
2,3,2,3,3,6,2,1,2,5,2,5,0,8,3,9,1,2,2,9,2,592.7,True
1,3,4,8,5,10,4,5,1,7,2,4,5,7,5,0,2,4,2,10,3,687.5,True
5,5,6,10,10,10,6,1,1,4,1,10,4,6,5,5,2,10,1,5,2,691.9,True
3,1,5,8,6,5,5,3,1,6,6,8,5,8,0,1,2,7,6,6,2,717.4,False
1,2,1,4,8,4,7,2,2,6,6,7,2,7,10,5,2,8,7,10,1,655.8,True
3,3,3,10,6,6,3,2,1,7,2,4,5,7,5,2,2,6,1,5,1,668.8,False
3,0,6,5,5,3,5,3,1,7,4,5,2,7,4,4,2,4,10,10,1,694.5,False
4,5,8,5,5,4,1,1,1,2,4,1,0,8,1,8,1,6,1,2,1,610.6,False
0,0,10,6,4,2,1,1,1,1,1,5,1,9,1,0,2,1,1,10,1,654.1,True
5,5,10,10,10,4,7,5,2,5,6,10,5,8,0,0,2,8,8,10,3,736.5,True
5,5,10,10,10,4,8,5,2,5,6,10,5,8,0,0,2,10,8,10,3,741.6,True
1,4,10,7,9,9,5,5,1,7,2,6,10,9,0,4,2,9,2,10,3,725.7,False
1,3,3,7,6,6,10,0,1,5,4,6,4,8,0,2,2,10,4,7,1,689.8,True
4,3,8,4,7,1,8,5,1,7,2,3,8,7,0,3,2,7,2,2,2,690.7,False
1,2,7,4,7,3,6,1,1,6,0,2,2,7,3,2,1,6,2,7,1,637.8,False
2,3,8,8,7,5,5,4,1,3,2,4,1,8,8,2,2,7,2,6,0,669.0,False
3,3,6,10,3,5,3,5,2,7,3,2,1,6,0,10,1,7,2,8,1,635.9,False
4,1,2,10,5,2,5,1,1,8,2,10,2,6,0,0,2,2,4,7,3,688.5,False
3,2,10,3,10,10,4,2,2,5,5,10,5,6,10,0,2,7,8,10,3,698.7,True
4,3,5,10,10,8,5,5,1,10,1,7,7,8,2,4,2,4,1,10,3,720.6,False
3,2,3,6,4,3,2,4,1,2,3,4,3,6,0,3,2,5,3,4,2,656.7,False
2,3,5,3,8,10,4,4,1,5,5,8,4,7,0,5,1,9,4,4,1,678.1,False
2,3,7,5,10,10,5,5,2,7,5,10,1,7,4,6,1,10,4,7,1,676.8,True
5,5,2,3,4,3,2,0,1,10,10,1,2,6,0,10,1,8,3,6,2,630.6,True
1,5,10,6,10,10,1,5,1,1,1,5,1,8,5,1,1,2,0,2,1,636.9,False
1,5,1,4,5,10,0,5,2,2,2,5,0,6,4,1,2,4,0,0,2,607.6,False
4,2,4,3,8,3,8,1,1,8,3,4,1,7,10,1,2,9,2,7,1,668.8,False
1,3,5,6,10,4,4,0,1,6,3,2,3,8,2,4,1,9,5,7,1,651.6,True
2,5,4,3,9,4,2,3,1,3,0,2,3,8,7,0,2,3,2,10,1,641.4,True
3,2,5,7,1,5,8,5,2,3,4,7,4,8,2,5,1,10,7,10,1,673.0,True
1,0,9,4,4,9,9,0,2,8,3,10,5,8,9,2,1,6,2,9,1,661.7,True
2,4,0,3,4,10,2,3,2,1,1,4,6,6,5,7,2,3,3,4,2,609.1,False
2,1,5,6,6,3,6,2,1,8,4,6,5,8,0,1,2,8,2,10,3,703.4,True
5,4,4,8,5,5,4,2,1,9,2,8,5,7,0,0,2,10,1,10,3,707.0,True
4,3,10,0,10,10,1,5,1,4,1,8,1,7,3,0,2,3,2,7,2,688.3,False
3,3,7,6,5,1,3,5,1,2,1,8,2,7,0,2,2,7,2,7,3,676.4,False
4,2,6,10,7,5,2,1,1,4,2,8,0,7,0,7,1,5,3,8,1,659.4,True
5,2,4,10,5,10,3,5,1,7,0,5,2,7,5,6,2,7,1,5,2,684.3,False
3,1,7,6,4,7,3,2,1,1,7,2,2,8,0,0,2,6,6,2,1,680.5,True
5,5,10,2,10,10,4,4,2,6,2,5,4,7,0,10,2,3,1,2,3,655.4,True
2,1,10,10,10,0,10,3,1,8,8,5,9,8,10,1,2,10,7,8,3,733.8,False
5,5,4,10,10,10,10,5,2,5,4,8,10,7,0,2,2,10,3,7,3,727.4,True
4,2,10,5,10,5,5,5,1,9,5,10,10,8,0,1,2,8,7,7,3,755.2,False
0,4,7,10,6,9,5,4,1,6,2,3,0,7,2,3,1,2,3,10,3,656.7,False
5,3,2,2,8,8,3,5,1,3,1,8,3,7,0,0,2,10,1,5,2,691.7,True
3,0,10,10,2,7,9,1,1,8,2,8,5,8,0,1,2,6,6,7,1,725.9,False
5,2,10,10,10,6,9,5,1,8,8,10,10,7,0,2,2,9,6,10,3,780.5,False
5,2,10,10,10,7,10,5,1,8,10,10,10,7,0,2,2,10,10,10,3,795.8,False
3,1,4,3,7,6,5,5,1,5,4,5,2,9,0,0,2,3,5,8,2,700.0,False
2,1,7,10,4,2,10,2,1,7,2,5,2,8,0,5,2,10,2,7,1,694.7,False
3,5,2,10,0,2,0,3,1,0,0,10,0,6,0,10,1,3,2,5,1,601.8,True
5,1,1,2,10,5,5,0,1,4,1,6,0,7,0,0,1,5,1,10,1,657.3,True
4,2,10,9,10,10,6,4,1,8,2,6,6,7,6,3,2,4,3,10,2,723.6,True
2,0,5,3,8,3,4,5,1,2,3,4,2,10,0,1,1,6,4,9,2,676.2,True
5,3,6,1,10,8,2,5,1,9,4,6,4,6,0,3,2,0,1,3,2,684.3,False
1,2,8,5,7,6,6,5,1,7,3,9,5,8,0,3,2,6,3,4,2,704.0,False
1,3,1,4,1,5,0,0,2,5,0,2,0,8,3,10,2,5,0,0,2,570.0,False
5,1,1,2,10,5,5,0,1,4,1,6,0,7,0,0,1,5,1,10,1,657.3,True
5,5,10,10,0,10,0,0,1,7,1,10,0,7,0,1,2,10,0,7,2,685.3,False
0,5,0,1,0,0,0,1,2,3,0,8,1,7,10,10,2,1,0,1,3,537.0,False
4,1,3,10,5,4,2,4,2,8,0,1,10,8,1,2,2,1,2,4,2,663.3,False
5,4,0,0,0,1,0,0,2,0,3,10,0,5,0,0,1,0,0,10,2,582.9,True
2,4,2,5,5,10,10,5,2,3,1,8,3,7,10,5,2,4,4,2,2,640.7,True
3,1,7,3,10,10,8,2,1,7,4,10,10,8,2,1,2,6,8,8,3,741.6,True
4,3,3,2,7,5,5,3,1,5,9,10,3,6,4,8,1,10,5,8,1,673.2,True
4,2,7,5,10,10,3,5,2,6,1,5,5,8,0,7,2,10,4,3,2,689.6,False
0,0,2,1,9,1,1,0,1,1,2,1,1,7,10,0,1,2,0,0,1,576.4,True
5,5,3,6,6,10,5,0,2,8,6,9,6,7,0,7,2,2,2,7,1,666.4,True
3,4,5,10,4,10,0,2,2,3,3,9,0,8,0,4,2,6,0,2,2,646.2,False
2,3,2,5,1,8,3,2,1,8,5,8,2,8,0,2,1,2,0,5,1,644.3,False
5,0,5,10,10,10,5,5,1,8,10,10,5,8,0,0,2,10,9,10,3,785.8,False
5,3,10,5,10,10,2,5,1,10,2,10,3,8,0,0,2,9,2,10,3,743.3,False
2,2,3,5,6,10,8,2,2,8,5,6,5,6,2,2,2,10,5,6,2,687.7,True
2,2,4,3,5,0,0,2,2,4,4,1,0,10,0,0,2,10,4,10,3,646.7,False
3,3,7,4,2,7,1,5,2,7,1,5,0,7,0,1,2,4,3,5,1,652.0,True
2,4,2,3,10,8,5,2,2,4,1,3,2,5,0,4,1,10,0,2,3,615.5,True
2,4,2,3,10,8,5,2,2,4,1,3,2,5,0,2,1,10,0,2,3,618.9,True
2,3,4,6,6,6,6,5,2,8,6,2,10,7,6,1,2,10,9,9,3,699.0,True
1,4,5,1,2,1,2,5,2,2,0,3,0,7,10,0,1,1,0,10,1,576.8,False
4,3,5,10,10,1,4,3,1,10,2,2,5,8,0,1,2,3,0,10,1,694.1,True
3,1,1,4,5,3,0,3,1,4,6,2,0,8,0,3,1,10,6,10,1,658.4,True
3,1,6,10,3,10,6,5,2,4,5,10,2,5,0,10,2,10,6,10,1,701.9,True
1,5,1,0,0,1,0,1,1,2,0,2,0,6,10,4,2,1,0,10,3,567.9,False
5,2,10,4,4,8,10,3,2,7,6,6,5,6,5,3,2,7,6,10,3,704.7,True
3,3,4,4,5,5,4,2,1,6,4,8,6,5,5,1,2,10,4,4,2,677.7,True
5,2,1,7,5,10,0,5,1,7,2,5,0,8,0,2,2,0,1,6,2,676.0,False
4,4,6,4,5,10,6,2,1,3,3,5,10,6,3,1,1,4,1,3,0,658.6,False
3,0,3,4,4,2,1,5,1,8,2,3,4,9,0,1,2,6,2,10,3,687.7,False
4,1,10,5,10,10,5,5,2,7,7,10,1,6,3,4,2,2,5,10,3,712.3,False
1,3,6,7,1,4,5,3,2,8,5,1,1,2,10,9,2,5,2,2,3,599.2,False
4,1,10,10,10,10,10,5,1,5,4,8,1,7,0,10,1,5,4,10,2,717.2,True
5,3,1,4,0,10,0,0,1,6,0,1,1,6,0,2,1,0,0,5,2,606.8,False
5,2,10,5,8,8,3,2,2,5,6,3,1,7,8,1,2,6,4,2,2,663.5,True
5,2,10,4,8,8,5,2,2,5,4,3,1,7,8,2,2,6,4,4,2,663.5,True
5,3,9,4,6,8,6,2,2,5,4,3,1,7,8,2,2,6,4,4,2,656.7,True
3,2,10,6,10,6,7,5,2,10,4,10,10,7,0,1,2,10,4,10,3,743.1,False
2,5,5,10,10,10,5,5,2,5,0,6,1,8,0,5,1,10,0,2,2,650.7,False
1,2,4,6,6,5,8,2,2,8,7,4,6,6,5,5,2,7,4,7,1,665.2,False
3,0,3,6,8,8,3,5,2,9,3,6,10,8,0,0,1,10,5,5,3,700.0,True
5,0,3,10,2,3,2,0,1,8,4,6,5,8,0,0,2,2,10,10,1,705.1,True
4,4,3,6,4,10,2,4,1,3,2,5,1,9,10,10,1,6,3,10,0,635.4,False
2,1,7,8,3,10,5,3,1,3,5,2,0,6,0,1,2,10,3,10,3,697.1,True
2,2,10,10,10,10,10,5,1,3,5,7,4,7,0,2,2,2,4,6,0,727.2,False
3,4,10,2,10,10,6,2,2,4,4,5,3,7,7,0,2,3,10,3,2,669.0,False
5,3,2,4,2,5,6,2,2,2,4,4,2,7,2,1,1,6,2,7,2,628.0,True
3,2,7,5,9,10,5,5,2,5,2,8,3,6,2,0,2,10,2,7,3,698.3,False
2,1,3,5,4,3,0,5,2,6,1,9,2,7,5,1,2,1,1,2,2,632.4,True
5,2,1,7,5,10,0,5,1,7,2,5,0,8,0,2,2,0,1,6,2,676.0,False
3,1,7,7,6,4,3,5,1,7,1,7,4,8,0,1,2,3,0,10,0,700.2,True
4,4,7,5,10,6,8,5,2,8,8,8,3,8,8,5,2,8,6,8,3,700.4,False
5,5,10,7,5,3,0,2,1,10,2,8,1,8,0,0,2,10,4,10,3,703.8,False
1,5,3,2,7,1,2,0,1,1,2,1,1,6,10,10,1,7,2,2,2,560.9,True
3,1,5,2,2,10,0,1,1,2,0,3,5,8,0,5,2,5,0,5,1,645.0,False
4,2,4,5,6,4,2,5,2,2,3,5,0,8,10,0,1,5,1,10,1,630.1,False
2,3,4,6,5,6,4,3,2,7,1,7,2,7,2,3,2,7,3,2,1,649.0,True
5,2,10,9,10,10,7,5,2,2,8,10,3,7,0,2,2,10,8,10,3,748.2,True
1,5,7,3,3,3,1,3,2,5,1,4,2,8,2,4,2,2,0,5,1,607.8,False
1,3,2,3,10,2,0,2,1,0,1,4,5,6,10,0,1,1,2,8,1,604.0,True
1,0,2,7,5,6,3,0,1,6,10,2,10,6,10,1,2,5,3,10,1,675.0,True
4,1,2,5,10,10,2,1,1,10,3,9,8,6,0,0,2,10,10,10,1,739.3,True
2,5,1,3,2,2,2,2,1,5,3,4,10,8,0,1,1,2,3,4,2,624.8,True
2,1,10,10,10,1,4,5,1,9,10,5,5,8,0,2,2,10,4,6,3,737.2,False
2,4,4,4,9,4,4,5,2,4,1,4,0,8,0,3,2,2,2,5,3,638.4,False
4,3,10,4,7,7,4,2,2,7,5,2,0,7,0,3,2,10,1,10,1,676.9,False
4,1,3,6,10,3,3,5,2,10,1,10,10,8,0,1,2,8,2,6,3,709.3,True
2,3,5,10,10,10,4,3,2,6,3,3,10,8,0,6,2,10,3,2,2,685.8,False
3,3,5,6,8,2,4,1,1,8,2,10,0,8,10,0,2,2,1,2,1,649.8,False
4,1,5,4,1,8,3,1,1,5,2,8,5,8,0,1,2,10,2,7,2,691.9,False
3,2,3,6,10,10,5,5,1,8,5,10,10,6,10,3,2,6,7,10,1,725.9,True
5,3,2,2,10,10,3,2,1,6,2,4,10,7,0,1,2,5,8,10,2,709.6,False
1,5,3,7,8,10,3,1,2,3,2,3,1,9,3,5,1,8,1,7,1,616.3,False
5,3,3,5,6,7,1,2,1,7,1,8,10,6,0,7,1,10,1,8,3,672.8,True
0,2,5,10,0,7,3,0,2,2,1,2,0,2,0,10,2,8,0,4,2,596.0,True
5,0,10,9,10,10,10,5,1,10,5,10,10,7,0,0,2,10,10,10,1,804.3,True
5,2,1,6,5,10,3,2,1,7,1,8,1,7,0,3,2,3,1,5,2,674.7,True
4,0,8,2,3,2,3,1,1,5,2,2,0,9,0,1,1,3,10,10,0,662.0,True
4,1,2,3,3,9,4,5,1,8,0,5,1,8,0,5,2,9,1,8,2,686.2,True
4,2,10,4,10,3,2,4,1,7,1,8,5,7,0,2,2,4,6,5,1,703.6,False
1,5,8,10,4,5,3,1,2,5,1,2,0,6,0,10,2,4,0,10,2,617.2,True
2,2,5,6,10,5,3,5,1,6,3,2,2,6,0,7,2,10,10,7,2,695.4,False
5,1,10,9,10,5,6,4,2,8,4,10,4,8,0,3,2,8,5,10,3,734.8,False
3,1,5,8,5,8,8,4,1,9,6,10,5,7,0,1,2,10,4,9,2,743.1,True
5,5,10,6,6,8,6,5,1,7,2,8,2,7,0,4,2,6,3,6,1,705.3,False
2,2,10,5,10,10,10,5,1,10,7,6,10,6,10,2,2,10,10,10,3,754.0,False
5,4,3,4,2,6,4,3,2,8,3,6,4,7,8,0,2,5,2,5,3,647.1,False
1,2,6,3,5,10,4,5,1,10,0,10,3,6,2,2,2,8,1,3,3,688.5,False
1,3,2,3,2,3,3,1,2,1,2,1,1,7,7,0,2,4,1,4,3,588.3,False
2,2,3,6,3,5,0,5,1,6,1,5,4,7,2,2,2,2,1,5,0,655.4,False
4,2,10,8,10,10,4,5,2,10,6,6,10,8,0,0,2,5,5,10,3,744.2,False
1,3,2,3,10,2,0,2,1,0,1,4,5,6,10,0,1,1,2,8,1,604.0,True
3,2,4,4,4,8,8,5,1,7,7,6,10,7,2,1,2,10,4,10,1,730.4,False
1,3,2,3,10,2,0,2,1,0,1,4,5,6,10,0,1,1,2,8,1,604.0,True
5,3,10,4,7,7,8,3,2,6,2,5,3,6,1,3,2,10,2,3,3,680.7,True
2,1,10,5,0,4,1,0,1,7,4,6,2,7,2,0,2,7,4,7,1,672.6,True
3,2,10,1,10,6,1,5,1,2,0,10,0,7,0,2,1,0,1,10,1,663.2,False
2,3,7,7,4,10,7,5,1,7,9,7,5,5,2,2,2,5,4,10,1,718.3,True
2,3,6,6,10,3,1,5,1,3,1,8,0,8,0,5,2,10,2,5,2,676.6,False
5,0,9,5,7,10,5,1,1,7,7,7,7,8,0,1,2,5,9,10,2,746.1,True
2,3,3,5,3,3,1,1,1,2,1,5,0,6,0,2,1,1,1,2,0,599.1,False
1,2,10,8,4,5,3,1,1,6,0,1,10,8,0,5,1,3,1,7,1,649.7,True
2,5,0,3,2,2,3,2,1,4,7,1,3,9,0,10,1,6,5,2,1,605.7,True
3,5,8,9,4,3,4,5,2,4,3,4,3,6,7,3,2,8,2,10,3,655.0,True
1,4,10,5,2,10,3,0,1,1,1,3,2,6,0,6,2,5,3,2,1,632.7,True
1,3,2,3,10,2,0,2,1,0,1,4,5,6,10,0,1,1,2,8,1,604.0,True
2,4,10,1,6,4,3,3,1,8,4,8,10,6,10,1,1,1,5,5,0,652.4,False
5,3,4,10,10,10,7,5,1,8,3,10,5,6,10,0,2,5,2,7,3,719.1,False
3,3,10,5,10,2,6,1,1,10,10,2,10,8,0,10,2,10,10,10,1,724.7,False
1,3,0,3,6,3,4,2,2,7,1,1,1,6,10,4,2,5,3,2,1,593.2,True
1,4,0,1,6,10,0,0,1,3,2,10,6,4,10,8,1,3,5,7,1,603.1,True
2,3,3,5,5,3,3,3,1,6,1,1,3,9,2,3,2,5,1,9,1,653.3,True
4,2,5,1,2,4,2,5,2,3,1,4,0,7,0,1,2,1,0,1,2,621.2,True
2,3,10,6,5,10,6,5,1,7,1,6,6,8,2,2,2,5,1,5,0,700.0,False
2,3,4,5,0,2,3,0,2,10,2,7,5,6,10,9,2,5,2,2,1,601.2,False
3,4,4,4,1,2,5,2,1,6,2,8,0,8,1,1,2,7,1,7,0,657.9,False
3,0,8,5,1,4,2,1,2,5,3,2,0,10,0,0,2,0,4,8,3,648.6,False
1,4,10,5,2,10,3,0,1,1,1,3,2,6,0,6,2,5,3,2,1,632.7,True
5,1,9,8,10,10,4,5,2,8,7,5,10,8,0,1,2,10,8,10,3,757.6,True
5,1,10,2,3,1,5,0,1,2,2,10,5,8,0,0,2,1,10,10,1,695.7,True
4,4,8,8,10,10,5,3,1,5,1,7,0,7,0,3,2,10,2,10,3,710.2,True
3,2,10,2,5,10,6,5,2,7,6,3,5,7,6,1,2,7,10,2,2,690.7,True
1,5,0,1,10,2,4,5,2,10,1,2,2,5,0,4,2,10,1,10,3,640.8,True
3,4,5,2,6,5,2,3,1,4,2,5,2,7,0,3,2,9,3,10,3,670.7,False
1,4,10,7,6,8,5,3,2,8,5,5,0,6,0,8,1,3,1,3,1,629.7,False
3,3,10,5,10,2,6,1,1,10,10,2,10,8,0,10,2,10,10,10,1,724.7,False
4,2,4,4,4,2,2,0,2,5,4,1,1,9,10,4,2,5,3,3,1,609.1,False
5,0,4,3,2,4,5,1,1,9,0,3,1,7,0,1,2,3,1,10,3,670.3,False
5,2,7,3,5,10,4,5,1,6,2,6,0,7,0,1,1,5,5,8,1,687.9,False
4,2,10,6,10,10,10,5,1,8,2,6,5,6,0,2,2,10,5,8,2,747.2,True
2,2,7,5,5,6,3,1,1,9,2,10,1,7,0,3,1,6,5,4,1,664.9,False
2,3,10,8,8,4,2,2,1,5,1,1,5,7,0,2,1,10,6,3,2,664.8,False
1,4,5,2,0,4,2,0,1,3,1,6,0,8,0,8,2,1,0,2,1,598.0,True
4,2,6,5,5,3,1,2,2,6,1,3,4,7,0,0,2,3,1,7,2,648.2,True
3,3,10,6,10,10,2,2,1,7,1,2,0,7,1,7,2,6,2,6,2,673.5,False
5,1,7,7,4,6,2,5,1,9,8,6,6,6,0,1,2,3,3,3,3,711.5,True
3,4,0,2,1,1,1,1,2,4,1,1,0,9,10,3,2,3,0,10,1,580.2,False
1,4,7,10,3,1,0,0,1,3,0,4,1,9,0,5,1,2,1,10,1,614.8,True
1,2,0,6,10,10,4,0,2,8,1,1,1,7,0,1,2,10,5,3,3,652.9,False
5,2,10,10,4,2,2,2,1,7,3,3,0,6,0,2,2,2,6,10,2,687.1,True
3,2,10,5,3,3,6,1,1,8,3,4,2,7,10,2,1,5,3,3,1,638.2,False
4,3,6,4,4,6,2,1,1,9,3,10,3,7,3,3,1,4,3,6,2,658.1,False
3,1,0,4,3,3,2,0,1,6,2,10,10,9,0,1,2,3,2,10,3,678.9,True
2,2,5,3,10,4,2,0,1,5,3,5,1,8,0,7,1,4,3,7,2,636.9,False
2,2,10,3,5,5,1,1,1,4,1,5,10,7,0,3,2,5,1,10,0,675.8,True
5,4,10,5,7,10,10,0,1,10,8,9,5,7,0,7,2,8,5,10,1,732.7,False
5,3,4,6,10,10,3,3,1,8,7,3,10,6,4,1,2,8,8,10,3,729.6,True
1,0,3,2,4,3,3,0,1,3,2,1,0,10,0,0,1,2,2,10,1,626.3,True
1,3,2,9,10,10,3,5,2,8,2,3,1,8,4,10,2,3,0,0,2,633.1,False
4,2,10,6,2,7,3,2,1,6,5,5,3,7,0,1,2,7,3,10,1,701.3,True
5,3,10,8,4,10,6,5,2,9,1,10,2,8,5,0,2,7,2,7,2,705.9,False
5,2,6,2,2,4,0,0,2,3,1,6,0,7,0,2,2,5,1,1,2,618.2,True
2,3,10,10,3,10,8,1,1,1,2,5,1,6,4,1,1,5,6,3,1,656.9,False
4,4,10,8,2,5,1,0,1,6,5,7,1,6,0,1,1,3,0,10,1,653.9,True
5,2,4,5,6,10,2,5,1,7,7,5,3,7,0,3,1,0,8,9,1,692.8,True
2,4,6,2,4,4,1,1,1,8,2,2,10,8,10,2,2,0,1,6,1,631.2,False
5,2,10,4,10,3,1,5,1,7,1,3,2,8,0,1,2,4,1,3,3,685.8,False
1,3,5,1,2,9,2,0,2,2,1,3,2,8,4,4,2,1,2,10,2,607.6,True
3,4,7,4,6,2,2,0,2,6,2,10,2,6,10,6,2,5,3,3,2,615.4,True
3,5,2,4,10,10,6,5,1,0,6,7,0,8,10,1,1,10,10,10,2,679.8,True
1,2,0,4,10,9,4,3,1,7,3,1,5,6,0,1,2,5,1,10,1,678.2,True
3,5,0,6,0,2,2,0,2,2,0,6,0,5,0,7,1,4,1,6,2,568.5,True
3,1,6,6,2,6,1,0,2,5,0,2,2,8,0,1,2,3,2,2,2,627.8,False
3,2,1,2,5,2,1,1,2,1,4,2,3,10,0,4,2,4,2,0,1,609.5,False
5,3,10,7,2,10,2,5,1,6,4,10,1,7,0,0,2,10,2,5,1,717.6,False
3,1,9,5,8,10,6,5,2,6,4,10,5,8,10,5,2,10,5,7,2,704.2,False
1,5,4,4,2,3,5,1,1,5,2,5,5,5,0,9,1,5,5,10,1,622.7,True
2,1,5,6,5,8,5,5,2,4,3,8,5,7,0,1,2,8,8,6,1,698.5,False
2,1,3,10,10,10,7,5,1,8,5,7,10,7,0,1,2,10,5,7,3,751.0,False
4,2,10,5,10,10,10,5,1,10,7,8,10,4,0,1,2,10,5,7,3,765.9,True
1,5,1,2,3,2,2,3,2,7,4,5,0,5,4,0,2,2,3,10,1,614.2,True
2,3,2,7,10,4,10,1,2,7,6,7,10,7,4,3,1,2,1,3,2,647.3,False
1,2,5,8,3,5,2,0,2,1,3,6,5,5,0,10,2,6,5,2,2,621.2,False
1,3,5,10,4,10,1,5,2,4,1,2,5,5,0,1,2,10,2,7,2,666.3,True
5,2,0,3,0,10,2,0,2,10,7,10,5,8,0,0,2,2,2,0,1,658.3,False
4,1,4,10,7,10,8,4,2,6,7,5,2,6,0,2,1,6,3,6,1,685.8,False
4,4,4,6,6,8,3,0,1,8,4,8,7,5,0,10,2,8,10,10,1,694.7,True
5,0,4,0,1,7,6,5,2,10,8,10,10,8,10,0,2,10,10,4,0,714.4,True
4,3,6,6,3,8,6,5,2,4,3,5,4,5,0,3,2,10,2,6,2,677.1,True
5,1,7,7,10,5,4,5,2,7,5,6,10,8,1,3,2,6,5,7,3,718.7,False
4,3,7,8,8,7,8,2,1,9,8,9,5,9,5,5,2,8,8,7,3,729.7,True
4,1,6,4,9,7,0,5,2,7,1,1,0,8,1,2,2,1,0,4,3,649.7,False
2,4,2,8,4,5,1,3,2,4,2,2,1,7,0,1,2,5,1,10,2,636.1,False
2,3,4,3,8,6,5,3,2,7,3,10,1,7,10,0,2,5,4,10,3,661.5,False
4,3,8,4,5,1,3,0,1,3,2,5,3,6,0,2,2,8,1,10,2,663.7,False
1,3,6,3,2,10,1,0,2,8,2,5,5,6,10,3,2,4,2,3,1,614.4,True
3,4,10,5,10,5,2,5,2,7,6,8,6,7,7,3,1,8,7,8,2,678.1,True
0,2,2,3,4,2,1,3,1,3,1,5,1,8,7,0,2,0,0,5,1,614.8,True
4,5,10,3,4,10,3,3,2,9,2,3,5,7,0,1,2,10,1,2,2,668.6,True
3,3,8,6,4,4,0,2,1,4,0,2,0,8,4,1,2,6,2,10,2,653.3,True
4,4,2,1,4,3,3,3,2,3,1,7,1,6,0,5,1,4,2,6,1,604.6,False
5,3,7,3,1,7,2,0,1,4,2,10,1,5,0,2,1,1,2,7,2,639.0,True
3,0,7,3,3,5,0,1,1,7,2,5,2,8,0,0,1,5,2,10,1,660.7,True
3,3,2,8,4,10,8,5,1,10,2,8,10,8,10,1,2,8,3,10,3,717.4,False
4,3,10,3,10,4,0,0,1,1,2,4,1,6,0,1,2,3,1,3,3,646.5,False
5,1,4,3,3,10,3,3,2,2,1,7,1,7,0,1,2,10,2,5,3,667.7,True
4,2,5,10,5,5,3,1,2,2,0,5,0,6,5,1,2,5,0,0,2,624.6,False
5,1,10,10,7,10,3,5,1,9,3,5,10,8,0,3,2,6,5,8,3,749.1,False
3,1,10,10,3,3,4,5,2,5,1,10,6,7,0,1,2,4,10,10,3,710.8,True
3,2,10,2,5,7,6,5,1,8,3,7,3,7,0,1,2,8,2,3,1,703.4,True
2,5,5,2,8,5,3,5,1,5,1,2,0,6,2,0,2,10,0,0,2,646.1,True
1,3,3,6,2,6,1,5,2,8,10,8,10,7,10,10,2,3,5,4,2,647.5,False
2,5,4,4,4,2,2,1,2,4,3,1,1,7,4,3,1,7,2,3,1,584.9,False
3,4,10,10,10,10,5,5,1,7,0,10,3,7,5,10,2,3,1,3,2,687.0,False
5,3,4,7,10,5,7,3,1,2,2,4,3,7,5,1,2,5,1,7,1,679.0,True
4,3,3,5,8,10,6,5,2,7,2,3,0,7,5,1,2,4,1,5,2,660.1,False
4,1,10,7,10,5,10,5,2,8,8,3,10,7,0,0,2,10,7,10,3,751.9,False
5,2,8,10,8,10,4,5,2,8,7,4,10,7,2,5,2,10,4,10,3,731.7,False
3,3,1,5,2,0,3,0,1,7,5,6,10,7,0,0,1,7,4,10,3,660.7,False
5,0,3,0,5,5,2,5,2,6,5,1,0,8,6,0,2,3,1,10,3,653.1,False
5,3,10,10,10,3,7,5,1,5,2,9,2,7,0,10,2,5,4,7,2,708.9,False
2,3,7,4,2,6,5,1,2,3,7,3,1,8,7,2,1,2,4,6,1,612.7,False
4,1,10,2,5,2,5,1,2,9,3,2,10,6,0,1,2,5,4,10,3,681.8,True
2,2,6,5,4,6,3,1,2,5,1,6,3,8,0,2,2,3,2,10,3,652.4,True
3,1,10,5,2,3,1,5,2,10,2,9,0,8,0,1,1,10,1,10,2,673.4,False
2,1,7,6,4,5,6,2,2,8,2,4,10,6,1,4,2,2,3,6,3,665.2,True
1,2,4,8,6,6,6,1,2,7,3,5,10,7,1,4,2,4,4,4,3,663.9,True
1,3,1,0,1,10,0,2,2,0,1,6,0,7,10,1,2,2,1,5,3,585.9,True
1,2,2,3,1,4,4,0,2,2,0,3,2,4,6,8,1,5,1,2,2,557.5,True
1,2,2,4,0,5,1,0,1,5,1,4,6,5,0,2,1,1,4,3,0,608.9,True
4,1,4,5,3,2,3,2,1,7,5,1,10,7,5,2,2,1,5,10,3,675.0,False
1,5,10,2,3,1,3,3,1,2,4,5,10,9,10,5,1,1,1,10,1,621.8,False
4,1,10,8,10,5,4,5,2,6,2,4,2,8,0,1,2,10,5,8,3,711.5,False
3,2,10,10,10,10,10,5,1,10,10,4,10,8,0,1,2,10,10,10,3,789.7,False
3,3,5,4,7,4,2,2,1,6,3,10,5,6,0,5,2,7,2,7,2,678.3,False
5,4,10,4,10,3,2,5,2,6,2,4,10,8,0,1,2,4,1,5,2,682.6,False
1,4,2,0,9,3,0,1,2,7,3,4,0,8,7,6,1,1,1,2,1,568.7,False
2,2,3,5,6,7,2,0,1,7,2,10,0,7,2,3,2,8,0,2,2,656.4,False
3,4,4,2,10,5,2,0,1,4,5,8,6,5,4,3,2,10,10,3,1,674.3,True
3,2,4,6,10,7,3,5,2,8,2,4,0,7,0,0,2,10,1,4,3,679.0,False
1,2,1,7,0,5,2,0,1,2,1,1,0,4,0,3,2,0,0,6,2,603.0,False
5,5,9,4,10,10,6,5,1,10,10,10,5,7,0,2,2,10,5,10,2,758.4,False
1,2,2,5,3,6,1,5,1,6,2,5,0,6,0,1,2,3,1,2,1,646.7,False
5,3,6,1,5,2,2,5,1,5,2,5,1,7,0,2,2,4,4,10,2,675.8,False
2,1,2,2,2,8,3,5,2,3,5,1,10,8,8,3,2,1,8,3,2,642.9,True
4,2,10,6,6,8,2,5,1,3,3,8,4,6,1,2,2,6,3,5,2,701.7,False
3,3,7,8,7,4,7,3,1,6,6,9,1,8,7,3,2,2,2,8,3,685.3,False
4,2,3,10,7,5,8,5,1,7,4,8,3,7,2,2,2,10,4,6,2,720.6,True
5,2,3,10,6,10,3,5,2,9,5,3,1,8,0,0,2,3,3,7,3,694.3,False
2,1,1,3,6,10,2,5,2,10,3,1,5,8,0,0,1,9,1,7,2,661.6,False
1,5,3,1,2,10,1,0,2,6,2,3,0,6,10,8,1,5,1,7,3,564.7,True
2,4,9,7,2,8,0,0,1,3,2,4,4,6,0,2,2,7,2,4,1,651.6,True
5,1,3,2,7,4,4,1,1,4,3,6,4,7,3,1,2,8,4,8,2,682.8,True
3,4,6,8,3,10,5,5,1,7,7,8,0,7,6,2,2,9,0,1,3,684.9,True
3,5,2,1,10,10,0,3,2,3,4,6,0,6,0,10,2,5,3,10,2,635.0,False
5,1,6,7,10,10,10,5,1,8,8,5,10,8,3,0,2,10,5,10,2,771.2,True
2,0,10,4,2,1,10,4,1,10,1,6,5,8,0,0,2,10,4,10,2,722.1,False
5,4,6,2,5,9,4,1,1,3,6,9,10,6,1,1,2,1,3,6,3,686.6,False
1,1,2,2,2,3,2,0,2,8,3,3,3,6,10,5,2,7,6,7,2,612.3,True
0,1,3,5,6,2,3,4,2,7,5,5,5,5,2,5,2,7,3,5,2,648.2,False
0,2,2,2,2,9,1,2,2,1,1,3,1,9,10,10,2,6,2,10,2,595.9,False
1,3,7,3,2,10,2,0,1,10,0,10,0,8,0,1,2,5,1,0,1,654.9,False
3,3,5,1,6,3,3,5,2,2,1,7,0,6,0,1,2,10,1,10,3,655.6,False
2,0,5,8,7,6,2,4,2,9,4,6,10,5,0,1,2,5,4,10,3,702.8,False
3,3,6,5,3,4,7,1,2,5,6,6,3,8,0,1,2,5,3,6,3,662.6,False
5,2,4,6,5,10,7,4,2,6,7,1,10,6,0,3,2,6,7,5,2,700.3,False
5,3,10,6,10,3,5,2,2,6,2,10,3,7,0,3,2,10,3,5,1,692.1,False
4,1,5,2,2,3,2,2,1,3,3,10,5,9,0,1,1,6,3,10,0,670.4,True
3,2,2,2,10,2,1,1,1,6,3,8,3,5,10,1,1,3,2,1,2,616.5,True
2,1,3,1,1,1,3,0,2,6,2,10,2,7,3,0,2,4,2,2,3,620.7,False
2,4,10,5,6,8,7,1,2,8,4,5,2,7,0,2,2,7,6,6,2,677.5,False
1,4,2,5,10,10,4,5,1,8,1,2,1,7,0,9,2,4,4,10,1,670.1,True
5,4,10,8,1,10,2,5,1,1,3,6,0,10,0,10,1,1,0,10,1,656.2,False
5,4,5,5,10,6,2,5,1,6,1,5,1,8,4,4,2,8,1,7,3,681.1,True
4,4,9,10,10,9,5,4,1,7,4,8,5,7,0,6,2,9,2,10,1,729.1,False
2,2,7,5,10,3,7,2,1,3,3,10,2,7,5,0,1,7,5,9,3,678.5,True
5,0,6,8,10,6,6,5,2,8,5,10,5,6,0,2,2,10,8,7,3,739.5,True
2,4,9,5,8,2,3,3,2,0,0,1,0,10,0,2,1,9,1,9,3,626.3,False
4,4,3,4,6,3,5,1,2,4,3,2,10,6,0,4,2,2,4,2,2,634.2,False
5,5,10,10,10,5,6,5,2,5,4,4,2,7,0,10,1,2,4,10,2,663.7,False
1,3,5,3,0,4,5,2,2,0,1,10,0,7,0,3,1,4,1,1,1,595.2,True
2,2,6,6,3,1,1,5,1,5,5,5,5,7,10,0,1,5,2,10,1,650.3,True
1,4,2,3,10,8,0,5,2,0,0,3,1,8,0,10,1,2,0,1,2,583.8,False
3,2,9,2,3,5,4,2,2,6,2,5,3,7,5,10,2,6,3,5,2,633.3,False
3,3,6,3,5,3,3,5,2,4,1,3,1,5,0,1,2,4,0,9,3,641.0,False
1,4,1,9,1,3,2,0,2,0,2,5,2,9,0,5,2,0,4,7,1,604.8,True
3,5,10,2,10,3,8,5,1,1,1,10,1,5,0,4,2,6,5,3,2,678.1,True
2,3,10,3,10,2,3,5,1,7,5,7,2,7,2,2,2,7,2,5,3,689.8,False
3,5,0,4,10,4,3,5,2,5,1,5,10,4,10,10,1,4,1,3,2,597.0,False
5,4,3,2,7,2,2,2,1,3,2,4,3,8,3,8,1,5,4,6,1,624.8,False
4,1,4,8,3,7,3,5,1,7,1,9,0,6,0,3,2,1,1,6,2,681.5,False
4,2,3,10,6,10,1,1,1,10,1,10,2,7,0,0,2,4,6,10,3,710.8,False
1,5,1,0,3,1,3,0,1,2,4,4,2,8,5,4,1,5,1,3,1,580.6,False
2,4,5,10,10,10,6,5,2,5,3,9,2,6,7,0,2,3,1,10,2,681.5,True
2,2,7,4,10,6,4,5,1,4,5,5,10,6,0,2,2,8,7,10,3,723.2,False
1,2,4,3,3,10,2,5,2,3,1,6,0,8,2,0,2,5,5,10,1,659.2,True
4,3,3,3,3,5,5,1,1,7,5,3,5,7,1,1,2,3,3,6,0,665.2,False
4,5,9,0,10,10,0,5,2,3,3,10,0,5,3,8,2,10,4,10,3,667.9,False
5,2,10,10,10,10,2,3,2,6,2,2,2,7,0,2,2,10,2,8,1,700.7,True
2,4,2,3,7,4,7,1,2,4,1,8,2,6,4,3,2,5,1,6,3,626.9,False
2,3,4,2,4,10,1,1,2,2,1,5,1,6,0,0,2,5,1,4,3,624.6,False
2,1,4,3,4,4,2,5,2,3,2,7,5,5,0,3,2,1,4,5,1,645.2,True
4,5,5,10,10,10,6,5,2,6,1,8,4,8,0,4,2,6,10,7,2,708.9,True
4,1,10,10,10,8,10,5,1,8,1,4,10,8,0,0,2,8,3,10,3,760.8,False
2,3,4,4,1,5,1,0,1,5,3,10,0,6,0,0,2,6,2,4,1,647.7,True
2,3,10,10,7,10,10,5,1,8,3,5,2,8,3,2,2,10,2,10,1,730.4,False
4,1,4,10,10,3,3,3,1,7,10,3,1,9,0,2,2,1,10,10,2,718.3,False
3,1,10,1,8,3,7,0,1,10,1,10,1,8,0,8,1,5,1,10,1,668.5,False
4,1,3,3,3,5,1,2,2,6,2,8,3,8,0,1,2,3,1,7,2,652.8,True
2,2,7,3,2,7,3,2,1,3,3,4,0,3,8,3,2,4,7,7,0,640.8,False
5,1,10,10,10,2,3,5,1,7,1,6,0,7,5,5,2,7,1,10,2,703.2,False
4,5,6,4,10,4,10,5,2,5,3,3,7,7,8,1,2,6,9,2,3,673.7,False
1,3,0,3,0,6,3,1,2,7,3,1,0,5,0,0,2,3,4,4,1,608.3,False
3,3,5,4,2,10,5,5,1,7,6,7,5,6,10,2,2,4,2,6,0,677.7,False
3,2,2,3,1,5,8,0,1,5,1,4,0,9,2,1,2,2,3,10,1,652.2,True
4,2,2,5,3,8,2,5,2,6,6,10,8,6,0,5,1,8,4,10,3,678.3,True
2,3,1,2,2,3,0,1,1,4,0,7,0,7,0,7,1,3,0,5,1,592.9,False
0,3,1,3,10,8,2,2,1,2,2,2,1,4,0,2,1,2,5,4,1,616.8,True
3,2,10,6,5,10,3,2,2,7,3,6,10,6,7,1,2,10,1,7,1,686.0,True
1,2,5,5,6,7,7,3,1,6,7,4,4,7,4,4,1,6,5,7,1,668.8,False
4,1,7,7,8,6,6,1,1,9,4,6,5,7,0,4,2,4,1,7,1,701.5,False
5,3,10,6,7,4,3,0,2,4,2,8,4,6,0,1,2,3,6,1,1,660.9,False
3,5,5,10,10,8,5,5,2,5,6,4,10,6,2,8,2,10,8,7,1,699.2,True
3,5,8,4,10,10,7,5,2,3,1,5,5,4,0,5,2,10,2,10,2,682.0,False
5,2,5,4,10,5,6,5,1,4,2,7,5,7,0,7,2,5,3,10,3,703.4,False
3,3,5,3,5,5,5,5,2,5,1,6,0,6,10,0,1,6,0,2,3,612.9,False
4,5,10,1,2,2,2,1,1,8,2,2,1,7,7,10,2,1,1,10,2,617.4,True
5,3,8,4,1,7,3,0,2,3,2,6,5,7,0,8,2,4,4,3,2,636.9,False
2,2,10,10,5,10,8,5,1,8,8,5,10,7,10,1,2,10,10,7,3,745.5,True
2,2,4,4,5,4,3,2,1,5,3,6,4,6,2,2,1,5,2,2,3,636.7,False
2,4,0,1,2,2,0,0,2,7,1,4,1,9,0,7,2,2,0,0,1,577.4,True
0,2,4,4,6,10,0,3,1,3,6,5,0,7,3,1,2,6,1,4,1,655.4,True
2,2,2,10,7,2,9,0,2,2,7,3,4,5,0,5,2,10,2,2,3,647.8,False
3,3,2,5,3,1,3,5,1,0,5,1,1,8,0,4,2,3,5,1,1,637.8,False
1,4,2,6,5,2,0,1,2,5,1,2,0,6,5,6,2,5,0,1,2,579.8,True
3,1,0,2,2,2,0,0,1,8,0,2,0,9,0,2,2,2,0,7,3,624.6,False
3,3,0,2,2,2,0,0,1,8,0,3,0,9,0,2,2,2,0,7,3,619.7,False
4,4,10,4,10,10,5,5,1,8,6,9,6,7,0,2,2,8,10,5,1,744.6,True
5,1,5,10,10,3,8,4,2,7,1,4,3,8,0,1,2,6,1,10,2,701.3,False
4,1,1,4,2,1,1,0,1,8,2,8,2,8,10,2,1,1,8,10,1,632.4,True
4,1,2,4,5,3,3,2,1,9,6,10,2,7,7,1,2,5,2,10,2,683.6,True
4,3,5,7,5,6,5,1,2,6,3,6,2,7,0,3,2,7,3,5,3,662.4,True
3,1,8,1,6,1,6,2,2,3,1,4,1,7,0,4,2,9,3,10,3,655.2,True
0,5,1,9,0,10,1,0,1,2,2,10,2,5,1,8,2,0,3,8,1,622.0,True
1,2,2,1,5,1,4,0,2,3,3,2,2,5,2,6,2,7,1,8,3,603.4,True
4,4,10,6,4,10,6,1,1,6,5,8,10,8,10,7,2,7,1,7,3,688.5,False
0,3,1,10,2,5,0,2,1,2,1,10,1,6,5,3,1,2,0,10,1,615.4,True
4,1,10,10,10,4,10,3,1,8,2,6,2,7,0,1,2,10,1,5,2,727.0,False
1,3,1,10,4,7,1,4,1,5,0,5,7,7,10,7,1,3,0,7,2,621.4,False
3,4,4,6,0,5,2,4,1,7,4,5,9,7,5,1,2,4,5,6,1,672.4,False
2,3,10,10,10,10,4,2,1,8,1,8,10,7,0,3,2,10,2,8,1,729.1,True
5,3,7,3,7,7,3,3,1,7,3,6,6,6,2,2,2,7,1,3,2,686.0,False
3,2,10,4,10,8,7,2,1,9,4,4,1,8,10,3,1,2,2,3,1,657.1,False
2,2,5,4,1,2,5,0,1,9,3,3,0,9,0,5,2,2,2,8,3,645.2,True
3,3,3,5,2,3,0,4,2,10,3,5,2,8,0,1,2,8,5,7,3,662.4,False
2,2,1,6,2,4,2,1,1,3,2,6,0,7,0,0,2,2,4,3,1,638.6,True
4,2,8,8,8,10,8,3,2,6,5,7,3,8,0,1,2,5,6,6,2,712.1,False
3,2,2,10,10,10,3,5,2,9,4,10,3,7,7,5,1,5,3,9,3,675.1,True
4,3,10,7,4,7,1,2,2,8,1,3,4,8,0,0,1,2,9,7,1,660.3,False
1,1,2,3,2,6,3,2,2,2,1,5,0,6,0,1,1,5,0,3,2,599.1,False
1,4,5,5,2,3,6,1,2,9,6,5,4,7,5,5,2,2,6,10,0,641.8,False
4,3,2,4,7,7,1,5,1,6,1,5,1,8,10,3,1,8,3,4,2,642.0,False
2,4,5,6,10,8,7,2,2,7,2,9,10,6,8,2,2,10,4,2,2,676.4,True
5,3,10,8,10,10,10,5,2,5,3,10,10,7,10,3,2,10,8,10,3,738.0,True
5,4,8,10,10,10,4,5,2,7,3,8,2,7,7,1,2,10,7,7,3,712.1,False
4,3,5,5,5,5,5,3,1,5,5,5,5,5,5,5,2,5,4,5,1,668.6,True
2,2,3,7,9,10,5,3,1,4,2,4,2,6,0,4,2,10,6,7,3,694.1,False
5,1,7,10,4,7,5,3,1,7,5,6,3,8,0,5,2,4,5,6,2,710.2,False
3,1,5,7,8,10,7,5,1,8,8,10,4,7,0,3,2,10,10,7,2,755.0,True
5,5,5,5,8,10,6,5,1,7,4,9,1,6,8,4,2,3,1,10,3,688.3,False
0,0,0,1,3,0,10,0,2,5,1,1,0,8,0,0,1,3,0,10,2,600.4,True
3,3,10,4,4,10,7,5,2,2,3,10,0,6,10,0,2,10,1,3,2,666.4,True
5,4,6,9,6,6,3,4,1,8,2,6,0,8,0,3,2,3,4,6,2,689.8,False
5,3,10,10,10,4,10,5,1,7,7,4,10,7,0,6,2,10,8,6,3,752.1,True
5,1,10,7,5,5,2,3,1,6,2,7,3,9,0,1,2,6,5,4,1,707.2,False
4,3,10,8,10,8,5,5,1,8,1,4,3,8,0,3,2,8,1,10,2,721.7,False
4,3,1,6,10,10,2,0,1,8,4,7,10,9,0,3,1,7,9,7,1,698.7,False
2,1,10,7,6,5,2,3,2,4,4,7,10,8,5,2,2,2,3,10,1,681.5,True
2,1,10,10,7,6,3,5,2,5,1,7,1,7,0,1,1,6,5,4,2,671.1,False
3,3,3,1,5,2,3,0,1,3,3,5,5,8,0,1,2,4,4,5,0,648.8,True
3,4,5,5,7,1,3,5,2,6,0,5,0,6,0,1,2,10,4,7,0,658.6,False
0,2,6,5,3,4,6,2,1,1,4,2,1,6,3,4,1,10,2,9,1,634.2,False
1,3,3,4,10,6,3,1,1,2,2,4,1,7,4,3,2,3,1,5,1,634.8,False
3,2,10,0,3,2,3,5,2,9,0,2,10,9,10,2,2,8,1,10,1,660.3,False
1,3,4,3,10,10,3,4,2,10,3,5,6,6,0,1,2,6,3,5,3,677.3,False
4,4,1,6,5,10,5,5,2,8,2,3,10,6,10,2,2,5,4,5,2,661.6,False
2,5,2,5,0,10,3,0,1,7,1,3,5,7,10,2,2,0,1,1,1,609.1,True
5,3,10,2,10,10,7,5,1,4,2,10,2,6,0,1,2,5,3,10,2,724.2,True
5,4,0,1,1,2,0,3,2,2,0,5,1,8,10,4,1,2,1,2,1,562.1,False
5,4,10,5,10,10,4,5,2,9,2,7,10,8,3,2,2,10,3,10,3,725.7,False
5,0,10,3,4,5,2,5,2,3,3,3,5,8,3,1,2,10,4,4,3,682.4,True
3,4,7,2,10,10,7,2,2,5,4,2,2,6,5,4,1,10,2,8,3,644.4,True
5,1,9,9,9,6,7,4,1,8,2,10,2,7,3,3,2,4,2,7,2,721.0,False
1,3,1,2,2,3,1,1,2,0,1,1,5,8,10,3,2,3,0,7,1,578.3,True
3,3,6,5,8,7,5,1,2,3,5,8,7,6,5,2,2,7,5,8,1,674.5,True
3,4,9,6,4,10,4,5,2,9,5,10,6,7,0,1,2,10,10,7,2,724.4,False
2,5,4,6,6,5,2,2,2,2,1,5,0,6,0,7,2,0,0,2,3,597.4,False
1,3,4,4,2,10,3,2,1,4,1,10,1,6,2,1,2,4,1,2,2,647.7,True
4,5,1,2,10,5,4,3,2,3,4,9,2,5,10,7,1,8,3,7,2,615.0,False
1,5,1,2,3,8,1,2,2,4,0,5,0,7,7,2,2,3,0,4,1,589.1,False
3,0,5,10,10,10,10,5,1,5,3,4,0,8,0,3,2,10,2,10,2,733.6,False
4,5,3,6,7,3,2,5,1,4,1,2,2,5,3,5,2,4,0,3,2,634.0,False
2,4,2,2,2,5,2,2,2,3,2,5,1,8,7,1,1,2,1,2,1,579.1,False
4,4,7,8,3,10,1,5,1,5,0,8,0,7,6,2,2,2,0,5,2,662.8,True
5,4,6,2,2,5,1,1,1,3,0,2,0,6,0,7,2,10,0,10,0,637.6,False
4,1,10,10,10,10,10,5,1,8,10,7,10,5,0,0,2,10,10,10,3,794.8,True
5,1,10,10,10,10,6,5,1,10,2,10,10,6,10,1,2,10,8,5,3,758.2,False
1,3,7,2,4,1,0,2,1,0,1,3,0,7,0,0,1,8,0,7,1,614.2,True
5,2,10,3,10,10,0,0,1,9,4,6,0,9,0,0,2,4,1,10,2,703.6,False
4,3,10,5,7,10,8,2,2,5,2,6,0,6,0,1,2,10,2,10,3,692.8,False
5,0,10,7,10,7,10,5,2,8,5,7,5,7,0,0,2,3,10,10,0,749.3,False
3,3,5,5,4,8,1,0,2,8,2,2,5,6,0,2,2,5,0,4,3,635.9,True
2,1,7,3,10,5,7,5,2,8,6,1,5,7,10,1,2,5,1,10,1,675.0,True
5,4,5,2,3,5,6,3,2,6,4,10,5,8,0,1,2,4,5,10,2,683.8,True
5,3,10,5,10,10,10,5,1,3,2,5,10,8,0,5,1,10,2,10,2,723.6,True
0,3,1,0,5,4,3,0,1,9,3,4,10,10,0,4,1,1,10,0,0,632.0,True
1,3,0,2,4,3,3,0,1,10,10,2,10,8,0,0,1,1,10,10,0,663.5,True
5,1,7,3,10,3,7,5,1,8,5,9,5,7,0,1,2,10,8,8,1,746.3,True
4,3,10,8,10,8,5,5,1,8,1,4,3,8,0,3,2,8,1,10,2,721.7,False
2,2,10,8,6,10,3,1,1,3,2,7,5,8,8,1,2,10,2,7,3,690.0,True
1,1,2,4,1,3,1,1,1,5,3,4,7,7,4,1,2,1,1,7,1,636.5,False
1,2,8,4,8,5,2,3,2,7,1,6,8,7,0,0,2,4,1,10,1,674.3,True
4,4,5,6,4,2,2,2,1,5,0,8,0,7,6,1,2,4,0,7,2,644.1,True
5,1,5,1,3,5,2,0,2,2,0,2,0,7,5,0,1,5,1,10,1,607.2,True
1,3,5,4,2,4,2,0,1,7,0,3,1,7,6,5,2,4,2,4,1,614.2,True
2,5,0,3,3,10,0,0,1,8,2,3,0,5,10,3,1,2,3,3,0,584.9,True
5,3,10,4,4,10,10,5,1,7,4,9,5,9,0,1,1,10,5,10,1,734.8,False
5,4,10,3,10,5,0,4,2,7,4,6,0,6,10,3,2,10,2,10,3,665.6,False
4,4,5,6,4,2,2,2,1,5,0,8,0,7,6,1,2,4,0,7,2,644.1,True
2,3,8,4,6,3,7,3,1,2,2,8,2,7,5,1,2,4,3,5,1,664.5,True
0,3,0,8,2,10,0,0,2,10,3,1,1,8,0,0,2,1,2,1,2,615.7,False
2,1,2,10,4,10,2,5,1,8,3,7,10,9,0,10,1,7,3,10,0,695.3,False
3,4,4,5,5,10,3,5,1,5,3,10,3,6,10,4,2,5,7,5,2,674.9,False
2,2,10,6,10,3,3,5,2,7,1,3,10,5,0,2,2,10,1,10,3,693.7,False
1,4,6,6,6,6,3,0,2,4,2,3,0,6,0,5,1,2,4,3,1,597.0,True
5,2,10,10,10,10,6,2,1,9,3,5,2,8,0,8,2,8,1,6,2,716.8,False
2,2,6,3,5,1,2,2,2,5,1,9,3,9,0,10,2,5,4,8,1,641.3,True
5,4,1,6,10,6,8,4,1,8,3,10,5,5,10,5,1,4,4,8,3,671.3,False
3,3,4,10,7,5,3,3,1,8,5,6,10,7,2,2,2,10,4,7,3,713.4,False
5,5,1,0,10,5,0,5,2,7,0,5,10,7,10,5,2,1,0,7,3,628.2,False
1,1,0,2,10,7,10,0,2,8,4,1,1,8,10,0,1,3,7,10,3,632.7,True
5,2,5,10,5,4,5,0,1,10,2,10,2,8,0,0,2,2,2,7,1,697.4,False
1,3,3,4,4,5,5,5,2,2,1,3,5,7,0,8,1,5,6,1,1,612.5,True
5,5,1,1,3,5,1,3,2,6,1,2,10,7,10,3,1,0,0,10,2,597.0,False
4,5,6,2,10,2,0,5,2,4,1,10,0,7,0,0,1,10,1,10,3,651.3,False
1,4,0,0,0,1,0,5,1,0,0,2,0,9,10,10,2,2,0,5,1,568.5,False
5,2,4,4,5,4,4,5,1,5,4,10,1,7,0,3,1,5,4,10,1,683.6,True
3,1,10,8,2,8,6,1,2,9,2,6,10,6,3,5,1,10,1,7,1,670.7,True
3,3,2,1,5,8,0,2,1,5,1,1,3,5,5,0,1,2,3,2,2,608.3,True
3,2,3,5,10,4,10,4,1,4,4,1,7,8,7,1,2,10,7,9,2,705.8,False
4,2,10,2,10,2,6,2,2,8,3,4,3,6,10,2,2,5,2,7,2,655.0,True
5,2,5,6,5,10,2,0,1,5,3,3,4,7,4,1,1,7,7,3,2,661.8,False
1,4,7,6,7,9,3,5,1,7,4,2,1,6,6,5,1,5,2,3,1,639.3,False
4,1,10,3,3,2,6,4,2,3,4,4,2,10,3,7,2,2,3,10,2,659.2,False
4,0,3,6,10,10,3,4,1,8,9,8,5,9,0,1,2,7,10,10,1,756.7,False
5,2,10,10,10,6,1,5,1,0,0,6,0,6,0,1,2,4,2,10,3,699.6,False
3,1,5,3,0,10,3,1,1,5,4,10,1,7,0,0,2,7,1,4,2,676.8,False
2,3,4,4,8,6,7,0,1,5,4,6,2,7,2,2,2,3,4,2,0,659.0,False
5,3,10,4,10,7,10,5,1,9,4,6,10,7,0,0,2,8,3,10,3,754.2,False
2,1,2,5,10,10,4,5,2,5,9,3,1,8,0,1,2,10,7,7,2,702.8,False
3,3,3,7,6,5,5,2,2,5,5,1,4,7,5,6,1,1,1,3,1,607.0,False
3,2,2,7,8,5,10,3,2,6,7,1,3,8,2,5,1,4,5,3,2,648.0,True
5,3,10,10,10,4,1,5,1,8,3,8,5,7,2,1,1,10,1,10,3,713.8,False
3,2,6,3,4,5,6,0,1,7,2,4,10,8,0,2,2,5,0,5,2,674.1,False
4,5,6,5,9,10,3,2,1,7,6,5,5,8,2,5,2,8,0,4,2,684.5,False
1,1,1,4,0,8,1,0,1,1,2,5,4,8,10,6,2,2,2,2,1,604.6,False
4,3,6,5,6,3,8,2,1,6,1,4,7,8,7,2,2,6,2,8,1,677.5,False
2,1,2,7,2,8,4,0,1,6,2,5,5,7,0,1,1,4,4,10,1,660.5,False
5,2,1,8,10,6,6,5,1,10,6,10,1,6,0,3,2,10,4,10,3,736.1,True
4,5,10,5,5,10,0,5,1,3,0,6,0,10,0,0,2,10,2,9,1,697.0,False
2,3,4,10,6,10,4,0,1,5,5,10,4,7,0,4,2,10,8,2,1,698.9,False
2,3,4,10,7,10,10,0,1,4,8,9,4,7,0,4,2,10,8,2,1,712.3,False
3,4,2,2,4,6,4,5,1,1,4,10,10,7,0,3,2,5,2,5,2,678.5,False
1,5,5,5,1,10,0,0,2,5,5,2,5,10,0,6,1,1,4,3,2,601.0,True
1,1,10,0,1,1,1,2,1,2,2,9,2,5,10,8,1,3,2,10,2,604.8,True
1,3,0,10,5,7,4,5,1,7,4,4,7,7,10,5,2,5,1,10,2,668.8,False
4,1,2,5,8,3,2,3,2,9,2,2,10,7,0,1,2,5,3,3,2,668.4,False
0,0,1,1,2,9,3,1,1,7,2,2,1,6,8,0,2,2,3,3,1,624.0,True
5,1,10,5,5,10,10,5,1,6,4,10,6,8,0,1,2,2,6,10,1,750.1,False
2,3,10,7,6,10,2,0,1,8,4,6,2,8,0,0,1,2,1,5,1,664.3,False
1,3,5,3,2,4,2,2,2,3,2,2,1,7,5,1,1,10,1,5,0,598.7,False
1,2,10,10,10,5,2,5,2,1,2,1,1,8,0,10,2,6,3,10,2,659.9,False
2,2,3,3,4,10,4,1,1,5,2,10,4,9,0,5,2,5,4,6,2,677.2,False
3,3,3,5,8,6,3,4,1,9,4,5,5,8,0,1,2,5,7,9,3,706.6,False
5,5,4,5,5,10,10,2,1,2,4,8,2,6,10,1,2,5,2,3,2,664.3,True
2,4,3,6,2,2,4,0,2,0,1,6,2,6,1,1,1,0,1,10,1,592.5,False
4,1,10,10,10,4,3,5,1,5,1,3,3,7,0,1,2,10,3,10,3,723.0,False
2,5,2,7,6,3,3,4,2,2,1,1,5,8,0,1,2,4,0,1,3,620.8,False
4,1,7,7,0,2,1,1,2,4,2,5,0,7,0,4,1,2,3,5,1,612.9,True
4,3,2,6,10,3,8,3,1,8,6,8,10,8,0,3,1,5,8,8,2,708.9,False
5,5,10,3,10,3,3,2,2,7,3,6,0,5,0,3,2,10,3,10,3,672.2,False
3,1,6,0,2,3,3,4,1,6,0,3,6,6,5,1,1,1,1,3,1,624.2,False
4,2,7,4,10,6,1,1,2,6,0,7,1,10,0,10,2,3,1,10,0,653.0,False
4,2,6,3,2,6,1,1,1,10,1,5,1,7,0,1,2,10,2,10,3,680.9,True
4,1,10,8,10,10,10,0,2,10,5,5,5,8,3,0,2,10,3,10,3,728.7,False
1,2,5,9,10,10,5,5,2,9,6,3,5,6,2,3,2,6,5,5,1,693.9,False
3,3,7,7,4,6,3,4,1,6,6,10,5,7,5,3,2,6,5,7,1,698.9,False
5,1,10,6,10,8,6,4,1,7,3,7,0,8,0,1,2,10,2,8,2,734.2,False
3,4,4,3,3,10,8,1,1,8,0,7,2,7,10,1,2,10,0,1,3,652.4,False
3,3,0,4,5,6,3,5,1,1,1,1,3,6,6,7,1,5,1,5,1,610.2,False
2,3,2,3,2,5,5,2,2,2,4,8,8,7,10,5,2,5,2,3,0,620.3,False
0,3,10,10,10,10,10,2,2,10,6,7,10,6,0,7,2,10,3,10,0,721.9,True
1,4,1,0,0,10,1,0,1,6,1,10,0,6,0,0,1,3,1,10,1,620.5,True
3,3,10,5,2,10,3,3,2,6,5,4,6,6,10,3,1,10,1,10,1,649.9,True
2,3,4,4,10,2,2,3,2,6,5,3,10,7,0,3,2,5,4,4,2,660.1,False
4,3,6,10,5,10,8,5,2,9,8,5,8,5,3,1,2,5,5,8,0,716.2,False
3,3,3,10,3,10,8,3,1,9,6,6,4,7,2,0,2,10,8,10,1,730.4,True
5,1,5,5,4,10,1,0,2,6,3,6,7,9,0,0,2,3,2,10,1,681.5,True
1,1,2,2,3,10,2,5,2,10,3,8,0,7,2,0,2,5,3,10,1,671.3,True
2,2,2,8,7,5,1,2,1,5,2,10,6,7,0,0,2,2,3,10,3,687.0,True
1,2,8,6,10,10,2,0,2,7,6,6,5,8,0,7,1,0,2,5,0,642.2,True
4,3,7,5,2,4,3,3,2,6,4,5,2,7,4,2,1,7,5,7,3,641.8,True
3,0,4,10,5,4,3,0,2,9,1,4,0,7,3,0,2,3,1,3,3,643.3,True
3,5,0,3,2,5,4,3,2,4,1,4,2,7,10,4,1,1,2,4,1,575.3,True
4,3,3,7,6,7,3,5,1,7,5,3,1,6,7,6,2,10,6,10,3,687.1,False
3,1,6,6,4,4,4,1,1,8,4,4,3,7,3,1,2,8,5,6,0,684.1,True
0,4,6,1,10,10,5,5,2,5,4,4,5,6,0,3,2,7,8,5,1,673.7,True
3,3,2,4,5,10,10,1,1,7,6,1,5,7,5,1,2,5,0,1,2,663.1,False
4,5,2,10,8,5,3,5,1,8,0,7,3,7,10,3,1,3,0,1,1,635.4,False
2,2,6,5,4,4,7,5,2,5,1,4,4,7,0,10,2,4,2,1,1,638.2,False
4,2,3,5,4,9,2,5,1,4,2,2,1,8,9,1,1,4,1,10,1,646.5,False
5,4,10,3,3,10,2,2,1,5,0,5,0,7,0,3,2,6,1,4,1,663.9,False
2,5,2,2,2,8,4,1,1,6,1,4,7,7,5,2,2,9,3,4,1,645.0,True
5,3,1,3,1,3,1,1,2,8,1,3,1,6,0,3,1,5,1,1,1,593.6,True
4,5,8,10,9,10,5,3,2,7,6,5,2,7,10,2,1,6,5,4,0,658.8,False
4,1,5,5,10,10,10,3,1,9,4,7,10,7,0,0,1,8,2,8,3,728.9,False
4,3,10,7,5,3,10,5,1,8,6,7,4,7,0,7,2,10,1,4,2,711.9,True
4,5,10,8,7,5,2,5,2,7,2,10,3,7,1,8,1,4,2,10,2,659.8,False
1,0,2,4,10,7,5,3,2,3,4,10,5,7,1,4,1,2,4,8,1,656.4,True
3,1,5,2,2,4,5,4,2,9,3,3,4,8,0,1,2,6,2,7,2,667.1,False
5,3,3,4,8,3,1,0,2,8,0,2,1,7,0,0,2,1,0,10,3,634.4,False
4,0,4,8,10,5,3,5,2,7,3,6,10,8,0,1,2,3,3,7,2,706.8,False
3,3,10,7,7,10,6,5,2,7,6,5,5,7,0,0,2,7,2,5,0,706.4,False
4,1,2,6,9,10,5,4,1,4,4,4,4,8,7,1,2,4,7,7,3,699.6,True
3,3,4,10,10,5,8,5,1,5,6,5,8,8,0,1,2,9,10,4,2,735.5,True
3,3,1,10,8,6,5,3,1,8,2,5,5,7,10,1,2,10,4,5,2,684.3,True
2,1,1,1,3,10,5,1,1,8,2,5,3,7,4,1,2,10,1,3,2,662.2,True
5,2,7,10,10,5,7,5,1,8,2,10,10,7,0,3,2,10,4,5,2,748.2,True
5,1,10,10,10,10,10,5,1,8,4,8,10,7,0,1,2,10,4,8,2,778.4,True
5,3,10,10,8,10,8,5,1,9,5,10,5,7,0,7,2,10,3,5,2,746.5,True
4,5,0,6,4,7,2,0,1,5,0,6,5,9,5,5,1,1,0,5,1,611.8,False
3,4,10,10,10,10,10,4,1,10,5,6,10,7,10,5,2,7,8,10,2,740.6,True
2,3,8,1,1,5,1,1,2,10,0,4,1,5,10,0,2,2,1,2,1,598.7,False
2,5,10,6,5,4,0,5,2,1,0,1,0,8,3,7,2,4,1,8,2,617.4,False
5,0,10,10,5,10,2,5,2,6,10,7,3,7,0,1,2,5,10,7,1,735.7,False
5,2,2,1,3,4,3,0,1,9,2,9,0,9,0,6,2,1,3,7,1,654.9,False
4,1,5,7,7,10,3,1,1,6,2,10,5,7,0,1,2,4,8,10,2,719.3,True
3,3,10,4,2,10,2,0,1,7,1,4,0,8,0,4,2,3,1,10,1,662.2,True
1,2,10,10,10,7,4,3,2,5,4,8,3,7,4,2,2,7,1,10,1,690.0,True
1,3,10,7,6,7,10,1,1,6,1,7,1,8,0,8,2,8,1,10,1,686.6,False
2,2,7,4,10,8,6,3,1,5,0,2,2,5,0,1,2,10,10,5,1,696.9,False
1,4,1,7,10,2,10,1,2,9,2,5,10,8,2,1,2,10,5,8,1,682.8,False
4,4,6,6,5,10,2,4,1,6,5,10,5,8,0,0,2,10,6,10,3,729.7,False
5,3,1,3,3,10,2,2,2,5,2,10,0,7,1,1,1,4,1,5,1,630.9,True
2,4,6,5,7,10,2,0,2,7,2,6,5,6,8,1,2,5,5,2,1,640.1,False
5,2,8,10,10,10,5,4,2,8,8,5,4,6,0,5,2,10,10,4,2,728.3,True
5,3,4,10,10,10,2,3,2,7,1,3,10,7,0,10,2,10,2,10,2,692.4,True
3,5,1,3,2,2,2,2,1,9,1,7,3,7,2,1,2,1,1,6,2,635.4,False
3,1,1,5,0,9,1,0,2,8,3,4,5,9,0,2,1,5,3,9,1,638.6,True
4,2,3,5,10,9,9,5,1,7,2,2,10,7,2,10,2,9,1,7,2,704.1,False
3,3,5,8,6,3,2,5,2,4,2,6,1,6,10,2,2,5,6,8,3,648.6,False
5,2,7,7,8,10,3,2,2,4,3,8,3,8,5,1,2,3,3,7,2,680.0,False
5,5,5,10,8,10,2,5,2,6,3,6,10,5,5,4,2,10,1,5,2,685.8,True
5,3,1,3,4,1,4,0,2,4,2,1,0,7,0,5,2,2,0,4,2,600.2,False
4,3,3,1,4,4,4,0,1,10,1,8,0,5,0,1,2,4,2,2,3,647.1,False
2,3,3,1,2,1,1,1,2,4,0,3,0,7,0,3,1,2,1,10,1,583.6,True
1,3,1,2,8,3,4,1,2,7,1,5,3,7,0,7,1,1,2,2,1,592.5,True
2,3,1,4,1,4,1,0,2,3,0,10,0,6,0,1,2,0,3,6,1,608.6,True
2,5,2,10,6,5,2,1,1,5,0,10,0,5,0,0,2,2,1,0,2,639.0,False
5,0,9,8,10,6,5,5,2,8,5,6,3,8,0,1,2,5,2,7,3,718.7,False
4,2,4,4,10,6,4,5,2,7,5,10,5,5,4,1,2,2,2,1,2,673.0,False
3,1,8,8,5,10,5,1,1,7,4,4,2,7,0,2,2,10,7,4,1,707.9,True
0,2,3,4,3,3,3,1,1,7,1,4,3,8,0,2,2,3,3,1,1,635.0,False
4,4,3,1,2,1,1,0,1,8,2,6,5,6,0,8,1,3,5,2,0,609.5,False
3,3,5,6,8,5,4,5,2,7,3,4,3,8,2,1,2,6,3,10,1,680.9,False
3,5,3,3,2,3,2,3,1,5,1,1,2,6,10,3,2,3,1,10,0,615.3,False
0,5,2,2,0,2,0,0,1,0,0,1,0,10,0,6,1,1,0,2,1,553.2,False
5,5,2,5,4,1,2,0,1,4,2,10,1,6,10,1,2,5,3,5,1,630.7,False
2,3,10,9,10,3,4,0,1,10,2,5,10,4,0,2,2,10,1,10,0,705.8,False
5,4,0,2,10,7,0,5,1,6,2,4,0,9,0,0,2,7,3,2,0,672.6,False
2,3,5,5,10,9,6,1,1,7,2,4,2,6,8,0,2,3,5,2,0,661.8,False
3,2,3,5,5,1,1,4,1,2,0,4,3,10,0,0,2,5,1,10,1,666.0,False
3,3,10,6,4,10,3,1,2,7,3,6,10,7,0,1,2,7,2,9,1,691.3,True
3,2,9,4,4,10,4,0,1,5,1,7,0,8,0,3,2,6,6,4,0,678.1,False
1,5,7,3,5,5,2,2,2,8,1,4,5,7,0,2,2,5,2,2,2,631.4,True
4,3,6,7,10,4,8,5,2,8,3,7,4,6,10,3,2,8,4,10,2,689.6,False
3,2,8,6,7,5,5,3,2,7,3,9,4,8,0,2,1,4,4,3,1,664.9,False
3,3,3,5,4,4,3,1,1,2,1,1,5,7,5,1,2,4,1,1,1,625.7,False
4,4,6,4,3,10,2,4,2,8,8,8,0,8,5,2,2,5,1,6,2,666.4,False
5,5,1,4,10,9,4,3,1,5,1,10,1,7,5,4,2,3,4,3,0,664.9,False
5,1,8,4,5,7,1,3,1,8,4,7,2,8,0,1,2,2,2,1,1,686.6,False
3,2,7,4,2,7,2,2,2,7,2,6,1,8,6,3,1,8,2,4,2,626.9,False
5,3,2,4,3,7,2,2,1,10,2,6,4,8,4,4,2,10,3,5,0,676.2,False
2,0,3,3,3,3,0,2,2,3,1,5,3,6,6,5,2,6,3,8,2,621.2,False
2,4,0,3,2,4,2,0,2,5,4,5,5,5,7,2,1,2,1,2,0,575.1,False
5,2,4,7,3,1,0,1,1,3,0,5,0,7,0,5,2,2,1,6,2,635.0,False
2,3,2,4,10,10,4,2,2,5,4,9,2,7,0,3,2,0,4,7,1,661.3,True
4,2,10,5,5,8,1,5,1,5,2,2,1,7,0,7,2,6,1,10,2,682.0,False
5,4,10,3,7,10,0,5,1,10,1,10,10,4,10,1,2,10,10,4,0,717.0,False
4,1,7,10,10,9,8,5,1,9,8,9,10,5,0,2,2,10,10,10,2,783.3,False
3,1,2,10,10,10,2,5,2,4,4,10,5,4,0,6,2,10,6,8,3,705.1,True
2,4,4,8,7,7,6,4,2,5,3,7,10,6,0,1,2,8,2,2,2,679.4,True
3,1,10,10,5,10,4,4,1,9,9,6,6,8,0,3,2,10,3,7,0,744.2,True
1,3,0,2,0,3,0,0,2,5,10,10,2,4,10,3,2,10,0,10,1,613.3,True
5,5,0,2,4,10,1,5,1,8,1,3,2,4,10,3,2,10,0,1,1,635.7,False
3,2,1,3,2,3,1,1,2,5,3,3,2,7,6,0,2,8,1,10,3,626.1,False
5,4,10,3,7,10,0,5,1,10,1,10,10,4,10,1,2,10,10,4,0,717.0,False
5,2,7,7,9,3,1,2,2,5,2,8,1,8,0,1,1,4,2,5,1,651.1,False
5,2,4,5,3,5,6,0,1,10,8,3,4,9,0,3,1,2,4,10,1,675.8,False
1,2,2,3,1,7,0,5,1,7,0,5,0,5,0,0,2,0,1,10,2,646.5,True
5,3,10,10,10,10,6,5,1,6,3,7,6,7,0,4,2,6,1,10,2,737.4,False
4,4,10,4,6,2,4,1,1,8,2,5,5,9,10,3,2,5,2,7,1,662.6,False
5,5,5,7,10,10,5,4,2,9,2,5,10,8,0,1,2,10,2,7,2,711.7,False
5,5,10,1,10,10,2,3,2,6,1,1,0,8,7,0,2,8,0,2,2,644.6,False
2,3,2,2,5,10,3,1,2,3,1,5,10,6,3,1,1,5,6,1,3,622.9,False
5,1,4,6,10,3,4,3,1,3,1,5,2,8,0,2,1,2,5,10,1,674.3,False
3,4,3,7,4,10,3,4,2,7,3,6,5,5,3,1,2,1,7,10,2,670.5,True
1,3,1,2,1,7,3,1,1,3,2,3,1,6,10,2,1,5,0,5,1,588.5,True
3,2,5,3,2,4,9,4,1,1,3,5,5,7,0,0,2,8,6,5,3,687.7,False
2,4,0,4,1,2,0,0,2,3,0,5,0,6,4,8,1,4,0,4,3,551.5,False
1,1,3,4,1,4,2,1,1,1,2,5,1,7,2,5,1,2,3,8,3,611.2,True
5,2,10,10,8,10,1,5,1,4,1,4,4,7,3,4,2,10,1,5,2,706.2,False
4,3,9,5,7,8,4,5,2,7,2,6,4,7,0,4,2,2,6,9,2,689.6,False
1,4,5,3,3,10,3,3,2,5,2,5,4,4,2,2,2,10,1,3,2,637.8,False
4,3,7,1,0,2,1,2,1,3,0,5,3,7,0,2,2,3,1,10,1,643.5,False
1,2,2,6,2,4,8,0,2,4,2,10,5,7,0,2,2,7,1,7,1,651.3,True
4,3,1,2,2,5,0,1,1,4,1,7,10,8,0,1,2,2,2,4,1,650.9,True
4,3,10,7,10,10,6,4,2,7,6,9,5,7,4,5,2,10,5,10,2,722.5,False
1,3,5,8,3,5,2,5,1,9,5,10,0,6,1,0,2,10,3,10,0,702.1,True
4,4,2,7,4,3,3,1,2,6,2,7,1,7,2,2,2,3,1,2,2,625.2,False
3,4,4,4,10,10,3,5,1,7,1,7,3,6,5,1,1,10,2,10,0,681.1,True
1,2,1,0,0,3,0,2,2,1,0,1,0,6,10,10,2,0,1,1,2,538.8,True
4,2,5,4,5,10,3,2,1,7,2,10,10,8,0,2,2,2,2,7,0,702.5,False
3,4,8,6,3,7,3,2,1,8,5,10,3,7,1,0,2,9,10,6,1,710.8,False
3,1,4,5,10,10,5,4,2,8,3,1,2,8,0,2,1,10,7,8,3,683.7,False
3,2,4,6,3,3,2,2,2,6,6,7,0,6,2,0,1,2,6,6,3,633.5,False
0,0,5,8,10,10,4,4,1,4,5,3,5,7,0,2,1,4,1,10,1,685.6,False
2,3,0,2,4,8,3,4,2,5,5,5,7,6,5,7,2,7,1,5,2,634.8,False
1,5,0,10,5,10,10,3,1,0,6,2,4,8,0,5,2,9,8,6,2,683.9,True
5,2,7,6,5,8,6,3,1,9,8,8,5,6,9,3,2,9,9,5,2,718.7,False
5,2,1,2,1,6,4,0,2,5,2,8,1,7,10,1,1,7,1,5,2,606.7,False
3,5,3,5,7,10,3,5,2,5,2,6,1,6,7,3,2,3,0,1,1,628.2,False
2,5,5,6,6,4,0,3,1,1,2,10,0,6,0,4,1,3,3,10,1,635.8,False
3,2,4,5,8,6,9,4,2,8,5,5,10,8,8,5,2,5,2,6,2,679.4,True
5,1,8,5,3,4,2,5,1,10,3,10,10,4,0,4,2,8,4,10,3,725.5,True
4,4,10,8,8,8,8,5,2,9,4,9,9,7,5,0,2,8,8,7,3,731.0,False
2,2,1,5,5,4,2,2,1,6,3,3,0,7,5,4,2,5,1,5,1,634.6,False
2,4,5,10,10,10,8,5,1,5,7,3,10,8,0,1,2,10,2,8,2,735.1,True
3,2,3,5,4,10,3,4,2,7,6,6,7,7,0,2,2,6,5,7,2,689.6,False
3,3,2,8,8,6,6,3,1,8,6,4,6,9,10,3,1,5,4,8,3,670.9,False
5,3,10,6,5,8,2,5,1,3,0,4,1,7,0,4,2,10,5,5,3,692.6,True
1,4,5,4,3,10,0,4,2,7,2,4,0,9,3,5,2,5,3,5,1,633.5,True
3,2,3,10,3,3,1,3,2,4,0,1,1,6,6,3,2,4,0,4,3,611.9,False
5,2,1,7,5,10,10,5,1,2,0,6,2,8,0,3,2,10,1,8,2,705.1,True
3,3,3,5,3,4,3,0,1,6,7,4,0,6,10,3,2,2,6,2,2,627.8,True
1,2,4,2,1,7,0,0,2,2,2,4,5,5,0,6,2,3,0,7,3,603.8,True
1,1,10,5,10,10,10,5,2,7,5,6,10,7,0,2,2,10,10,6,3,740.6,True
1,2,1,0,0,8,1,0,1,10,1,8,0,7,10,10,1,1,2,5,1,584.6,True
3,1,7,10,0,10,2,5,2,4,6,5,1,7,0,3,2,10,0,3,0,675.8,True
5,3,7,7,8,8,6,5,2,7,2,3,10,7,10,2,2,10,6,4,1,694.1,True
2,3,5,10,10,10,10,4,2,4,3,9,1,5,10,1,1,10,2,5,2,664.3,True
2,5,5,2,5,3,2,4,2,5,4,10,2,7,5,1,2,5,3,4,2,637.7,False
1,3,2,2,8,8,3,5,1,3,2,4,10,8,8,2,2,3,3,10,3,669.0,True
3,5,3,7,3,4,3,2,1,5,6,3,3,8,7,5,2,6,2,7,1,645.0,False
2,3,4,3,2,7,4,0,1,5,1,5,0,7,0,5,2,10,1,6,2,645.2,False
3,1,3,4,10,7,4,5,1,10,4,2,10,5,10,2,2,10,8,10,3,713.9,True
4,3,5,10,5,3,2,0,1,9,1,5,0,5,5,1,2,0,0,7,2,644.8,True
1,4,3,5,8,5,9,4,1,9,1,8,3,6,0,10,2,10,2,10,2,684.7,False
1,2,4,5,3,4,4,1,1,9,3,5,1,7,10,7,2,5,5,3,2,633.3,True
5,1,8,8,10,8,4,5,1,7,10,4,2,8,0,0,2,8,10,10,3,759.1,False
2,4,10,10,3,3,3,5,1,2,3,3,3,5,0,3,2,4,4,2,2,661.4,False
2,3,4,4,4,10,1,2,2,5,1,5,10,7,10,3,2,7,3,10,2,648.6,True
5,0,5,5,4,5,5,5,1,10,6,10,5,7,0,0,2,5,7,10,2,741.4,True
4,2,10,5,5,8,1,0,1,8,4,2,2,6,1,1,2,3,5,7,1,678.4,False
4,3,3,3,5,5,3,3,1,7,1,2,3,7,5,7,1,5,2,3,0,622.5,False
3,5,2,1,5,2,0,1,2,7,2,3,0,6,1,5,1,3,3,9,2,588.5,False
3,4,2,2,0,8,2,3,1,4,3,5,0,7,10,0,2,6,4,5,0,635.0,False
3,2,0,2,5,3,2,1,1,0,2,3,0,6,0,5,1,7,0,5,1,603.8,False
3,5,1,4,10,7,3,5,2,4,0,3,7,7,0,4,1,10,1,10,3,646.5,True
0,5,0,10,0,10,7,5,1,10,1,1,1,6,0,1,2,3,4,7,1,662.9,True
1,3,2,9,5,1,3,1,1,4,0,6,0,7,0,10,1,1,0,2,0,594.4,False
1,4,2,5,2,6,6,1,1,3,2,2,5,7,10,7,1,5,4,3,1,598.7,True
4,2,7,10,7,10,5,0,2,7,6,5,10,7,3,3,2,6,7,1,1,692.8,False
4,3,10,7,4,7,5,2,1,7,1,8,1,7,1,8,2,10,1,10,2,691.7,False
5,2,8,6,3,8,2,5,1,3,2,6,3,8,0,3,2,6,3,7,1,696.6,True
2,3,2,6,4,10,3,1,1,10,6,2,0,8,0,1,2,6,3,10,2,680.5,True
5,5,2,3,7,5,0,3,2,6,1,10,0,6,10,7,2,7,1,7,3,622.2,True
2,5,6,6,4,10,6,0,2,8,4,5,9,6,0,5,2,3,1,7,3,655.2,False
2,3,6,6,4,8,6,1,1,9,3,4,10,7,0,7,2,5,1,7,2,680.7,False
2,4,10,10,8,10,5,2,1,7,6,5,3,5,0,4,2,2,4,3,0,689.0,False
5,1,3,10,4,3,3,1,1,6,3,6,3,8,10,1,2,3,3,10,2,672.8,False
1,4,4,4,3,2,3,5,2,0,2,2,1,8,0,1,1,1,1,10,1,604.0,True
4,1,9,7,10,7,5,5,1,7,3,10,7,7,0,2,2,4,6,10,1,744.8,True
5,2,3,5,6,6,5,5,1,7,3,6,3,7,5,2,1,5,4,10,1,681.1,True
5,2,3,5,5,10,4,2,2,7,1,10,5,7,3,1,1,5,6,6,2,666.6,False
4,3,2,2,3,4,2,0,1,7,2,5,5,8,0,0,2,3,6,10,2,667.5,True
2,4,6,10,7,10,2,3,1,6,4,3,7,7,8,1,2,3,2,10,1,682.2,False
2,4,5,10,6,10,8,0,1,3,4,7,4,9,0,3,1,7,10,6,0,686.8,True
3,5,5,5,4,8,3,2,1,2,0,7,2,8,0,8,2,3,1,3,1,637.3,False
4,3,2,0,2,2,2,1,1,1,6,7,0,8,7,8,2,3,0,0,2,601.6,True
4,3,4,5,8,5,1,2,2,2,0,5,0,9,5,10,2,2,1,10,3,620.1,False
3,3,7,2,5,10,2,5,2,4,1,10,0,7,10,3,2,3,1,4,2,637.7,False
4,3,10,5,4,8,4,3,2,5,1,10,1,7,0,3,2,10,1,10,2,685.3,True
4,3,10,5,9,6,8,5,1,2,0,7,1,8,10,3,2,10,6,3,2,690.0,False
3,3,10,5,2,10,1,0,1,8,5,10,1,8,0,2,2,2,1,7,3,680.4,False
2,3,3,1,4,2,0,4,1,2,0,2,0,8,10,2,2,6,0,10,1,617.6,False
5,3,10,4,10,10,10,5,1,9,4,10,10,7,0,7,2,10,10,9,2,768.6,False
2,5,6,6,4,7,4,5,1,7,7,2,1,8,0,5,1,4,7,9,1,666.9,False
4,2,10,10,10,10,3,5,1,7,3,6,10,8,0,2,2,10,3,10,3,754.4,True
5,4,7,7,6,3,5,5,1,6,1,4,2,7,5,6,2,10,0,2,1,667.1,False
5,0,10,10,4,4,5,2,1,6,3,8,4,8,0,0,2,6,3,7,2,720.8,False
3,2,1,8,8,8,4,3,1,5,3,2,10,7,7,4,2,3,2,3,2,666.7,False
5,1,5,8,8,4,2,5,2,8,1,9,5,8,0,1,2,4,3,10,3,704.0,False
2,2,8,8,5,4,3,5,2,8,6,8,5,7,0,2,2,5,8,10,3,705.3,False
2,5,3,7,10,10,5,3,1,7,6,5,2,8,0,5,2,10,6,2,2,693.0,True
4,5,6,10,7,10,5,2,1,6,5,10,8,7,4,4,1,4,3,5,0,683.6,False
3,4,8,7,9,10,9,5,2,9,7,8,10,7,0,4,1,10,6,7,2,718.9,True
3,1,10,10,10,10,5,5,2,9,4,5,0,8,8,0,1,8,5,5,3,691.3,True
5,5,0,3,10,5,1,0,1,10,4,4,1,8,2,2,2,2,2,7,1,653.7,False
2,3,4,7,3,3,2,2,1,7,2,5,2,8,10,2,1,10,1,8,1,635.2,True
3,2,10,6,3,10,6,1,2,3,9,3,3,7,0,3,2,10,7,2,0,682.2,False
2,1,10,10,10,10,10,5,2,9,6,7,4,7,0,1,2,10,7,8,2,749.3,False
3,5,3,6,7,10,5,5,2,7,2,4,5,6,2,2,2,5,1,3,3,658.4,False
5,5,8,10,10,10,10,5,1,8,10,2,10,10,10,10,2,0,10,10,1,730.2,False
2,3,6,4,10,10,4,1,1,9,3,8,10,7,7,4,1,10,3,7,3,683.2,False
2,5,6,6,10,10,4,5,2,8,2,7,1,6,0,1,1,3,0,3,1,647.1,False
3,3,5,0,3,10,2,1,1,8,0,4,1,7,9,2,2,5,2,1,0,629.7,True
3,2,7,6,7,10,6,4,2,8,1,7,10,8,5,2,2,3,1,2,2,681.5,False
4,3,10,10,6,10,4,5,1,8,3,8,5,8,0,1,2,10,4,4,1,736.1,False
4,2,3,3,0,4,2,0,1,6,0,1,1,6,0,1,2,10,1,2,1,634.0,True
5,4,5,10,4,10,3,1,1,5,2,10,5,7,2,2,2,5,3,7,2,693.8,False
3,2,5,3,3,4,4,5,2,5,3,5,10,5,2,5,2,2,10,5,1,663.5,True
1,3,7,7,5,10,2,1,1,3,4,2,0,7,0,4,1,10,1,3,2,639.5,False
5,4,7,2,2,3,0,2,1,6,2,8,0,8,0,3,2,10,3,6,0,666.4,False
5,4,7,7,8,10,10,3,1,8,3,10,7,8,4,3,2,8,5,3,1,726.3,False
2,3,1,4,6,10,5,3,2,9,7,3,10,7,0,0,2,8,8,4,2,692.4,True
3,3,8,8,8,10,5,1,1,7,2,8,4,6,0,2,2,5,5,7,1,705.1,False
3,3,2,1,0,2,2,1,2,7,4,7,0,6,10,3,2,4,2,10,3,608.0,True
2,4,5,7,2,2,3,2,1,7,0,1,1,9,10,7,1,4,2,8,1,604.0,False
2,2,10,10,10,3,5,1,2,6,2,6,5,9,0,0,2,8,4,7,3,695.1,False
4,4,10,5,10,6,3,5,2,8,1,9,10,8,0,1,2,7,2,10,1,714.2,False
3,3,3,5,10,10,6,2,1,5,3,7,10,7,0,0,2,6,3,10,1,715.3,False
4,4,10,3,2,4,3,0,1,7,4,5,5,7,8,2,2,6,6,4,1,658.8,True
3,3,8,4,4,7,2,3,1,1,2,7,1,7,0,7,2,2,0,5,1,647.3,False
0,3,2,4,6,6,6,1,2,4,3,3,5,5,10,3,1,5,4,2,2,593.4,True
4,4,5,4,10,10,7,5,2,7,7,4,3,7,0,2,2,10,1,9,3,702.8,False
2,4,5,10,7,8,6,5,2,6,1,8,0,6,4,6,1,2,0,1,2,625.2,False
3,1,10,10,1,6,4,3,1,8,6,9,5,7,1,3,2,10,9,8,1,732.7,False
3,5,10,10,10,10,4,5,1,7,1,1,2,6,0,5,1,5,5,3,2,673.1,False
4,3,3,4,4,3,2,5,2,1,0,5,0,6,4,7,2,6,1,7,2,619.5,False
2,1,3,5,10,10,3,5,2,2,2,5,4,7,10,1,1,3,3,10,1,645.2,True
3,4,10,10,10,10,2,5,2,8,2,3,5,8,0,1,2,5,0,1,2,684.1,False
5,2,3,2,10,2,0,5,1,4,2,4,0,7,1,1,2,1,0,10,3,663.7,False
2,2,1,8,4,5,1,0,1,3,0,2,0,6,3,5,2,5,0,3,1,613.8,False
2,2,6,5,3,5,3,1,1,7,6,3,2,9,0,1,2,3,4,5,3,669.0,False
4,3,10,2,5,10,10,5,1,6,3,5,1,5,0,5,2,6,2,10,2,702.6,False
2,1,5,1,3,4,4,2,2,3,2,3,1,8,0,4,1,2,5,10,2,619.5,True
3,4,2,8,9,10,4,2,1,7,4,8,7,9,6,1,2,3,5,5,0,693.8,False
4,4,6,10,10,10,2,4,2,8,4,10,0,8,0,1,2,10,1,5,2,702.5,False
4,3,8,10,10,6,8,4,2,8,3,5,5,6,0,1,2,9,8,6,2,718.1,False
5,2,2,4,10,10,3,1,1,10,2,10,10,8,10,3,2,10,7,10,3,719.5,False
3,4,8,6,10,5,5,5,1,8,1,5,5,7,0,1,2,6,3,2,2,696.2,False
4,1,10,10,7,10,8,5,2,5,4,6,2,6,0,0,2,7,2,10,2,721.7,False
5,2,10,10,7,10,7,5,1,5,1,10,3,9,10,1,2,10,5,10,2,738.4,False
2,4,4,9,6,5,2,0,1,5,1,2,1,7,2,3,2,2,2,4,1,632.7,True
4,2,2,5,10,3,10,5,2,6,6,1,6,5,0,1,1,5,3,10,2,672.9,False
1,4,1,2,4,10,2,1,2,3,2,1,5,5,0,7,2,6,4,1,2,604.9,False
5,2,5,7,5,6,2,2,1,8,3,7,3,8,0,2,2,5,5,8,1,700.2,False
3,5,10,6,0,2,3,0,2,5,1,4,1,8,5,1,2,4,0,3,1,609.5,False
5,4,4,8,10,10,5,1,2,5,3,2,5,6,0,1,2,5,6,3,1,673.3,False
3,3,10,10,8,10,8,2,1,5,6,7,3,7,4,1,2,8,8,2,2,718.7,False
5,1,10,3,8,10,2,5,1,9,1,10,2,8,0,0,2,1,2,7,1,719.5,False
2,1,10,10,4,10,5,4,2,5,3,8,0,8,0,5,2,5,10,7,2,700.4,True
1,2,10,8,8,6,10,2,2,9,4,8,8,8,2,3,2,10,4,8,0,714.0,False
2,2,3,3,4,4,3,3,1,4,1,7,1,7,4,1,1,3,1,5,2,626.9,True
3,2,3,4,2,2,1,4,1,4,3,1,5,7,0,2,1,10,2,3,3,639.3,False
3,5,0,4,6,4,1,0,1,3,1,7,0,3,1,4,1,0,3,1,0,587.0,False
0,3,0,3,0,5,2,1,1,10,2,5,3,5,0,4,1,4,2,3,0,607.4,False
2,4,3,3,3,10,8,1,1,8,6,4,2,6,7,10,1,8,2,2,0,624.4,False
2,5,0,3,8,4,5,2,1,2,3,10,8,6,3,5,1,3,7,3,0,635.8,False
2,4,2,6,10,4,1,5,1,6,3,2,0,8,0,3,2,5,0,10,1,665.2,True
5,2,8,6,7,6,9,1,2,8,4,7,3,9,0,2,2,10,2,6,2,702.1,True
5,5,5,2,6,5,5,1,1,7,4,8,1,8,0,4,1,10,2,10,2,668.1,False
5,3,6,6,10,10,3,1,1,8,4,7,2,6,3,1,2,7,1,4,1,693.0,False
1,1,4,5,4,10,4,3,1,6,3,8,5,7,8,5,1,1,2,7,0,647.5,True
0,3,2,4,3,5,0,0,2,1,0,4,0,7,0,5,1,5,0,6,3,573.6,False
5,4,10,7,2,8,1,2,1,5,1,7,2,6,4,5,2,10,2,5,1,670.9,True
3,5,7,8,4,6,4,3,1,1,3,6,3,6,5,2,2,8,2,8,1,667.3,False
5,2,3,9,5,10,4,0,1,6,3,10,2,7,0,4,2,10,1,10,1,704.0,True
5,2,10,2,6,7,5,5,1,7,5,10,2,7,10,4,2,10,8,10,2,719.3,True
3,3,10,4,10,10,3,5,1,2,3,7,2,8,0,3,2,3,5,10,2,707.0,False
5,2,2,4,5,10,5,3,1,6,4,10,5,7,3,2,2,10,8,7,1,717.6,False
4,3,8,7,10,10,7,2,1,4,3,10,3,6,0,3,1,10,3,3,2,695.3,True
1,2,0,5,5,6,5,0,1,9,4,7,4,7,3,1,2,7,1,10,1,672.8,True
3,3,2,6,2,10,5,0,2,7,4,4,5,6,8,1,2,4,3,6,1,639.7,False
4,1,9,5,5,4,5,2,1,7,5,10,2,7,0,1,2,6,4,9,3,712.5,False
2,1,0,4,5,2,6,1,2,3,2,5,2,10,0,1,2,3,2,10,2,644.1,True
2,2,0,5,5,10,7,3,2,5,3,4,2,10,0,1,2,5,4,10,2,674.5,True
3,4,7,2,7,7,1,2,1,5,0,8,2,9,0,10,2,2,1,2,1,641.1,False
4,1,2,7,7,10,6,1,2,10,3,2,3,9,0,0,2,7,3,6,3,687.5,False
3,3,6,5,8,10,5,5,1,6,5,6,5,8,10,3,2,8,6,4,2,698.3,False
3,3,3,5,4,4,3,3,1,6,3,5,5,8,0,0,2,4,2,6,3,672.6,False
3,4,3,5,10,10,6,4,1,3,4,3,5,7,0,4,2,4,0,2,3,672.0,False
5,1,9,1,6,3,7,3,1,10,5,4,1,7,0,1,2,5,3,10,3,706.2,False
1,3,7,6,4,4,2,5,1,4,5,5,3,8,0,0,2,3,8,3,1,679.4,False
3,3,10,8,7,10,5,4,1,4,5,10,8,4,4,3,2,4,3,7,1,710.2,True
5,2,10,8,10,10,6,5,2,8,5,8,10,7,7,1,2,10,10,4,1,741.0,False
4,3,8,4,6,10,5,3,1,10,6,6,1,8,0,2,2,7,8,8,2,722.1,False
3,3,1,2,1,2,3,3,2,4,2,2,2,4,4,1,2,6,2,10,3,616.8,True
5,3,5,4,10,3,8,5,1,8,3,10,5,7,0,1,1,9,4,7,3,710.8,True
5,5,5,7,10,4,1,1,1,5,3,10,1,7,0,3,2,1,1,6,3,666.6,False
0,5,0,10,2,6,4,0,2,5,2,5,2,6,5,7,1,0,2,3,0,571.9,False
3,3,5,4,5,3,5,0,1,5,1,5,5,7,5,4,2,5,1,7,1,646.9,False
1,3,1,2,2,8,0,0,2,0,5,6,1,6,10,6,2,1,0,10,2,584.0,False
1,3,1,2,2,5,1,0,2,0,5,5,1,6,10,5,2,1,0,10,2,580.4,False
3,3,7,8,6,9,8,2,2,4,8,4,4,8,0,7,2,7,7,7,0,689.4,True
4,3,10,5,6,3,5,2,1,5,4,2,4,7,2,8,2,4,5,10,1,675.2,False
4,4,10,8,10,5,5,2,1,5,4,5,4,8,3,10,2,5,3,3,1,676.0,False
2,4,4,5,6,10,3,3,1,7,1,5,1,8,5,3,2,10,5,7,2,676.0,True
3,3,6,7,6,3,5,3,2,7,4,2,3,7,0,1,2,4,7,7,1,670.1,False
2,2,2,3,1,4,1,0,1,8,2,10,3,8,5,0,2,10,3,4,1,656.6,True
5,3,10,10,7,10,1,1,1,2,1,9,3,7,7,1,2,4,0,2,1,673.2,False
1,4,10,6,3,10,6,0,1,6,5,7,4,7,10,0,2,5,1,5,2,664.3,False
3,4,6,5,2,2,6,2,1,8,1,1,4,7,0,2,2,10,6,2,1,664.8,False
3,4,10,5,10,8,5,5,1,2,1,6,10,5,10,1,2,10,2,6,1,694.3,True
1,4,6,4,4,6,6,3,1,7,1,3,1,7,2,6,2,10,2,4,1,653.3,False
3,4,10,3,10,10,0,2,2,7,2,1,0,7,0,1,1,6,0,5,3,634.2,False
3,3,7,8,10,10,8,2,2,5,3,4,1,6,0,7,2,4,3,10,2,675.4,True
5,3,6,10,10,3,7,5,2,9,7,10,10,9,0,2,2,4,7,9,3,740.1,False
2,2,2,5,1,3,0,1,1,1,3,8,1,8,0,7,1,5,3,1,1,608.6,False
2,3,3,6,3,6,1,1,1,6,1,3,1,7,5,7,1,4,2,2,2,602.3,False
0,5,10,2,3,2,3,0,1,7,0,3,0,4,10,5,1,10,3,10,0,600.0,False
3,5,10,7,10,10,5,5,2,4,4,6,8,7,0,2,2,8,4,10,1,711.7,False
4,2,7,10,5,4,2,3,1,7,4,4,3,7,0,2,2,4,3,4,1,685.8,True
2,1,3,5,5,2,3,2,1,3,2,2,2,6,10,2,2,3,4,4,1,627.4,True
5,2,10,3,5,10,0,3,1,10,1,6,1,8,0,0,2,0,1,10,3,694.9,False
3,2,9,7,8,8,4,5,1,3,2,7,2,6,4,1,2,10,5,5,1,704.9,False
3,2,0,10,6,10,2,2,2,5,3,2,3,7,10,0,1,2,1,5,1,617.4,False
1,0,7,6,2,10,7,0,1,8,5,10,10,7,6,7,2,5,8,6,0,700.6,True
4,2,2,6,3,10,2,1,1,6,5,7,6,7,7,3,2,4,4,5,0,671.1,True
1,2,5,10,2,10,7,0,1,6,4,7,1,9,0,10,1,6,2,8,0,657.9,False
1,2,5,4,3,7,5,1,1,3,7,5,1,7,3,7,2,3,1,4,0,640.1,False
2,2,10,3,4,10,6,0,1,8,4,8,2,7,5,4,2,4,5,5,0,678.1,True
2,3,6,7,5,10,5,0,1,5,4,7,6,8,4,3,2,8,3,4,0,681.5,False
1,3,10,4,4,7,3,2,1,6,1,7,1,7,4,1,2,1,2,2,0,649.0,False
1,2,6,10,4,10,4,0,1,4,3,7,1,8,5,2,1,4,4,3,0,647.5,False
1,1,3,8,2,10,5,0,1,6,4,8,1,8,10,6,1,4,8,10,0,651.1,False
1,2,6,6,2,10,6,0,1,6,4,4,1,8,0,1,2,3,3,1,0,660.5,True
2,0,3,4,2,10,4,1,1,8,1,8,1,8,0,1,2,4,1,7,0,676.6,False
2,2,9,5,3,9,7,2,1,4,2,5,6,8,5,3,2,4,3,6,0,677.7,True
1,3,10,10,3,10,0,2,1,5,2,6,0,7,4,10,2,2,2,10,0,653.9,True
2,2,10,10,10,10,7,5,2,9,3,5,10,7,0,0,2,10,6,10,1,745.5,False
4,3,10,10,10,4,7,5,2,8,1,8,10,7,0,1,2,10,2,10,3,730.8,True
1,2,0,5,10,1,1,5,2,1,0,1,0,3,10,0,2,6,0,10,3,606.2,False
1,3,0,3,10,1,0,5,2,1,1,1,0,3,10,0,2,6,1,10,3,601.1,False
2,4,6,3,0,4,3,3,1,3,1,6,10,6,10,7,2,4,2,7,0,631.6,False
3,2,2,10,5,4,10,3,2,3,4,1,2,7,0,2,2,10,6,8,3,678.4,True
2,5,7,7,10,7,4,5,2,9,2,3,2,7,0,2,2,5,3,10,1,678.8,False
2,5,5,5,7,7,1,5,2,5,0,3,0,6,5,10,2,5,1,2,2,607.2,False
1,0,7,4,10,10,2,3,1,10,2,6,10,6,0,1,2,10,5,10,2,731.9,True
2,5,3,3,4,10,3,0,2,3,3,10,0,8,10,3,1,5,5,2,3,598.8,True
5,3,3,6,8,3,1,3,1,10,3,5,3,7,0,0,1,8,1,4,3,669.0,False
1,4,1,5,1,6,3,0,2,5,2,5,0,7,0,0,1,7,10,5,2,616.3,False
3,5,3,10,5,10,7,2,2,1,6,10,0,8,10,2,1,5,5,2,3,632.8,True
2,2,5,4,3,3,5,3,2,3,3,7,4,8,8,3,1,3,8,5,1,625.4,True
3,3,9,8,9,10,5,2,1,8,7,10,7,8,0,3,2,7,3,1,0,722.9,False
1,2,3,2,7,10,2,0,1,5,2,5,5,6,7,1,2,2,3,5,0,643.3,True
5,4,10,2,8,8,8,2,1,7,7,4,4,8,4,3,1,7,7,7,0,692.8,False
2,1,4,5,3,10,7,2,1,7,9,7,0,8,0,4,2,7,1,9,0,698.5,True
2,1,3,3,10,10,6,1,1,7,6,5,0,8,4,5,2,5,1,9,0,679.4,True
1,3,1,3,3,10,3,2,1,7,2,9,6,7,3,1,1,5,3,8,0,654.5,True
3,3,7,10,6,10,8,2,1,8,8,9,5,9,8,6,2,7,7,8,0,721.2,True
2,3,4,4,7,10,5,0,1,9,4,5,6,8,2,2,1,6,6,7,0,674.3,False
2,3,4,4,5,10,5,0,1,7,3,4,4,8,2,3,1,6,2,5,0,648.6,False
2,4,6,2,4,8,2,2,1,8,2,6,3,8,2,7,2,3,2,5,0,649.0,False
4,4,7,7,6,10,9,0,1,6,6,7,5,8,4,2,2,7,6,7,0,708.7,False
3,3,3,7,5,8,4,0,2,4,6,6,4,9,3,2,2,3,5,5,0,656.0,False
3,2,10,3,7,10,5,1,1,7,5,8,3,9,0,5,2,5,2,7,0,700.6,True
1,4,4,7,1,7,6,0,1,6,4,4,5,8,2,6,2,5,3,5,0,650.3,True
2,3,3,4,3,10,5,0,1,3,5,8,1,7,0,10,2,10,2,3,0,652.6,True
4,4,6,8,5,10,9,0,1,6,6,6,6,8,4,2,2,7,6,5,0,703.4,False
3,5,5,6,5,10,8,2,1,5,3,7,4,8,4,7,2,7,5,2,0,673.0,False
2,3,3,1,5,7,2,1,1,4,2,9,3,7,10,1,2,6,2,2,0,635.8,False
5,4,10,4,5,8,6,3,1,9,4,8,4,6,0,5,1,5,7,8,0,694.9,False
1,4,4,5,4,10,2,1,1,6,2,4,3,8,0,1,2,3,1,0,0,643.5,True
2,2,10,10,5,10,10,3,1,8,6,9,10,7,5,1,2,10,3,7,0,742.9,True
4,1,4,7,5,10,4,5,1,7,10,10,5,10,0,0,2,10,5,10,0,757.3,True
2,1,10,10,10,10,6,5,1,3,4,5,0,8,0,4,2,10,2,3,0,715.1,False
4,3,6,7,0,10,2,0,1,1,2,6,1,8,3,1,2,5,1,8,0,657.5,False
2,0,2,7,3,10,1,0,1,8,2,3,4,8,10,2,2,3,2,10,0,656.9,True
1,2,10,10,1,10,5,0,1,8,7,2,8,8,3,1,2,4,4,5,0,692.4,True
5,3,10,10,6,10,3,0,1,8,4,6,2,8,0,0,2,10,3,5,0,715.3,False
5,1,9,8,8,10,6,3,1,7,7,10,1,7,5,3,1,3,5,8,0,709.1,False
3,2,4,9,7,6,6,2,2,5,5,5,5,8,6,7,2,4,2,7,0,659.0,False
3,2,10,6,7,10,3,2,1,7,2,4,0,7,0,5,2,4,3,4,0,679.0,False
3,2,2,4,5,8,6,1,2,5,2,8,7,8,0,1,2,10,7,7,2,686.8,True
5,3,1,3,10,1,3,5,1,8,1,1,4,6,0,5,2,3,0,5,3,656.1,False
5,0,10,5,5,10,10,5,1,10,7,10,10,7,0,0,2,10,5,10,2,783.9,True
5,3,10,2,3,3,3,1,1,3,2,10,1,5,0,0,1,2,5,10,1,657.7,False
2,5,10,5,5,10,4,5,1,5,5,1,3,7,5,0,2,4,10,5,1,686.9,False
3,5,7,8,6,10,5,3,1,9,7,8,3,6,10,1,1,9,1,6,2,676.2,False
3,5,10,4,3,10,10,1,1,7,5,6,4,7,0,0,2,10,10,5,0,715.1,True
3,4,6,3,10,4,4,3,1,2,3,1,0,10,0,4,1,3,3,10,1,646.7,True
5,4,10,7,4,5,2,0,1,8,5,5,4,8,0,3,1,4,5,10,1,676.0,False
2,1,10,7,3,10,6,3,1,5,3,8,5,8,5,5,2,5,3,10,0,702.1,True
1,3,10,10,4,10,4,0,1,3,5,4,2,7,10,4,2,3,1,7,0,651.8,False
1,1,8,10,10,8,10,2,1,8,1,10,3,10,0,3,2,6,4,10,0,733.5,False
3,2,6,3,7,10,3,1,1,8,7,5,3,7,0,4,2,6,1,5,0,684.3,False
4,3,5,8,8,7,8,2,1,5,7,10,5,7,5,5,2,6,5,2,0,698.9,False
2,1,8,10,3,10,3,1,1,8,1,5,1,6,3,0,2,4,1,3,0,672.2,True
2,0,7,6,2,10,4,0,1,8,5,7,1,8,7,1,2,1,6,1,0,669.6,True
0,4,5,1,3,5,5,2,1,10,2,5,1,8,5,10,2,4,4,3,0,626.7,True
1,0,4,9,8,6,4,0,1,4,5,3,5,7,0,10,2,3,7,7,0,672.0,True
3,1,8,10,8,10,7,2,1,7,4,9,3,8,2,3,2,6,5,8,0,727.8,True
2,1,5,3,1,8,1,2,1,6,0,10,4,7,0,1,2,2,1,2,0,658.1,True
3,0,5,6,10,10,3,1,1,4,5,4,5,7,0,3,2,2,2,7,0,690.9,False
5,0,10,10,4,10,6,0,1,7,3,10,10,9,0,2,2,10,3,10,0,752.0,True
4,3,4,3,10,10,8,2,1,8,6,4,5,9,0,7,2,4,3,8,0,701.5,False
3,1,10,6,2,10,10,1,2,3,2,9,0,7,0,3,1,4,2,5,0,654.5,False
2,3,10,10,8,10,2,1,1,7,2,10,0,8,0,4,1,4,3,7,0,678.7,False
2,1,10,10,10,10,10,2,1,2,6,8,3,7,2,10,1,3,5,0,0,679.8,True
3,1,10,6,8,10,2,0,1,5,2,4,0,7,0,3,2,1,1,5,0,668.8,False
3,1,3,7,8,10,5,1,1,5,3,6,3,7,3,2,1,4,4,5,0,667.5,False
0,1,10,9,4,5,3,3,1,6,5,5,3,7,1,1,2,10,3,7,2,697.9,True
2,1,2,8,10,5,2,5,2,5,1,2,3,8,0,0,2,4,2,10,3,672.0,False
3,3,2,3,10,10,2,5,2,1,1,1,2,5,0,1,2,6,1,3,3,640.6,False
3,4,1,4,1,3,0,0,1,1,1,5,0,7,2,2,2,3,1,2,3,602.7,False
1,1,3,4,10,10,4,1,2,8,4,6,8,5,10,3,2,7,2,10,1,665.4,False
5,3,8,10,9,10,5,5,1,8,6,8,5,8,0,5,2,7,7,9,3,749.7,False
2,3,2,4,4,4,4,0,2,5,5,7,3,6,7,2,2,5,1,3,1,618.2,True
0,4,2,1,3,3,6,0,2,10,0,2,1,10,0,9,2,6,4,10,0,616.3,False
0,3,4,3,5,4,6,5,2,4,7,1,10,10,0,6,2,10,10,1,1,670.5,False
3,2,5,10,7,7,8,5,1,3,5,10,8,7,1,0,2,8,6,10,3,743.1,True
5,2,8,6,8,5,6,5,1,8,2,10,10,9,0,1,2,5,3,8,3,740.1,False
3,0,5,7,10,10,2,5,2,6,1,10,10,7,0,1,2,10,7,7,3,729.5,False
5,2,4,4,6,6,6,3,2,3,6,8,1,6,3,2,2,6,2,6,3,667.7,True
2,3,1,4,10,5,2,1,2,9,3,6,10,6,5,5,2,4,4,5,2,646.9,False
2,5,10,2,5,10,2,1,2,7,3,1,3,7,10,1,1,6,1,1,1,601.9,False
1,4,10,5,5,2,3,3,1,6,1,5,5,6,0,1,1,10,2,10,1,663.7,False
5,5,1,3,10,10,3,5,2,7,4,8,1,6,10,5,1,8,5,4,3,640.5,False
4,2,2,4,4,9,4,3,1,7,1,3,2,7,0,2,2,4,2,3,3,665.2,True
0,4,4,5,5,10,4,2,2,4,5,3,3,7,10,4,1,5,5,9,1,615.9,True
4,2,10,5,10,10,2,5,2,6,3,5,1,7,0,1,2,3,8,6,3,697.9,False
4,3,10,7,7,10,3,3,1,7,2,5,7,7,8,3,2,5,2,10,1,697.9,True
2,3,6,3,4,4,2,1,1,2,3,5,2,7,2,1,2,3,1,9,1,645.2,True
2,4,8,5,10,8,2,1,2,8,2,3,6,7,3,7,2,0,2,4,0,636.3,False
2,4,8,5,8,6,1,2,2,8,3,3,4,7,1,7,2,1,2,5,0,636.3,False
2,3,6,5,7,7,2,2,2,8,2,3,2,6,2,7,1,2,1,4,0,610.6,False
4,1,6,3,8,1,3,5,2,10,6,3,5,6,0,1,2,4,9,10,3,697.3,False
3,4,1,5,2,7,5,3,1,10,1,5,10,7,0,5,2,10,1,10,3,687.7,True
5,4,2,3,3,10,5,3,2,10,4,10,5,6,3,1,1,3,3,4,1,652.8,False
2,3,3,5,10,10,2,3,1,4,2,6,2,7,0,10,2,4,5,2,2,659.0,False
2,2,2,3,9,10,6,4,2,3,3,10,0,6,6,1,2,6,2,10,2,668.1,False
1,3,2,2,1,5,0,0,1,5,5,3,0,9,0,3,2,0,2,6,1,619.7,True
1,3,5,10,5,3,6,2,2,7,3,9,3,7,1,1,1,1,3,7,1,644.3,False
1,5,7,5,10,10,2,3,2,9,2,5,2,7,0,3,2,5,5,7,1,667.3,False
1,5,0,2,3,10,1,0,1,8,3,2,1,8,0,2,1,4,0,3,3,605.7,False
3,1,10,5,3,10,3,2,2,4,4,8,2,6,0,1,1,7,1,4,1,655.8,True
3,3,4,4,7,6,5,1,1,7,7,4,7,6,4,3,1,3,6,5,1,658.4,False
2,5,3,8,5,10,9,3,1,5,9,1,3,8,3,4,2,7,3,3,1,676.9,False
3,3,10,9,10,10,8,3,1,7,3,5,6,7,4,2,2,8,5,5,1,721.7,False
0,2,1,10,0,8,1,1,2,3,1,5,1,5,0,10,2,6,2,7,1,610.8,False
1,3,4,4,3,6,2,1,1,4,2,9,1,6,2,1,2,4,1,4,1,640.7,False
2,3,6,7,6,10,4,2,2,7,8,7,10,7,10,4,2,7,6,4,1,677.9,False
1,5,3,1,2,3,4,0,2,4,5,2,2,6,5,9,1,5,4,0,1,561.1,False
0,2,2,2,3,2,0,0,1,1,5,5,0,6,4,3,1,2,4,10,1,599.1,True
2,5,6,9,7,6,8,1,1,7,5,3,7,6,3,3,2,6,6,5,0,683.7,False
2,3,3,6,7,10,9,2,1,5,9,3,6,7,3,3,2,10,4,7,1,702.6,False
3,4,10,5,0,2,3,3,2,2,1,6,0,6,0,1,2,2,2,10,1,635.0,False
0,5,1,10,10,10,1,0,1,1,1,2,3,5,0,2,1,5,0,1,1,610.2,False
0,5,1,10,2,10,3,0,1,2,0,2,10,5,0,1,1,5,1,1,1,615.3,False
1,3,4,10,2,4,4,5,2,3,3,5,1,6,4,2,2,3,1,3,1,629.7,False
3,3,10,7,7,5,8,1,1,4,4,5,0,6,0,1,2,7,3,10,3,694.3,False
3,5,5,2,6,4,8,3,2,5,5,4,10,8,0,5,1,4,2,6,1,641.8,True
3,5,1,5,3,4,7,4,1,7,4,2,8,6,7,9,2,5,0,0,1,630.8,False
3,3,1,3,5,4,3,5,2,8,8,10,5,7,0,1,1,5,2,4,1,656.4,True
4,2,10,5,7,5,5,2,2,7,4,6,5,7,0,1,2,10,4,5,1,694.7,False
4,2,1,4,2,4,9,3,1,3,0,1,1,8,0,7,2,3,0,6,2,639.5,False
2,3,3,4,4,5,4,2,2,4,6,3,2,8,0,4,2,3,0,3,1,626.3,False
1,4,0,3,4,5,4,2,1,7,4,8,3,7,0,3,2,1,6,8,0,657.7,False
4,2,4,3,3,10,5,1,2,8,6,2,5,8,2,1,1,5,5,5,1,651.6,False
4,4,9,10,4,4,0,0,2,4,1,8,0,5,0,4,1,4,3,6,2,621.6,False
3,2,4,6,4,4,7,1,1,8,3,10,5,6,4,3,2,8,2,3,1,678.3,True
1,3,2,6,10,4,1,0,1,4,0,5,0,7,0,3,2,10,0,10,2,652.0,True
2,4,4,10,4,2,6,0,1,7,3,5,3,7,4,0,2,6,1,8,1,662.2,True
1,4,0,0,2,1,6,5,2,2,3,2,5,5,10,10,1,2,2,0,1,552.4,False
1,1,6,10,10,4,3,0,1,10,1,10,4,7,0,0,2,0,1,10,3,693.8,False
3,2,2,3,4,6,2,1,1,1,1,3,0,8,7,3,2,3,1,8,3,624.6,False
3,5,2,4,2,1,0,2,2,2,0,1,0,10,10,3,1,2,0,4,1,554.9,False
1,1,10,10,10,10,3,3,2,6,3,5,6,6,0,5,2,8,7,6,2,701.1,False
5,2,10,2,1,2,2,0,1,4,2,4,1,8,0,5,2,2,7,10,2,658.8,True
1,3,1,4,4,4,2,5,1,7,1,3,5,6,5,1,2,8,3,1,2,646.3,True
2,3,5,4,4,10,5,5,2,7,6,3,5,9,0,0,2,5,3,5,2,680.9,True
3,1,4,10,10,10,5,3,1,6,1,2,5,7,0,5,2,5,2,10,3,702.4,False
2,2,5,10,10,10,4,3,2,5,1,2,4,7,0,3,2,6,2,10,3,680.3,False
3,4,3,4,7,3,6,5,2,7,8,2,1,6,0,1,1,3,1,4,3,634.2,False
2,2,8,5,6,10,1,0,1,7,4,6,1,8,0,2,2,5,4,5,1,679.6,False
3,1,5,4,7,3,3,5,2,8,2,9,0,9,0,0,2,1,2,7,3,673.6,False
3,3,6,2,10,5,6,5,1,4,4,10,10,8,0,6,2,8,2,10,3,716.1,True
1,3,6,4,8,4,3,5,2,5,1,4,10,8,0,0,1,5,1,7,3,652.0,True
2,3,0,3,10,10,3,5,2,4,6,5,1,6,10,10,1,6,1,2,2,605.9,False
1,1,3,10,3,10,6,0,1,7,2,10,3,8,1,4,2,7,1,4,1,682.1,False
2,4,4,3,0,2,1,0,1,5,3,2,5,7,0,0,1,7,3,10,2,627.6,True
3,2,4,4,5,5,8,0,1,7,1,3,1,7,0,6,2,6,2,3,1,651.6,False
1,1,0,0,1,2,5,5,2,8,2,1,10,6,7,4,2,3,1,8,3,623.8,True
2,5,4,0,2,7,2,1,1,6,3,10,0,8,0,5,2,4,1,6,1,639.6,False
3,4,4,8,6,1,7,2,1,7,8,4,10,6,0,3,1,0,7,8,3,673.7,False
1,4,3,6,5,10,4,5,2,8,6,5,2,8,0,1,2,2,5,4,3,667.5,False
4,1,4,5,6,8,4,1,1,7,2,8,9,8,0,1,2,2,5,9,3,707.2,False
3,1,10,5,5,8,10,5,2,10,5,2,5,6,0,0,2,10,8,5,2,720.9,False
2,4,9,5,4,9,4,2,2,3,2,2,1,7,4,5,2,2,1,3,2,619.1,False
5,4,5,5,10,10,10,3,1,4,4,10,3,6,0,4,2,10,6,5,1,720.8,True
1,3,5,2,2,5,1,1,2,2,2,1,4,5,10,1,2,10,4,3,3,601.5,False
0,1,2,10,10,4,3,0,2,8,1,1,10,7,0,0,1,5,7,10,3,658.0,False
4,1,10,9,10,7,5,4,1,7,3,10,2,8,0,5,2,10,3,7,2,734.8,False
3,1,3,10,10,10,4,5,2,7,4,1,10,6,1,1,2,10,9,7,3,720.7,True
3,5,6,6,10,10,6,1,1,6,5,7,1,7,0,2,1,4,1,5,2,666.0,False
0,3,5,3,3,3,2,5,2,0,4,3,0,6,10,5,1,5,2,10,3,588.5,False
5,2,10,8,10,7,2,1,1,5,1,7,0,7,0,7,2,10,1,10,2,698.3,False
2,2,3,6,0,4,3,3,1,8,6,10,0,8,0,2,2,3,4,4,1,671.9,True
5,5,3,3,2,9,2,3,2,7,4,10,4,5,0,3,1,2,2,3,0,630.5,False
5,5,1,5,7,4,4,5,2,0,2,7,4,5,0,2,1,5,0,1,0,619.7,False
3,2,3,5,1,6,3,0,2,4,5,3,0,7,0,5,2,4,10,10,1,644.8,True
4,5,10,10,4,6,6,2,1,7,3,7,5,7,0,2,1,10,2,5,0,686.4,False
0,5,0,3,3,4,2,0,1,4,1,10,0,8,0,0,1,5,2,1,0,603.9,False
0,3,3,3,4,10,3,1,2,5,2,6,4,6,0,3,1,9,1,4,0,619.7,True
1,2,3,4,3,3,2,0,2,4,3,2,1,7,0,1,1,7,4,1,0,598.7,True
3,4,7,5,5,5,4,2,1,8,4,5,3,7,3,5,2,6,2,5,0,665.6,False
5,5,2,2,3,4,2,2,2,3,2,10,5,4,10,5,1,3,1,2,0,584.4,False
1,0,2,5,4,5,4,3,2,2,1,2,1,6,1,0,2,4,3,3,1,629.1,True
3,3,4,5,3,4,3,5,2,4,2,2,2,8,0,2,2,6,3,8,2,651.6,True
2,2,6,5,0,5,5,1,1,6,3,10,7,8,0,2,2,10,6,3,1,690.6,True
3,5,7,5,4,7,0,2,2,0,0,1,10,7,0,0,1,8,0,10,1,629.1,True
5,1,4,3,10,6,0,4,1,5,3,2,0,8,3,1,2,2,1,3,2,663.5,False
1,1,4,6,7,10,5,2,2,9,4,5,10,8,0,1,2,5,8,10,2,706.6,True
3,3,4,2,10,10,4,5,1,9,4,4,3,8,0,10,1,6,8,4,2,675.8,False
1,4,5,5,6,7,5,0,2,7,7,2,5,6,8,1,2,6,8,1,1,639.3,False
3,5,3,10,7,10,5,0,2,2,3,10,0,7,10,3,1,2,2,7,0,617.3,False
5,2,6,8,4,6,2,5,1,8,4,10,0,7,4,6,2,10,1,5,1,695.5,True
5,4,7,9,6,5,8,5,2,8,5,10,5,8,10,2,1,9,4,2,1,677.0,False
1,4,5,10,2,10,7,2,2,8,3,10,1,6,10,4,2,3,6,8,1,654.5,False
3,3,2,4,3,4,3,0,1,8,4,1,5,5,0,1,1,6,1,7,3,633.8,False
4,1,10,7,4,4,4,5,2,9,4,7,10,9,0,1,2,7,4,10,2,724.2,True
5,4,7,6,10,10,10,3,1,8,1,4,6,7,0,1,2,10,10,7,2,738.5,False
2,5,8,8,10,3,2,4,1,3,1,1,1,6,0,2,2,5,0,5,3,652.7,False
3,2,5,10,7,6,1,1,2,5,0,5,1,6,10,2,1,10,3,5,2,624.6,False
2,2,10,6,7,6,1,5,1,8,2,8,1,8,0,3,2,2,2,2,2,683.4,False
3,2,4,3,8,6,3,5,2,7,2,3,10,7,0,0,2,5,3,10,3,687.3,False
4,3,7,3,4,2,6,3,1,3,5,3,1,6,2,4,2,10,10,6,1,678.6,True
1,4,3,2,2,4,2,3,1,2,1,2,0,7,10,5,1,10,3,3,2,590.2,False
4,3,2,5,3,4,5,2,2,5,1,2,2,6,8,2,2,4,2,5,3,617.2,False
3,4,0,1,2,1,1,2,1,7,1,3,1,7,0,0,1,6,0,7,1,612.5,False
5,2,10,10,10,10,7,5,1,7,5,8,5,7,0,0,2,10,4,10,3,766.5,False
3,1,9,10,9,10,8,5,1,10,8,9,5,8,0,2,2,7,6,10,1,770.3,False
3,4,5,10,10,4,3,3,1,8,3,5,1,8,7,1,2,2,1,3,2,664.1,True
2,5,0,9,7,10,0,1,2,3,1,7,0,6,2,4,1,6,0,10,3,613.1,False
2,4,3,5,10,10,8,4,2,5,6,5,10,7,10,2,1,4,4,5,1,655.4,True
1,3,2,5,3,10,3,1,2,8,3,4,5,5,10,4,1,3,4,1,2,597.0,False
1,4,0,4,10,10,1,0,2,2,0,4,6,6,1,1,1,2,0,3,3,597.2,False
2,5,10,5,8,8,5,4,2,3,6,5,4,7,0,3,2,4,7,5,0,675.8,True
3,3,2,7,7,10,3,2,1,7,3,5,3,4,0,6,2,5,3,10,0,676.9,True
3,4,1,5,8,8,0,5,2,5,2,4,10,7,4,6,1,0,3,10,0,633.1,True
3,5,6,10,10,10,5,5,1,4,3,8,4,8,3,9,1,8,2,1,0,671.5,True
3,5,3,10,10,10,5,5,1,1,1,6,3,6,7,9,1,8,2,1,0,641.8,True
2,5,0,6,10,10,0,0,1,2,0,8,0,9,5,0,1,4,0,3,2,617.3,False
3,2,2,3,2,2,0,0,2,3,1,4,0,7,9,0,2,0,0,2,3,578.7,True
4,2,1,1,10,10,2,3,2,2,1,4,3,6,5,6,2,4,6,9,3,644.8,True
1,5,0,2,1,7,1,4,2,5,3,3,1,7,4,8,1,4,1,7,0,580.2,False
4,3,8,7,10,8,7,5,1,8,7,10,5,7,0,9,1,10,5,5,3,717.6,True
3,3,5,4,5,10,6,1,2,7,5,1,5,6,10,5,2,5,2,1,2,628.9,False
1,3,3,10,4,10,8,1,1,6,4,8,3,7,3,2,2,8,1,3,0,679.8,True
2,2,2,3,10,5,3,0,2,10,3,9,1,6,0,1,2,6,5,3,2,657.7,False
1,2,5,3,6,2,3,2,1,2,1,4,1,8,10,1,2,5,2,6,1,629.9,True
2,5,0,3,5,2,0,3,2,5,1,1,3,6,5,1,1,2,2,6,2,579.6,True
4,2,5,5,7,8,5,2,1,7,4,7,4,7,0,3,2,4,2,6,1,693.2,True
3,3,5,4,2,4,2,3,2,5,0,5,1,7,0,0,2,6,2,7,2,641.8,True
3,2,10,3,10,8,0,5,1,8,1,8,0,7,3,1,2,5,2,10,2,700.2,True
4,3,2,4,10,10,2,5,1,2,2,3,5,7,0,1,2,2,10,7,2,694.1,False
1,5,3,4,10,5,2,1,2,3,1,1,1,5,10,10,1,2,3,1,1,553.9,False
5,3,5,4,6,3,6,5,1,6,5,10,8,7,6,5,2,9,5,10,3,712.5,False
2,1,2,4,10,10,3,5,1,8,2,5,4,6,0,0,2,10,2,10,3,713.0,True
5,3,10,4,10,10,4,4,1,4,7,2,0,7,0,10,2,10,6,10,2,709.2,True
5,2,10,4,10,10,10,4,1,3,7,2,0,7,0,10,2,10,7,10,2,722.8,True
2,3,3,1,2,3,5,2,1,1,1,8,5,8,3,2,2,10,2,5,1,651.1,True
4,3,10,10,3,4,3,3,1,5,5,8,2,7,0,5,2,2,3,1,2,676.4,False
5,4,10,9,7,10,10,3,2,10,5,10,4,5,0,5,2,10,10,10,2,739.3,True
3,3,6,2,4,4,2,2,1,8,6,10,5,7,0,2,1,8,3,10,3,678.5,False
2,3,10,6,5,10,2,0,2,10,4,6,1,7,2,0,2,8,2,3,1,665.8,False
4,4,2,6,10,8,3,5,1,10,2,6,3,6,1,1,2,2,2,6,3,689.4,False
1,3,3,4,3,10,2,0,1,2,1,10,1,8,0,1,2,0,9,7,2,658.3,False
3,3,10,6,5,6,3,3,1,8,2,8,0,7,0,1,2,6,1,7,1,690.0,False
3,3,10,4,9,3,4,5,1,4,4,5,3,9,0,3,2,10,3,7,2,703.4,False
4,3,9,6,8,7,7,1,2,8,4,4,8,6,1,2,2,5,8,7,0,695.8,False
1,2,8,7,10,5,7,3,1,8,6,3,5,8,0,3,2,9,6,6,2,714.7,False
2,4,4,3,4,10,4,3,2,6,5,5,6,6,9,4,2,6,4,3,2,639.9,True
4,2,10,7,5,3,3,5,1,5,1,7,4,8,0,2,2,10,0,10,1,708.7,False
3,2,1,10,5,4,6,5,1,4,1,5,5,10,10,7,1,1,3,8,1,645.8,False
1,1,7,4,7,10,2,3,1,7,3,7,6,7,3,2,1,10,2,3,0,676.2,True
3,2,5,10,6,7,2,1,1,6,3,6,10,8,0,3,2,8,3,6,2,701.7,False
3,5,1,10,10,3,10,5,1,0,1,4,0,6,0,0,1,10,1,10,3,668.6,True
2,4,10,4,3,10,6,1,1,8,5,10,1,6,0,2,1,8,3,10,3,683.4,True
3,3,6,2,1,3,1,2,1,5,1,5,0,5,0,3,1,2,0,2,2,604.0,False
1,3,5,6,5,9,10,4,2,6,2,1,5,6,10,7,2,10,0,3,3,639.1,True
4,2,7,2,1,4,1,2,2,6,1,10,1,7,10,5,2,5,0,5,1,620.7,True
2,5,1,6,10,3,4,5,1,5,1,5,0,7,10,0,1,4,8,10,1,645.2,False
1,4,4,10,1,3,1,5,1,2,0,6,1,8,3,0,2,2,1,10,1,649.0,True
2,2,3,7,8,5,5,5,1,7,8,5,10,7,4,1,2,4,4,5,2,704.7,True
2,3,3,0,3,5,0,4,2,3,1,2,1,8,0,0,1,1,1,0,2,587.0,False
0,2,1,2,1,3,1,0,2,5,1,5,0,7,0,5,2,1,0,7,1,589.1,False
5,3,2,2,2,4,0,5,2,3,4,8,0,7,0,0,1,5,2,10,3,637.3,True
1,5,4,3,3,4,1,1,1,0,2,3,5,10,10,4,2,4,10,10,0,630.1,True
2,4,3,2,1,10,2,2,1,8,2,3,5,8,4,2,2,5,2,10,2,656.9,True
2,4,3,6,3,10,10,3,1,9,7,10,5,7,3,1,2,8,1,5,1,704.0,False
3,3,3,2,10,10,2,2,1,6,2,9,5,8,5,2,2,6,5,5,1,683.6,True
1,1,3,4,1,3,2,5,1,6,2,6,1,7,0,1,2,10,5,10,1,681.1,True
3,1,2,6,4,4,8,5,1,3,1,3,0,7,0,1,1,5,1,7,2,655.0,True
1,2,7,7,0,2,2,5,1,0,0,3,0,10,0,3,1,10,4,10,1,648.8,True
5,3,10,5,5,5,3,4,2,7,3,9,7,8,0,1,2,3,4,7,3,695.5,False
3,3,5,10,7,10,8,5,1,5,2,9,5,6,0,2,2,8,2,10,2,725.7,True
4,2,1,2,3,6,1,5,2,10,4,4,1,8,1,0,1,2,0,4,2,629.9,False
3,5,3,0,3,5,3,5,1,1,3,5,1,4,0,4,1,10,3,10,2,636.1,False
0,3,10,0,0,1,0,0,1,2,0,10,0,9,7,0,1,0,0,10,1,597.3,False
4,2,6,8,10,10,7,1,1,6,2,7,10,7,2,2,2,7,4,6,2,720.4,True
3,3,2,10,10,5,10,4,1,10,10,3,10,8,0,3,2,10,2,4,3,731.7,False
5,1,2,2,2,7,2,1,1,6,1,3,2,5,7,1,1,3,3,6,1,624.0,True
5,2,3,5,5,3,2,0,2,2,5,7,2,8,5,3,1,2,4,6,1,618.6,True
2,3,10,8,4,7,6,5,1,7,7,8,1,7,0,3,2,7,2,10,1,715.5,False
2,1,10,5,2,7,6,1,1,7,2,4,4,7,0,0,2,3,2,6,0,680.7,False
2,2,2,4,3,3,3,0,1,3,4,1,5,8,7,3,1,5,4,6,2,615.7,False
2,3,3,5,4,1,4,3,2,6,2,1,6,7,3,1,2,10,3,3,3,639.3,True
3,3,6,5,6,8,5,4,1,6,4,10,5,6,0,3,1,10,4,7,1,695.3,False
2,4,9,10,5,4,1,3,1,5,2,10,1,7,10,3,1,6,0,7,2,642.8,True
2,5,5,5,3,7,3,0,1,4,0,4,0,7,10,4,1,2,1,2,1,585.5,False
2,0,9,6,1,5,2,2,1,2,1,3,2,6,3,1,2,3,2,10,0,658.2,True
2,3,0,10,5,6,0,3,2,1,0,2,0,7,0,10,1,2,0,0,1,574.9,False
3,1,8,6,7,7,5,1,1,5,5,10,10,7,0,10,1,7,4,1,2,680.2,False
5,3,8,7,10,8,10,4,1,7,4,8,10,8,0,5,2,10,8,6,2,753.1,False
0,4,0,2,0,10,2,0,2,0,4,3,0,7,0,7,1,2,0,2,1,558.1,True
3,3,8,5,5,7,5,2,1,6,5,3,0,7,0,2,2,6,2,5,1,675.4,False
1,3,3,4,2,3,2,0,2,8,1,9,3,7,0,8,2,2,1,8,2,617.1,True
0,3,3,3,3,5,2,0,2,6,1,8,3,7,0,7,2,2,1,8,2,613.5,True
5,3,0,7,5,10,5,5,2,9,7,7,5,8,8,4,1,10,8,4,1,678.1,False
3,5,3,10,10,10,10,5,2,10,10,2,1,6,0,3,2,10,3,3,3,700.5,False
4,4,6,8,4,4,7,3,1,4,2,3,7,4,5,3,2,9,3,4,2,669.7,False
3,2,4,4,4,9,6,1,1,8,4,7,8,8,0,3,2,6,4,7,3,700.2,True
2,3,4,2,1,3,3,3,1,3,5,9,2,8,8,0,2,2,1,3,1,636.0,False
3,3,3,5,4,4,1,1,1,7,2,2,0,6,0,10,2,3,0,4,2,618.9,False
2,4,0,3,10,10,10,0,2,1,6,4,0,8,0,10,2,10,8,10,1,658.8,True
4,3,4,6,8,2,5,5,2,7,1,3,1,8,0,2,2,2,1,7,3,656.9,False
5,1,10,3,10,10,3,5,1,5,2,10,7,8,0,2,2,7,2,10,3,739.9,True
2,1,4,1,1,4,0,0,1,1,0,1,0,7,0,5,2,2,1,7,2,607.0,True
3,1,1,9,10,9,2,4,1,7,5,5,5,8,1,1,2,4,2,10,2,711.7,False
1,3,10,4,6,8,2,3,1,8,0,5,3,6,0,2,2,4,2,5,1,670.5,True
3,4,3,10,7,7,5,4,1,5,3,3,5,8,0,1,1,6,2,10,2,680.7,False
0,3,0,4,1,2,0,0,1,3,0,1,0,6,0,1,1,10,4,10,1,603.4,True
4,4,10,8,10,10,4,4,2,7,5,4,5,7,4,2,2,6,8,4,3,699.4,False
4,2,10,8,3,8,2,5,1,6,2,1,2,9,0,5,1,6,1,7,1,672.0,False
1,4,3,3,1,8,0,0,1,6,4,7,3,7,10,7,1,2,3,3,1,592.9,True
3,4,4,7,5,5,4,1,2,5,4,7,2,7,0,3,2,5,5,7,1,655.8,False
2,5,10,10,8,5,2,5,2,7,4,2,2,7,0,2,2,10,10,7,3,692.2,True
5,1,8,5,8,10,10,5,2,8,8,9,10,8,0,2,2,10,4,9,3,756.7,False
2,2,8,7,3,10,5,1,1,5,3,6,8,7,0,2,2,6,2,8,2,696.4,True
2,3,10,4,2,8,5,2,2,4,2,1,0,7,0,4,2,5,1,10,2,642.7,False
2,1,4,3,10,4,8,5,1,10,2,1,5,7,0,0,2,8,3,7,2,705.6,False
2,2,1,4,8,7,2,5,2,8,2,3,2,7,0,5,2,6,1,3,1,646.5,False
5,3,10,6,10,5,8,5,1,8,1,8,5,7,0,8,1,10,8,10,2,720.6,False
3,4,10,2,0,4,3,5,1,3,1,6,1,8,10,3,2,4,1,3,1,633.7,False
3,2,6,2,6,4,5,5,1,4,4,5,2,8,0,2,2,7,2,7,2,686.2,False
2,0,4,1,0,3,2,1,2,5,0,6,0,9,0,3,2,10,0,7,3,632.2,True
4,3,5,5,7,5,2,5,1,4,2,3,2,8,6,0,2,5,3,6,2,670.5,False
2,3,3,5,8,10,4,5,2,6,3,8,5,7,0,4,2,10,2,5,3,683.2,True
0,4,1,2,4,3,0,2,2,2,0,1,0,7,0,3,1,3,0,10,3,573.0,False
1,5,3,4,4,10,2,5,2,5,4,5,4,6,2,10,1,4,5,10,1,624.6,False
3,3,10,6,7,10,2,3,1,8,0,10,0,8,0,0,2,4,0,2,1,688.9,False
3,0,3,4,7,7,2,5,2,5,2,10,4,6,0,5,2,10,2,8,3,685.1,False
4,0,6,5,4,4,5,4,1,6,1,7,1,8,0,2,1,3,5,9,3,679.8,True
2,3,3,7,7,7,4,5,1,7,2,7,5,6,0,2,1,4,3,8,2,676.0,False
3,1,3,2,3,6,1,0,1,1,1,3,1,8,10,1,2,3,1,1,1,609.3,True
2,3,8,10,10,10,10,5,1,8,4,7,5,8,0,1,2,8,10,7,0,754.6,False
4,3,3,4,10,10,1,3,1,5,5,2,1,7,0,0,2,5,0,1,2,668.4,False
5,4,10,3,10,10,9,3,2,7,9,5,10,7,7,1,1,10,10,2,1,703.0,False
5,5,4,2,2,3,1,0,1,5,4,10,1,4,8,1,2,0,3,7,1,626.9,False
5,1,4,9,3,7,6,1,1,6,4,7,5,6,2,1,2,5,6,8,2,704.9,True
3,2,5,5,4,10,2,2,2,8,1,7,3,7,0,3,2,10,4,6,2,674.5,True
2,0,3,10,5,10,10,0,2,8,6,2,5,3,0,1,2,5,7,7,0,688.0,True
2,3,10,7,3,3,6,2,1,6,3,3,3,10,6,3,2,3,4,10,0,672.6,False
1,4,2,6,5,10,2,3,2,5,1,4,0,7,3,1,1,2,2,6,3,611.0,True
2,3,8,2,1,3,1,0,2,6,3,2,2,8,0,10,1,3,0,10,1,592.1,False
4,4,10,2,10,7,6,5,1,6,1,8,1,6,0,10,2,5,6,7,2,691.5,False
3,2,4,2,2,4,3,1,1,7,2,5,2,7,6,3,2,1,1,9,0,638.4,True
5,4,10,10,3,8,3,0,2,5,3,10,10,6,0,10,2,1,1,7,2,664.7,True
3,3,5,5,8,6,4,5,2,5,1,5,0,8,0,5,2,3,1,6,2,652.2,False
4,2,4,8,2,4,2,3,2,5,2,9,2,6,0,1,2,4,1,6,3,656.0,False
1,5,3,4,2,5,2,2,1,2,1,3,0,6,0,7,1,1,1,1,2,580.0,False
1,2,2,8,4,7,2,4,2,5,6,3,10,6,0,2,2,5,1,3,2,658.2,False
2,3,10,9,2,10,2,2,2,6,2,3,5,7,3,1,2,10,0,1,1,656.7,False
2,3,5,3,3,7,0,0,2,1,1,8,1,6,5,0,2,2,1,7,1,611.6,True
3,2,5,5,8,10,5,4,1,10,3,5,10,8,7,0,2,6,2,10,3,716.8,False
2,3,7,5,8,10,4,2,2,6,5,4,8,8,1,6,2,6,6,5,2,677.5,False
4,5,5,8,5,9,4,4,1,6,7,8,4,5,10,5,2,7,5,9,3,687.9,False
5,3,4,5,2,4,2,1,1,5,3,1,3,7,3,4,2,3,2,4,3,637.6,True
4,4,3,3,3,2,0,2,1,7,2,8,3,7,1,2,1,2,1,7,1,630.5,False
1,2,1,3,3,2,0,2,2,4,2,7,3,8,3,3,2,2,1,10,1,618.6,True
2,4,6,2,10,2,7,4,1,2,2,1,2,8,0,2,2,8,1,7,3,665.0,False
3,2,10,6,10,10,4,0,1,7,4,10,1,7,0,4,2,7,10,10,1,724.4,True
3,3,2,10,2,5,2,5,2,6,6,4,3,6,4,0,2,10,2,3,2,660.1,True
1,4,5,4,6,5,4,2,1,4,1,4,5,6,2,0,2,10,2,2,1,655.0,True
3,3,10,3,10,10,10,3,1,9,3,3,5,6,5,1,2,10,7,3,2,714.3,False
3,2,3,1,6,3,8,5,1,10,3,8,3,7,0,4,2,10,2,6,3,696.8,True
5,2,10,4,6,10,10,5,2,8,1,10,0,8,0,2,1,10,2,10,3,705.9,False
4,4,10,5,10,5,8,5,1,8,3,6,6,6,10,0,2,7,4,10,0,713.2,False
3,2,7,4,5,10,5,4,1,9,7,7,9,9,0,1,2,5,5,5,0,727.6,True
5,4,10,10,9,9,5,2,1,6,7,9,10,7,0,3,2,4,4,6,0,732.7,False
2,2,6,6,1,10,4,4,1,8,4,10,3,7,9,1,2,4,3,5,0,681.9,True
2,2,10,5,7,10,3,3,2,8,2,10,10,6,10,6,2,4,3,10,0,680.0,True
5,3,5,3,5,10,5,4,1,8,2,5,5,7,10,1,2,10,3,8,0,694.5,False
2,3,5,3,6,4,4,3,2,8,4,9,5,8,10,0,2,4,6,10,1,666.6,True
5,0,10,10,10,2,3,5,1,6,10,5,10,8,0,1,1,10,10,10,2,755.9,False
2,3,1,10,1,9,6,2,1,5,2,7,10,7,7,3,1,7,2,2,2,650.7,True
3,1,5,2,10,6,10,2,1,8,3,3,10,9,0,2,2,10,4,7,1,721.7,False
5,0,10,10,10,2,3,5,1,2,8,2,1,8,0,1,2,10,8,10,2,738.3,False
1,1,5,2,5,5,1,0,2,2,2,4,10,7,0,1,2,0,2,10,1,638.2,True
2,5,7,3,5,10,1,0,2,3,1,7,0,6,0,2,2,0,4,0,1,613.1,True
2,3,4,6,2,10,5,1,2,2,2,3,10,5,1,1,1,4,6,5,0,634.2,False
5,1,2,7,3,0,1,4,2,3,0,1,0,7,10,4,2,1,0,7,2,603.6,True
3,2,10,6,6,3,3,5,2,10,2,5,5,8,0,0,2,5,7,7,3,698.1,False
5,4,10,5,10,5,4,5,1,6,5,7,1,8,0,2,1,3,5,10,2,698.5,False
4,2,6,6,6,7,2,5,1,7,6,3,5,8,0,1,2,5,10,2,1,709.6,False
4,4,1,5,3,4,6,5,2,4,5,3,1,7,10,0,1,10,0,1,3,614.2,False
3,2,8,5,2,3,4,0,2,7,2,10,1,6,0,0,2,4,2,9,1,657.9,True
3,3,8,5,2,6,3,3,1,2,5,7,3,6,7,5,1,8,3,4,2,642.0,True
3,5,2,6,7,2,0,1,2,3,1,5,0,4,10,5,1,5,1,5,3,569.8,False
1,1,1,2,2,10,2,3,2,8,7,2,1,5,0,1,2,5,4,3,3,642.5,True
5,3,10,10,10,10,5,5,1,7,6,10,3,7,1,2,2,10,8,5,1,755.0,True
3,5,1,4,10,10,3,5,1,5,0,9,0,9,0,0,2,10,0,7,3,690.6,True
3,3,2,4,8,5,5,2,1,3,4,2,0,7,10,1,2,1,1,2,1,625.9,True
3,4,7,3,2,6,3,4,1,4,1,3,2,8,7,7,2,6,0,2,1,629.7,False
1,2,5,5,5,3,0,3,1,7,1,2,5,6,0,1,2,4,3,2,1,649.5,True
2,4,4,6,0,3,2,0,2,2,1,4,0,6,0,5,2,5,1,5,1,597.2,True
2,3,2,3,3,2,1,0,2,8,2,1,1,8,0,10,2,2,0,4,1,588.5,False
3,1,4,4,4,7,3,2,1,4,2,5,1,7,2,2,2,3,2,3,1,653.7,True
2,3,5,5,3,5,4,2,2,2,2,7,0,9,4,8,1,5,4,1,1,601.8,True
5,4,10,4,2,7,2,5,2,5,3,2,10,8,2,2,1,5,3,3,1,651.6,True
5,4,1,3,4,4,4,0,1,3,1,10,5,5,0,6,2,4,0,3,1,637.3,True
3,2,5,4,2,6,5,1,1,7,4,1,3,8,0,1,2,1,3,10,0,668.4,True
5,2,4,5,7,5,3,3,1,7,1,4,5,7,0,1,2,3,5,3,1,682.4,False
5,1,5,7,10,3,8,5,1,10,6,8,10,7,0,0,2,8,7,8,3,759.7,True
2,3,10,7,10,5,2,1,1,4,1,5,1,7,0,2,2,3,3,10,1,675.8,False
4,4,6,2,8,2,2,5,1,6,4,4,3,8,3,1,2,10,4,7,1,686.0,False
1,1,1,0,0,3,1,1,1,4,1,6,5,9,7,0,2,4,0,10,1,630.5,True
3,2,4,2,2,2,3,4,2,8,5,10,8,6,0,1,1,1,5,10,1,657.9,True
4,4,1,3,6,8,3,4,1,7,2,3,2,9,0,4,2,10,1,10,2,680.9,False
0,1,5,6,3,2,5,0,1,8,3,1,5,6,0,1,1,2,8,2,0,635.7,True
3,4,2,3,6,10,2,3,2,3,1,10,2,7,5,7,2,6,2,8,2,639.4,True
4,2,3,4,7,9,4,4,1,5,7,8,10,8,3,4,2,6,1,10,1,712.3,True
4,4,6,3,3,7,3,2,2,8,2,8,0,6,10,6,2,10,1,7,2,635.4,False
3,5,8,3,5,8,0,0,1,6,2,6,0,7,4,0,1,0,1,5,0,619.9,False
0,5,2,4,10,7,4,3,2,8,3,6,5,7,5,5,2,10,7,5,1,655.6,True
2,4,10,10,10,10,4,3,2,8,5,10,10,8,0,1,2,10,8,10,1,741.6,True
4,5,6,5,1,10,5,4,1,3,2,4,1,5,0,10,2,5,0,2,1,639.5,False
4,4,5,3,3,3,1,4,2,3,2,9,1,6,2,2,2,2,1,4,2,627.1,True
3,1,2,10,6,10,2,3,2,9,1,5,10,6,0,4,2,8,4,10,2,697.7,True
1,2,3,6,5,3,3,5,2,4,1,3,3,7,7,5,2,3,3,5,1,622.7,True
2,5,5,5,10,10,3,2,2,5,5,2,0,6,3,8,2,1,4,2,2,622.3,False
4,5,10,3,3,10,2,5,2,4,5,5,10,5,10,2,2,6,3,7,3,663.5,False
3,2,10,9,2,7,5,1,2,9,1,4,5,8,8,0,1,3,3,10,2,652.0,False
2,4,3,2,2,3,0,2,1,1,0,6,0,7,4,3,2,2,0,10,2,613.1,True
4,2,0,4,4,10,6,3,1,10,10,3,4,6,10,0,1,5,10,10,1,685.4,True
2,1,5,7,0,2,5,3,1,0,3,10,4,8,2,8,2,1,3,5,0,651.5,True
3,3,5,10,7,10,3,1,1,1,8,5,5,7,10,7,2,3,5,4,0,662.2,False
5,2,3,10,1,2,10,2,1,0,2,8,10,7,2,10,2,0,5,5,0,667.9,False
4,1,10,10,4,1,10,2,1,1,4,3,5,9,2,1,2,10,5,4,0,704.7,True
2,3,4,2,1,10,4,0,1,2,4,5,2,8,3,4,2,5,2,1,1,633.5,False
4,3,10,10,3,10,6,1,2,5,5,10,10,7,0,1,2,10,3,7,1,715.9,True
1,4,0,2,6,2,2,1,2,8,2,3,2,6,0,5,1,2,5,5,2,590.2,False
5,3,5,4,10,10,1,1,1,7,3,5,5,8,5,2,2,10,4,7,1,696.4,True
4,5,10,10,10,10,6,5,1,8,2,6,2,8,6,6,2,10,1,1,1,700.0,False
1,5,0,4,4,3,1,1,2,8,1,3,2,5,10,3,1,5,0,1,2,559.4,False
5,3,5,4,9,8,8,1,2,5,6,10,9,8,0,3,2,7,7,7,2,711.0,False
2,5,10,5,2,1,0,5,1,5,2,2,0,6,5,10,2,1,1,1,1,605.3,False
4,4,10,1,1,2,0,0,1,5,1,2,1,8,10,4,1,3,5,5,1,597.2,True
3,2,5,2,2,1,6,0,1,3,4,5,5,8,5,5,1,1,3,7,1,621.6,False
3,3,10,10,10,10,5,5,1,8,5,8,5,8,0,1,2,10,3,5,1,744.6,False
3,3,5,4,0,10,1,0,2,2,1,7,3,8,0,1,2,6,0,1,1,627.1,False
3,3,10,7,4,10,1,1,2,3,2,7,1,6,3,1,2,2,4,5,1,648.8,True
1,5,1,5,7,10,2,5,1,9,2,1,10,6,5,1,2,10,2,10,0,683.3,False
5,4,2,4,10,10,4,5,1,6,5,10,1,5,0,2,2,10,2,4,2,705.3,False
1,2,1,6,4,10,4,2,2,1,1,10,1,5,2,0,1,3,1,4,2,616.9,False
1,4,4,2,9,6,1,5,2,3,1,5,2,8,6,0,2,2,3,3,1,626.7,False
5,3,2,10,5,4,5,4,2,7,3,5,0,8,0,5,2,8,0,4,2,662.4,False
5,3,10,6,6,10,6,4,1,9,5,10,4,7,2,3,2,10,10,10,2,751.6,True
3,3,7,10,3,5,4,5,1,8,3,8,3,7,3,3,2,3,4,6,1,691.7,False
3,4,10,2,6,4,4,5,1,8,1,7,0,9,0,2,1,10,1,10,1,680.0,False
4,2,5,6,2,1,2,1,2,8,3,10,5,9,7,2,2,10,10,4,1,670.4,False
1,4,10,3,0,6,4,0,2,10,2,9,10,9,5,1,2,6,0,7,1,656.6,True
5,3,10,4,10,10,10,3,2,10,2,7,0,7,0,3,1,3,5,10,2,691.5,True
2,1,0,2,1,9,2,2,1,5,1,1,0,7,0,5,1,1,0,4,1,603.6,False
3,3,8,3,4,8,5,2,2,5,5,5,5,6,0,2,1,3,2,3,1,638.2,False
5,3,10,8,10,10,7,1,1,6,3,4,10,7,0,0,2,8,6,3,2,730.0,True
1,4,6,8,5,6,4,1,1,6,3,6,1,7,0,2,2,6,5,9,1,676.0,False
3,3,6,6,10,10,8,5,2,7,6,7,10,6,0,4,2,10,2,7,2,718.5,False
3,1,6,10,10,8,10,5,1,7,3,5,10,6,0,1,2,10,6,5,3,748.7,False
3,4,7,5,4,8,6,2,2,4,4,9,1,8,0,2,2,10,4,5,2,675.1,False
4,3,10,5,4,10,4,5,1,6,3,5,1,8,3,3,2,6,1,4,1,687.9,False
4,3,5,6,8,6,8,3,1,7,4,4,10,7,2,4,1,4,7,5,2,687.5,False
5,4,6,10,10,10,5,5,1,7,1,10,10,7,10,0,2,10,10,6,3,741.4,False
2,1,6,2,4,4,4,1,1,7,9,9,3,8,0,1,1,10,2,8,0,681.9,True
3,5,2,2,3,10,1,0,2,2,2,3,1,7,0,7,2,3,1,4,3,597.2,True
2,3,10,3,10,3,3,5,1,10,4,3,3,6,0,4,2,5,3,7,3,688.8,False
3,5,4,4,10,3,5,5,1,8,1,6,7,7,3,0,2,3,5,3,0,681.1,True
0,1,5,7,5,7,6,0,1,8,3,4,3,8,0,3,2,4,4,4,0,670.7,True
3,4,0,1,0,8,6,1,1,4,4,3,5,5,7,4,1,4,5,0,0,603.6,False
2,3,10,10,1,5,2,1,1,0,4,5,7,8,7,4,1,10,2,2,1,640.3,False
1,1,5,5,4,10,4,1,1,2,7,2,1,6,0,2,2,1,2,2,0,649.5,True
5,3,10,10,7,6,10,5,1,8,10,9,2,8,10,8,2,10,3,10,0,732.9,False
3,3,8,5,8,7,5,5,1,6,4,5,2,7,4,4,2,6,3,10,1,696.2,False
3,0,6,4,5,7,9,0,1,9,2,9,3,8,0,2,2,5,3,2,0,693.8,True
3,3,0,5,5,10,3,5,1,9,3,5,6,6,0,7,2,6,1,1,2,670.5,False
3,2,8,8,3,5,4,3,1,2,1,8,3,5,0,0,2,10,2,2,1,681.1,False
1,1,2,10,10,10,3,5,2,8,3,2,5,9,0,2,2,10,4,10,3,706.2,False
5,0,10,5,10,3,5,2,2,4,3,2,0,8,0,0,2,4,10,10,1,695.8,False
3,2,10,6,10,5,4,1,1,8,2,4,0,8,3,1,2,2,2,10,2,684.3,False
3,4,10,4,10,3,5,0,1,5,4,4,2,7,0,0,2,10,6,7,1,690.9,True
2,2,2,3,4,2,1,2,1,5,1,3,5,6,0,2,1,3,5,10,1,634.4,True
4,3,0,5,2,2,1,0,2,2,1,6,2,6,4,6,2,4,2,8,2,602.7,True
5,4,5,6,2,4,10,5,1,2,1,5,1,6,0,0,1,10,2,10,3,675.6,True
2,2,10,5,10,10,7,5,1,0,8,10,2,8,0,7,1,7,2,1,2,688.9,True
5,1,10,6,6,10,10,5,1,8,2,2,10,6,0,1,2,10,4,10,2,751.5,True
2,0,4,3,1,8,4,4,1,8,1,6,3,7,0,1,1,9,8,4,0,677.7,True
1,4,1,10,5,10,2,0,2,6,0,10,0,6,2,1,1,1,0,2,1,605.2,True
5,3,5,10,10,5,10,5,2,10,5,10,8,6,0,1,2,8,6,10,3,744.6,False
3,1,10,6,10,6,1,3,1,8,0,6,0,7,2,0,2,6,6,2,3,693.0,False
5,5,10,10,10,5,10,5,1,7,1,1,1,9,5,1,1,7,2,10,2,694.1,False
5,4,7,10,10,6,6,0,1,6,2,10,5,7,5,1,2,10,2,7,1,707.4,False
3,1,1,7,9,4,7,2,2,8,3,10,3,5,0,3,2,4,3,6,1,674.7,False
1,2,0,4,4,2,2,2,1,5,4,1,2,8,0,2,2,3,2,7,0,637.8,False
1,3,2,3,10,10,5,4,2,5,0,2,2,7,0,10,2,10,0,1,3,632.7,False
5,5,4,6,9,10,7,3,2,8,5,10,10,6,10,6,1,7,9,7,3,680.0,False
1,5,2,8,4,10,4,0,2,3,2,10,1,6,2,1,1,1,0,2,1,601.8,True
1,4,5,5,10,2,2,1,1,0,1,2,0,7,0,1,1,1,2,2,1,603.8,True
5,4,3,10,6,10,5,5,2,3,5,6,3,4,3,5,1,5,1,7,1,651.6,False
1,4,10,6,7,3,8,2,1,8,4,2,3,8,1,2,1,5,8,5,1,668.6,False
1,3,10,5,10,4,4,2,1,8,1,10,0,9,0,3,1,1,7,4,0,667.0,False
2,4,2,1,3,4,1,1,1,7,1,1,0,7,0,2,1,2,1,5,2,598.5,False
3,1,0,4,1,2,9,0,1,4,0,1,3,6,0,0,1,3,1,10,0,627.2,True
1,3,5,4,3,8,3,5,1,7,6,2,1,8,0,5,2,5,7,6,2,675.4,False
5,1,1,2,6,7,6,5,2,8,3,9,1,5,0,1,2,7,4,10,3,693.2,True
2,3,0,5,3,8,0,0,2,2,2,5,0,7,0,10,1,5,2,10,2,592.5,True
0,1,3,9,10,2,2,5,1,4,4,2,2,8,0,0,1,3,2,10,1,663.5,True
2,1,5,5,3,4,3,5,1,7,4,4,2,8,0,0,2,3,3,7,1,682.6,True
3,5,2,10,4,10,2,5,1,10,2,10,0,7,0,10,2,10,1,10,2,690.4,False
3,1,1,5,2,4,0,5,1,10,0,2,10,8,0,2,2,3,0,10,3,677.1,True
3,3,4,4,1,2,3,0,1,4,0,5,2,8,0,2,2,1,1,3,1,625.0,False
3,5,3,9,6,7,4,4,2,7,3,9,2,5,5,3,2,4,4,2,3,650.7,True
1,4,1,4,2,3,2,3,1,6,0,3,3,9,0,3,2,6,0,3,2,629.9,False
2,5,1,3,5,3,1,1,2,6,2,4,2,7,1,10,2,10,0,7,3,607.6,False
5,0,2,5,10,5,10,5,1,8,8,1,10,8,0,0,2,9,6,10,1,753.4,True
2,1,2,5,10,10,5,1,1,10,2,10,5,6,0,0,2,10,3,7,1,715.7,True
2,5,1,5,3,2,1,4,1,4,0,3,5,7,4,0,2,3,0,1,3,619.3,False
2,3,4,4,3,3,4,2,1,7,4,6,2,9,5,3,1,6,4,6,1,642.4,False
2,3,4,10,2,10,4,1,2,1,2,7,2,7,0,1,1,2,1,6,1,626.9,False
5,2,4,2,0,10,6,2,2,6,1,10,1,8,0,4,1,5,4,9,1,653.2,False
5,3,10,9,4,7,8,5,1,9,4,9,3,8,0,2,2,10,6,8,2,746.5,True
2,3,3,4,10,7,3,2,2,7,2,2,10,7,10,7,2,8,3,4,2,639.5,True
2,0,5,3,4,3,2,0,2,4,1,2,0,7,0,1,1,5,2,10,2,615.7,True
1,3,3,4,6,4,5,3,2,0,1,1,1,8,0,1,2,10,1,10,3,639.5,True
1,5,8,4,7,10,6,5,2,9,1,5,5,6,0,1,2,8,1,7,1,679.0,False
2,3,10,10,10,10,5,3,2,8,3,4,2,6,8,1,1,9,2,10,1,672.0,False
1,2,6,5,4,5,4,3,1,5,4,6,5,3,3,6,1,3,3,4,3,634.4,False
4,4,9,9,9,8,8,4,1,8,9,9,9,9,9,9,2,9,9,1,2,728.0,True
3,5,5,3,10,2,0,5,2,5,3,10,1,5,0,6,2,0,2,2,2,628.8,False
5,2,10,6,10,10,6,2,2,10,5,9,3,6,0,5,2,7,6,5,2,713.8,True
5,3,1,2,10,5,2,3,1,10,2,10,2,7,8,4,1,4,6,8,2,661.5,False
2,3,2,3,4,4,1,3,1,1,0,2,1,7,4,4,1,1,0,2,1,586.8,False
2,1,2,2,2,3,1,0,1,8,2,2,5,8,0,1,1,1,1,7,1,622.7,True
3,0,1,4,7,1,3,5,2,1,2,1,0,7,0,0,1,10,3,7,3,635.9,False
5,2,6,5,10,10,3,5,1,8,6,10,2,6,0,5,2,8,4,10,3,732.7,False
3,3,4,6,10,10,7,4,2,9,7,5,6,6,10,2,2,10,8,5,3,697.7,True
5,1,10,6,3,3,5,1,1,8,8,2,5,6,0,1,2,1,8,10,1,705.6,True
4,1,7,10,9,10,1,5,1,8,6,3,5,8,0,1,2,8,8,10,2,747.0,True
5,2,10,8,1,3,3,0,1,1,5,6,0,8,0,0,2,5,5,5,1,676.2,True
2,3,10,4,3,5,4,1,1,3,2,3,2,8,10,5,2,8,1,3,1,633.1,False
3,2,2,5,1,3,3,2,1,2,1,3,1,4,5,2,1,2,3,2,2,598.3,True
5,2,10,5,1,4,6,0,1,3,5,6,1,8,0,1,2,5,5,4,1,679.6,True
3,2,5,0,0,3,3,0,1,2,0,1,0,7,0,1,1,2,0,4,1,593.4,False
4,3,8,5,7,3,8,4,2,5,5,4,4,6,10,4,2,8,5,10,3,672.0,True
5,5,2,5,10,5,1,5,1,5,0,6,0,8,2,1,2,10,6,5,1,683.0,False
1,4,10,1,0,1,3,0,1,2,1,5,5,7,1,0,1,0,2,2,1,601.0,True
4,0,10,10,10,10,6,0,2,8,10,5,1,7,0,0,2,0,10,5,2,716.6,True
1,3,8,6,10,3,3,3,2,6,0,5,0,9,6,7,2,3,0,4,1,625.2,True
3,3,6,7,10,10,7,2,2,8,3,8,5,5,0,3,2,7,2,10,2,698.1,True
4,5,3,3,8,6,1,3,1,6,5,1,0,7,0,7,1,8,2,9,1,641.0,False
3,0,0,1,5,2,1,5,1,7,5,10,10,7,10,0,1,4,8,6,1,670.0,False
4,3,1,4,5,10,5,2,1,4,4,1,2,10,0,3,1,4,4,10,0,660.3,False
0,4,0,4,0,1,0,0,2,0,0,2,0,5,10,0,2,2,0,1,1,540.5,True
1,4,0,2,1,1,3,0,1,3,1,1,2,8,4,2,2,1,1,6,1,593.6,False
3,1,6,3,3,4,2,0,2,9,7,2,2,8,0,0,2,10,1,8,3,663.5,False
2,3,3,2,10,1,2,1,2,4,2,4,1,5,7,4,1,2,1,4,2,580.0,False
1,0,10,1,10,10,3,5,1,7,2,7,5,6,0,1,2,2,5,10,0,715.1,True
1,4,3,10,6,8,5,2,2,3,2,8,5,6,2,4,2,10,4,4,2,659.2,True
1,3,8,3,7,4,4,5,2,3,0,7,1,6,5,0,2,6,6,9,1,657.3,False
3,1,5,8,7,8,10,5,1,6,3,8,5,7,2,2,1,2,1,9,0,698.5,False
2,5,4,3,7,6,2,0,2,8,7,4,1,7,0,1,2,2,6,3,3,636.5,False
4,3,3,8,5,10,10,5,2,9,6,6,8,7,10,1,2,4,7,7,3,701.5,False
4,1,6,8,4,8,7,2,1,7,2,6,3,8,5,1,2,8,3,5,1,698.3,False
4,4,10,4,0,5,6,0,1,3,2,6,0,6,0,3,2,8,1,10,1,662.2,False
1,1,10,10,3,10,5,2,1,2,1,8,10,5,0,2,2,5,3,10,0,706.6,True
4,2,5,4,5,10,5,3,1,10,4,10,4,7,0,6,2,5,2,8,2,705.7,False
1,4,10,5,10,6,8,4,2,4,5,4,10,8,5,2,2,7,4,10,3,692.8,True
5,2,3,5,10,10,10,1,1,7,3,3,2,4,10,0,2,10,3,10,0,695.2,True
4,2,2,5,4,10,3,2,1,8,4,7,1,6,0,2,2,6,9,7,3,696.4,False
2,4,5,4,4,10,1,2,1,6,2,4,7,7,0,1,2,2,3,3,0,660.3,True
5,2,10,2,5,5,2,5,2,10,2,10,2,8,0,0,2,7,1,10,2,700.8,False
1,2,10,3,7,5,5,1,1,5,4,4,3,8,10,2,2,5,1,4,1,652.0,False
5,3,2,10,7,10,7,5,2,6,3,8,1,7,7,5,2,10,3,3,3,681.5,False
5,4,10,7,3,10,3,1,1,7,1,8,1,6,0,3,1,6,1,5,1,664.3,False
2,1,5,4,3,6,3,1,1,3,5,1,4,8,3,2,2,7,4,5,1,659.9,False
1,5,4,3,8,4,2,1,2,4,1,3,0,7,10,10,2,0,2,7,0,578.5,False
2,1,1,3,2,5,10,5,2,5,1,10,3,7,0,1,2,10,4,10,3,687.0,True
0,4,1,5,8,10,2,4,2,1,4,6,5,6,0,8,2,6,2,0,1,628.2,False
0,4,1,5,8,10,2,2,2,1,2,6,5,7,0,7,2,6,2,0,1,621.6,False
4,2,10,5,3,7,2,3,2,7,5,4,2,8,0,1,2,6,8,4,1,682.6,False
0,4,0,5,4,10,1,0,1,7,0,7,4,5,0,0,1,1,0,0,1,607.8,False
4,2,5,2,5,5,3,0,1,4,4,7,4,7,0,6,2,7,2,10,1,671.1,True
0,4,0,5,4,10,1,0,1,7,0,7,4,5,0,0,1,1,0,0,1,607.8,False
3,1,9,3,10,3,1,0,2,1,1,3,1,7,0,1,2,3,3,4,2,634.6,True
3,1,8,2,5,2,1,0,2,1,1,4,0,7,0,1,2,3,2,3,2,617.8,True
1,3,7,7,4,8,1,5,1,7,2,7,5,5,8,2,2,4,4,6,1,670.7,False
5,2,8,8,2,10,7,3,2,4,2,10,3,8,10,5,2,6,4,3,0,670.2,False
4,1,2,6,7,6,1,2,1,4,5,7,3,8,4,1,1,2,4,4,0,656.0,False
5,1,2,9,8,7,6,2,1,5,2,7,2,8,0,1,2,6,4,6,0,705.3,False
2,2,10,10,10,10,5,2,2,10,10,7,2,7,0,6,2,6,3,7,0,708.5,False
1,1,1,5,2,10,6,1,1,5,2,7,8,7,0,1,1,5,1,6,0,659.2,True
3,4,2,5,7,10,3,2,2,3,0,10,0,8,10,4,2,3,1,2,1,619.2,True
3,3,9,2,3,10,4,2,1,8,6,10,10,6,4,1,2,10,10,8,1,725.9,False
1,4,4,4,2,5,2,1,1,7,2,6,1,8,10,5,2,2,1,4,1,613.3,True
4,3,1,7,10,4,3,5,2,7,3,8,0,6,7,1,1,1,2,10,2,642.2,False
3,1,10,3,1,10,3,0,1,5,10,8,1,7,0,0,2,3,4,5,2,690.0,False
5,4,7,3,4,5,3,0,2,10,7,10,10,8,0,0,2,4,8,10,3,702.5,False
5,1,8,6,5,5,5,5,1,9,5,10,5,8,0,1,2,4,3,6,3,728.0,False
4,4,7,5,4,10,5,3,1,2,1,6,1,8,5,1,2,4,1,10,2,672.8,False
1,4,5,1,7,10,2,5,2,8,2,2,0,7,5,4,2,2,0,3,1,620.8,False
3,2,8,10,10,4,4,5,1,8,5,6,3,7,2,4,2,7,9,10,2,728.7,False
2,5,4,5,10,10,8,1,1,6,6,8,3,7,0,1,2,6,9,5,2,703.6,True
1,5,10,10,7,10,3,5,2,2,0,1,2,6,7,2,2,10,1,1,2,640.8,False
2,2,5,3,10,5,2,3,1,5,3,2,5,8,0,1,2,6,5,7,3,683.9,True
1,2,5,10,10,10,3,2,2,2,2,4,5,7,4,1,2,4,4,3,1,658.6,False
5,2,4,10,10,10,5,5,1,5,6,10,5,8,1,10,2,5,1,5,2,716.1,False
4,3,3,4,2,5,3,2,1,3,1,7,0,5,5,1,2,6,2,4,1,640.1,True
3,1,3,9,5,10,4,4,1,9,5,4,5,8,9,6,1,5,8,10,2,686.0,False
3,5,2,5,10,6,1,1,2,5,8,9,1,7,5,0,1,10,0,1,3,629.0,False
3,1,4,4,5,6,5,5,1,6,1,4,7,7,10,3,1,7,4,7,1,662.0,True
3,2,5,5,3,5,6,0,1,8,2,4,3,8,0,2,2,5,3,3,1,665.6,False
2,2,5,5,8,10,5,5,2,4,4,5,3,8,0,2,1,5,2,5,1,660.7,False
5,0,10,7,4,6,3,3,1,6,5,10,10,6,4,0,2,7,7,10,2,739.5,True
5,4,10,10,6,10,4,0,1,5,3,2,0,7,0,3,1,6,4,0,2,658.2,False
4,3,10,10,10,5,7,5,1,8,5,10,10,7,5,1,1,10,6,10,1,741.4,True
2,2,10,10,10,10,10,5,2,6,10,4,10,6,0,0,1,5,8,10,1,731.5,True
1,1,7,5,10,4,5,5,1,9,1,2,1,9,4,4,2,3,5,7,1,682.4,False
2,2,6,3,3,6,0,5,2,4,1,8,0,6,8,1,2,5,1,10,2,638.8,True
3,2,4,8,3,6,3,5,1,8,2,9,2,8,0,1,2,3,3,9,1,698.9,False
5,3,10,8,10,6,7,5,2,9,6,9,5,7,1,2,2,9,6,10,1,739.5,True
2,3,2,3,1,7,2,5,1,5,1,2,1,7,0,1,1,2,2,10,1,634.4,False
3,4,5,10,10,10,10,5,1,9,3,6,5,7,0,0,1,10,3,10,1,727.0,True
4,4,10,5,10,5,1,5,1,8,0,5,0,8,5,9,2,3,3,7,3,667.5,False
2,1,10,5,10,10,9,5,2,10,5,5,3,8,2,1,2,10,8,10,1,737.2,False
2,3,3,4,10,3,0,5,1,2,1,3,0,8,0,10,1,2,1,10,1,622.9,False
0,5,0,3,2,2,2,0,2,7,0,4,1,9,0,1,1,4,0,8,1,582.5,False
2,4,2,4,2,6,2,0,2,8,3,5,10,7,0,4,2,3,1,0,2,623.1,True
2,2,1,3,4,10,0,1,1,8,0,1,1,7,6,2,2,5,1,8,2,635.9,False
0,3,5,6,3,4,1,0,1,6,3,2,2,7,4,6,1,10,1,6,1,614.0,True
5,3,3,3,3,5,2,5,1,8,4,7,1,8,3,8,2,4,2,6,1,664.5,False
2,2,10,10,8,9,4,5,1,6,4,3,3,6,0,1,2,7,7,7,1,721.1,True
1,4,0,3,10,4,5,5,1,6,7,10,5,6,6,2,1,2,6,8,2,663.0,False
2,4,2,2,0,2,1,0,2,5,1,2,1,8,10,1,1,4,0,3,2,556.4,True
2,3,5,1,3,10,5,5,2,8,3,7,10,8,0,0,2,2,1,10,1,684.9,True
3,3,10,5,6,10,5,4,1,9,4,9,7,7,0,2,2,10,9,6,3,739.5,False
3,2,4,9,4,8,3,5,2,8,0,4,1,8,2,1,2,2,1,5,2,658.8,True
4,5,4,5,10,10,10,4,2,10,7,10,7,7,4,3,2,10,4,3,1,710.8,False
0,5,1,3,2,2,0,0,2,3,2,1,10,6,5,10,1,0,0,0,1,537.1,False
4,1,10,10,8,10,6,2,2,2,4,10,4,8,0,0,2,6,5,10,0,722.9,True
2,1,1,5,2,5,1,3,1,0,0,1,0,8,4,0,1,0,0,5,1,600.4,False
2,2,2,3,10,2,10,5,1,7,5,4,6,5,10,6,2,10,5,7,2,682.0,True
1,0,1,3,1,10,3,5,2,4,1,3,1,7,10,1,1,2,2,7,1,607.4,False
2,2,8,8,5,6,7,5,2,8,3,4,10,7,0,1,1,3,6,5,1,680.7,True
4,2,10,10,10,10,5,5,1,9,5,9,2,7,0,1,2,10,6,10,1,761.6,False
1,2,2,10,8,10,4,5,1,9,4,5,3,6,3,1,2,2,4,3,1,689.2,False
2,3,10,10,2,4,7,5,1,5,5,2,1,7,0,2,1,10,1,5,1,673.5,True
1,5,10,3,4,2,3,5,1,7,2,4,5,7,0,9,2,10,1,10,3,667.1,True
1,3,6,5,1,2,3,5,1,9,5,8,2,8,3,2,2,4,2,5,1,668.1,False
1,3,6,9,8,10,6,5,1,5,2,6,4,7,0,1,2,8,2,4,1,703.2,True
4,2,4,3,5,8,5,2,2,8,6,6,7,7,0,5,2,6,1,7,2,676.0,False
4,2,4,3,6,10,5,5,1,6,5,3,3,8,0,4,2,10,2,3,1,696.0,True
2,3,6,6,4,5,6,3,1,7,1,5,2,7,0,6,2,4,1,3,1,657.1,False
2,2,10,10,10,10,4,5,2,10,3,8,2,7,0,1,1,2,1,4,1,683.2,False
1,2,3,7,2,5,6,4,2,7,4,3,10,7,0,1,2,5,3,5,1,668.6,True
2,3,5,4,6,8,8,2,1,9,6,7,10,6,0,1,1,8,7,7,1,703.2,True
2,4,5,6,10,10,10,0,2,1,1,2,5,5,10,2,2,10,1,2,2,634.0,True
3,3,4,8,8,7,5,3,2,5,2,5,4,7,4,3,2,4,3,6,1,660.5,True
4,4,3,3,2,5,0,5,2,3,0,5,0,10,0,0,1,3,2,10,3,625.4,False
5,2,4,2,2,4,5,5,1,3,2,3,4,8,0,0,2,10,2,10,0,690.9,False
3,1,10,7,8,8,3,5,1,7,4,10,3,7,0,3,2,10,1,1,1,717.6,False
2,4,3,10,10,10,10,2,2,6,8,3,10,6,0,0,2,10,8,8,3,719.4,False
2,5,5,7,10,3,6,5,1,10,1,8,10,9,0,1,2,10,2,10,1,724.4,False
5,3,10,5,6,8,2,5,1,3,1,10,0,8,0,1,2,5,3,10,1,707.6,False
1,3,4,5,8,8,5,4,1,7,2,7,4,7,0,2,2,7,3,10,1,698.3,True
1,3,10,5,7,8,6,4,1,7,2,6,4,7,0,2,2,6,2,10,1,703.2,True
0,2,10,5,10,10,10,5,1,8,6,2,4,7,0,1,2,10,3,3,1,721.1,False
2,2,3,4,10,4,3,2,1,5,4,10,10,6,4,1,2,2,4,10,2,690.2,False
3,1,4,10,10,10,4,3,1,8,2,10,5,7,0,2,2,4,10,7,2,732.9,False
4,1,3,4,9,5,7,2,1,8,4,8,5,6,1,1,2,7,7,7,3,713.6,False
5,3,10,7,3,5,1,5,1,6,1,10,3,8,0,2,2,10,2,10,3,714.4,False
4,2,10,5,7,10,2,1,2,3,1,3,4,9,0,0,2,3,3,10,0,675.8,True
2,1,1,5,5,7,6,1,1,6,2,7,0,8,5,1,2,5,2,6,1,662.8,True
1,4,3,4,5,8,2,2,2,5,2,8,10,8,10,3,2,5,1,3,2,630.7,False
3,2,6,10,3,10,5,0,1,3,3,10,2,7,0,10,2,4,2,10,2,678.5,True
4,2,6,4,3,3,2,4,1,4,2,5,4,9,4,0,2,6,2,4,3,669.4,False
4,2,10,6,5,5,3,5,1,7,1,8,2,8,0,1,1,7,6,10,1,702.1,False
4,3,7,4,10,10,6,5,1,9,1,10,10,7,0,2,2,7,7,10,3,748.2,False
0,3,2,6,1,10,1,3,2,5,6,5,10,9,0,0,1,4,0,8,1,643.9,False
3,1,0,0,5,8,7,4,1,5,6,5,5,7,6,5,2,6,6,9,1,682.6,True
2,4,5,5,5,4,7,5,1,5,4,10,0,6,0,2,1,4,4,8,3,668.1,False
4,3,7,2,5,2,8,1,1,7,8,2,5,9,7,1,2,8,8,8,2,690.9,False
5,3,8,9,7,8,9,1,1,8,5,3,8,7,10,2,2,7,8,10,1,717.9,False
5,2,10,3,10,8,2,2,1,7,3,8,5,8,0,1,2,4,5,10,2,720.8,False
1,2,4,7,3,9,9,5,1,8,2,10,1,7,0,0,2,10,1,2,0,702.3,True
2,5,7,10,10,3,7,4,1,5,1,2,10,6,5,2,2,10,1,6,1,686.9,True
2,5,7,4,10,5,2,4,1,5,1,7,10,6,0,3,1,10,2,10,1,679.4,False
5,1,8,6,10,10,6,3,1,8,5,8,1,7,0,2,2,10,8,10,1,749.5,True
3,2,4,10,4,7,2,3,1,7,4,8,3,7,1,1,2,3,3,3,1,684.9,False
4,1,10,10,8,5,7,4,1,8,2,8,10,8,0,1,2,10,3,10,2,754.8,False
0,4,3,3,2,4,0,1,1,2,0,7,0,7,0,4,2,5,1,6,1,615.0,False
2,1,1,6,6,10,0,5,2,3,2,2,5,7,0,1,2,2,1,1,3,642.9,True
4,3,0,0,1,10,7,0,2,6,2,5,0,8,0,1,1,7,2,10,0,630.1,False
3,2,8,4,3,6,2,1,2,5,0,3,2,6,5,0,2,6,3,4,1,632.7,True
3,5,1,6,4,2,0,0,2,6,0,1,3,7,10,1,2,3,0,5,2,584.9,False
1,2,3,1,1,3,3,0,2,1,1,1,1,7,0,10,2,3,0,10,2,584.9,True
1,2,3,4,2,2,1,1,2,7,2,7,2,7,0,9,2,3,2,8,2,616.7,False
3,1,4,10,10,7,10,5,2,7,10,5,10,8,3,0,2,10,8,10,3,750.8,False
3,5,2,2,5,5,2,0,1,8,3,5,0,8,2,1,2,3,1,2,1,630.1,True
3,4,6,5,10,10,10,5,2,8,8,7,10,6,7,1,2,6,10,10,1,727.0,True
4,4,4,4,4,8,5,5,2,5,3,2,3,7,2,7,1,4,1,3,1,620.8,False
3,2,7,4,5,5,4,3,2,0,3,7,3,7,0,1,1,2,6,8,2,645.6,False
3,1,6,1,10,5,3,1,2,2,2,3,2,10,0,0,2,5,3,10,1,662.4,True
2,2,2,7,10,7,2,2,2,7,5,1,4,9,5,1,2,5,1,9,3,660.1,False
5,5,10,1,2,6,0,0,1,5,1,10,0,8,0,1,1,10,2,5,1,648.1,False
2,3,3,3,3,2,3,2,2,5,3,1,7,7,7,8,2,3,1,9,2,608.7,True
3,3,3,3,3,10,3,2,2,5,1,1,7,7,7,7,2,3,1,9,2,624.0,True
5,2,8,10,10,8,3,5,1,8,8,10,2,8,0,1,2,3,8,10,1,753.5,False
3,4,4,8,8,10,3,5,1,3,0,6,2,6,0,10,2,2,1,7,1,662.2,False
2,5,4,6,10,10,3,2,1,1,2,7,3,6,7,8,1,6,3,3,0,626.7,True
2,2,10,10,10,3,10,5,2,8,8,10,10,8,0,2,2,10,8,10,2,756.9,False
5,3,5,5,10,3,5,5,1,2,5,7,3,7,1,5,1,8,4,5,3,677.9,False
4,3,10,5,4,10,6,3,1,7,2,3,3,8,4,5,2,10,3,10,2,699.4,False
3,0,7,0,3,10,0,0,1,7,1,10,0,8,10,0,2,0,0,7,1,648.1,True
5,3,2,1,2,5,1,1,1,8,1,10,4,8,0,3,2,8,3,10,0,677.0,True
2,4,6,4,3,7,5,5,1,9,2,10,1,8,10,3,2,7,3,5,1,671.9,False
3,3,5,2,3,2,3,5,1,5,1,6,2,6,0,7,2,3,0,5,2,641.8,False
4,5,6,2,3,1,0,2,2,1,3,1,10,8,10,2,2,10,2,4,2,615.7,False
3,4,3,4,3,6,5,1,2,2,1,5,2,6,5,6,2,5,0,5,1,607.6,False
3,2,6,5,2,8,2,2,1,5,3,9,1,7,0,4,2,4,1,5,1,666.4,False
3,3,4,4,5,8,3,2,2,7,2,2,2,8,8,9,2,2,0,8,2,617.6,True
2,1,5,5,2,5,3,5,1,9,1,9,1,7,1,1,2,3,2,5,1,678.3,True
2,2,10,10,8,5,8,3,1,7,2,10,3,7,3,1,2,9,2,7,1,717.6,False
3,3,7,3,5,5,1,2,2,3,3,4,1,7,5,5,2,7,1,1,1,617.8,False
5,1,3,10,6,6,0,0,1,4,2,5,1,10,10,1,1,5,5,10,1,656.0,True
4,2,0,2,7,3,5,5,1,6,2,7,5,7,4,0,2,2,6,10,3,686.4,False
1,4,3,5,3,5,10,5,2,2,8,5,10,9,0,2,2,3,2,10,1,677.9,False
1,3,3,10,7,5,3,2,1,2,6,7,5,5,0,2,1,7,3,3,1,655.4,True
3,2,10,5,10,6,10,5,1,9,4,5,5,7,1,3,2,10,1,6,2,726.8,False
2,2,0,1,0,4,0,0,2,0,1,3,0,4,5,0,1,0,1,0,3,543.9,False
3,1,10,6,2,6,6,2,1,8,2,10,3,7,0,3,2,3,2,3,1,688.7,True
1,5,0,4,5,10,5,2,1,5,3,5,5,6,5,5,1,6,2,10,3,634.8,False
1,2,6,8,4,10,5,5,1,9,1,6,1,8,0,1,2,10,1,8,2,706.8,False
5,2,6,10,6,5,4,4,2,8,3,3,10,9,0,1,2,8,3,10,2,713.2,False
3,1,5,4,3,3,4,0,1,7,2,4,1,8,0,1,2,0,2,7,3,653.7,False
3,1,0,4,10,4,3,3,1,5,3,5,1,6,10,1,1,2,3,7,2,634.8,False
1,5,0,3,1,2,1,0,2,2,1,2,10,8,10,10,1,0,0,5,1,541.1,True
1,5,6,10,8,10,6,3,2,3,3,1,5,8,10,10,2,10,1,10,2,646.3,True
2,1,8,4,2,4,5,0,2,8,2,9,2,6,0,0,2,3,3,7,1,657.7,True
4,3,3,3,10,10,5,3,2,3,3,4,1,6,0,2,1,2,1,5,3,634.6,False
1,1,7,10,10,10,5,1,1,5,6,5,10,7,3,2,1,9,2,2,2,691.1,False
3,3,3,7,6,10,6,4,1,5,4,8,7,6,10,5,2,6,3,6,2,683.0,True
3,3,10,4,4,5,2,2,1,3,4,3,3,7,2,1,1,5,2,3,1,641.4,False
1,4,4,3,1,4,1,1,1,1,1,5,7,4,4,10,1,3,3,0,0,578.3,False
3,2,9,10,10,3,10,5,1,4,8,5,5,7,0,1,2,6,6,8,2,737.0,False
3,3,2,5,6,10,1,3,2,6,7,3,6,7,4,1,2,7,2,5,2,661.8,True
4,3,1,4,6,10,2,3,2,6,5,3,6,7,4,2,2,6,2,5,2,656.7,True
2,1,5,6,5,8,3,2,2,0,1,5,0,9,0,0,1,4,0,6,1,628.6,False
4,2,7,4,5,2,2,1,1,7,3,5,5,7,0,4,2,10,7,2,1,679.2,True
3,3,3,5,10,10,1,4,1,5,2,10,0,7,10,1,2,5,0,2,2,661.5,False
2,2,1,2,1,3,1,0,2,5,1,4,2,8,10,7,2,4,2,3,2,580.6,True
2,1,10,5,10,3,6,3,2,8,4,5,10,8,0,1,2,5,6,10,3,711.7,False
5,1,5,6,3,10,10,2,2,8,1,3,1,6,5,3,2,4,1,3,0,656.5,False
3,3,10,2,3,10,4,0,1,2,4,10,0,8,1,6,1,5,1,5,2,644.7,False
2,2,5,1,2,10,3,1,1,7,3,4,5,7,0,2,2,3,3,8,2,667.1,True
2,4,10,10,10,10,10,4,1,8,4,1,5,8,9,6,1,10,5,10,3,699.0,False
2,3,7,3,8,5,0,1,1,5,1,10,4,7,7,2,2,3,3,7,1,656.4,True
4,2,5,10,10,10,3,5,2,8,3,8,5,9,0,0,2,10,2,7,2,724.4,False
2,4,10,5,6,5,5,5,2,7,3,6,5,7,10,3,2,10,3,10,1,674.3,True
3,2,6,10,10,10,10,0,2,8,6,5,10,6,3,0,1,10,3,8,0,701.1,True
3,0,6,10,6,6,10,5,1,6,5,10,10,9,0,1,2,10,5,10,1,765.6,False
3,2,3,5,4,2,2,2,1,5,5,5,10,7,7,1,1,9,3,8,3,658.8,False
1,3,10,8,0,10,2,0,1,6,5,6,5,7,0,1,2,2,6,4,1,676.0,True
2,4,0,7,3,10,4,2,1,2,0,9,1,9,10,1,1,8,1,1,1,622.6,True
1,2,10,3,10,10,7,4,2,2,2,10,2,3,0,2,2,10,2,7,2,686.2,True
1,5,4,1,4,2,10,1,2,9,2,2,1,8,0,8,1,3,2,10,2,604.0,True
2,2,1,3,2,5,0,0,1,1,2,3,3,6,2,3,1,1,3,5,0,597.0,True
5,2,4,8,9,5,5,5,1,8,3,5,5,8,0,3,2,3,3,6,2,708.3,False
4,4,2,4,5,10,1,3,1,7,0,6,1,5,0,3,2,1,0,10,3,656.9,False
5,2,8,2,4,2,9,5,1,3,2,8,0,8,0,7,2,7,2,10,2,690.2,True
1,2,0,1,3,10,0,0,1,3,0,2,0,8,0,2,1,2,3,3,1,598.9,False
0,2,9,3,1,2,2,0,2,5,0,7,3,6,0,1,2,3,0,4,2,614.8,False
1,2,4,5,5,4,7,1,2,7,6,3,8,7,10,2,2,6,2,5,1,643.1,False
2,5,6,10,10,10,2,5,2,9,3,1,0,6,2,1,2,4,1,1,2,654.4,False
0,3,3,0,1,2,2,1,1,9,6,7,5,8,0,1,1,2,1,8,3,630.5,True
2,4,10,7,10,10,10,5,2,8,3,10,3,8,0,10,2,10,0,4,2,699.1,True
1,2,9,3,3,10,2,2,2,5,0,7,5,7,10,3,2,2,2,5,2,630.3,True
1,3,1,6,8,10,4,1,2,6,8,4,2,6,10,2,2,2,0,1,2,621.0,True
5,5,2,2,5,3,5,3,2,3,4,10,10,7,10,5,1,3,7,10,0,636.0,False
4,3,3,5,2,6,3,1,1,5,0,10,1,8,4,5,1,2,3,2,1,624.3,False
4,2,3,5,7,10,3,2,2,5,8,2,8,8,7,4,2,5,3,7,2,666.9,False
3,5,6,4,4,10,4,5,1,6,5,8,3,8,10,8,2,10,3,2,0,668.1,True
2,1,6,2,2,4,1,1,1,3,3,4,2,6,0,6,2,3,1,5,1,631.2,True
1,2,1,2,5,10,5,1,1,4,7,10,5,4,0,2,2,4,1,5,2,667.7,True
3,4,10,5,10,10,7,4,1,3,5,7,2,4,10,2,1,10,2,10,0,680.7,True
4,2,9,5,4,4,5,0,2,6,1,1,5,7,0,4,2,5,2,5,2,646.1,False
2,1,9,6,1,2,5,2,1,8,5,9,1,8,0,0,2,5,2,6,3,688.7,True
4,3,3,5,0,10,2,2,1,4,1,8,1,7,0,1,2,7,1,10,2,673.0,True
5,3,4,9,9,7,6,5,1,6,5,5,10,7,10,0,2,10,8,7,3,728.5,False
2,1,7,3,2,4,4,1,2,7,3,8,2,6,0,0,2,5,3,7,1,657.5,True
5,5,5,3,3,3,5,0,1,8,5,10,5,5,2,1,2,1,5,10,1,674.7,False
3,1,8,8,10,9,3,5,2,5,5,10,5,7,7,1,2,6,1,10,2,705.7,True
1,3,8,5,1,2,2,1,1,4,1,5,2,7,0,6,1,2,2,6,0,612.9,False
0,2,2,3,10,10,0,2,2,2,0,3,0,9,5,2,1,2,5,0,2,595.9,False
2,3,10,6,5,6,4,5,2,4,4,4,5,5,2,1,2,4,5,5,1,668.4,False
1,5,4,3,6,5,5,2,2,5,5,5,5,8,6,6,2,6,8,4,1,636.9,False
1,5,4,2,3,2,0,2,2,8,1,5,3,6,3,7,1,2,1,0,1,568.5,False
5,1,10,10,5,4,10,2,1,6,2,3,5,7,0,2,2,6,5,10,2,721.3,False
5,1,7,3,10,5,3,5,1,7,1,5,3,7,0,0,2,10,6,10,3,725.1,False
1,3,10,2,1,10,4,3,2,5,1,7,1,4,1,5,2,10,1,4,0,641.6,True
3,1,5,0,10,10,3,5,2,8,2,8,2,8,0,0,2,10,2,10,2,703.8,False
1,2,1,5,2,4,2,1,2,9,5,4,7,8,1,5,2,7,4,8,1,648.6,True
5,3,10,4,4,10,3,1,2,1,1,6,3,7,5,2,2,10,1,2,3,650.5,True
4,4,2,4,10,10,3,5,2,5,8,1,5,7,7,1,2,10,7,10,3,688.6,False
3,4,5,8,6,10,4,1,1,4,3,3,4,2,0,4,1,10,1,5,0,648.9,False
1,5,1,3,3,4,2,1,2,5,0,6,2,6,7,3,1,10,1,0,1,575.5,False
1,2,7,2,0,2,1,3,1,3,1,3,1,6,2,0,2,1,3,7,1,629.3,True
2,3,10,10,6,10,6,2,1,7,7,7,6,6,7,6,2,6,3,7,0,699.8,False
5,3,3,5,3,6,9,3,1,9,9,8,10,7,0,0,2,10,10,8,0,746.1,True
2,2,10,8,4,4,6,3,2,3,3,8,0,8,6,1,1,3,3,10,3,647.7,False
4,5,5,8,8,5,7,5,2,5,3,10,5,7,0,5,2,7,3,5,2,685.3,False
3,2,10,10,7,5,3,2,1,7,3,8,3,8,0,1,2,6,8,5,1,714.0,False
2,3,0,5,3,6,5,3,1,7,6,9,7,6,0,3,2,5,6,8,1,690.0,True
1,5,0,3,2,10,2,3,2,7,3,8,2,6,0,10,1,3,0,3,1,592.9,False
5,2,0,3,6,3,1,0,1,7,3,10,2,7,0,1,2,6,3,8,1,673.4,True
4,3,6,5,1,3,5,2,2,3,2,4,2,8,5,2,2,10,0,4,1,635.0,False
3,4,10,5,2,6,0,3,1,2,3,4,1,8,5,10,2,8,0,0,2,628.2,False
3,3,1,6,4,3,0,0,1,2,0,5,0,8,0,7,1,0,4,10,1,608.0,True
1,0,3,5,7,4,8,3,1,5,0,10,3,7,0,3,2,5,1,5,2,680.2,False
5,3,3,5,5,10,1,1,1,8,2,8,5,8,10,1,2,0,5,7,0,669.8,True
2,5,10,2,0,3,5,0,1,5,4,5,0,6,10,6,1,6,2,10,1,607.6,False
3,4,10,6,10,4,5,5,1,7,7,3,5,7,5,5,2,10,2,10,2,706.0,False
4,5,10,4,10,9,10,5,2,9,6,7,3,9,0,0,2,10,6,10,2,736.1,False
1,1,10,5,10,6,5,0,1,7,6,4,10,7,0,1,2,10,6,7,2,719.8,True
1,4,2,3,9,3,2,1,2,3,3,7,1,6,5,9,1,3,1,5,1,580.8,False
5,5,10,5,8,10,3,1,1,10,5,4,7,8,0,3,1,10,0,10,1,697.9,False
4,4,10,10,10,10,2,5,1,7,4,5,10,7,0,1,2,4,5,4,1,728.5,False
0,3,6,2,2,10,1,1,2,9,2,6,2,10,0,2,2,10,4,10,3,663.0,False
3,4,8,8,5,5,10,5,2,5,4,5,2,6,0,3,2,10,2,6,1,684.1,True
4,3,10,10,10,10,7,4,2,8,4,7,2,8,0,0,1,8,4,10,2,713.8,False
2,4,3,5,10,5,2,4,2,1,2,4,4,8,5,4,2,5,2,3,2,629.9,False
3,4,9,5,3,10,4,2,1,8,2,8,8,8,10,0,2,9,2,4,1,686.8,False
3,1,5,3,4,5,0,5,1,5,1,8,0,6,9,2,2,6,1,10,3,660.9,False
3,3,4,8,10,10,4,2,2,8,3,10,10,6,6,2,2,8,6,10,3,705.5,False
1,5,10,5,10,10,2,5,2,3,0,6,5,5,10,0,2,10,10,2,3,665.4,False
3,2,10,7,5,10,5,5,1,8,3,10,1,8,0,2,2,5,3,7,1,721.2,True
1,4,3,4,10,4,4,4,1,1,1,2,8,7,3,8,1,1,3,8,1,625.9,True
2,3,10,4,3,1,6,2,1,5,3,4,3,8,10,5,1,5,3,4,1,624.8,True
4,5,10,6,10,10,1,5,2,8,2,9,10,6,10,0,2,9,10,4,3,705.3,False
5,1,10,3,9,5,10,5,2,10,8,8,10,7,0,1,2,6,5,2,3,734.2,True
0,5,1,2,10,10,3,1,2,4,5,3,0,4,10,1,1,10,4,10,3,608.5,True
3,1,10,8,4,5,2,1,2,10,4,6,2,7,0,2,2,10,6,10,1,696.4,True
2,1,3,1,9,7,3,2,1,8,2,4,3,7,0,2,2,4,5,3,2,670.5,True
2,3,4,6,7,5,4,0,1,5,7,5,3,8,0,3,2,3,7,4,1,670.9,True
3,4,5,5,5,5,2,4,2,5,3,5,5,7,5,1,2,5,2,2,2,641.8,True
2,3,6,5,2,10,5,2,2,10,3,10,2,7,0,6,2,10,3,4,2,671.7,False
4,3,7,10,7,10,10,5,1,8,8,8,6,7,0,1,2,10,7,6,0,759.7,True
1,5,2,2,1,8,1,3,2,3,0,1,0,6,10,9,1,2,3,7,0,554.1,False
3,3,9,5,6,10,8,1,2,10,8,9,8,9,0,3,2,10,6,6,0,722.9,True
4,1,4,3,3,10,3,3,1,2,1,5,5,8,5,1,2,5,4,5,0,672.6,True
1,1,8,3,4,3,5,1,1,8,4,10,0,8,7,3,2,8,3,7,0,671.9,True
2,4,7,10,3,10,5,3,1,3,0,7,10,7,4,7,2,9,3,10,0,691.5,False
4,5,8,6,10,10,4,5,1,3,3,10,1,7,5,3,1,6,5,10,0,688.7,True
4,4,6,10,10,10,3,5,1,9,2,10,3,7,3,1,2,4,2,4,0,710.8,True
4,5,2,5,0,4,2,0,2,7,3,8,0,7,0,1,1,4,4,2,0,606.7,False
5,5,10,5,0,10,1,1,1,5,1,1,1,7,10,10,1,10,1,0,0,603.6,False
5,1,10,4,2,4,3,1,1,5,1,4,2,7,0,4,2,4,2,7,1,667.1,False
2,4,0,4,2,1,1,4,1,1,1,4,0,4,10,0,1,7,1,7,3,591.7,True
5,1,10,4,4,3,6,2,1,10,2,6,10,7,0,3,2,2,2,4,3,698.1,False
1,3,4,2,5,10,3,1,1,7,1,5,1,7,0,4,1,4,0,5,2,628.2,False
4,3,6,1,10,4,2,4,2,7,2,3,2,5,0,3,2,4,1,7,2,649.5,False
2,4,4,8,10,10,5,3,2,5,3,3,0,7,5,0,2,10,5,5,2,668.6,False
3,4,4,8,8,10,7,2,2,5,3,5,1,7,0,3,1,6,4,5,3,652.0,False
1,3,3,4,4,4,1,1,1,6,1,1,10,7,7,5,2,0,1,3,2,615.5,False
5,1,8,5,10,6,6,4,1,7,2,9,7,9,0,1,2,6,7,10,3,746.7,True
5,5,10,0,10,3,7,5,1,9,2,10,1,6,0,10,2,10,1,10,3,698.7,False
5,2,10,10,10,10,10,5,2,10,10,9,0,8,0,1,2,10,10,10,2,772.0,True
5,3,5,3,10,5,3,3,1,9,2,8,5,6,10,4,2,6,2,9,2,681.3,False
5,3,4,3,4,5,3,5,2,8,0,2,5,8,2,10,2,3,3,2,1,634.6,False
2,3,6,4,4,5,3,1,1,4,1,2,1,7,0,3,1,5,2,7,1,627.6,True
3,1,10,7,10,2,4,5,2,3,3,3,2,8,0,1,2,8,5,10,3,696.0,False
1,3,7,10,10,10,4,0,1,6,3,10,2,7,10,4,2,3,3,4,3,668.3,True
5,1,6,7,10,8,6,2,1,9,6,10,3,9,1,1,1,5,6,10,1,726.5,False
1,5,1,1,3,2,1,2,2,3,1,5,0,5,5,7,2,2,1,2,2,564.9,False
2,4,7,3,3,8,2,3,1,5,3,5,0,7,0,2,2,10,2,8,1,670.7,False
2,4,8,4,3,8,2,3,1,5,3,5,0,7,0,2,2,10,2,8,1,674.1,False
5,1,10,10,10,8,4,0,1,5,3,10,10,7,0,1,2,4,8,10,3,744.8,False
2,5,2,10,10,10,1,2,2,10,5,7,5,7,0,3,2,8,10,7,2,694.9,False
4,4,10,4,2,5,5,4,1,5,2,4,0,8,10,6,2,5,8,3,1,653.7,False
5,3,3,4,5,4,7,3,1,5,4,9,1,8,8,2,2,9,4,3,3,676.8,False
5,3,10,6,5,7,5,5,1,6,6,10,5,8,4,0,2,10,6,5,3,733.1,False
3,3,3,6,10,10,3,3,2,7,3,5,10,8,0,1,2,3,4,10,2,694.7,True
3,2,10,6,10,10,10,5,2,8,5,8,6,7,0,1,2,10,4,10,3,742.7,True
1,4,5,7,3,7,5,5,2,5,3,5,5,7,0,2,2,8,5,4,3,667.3,True
3,2,10,8,10,7,10,5,2,5,2,5,3,5,0,1,2,10,2,5,3,704.3,True
2,4,2,5,5,5,6,5,1,3,1,10,0,7,5,10,2,6,1,5,3,644.5,True
1,4,1,0,1,4,0,0,1,4,1,7,0,5,10,9,1,3,0,10,1,565.3,True
1,3,4,7,1,5,5,5,1,5,0,5,1,8,0,6,2,3,1,8,1,653.9,True
4,2,3,4,5,4,4,2,1,3,5,6,5,6,0,1,1,4,2,2,1,648.6,False
5,3,7,7,5,6,4,5,1,5,2,10,6,7,5,2,2,6,3,8,2,705.7,False
2,1,8,4,2,5,6,1,1,7,2,10,1,6,0,0,2,5,2,7,1,681.7,True
3,1,2,1,1,2,3,0,1,3,2,7,6,8,0,0,2,2,10,10,1,667.9,True
1,1,10,2,10,7,10,0,1,7,1,3,3,8,0,3,2,10,2,7,1,694.3,False
1,1,2,7,1,1,1,2,2,5,3,2,3,4,0,1,2,5,1,10,2,627.0,False
2,0,0,2,0,10,0,0,2,6,1,2,2,8,0,0,1,3,0,10,1,610.8,True
5,3,9,10,10,3,5,5,2,5,6,8,3,8,0,3,2,10,1,7,3,710.6,False
5,4,3,9,9,6,6,3,1,9,8,5,7,8,0,0,2,10,3,10,1,735.5,True
5,2,3,4,3,4,2,5,2,8,6,7,2,8,0,1,2,4,6,3,2,674.7,False
3,2,8,4,5,2,0,3,2,4,0,10,0,7,3,1,2,1,1,1,2,627.5,False
2,1,3,4,10,2,1,5,1,8,1,8,0,7,0,1,1,3,1,10,2,664.5,True
2,1,2,4,2,3,0,1,1,3,4,6,0,9,0,0,2,6,0,8,3,650.9,False
5,0,10,3,4,0,0,5,2,10,7,10,6,7,0,0,2,10,8,10,3,726.1,False
4,2,3,6,7,10,9,2,1,9,5,9,8,9,2,2,2,5,7,5,1,728.0,False
4,2,5,8,5,5,2,3,2,6,2,6,0,6,0,1,2,4,1,10,1,663.9,False
0,5,2,7,3,1,0,2,1,0,1,5,0,6,0,10,1,2,1,3,2,571.9,True
2,3,5,10,5,5,7,3,1,7,6,5,10,6,0,10,2,10,2,10,0,702.8,False
1,1,3,2,0,10,5,0,1,0,3,2,3,3,2,1,2,2,1,4,2,621.7,False
3,4,2,4,8,4,2,0,2,0,0,7,0,6,7,5,1,5,1,0,2,572.3,True
3,2,0,8,1,6,3,1,2,1,8,7,4,6,4,4,2,4,7,7,0,645.4,True
3,1,6,10,0,10,5,2,2,7,6,10,7,9,0,0,2,3,6,3,1,701.0,False
4,2,6,7,1,8,2,1,2,0,6,6,3,6,4,3,2,2,8,6,0,648.6,True
2,2,2,7,5,6,4,1,2,2,2,3,2,7,1,3,2,3,2,4,2,626.1,True
2,4,6,6,10,7,7,5,2,7,4,10,1,7,0,5,2,6,3,6,2,685.3,True
3,2,0,10,5,10,5,1,1,4,8,6,5,8,6,5,1,7,6,6,1,671.1,True
2,2,0,10,8,10,5,1,1,5,8,7,5,8,10,5,1,5,6,6,1,666.2,True
3,1,0,7,1,8,2,0,1,4,5,5,2,6,4,1,2,3,6,6,0,655.2,True
2,0,7,9,10,10,10,2,2,10,7,1,10,8,0,0,2,10,8,10,3,746.6,False
2,4,1,3,3,5,2,5,1,5,1,10,2,5,0,5,2,5,0,5,2,645.8,False
1,5,6,5,6,3,3,1,1,0,1,4,0,7,3,5,1,0,1,1,1,585.5,False
2,0,3,1,5,2,0,3,1,2,0,3,2,7,0,0,2,6,0,6,3,643.1,True
1,3,3,2,3,10,1,2,1,2,2,1,2,7,0,4,1,3,1,1,1,603.6,False
1,4,9,7,5,6,4,3,2,5,5,2,1,5,1,1,2,5,1,3,1,640.8,True
2,4,4,10,9,9,3,2,1,7,3,5,2,8,10,3,2,3,5,3,2,662.4,False
4,0,10,6,4,5,2,5,1,5,2,5,0,8,0,0,2,6,2,10,3,704.9,False
5,4,2,5,10,10,7,4,2,7,2,6,1,7,0,3,2,5,1,4,3,672.6,False
5,4,2,5,10,10,5,0,2,4,2,6,1,7,0,1,2,5,1,3,3,652.2,False
5,5,0,3,6,4,1,5,1,1,2,4,5,6,10,0,1,10,1,10,3,636.3,False
2,5,2,4,5,2,3,5,2,1,2,5,0,7,0,8,2,0,1,8,2,607.8,False
2,0,10,5,4,4,4,0,1,6,2,1,0,8,0,2,2,6,2,4,1,661.6,False
1,2,10,7,5,5,3,3,2,7,3,3,0,9,10,2,2,2,0,2,1,628.2,False
2,4,8,6,4,8,2,2,1,7,2,6,5,7,6,4,2,5,1,8,1,664.1,True
3,1,10,10,10,5,7,5,2,7,3,9,7,8,0,3,2,10,3,10,2,734.6,False
1,4,10,2,7,7,6,2,1,6,7,3,1,9,8,7,2,7,4,8,1,665.6,True
5,2,6,10,7,7,6,3,1,10,2,10,10,7,10,3,2,10,2,10,3,727.8,True
3,3,4,8,7,5,4,3,2,6,9,8,3,7,8,2,1,5,8,7,2,661.1,False
3,3,3,3,3,3,3,3,2,3,3,3,3,3,3,3,2,3,3,3,2,611.7,True
4,4,4,4,4,4,4,4,1,4,4,4,4,4,4,4,2,4,4,4,0,651.2,True
5,2,4,5,3,10,2,3,1,5,1,10,0,7,0,3,2,3,1,4,3,673.4,False
5,1,8,6,7,10,7,0,1,7,5,7,10,8,0,1,2,7,2,10,2,735.9,True
3,0,6,4,4,2,5,5,1,7,3,7,5,7,0,0,2,10,2,10,3,713.6,False
5,3,1,7,8,6,2,0,1,5,0,2,1,10,0,4,2,0,4,10,0,658.8,False
1,1,5,3,0,5,1,0,1,7,2,2,1,7,0,1,2,2,1,0,1,622.5,True
0,2,5,4,5,8,1,1,1,7,1,2,5,9,0,2,2,3,1,10,0,660.3,True
4,5,9,8,6,9,9,5,2,9,9,7,6,8,6,6,2,8,7,9,2,717.2,True
3,4,5,7,5,6,7,3,1,5,6,7,4,7,8,8,2,5,7,6,1,674.5,False
4,5,5,5,2,10,3,5,1,9,8,10,1,8,4,10,1,10,9,5,1,682.1,False
5,2,10,5,4,6,3,5,1,8,2,6,1,8,0,5,2,4,1,10,2,698.3,False
2,2,6,5,2,5,4,1,1,5,1,8,10,9,10,0,2,10,1,10,1,680.2,True
5,3,3,4,7,5,4,1,1,4,0,10,1,8,8,7,1,3,0,8,2,629.4,True
2,4,1,3,6,2,3,4,2,7,0,8,0,6,0,3,2,6,0,5,3,628.6,True
2,4,1,4,6,2,2,4,2,7,0,6,0,6,0,2,2,8,0,2,3,624.8,True
5,3,3,5,6,7,4,4,2,8,2,8,10,7,0,1,2,3,1,7,3,686.6,False
5,0,4,2,6,4,2,5,2,9,2,3,2,8,0,0,2,6,3,10,3,684.1,False
3,5,5,2,1,3,5,3,2,4,4,2,1,7,9,1,2,8,2,8,2,620.8,False
5,2,3,4,10,6,2,5,1,8,5,6,1,6,0,1,2,9,5,8,3,713.2,False
3,2,1,5,4,2,0,0,1,8,3,5,0,7,0,0,2,0,3,10,2,648.6,False
5,3,10,8,10,5,10,4,1,3,2,10,10,7,0,5,2,10,2,5,3,732.9,False
5,1,3,6,7,10,10,5,2,7,7,3,5,7,3,3,2,6,7,4,2,706.0,False
1,2,1,10,10,10,10,1,1,10,5,5,10,7,0,0,2,1,1,10,3,716.6,True
3,2,4,8,9,5,8,3,2,8,3,9,4,6,2,0,2,8,7,7,3,703.6,False
3,1,2,4,3,2,0,3,1,9,1,3,10,7,0,1,2,2,4,4,3,665.2,False
1,4,10,1,10,10,2,4,1,7,0,7,3,7,10,2,2,6,1,10,1,672.8,False
2,3,8,10,2,2,3,1,1,4,2,5,2,7,0,1,2,5,4,9,1,669.0,True
4,1,10,10,10,2,10,3,1,2,8,2,2,9,0,0,1,10,4,10,1,718.1,False
4,1,10,4,5,10,8,4,2,7,4,9,2,9,0,0,2,8,3,5,1,714.4,True
3,2,6,5,8,10,3,4,2,10,10,3,10,7,0,1,2,5,9,10,3,724.7,True
2,5,0,5,7,10,3,0,2,0,0,3,3,6,10,10,2,6,0,0,2,574.9,False
2,1,10,10,3,3,5,5,1,7,3,10,10,8,0,1,2,5,3,10,2,731.4,False
2,1,10,10,8,5,7,5,2,5,3,5,3,7,0,2,2,3,2,7,3,691.1,True
2,1,0,2,3,7,0,1,2,4,2,7,0,9,7,1,1,3,1,5,1,596.7,False
1,3,10,5,2,10,2,2,1,10,5,9,1,8,0,3,2,1,3,7,0,683.6,True
2,4,3,5,6,3,5,2,2,9,6,5,0,8,10,4,2,0,1,4,3,616.5,False
1,5,10,5,3,8,3,1,1,2,2,8,2,6,7,3,2,3,1,3,1,632.0,True
5,1,7,7,5,4,2,5,1,8,1,7,1,8,0,0,2,10,2,10,1,717.2,False
5,4,10,10,10,10,10,5,1,9,10,8,8,9,0,5,2,10,10,10,2,787.3,False
2,5,10,3,3,10,5,5,1,2,3,7,1,7,0,3,2,6,3,1,1,669.4,False
2,1,2,2,2,9,10,5,2,8,2,10,1,8,0,2,2,4,3,7,2,680.4,True
2,3,2,10,10,4,2,5,1,7,1,8,2,6,4,4,2,3,1,7,2,671.1,True
2,1,7,7,10,6,5,2,2,6,1,8,0,8,5,1,1,8,7,7,2,666.4,False
2,3,5,3,3,10,3,3,1,6,5,9,2,7,0,1,1,5,2,4,1,661.3,False
3,2,5,8,10,10,6,2,1,5,6,8,10,7,10,4,1,5,9,3,1,690.0,False
1,4,2,4,2,5,2,0,1,3,2,4,1,8,0,0,2,7,4,2,1,631.6,True
4,1,10,10,4,3,2,1,2,3,2,6,0,8,0,2,1,6,3,5,1,645.6,False
5,3,10,4,2,2,7,2,2,6,2,4,2,7,0,2,2,3,4,10,1,663.7,False
3,5,6,5,2,10,3,2,1,4,4,4,3,9,0,5,2,2,3,7,1,660.7,False
2,3,1,2,4,2,1,1,2,5,2,3,2,9,0,2,1,3,6,10,2,611.2,False
1,4,6,10,4,5,3,2,1,10,2,8,3,6,0,3,2,10,4,1,1,677.9,True
5,4,2,1,10,10,5,5,1,10,1,10,10,8,0,0,2,5,1,5,2,717.8,False
1,4,4,4,1,3,2,2,1,4,4,5,3,6,0,7,2,2,2,4,1,622.9,True
2,0,6,4,7,7,3,5,1,9,2,5,3,9,10,3,2,5,3,9,2,688.1,False
1,4,4,6,1,2,1,2,1,5,3,6,5,8,5,7,1,4,0,3,1,604.8,False
3,2,10,4,10,10,2,1,2,8,8,3,3,7,5,3,2,4,6,5,2,675.4,False
5,1,10,6,7,7,9,2,1,7,7,7,10,8,10,0,2,8,8,9,1,742.7,False
5,3,10,5,8,5,8,3,1,10,2,10,5,7,10,2,2,10,2,10,1,717.6,False
5,4,10,8,6,8,6,5,1,5,4,9,2,8,0,4,2,7,7,10,2,731.2,True
3,5,10,10,2,10,0,0,2,0,1,8,1,10,0,8,2,5,2,7,1,639.6,True
3,2,10,8,10,10,7,3,1,4,10,5,7,8,0,3,2,7,8,10,1,749.1,False
5,1,10,8,10,10,1,1,1,4,3,6,4,8,0,0,2,1,4,10,2,715.3,False
3,4,2,10,5,4,3,3,1,3,2,8,3,8,6,5,2,10,2,7,1,666.4,True
4,0,5,8,6,5,3,2,1,9,5,2,3,9,0,0,2,10,2,8,1,711.3,True
3,3,10,10,8,6,10,5,1,2,3,10,5,8,0,0,2,10,5,8,2,743.3,False
2,2,5,7,5,5,10,3,1,4,3,8,3,7,0,0,2,10,4,10,1,712.1,True
5,5,4,5,5,10,10,5,1,9,2,6,4,8,5,3,1,4,8,10,1,694.9,False
3,1,4,7,8,6,8,3,1,8,5,10,10,8,2,7,2,5,4,10,1,724.6,False
3,5,6,4,5,10,6,5,1,5,3,5,10,6,4,6,2,8,3,7,0,689.2,True
4,3,3,8,10,10,8,3,1,9,8,8,5,8,0,0,2,10,5,6,1,744.6,False
1,3,2,1,10,10,3,2,1,4,1,5,0,7,2,1,2,10,3,10,1,670.7,True
2,3,6,6,0,10,0,4,1,8,3,3,0,8,0,4,2,3,0,4,2,653.5,False
1,3,0,2,0,3,2,0,1,2,1,2,1,8,2,1,2,1,0,5,1,597.2,True
4,2,4,7,7,10,5,5,2,6,1,8,10,7,0,1,2,5,5,2,2,700.2,False
4,4,9,8,10,3,4,2,1,5,2,2,2,7,0,5,1,5,3,5,1,654.8,False
5,1,10,10,10,8,2,5,1,10,2,10,5,7,0,2,2,8,1,5,3,741.4,False
3,4,2,3,3,10,2,0,1,8,1,10,10,8,4,7,2,10,3,10,1,678.7,False
3,2,6,5,5,6,8,3,1,8,3,1,3,6,2,2,2,10,6,3,1,688.4,False
1,4,5,10,10,3,5,5,1,8,8,7,8,7,0,3,2,5,7,8,3,720.4,False
2,4,10,5,8,10,5,1,2,3,3,6,5,7,3,1,2,7,5,7,2,674.3,True
2,4,4,6,7,4,2,0,1,3,0,6,6,7,5,7,2,7,2,7,1,640.3,False
1,2,2,7,10,10,1,5,2,8,8,3,1,7,0,1,2,6,10,10,3,699.2,False
2,4,10,7,10,10,5,1,2,3,3,5,5,7,3,3,2,7,4,7,2,674.1,True
3,2,0,2,0,2,0,0,2,4,4,8,3,6,0,2,2,3,1,1,3,604.8,True
2,4,4,6,10,10,0,5,2,5,0,4,2,8,0,2,2,10,1,2,3,658.8,False
5,2,10,7,2,3,3,5,2,7,1,8,5,7,0,2,2,10,1,10,2,696.8,False
2,3,3,8,7,5,3,0,1,7,3,2,5,7,0,5,2,2,3,10,1,661.6,False
3,3,2,2,1,4,3,0,1,7,3,6,0,7,6,3,1,1,1,1,1,596.1,False
4,3,7,10,2,10,3,5,1,3,3,5,10,8,0,4,2,4,3,5,2,701.5,False
3,2,5,10,5,10,3,5,1,9,1,5,10,8,0,8,2,5,3,8,2,710.0,False
3,1,10,10,4,5,2,1,1,7,0,10,0,7,0,2,2,5,1,2,2,678.5,False
5,2,10,5,8,10,3,5,1,8,4,5,5,8,0,1,2,10,7,7,2,742.3,False
1,4,10,8,10,6,10,3,2,7,5,4,5,5,0,3,2,10,5,5,2,693.9,True
2,4,2,1,3,8,5,4,2,8,0,5,2,6,8,0,2,8,1,1,3,624.6,True
3,2,7,10,7,6,1,5,1,8,2,8,5,9,0,5,2,2,0,6,1,697.2,False
5,3,1,5,4,10,1,1,1,5,1,10,10,8,10,3,2,2,2,7,2,665.1,False
3,1,10,2,10,4,4,5,1,5,1,3,1,9,0,2,2,3,6,10,1,699.6,False
3,5,3,6,4,3,3,3,2,6,1,7,3,8,0,3,2,10,3,3,1,647.5,False
1,5,10,6,2,5,0,5,1,10,2,8,5,5,0,1,2,3,1,5,3,670.9,False
5,3,10,8,10,6,4,5,1,7,1,10,4,6,0,4,2,4,4,10,1,724.2,False
2,3,2,5,10,10,3,2,2,2,8,3,2,9,0,3,2,7,4,10,2,672.4,False
4,2,5,3,10,3,1,2,1,7,3,6,10,8,2,3,2,4,8,7,2,696.6,False
1,4,10,5,3,8,5,5,2,10,5,6,10,7,0,2,2,10,1,10,2,703.2,False
2,3,10,2,2,2,3,1,1,7,2,5,4,7,1,2,2,4,3,6,0,655.4,False
3,3,10,5,10,2,2,3,2,2,2,3,0,7,10,1,1,10,0,2,2,614.2,False
3,2,1,10,5,7,4,3,2,7,1,6,10,7,10,7,2,3,1,10,2,653.9,False
4,2,9,10,5,10,4,1,2,9,4,10,2,5,0,10,2,10,3,7,1,690.0,True
3,1,10,10,5,10,3,2,1,4,6,5,10,9,0,3,1,3,3,4,0,694.9,False
3,2,2,10,8,10,10,3,2,10,5,10,2,8,8,1,2,10,6,10,0,717.8,False
5,5,10,6,8,10,4,5,2,5,1,6,5,7,0,4,2,10,1,8,2,694.7,True
3,2,5,10,10,10,10,5,1,10,3,10,5,10,7,1,1,6,2,10,0,726.7,True
2,1,4,2,2,3,0,5,2,5,0,8,9,7,5,10,2,5,1,5,2,628.8,True
3,1,4,6,6,6,8,5,1,5,1,5,5,6,5,2,2,10,6,10,3,707.9,True
3,1,6,10,5,10,6,5,1,10,3,10,3,9,7,1,1,10,3,10,0,719.7,True
3,2,5,5,7,6,0,5,1,9,2,6,4,7,0,10,2,3,0,7,3,670.9,False
2,5,4,7,2,3,2,3,1,4,1,5,5,7,8,6,2,4,2,3,2,623.1,True
4,3,10,5,4,10,2,3,2,8,3,4,10,7,0,4,2,5,9,7,2,696.0,False
5,2,3,3,10,5,8,1,2,5,5,2,3,8,0,5,2,10,2,3,3,665.2,False
2,3,7,10,10,10,2,1,2,3,2,3,10,7,0,0,2,10,6,4,3,689.0,True
5,5,6,5,10,10,2,5,2,5,2,5,2,6,0,1,2,4,3,2,2,667.1,False
5,3,6,5,5,7,4,5,1,8,2,10,10,8,4,4,2,5,6,6,2,714.4,False
2,2,0,5,2,2,2,1,1,5,2,6,1,6,0,0,2,10,2,7,1,652.0,True
5,5,4,3,0,10,0,0,1,0,2,2,0,6,0,5,2,6,0,4,3,617.2,False
5,1,10,6,10,9,2,5,1,8,5,5,2,6,0,0,2,10,1,5,3,728.3,True
3,4,2,5,6,5,3,3,1,4,1,5,5,7,0,6,2,0,4,8,2,653.7,False
3,3,10,4,7,3,2,5,2,1,2,5,1,8,0,1,2,3,2,7,2,655.6,False
4,3,5,10,6,5,10,5,1,5,3,3,2,8,4,0,2,4,8,9,1,709.6,False
1,5,0,0,0,10,2,2,2,4,4,1,0,8,10,5,2,5,0,10,1,588.5,False
1,5,0,0,3,5,0,2,2,1,3,2,0,5,10,4,2,2,0,5,2,559.2,True
5,4,1,6,4,10,3,0,1,7,0,5,5,7,5,0,1,4,2,7,1,645.2,True
3,3,10,3,9,10,2,2,2,8,1,6,10,8,7,2,2,10,6,7,3,691.5,True
4,2,8,7,9,7,8,5,1,8,5,10,1,8,0,4,2,10,7,10,2,748.4,True
2,4,7,7,4,7,3,1,2,3,1,5,3,6,0,5,1,2,2,3,1,607.6,False
2,5,2,5,0,3,2,1,2,0,0,1,0,8,0,5,1,2,1,6,1,564.7,False
5,3,10,6,10,10,3,5,1,7,1,8,10,7,0,3,2,10,4,6,2,739.3,False
3,1,10,9,10,10,1,3,1,5,3,2,4,9,0,0,1,1,10,10,2,706.2,False
2,4,3,3,7,10,5,4,1,5,5,9,4,7,0,1,1,6,8,3,2,680.0,False
2,4,1,10,10,6,5,5,1,4,1,5,5,6,5,10,2,10,1,10,2,673.9,True
2,3,7,5,3,3,4,2,2,9,2,7,10,8,0,2,2,7,2,7,2,673.0,True
4,3,10,5,5,7,3,3,1,7,4,3,1,7,0,5,2,3,5,9,2,685.6,False
5,5,7,5,5,4,3,5,1,9,2,10,5,8,0,1,2,3,2,7,3,699.1,False
1,1,3,5,3,7,1,1,1,6,1,10,1,7,0,0,2,3,0,9,1,663.2,True
3,4,10,2,5,10,2,0,1,4,1,3,5,7,4,2,2,6,1,1,2,646.5,True
3,3,5,8,10,5,6,3,1,8,3,6,3,6,0,4,2,10,4,5,3,701.3,True
4,3,7,10,10,8,2,5,1,5,2,9,2,8,1,1,2,5,4,3,0,709.1,False
4,1,3,6,10,10,3,5,1,6,3,4,5,7,0,0,2,5,1,10,3,714.7,False
3,3,8,4,5,9,3,3,1,6,3,9,7,5,3,1,2,10,2,10,3,705.1,True
4,3,3,3,2,5,1,1,2,5,1,7,0,7,0,2,2,3,2,2,2,620.1,True
3,4,5,10,10,10,8,5,1,10,6,9,5,7,3,0,2,8,10,6,1,749.7,True
4,3,4,8,6,7,5,5,1,5,2,10,3,6,2,5,2,6,5,4,2,693.6,False
4,3,5,10,10,10,2,5,1,7,3,7,10,8,10,1,2,5,8,4,2,717.2,False
2,1,3,10,4,10,8,3,1,9,2,6,7,8,0,4,2,7,6,8,3,720.4,True
3,3,10,10,6,7,1,5,2,8,2,8,5,7,0,1,1,2,1,10,1,676.4,False
5,4,10,5,6,4,6,5,1,9,2,10,2,8,0,6,2,10,1,8,1,712.7,False
3,2,2,6,1,10,3,4,2,7,2,5,10,6,0,1,2,10,2,6,3,680.7,True
4,4,1,1,2,1,3,0,1,1,0,4,1,8,0,3,2,6,3,3,2,616.3,True
0,0,1,9,0,4,0,0,1,0,1,1,3,10,0,10,2,0,10,2,0,616.1,True
3,2,10,10,10,10,5,2,2,8,1,9,10,7,0,3,2,10,8,10,2,736.1,False
4,4,7,6,5,6,2,5,2,5,3,6,10,8,0,7,2,10,0,8,3,681.3,True
0,4,2,4,2,3,4,0,2,4,0,7,0,8,0,10,1,3,1,6,0,574.4,True
4,3,7,10,5,10,9,3,2,8,7,6,2,7,0,3,2,9,8,5,3,713.4,False
3,3,3,7,5,10,9,4,2,6,6,6,3,7,0,3,2,9,8,5,3,698.1,False
2,1,10,10,6,10,10,2,2,5,2,10,6,8,0,1,2,10,8,10,3,734.8,True
3,3,5,4,3,4,3,0,2,7,2,3,2,7,0,1,2,3,3,4,3,629.5,False
2,5,4,0,5,8,1,4,2,2,1,3,0,5,8,3,2,3,1,1,2,588.3,False
3,4,5,4,3,6,2,5,1,2,1,1,0,7,1,3,2,10,0,3,2,644.4,False
2,4,10,3,4,5,6,4,2,7,5,4,4,7,6,1,2,6,8,5,1,667.1,False
5,1,10,4,10,10,4,2,1,6,6,2,2,8,0,2,2,10,3,10,1,724.7,False
5,2,10,4,10,5,4,2,1,6,5,2,2,8,0,2,2,6,3,10,1,704.3,False
4,4,8,8,10,8,8,5,1,7,4,10,10,7,7,0,2,10,5,10,3,748.2,False
5,0,10,10,10,10,10,5,1,10,10,10,10,10,10,10,2,10,10,10,3,786.2,False
5,5,10,10,10,10,10,5,2,10,10,10,10,10,10,10,2,10,10,10,3,752.2,True
0,3,10,5,4,4,1,1,1,4,1,1,3,7,0,4,1,4,0,0,0,607.0,False
4,3,0,10,8,10,1,0,2,7,8,4,0,7,0,0,1,3,2,3,3,639.9,False
5,4,4,2,7,6,0,5,1,3,1,6,0,6,10,3,2,3,0,4,1,633.3,False
5,4,10,8,10,3,1,5,2,10,2,10,1,8,10,0,2,10,0,10,3,692.3,False
5,1,7,3,10,7,3,1,1,7,4,8,5,7,4,7,2,6,5,10,1,701.9,False
4,1,5,6,8,2,3,5,1,8,2,10,2,7,10,5,2,10,2,5,2,685.3,False
4,0,5,7,5,3,2,0,1,7,2,10,3,7,0,1,1,3,4,10,1,675.1,False
2,1,8,4,4,3,10,0,1,7,1,2,2,9,2,0,2,10,1,6,1,677.3,False
3,3,10,7,5,5,2,3,1,8,6,10,3,8,0,0,2,10,5,10,1,726.3,True
5,1,10,6,10,10,10,5,2,9,4,10,10,8,5,0,2,10,6,5,3,753.5,False
5,4,7,6,10,10,2,5,1,3,1,2,1,7,1,3,2,10,2,9,2,695.6,True
5,1,6,10,5,10,4,4,2,7,3,10,3,5,7,0,2,2,2,10,1,693.4,True
4,1,8,7,7,3,2,5,1,8,2,2,2,9,0,0,2,10,0,4,3,699.4,False
3,0,10,6,7,4,4,4,1,7,8,9,8,9,0,0,2,7,1,9,3,739.9,False
4,2,2,3,1,1,3,0,1,3,4,1,6,7,4,6,2,7,4,7,1,635.9,False
1,3,3,4,1,1,3,0,1,7,2,1,3,5,10,6,1,5,1,10,1,589.6,True
0,2,3,5,1,4,1,1,1,9,2,4,5,8,0,4,2,3,2,7,3,645.2,False
5,5,8,5,10,8,5,5,2,8,4,5,2,6,1,8,2,10,4,5,3,684.1,False
3,0,5,10,4,2,0,0,2,10,4,10,10,8,0,0,2,10,10,10,3,716.1,True
0,2,4,8,10,10,5,5,1,7,7,8,5,8,0,0,2,10,7,7,3,737.8,False
1,3,3,5,2,4,2,2,1,9,2,3,5,8,0,3,2,4,2,7,3,653.5,False
1,3,5,5,5,3,4,0,1,4,3,4,3,6,3,2,2,10,4,10,1,660.1,False
5,3,5,1,5,5,2,4,2,7,2,2,2,7,0,0,2,8,2,8,1,661.6,True
2,2,8,3,5,10,7,5,1,9,4,7,3,7,1,1,2,4,3,4,2,703.4,True
4,5,8,5,3,5,4,1,1,3,1,2,4,6,0,1,1,3,1,3,2,625.7,False
3,1,7,6,6,4,3,5,1,4,3,5,3,8,0,1,2,5,5,10,1,703.2,False
2,1,3,6,3,3,2,0,1,10,2,6,10,8,0,0,1,3,4,10,3,669.4,False
2,2,5,7,1,4,2,5,1,10,3,9,10,7,2,2,2,3,0,7,2,690.2,False
1,5,7,5,6,2,1,2,2,6,0,8,0,10,2,0,1,2,0,6,2,610.7,False
2,2,6,5,1,7,3,2,1,6,6,4,4,7,0,2,2,2,2,5,1,665.4,True
5,5,9,1,1,2,0,5,1,3,0,10,0,8,6,1,2,2,0,10,2,648.1,False
5,3,2,10,10,7,10,5,1,8,10,8,10,9,0,5,2,10,10,10,3,773.7,False
1,1,3,0,1,0,0,0,2,8,5,7,10,7,0,2,2,3,2,2,3,625.2,False
3,1,8,5,10,10,6,4,1,7,2,10,5,6,0,3,2,8,2,10,3,731.0,True
4,3,7,6,2,6,4,4,2,3,3,7,6,6,0,10,2,2,3,7,3,652.2,False
3,3,3,4,10,10,10,5,2,7,5,7,2,5,3,5,2,10,10,5,2,699.6,False
2,4,1,3,3,3,1,0,1,3,1,4,1,7,5,10,2,3,1,5,2,592.3,True
5,3,3,9,4,9,3,0,2,2,2,8,1,7,0,3,1,1,1,5,2,625.4,False
5,1,1,10,10,10,5,4,1,5,3,10,8,8,5,5,2,3,5,10,3,724.6,False
5,4,0,3,7,3,7,1,1,8,4,8,9,8,10,2,2,6,3,8,3,676.6,False
1,2,10,5,7,8,5,1,1,4,5,10,2,8,10,1,1,3,3,7,1,660.0,True
3,4,7,2,4,10,2,2,2,5,0,10,1,8,3,7,2,5,1,2,2,631.1,False
5,3,10,6,6,2,1,1,1,4,2,5,2,8,3,2,1,4,5,10,2,659.0,False
5,1,6,4,3,5,1,5,1,7,1,5,10,8,0,2,2,8,3,5,1,703.2,False
2,5,10,10,10,10,10,5,1,8,10,10,10,6,0,0,2,10,10,4,2,771.8,True
3,1,6,5,3,3,3,5,1,5,1,6,5,7,0,3,2,10,0,8,2,687.9,True
3,1,9,5,6,6,3,5,1,9,3,5,3,8,0,0,2,6,6,7,3,716.8,True
3,4,4,8,10,10,10,5,2,8,4,9,3,6,1,1,2,10,5,3,2,710.4,False
2,5,7,3,1,4,1,0,1,7,5,6,1,7,7,4,2,3,1,10,1,630.1,False
4,5,4,8,3,9,3,1,1,7,6,8,5,8,5,3,2,3,9,7,1,686.8,True
5,2,4,3,10,6,2,5,1,9,5,6,5,7,2,0,2,10,4,5,3,716.8,False
4,1,7,5,10,5,10,1,1,8,3,3,10,8,0,2,2,7,6,10,2,730.0,True
2,3,4,10,7,7,2,2,2,8,5,5,7,6,0,3,2,6,4,10,3,682.4,False
2,1,5,10,10,8,6,5,1,5,2,10,10,7,0,1,2,4,4,10,2,738.0,True
4,3,10,6,3,5,1,5,2,8,3,10,0,7,0,1,2,8,1,8,2,685.3,False
2,4,10,7,10,10,5,1,2,3,3,5,5,7,3,3,2,7,4,7,2,674.1,True
5,2,5,10,8,10,7,3,1,10,5,7,10,8,0,1,2,6,3,10,2,751.2,False
5,1,5,4,7,5,1,5,1,8,2,5,5,7,0,2,2,10,3,10,3,713.2,False
3,4,5,4,10,10,8,5,1,6,5,6,2,7,0,1,2,4,1,3,3,696.4,False
2,4,4,7,10,10,2,2,2,8,5,7,8,8,0,0,2,10,2,10,3,701.9,True
2,5,3,6,3,5,3,5,1,2,3,1,0,7,7,4,1,7,0,0,2,601.9,False
3,3,6,7,7,5,3,5,1,6,2,8,2,7,1,0,1,7,4,9,0,686.6,True
5,3,10,10,10,8,3,3,1,4,2,7,2,7,3,2,2,8,1,3,1,700.0,False
2,5,5,4,3,10,2,2,2,0,1,8,3,6,3,5,1,3,1,3,2,596.3,True
3,4,5,10,10,10,6,5,2,4,7,5,3,8,2,0,2,9,10,6,2,715.1,False
5,2,10,2,4,2,2,5,2,3,1,7,0,7,0,5,2,8,1,10,3,662.6,False
5,1,10,8,7,3,8,5,1,9,3,8,10,7,0,1,2,8,4,10,3,754.6,True
1,3,4,3,0,8,2,0,1,8,2,6,2,8,4,0,2,4,0,3,1,635.4,False
3,3,2,1,2,2,0,0,2,2,0,3,0,8,0,10,2,1,0,10,2,582.1,False
2,5,1,7,8,5,1,1,2,0,2,1,0,10,0,1,2,7,1,7,3,622.9,False
2,3,10,5,7,4,3,2,2,8,4,6,3,8,5,3,2,4,1,5,1,652.4,False
5,1,8,7,10,6,8,5,1,9,6,10,8,8,1,2,2,7,10,10,2,772.2,False
3,4,0,2,4,8,1,5,1,5,5,1,0,7,0,8,2,3,3,5,2,637.6,False
5,3,9,7,9,9,8,3,1,6,8,5,9,8,1,6,2,8,10,8,3,745.7,False
3,3,5,5,3,3,3,3,1,5,3,8,1,6,0,3,2,3,2,3,1,654.1,False
3,1,7,5,10,10,10,2,2,5,6,10,4,7,3,0,2,10,5,5,1,715.9,False
3,3,5,8,10,4,2,3,1,7,4,6,5,8,0,2,2,7,3,7,3,700.0,False
2,2,6,5,10,2,5,0,1,7,5,8,5,8,5,3,2,6,7,10,1,693.6,True
0,0,0,2,6,2,2,5,1,9,0,10,10,10,0,1,2,2,3,10,1,692.7,False
2,1,2,8,8,10,8,3,1,5,7,10,10,6,2,1,1,8,4,5,2,710.6,False
2,5,2,10,10,10,2,2,2,1,4,1,0,7,0,5,2,5,8,10,3,652.9,False
5,2,10,10,10,3,3,5,1,8,4,10,3,7,0,1,2,10,2,10,2,743.1,True
4,4,3,10,7,10,9,5,2,7,3,4,5,6,10,5,1,10,6,5,3,665.2,False
4,3,7,6,8,10,4,2,1,5,3,10,3,7,6,2,2,7,3,5,1,693.8,True
5,0,10,6,3,4,4,5,1,6,2,10,5,5,0,2,2,4,3,4,3,707.0,False
2,0,10,5,10,4,7,5,2,10,1,5,0,9,0,2,2,10,1,5,3,698.3,False
5,5,2,2,0,8,2,0,1,7,3,5,0,7,7,10,2,3,6,10,1,628.2,True
5,2,10,10,4,10,5,5,1,6,3,9,6,7,0,0,2,9,4,10,3,749.7,True
3,3,5,5,1,8,5,3,2,10,5,3,5,5,0,1,2,10,1,6,0,671.6,True
5,5,5,3,10,6,6,3,2,7,0,10,1,4,8,0,2,10,8,1,3,664.3,False
2,1,5,2,7,10,4,1,1,4,3,10,10,8,0,3,2,10,1,2,0,695.7,False
3,3,8,5,6,10,5,2,1,9,6,7,5,7,4,2,2,6,2,8,0,703.4,True
3,5,10,1,10,2,2,2,1,9,2,6,0,10,6,1,2,3,1,10,3,664.7,False
5,4,2,5,6,1,3,1,2,3,2,1,0,9,0,1,2,8,2,10,3,639.7,False
4,4,2,2,5,2,9,1,2,0,2,1,0,9,0,1,2,8,2,8,3,632.9,False
4,4,6,2,4,3,2,3,1,8,2,2,2,7,10,6,2,1,6,7,0,634.4,True
3,3,4,5,5,6,7,5,2,5,4,8,3,6,1,1,2,5,9,5,3,683.0,True
3,3,5,8,2,8,7,0,1,9,2,4,2,8,0,6,2,8,2,5,2,672.4,False
2,3,10,3,2,10,5,5,2,5,1,7,2,6,3,3,2,4,1,5,2,653.9,True
5,3,10,1,5,7,6,3,1,8,2,10,3,7,0,1,2,4,2,6,0,700.6,False
1,0,10,5,10,10,10,3,1,5,1,5,1,6,0,3,2,4,2,10,1,706.2,True
3,2,0,4,2,2,4,0,1,3,4,1,2,4,0,2,1,7,0,10,2,618.3,False
5,3,1,5,9,8,6,5,2,7,7,1,10,6,7,1,2,7,2,8,2,686.7,False
2,4,10,7,10,10,5,1,2,3,3,5,5,7,3,3,2,7,4,7,2,674.1,True
5,3,10,10,10,10,10,3,1,10,10,10,10,8,0,3,2,10,10,10,2,794.3,False
2,5,3,4,10,10,1,5,2,5,0,8,0,6,1,10,2,0,0,3,1,620.1,False
2,1,2,7,4,2,3,4,1,2,0,1,0,6,0,1,2,5,5,1,2,642.5,False
1,1,3,3,10,1,5,5,1,6,4,1,0,8,1,0,2,5,0,5,3,665.0,False
1,1,2,10,1,4,2,0,1,3,3,9,5,6,10,0,2,8,4,7,1,656.0,True
2,4,1,2,2,1,2,0,2,0,0,1,0,6,0,1,1,2,0,10,3,566.0,False
1,2,4,4,7,10,3,5,2,9,5,1,6,7,0,2,2,10,7,10,2,697.1,True
3,3,7,10,10,10,5,3,1,7,3,9,4,8,0,2,2,8,1,6,3,721.0,True
3,2,1,3,3,7,3,1,1,7,1,9,1,5,0,1,1,1,1,5,2,632.0,False
2,4,5,7,6,6,4,2,1,6,4,8,4,7,5,8,1,5,4,6,1,647.5,False
1,2,2,3,5,2,0,0,1,5,0,1,1,6,0,5,1,7,1,10,2,606.8,True
2,1,1,2,0,2,4,0,1,7,0,5,1,7,10,3,1,2,2,6,1,594.2,True
4,1,4,9,4,3,3,1,2,6,5,4,1,8,1,1,2,6,5,8,0,669.0,False
4,4,10,10,10,9,10,5,1,8,7,8,10,8,0,0,2,10,6,4,3,768.4,False
5,5,4,4,10,3,2,1,1,1,3,4,3,7,5,1,1,8,2,5,3,634.8,False
3,2,3,6,9,10,8,2,2,10,1,10,4,6,0,2,2,8,5,5,1,698.7,True
3,3,1,10,7,4,6,3,2,10,6,5,5,6,0,1,2,5,4,8,3,685.8,False
5,1,6,10,9,4,10,0,1,8,10,8,10,10,3,3,2,7,5,10,0,750.1,False
2,3,2,10,5,10,3,2,2,3,7,10,2,5,2,3,2,4,1,6,0,657.7,True
4,3,10,10,10,10,10,5,1,10,10,9,10,8,0,1,2,8,10,8,2,792.4,False
3,5,7,5,6,7,4,2,1,5,2,5,2,8,3,2,2,3,2,2,0,653.9,False
1,5,0,7,10,10,6,2,2,8,7,1,4,7,0,7,1,4,3,7,3,635.9,False
4,2,6,10,5,5,9,5,2,2,8,6,10,6,0,3,1,6,10,10,3,706.4,False
5,4,2,6,4,6,1,1,1,2,2,5,1,7,0,0,2,6,0,5,2,650.3,False
5,1,1,10,7,4,1,2,2,8,6,7,2,7,0,1,1,1,2,7,3,655.8,False
2,5,10,5,2,5,3,1,1,3,1,3,1,6,0,10,2,8,0,10,1,636.1,False
5,1,8,10,7,7,5,1,1,8,1,3,2,7,1,0,1,8,4,10,1,697.5,False
3,3,5,10,8,5,5,3,2,6,1,5,0,5,1,2,2,8,2,3,3,658.4,False
5,5,10,5,10,10,5,1,1,3,1,10,3,7,0,10,2,10,4,6,3,693.8,True
1,4,10,4,1,10,0,1,1,8,1,5,3,8,3,1,2,2,3,1,0,645.4,True
5,3,3,8,6,6,8,1,1,8,4,8,10,8,1,2,2,10,2,9,3,722.5,False
2,5,4,2,10,5,3,2,1,10,2,2,5,6,4,4,2,6,8,8,3,666.5,False
5,4,5,3,0,10,0,0,1,10,4,3,0,8,6,6,2,4,0,0,2,626.3,False
2,3,7,3,10,8,6,5,2,6,4,2,7,7,0,3,2,6,4,3,3,678.6,False
0,4,0,3,0,2,0,0,2,0,0,1,0,7,0,5,1,1,0,0,1,530.5,True
5,1,3,6,5,7,4,5,1,8,2,10,10,8,0,7,2,4,1,10,2,716.1,False
3,2,10,7,2,2,2,5,2,5,3,6,3,7,0,10,2,10,1,7,2,660.7,False
1,0,1,10,6,10,1,5,2,7,0,5,0,9,0,5,2,1,0,5,2,652.4,False
3,1,1,6,5,10,5,1,1,8,2,5,1,7,7,2,2,4,2,5,1,662.2,False
5,3,5,6,4,7,5,3,2,3,3,3,5,7,5,5,2,4,2,4,1,644.8,False
5,2,4,3,10,8,2,4,1,4,2,3,0,8,0,3,2,5,4,10,2,689.2,False
3,4,7,3,4,3,5,3,1,8,2,10,2,7,0,7,2,6,2,6,1,670.0,True
1,2,10,5,2,4,7,2,1,7,2,7,0,7,6,2,2,4,3,5,2,660.9,False
5,1,3,2,0,1,3,0,1,7,5,7,0,7,7,0,2,2,1,10,2,647.3,False
5,3,10,6,8,10,3,1,1,1,2,10,5,6,0,6,1,10,5,2,1,680.0,False
5,4,6,10,8,10,8,5,2,8,6,9,5,8,10,1,2,10,10,6,3,726.1,True
3,2,4,10,10,5,2,5,1,6,2,9,10,7,0,0,2,5,0,10,2,720.8,False
4,3,1,5,6,2,1,5,1,7,1,2,0,6,3,3,2,10,0,5,2,651.2,False
3,3,5,5,8,9,4,5,1,5,8,6,5,7,7,1,2,5,8,3,1,699.8,False
1,5,2,3,1,10,0,5,1,8,0,10,1,8,0,3,2,6,1,10,1,665.1,False
4,4,10,5,10,5,2,3,2,6,0,10,1,7,0,5,2,6,0,6,2,664.9,True
2,2,0,3,0,2,1,0,2,3,2,1,5,7,7,3,1,4,0,3,1,564.5,False
2,3,0,2,1,5,2,2,1,0,2,5,5,6,0,2,1,10,4,5,1,626.3,True
2,2,4,10,5,4,3,0,2,10,5,4,7,5,3,5,2,4,6,5,1,654.8,True
5,5,2,10,7,10,10,1,2,7,3,10,2,4,0,3,1,10,0,10,2,672.8,False
4,2,10,7,3,7,4,2,2,9,7,6,7,7,3,3,2,5,3,7,1,689.6,False
4,3,10,8,7,8,4,0,1,9,2,1,2,6,0,4,2,2,2,2,0,666.3,False
5,3,10,4,2,10,0,5,2,4,0,6,0,7,10,8,2,3,1,3,2,625.0,True
0,3,2,5,1,6,3,5,2,4,3,4,1,9,0,4,2,2,0,9,3,630.1,False
3,3,5,9,8,10,5,5,2,8,6,5,5,6,0,5,2,5,7,7,3,701.1,False
2,2,5,6,7,6,5,2,1,6,3,5,3,8,0,0,2,3,2,5,0,679.4,True
5,1,5,5,2,3,0,3,2,5,1,5,1,10,0,1,2,3,1,0,3,639.0,False
1,3,2,6,9,10,9,5,2,8,4,5,5,8,5,1,2,8,6,8,3,696.4,True
2,3,5,10,4,1,5,2,1,3,2,6,3,6,0,3,1,5,2,4,1,640.1,False
4,4,10,2,3,6,3,5,1,8,1,3,0,7,1,1,2,6,0,10,3,677.1,True
3,5,4,10,10,10,10,4,1,6,8,4,4,7,10,4,2,10,2,10,1,707.9,False
4,1,10,10,6,4,4,1,1,7,2,5,2,8,10,1,1,10,4,7,1,676.0,False
3,2,10,6,6,9,5,3,2,7,6,4,5,9,0,3,2,4,6,5,1,694.7,False
5,3,3,7,5,10,3,2,1,9,3,10,5,7,0,1,2,10,2,7,3,714.2,False
4,4,8,3,8,10,6,5,1,9,2,9,10,7,3,1,2,8,4,9,1,732.7,False
5,2,7,10,10,10,3,5,2,8,3,5,4,5,0,2,1,5,4,7,2,690.7,True
4,5,5,5,5,2,2,4,2,9,6,5,2,8,0,1,1,8,1,2,1,640.3,False
2,4,8,5,3,6,0,0,1,0,5,1,0,6,3,8,1,6,0,6,2,598.3,True
4,5,0,1,4,4,2,3,1,4,0,7,3,9,2,10,1,5,3,3,1,610.3,False
3,1,8,7,10,3,3,2,2,6,4,6,7,8,0,0,2,4,4,10,1,696.6,True
1,1,6,6,6,3,6,3,1,5,3,6,6,6,7,0,1,3,4,10,2,663.9,False
2,5,10,1,3,3,0,0,1,1,2,8,0,5,0,2,1,5,1,4,2,606.3,False
3,3,3,6,2,6,3,5,1,5,2,6,2,8,0,2,2,5,2,3,2,667.7,False
3,4,10,5,4,5,3,5,2,5,1,4,5,8,0,4,2,5,3,5,2,660.5,False
3,4,0,2,5,10,1,0,1,5,0,10,0,6,10,3,2,10,0,5,2,630.7,True
2,5,3,8,10,10,0,2,2,2,5,6,3,4,10,8,2,10,1,5,3,626.1,False
1,5,10,3,4,8,5,5,2,3,0,8,5,7,8,4,2,5,3,2,2,637.3,True
5,0,8,10,10,10,10,5,2,10,10,10,6,7,5,0,2,9,10,10,0,777.1,False
5,5,10,3,6,7,3,5,1,4,7,1,5,5,0,4,2,10,4,10,0,700.1,False
5,2,6,6,5,3,6,4,1,10,2,10,5,6,0,5,2,6,3,4,2,702.1,False
3,4,10,2,10,10,3,5,1,5,5,3,10,7,0,3,2,3,5,6,1,706.0,False
3,1,10,5,2,8,5,1,1,9,4,10,1,6,1,1,2,5,2,10,1,702.1,False
2,3,8,5,10,4,5,1,2,6,5,7,10,7,0,5,1,3,6,5,1,659.2,True
2,5,1,3,5,1,2,0,2,4,2,8,3,5,0,7,1,6,3,4,2,587.6,False
5,4,1,3,2,4,1,1,1,3,2,4,1,7,0,5,2,3,4,4,2,628.0,False
5,4,5,10,10,10,5,4,1,9,6,5,5,7,5,4,2,10,3,7,3,721.7,True
2,1,7,4,10,4,4,4,1,6,3,10,4,7,0,7,2,5,2,3,2,687.0,False
2,3,0,4,5,1,1,0,1,5,2,4,2,7,10,2,2,1,2,3,3,602.5,False
5,5,3,9,10,10,9,5,2,10,2,5,2,6,0,3,2,2,3,7,3,690.9,False
4,2,2,5,4,7,3,5,1,9,1,6,6,8,2,1,2,4,3,3,0,686.4,False
2,1,7,6,5,8,6,1,1,5,3,4,2,7,0,1,2,5,3,5,2,680.7,False
2,3,8,3,3,4,6,0,1,5,4,9,1,6,0,0,2,6,4,5,1,669.6,True
5,3,2,3,10,8,0,5,1,8,2,10,2,4,10,0,1,10,1,5,2,664.3,False
5,3,2,3,10,10,0,5,1,8,2,10,2,5,10,0,1,10,2,5,2,671.3,False
3,3,3,2,2,7,3,1,2,5,1,2,2,7,2,1,2,3,2,3,2,615.7,False
5,3,5,7,6,4,5,5,1,9,6,5,10,7,0,5,2,10,4,2,3,714.9,False
5,4,10,7,7,10,2,5,2,2,0,5,6,6,0,2,2,1,1,1,2,662.0,False
5,3,6,7,6,6,2,5,1,5,1,4,2,7,5,1,2,10,3,8,2,690.9,False
2,4,2,4,0,0,1,0,2,1,0,5,0,9,0,2,1,3,0,3,1,567.4,True
5,4,10,1,3,1,1,0,1,3,5,10,2,8,10,2,2,2,2,10,1,646.4,False
5,3,1,10,3,5,10,0,2,5,1,8,1,8,0,1,2,10,1,10,3,676.6,False
1,4,0,7,1,10,2,0,2,10,3,1,5,8,0,3,1,2,1,5,3,607.2,False
3,1,10,5,10,10,10,3,1,10,10,10,1,7,0,0,2,10,10,10,3,773.7,False
1,2,10,7,4,10,5,5,2,7,1,7,2,7,1,1,2,5,1,2,1,672.8,False
5,1,7,7,10,10,1,5,1,8,4,5,1,8,7,0,2,10,3,5,1,716.8,False
5,3,3,4,2,2,5,3,2,2,0,3,1,5,0,2,2,4,3,6,3,627.4,False
3,4,4,6,2,10,3,1,1,7,2,7,1,8,0,4,2,10,1,10,1,678.1,False
0,4,6,2,8,7,3,5,2,4,1,6,5,6,10,2,2,5,2,3,2,628.2,True
1,2,3,1,2,6,4,1,1,4,6,3,1,8,3,4,2,2,1,2,1,624.6,True
5,1,10,10,10,10,10,5,1,10,10,10,5,8,0,2,2,10,10,10,2,801.1,True
2,2,4,4,5,4,5,2,1,6,2,4,5,8,1,4,1,5,2,6,0,646.9,True
1,3,3,5,3,8,2,3,1,7,1,6,3,7,0,4,2,4,5,7,1,664.1,False
3,4,10,3,4,10,5,4,2,4,0,10,0,5,0,5,1,4,2,2,2,632.2,False
5,5,3,3,5,3,0,5,1,1,1,3,0,7,10,3,2,4,3,10,2,631.2,False
2,2,10,10,4,10,4,3,2,4,1,8,2,7,0,1,2,7,0,3,1,674.7,False
0,5,0,0,0,0,0,0,1,0,0,1,0,1,10,10,1,0,0,0,2,497.0,False
1,4,3,8,7,10,3,5,2,1,2,8,0,5,0,2,1,10,1,5,2,640.3,False
4,3,10,10,10,10,6,5,1,8,3,10,3,6,7,2,1,10,10,10,0,732.7,False
3,1,10,10,10,10,2,1,2,9,1,2,5,8,0,3,2,10,1,7,1,695.8,True
3,1,2,5,5,10,5,1,1,8,7,1,5,7,0,3,2,5,0,3,1,675.0,False
3,1,0,10,5,6,10,5,1,4,1,2,10,6,10,0,2,2,5,3,2,678.4,False
2,2,1,0,0,1,0,1,1,4,0,1,0,6,0,5,2,3,1,7,3,598.3,True
2,2,2,0,0,1,0,1,1,3,0,2,0,6,5,6,2,4,0,7,3,590.0,True
1,0,8,2,10,10,7,1,1,6,10,5,5,8,5,0,2,8,9,10,1,728.7,True
3,4,6,3,3,4,6,2,2,5,3,3,1,7,0,3,2,4,1,4,1,629.5,False
1,1,4,10,10,10,1,5,1,5,2,8,0,7,0,3,2,10,2,10,2,710.4,False
4,2,2,3,3,2,1,2,1,6,2,10,0,5,0,3,2,1,2,10,2,652.6,True
4,2,2,7,10,8,3,5,1,9,1,3,3,6,0,3,2,5,1,7,2,692.2,False
2,1,6,4,0,4,2,3,1,3,0,5,9,10,0,1,2,1,0,10,0,667.9,False
2,3,10,5,4,10,2,5,2,8,1,8,1,7,10,1,2,3,4,10,3,666.2,False
1,3,3,5,5,4,2,1,1,8,4,5,1,8,0,2,2,3,2,3,1,647.1,False
5,3,3,7,3,3,2,0,1,3,4,5,0,7,0,1,2,1,2,3,0,641.8,True
2,4,8,6,5,5,4,2,2,4,2,2,3,8,10,0,2,5,7,7,3,641.4,True
2,3,5,10,10,10,1,5,1,6,1,2,10,6,0,3,2,3,1,7,2,693.7,False
2,3,10,8,10,5,0,5,2,7,1,5,10,7,0,2,2,10,1,5,3,691.1,True
1,1,1,6,5,1,5,3,1,3,5,5,0,5,0,0,1,2,10,10,1,655.0,True
1,5,3,5,5,1,3,5,2,4,6,3,7,5,0,3,2,7,6,5,3,646.1,False
2,2,2,5,7,2,2,5,1,7,2,10,3,6,0,0,2,5,3,5,3,681.7,False
3,5,3,10,8,8,1,0,2,2,0,6,1,6,10,1,1,3,0,1,2,587.4,True
3,1,10,10,5,5,7,1,1,9,5,8,5,8,0,1,2,6,7,7,1,729.3,True
1,1,0,3,0,2,0,0,1,0,0,10,0,8,0,1,2,1,0,10,1,620.9,True
3,3,5,2,2,2,0,1,2,2,0,2,1,7,5,2,2,8,3,8,1,608.9,True
5,3,10,10,10,4,3,0,2,9,1,5,1,9,0,6,1,10,3,10,3,671.1,False
4,3,5,9,8,10,3,1,1,6,4,7,2,9,10,2,2,8,8,4,1,691.9,False
3,3,0,6,10,4,5,0,1,8,2,3,4,8,0,6,2,10,3,8,1,673.9,False
3,2,10,8,5,10,10,5,2,7,2,4,10,8,10,7,2,8,4,8,1,697.9,True
1,3,3,0,0,10,0,2,2,4,2,2,0,6,10,1,1,5,0,4,1,571.3,False
2,1,5,3,3,8,4,4,2,3,4,8,7,6,0,5,2,2,2,9,1,664.3,True
4,1,5,2,8,3,2,5,1,9,2,2,2,7,0,1,2,3,4,10,3,688.8,False
1,1,9,8,10,10,6,5,2,5,4,2,10,8,2,9,1,6,8,4,1,680.5,True
1,2,8,6,0,6,1,0,1,2,2,2,1,6,2,1,2,3,0,0,1,617.2,False
2,5,10,4,5,7,3,1,1,3,1,3,8,6,5,1,2,1,1,9,3,649.7,True
2,5,10,5,3,8,1,1,1,2,1,3,9,6,5,1,2,1,1,7,3,642.9,True
4,4,4,10,10,10,10,5,2,8,4,4,4,7,1,4,2,10,6,2,2,706.2,False
5,3,7,5,3,9,7,3,1,10,4,7,3,7,10,4,2,10,8,7,1,705.1,True
3,3,8,6,10,8,4,4,1,9,6,8,9,6,4,2,2,8,6,8,0,730.6,True
2,1,8,4,2,10,2,2,2,6,3,5,5,7,1,1,2,8,3,10,2,677.5,True
4,2,2,1,10,10,2,2,2,4,1,3,10,7,0,10,2,2,2,3,2,639.7,False
0,5,0,0,0,0,0,0,1,0,0,1,0,1,10,0,1,0,0,0,1,514.0,True
3,4,3,6,10,9,4,5,2,7,3,6,4,9,0,5,2,4,3,10,3,684.9,False
3,2,7,10,10,10,4,5,2,6,4,7,5,7,0,0,2,6,8,4,2,717.0,False
2,4,10,5,6,10,10,4,1,8,1,2,10,6,10,1,2,9,8,1,3,697.1,False
1,3,8,5,10,2,2,5,2,4,4,3,10,8,0,3,1,10,2,10,2,667.1,False
4,3,2,6,10,4,4,5,2,9,4,5,9,7,2,1,2,10,2,10,3,701.3,True
2,1,10,5,3,6,5,1,1,7,6,10,5,8,0,1,2,10,10,6,1,724.6,True
2,2,2,3,2,2,1,1,2,4,4,5,10,7,0,0,1,2,1,8,3,619.7,False
3,1,9,10,10,10,8,0,1,7,9,6,10,9,0,1,2,3,8,10,1,754.6,True
2,1,2,8,4,3,1,0,2,7,5,3,2,7,1,0,1,5,6,8,1,634.6,True
5,3,10,8,10,10,4,5,1,3,10,10,10,6,0,0,2,10,3,4,3,754.8,True
2,2,10,4,3,6,0,5,1,5,2,8,0,7,0,1,2,7,1,7,3,681.5,False
3,4,1,3,2,3,1,1,2,5,2,8,0,6,0,2,2,5,0,4,3,611.6,False
3,3,1,6,3,5,4,1,2,8,4,2,5,8,10,3,1,3,3,3,1,604.0,False
2,2,5,10,4,5,1,5,2,8,1,2,2,7,0,2,2,5,1,1,3,648.0,False
2,0,9,4,5,8,0,3,1,7,5,6,10,9,0,1,2,0,5,10,3,712.1,True
5,1,10,7,3,5,10,2,1,3,5,4,1,7,8,0,2,10,9,7,3,707.9,True
5,2,5,3,10,1,0,5,1,6,1,9,1,8,0,3,2,6,1,10,2,690.4,False
4,2,10,5,10,10,5,2,1,9,4,10,5,8,0,1,2,7,3,10,1,739.9,False
1,5,1,3,3,3,2,2,2,1,1,3,0,6,10,1,1,5,0,7,3,563.0,False
4,1,10,8,7,4,4,4,1,8,8,6,10,7,0,1,2,6,8,2,1,735.5,False
2,2,6,5,8,10,9,3,2,8,8,10,3,6,2,3,2,8,7,8,2,712.3,False
5,4,4,4,8,10,8,2,1,8,2,10,2,7,0,1,1,6,2,1,1,678.5,False
1,4,0,2,2,9,0,0,1,0,3,6,0,4,0,5,2,5,0,10,2,614.2,True
1,3,7,7,4,4,2,0,1,5,1,6,3,8,2,2,2,3,1,4,1,643.9,False
3,2,10,5,2,4,2,5,1,6,3,2,2,8,0,3,2,2,3,4,1,668.6,True
5,1,10,5,8,9,7,5,1,8,1,10,7,8,0,1,2,10,2,10,0,755.2,False
1,3,2,3,10,3,5,2,2,6,5,10,10,7,0,7,2,1,5,7,1,661.5,False
5,0,10,5,10,3,5,5,1,5,1,4,3,7,0,5,2,10,3,10,3,718.1,True
5,5,4,7,3,1,0,5,2,7,4,1,0,8,0,4,2,3,1,7,3,634.4,False
4,1,8,10,10,10,5,5,1,7,4,4,7,8,5,6,2,6,3,2,0,714.9,False
5,3,10,4,10,10,8,2,2,9,4,4,10,8,0,0,2,10,8,10,2,738.7,False
5,0,8,10,5,8,2,5,2,3,1,10,3,8,0,0,2,5,1,6,2,700.8,True
4,4,8,5,3,10,7,1,1,5,3,9,1,9,6,2,1,5,2,4,1,658.3,False
2,3,4,8,2,3,2,2,1,5,2,6,2,7,0,2,2,4,0,4,1,647.1,False
3,4,10,10,3,10,3,4,1,4,4,4,10,8,0,5,2,7,8,4,1,709.8,False
5,4,4,4,10,10,5,5,2,10,6,4,10,7,10,3,2,6,3,6,3,689.2,False
5,3,10,6,4,4,3,5,2,5,4,10,3,7,0,1,2,10,2,8,3,698.9,False
2,3,2,4,2,10,1,1,1,1,2,1,4,5,5,5,1,8,2,6,0,610.0,False
5,4,7,5,10,6,1,5,1,8,1,7,5,6,6,4,2,2,2,5,3,677.7,False
3,1,7,3,6,4,5,1,1,7,6,10,5,9,0,1,2,10,6,7,0,718.0,False
5,3,4,10,6,2,4,1,1,7,2,5,2,9,2,1,2,4,4,10,1,686.4,False
4,3,10,7,10,10,8,4,2,9,8,10,1,6,5,6,2,10,10,7,3,725.9,False
5,0,10,5,3,3,7,1,1,8,5,10,6,7,10,1,2,4,10,10,1,715.9,True
3,2,1,4,1,2,0,5,2,5,2,5,0,6,5,3,1,2,1,5,2,594.0,False
3,1,4,4,8,5,4,5,1,7,4,3,2,6,5,2,2,3,2,8,1,676.9,True
5,3,7,10,3,5,7,5,2,5,1,6,3,6,0,1,2,7,1,7,3,684.3,False
2,4,5,6,10,2,7,5,2,3,1,1,0,9,0,5,1,7,2,10,1,638.0,True
4,3,1,8,8,8,2,5,2,3,1,5,0,8,0,7,2,3,1,2,2,640.3,False
3,4,4,5,8,3,7,1,1,7,5,10,0,9,5,2,1,8,7,7,1,672.1,False
4,0,0,10,10,4,7,5,2,8,10,2,3,5,10,1,1,10,10,10,3,691.8,False
5,0,10,5,10,5,6,5,1,10,7,2,10,8,0,1,2,6,10,10,2,763.8,True
3,5,2,3,6,2,3,4,1,7,2,10,2,7,2,9,2,10,4,6,2,661.5,True
1,0,4,4,4,1,0,3,2,4,0,2,0,8,0,0,2,1,0,10,3,624.4,False
2,1,8,4,7,5,7,3,2,0,3,1,2,8,10,2,2,5,2,4,1,634.4,False
2,0,10,3,0,10,0,0,1,0,6,10,0,7,0,1,1,2,10,10,2,668.3,True
5,1,10,2,10,8,10,5,1,8,5,7,2,8,0,2,2,10,2,10,2,747.8,False
3,1,1,3,5,3,3,2,1,2,2,3,8,7,10,3,1,5,1,7,1,622.7,False
2,2,0,5,3,4,5,2,1,2,4,4,3,8,10,6,2,6,8,3,1,636.7,True
3,3,8,1,8,10,1,5,1,10,4,10,0,7,0,3,1,4,0,7,2,678.5,False
5,3,7,7,5,10,5,3,2,4,6,3,5,7,5,7,2,3,6,5,2,666.9,False
3,2,6,5,2,2,2,3,1,4,5,2,3,7,10,4,1,3,4,3,0,617.4,True
2,3,5,5,1,10,1,5,2,5,1,5,1,8,7,5,1,6,7,2,1,619.9,True
3,3,8,10,8,10,2,5,2,8,0,6,1,5,0,2,2,10,4,10,2,699.4,False
1,1,2,2,1,3,2,0,2,3,3,5,2,7,0,1,2,2,1,2,1,604.4,False
2,1,10,8,10,4,4,2,2,4,2,6,5,8,1,1,2,10,6,3,1,689.8,True
1,1,10,2,1,4,5,0,1,4,1,7,5,8,0,4,2,7,2,5,1,661.1,True
0,2,2,4,2,4,3,0,1,5,2,8,2,7,3,2,1,8,4,5,1,627.1,True
3,3,6,4,9,4,5,1,2,7,8,6,5,7,5,0,2,7,8,7,3,682.8,False
4,3,3,10,5,3,1,1,1,1,1,3,1,8,0,5,2,5,1,2,2,636.5,False
4,4,8,5,2,7,2,5,1,7,2,6,2,8,0,3,2,4,1,10,3,684.7,True
3,5,6,4,4,7,3,5,1,8,2,10,10,8,10,5,2,4,1,5,3,671.9,False
4,4,10,5,10,7,10,2,1,9,4,6,5,7,10,0,2,10,7,10,1,723.6,False
1,1,10,5,10,10,10,5,1,4,2,4,10,9,0,0,2,10,5,10,3,749.1,False
3,4,1,4,1,3,1,1,1,5,0,5,1,7,0,8,2,0,0,8,1,611.2,False
5,1,10,2,10,10,5,2,1,2,2,7,0,7,10,10,2,10,5,10,2,686.4,True
5,4,10,1,0,0,0,0,1,3,0,1,0,7,0,3,1,1,0,10,2,600.2,True
4,3,4,3,7,3,9,3,1,6,1,5,3,8,6,1,2,8,3,5,1,676.0,False
5,0,4,3,2,1,2,3,2,3,3,2,2,9,0,1,1,1,4,10,3,633.1,False
4,3,10,7,5,5,1,2,1,8,2,8,2,7,0,1,2,5,4,10,3,698.5,False
5,2,10,10,10,5,5,2,1,8,3,8,5,7,0,2,1,10,2,10,1,718.9,False
3,0,10,10,3,5,4,2,1,3,2,10,0,7,0,0,2,10,2,5,3,702.3,False
4,1,10,10,10,3,4,5,1,7,2,1,1,7,0,7,1,5,3,9,1,683.5,False
1,0,9,7,10,10,2,0,2,8,3,3,1,7,0,0,2,10,7,10,1,697.5,True
2,3,5,7,5,10,2,1,1,8,1,3,10,7,5,0,2,6,1,3,3,670.3,False
5,1,10,8,8,10,2,1,1,4,3,7,5,7,0,0,2,2,3,7,2,710.2,False
4,2,3,7,2,10,4,5,1,6,1,4,1,9,0,1,2,10,1,3,3,689.6,False
0,2,0,2,1,1,2,1,2,5,2,1,3,8,10,1,1,2,0,7,1,564.7,True
5,3,10,8,3,10,5,2,2,9,4,7,8,7,0,7,2,6,8,3,1,698.3,False
5,0,10,6,10,10,7,5,1,8,1,1,5,7,0,0,1,9,8,10,1,736.2,True
2,5,0,3,0,5,2,1,1,5,0,10,1,8,1,3,2,3,5,1,1,624.3,False
2,3,3,4,5,10,2,5,2,6,2,7,1,5,0,2,2,7,2,1,2,650.3,False
3,2,2,5,5,10,2,2,2,2,5,10,2,8,5,4,1,5,5,3,2,634.5,True
4,3,3,10,10,10,2,2,1,8,10,5,6,7,10,4,2,2,6,3,1,689.4,False
1,4,7,4,5,10,1,1,1,4,1,7,1,7,7,10,2,4,2,4,1,625.2,False
3,4,5,6,6,10,2,5,1,9,4,10,10,7,5,3,2,6,1,1,2,695.5,False
3,2,8,8,10,10,4,5,2,9,4,9,7,9,0,2,2,7,6,5,1,728.0,False
5,2,7,8,10,10,7,5,1,7,4,10,6,8,0,1,2,8,6,7,1,756.9,True
4,4,10,4,10,2,2,1,2,6,1,3,5,8,0,1,2,2,6,7,1,660.3,False
2,4,3,7,7,10,10,0,1,7,0,10,3,7,3,1,2,2,1,7,2,676.8,True
5,3,10,10,5,10,0,0,1,7,1,6,1,9,4,10,1,2,2,2,1,640.7,False
5,5,8,10,7,10,2,3,2,5,6,10,2,6,10,10,2,10,7,6,3,674.9,False
5,3,10,5,8,10,10,5,1,10,2,6,5,8,10,1,2,10,0,5,3,720.4,False
4,0,3,10,10,10,3,2,1,7,2,7,5,6,2,0,2,8,3,5,3,715.1,True
3,1,2,7,10,6,5,2,1,7,7,3,5,8,0,0,2,3,2,3,1,692.6,True
2,3,4,5,10,10,2,0,2,7,1,10,5,9,4,1,2,2,1,7,1,660.2,True
5,1,10,5,4,6,4,5,2,8,4,7,6,7,0,0,2,10,2,6,2,711.9,True
4,3,5,10,5,10,4,1,1,7,1,9,1,8,4,3,2,5,2,0,2,673.4,False
4,4,8,5,10,10,4,4,2,6,3,7,4,5,1,2,2,4,4,5,2,682.6,False
0,1,4,3,8,6,3,3,2,2,4,10,0,7,4,8,2,4,1,10,1,639.4,True
4,2,5,5,5,7,4,4,1,7,3,8,3,7,0,2,2,5,5,3,1,695.1,False
4,1,1,2,1,5,2,0,2,3,2,7,1,7,0,0,2,6,2,10,3,640.5,True
5,4,6,6,10,10,5,5,1,5,1,10,10,6,0,0,2,10,0,7,3,731.0,False
4,5,4,5,10,2,10,4,1,7,1,7,3,7,10,7,2,10,2,2,1,664.3,False
5,4,10,4,7,10,10,3,2,6,1,5,2,8,10,2,2,10,1,5,3,674.3,True
2,2,5,8,4,10,2,5,2,8,4,5,10,6,0,10,2,5,4,5,2,675.6,False
3,5,5,10,10,10,5,5,1,6,1,8,10,6,0,7,2,10,2,10,1,720.4,False
2,4,10,5,2,10,2,2,1,3,2,3,1,7,5,1,2,3,2,2,3,641.4,False
4,4,5,6,6,10,4,5,2,6,2,10,1,7,0,9,2,10,2,4,1,673.4,False
5,2,6,7,6,10,6,5,1,8,2,5,10,7,0,1,2,2,4,10,3,730.2,True
3,3,10,10,8,10,3,5,2,7,4,9,5,5,4,6,1,10,1,6,3,679.6,False
5,3,7,6,10,10,7,3,1,9,4,10,9,8,5,3,2,10,2,7,3,736.5,True
5,2,2,6,3,6,3,4,1,10,2,4,3,8,0,0,2,2,1,5,3,680.9,False
4,0,10,8,10,10,10,5,1,5,6,10,10,7,0,1,2,10,7,10,3,785.6,True
5,4,3,7,3,10,3,1,1,7,8,9,5,8,4,3,2,4,10,1,2,692.1,False
5,5,4,6,10,10,10,1,2,3,10,10,10,6,10,5,1,10,0,0,2,659.6,False
4,3,10,10,10,10,8,5,1,7,3,5,2,6,1,8,2,10,1,5,2,716.4,False
5,2,10,10,10,10,10,3,2,5,5,8,10,8,10,1,2,6,5,2,3,717.4,False
3,4,5,5,10,10,3,1,2,5,3,4,2,7,0,3,2,3,10,2,1,658.6,False
2,1,6,10,10,10,5,5,1,8,6,5,2,9,0,2,2,10,8,3,2,737.4,False
2,2,10,8,7,6,7,2,1,8,2,4,4,9,5,1,2,10,5,2,1,699.8,False
4,1,10,10,10,10,5,5,1,7,5,10,5,6,0,0,2,10,10,3,3,763.3,False
3,3,3,6,5,10,4,1,1,7,3,10,0,6,7,5,1,3,5,6,2,646.0,False
3,3,4,6,4,10,4,4,2,2,4,10,2,6,6,2,2,4,1,4,3,651.1,False
2,3,4,10,7,10,5,1,1,4,5,10,4,5,0,0,2,3,10,5,2,703.6,False
3,3,4,7,10,8,3,5,1,4,1,10,5,6,4,1,2,2,2,3,2,683.4,False
2,1,5,10,3,10,5,1,1,7,3,5,3,6,10,2,2,3,4,3,2,663.7,False
5,5,10,10,5,10,5,3,1,10,5,6,5,6,7,1,2,2,2,2,3,692.8,False
4,4,3,10,10,10,5,5,2,8,3,5,1,6,10,5,2,3,0,3,2,651.8,False
5,2,10,4,10,10,10,5,2,10,2,10,10,7,0,0,2,6,2,10,2,746.5,True
5,5,10,10,10,10,10,5,2,7,1,10,10,5,0,5,2,10,4,5,2,729.1,False
4,3,2,10,10,10,8,3,2,5,6,10,5,8,0,1,1,6,1,3,2,685.5,True
5,3,10,7,9,10,5,5,1,4,2,6,2,7,0,1,2,4,2,3,1,706.6,False
4,1,5,5,5,8,7,2,1,8,8,5,3,6,0,2,2,3,10,8,1,714.7,True
4,2,5,10,3,10,4,2,1,5,1,10,0,7,5,3,2,3,0,2,2,666.6,False
3,5,1,5,3,10,2,2,2,6,5,7,2,8,10,10,2,3,10,3,1,623.7,False
5,5,6,10,9,7,10,5,1,8,2,10,10,7,0,6,2,10,2,10,1,743.1,True
1,3,10,6,3,10,1,0,1,3,7,7,5,6,0,5,2,2,1,1,2,653.9,False
3,3,2,5,6,10,4,0,1,4,2,10,1,7,2,5,1,8,4,4,2,649.6,False
4,2,3,2,6,10,2,1,2,7,1,7,5,6,5,5,2,10,1,2,2,645.4,False
3,3,6,4,6,10,4,1,2,7,4,8,2,7,3,5,2,6,3,6,2,661.1,False
3,3,4,6,10,10,8,3,1,6,3,10,0,6,5,3,2,10,4,10,2,708.9,True
3,5,2,6,10,6,2,5,1,9,8,10,2,7,2,1,1,10,9,1,2,692.1,False
5,2,8,10,10,10,10,2,1,8,4,10,5,7,2,8,2,10,3,8,2,739.7,False
4,4,10,7,2,9,2,1,1,10,7,9,3,8,4,3,2,6,5,6,1,698.9,False
5,4,8,10,10,10,10,5,1,8,8,7,10,8,10,2,1,5,10,10,3,741.0,False
3,2,8,5,10,10,5,1,1,8,2,10,1,8,2,1,2,5,7,8,1,714.4,True
3,5,5,6,10,10,2,3,2,7,4,1,2,8,5,3,2,7,6,10,3,668.4,False
4,2,2,3,5,10,10,3,2,9,7,10,5,7,0,1,2,10,3,6,2,710.8,False
2,2,10,8,10,10,4,3,2,10,8,9,5,8,3,4,2,10,5,3,1,715.9,False
3,3,6,10,10,10,5,2,1,7,4,5,5,8,10,2,2,10,6,1,1,698.1,False
5,2,10,8,4,10,2,0,1,7,1,3,10,8,0,1,2,1,8,7,1,706.2,True
4,1,8,8,8,8,5,5,2,7,5,6,10,8,0,2,2,4,7,9,2,728.9,True
2,2,5,5,10,10,2,5,2,2,1,10,3,7,3,2,2,6,1,5,2,670.0,True
4,4,4,10,10,10,5,5,2,2,3,7,5,6,0,1,2,10,10,7,2,713.4,True
4,0,4,10,10,10,5,5,1,8,3,5,2,7,8,0,2,10,4,10,1,730.2,True
3,3,10,10,10,10,6,5,2,8,3,8,5,7,5,3,2,8,10,7,2,724.0,False
2,2,0,8,10,10,2,2,2,1,6,2,10,5,0,1,2,5,9,5,3,674.8,False
4,3,5,8,10,10,2,3,2,5,3,7,3,6,5,5,1,6,3,2,2,645.4,False
5,3,7,6,3,10,2,1,2,4,1,6,5,7,10,2,2,3,3,2,1,636.9,False
2,3,5,4,2,10,0,2,2,3,1,3,2,6,8,1,2,3,0,2,2,603.8,True
3,1,7,10,3,10,5,2,2,8,3,1,5,6,7,5,2,1,5,1,2,649.3,False
5,2,10,10,10,10,6,5,2,8,3,10,0,6,0,2,2,6,9,5,2,729.3,True
5,4,7,9,5,10,2,2,2,3,1,5,2,6,0,3,2,2,4,6,3,656.9,False
2,3,5,10,8,10,5,4,2,7,4,7,5,7,0,1,2,10,2,6,2,701.7,False
4,4,10,10,5,10,2,3,1,5,5,10,2,8,2,4,2,6,2,5,2,700.8,False
1,3,4,1,6,10,2,2,2,0,1,9,4,5,3,7,1,3,2,1,1,594.6,True
5,3,6,7,5,10,8,4,2,5,3,4,1,7,0,2,1,5,1,1,2,653.5,False
4,4,10,6,10,10,3,5,1,8,5,4,2,6,10,5,2,3,10,4,2,692.4,False
3,2,5,7,10,10,5,3,2,8,4,7,7,8,10,3,2,10,6,8,1,700.2,False
5,5,2,6,8,10,5,1,1,9,0,10,3,7,0,2,1,6,7,5,3,680.2,False
5,3,4,7,10,10,2,1,1,2,3,10,10,7,0,3,2,4,4,10,2,710.8,True
5,1,8,10,10,10,5,2,1,8,7,10,3,7,2,4,2,10,7,1,1,738.0,False
5,5,10,10,10,10,10,5,2,10,0,10,5,5,0,5,2,10,4,4,2,722.3,False
2,2,10,10,10,10,3,2,1,8,5,3,2,8,2,2,2,10,5,2,1,709.6,False
5,3,10,7,10,10,4,5,1,4,1,6,2,7,0,1,1,4,2,3,1,687.9,False
4,2,10,4,4,10,4,2,1,7,4,6,1,7,9,1,2,3,5,6,1,681.1,False
5,3,2,4,5,7,2,0,1,8,5,10,5,6,7,0,2,1,1,5,3,663.0,True
4,3,10,10,5,10,7,5,2,8,2,6,1,8,0,2,2,4,1,3,2,691.5,True
3,2,9,10,8,9,8,2,1,7,6,10,1,6,0,2,2,6,7,3,2,724.2,False
5,4,7,6,4,10,2,2,2,5,2,6,5,7,10,2,2,4,4,2,1,645.4,False
5,4,10,6,10,10,2,5,1,10,6,10,5,7,0,2,2,4,1,10,3,736.3,False
4,3,10,10,10,10,7,5,2,7,7,5,5,7,7,1,2,8,6,3,1,714.9,False
4,4,10,5,10,10,4,5,2,7,2,8,5,8,5,1,2,10,7,3,2,705.5,False
4,1,7,6,3,10,4,2,1,4,4,10,3,8,6,3,2,10,6,3,1,699.1,False
5,2,10,10,10,10,5,5,1,7,4,10,2,7,10,1,2,10,6,3,1,732.9,False
3,5,8,5,10,10,2,5,1,0,3,4,1,5,5,1,2,5,1,0,2,654.8,False
5,3,7,10,10,10,5,5,1,8,5,9,10,7,4,1,2,7,7,7,2,753.1,False
4,3,7,8,2,10,1,1,1,8,7,10,5,8,10,0,2,4,5,5,2,690.6,False
3,4,4,10,2,5,3,5,1,5,2,2,3,5,0,0,1,6,5,3,1,652.7,False
2,3,1,5,6,8,6,0,1,4,3,10,1,7,3,4,1,8,4,4,2,646.2,False
5,5,7,10,3,10,10,3,1,8,6,9,3,8,5,1,2,2,6,5,2,712.5,False
3,4,5,10,4,10,3,2,1,5,6,6,6,7,6,2,2,3,1,3,2,670.9,False
5,0,6,10,10,10,4,3,1,10,7,5,10,7,0,2,2,5,10,10,2,764.2,False
4,3,4,10,10,10,5,5,2,10,7,7,5,7,0,4,2,10,10,10,2,739.1,False
5,3,10,10,10,10,5,4,1,10,5,10,7,7,0,0,2,5,1,5,3,746.5,False
1,3,2,4,10,10,2,5,2,7,1,6,2,7,0,2,2,3,3,7,3,662.4,True
4,3,5,10,10,10,0,5,1,8,3,7,3,7,4,5,1,10,1,3,1,683.0,False
3,3,10,6,10,10,2,2,1,9,7,10,2,7,6,2,2,10,1,5,1,709.1,False
2,3,6,6,6,10,7,0,1,8,6,6,5,8,0,2,2,1,3,5,1,688.1,False
4,1,3,6,10,10,4,2,1,10,3,10,1,6,10,0,2,10,6,3,2,703.8,False
5,5,10,10,5,10,8,5,1,8,3,5,10,8,10,2,2,10,8,7,1,733.8,False
1,0,3,6,10,10,2,5,2,4,6,7,0,7,8,0,2,10,1,5,3,674.5,False
3,3,5,10,3,10,4,5,1,5,5,9,2,8,10,1,2,7,2,2,2,685.3,False
5,2,10,10,10,10,5,2,1,8,8,6,1,8,10,1,2,10,1,10,2,727.2,False
2,4,2,1,8,10,1,1,2,7,7,4,10,5,10,6,2,3,10,0,2,631.0,True
4,4,2,10,10,10,2,5,2,7,2,5,1,6,10,5,2,2,0,2,2,638.2,False
4,2,10,4,10,10,10,5,1,10,10,10,2,8,0,0,2,10,10,4,2,772.2,False
4,4,6,7,10,10,10,3,1,8,3,8,3,8,10,5,2,10,5,2,2,702.1,False
5,1,10,10,10,10,1,5,2,8,0,8,0,6,8,2,2,8,8,4,3,701.7,False
5,4,7,4,10,4,5,4,1,6,5,10,4,6,10,1,2,4,10,3,1,695.3,False
2,2,10,8,6,7,8,3,1,8,2,4,5,9,5,2,2,10,4,3,1,704.9,False
5,4,6,6,3,10,5,2,2,6,2,7,5,7,10,2,2,4,4,2,1,650.7,False
4,1,10,10,6,10,3,2,1,7,2,10,2,8,2,2,2,7,2,6,1,716.1,True
5,1,6,10,10,10,5,3,1,10,10,5,10,7,1,2,2,6,8,7,2,759.1,False
5,2,5,7,10,10,2,5,2,7,6,7,0,7,0,1,2,2,3,5,2,693.2,False
5,2,5,10,3,10,3,1,1,8,4,8,5,7,0,1,2,2,1,7,2,700.2,False
5,1,10,10,5,10,5,5,1,10,8,4,10,6,0,3,2,10,10,5,3,763.8,False
3,4,2,10,6,10,2,5,2,5,4,4,5,6,2,2,1,4,2,2,1,641.4,False
3,3,8,10,10,10,3,5,2,5,3,4,5,8,5,2,2,8,1,5,2,687.7,False
2,2,10,5,2,10,3,2,1,3,4,2,1,6,0,2,2,3,5,7,1,669.9,False
2,2,2,6,2,5,1,2,2,9,2,10,0,6,7,1,2,6,2,7,2,639.2,True
1,3,8,2,0,8,3,5,2,6,1,8,1,8,10,2,1,7,1,10,1,627.3,True
5,4,2,0,10,10,3,2,2,0,6,10,0,5,1,1,2,0,1,1,3,635.6,True
2,4,5,8,6,10,5,5,2,7,4,5,10,7,0,8,2,5,4,5,2,680.9,False
2,1,10,10,10,10,10,5,1,5,7,6,1,9,0,2,2,10,8,4,2,751.2,False
5,1,3,3,2,10,4,0,2,5,1,1,10,7,0,2,2,10,0,7,2,663.1,True
5,2,1,4,0,2,1,3,1,2,0,6,5,8,2,0,1,1,0,10,2,632.0,True
3,3,10,5,5,7,8,1,1,7,5,10,5,8,0,2,2,10,3,8,1,719.5,True
1,3,3,1,3,10,2,0,2,4,0,4,0,7,3,6,1,5,0,3,1,578.7,False
3,2,9,2,9,6,4,1,2,5,1,4,3,9,4,1,2,6,3,8,0,662.4,False
5,3,8,8,10,10,8,5,1,9,3,10,5,8,10,2,2,5,3,8,3,729.7,False
4,3,3,3,10,10,0,1,1,7,0,5,0,6,0,8,2,4,0,5,3,646.7,False
1,2,3,1,4,10,3,3,1,8,1,5,10,7,10,0,1,5,3,10,1,655.4,True
1,4,10,8,4,3,2,0,1,3,2,8,1,7,0,1,2,4,0,3,1,645.8,False
5,5,5,3,10,10,2,1,1,1,5,8,2,8,8,0,1,2,1,3,1,639.2,False
3,2,5,10,2,10,2,3,2,5,1,5,1,7,0,1,2,10,1,5,2,667.3,False
3,1,2,5,10,10,3,2,2,8,4,5,3,8,8,2,1,2,2,2,2,635.2,False
2,4,9,10,10,10,5,1,2,9,2,1,0,8,10,10,2,8,6,8,3,654.8,False
3,0,10,8,6,10,3,5,2,8,2,7,3,9,0,5,1,7,1,5,1,683.4,False
4,2,1,4,4,3,5,4,1,6,1,10,6,8,1,1,2,3,10,9,3,700.8,True
5,1,7,10,9,3,5,5,1,3,3,4,8,6,0,0,2,10,2,9,3,728.1,False
3,2,10,6,5,7,7,1,1,2,5,7,3,7,4,4,2,10,4,4,1,688.1,False
4,2,5,8,8,10,3,1,2,8,2,6,7,6,0,0,2,6,1,2,2,679.2,False
2,3,10,5,5,10,4,5,1,7,4,8,5,5,8,2,2,10,8,10,3,715.1,True
3,2,7,4,4,5,3,5,2,3,1,4,2,7,5,1,2,10,2,7,3,656.9,False
3,3,2,2,2,4,2,1,1,6,2,2,3,7,8,3,2,4,2,7,2,624.2,True
1,3,2,4,4,6,2,1,2,4,0,5,2,7,5,7,1,5,1,6,1,587.4,True
3,2,5,6,5,3,4,5,2,7,6,5,3,7,2,5,1,3,1,4,2,638.4,False
5,4,6,3,10,5,3,1,1,4,2,10,10,7,4,4,2,10,1,6,2,688.7,False
1,5,6,7,10,10,8,3,2,2,2,5,7,7,10,5,2,9,4,10,2,665.6,True
4,3,10,10,10,6,5,5,2,8,2,6,5,6,0,0,2,10,4,10,2,723.4,False
2,4,2,6,5,10,8,5,1,5,2,4,5,5,7,1,1,6,1,3,1,648.0,True
2,1,10,3,10,4,3,2,1,8,7,7,1,7,0,2,1,4,7,10,3,691.5,False
5,3,10,8,4,10,7,0,1,6,4,5,3,8,0,0,1,5,3,6,1,687.9,True
5,3,0,10,5,10,0,5,1,7,8,5,4,7,10,8,2,3,3,8,1,675.8,False
3,1,2,6,4,4,2,5,2,3,3,5,10,8,5,4,2,1,3,3,2,647.1,False
3,1,8,10,4,10,3,2,2,7,3,5,5,7,0,1,2,7,1,1,3,679.2,False
2,1,10,10,10,7,2,5,2,7,6,2,4,6,3,4,1,10,3,8,3,681.8,False
4,4,2,10,4,10,6,1,1,9,5,7,2,6,10,0,2,10,1,10,1,689.6,True
5,2,3,7,10,10,5,4,1,7,2,10,0,7,0,4,2,10,2,5,3,714.2,False
5,1,10,5,10,10,6,5,2,7,4,4,10,9,0,1,2,3,4,7,2,727.0,False
1,4,6,1,3,3,0,0,2,3,0,3,2,7,10,2,2,3,1,1,1,571.7,True
5,3,10,10,10,8,3,5,2,8,2,6,2,8,0,6,2,9,8,8,3,717.0,False
1,4,2,4,2,4,1,4,2,4,0,2,2,8,3,1,1,2,0,0,2,578.5,False
4,5,2,5,1,3,5,1,2,2,3,5,1,7,0,10,1,3,1,10,1,594.2,False
5,1,5,3,2,5,2,0,1,7,2,3,1,8,0,1,2,3,2,2,1,651.8,True
4,5,8,2,4,6,2,0,2,4,3,5,4,8,0,5,2,8,2,7,2,642.0,False
4,2,10,6,3,2,4,5,2,8,3,7,1,7,4,0,2,8,4,4,1,677.9,False
3,2,1,1,3,4,3,1,2,1,2,5,1,8,2,2,2,5,2,5,3,616.5,True
2,2,1,1,1,5,2,2,2,2,2,3,1,8,2,2,2,5,1,3,3,605.9,True
4,3,2,3,3,2,2,1,2,1,1,3,0,5,0,9,1,2,0,4,2,567.9,False
5,5,10,5,5,10,4,5,1,9,2,10,6,8,0,1,2,10,5,7,2,734.8,False
5,3,4,3,3,10,3,0,2,7,2,8,0,7,4,1,2,5,1,7,3,647.5,True
2,2,6,5,2,10,3,2,1,8,3,3,5,8,0,7,2,5,2,7,2,672.2,False
3,1,6,3,7,6,5,5,2,3,4,4,5,7,5,2,2,4,3,6,3,665.4,True
4,1,7,6,10,6,3,5,2,6,6,5,6,7,5,3,2,5,4,8,3,694.5,True
1,5,3,3,1,1,2,2,2,5,7,2,1,6,1,3,2,3,1,6,2,601.9,False
1,2,1,2,3,10,2,1,2,2,4,2,2,7,1,2,2,2,2,3,1,612.3,False
4,0,9,8,10,3,8,3,1,7,2,4,2,7,7,1,2,10,4,8,2,713.0,False
2,4,5,3,10,10,10,5,2,9,5,5,10,7,0,1,2,6,4,10,2,714.9,False
2,1,2,5,2,5,5,1,1,5,3,5,4,6,4,10,2,10,3,4,0,646.7,True
3,2,1,7,7,9,4,3,2,10,3,4,3,8,0,2,2,6,2,10,2,682.6,False
2,1,6,4,3,4,4,0,1,7,4,10,1,6,0,0,2,6,3,7,1,678.3,True
5,5,10,10,10,5,5,5,1,6,5,10,2,6,5,0,2,10,2,5,3,719.1,False
2,0,7,5,10,6,10,5,1,10,1,5,5,5,4,0,2,10,2,10,3,726.4,True
4,1,10,4,10,8,3,5,1,8,4,10,10,7,0,1,2,2,7,10,3,748.2,True
4,1,6,3,10,4,4,5,2,7,2,8,6,6,0,4,2,6,3,10,3,694.9,True
5,1,2,2,1,2,1,3,1,6,0,10,5,7,0,1,2,1,2,10,3,670.0,False
2,3,7,6,5,5,5,4,2,5,2,5,3,7,10,9,2,5,4,7,1,636.7,False
4,2,4,4,10,4,10,1,1,5,2,6,4,7,0,4,2,6,1,0,2,674.3,False
4,1,2,7,8,10,8,5,1,10,8,10,10,7,0,0,2,7,3,7,2,756.7,False
1,1,8,6,1,1,1,0,1,5,3,9,1,7,0,0,1,4,0,7,1,637.5,True
3,2,10,2,10,10,5,5,1,8,3,5,2,7,0,0,2,5,7,4,1,716.6,False
5,2,3,7,7,3,3,4,2,3,1,4,5,6,9,5,2,4,1,7,1,638.0,False
5,3,8,2,1,10,2,0,1,6,2,5,0,6,10,1,2,10,1,2,1,645.0,False
5,2,4,10,6,3,2,5,2,3,2,7,1,7,0,4,2,5,1,7,3,666.0,False
5,4,10,4,8,7,5,1,1,7,3,6,0,8,7,5,2,9,5,5,2,681.3,False
1,5,0,5,5,10,4,2,1,5,3,9,5,6,2,7,1,7,8,3,2,644.1,False
2,1,3,2,2,5,5,1,2,7,4,7,4,7,0,0,2,4,4,3,1,650.7,True
5,5,10,10,3,3,4,5,2,7,0,7,1,6,0,5,2,5,1,3,2,657.3,True
2,3,5,1,0,2,2,3,1,4,4,8,1,9,0,10,2,4,4,10,1,646.2,True
1,1,2,10,1,2,4,1,1,2,7,2,5,7,0,1,2,1,2,7,1,653.1,False
3,3,10,7,10,7,5,5,2,9,4,10,2,8,0,1,2,10,3,7,2,719.5,False
2,5,0,4,5,7,1,5,1,4,6,7,1,7,8,3,1,6,3,5,1,630.3,False
2,4,7,3,6,4,4,3,2,3,2,1,5,5,5,6,2,4,2,3,1,613.4,False
5,2,6,5,10,2,8,2,1,8,4,8,8,8,6,6,2,6,6,10,1,712.3,True
2,2,5,10,10,10,10,5,2,10,6,10,10,8,0,2,2,10,10,7,3,758.6,True
2,3,5,10,10,10,10,5,2,10,6,10,10,8,0,1,2,10,10,6,3,755.2,True
5,2,5,3,4,3,4,3,1,4,5,6,0,7,3,2,2,3,5,10,1,676.0,True
1,2,4,8,6,6,6,4,1,8,4,4,4,6,3,1,2,9,4,9,2,699.2,True
3,3,4,4,1,2,5,5,2,4,5,2,1,7,9,2,2,10,4,10,2,644.6,False
1,4,2,1,2,4,2,1,1,5,1,8,1,5,0,2,1,3,0,2,1,597.8,False
5,3,10,1,6,3,1,1,1,8,2,7,1,9,0,10,2,4,5,10,3,671.5,False
3,3,2,5,10,10,1,4,2,1,3,10,0,8,10,2,2,4,2,1,2,637.9,False
2,5,8,2,0,8,0,5,2,0,1,10,0,7,0,6,2,2,2,6,3,622.4,False
5,5,5,10,1,5,0,5,1,7,2,10,0,7,10,7,2,10,2,7,2,664.9,False
3,4,10,3,10,3,4,2,1,1,2,4,7,7,4,2,2,10,1,7,2,673.9,False
2,5,2,8,10,10,6,2,1,3,2,1,0,7,0,3,1,5,0,10,2,646.1,False
2,5,3,4,4,7,5,1,2,7,6,10,5,8,0,1,2,8,3,6,2,668.5,False
4,1,8,3,10,2,4,5,1,8,2,5,5,7,2,2,2,4,6,10,1,709.8,True
1,5,2,3,10,10,2,5,2,4,2,7,1,5,3,3,2,10,8,4,1,655.4,False
3,5,2,4,4,3,0,2,1,2,0,3,1,5,4,5,1,2,0,1,1,576.4,True
2,3,3,3,4,10,6,0,1,9,7,10,5,8,0,1,1,8,1,4,0,675.3,True
4,4,1,2,5,6,0,0,2,3,3,6,0,6,6,0,1,0,0,2,0,577.2,True
1,3,10,4,2,5,4,0,1,3,2,7,4,6,10,0,1,4,0,1,0,611.4,True
4,4,3,4,2,10,3,0,1,7,1,6,5,7,0,1,2,0,2,1,0,648.8,False
5,4,6,5,3,10,8,1,1,7,2,5,0,8,0,1,2,4,0,5,0,676.0,False
5,3,7,7,1,10,5,1,1,9,2,5,1,7,0,1,2,8,0,1,0,679.2,False
3,3,4,8,7,10,7,1,1,8,7,10,5,7,2,3,2,10,7,5,0,721.0,True
3,4,3,3,2,10,2,0,1,7,1,7,5,7,0,2,2,1,2,1,0,643.9,False
3,5,2,10,4,8,2,0,1,3,2,5,4,7,0,4,2,4,2,2,0,643.5,False
4,4,0,1,0,8,0,0,2,0,2,6,0,7,6,0,2,0,1,1,0,580.8,True
5,3,2,7,3,10,6,3,1,8,4,5,1,9,0,1,2,8,1,3,0,693.2,False
5,3,4,6,0,9,4,2,1,3,3,5,2,7,0,2,1,0,7,5,0,650.3,True
2,4,3,5,1,10,5,0,1,5,2,5,1,7,0,1,2,7,1,7,0,655.4,True
2,1,8,8,2,9,2,0,1,4,2,4,1,7,0,1,2,2,3,1,0,655.2,False
0,5,0,0,0,0,0,0,2,0,0,10,0,2,10,10,1,0,0,0,0,499.0,True
3,2,6,6,5,7,8,3,1,7,6,6,3,8,3,3,2,6,4,5,0,698.3,True
1,5,0,1,0,10,1,0,1,1,0,7,0,7,0,1,1,0,0,10,0,594.6,False
4,0,5,8,7,9,5,0,2,7,2,7,4,6,0,1,1,2,7,9,0,674.3,True
5,3,10,3,3,10,4,1,1,7,1,10,3,8,5,1,2,8,2,2,0,685.5,False
5,0,2,5,5,10,2,2,1,3,0,10,10,8,0,6,2,2,1,3,0,682.1,True
2,3,8,10,10,10,2,1,1,5,2,3,1,7,0,2,2,5,1,2,3,672.0,False
3,5,4,6,0,10,2,0,1,4,3,8,1,7,10,0,1,0,3,2,0,608.4,True
1,5,0,1,0,10,1,0,1,0,0,7,0,7,0,1,1,0,0,10,0,592.9,False
5,3,2,4,3,10,4,0,1,8,0,8,4,7,10,1,1,2,1,0,0,625.4,False
3,3,6,5,4,8,8,2,1,4,3,10,1,8,3,2,2,4,2,4,0,677.0,False
3,4,5,5,4,8,3,2,1,5,4,9,4,6,3,3,2,2,3,4,0,662.8,True
5,2,4,5,5,10,3,0,1,5,4,10,5,4,3,5,2,5,1,8,0,677.9,True
5,2,5,5,3,10,5,1,2,5,1,8,8,8,0,2,2,10,2,10,0,693.6,True
2,1,5,10,3,7,6,2,1,4,3,5,5,7,7,3,2,3,4,5,0,670.7,True
5,1,7,8,8,10,8,1,1,7,3,10,10,8,4,2,2,5,5,7,0,734.8,True
2,3,2,3,2,7,0,1,1,1,1,7,1,6,6,4,2,1,1,3,0,606.3,False
5,2,4,5,3,10,6,1,2,4,1,10,8,8,0,1,2,10,2,10,1,697.4,True
2,4,3,2,2,7,2,1,1,1,1,5,1,6,5,3,2,2,1,2,0,605.9,False
1,0,10,10,5,10,10,1,1,0,10,10,10,9,7,4,2,6,10,2,0,726.5,True
0,5,0,0,0,0,0,0,2,0,0,1,0,1,10,10,1,0,0,0,3,480.0,True
3,1,5,10,2,10,6,2,2,3,0,3,5,7,0,8,1,8,2,6,0,643.1,False
3,1,4,1,2,4,7,0,1,5,1,7,1,7,0,6,2,4,4,7,3,652.4,True
3,1,6,3,3,5,2,0,1,7,3,4,0,7,0,2,2,2,0,3,1,643.3,False
5,1,2,3,4,6,2,5,1,5,1,6,1,7,7,0,2,5,2,10,3,674.3,True
2,1,10,3,1,3,3,2,1,8,1,5,2,7,10,2,2,2,2,6,1,643.5,False
1,1,1,5,1,2,1,0,1,2,1,3,2,7,1,7,2,2,2,2,0,602.3,False
3,4,2,5,10,10,7,5,1,3,2,9,2,7,4,0,2,10,8,2,2,702.1,False
5,1,10,10,10,10,10,5,1,10,5,10,10,8,0,0,2,10,3,10,1,792.6,True
0,2,4,3,3,10,6,0,2,4,2,7,5,6,4,6,1,3,2,4,0,606.3,False
3,5,2,5,10,10,1,5,2,1,0,1,2,10,0,3,2,10,1,3,2,646.7,False
2,3,7,6,3,10,7,1,1,8,7,7,3,6,4,4,2,10,5,5,1,693.0,False
4,4,5,4,5,5,4,2,1,4,4,5,5,7,5,5,2,5,5,4,1,658.8,False
4,2,8,5,6,8,3,2,1,2,1,4,3,8,6,2,1,3,4,5,0,648.6,True
3,3,1,0,0,1,0,2,2,1,0,3,0,10,0,0,1,1,0,10,1,582.5,True
3,1,7,3,2,5,2,1,1,8,6,3,5,9,0,1,2,1,1,4,0,667.3,True
5,0,10,8,10,10,5,5,1,10,2,8,5,8,0,4,2,6,10,7,2,759.9,False
2,5,10,0,10,10,1,3,1,9,6,10,4,7,0,0,2,5,1,5,2,697.2,False
5,4,7,10,4,7,5,1,2,8,3,7,3,7,0,0,2,10,4,5,0,689.8,True
4,1,8,6,4,3,1,5,1,7,2,4,3,7,0,0,2,4,4,10,3,697.7,False
5,5,0,6,5,3,1,2,2,7,3,6,10,6,10,8,2,4,0,2,3,612.9,False
5,3,5,5,4,10,2,5,1,7,1,4,5,8,0,3,2,10,1,5,3,696.2,False
5,2,3,6,4,3,3,1,1,9,1,7,10,8,0,0,2,8,2,10,3,703.6,True
5,2,3,4,4,4,2,1,1,9,1,7,9,8,0,0,2,9,1,10,3,698.5,True
4,0,4,4,8,10,5,2,1,6,4,8,2,7,3,0,2,6,6,8,0,712.1,True
2,1,10,8,0,5,3,2,1,7,2,8,1,8,0,3,2,5,0,6,0,676.6,False
3,4,0,1,4,9,3,0,2,3,8,6,0,6,0,5,2,8,3,6,3,631.6,False
2,1,5,3,0,2,0,0,1,7,1,8,0,7,0,1,2,4,0,5,3,637.3,False
4,3,10,10,10,10,7,5,2,6,1,8,5,7,5,1,2,10,8,10,3,730.8,True
5,4,5,5,10,5,2,2,2,6,5,5,3,7,0,1,1,5,5,5,3,653.7,False
3,5,8,4,10,8,0,5,1,3,3,6,2,5,10,8,1,7,8,10,3,651.8,False
2,5,2,5,10,10,7,2,2,6,1,2,7,7,2,4,2,5,2,5,0,649.7,False
4,2,10,7,8,8,7,2,1,7,6,3,5,8,0,3,2,7,6,7,1,723.2,False
1,2,5,10,6,5,3,1,1,10,3,10,10,7,4,5,2,5,8,5,1,697.2,True
5,0,5,4,10,6,5,5,1,6,5,10,10,7,0,0,2,10,4,10,3,755.0,True
4,2,10,6,6,8,8,1,1,6,5,7,8,7,10,2,2,6,9,10,2,717.0,False
2,4,9,10,6,5,5,2,2,6,4,5,2,5,0,4,2,7,4,10,3,672.0,False
2,2,3,1,2,4,0,3,2,10,7,3,5,7,3,1,2,2,0,1,3,626.1,False
2,2,3,1,2,3,3,5,2,10,8,3,5,7,3,4,2,2,1,7,3,644.8,False
2,2,9,4,4,8,6,1,1,6,2,7,3,8,0,3,2,5,4,6,0,684.9,False
4,4,1,8,5,10,2,0,1,7,4,2,6,8,2,2,2,0,4,8,0,666.9,True
5,3,4,4,4,6,0,0,1,2,1,3,1,6,10,5,1,0,0,3,0,585.1,False
4,3,10,10,7,10,5,1,1,8,1,8,0,7,0,1,1,10,3,3,0,691.7,False
4,4,5,5,5,10,4,0,1,7,3,7,3,6,6,8,1,3,4,3,0,633.5,False
3,3,4,5,3,10,4,1,1,6,2,4,4,7,6,6,2,10,2,3,0,655.2,False
4,3,3,8,7,9,7,1,1,9,5,6,6,8,0,4,2,7,5,6,0,710.2,False
4,2,3,4,8,10,5,4,1,7,4,8,0,7,10,3,1,4,3,4,0,659.4,False
5,3,7,3,2,10,1,3,1,5,0,9,0,8,0,10,2,0,1,5,0,651.3,False
4,4,10,5,10,10,2,4,1,10,1,10,10,7,10,1,1,10,2,4,0,697.2,True
5,5,8,9,4,10,5,4,2,4,3,6,2,6,10,4,2,7,3,2,0,653.7,False
5,2,3,5,1,10,3,1,1,3,2,8,4,7,0,1,1,5,2,10,0,666.2,True
5,2,10,10,9,4,10,5,1,10,3,10,9,8,0,2,2,10,4,9,3,768.8,False
4,4,5,5,3,10,3,3,1,10,3,8,10,7,10,1,2,4,1,5,0,681.5,True
4,3,6,10,6,10,5,0,1,4,5,7,6,8,1,0,1,0,3,4,0,674.7,True
4,2,3,4,1,10,3,1,1,3,2,8,3,7,10,1,1,4,2,5,0,632.2,True
3,4,3,4,7,7,7,4,2,5,5,5,3,6,0,0,1,5,4,5,3,651.8,False
2,5,2,3,7,10,6,3,1,6,2,4,0,8,8,3,1,2,1,3,0,619.7,False
5,0,0,2,1,1,5,2,2,10,1,2,0,9,10,1,2,5,8,10,3,643.3,True
5,3,5,7,7,10,10,1,1,5,3,8,3,8,3,4,2,7,2,2,0,693.6,False
4,3,10,10,10,10,0,5,1,7,2,8,5,7,3,3,2,5,1,5,3,710.4,False
5,3,3,5,10,6,9,3,1,2,1,7,10,8,0,1,1,10,4,7,3,701.9,False
4,2,4,6,7,10,2,3,1,6,5,10,1,7,0,4,2,4,1,5,2,690.4,False
3,5,5,7,5,4,2,5,1,5,1,8,8,6,0,0,1,7,2,7,3,671.1,False
4,2,3,3,4,1,6,2,1,5,3,4,5,7,0,1,2,10,4,7,3,680.7,True
4,4,4,2,2,4,9,4,1,4,3,7,7,7,1,1,2,10,4,5,0,689.8,False
5,4,2,4,2,10,4,2,1,6,4,8,3,9,0,7,1,4,1,3,0,647.9,False
5,2,10,6,4,10,6,1,1,5,3,6,4,8,0,3,2,10,2,4,0,705.1,False
2,3,1,0,1,6,0,3,1,5,0,3,5,6,0,4,2,1,1,0,0,612.3,False
5,4,5,8,3,10,4,1,1,8,3,8,5,6,0,5,2,3,3,1,0,676.2,False
2,3,5,5,2,7,5,0,1,7,2,5,1,7,0,7,2,7,1,3,0,645.2,False
4,1,10,10,10,10,5,3,1,6,5,10,5,6,2,2,2,7,3,5,0,734.4,False
4,3,4,10,10,10,10,5,1,9,7,6,5,6,7,1,2,3,7,1,0,720.0,False
3,4,1,10,7,5,5,4,1,3,1,10,3,7,5,3,2,3,5,10,0,680.2,True
3,2,5,10,10,10,9,4,1,8,7,10,5,9,0,1,2,4,3,10,0,750.3,True
2,0,3,5,5,10,0,0,1,3,2,4,1,6,0,3,2,5,1,4,0,648.2,True
5,4,3,3,3,6,2,0,1,4,5,5,0,7,7,6,2,5,0,7,0,629.9,True
1,4,8,5,5,10,4,2,1,5,2,5,5,7,10,7,1,9,4,7,0,643.5,False
5,5,5,2,2,5,1,0,2,1,6,5,7,2,3,3,2,9,8,1,0,627.2,True
3,3,10,9,10,10,6,4,1,3,4,5,2,6,4,4,2,9,2,7,0,704.5,True
5,2,10,8,5,10,6,2,1,8,6,5,1,7,0,2,2,3,3,4,0,706.4,True
4,4,7,7,8,10,8,4,1,9,5,8,9,7,0,3,2,0,6,8,0,729.1,True
1,4,1,1,1,5,0,0,2,2,1,6,0,3,8,3,2,1,1,3,0,559.6,True
2,1,2,5,2,10,0,0,2,0,3,3,1,4,10,5,1,0,5,3,0,571.1,True
2,5,10,3,4,10,6,2,1,5,3,7,6,6,10,0,2,6,1,0,0,657.3,False
1,5,2,5,3,10,5,1,1,5,2,5,3,4,5,10,1,10,1,1,0,605.5,True
3,4,2,1,1,10,0,2,1,3,1,9,5,9,0,5,1,2,1,6,0,627.7,False
2,3,3,8,10,10,4,4,1,5,5,8,5,8,8,2,2,3,3,5,0,688.5,False
3,4,2,1,1,10,0,2,1,3,0,9,5,9,0,5,1,2,2,7,0,629.4,False
2,2,5,2,3,8,2,1,1,2,2,4,3,8,3,3,2,0,1,5,0,633.3,False
5,4,10,10,8,10,10,5,1,9,0,10,10,8,10,4,1,4,4,2,0,705.9,False
2,1,0,5,0,10,0,0,2,2,2,4,1,4,0,1,1,0,3,2,0,586.6,True
3,2,5,6,6,10,9,3,1,7,1,10,10,8,6,3,2,7,5,7,0,717.8,True
5,3,10,8,5,10,7,1,1,7,5,8,5,8,0,0,2,7,2,10,0,731.0,True
5,2,10,8,7,10,10,3,1,3,9,10,4,6,0,2,1,10,5,10,0,737.8,True
4,5,5,6,3,10,5,2,1,3,2,9,1,8,4,6,2,2,2,5,0,654.7,False
3,3,10,3,10,10,3,0,1,8,9,10,5,6,0,3,2,0,1,10,0,703.8,True
2,4,8,9,3,10,9,1,1,4,3,10,6,6,3,1,2,7,6,4,0,698.7,True
5,3,6,4,1,10,10,0,1,6,4,7,3,7,2,2,2,10,1,7,0,693.2,True
1,4,3,5,2,10,2,0,1,2,1,7,1,9,0,3,1,3,4,10,0,632.4,False
2,3,5,2,2,7,0,1,1,2,1,4,3,9,4,5,2,0,1,6,0,619.9,False
0,1,0,3,4,10,5,2,1,2,7,3,0,6,0,2,1,3,10,2,0,639.5,True
5,3,7,7,6,10,10,4,1,7,2,9,10,9,0,3,2,10,3,6,0,743.3,True
5,3,10,6,5,10,10,1,1,8,5,9,5,8,0,0,2,10,2,10,0,741.4,True
5,0,4,10,4,10,5,1,1,5,5,9,1,8,0,1,2,1,5,7,0,709.1,True
5,3,10,6,5,10,10,1,1,6,5,8,4,8,0,0,2,10,2,10,0,734.4,True
2,3,3,7,10,10,3,5,1,5,5,8,4,8,6,2,2,4,2,3,0,686.8,False
3,4,4,3,10,10,2,2,1,1,0,7,0,7,4,2,1,6,1,1,0,628.6,False
2,0,1,8,0,10,3,0,2,3,7,1,8,10,0,2,1,0,7,10,0,648.4,True
4,4,5,4,3,10,1,0,2,8,5,7,0,6,0,3,1,0,1,2,0,613.1,True
4,3,8,5,4,10,5,5,1,5,1,10,4,8,0,1,2,10,1,4,0,711.0,True
4,3,9,10,6,10,10,5,1,7,7,10,10,8,0,2,2,10,6,8,1,770.5,True
3,3,7,10,10,10,2,5,2,7,3,4,5,7,0,5,2,10,1,7,2,696.0,False
2,4,4,6,6,5,4,1,1,6,2,4,1,7,0,2,2,7,2,3,1,653.5,True
5,1,6,5,4,2,2,1,1,7,2,8,10,7,0,5,2,2,2,8,2,683.2,False
4,5,5,5,7,10,5,3,2,7,5,6,5,6,3,10,2,5,3,7,1,660.5,False
5,2,1,4,3,2,8,2,1,4,4,4,5,7,4,1,2,4,3,9,3,670.5,True
5,3,8,3,2,2,0,0,2,3,1,1,3,6,10,10,1,2,1,0,3,555.8,False
2,1,9,8,2,0,2,5,2,8,2,4,4,7,0,1,2,10,0,10,3,677.3,True
2,3,5,10,3,5,3,2,1,8,2,2,10,7,0,1,2,10,2,10,3,695.6,True
2,1,10,10,6,3,3,5,2,8,3,5,10,8,0,1,2,4,3,10,3,706.6,False
5,3,10,2,4,7,10,5,2,7,1,8,5,7,0,2,2,10,3,10,3,710.4,True
2,3,4,3,1,7,2,3,2,3,3,8,0,7,5,5,1,7,1,0,2,598.2,True
2,3,3,5,1,3,3,0,1,0,1,3,0,5,10,5,2,5,0,3,1,588.3,False
1,3,2,3,9,5,2,3,1,3,3,4,4,7,7,0,2,6,2,9,1,655.2,False
4,2,5,2,2,3,5,5,1,10,1,10,10,9,0,3,2,5,0,10,3,706.1,False
4,2,6,6,3,7,4,5,1,6,2,5,0,8,10,4,2,8,4,5,2,672.6,False
5,2,3,9,6,1,4,5,1,10,8,8,2,7,0,1,2,4,4,10,3,718.9,True
4,2,10,3,10,10,7,5,1,8,9,5,3,6,0,2,2,9,2,5,3,731.7,False
3,1,7,5,5,4,5,2,1,9,7,9,5,8,0,1,1,3,7,10,3,702.3,True
4,1,7,7,5,5,6,2,1,8,7,9,5,8,0,0,1,5,8,10,3,717.6,True
3,1,2,7,10,5,5,3,2,2,8,3,5,6,0,0,2,9,6,10,3,695.6,True
2,1,2,2,2,3,3,2,1,7,2,7,5,7,5,5,2,8,2,3,1,647.3,False
5,1,10,3,5,6,2,5,1,10,3,10,5,9,0,0,2,10,2,10,3,740.1,True
2,3,4,4,4,3,6,4,2,5,1,7,4,8,0,5,1,10,2,9,1,645.8,False
2,0,10,5,2,4,8,1,2,10,6,3,0,8,0,1,2,10,4,10,3,690.9,True
4,0,10,5,4,2,4,2,1,8,8,10,10,8,0,2,2,10,5,10,3,741.6,False
1,1,10,5,5,10,5,3,1,8,3,10,5,8,0,2,2,5,2,10,0,717.8,True
5,2,7,10,6,6,4,4,2,8,8,6,6,6,5,1,2,7,7,7,3,709.8,True
5,2,5,6,10,7,1,5,1,7,2,10,6,7,10,10,1,6,5,10,2,680.2,True
4,2,7,2,1,5,2,5,2,4,1,5,3,7,0,2,2,2,2,7,3,648.6,False
3,3,10,1,8,6,7,0,1,8,5,3,4,6,0,0,2,5,3,2,1,678.6,True
5,3,5,6,2,1,2,5,2,0,0,4,0,6,8,1,1,8,0,10,3,612.5,True
4,2,4,4,5,3,2,5,1,5,0,10,0,5,0,0,2,3,2,10,3,678.1,False
3,1,7,4,10,6,5,5,2,7,4,2,10,8,5,1,2,3,2,8,3,689.0,False
3,1,6,4,2,3,4,2,1,4,4,7,1,9,0,1,2,3,5,4,3,671.5,False
3,5,7,5,2,10,2,3,2,8,1,7,3,7,0,1,2,10,1,5,2,664.3,True
3,4,6,6,4,4,1,3,1,3,0,9,5,7,6,7,2,10,1,4,0,651.1,False
2,2,10,6,7,5,2,3,2,4,3,5,5,6,7,4,2,3,5,5,2,650.1,True
0,2,4,4,1,5,0,0,2,5,3,2,0,3,5,10,2,6,0,0,1,569.0,True
2,2,3,10,3,9,2,2,2,5,4,1,6,4,5,2,1,3,1,7,1,621.7,False
5,4,8,5,5,10,4,5,1,10,3,10,3,6,10,1,2,10,3,10,3,714.0,False
5,2,3,4,3,2,6,3,2,5,6,5,7,7,0,0,2,5,7,9,3,684.3,True
4,1,10,4,7,2,2,5,2,7,4,2,5,7,0,1,2,4,6,7,3,685.4,False
2,2,4,3,10,3,2,5,2,7,3,5,0,5,0,1,2,10,3,10,3,672.0,False
5,5,5,6,2,5,5,2,1,5,3,3,10,8,0,5,2,10,3,4,3,679.0,False
4,3,10,7,10,10,7,5,1,10,5,3,10,9,4,1,2,10,6,8,1,754.0,True
4,1,5,9,6,3,9,5,2,5,7,2,1,8,0,1,1,8,8,10,1,692.4,False
5,3,10,10,4,10,2,5,1,8,3,7,0,7,10,10,2,10,1,10,1,693.2,True
5,3,10,5,5,2,0,5,2,8,2,7,0,9,10,10,2,0,0,10,3,635.8,False
4,2,10,5,8,6,6,5,1,9,3,5,5,8,0,0,2,10,6,3,3,730.4,True
1,1,10,10,10,4,1,4,1,5,1,5,10,7,0,1,2,3,0,10,3,704.7,False
2,3,3,5,5,6,2,1,1,5,1,5,1,8,10,6,1,6,1,4,1,608.0,True
5,2,3,3,1,4,2,1,1,8,3,5,1,7,0,1,2,5,0,10,1,663.9,False
5,1,10,3,4,10,3,0,2,3,3,10,10,8,0,5,2,5,4,7,2,688.9,True
4,3,10,10,8,10,8,2,1,5,1,10,5,7,0,4,2,8,3,8,2,726.1,False
3,3,3,3,10,4,0,2,2,8,3,5,0,6,10,5,1,2,0,10,3,602.5,True
3,1,7,10,6,8,6,3,1,6,6,8,10,5,5,3,2,8,4,10,1,727.0,True
3,1,6,8,8,8,7,3,1,7,6,8,10,5,5,3,2,7,6,10,1,730.4,True
3,1,10,10,2,7,4,2,1,10,5,4,10,9,0,0,2,5,5,10,3,732.1,True
5,0,5,10,6,5,5,5,1,10,6,10,5,8,0,1,2,10,6,10,3,760.3,False
3,3,2,3,3,4,4,0,1,7,3,8,3,7,9,6,2,5,1,4,1,630.5,True
4,1,10,3,7,5,3,1,1,6,2,9,2,6,1,4,2,5,5,2,1,679.8,False
2,4,7,0,1,6,1,2,1,4,2,6,4,7,6,7,2,4,1,6,2,625.0,True
5,0,6,5,6,4,5,1,1,1,10,5,10,10,0,0,1,8,10,10,3,720.6,False
2,1,5,3,4,5,0,1,1,5,1,4,1,8,0,2,1,1,1,4,1,621.4,False
3,3,10,2,3,2,5,0,2,7,2,8,1,8,0,4,1,8,1,10,1,637.5,True
4,1,10,4,5,3,2,2,2,10,1,4,2,7,10,1,2,3,5,8,1,653.5,False
5,4,3,1,10,8,3,1,1,10,6,7,3,6,0,0,2,4,8,3,3,693.0,False
3,3,5,4,1,4,4,1,1,5,3,4,10,7,0,3,2,5,1,8,3,665.4,True
4,3,10,7,10,10,4,5,2,5,5,10,5,7,0,3,2,8,4,6,3,717.6,False
4,2,2,10,10,4,10,5,1,8,5,4,5,7,0,0,2,10,5,5,3,731.7,True
5,1,10,7,3,3,7,5,2,8,8,4,3,9,0,0,2,6,7,10,3,721.9,False
5,2,4,3,2,3,5,2,2,8,3,7,5,7,0,3,2,10,1,10,2,674.5,True
4,2,10,10,5,5,3,4,2,6,4,4,3,8,0,1,2,10,2,5,3,692.8,False
3,2,10,5,5,5,10,5,1,9,4,10,5,7,0,1,2,5,4,10,2,734.6,False
3,2,10,5,5,5,5,5,1,9,4,10,5,7,0,1,2,5,4,10,2,726.1,False
4,3,8,8,6,4,8,1,1,9,6,10,5,7,0,1,2,10,6,6,2,727.8,False
2,5,2,3,3,10,0,3,1,10,0,3,2,6,10,3,1,2,1,1,1,597.0,True
1,4,2,8,5,10,7,4,2,4,3,6,2,6,0,4,2,7,2,2,1,652.0,False
4,2,1,3,6,10,10,1,1,9,10,8,4,7,2,1,2,10,3,3,1,712.1,False
2,2,3,7,7,8,3,5,2,5,4,5,5,8,5,3,2,2,8,5,3,669.2,False
3,3,10,3,4,4,10,3,2,7,2,7,5,8,0,6,2,10,3,10,1,688.3,False
1,3,1,3,1,1,0,0,1,0,0,2,1,9,0,10,2,2,0,10,0,590.6,True
1,3,1,1,0,1,1,0,1,0,0,2,1,9,0,10,2,1,0,10,0,585.5,True
4,2,10,8,5,2,10,5,2,9,6,10,10,8,0,2,2,10,2,10,3,738.2,False
3,4,5,1,2,5,0,4,2,7,0,7,0,7,10,0,2,0,1,10,3,616.7,False
1,5,2,1,0,5,4,2,2,10,1,5,0,9,0,7,2,2,0,10,2,611.6,True
3,1,4,2,2,5,2,0,2,4,3,10,3,7,0,1,2,5,2,4,1,642.8,True
4,2,5,7,7,7,2,3,1,6,3,5,3,7,10,3,2,5,5,10,1,680.9,False
4,1,10,8,10,10,10,5,2,10,2,10,8,7,0,1,2,9,2,10,3,753.3,True
2,3,3,4,0,2,4,1,1,5,1,8,4,7,2,1,1,2,0,7,0,622.0,True
5,2,8,8,8,10,10,5,1,10,6,10,10,8,0,2,2,8,6,10,3,779.0,False
5,1,10,10,10,10,5,5,1,6,4,8,10,7,0,1,2,10,6,10,3,773.3,False
3,4,8,5,2,10,3,3,1,7,1,4,3,8,4,2,2,8,1,7,3,674.1,True
1,2,4,9,3,8,5,2,1,8,4,1,3,7,0,1,2,3,0,0,1,658.0,False
3,3,2,5,8,10,6,2,1,4,4,8,2,7,2,3,2,8,8,2,1,688.3,True
5,2,3,10,5,10,5,2,2,6,5,9,3,8,0,0,2,3,7,7,1,702.3,True
0,3,5,10,5,10,6,2,2,4,10,5,5,5,3,1,2,3,5,3,1,665.2,True
3,5,4,3,8,3,1,2,1,8,0,1,1,7,0,0,1,10,0,7,3,635.9,False
4,0,4,10,9,10,10,4,2,7,6,6,7,9,2,2,2,10,5,7,0,737.6,True
3,2,10,7,4,8,7,0,1,9,3,6,1,8,0,5,1,5,2,1,1,662.6,True
5,1,2,8,5,3,10,5,2,10,2,4,0,7,0,1,2,7,2,10,3,694.3,False
5,2,5,2,2,10,3,1,1,7,10,10,1,7,0,5,1,5,10,10,1,692.1,False
5,3,10,6,3,8,2,5,2,9,2,10,3,7,0,2,2,8,1,10,2,702.3,False
2,3,10,2,6,6,2,4,1,6,1,10,10,7,0,1,1,7,1,10,3,688.7,True
5,3,10,2,10,8,4,1,2,8,6,5,2,8,3,2,2,5,3,6,0,679.4,False
5,3,10,3,4,9,3,0,2,8,4,5,2,8,2,2,2,2,3,7,0,662.4,False
2,3,5,1,4,4,0,5,1,0,0,10,10,5,7,1,1,0,2,3,0,622.0,True
5,3,10,2,4,6,6,5,1,5,0,10,10,7,0,0,2,10,2,10,3,727.8,True
2,2,5,5,4,6,2,1,1,6,1,4,10,9,0,1,2,4,3,4,1,672.6,False
4,2,4,5,1,10,6,3,2,5,1,4,1,8,0,1,2,2,1,7,1,655.4,False
5,0,4,3,10,4,2,5,1,8,10,10,10,7,0,1,2,4,7,10,3,748.2,False
5,0,10,10,10,8,0,3,2,10,10,10,10,6,0,0,2,0,7,10,3,746.3,False
3,2,9,3,2,2,5,2,2,8,9,8,8,9,0,7,2,6,7,4,3,681.9,True
1,5,3,0,1,4,3,5,1,0,0,10,0,6,0,0,2,3,1,3,1,625.6,True
4,3,4,8,10,5,5,5,1,4,1,8,4,7,0,4,2,8,2,6,3,700.2,False
5,3,8,8,10,10,7,5,1,9,2,4,10,7,8,0,2,10,8,10,3,748.7,False
2,3,2,6,6,7,2,5,2,4,0,1,5,6,0,2,1,6,4,4,2,628.9,False
3,3,10,10,10,10,4,3,1,5,5,10,1,6,0,1,2,8,6,9,1,732.7,False
0,2,0,2,3,1,2,0,1,0,0,5,0,7,0,5,1,3,0,10,1,587.4,True
4,2,10,10,10,10,10,5,1,10,4,9,8,7,2,0,2,10,10,7,3,780.3,True
3,2,10,10,10,10,4,3,1,8,3,10,10,8,0,2,2,10,2,10,2,753.5,True
1,3,4,3,10,4,4,5,1,3,2,3,2,9,0,1,1,5,5,10,2,663.9,False
2,5,5,9,5,10,4,0,1,4,1,2,1,7,0,1,2,3,1,5,2,648.0,True
3,4,10,5,8,10,5,5,2,5,7,8,5,7,10,1,2,10,10,5,3,703.6,True
3,4,10,8,5,5,3,1,1,7,0,6,2,7,0,1,2,3,4,7,1,676.0,True
1,1,5,6,3,4,3,2,2,5,3,1,3,7,7,0,2,7,1,8,3,635.9,True
5,2,10,7,10,10,6,5,2,8,6,8,10,7,0,0,2,8,6,10,3,754.6,False
2,3,3,3,1,3,1,1,2,1,1,4,2,6,7,0,1,2,1,4,1,571.7,False
2,2,1,8,10,4,1,0,2,7,4,5,1,7,0,6,2,6,6,7,3,650.3,False
2,2,1,4,7,4,1,1,1,3,1,3,1,7,3,7,1,7,3,10,3,621.0,False
2,3,10,10,10,4,4,5,1,5,1,6,5,7,0,2,2,10,6,7,2,718.5,False
1,5,4,4,8,6,3,2,1,4,2,7,1,6,10,0,1,5,2,7,1,623.3,True
5,3,5,0,0,0,0,0,1,3,4,10,10,8,0,1,1,10,4,10,1,661.7,True
3,3,8,5,10,10,7,3,2,5,5,8,5,7,0,5,2,10,2,4,3,695.1,False
4,3,10,10,10,10,5,5,2,7,3,7,10,7,0,3,2,10,4,7,2,732.3,True
1,4,1,2,9,10,0,4,2,2,1,7,0,5,7,7,2,8,1,10,2,621.4,False
3,2,10,10,3,7,0,1,1,5,2,6,2,7,0,1,2,5,1,7,1,679.4,True
3,3,6,10,10,10,7,4,1,8,5,8,5,8,10,4,2,10,4,6,1,719.1,False
3,1,10,4,10,6,1,3,1,6,5,10,1,8,0,1,2,5,2,6,2,705.9,False
5,3,6,5,7,10,4,4,1,7,3,10,3,6,0,1,2,0,5,3,3,700.4,True
5,5,2,0,10,10,1,5,2,8,1,1,0,5,2,5,1,1,3,3,2,610.0,False
4,3,10,10,8,4,2,2,2,5,4,10,3,8,0,5,2,5,2,4,1,677.0,False
5,1,10,4,10,5,6,5,1,9,4,4,5,7,0,0,2,6,5,8,3,735.1,False
5,4,3,6,4,5,1,5,1,5,2,5,5,7,0,1,2,4,4,4,3,675.8,False
2,4,2,6,10,10,4,2,2,3,4,2,4,6,2,5,1,4,7,2,2,625.7,False
2,3,10,3,6,7,8,1,2,9,1,7,10,8,7,2,1,4,3,7,3,656.0,False
5,4,5,7,7,10,2,5,2,5,6,2,7,6,10,5,2,6,1,6,3,659.7,False
4,1,5,2,2,10,5,1,2,7,8,5,10,7,0,2,2,10,4,10,3,701.3,False
4,4,10,10,4,5,4,5,1,8,1,6,2,7,0,3,2,10,6,10,1,716.8,False
4,1,6,7,9,7,8,2,2,9,4,4,3,8,1,3,2,6,3,9,1,697.9,False
3,5,10,5,10,4,7,1,2,2,7,5,1,7,10,10,1,10,5,7,2,628.2,False
3,3,3,10,10,8,1,1,1,4,1,2,2,5,7,5,2,2,0,3,2,632.3,False
3,4,4,6,5,7,3,5,2,6,2,10,2,7,0,2,1,4,1,5,1,646.2,False
2,3,7,10,10,10,8,5,1,10,5,8,3,7,0,0,2,4,5,10,0,742.7,True
3,2,5,5,7,10,8,4,1,8,3,8,5,7,2,2,2,10,4,8,2,724.0,True
0,4,2,3,5,8,2,2,1,1,3,7,2,7,1,0,2,3,2,1,1,633.7,True
5,3,7,2,7,7,8,3,1,7,6,8,5,6,7,6,1,6,6,8,1,683.0,True
3,0,9,10,10,10,5,2,2,7,8,5,10,9,7,1,2,6,4,10,0,725.5,True
1,5,0,0,6,1,3,0,2,5,2,6,2,7,0,0,1,4,3,5,1,591.0,False
2,2,4,2,2,2,4,2,1,1,2,5,4,7,0,3,2,4,0,3,1,633.3,False
3,1,10,10,10,10,10,5,2,7,10,10,10,7,5,0,1,6,9,10,1,748.2,True
3,5,3,8,5,10,3,4,2,4,5,10,4,7,0,2,1,5,3,10,1,664.9,False
2,2,6,10,5,10,7,5,2,10,8,5,5,7,5,10,2,9,6,8,1,701.3,False
4,4,5,4,7,7,6,3,1,6,8,4,7,7,7,6,2,7,5,6,1,685.8,False
2,2,5,4,3,10,3,3,1,5,4,4,9,8,7,4,1,0,5,8,1,653.7,False
1,2,5,10,3,8,5,2,2,6,8,4,7,6,4,1,2,7,5,3,1,672.0,False
1,2,6,5,7,10,2,3,1,2,3,2,1,8,10,5,1,2,2,10,1,629.5,False
3,5,5,5,5,4,7,4,2,8,5,8,7,6,8,1,1,8,5,8,1,659.2,False
3,3,10,10,10,8,10,5,1,10,2,10,7,8,6,10,2,9,10,8,1,745.0,False
2,3,1,5,4,5,7,3,2,1,3,2,0,8,6,9,1,5,3,7,1,597.2,False
1,3,5,5,10,10,10,5,2,7,8,10,10,8,5,5,2,10,10,10,1,733.1,True
0,2,5,6,0,3,2,1,2,3,2,10,3,6,2,2,1,3,0,4,1,600.1,False
2,2,0,4,5,10,2,5,2,2,5,1,4,7,10,4,2,6,2,3,1,625.7,False
3,4,10,6,10,10,10,5,2,10,3,3,5,6,5,5,2,10,7,3,3,700.7,False
2,4,4,8,10,10,8,5,1,6,5,9,7,6,0,5,2,3,7,4,1,713.8,False
3,5,1,7,10,10,5,5,1,8,2,6,2,6,2,8,1,10,10,8,1,684.3,True
5,3,4,5,8,3,6,4,1,8,6,6,5,7,0,3,2,5,3,3,2,696.4,False
2,5,0,9,9,7,7,5,2,2,3,6,10,7,7,2,2,10,9,1,2,674.3,False
5,3,5,10,10,5,1,5,1,6,0,10,3,8,5,1,2,6,1,3,2,694.0,False
2,1,5,5,7,8,3,5,2,6,7,5,5,8,0,3,2,7,10,6,1,701.5,False
4,1,10,3,5,1,4,4,1,6,5,10,7,6,4,1,1,7,4,10,1,695.3,True
3,2,1,2,6,2,8,3,1,9,3,7,2,5,4,1,2,8,2,8,2,675.8,False
3,4,2,3,2,7,2,0,2,7,1,9,3,6,4,1,2,3,1,7,2,625.4,False
5,4,6,4,2,3,2,2,2,6,2,3,3,6,10,2,2,3,1,4,2,612.3,True
3,1,10,5,10,5,4,5,1,10,1,6,0,7,10,0,2,2,1,10,3,691.3,True
2,3,1,8,8,10,4,1,1,8,4,6,3,5,0,3,1,4,0,1,2,646.7,False
2,5,7,1,1,4,2,2,2,5,3,10,2,7,10,3,1,6,0,10,1,603.7,True
2,2,6,4,4,4,4,1,1,8,2,10,2,6,0,0,2,10,2,8,1,686.8,True
3,5,0,1,2,1,1,1,2,0,0,3,0,2,10,8,1,5,3,0,3,524.8,False
2,4,5,6,3,10,3,5,2,9,2,7,10,6,0,3,2,10,2,3,2,681.1,False
5,1,10,6,10,10,7,5,2,10,10,3,10,8,2,1,2,10,2,7,2,747.0,False
3,4,3,6,10,6,1,5,2,5,1,6,0,7,3,2,2,6,0,7,3,650.5,True
2,4,10,6,2,10,4,3,1,7,4,10,5,7,0,5,2,5,1,3,1,685.3,True
3,3,7,4,2,2,5,3,2,6,3,10,1,7,8,1,2,9,2,7,3,653.0,False
3,4,3,10,10,10,2,5,2,8,6,1,2,9,0,5,1,10,1,5,2,665.2,False
2,4,2,10,10,10,1,5,1,6,2,5,5,7,5,10,1,8,2,5,2,655.4,True
4,3,4,7,4,10,1,2,1,7,0,7,5,7,0,5,2,6,1,5,2,674.5,False
5,3,5,10,10,3,10,4,2,8,9,1,10,8,0,2,1,0,7,10,3,700.7,False
2,5,2,2,4,3,2,0,1,10,1,1,0,10,10,5,1,4,2,10,1,597.4,False
2,1,2,5,3,2,1,0,1,7,2,4,7,5,6,1,2,5,7,10,3,656.5,True
5,1,10,5,10,8,10,4,2,10,10,4,10,8,8,1,2,10,9,10,3,752.3,False
1,2,2,3,2,1,0,0,1,2,0,5,0,9,0,9,2,1,1,4,2,596.3,False
2,2,5,4,1,4,2,1,2,4,1,4,5,7,0,0,2,5,5,1,2,631.4,True
5,3,3,4,10,10,4,5,2,8,5,5,2,7,2,1,2,2,1,6,1,679.2,False
3,2,10,8,10,10,3,4,1,7,3,2,5,7,0,1,2,4,5,10,1,721.1,False
2,4,5,6,2,5,0,1,1,2,4,2,0,6,0,3,2,7,2,10,3,641.0,True
5,2,3,5,0,3,0,5,2,6,1,4,0,8,8,1,1,4,1,10,3,618.0,False
2,3,8,10,10,3,4,5,2,8,3,5,2,7,4,1,1,4,7,7,2,667.3,False
4,3,10,8,7,4,7,3,2,5,4,5,6,7,4,6,2,10,3,6,2,682.6,False
5,5,0,2,3,10,1,1,1,0,0,1,0,6,10,1,2,1,0,0,2,588.1,False
3,2,8,4,6,8,0,5,2,10,1,3,1,8,0,8,2,6,1,3,2,653.5,False
1,4,8,4,2,5,2,0,1,3,0,1,1,7,3,1,2,4,0,9,1,624.0,False
3,5,1,5,9,10,5,1,1,10,2,8,5,5,10,5,2,1,6,1,2,650.5,False
5,0,10,10,5,8,4,5,1,8,4,5,10,7,0,0,2,10,5,7,1,755.7,True
4,3,6,7,7,9,6,3,2,8,8,10,5,8,10,3,2,8,8,8,3,705.9,False
5,1,10,6,6,8,7,4,1,8,2,8,4,7,5,1,2,10,3,10,1,732.5,False
0,3,1,7,2,9,1,0,2,0,0,3,2,6,10,2,2,8,1,1,2,585.1,False
4,4,7,10,10,10,10,5,1,10,1,10,5,8,10,0,2,10,1,6,3,731.4,False
4,5,10,7,10,3,2,4,2,4,2,3,0,7,10,10,2,10,0,1,2,622.7,False
5,4,10,10,10,10,2,5,1,9,2,10,2,6,0,1,2,10,5,10,2,746.3,False
3,2,6,4,5,10,4,5,2,5,2,5,7,8,0,0,2,4,8,6,3,693.0,False
4,1,10,8,5,10,10,5,2,8,3,8,0,6,0,0,1,7,3,10,3,706.8,False
5,4,4,1,10,9,3,5,2,10,1,6,5,6,0,4,2,4,3,10,3,682.6,True
1,4,2,4,5,4,1,3,1,4,0,3,0,6,0,4,1,2,0,0,1,591.9,True
3,2,3,2,7,5,2,5,1,5,10,4,2,7,10,2,1,3,1,5,2,641.6,False
1,5,6,5,5,7,3,2,1,2,4,6,0,6,7,6,2,3,4,3,0,626.5,False
1,1,6,7,5,5,5,2,1,7,2,8,1,7,1,1,2,6,1,7,3,681.5,False
5,0,8,8,10,5,8,5,1,6,8,8,10,9,0,0,2,10,10,10,1,785.6,True
3,3,2,2,2,2,0,1,1,2,1,5,1,6,10,10,1,3,2,5,1,571.9,True
4,5,3,6,10,5,2,5,1,5,1,7,3,6,10,3,2,5,1,2,1,650.5,False
4,3,10,5,10,8,10,5,1,3,5,10,3,7,10,1,2,7,4,10,2,722.7,True
2,2,5,10,6,10,6,1,2,8,1,10,10,7,0,1,2,5,1,7,2,695.5,True
5,5,10,3,2,5,2,1,1,9,0,10,2,7,0,0,2,3,0,2,1,661.5,False
3,3,1,4,1,2,2,0,1,4,3,5,0,5,0,2,1,0,4,4,0,602.3,False
0,3,3,2,4,10,3,2,2,7,6,1,2,6,0,2,2,5,2,2,1,628.9,True
1,3,10,10,3,6,2,5,1,6,3,2,1,8,0,5,2,5,0,7,2,672.0,False
5,2,5,4,10,8,4,2,2,7,3,4,7,6,0,3,2,5,10,9,3,697.5,False
4,2,7,3,3,5,2,3,1,8,1,7,1,7,0,1,2,4,3,10,1,683.0,False
4,3,5,6,10,8,4,5,1,8,1,3,5,7,2,1,2,10,1,7,1,706.0,False
5,4,7,5,7,5,2,5,2,6,2,6,0,7,3,3,2,9,1,5,2,662.4,False
5,2,3,8,10,10,3,1,1,7,5,6,10,6,0,6,2,5,8,7,2,716.6,False
3,1,10,3,5,4,10,2,1,5,2,8,10,8,0,2,1,5,5,8,1,698.7,True
1,1,3,2,0,6,0,1,1,3,4,4,2,7,3,2,2,2,4,6,0,631.4,True
0,3,1,7,2,10,5,0,2,1,2,10,10,6,10,2,2,10,1,3,3,632.4,True
3,4,0,1,2,7,0,5,2,7,1,10,4,4,10,8,2,6,1,4,2,609.9,True
4,5,7,3,10,7,6,5,1,9,5,8,5,7,0,10,2,9,5,10,3,715.5,False
5,0,8,4,5,5,5,2,1,8,6,4,6,8,0,1,2,3,4,7,0,709.8,False
5,2,10,8,8,10,9,4,1,10,9,10,8,6,0,2,2,6,6,10,2,771.8,True
3,3,10,6,1,5,4,5,1,8,2,10,3,9,0,4,2,4,2,2,1,687.4,False
5,1,10,5,10,10,10,5,1,8,10,10,10,8,0,2,2,10,10,10,1,797.7,True
2,3,0,1,5,4,6,1,2,5,3,8,2,8,4,0,2,0,8,5,3,634.1,True
3,4,2,5,5,3,5,3,1,3,1,5,10,6,10,5,2,6,2,1,3,636.5,False
5,5,1,7,2,7,1,5,1,0,2,8,0,8,10,2,2,3,4,7,1,646.0,True
1,0,8,10,6,10,2,3,1,7,7,10,4,9,0,1,2,2,4,10,0,728.2,True
2,3,3,1,4,10,0,4,1,1,2,3,1,7,8,0,2,0,4,3,3,626.1,False
5,4,4,8,5,5,3,5,2,3,3,8,1,8,0,1,2,5,6,8,3,680.0,True
2,3,4,6,10,10,4,5,2,8,5,6,4,6,0,1,2,10,0,5,2,691.1,True
3,3,4,5,3,3,2,1,2,7,3,5,5,7,5,1,2,5,3,7,3,640.1,False
5,1,5,10,8,10,7,0,2,5,1,2,5,8,0,2,2,6,4,5,2,685.6,False
1,2,1,2,8,5,8,5,2,5,5,5,2,5,5,3,2,5,5,7,2,653.3,False
5,3,10,10,10,7,4,3,1,8,2,6,3,8,0,1,2,10,1,8,3,727.2,False
4,4,4,2,4,3,2,5,1,6,3,10,0,7,5,7,2,5,3,10,1,661.5,False
5,1,1,2,2,1,2,1,1,1,3,3,0,6,1,0,2,2,0,6,3,627.6,False
5,4,3,10,7,10,4,1,2,7,7,5,1,6,0,5,2,10,5,5,2,680.7,False
0,1,10,3,10,4,2,5,1,2,1,7,5,9,0,0,2,2,3,8,0,690.2,True
3,5,5,6,8,10,2,0,2,3,0,4,0,6,10,1,2,8,0,0,2,609.1,False
4,3,7,6,5,7,2,5,2,7,4,7,3,6,5,4,1,4,5,4,3,648.8,False
1,4,2,5,1,3,1,1,1,1,3,2,0,8,5,0,2,2,1,10,1,614.2,True
5,2,8,5,7,8,3,1,2,7,6,4,8,6,0,1,2,2,3,6,3,682.2,True
4,4,8,10,6,7,4,2,1,6,4,9,3,7,0,1,2,5,3,5,0,700.4,False
2,1,2,6,1,2,1,1,1,3,2,3,5,6,3,0,2,2,0,7,2,632.7,True
2,3,3,5,2,5,3,1,1,2,0,9,0,4,0,0,1,2,0,5,1,614.8,True
3,2,10,3,5,5,8,1,1,8,1,10,3,8,5,3,2,8,2,8,0,692.3,False
4,3,10,7,10,10,6,2,1,8,5,10,1,6,0,6,2,10,6,5,1,724.2,False
5,4,10,8,7,10,4,5,1,7,3,5,5,7,0,1,2,10,10,7,1,740.4,True
4,2,0,4,10,10,3,5,2,9,2,5,2,8,0,0,2,8,6,10,3,701.5,False
2,4,6,3,9,7,6,3,2,7,3,10,8,9,9,1,2,10,3,5,2,680.6,True
5,1,8,4,2,8,3,1,1,2,3,8,1,7,0,5,2,6,4,4,0,674.7,False
5,2,7,5,3,10,3,1,1,4,5,3,4,7,10,7,2,2,1,8,0,653.3,False
5,4,2,10,3,10,3,0,2,5,2,7,10,8,0,7,2,0,1,3,0,647.5,False
4,2,5,5,8,10,4,2,2,8,6,8,5,8,0,6,2,4,3,7,0,688.5,False
5,1,8,5,2,8,5,1,1,1,4,8,1,7,0,5,2,5,3,4,0,676.4,False
5,0,10,4,0,8,3,0,2,1,2,6,2,8,0,10,2,2,2,1,0,630.3,False
4,4,6,7,5,9,6,3,1,7,5,8,5,8,0,7,2,4,4,5,0,697.0,False
2,4,5,4,2,7,8,2,1,6,6,10,7,6,4,7,1,10,2,1,0,654.5,False
3,4,4,8,5,10,4,1,1,9,8,7,4,9,7,4,2,6,2,4,0,681.7,False
4,3,10,10,10,10,1,5,1,8,1,5,0,9,0,2,2,8,1,5,0,713.6,False
2,3,8,10,7,10,7,4,1,8,6,3,3,8,4,3,1,6,3,7,0,690.9,False
5,1,8,4,2,8,5,1,1,1,4,8,1,7,0,5,2,5,4,3,0,674.7,False
4,3,10,6,5,10,5,2,1,7,2,4,10,9,5,4,2,8,2,3,0,696.4,False
5,5,6,10,10,10,5,2,1,5,5,10,5,7,0,3,2,4,2,6,0,710.8,False
2,4,5,5,3,10,3,1,1,7,3,5,5,7,0,1,2,3,1,7,0,667.3,False
3,2,10,7,7,10,6,2,1,6,7,2,7,8,0,2,1,8,8,7,0,711.1,False
3,2,2,8,10,2,3,0,1,4,2,3,3,8,0,1,2,10,3,10,1,680.7,True
4,5,2,4,10,5,4,5,2,10,3,6,2,5,10,5,2,5,4,10,2,653.5,False
3,3,6,8,1,5,3,5,2,10,7,10,4,7,0,4,2,10,1,5,3,688.7,True
3,1,4,7,10,5,2,5,1,6,2,10,7,8,0,1,2,6,1,7,3,714.4,False
1,2,5,7,5,10,0,1,1,3,4,4,1,9,0,1,1,3,0,6,1,642.0,False
0,4,3,6,5,6,4,3,1,0,0,1,0,10,2,8,1,3,0,1,1,592.3,True
3,1,2,7,3,10,2,5,1,9,4,7,4,7,0,2,2,4,5,10,3,710.2,False
4,1,10,5,10,8,8,3,1,7,3,9,2,6,4,3,2,6,5,5,1,715.5,False
4,1,3,2,0,2,2,0,1,5,1,7,1,9,10,1,2,0,1,7,0,623.9,True
3,1,4,3,1,3,2,5,1,4,1,7,3,9,0,0,2,4,0,5,3,666.4,False
2,0,3,10,10,10,3,0,2,10,3,5,5,8,0,0,2,3,10,10,0,706.6,False
5,2,10,10,5,5,5,0,1,5,4,10,4,7,0,3,2,7,1,1,1,695.5,False
2,3,7,3,6,4,4,3,1,3,5,8,2,7,3,2,2,6,2,8,1,673.0,True
1,1,10,1,1,4,2,1,1,9,1,10,1,8,0,1,2,2,4,10,2,673.6,True
3,2,6,4,8,4,1,5,1,5,4,5,10,8,6,2,2,1,4,7,1,684.5,False
3,2,2,7,5,10,6,1,1,8,0,1,10,7,3,0,2,8,3,9,0,693.7,False
5,3,3,8,9,10,6,2,1,4,1,10,1,7,10,8,2,10,1,5,2,675.1,False
1,5,3,4,10,10,1,0,2,5,5,7,7,8,4,6,1,6,5,2,3,623.7,False
3,2,8,7,5,10,10,4,2,10,6,7,5,7,0,1,2,5,8,6,2,722.1,False
3,5,5,10,6,5,5,1,2,8,2,10,1,7,0,7,2,5,4,10,2,664.9,False
3,3,6,9,8,10,6,4,2,8,6,3,10,7,3,7,2,4,9,10,0,706.0,True
2,1,10,10,10,10,5,4,1,2,4,4,4,7,10,2,2,10,8,8,2,716.4,True
5,1,10,2,8,10,5,3,1,3,4,8,5,7,0,2,2,10,7,6,3,729.1,False
5,1,10,5,10,5,2,4,1,8,1,5,1,8,0,5,2,5,2,10,2,704.9,False
3,2,10,5,4,5,3,1,2,7,4,8,3,6,0,1,2,10,1,5,2,672.8,True
3,4,10,6,3,3,2,3,1,3,1,10,0,5,7,4,2,10,0,1,1,644.1,True
2,3,1,6,2,6,1,1,1,9,2,1,10,7,5,2,2,7,2,10,2,659.7,True
5,4,3,8,8,4,2,5,1,7,2,2,0,7,0,1,1,1,2,10,3,659.9,False
1,5,8,8,10,4,6,2,1,8,1,1,1,5,1,1,1,10,9,2,1,659.3,False
2,2,3,4,8,7,0,2,2,7,3,2,5,6,0,2,1,5,1,7,1,630.8,False
5,0,6,5,10,2,10,5,1,8,8,5,10,9,0,0,2,10,10,10,1,773.1,True
1,1,10,3,10,10,4,0,2,1,3,6,10,8,0,4,2,7,2,4,1,672.8,True
5,4,3,5,10,10,6,2,2,8,2,10,10,6,2,2,2,3,1,5,3,685.1,False
4,4,3,5,10,2,2,5,1,8,8,10,2,7,7,3,2,10,1,10,3,697.2,False
2,3,3,6,3,5,3,1,1,4,2,3,1,6,0,2,2,4,2,6,1,641.2,True
5,3,6,6,9,10,3,5,2,6,2,7,4,7,0,2,2,6,4,7,1,698.3,False
2,3,6,4,8,6,3,5,2,4,3,5,2,6,3,5,2,2,0,10,1,646.7,False
3,3,3,4,7,10,3,5,2,6,5,5,5,8,3,0,1,8,3,4,1,662.4,False
3,1,10,5,10,3,5,5,1,9,3,5,2,9,0,1,2,5,4,10,0,722.1,False
1,5,5,6,2,10,1,0,1,4,0,2,2,6,2,0,1,2,2,2,0,603.6,True
4,2,10,10,10,5,4,5,2,9,3,10,2,7,0,6,1,10,5,10,2,705.7,False
2,5,2,3,0,5,0,0,2,9,2,1,1,6,0,3,1,6,2,3,2,581.3,True
5,2,5,5,10,5,10,5,2,7,5,3,10,8,2,2,2,7,8,4,3,714.7,True
1,4,2,1,1,6,0,1,2,9,0,4,0,8,10,7,2,0,0,6,1,573.8,True
2,3,10,10,10,10,10,4,2,8,9,3,6,9,10,7,2,8,4,10,3,709.8,False
2,5,0,3,3,2,5,1,1,2,0,1,1,8,0,10,2,8,1,1,1,598.7,True
1,2,3,3,10,10,8,2,2,6,6,7,10,6,2,4,1,6,3,10,2,672.6,False
5,4,3,2,3,3,8,4,1,7,3,9,2,8,2,4,2,10,2,5,1,681.9,True
5,0,10,10,10,6,10,2,1,10,8,8,10,8,0,1,2,10,7,10,2,785.4,False
2,1,10,7,10,7,2,0,2,8,4,6,3,7,7,3,2,8,1,10,2,674.3,True
2,2,2,5,3,10,2,5,2,6,4,10,4,6,3,6,1,4,1,5,2,637.5,True
2,3,2,4,4,4,4,1,1,2,2,1,3,5,0,5,1,5,0,4,0,604.9,False
3,5,3,10,6,10,2,3,1,9,6,10,5,6,0,2,2,7,3,2,3,698.7,False
5,5,10,3,3,2,3,0,1,5,5,6,2,7,6,2,2,1,4,4,1,643.7,False
2,4,3,5,2,5,5,1,2,2,3,6,5,8,10,4,2,4,6,6,0,621.8,False
5,3,5,6,5,6,3,2,1,7,4,4,2,8,3,2,2,4,2,7,2,675.8,False
5,3,4,10,10,10,5,5,1,7,4,5,10,7,2,1,1,5,8,6,2,720.0,False
2,1,10,8,3,7,4,0,2,7,3,6,4,8,0,5,2,10,0,7,3,672.8,False
1,5,2,3,3,9,4,2,1,7,3,10,5,5,4,7,1,3,1,2,1,618.6,False
3,3,3,5,2,2,5,1,1,1,1,8,0,7,10,1,2,10,1,10,3,642.4,True
5,4,5,8,10,3,4,5,1,4,2,10,1,7,10,0,2,10,2,10,2,697.2,False
1,2,7,5,10,7,8,5,1,8,8,8,3,6,10,1,2,10,7,7,2,718.7,False
0,1,0,2,0,2,2,0,1,6,0,1,5,5,6,1,2,0,0,1,0,587.9,True
1,2,1,5,10,10,4,5,2,4,1,2,5,7,0,2,1,6,2,5,2,644.6,False
5,1,2,1,2,3,2,1,1,0,1,2,10,9,0,2,1,1,2,8,0,633.1,True
3,3,2,4,5,5,2,1,1,6,1,10,1,5,2,2,2,6,3,0,0,645.8,False
2,4,2,10,5,10,1,2,2,5,2,3,5,8,0,10,2,10,5,2,3,645.0,False
4,2,4,8,6,6,5,2,1,5,7,8,9,7,3,3,2,7,3,4,0,701.9,False
5,1,10,9,3,9,5,5,1,8,4,5,1,8,0,0,2,8,4,4,2,727.0,False
4,4,8,5,10,8,6,3,2,6,2,5,5,7,0,3,2,10,6,7,3,696.2,False
1,2,8,5,8,8,6,5,2,0,5,7,3,6,0,0,2,9,8,7,2,696.4,False
2,3,4,10,7,5,5,2,2,8,4,3,2,6,0,6,2,5,3,6,1,654.8,False
2,4,10,2,2,10,5,1,2,10,1,6,2,6,0,0,2,10,0,7,2,663.9,False
2,4,10,9,10,10,3,5,2,8,9,8,3,7,0,5,2,7,6,9,1,717.2,False
2,3,3,8,1,10,4,0,2,8,2,5,6,7,4,8,2,8,0,7,1,640.1,True
4,2,5,5,4,8,3,0,1,7,2,3,2,7,0,2,2,3,2,6,1,663.5,True
4,3,4,4,6,10,3,0,2,3,1,10,0,9,0,7,2,2,1,7,1,641.5,False
3,4,5,4,5,10,5,3,2,5,7,5,6,7,0,0,2,10,5,5,3,687.7,False
4,5,1,4,3,2,0,5,1,5,2,3,8,8,9,4,2,10,1,2,2,638.2,False
1,5,4,3,0,4,1,0,1,4,1,8,4,6,0,0,1,3,2,3,1,606.5,False
1,2,4,8,1,5,0,2,1,2,3,6,3,8,0,0,1,2,4,8,1,642.2,True
2,5,1,4,0,10,0,5,2,5,1,2,0,10,10,10,1,5,2,10,1,587.4,False
3,4,3,7,2,7,2,3,1,2,1,3,10,8,5,0,2,10,1,3,3,662.0,False
1,2,10,6,10,10,5,5,2,7,2,5,10,8,2,2,2,10,1,8,2,710.0,False
2,2,3,3,2,4,2,1,1,5,2,6,1,6,7,2,2,2,1,2,2,618.0,False
2,3,10,10,2,10,6,3,1,1,1,10,1,6,0,2,2,0,3,10,0,686.8,True
5,2,5,4,3,6,1,0,1,6,0,6,0,7,0,1,2,1,1,6,1,650.5,False
2,2,2,7,7,10,5,2,1,2,5,9,1,7,3,2,2,7,8,5,1,690.2,False
1,4,0,1,0,1,1,0,2,1,0,4,0,5,8,5,1,0,0,4,1,525.6,True
4,3,5,4,7,2,7,5,1,7,5,8,7,8,0,5,2,7,5,10,1,715.7,False
1,1,1,4,1,10,3,5,2,8,2,5,2,7,10,3,2,10,2,6,1,645.2,True
5,2,10,1,5,7,3,1,1,3,1,5,5,8,10,2,2,3,5,10,2,669.2,False
3,2,10,10,10,10,10,5,2,5,5,5,10,7,0,1,2,7,8,10,3,747.2,False
5,5,5,5,5,2,2,5,1,10,1,10,2,6,0,1,2,10,1,10,2,697.0,True
5,2,10,10,5,6,10,1,1,9,2,3,2,8,0,1,2,10,2,10,1,723.2,True
3,5,5,4,10,8,1,5,2,9,3,5,5,6,10,5,2,10,9,7,3,670.5,True
4,2,7,4,6,4,3,0,1,9,8,4,5,7,10,3,1,8,10,10,0,675.6,False
2,4,3,2,6,3,2,2,1,4,0,4,3,6,5,4,1,3,1,1,1,595.5,True
1,1,6,6,10,4,3,0,1,8,2,10,10,9,6,2,2,2,8,6,1,694.2,True
4,3,6,3,3,4,4,5,1,5,2,3,5,7,5,2,2,10,2,2,3,666.9,False
4,4,10,6,5,10,10,5,1,7,3,3,10,8,0,1,2,10,6,10,3,745.3,True
3,4,0,2,7,3,2,0,2,9,1,10,0,8,10,5,1,5,1,5,2,592.0,False
0,0,10,10,10,1,2,5,2,5,4,1,10,4,10,10,1,3,8,9,2,642.1,True
3,5,10,9,10,10,3,5,2,5,1,6,6,7,10,4,2,10,5,10,3,689.6,False
3,4,10,8,10,10,5,5,2,6,2,6,6,7,10,3,2,10,7,3,3,691.3,False
1,3,10,10,10,10,10,3,1,8,0,6,2,7,3,10,2,10,1,5,1,696.4,False
2,5,3,2,5,5,2,5,1,9,3,10,3,6,10,0,2,5,10,10,3,678.3,True
3,4,2,10,4,10,8,2,1,5,8,4,5,7,0,1,1,10,6,7,0,694.3,False
3,4,2,10,4,10,6,2,1,5,8,4,5,7,0,1,1,10,3,7,0,685.8,False
1,2,1,10,6,5,3,2,2,7,1,3,4,7,0,1,2,10,2,6,3,658.4,True
3,1,8,10,10,10,4,3,1,9,3,3,2,7,0,1,2,2,5,5,1,711.1,True
4,2,10,7,7,10,5,5,2,10,2,4,10,6,0,3,2,7,4,6,2,714.5,False
2,4,7,6,10,1,4,4,1,6,8,5,2,7,0,1,2,10,8,3,1,699.6,True
3,5,4,4,5,10,6,4,2,5,5,4,0,5,0,7,2,6,2,3,2,641.2,False
2,3,7,7,4,5,3,0,2,7,5,4,3,8,0,5,2,7,2,5,1,648.6,False
4,0,3,5,3,5,3,4,1,9,3,8,10,8,0,1,2,10,3,10,3,725.9,True
3,1,6,10,5,10,5,1,1,8,5,7,5,6,5,2,2,5,5,10,1,710.0,False
3,2,5,10,6,10,6,1,1,8,5,7,4,6,5,2,2,5,5,10,1,706.6,False
3,4,5,5,4,5,4,5,1,7,2,2,4,7,3,8,2,6,3,4,2,656.5,False
3,3,5,5,10,5,3,5,2,6,1,5,0,6,0,6,2,8,1,9,2,662.0,False
2,3,2,5,10,4,10,5,2,4,1,3,1,7,1,3,2,5,2,10,2,661.8,False
1,5,5,7,8,8,4,3,2,6,6,7,10,7,0,1,2,8,1,4,1,679.6,False
3,3,7,7,8,10,7,4,2,4,8,4,10,7,8,0,1,5,7,8,1,685.8,False
4,0,10,10,7,2,9,5,2,3,1,2,0,8,0,0,2,10,0,10,3,699.2,False
4,1,10,6,9,2,1,5,2,2,0,7,0,8,0,0,2,6,0,10,3,678.1,False
5,3,6,4,10,10,3,3,2,5,3,7,4,6,4,1,2,2,1,1,3,660.7,True
3,3,10,10,10,10,4,4,2,1,2,4,5,7,0,3,2,10,6,5,2,697.7,False
3,2,10,7,10,8,8,5,1,8,5,8,2,8,0,0,2,6,5,10,1,746.3,False
5,3,6,4,6,10,10,3,1,8,5,10,5,6,10,8,1,10,10,7,0,698.7,False
5,3,5,4,6,10,10,3,1,8,4,8,3,6,10,7,2,10,6,8,0,701.7,False
2,2,2,3,0,3,5,5,1,7,5,4,5,9,2,1,1,10,4,3,1,660.7,False
2,1,5,8,3,6,5,2,2,5,1,10,6,6,10,0,1,4,5,10,0,649.4,False
5,2,7,10,10,10,8,5,1,5,6,3,5,7,0,3,2,4,6,5,3,731.5,False
5,5,0,5,5,5,2,5,1,9,7,10,4,5,10,3,1,5,4,10,0,662.8,False
1,3,3,4,3,5,1,1,2,4,1,6,1,7,1,1,1,4,2,2,0,596.1,True
3,1,0,1,5,4,3,1,2,2,0,8,1,6,10,1,1,6,0,1,1,584.4,True
3,5,10,4,5,10,10,1,2,8,2,6,4,5,0,1,2,5,2,10,0,679.0,True
4,3,6,5,2,7,8,0,1,7,2,6,1,7,6,4,2,8,3,8,1,669.2,False
3,2,4,10,8,7,4,3,1,9,3,10,10,7,0,1,2,4,2,7,2,721.0,True
4,5,10,7,6,10,4,5,2,8,1,9,10,6,3,5,2,10,10,5,1,710.4,False
2,1,10,5,4,10,10,0,1,9,3,8,10,8,10,2,2,7,8,7,2,715.7,True
3,2,4,10,2,2,3,0,1,7,2,7,8,7,0,2,2,10,4,7,2,688.1,False
2,2,4,10,10,6,7,3,2,3,1,10,0,7,0,5,2,4,2,8,2,671.7,False
4,2,4,5,5,6,5,0,1,2,1,10,2,7,0,1,2,2,2,3,1,661.5,False
3,4,5,7,5,10,5,3,2,5,2,7,5,6,0,1,2,3,3,5,1,667.5,False
3,4,3,10,5,5,2,5,1,8,2,4,2,8,5,0,2,3,2,10,3,677.5,False
2,3,2,7,1,4,1,2,2,5,1,2,5,9,0,7,2,1,2,7,1,617.8,False
5,1,10,8,10,10,3,5,1,9,5,2,5,7,5,0,2,3,9,10,3,739.8,False
3,3,5,6,7,7,8,3,2,7,6,7,10,5,5,4,2,8,3,5,2,684.3,True
5,5,7,6,5,6,3,5,2,8,5,10,1,7,0,1,2,8,0,0,2,675.1,False
2,3,10,5,3,10,3,2,2,8,8,10,10,7,0,2,1,2,1,6,2,671.7,True
1,5,0,2,10,10,0,0,2,1,0,3,3,5,10,10,2,1,1,1,2,561.1,True
1,2,5,5,6,6,8,0,1,10,4,8,10,6,7,0,2,4,5,9,2,694.9,True
2,1,4,8,8,5,4,5,2,5,2,4,5,7,0,1,2,9,3,5,2,682.4,True
2,2,5,5,5,7,6,0,1,10,4,8,10,6,4,0,2,4,4,10,2,700.0,True
2,3,3,2,3,5,3,4,2,7,2,2,4,6,0,4,1,10,0,2,2,615.5,True
3,2,4,10,10,10,2,5,2,6,1,7,5,7,0,2,2,5,10,3,1,700.0,False
4,3,10,10,10,7,1,1,1,8,4,5,8,8,10,0,2,3,2,10,1,699.8,False
1,2,7,5,3,10,8,5,1,5,8,4,9,10,1,2,2,7,6,10,1,728.9,False
1,2,10,5,10,8,10,1,1,7,6,6,3,6,5,3,2,10,8,5,1,709.8,True
3,2,5,10,10,10,4,3,2,8,8,6,3,6,3,3,2,5,10,7,1,706.4,True
3,3,5,7,10,10,3,5,2,7,1,8,1,7,0,3,1,8,4,8,2,676.4,False
3,2,6,8,6,10,3,5,2,8,3,5,5,7,0,1,2,6,3,5,3,692.8,False
5,3,10,7,6,5,3,2,1,8,6,6,0,7,5,5,2,10,8,4,3,696.4,False
4,3,10,10,10,7,10,5,1,10,5,3,9,8,0,3,2,10,7,9,3,762.3,False
1,3,10,5,10,1,2,1,1,3,2,1,2,8,0,8,1,9,6,3,1,634.4,False
1,5,1,3,10,10,7,1,1,5,1,5,1,7,5,6,2,4,7,2,1,641.8,False
0,3,0,1,0,4,0,0,2,2,0,3,0,6,10,3,1,3,0,10,3,546.0,True
3,2,5,3,1,10,4,5,1,5,3,6,0,7,0,6,1,4,0,3,1,643.7,True
1,4,8,6,7,4,6,2,1,6,3,7,4,7,3,3,1,3,4,10,1,660.9,False
4,1,3,6,8,8,2,5,1,8,2,3,4,8,5,0,2,10,1,10,3,706.2,False
3,2,3,5,10,10,6,5,2,10,1,4,5,8,0,4,2,5,2,3,2,682.6,True
3,4,2,6,0,4,2,1,1,8,2,10,0,7,0,9,2,3,1,4,2,632.6,False
3,2,4,4,1,10,4,4,1,4,2,6,0,7,0,6,1,4,0,4,1,638.6,True
3,1,4,5,7,10,8,3,1,9,6,8,2,7,0,0,1,7,5,8,1,710.4,False
2,2,2,3,2,7,2,5,2,7,4,5,5,8,0,1,2,5,2,10,0,667.5,True
2,2,5,4,4,5,5,2,1,3,1,6,8,6,0,1,2,6,3,10,3,680.9,True
3,4,10,10,10,10,4,1,1,6,2,10,3,7,0,1,1,5,8,10,1,707.4,False
2,3,2,7,8,10,6,2,2,7,6,8,2,7,7,4,2,7,1,5,0,661.1,False
3,2,3,4,1,3,4,2,1,7,1,2,5,7,0,0,2,5,3,7,3,661.6,False
1,2,10,3,2,8,3,5,1,8,3,7,5,6,0,5,2,5,2,4,2,681.1,False
3,1,4,10,10,10,5,5,1,4,1,10,5,9,0,2,2,6,3,9,3,731.6,False
3,2,3,6,3,3,2,3,2,2,1,5,0,7,0,1,2,5,1,10,2,640.1,False
2,4,2,10,10,10,2,0,1,2,1,1,3,6,7,0,2,5,0,6,0,642.5,False
3,3,0,10,3,7,2,4,1,6,5,10,3,6,3,0,2,1,0,3,2,668.1,False
3,4,0,2,0,0,3,1,1,1,0,2,1,2,4,0,1,5,3,1,1,572.2,False
3,4,0,2,0,2,1,0,1,1,1,2,1,2,2,0,1,5,3,1,1,573.9,False
3,1,10,10,10,6,3,5,2,7,4,7,0,8,2,0,2,5,2,2,2,693.4,False
4,3,3,4,4,5,2,5,1,7,1,8,0,7,10,1,1,4,1,5,2,635.6,False
5,4,0,3,3,2,1,2,1,4,3,2,3,7,0,1,1,2,2,2,3,612.3,False
4,4,10,3,10,2,0,5,1,3,2,4,2,7,4,2,1,1,1,3,1,634.8,False
1,4,0,5,4,3,0,0,2,2,0,1,0,4,0,5,1,2,0,0,2,545.2,False
2,4,0,2,2,10,0,1,2,3,5,1,5,7,0,0,2,5,6,10,3,637.6,False
0,0,4,5,0,10,1,0,2,9,5,1,1,7,0,1,2,2,0,10,1,637.6,True
1,3,6,6,6,6,6,3,1,4,5,7,4,7,9,5,2,5,8,6,1,672.8,True
4,2,10,6,6,8,5,5,2,7,3,5,1,8,0,1,2,10,1,7,2,699.8,False
5,4,10,3,2,10,4,3,1,7,4,6,4,8,6,2,2,7,2,8,2,691.5,False
2,4,5,8,7,4,1,0,1,6,1,8,5,7,0,1,1,3,3,3,2,642.4,False
3,4,2,5,10,7,7,5,1,8,2,7,10,7,2,1,2,10,5,6,3,718.7,False
5,1,7,3,7,3,2,4,1,0,0,7,0,8,4,7,2,3,1,9,1,657.7,False
1,3,2,10,2,4,2,0,2,3,1,7,1,2,10,8,1,5,0,0,2,557.9,True
4,2,7,4,4,5,2,0,2,2,2,3,3,6,0,2,1,10,3,5,0,627.6,False
5,2,10,10,10,10,9,5,1,8,4,9,5,7,0,2,2,6,1,6,1,749.7,False
3,5,10,10,3,10,1,2,1,4,3,10,10,8,10,0,1,2,1,8,1,666.8,True
5,3,10,9,10,10,8,5,2,7,3,10,10,7,0,1,2,1,7,10,2,743.1,False
5,1,4,3,10,10,3,5,1,10,5,3,2,7,0,2,2,3,10,10,1,726.4,True
1,2,0,2,3,6,4,2,1,3,8,7,3,8,3,1,1,4,1,2,1,630.5,True
2,3,4,8,5,3,4,5,1,6,4,8,0,7,0,2,2,10,2,8,2,691.7,True
4,1,9,9,6,10,5,4,2,9,3,5,3,8,0,5,2,8,3,5,1,703.2,False
1,2,5,10,8,10,5,5,2,5,4,4,10,5,2,4,2,5,6,6,3,690.5,False
3,2,2,9,5,9,5,1,1,7,4,3,5,7,6,6,2,7,3,6,1,672.0,False
2,3,4,6,6,5,4,3,2,3,4,4,4,5,5,6,2,5,7,4,1,637.8,False
1,2,3,5,4,4,6,2,1,5,6,2,1,4,2,5,1,4,3,5,1,625.3,True
3,3,10,6,4,10,8,1,1,3,4,4,2,7,4,1,2,8,3,5,0,684.1,False
3,2,10,10,1,6,1,5,1,5,6,6,0,9,10,4,2,4,5,10,1,684.9,False
2,1,4,10,8,10,4,1,1,6,4,6,5,8,10,1,2,5,4,10,1,694.9,True
2,1,2,1,1,0,1,0,1,10,3,5,0,8,7,0,2,2,3,10,1,633.5,True
2,3,10,5,5,6,2,5,1,4,6,8,5,7,5,5,2,7,8,5,1,693.4,False
5,3,4,1,0,2,2,0,2,2,0,1,2,8,5,6,2,1,2,10,1,593.6,True
2,5,1,3,9,10,3,4,2,4,0,3,5,6,5,5,2,10,0,3,1,629.3,False
5,3,7,7,10,10,9,4,1,6,5,10,7,6,5,10,2,7,8,7,2,727.6,True
2,4,10,2,6,2,5,0,2,7,4,4,0,9,0,5,1,7,2,10,2,630.1,False
2,3,10,2,5,2,7,3,2,7,3,3,0,9,0,5,1,7,3,10,2,643.5,False
3,1,8,4,5,3,2,5,2,3,1,4,1,6,0,1,2,8,0,2,2,648.2,False
1,2,2,1,1,2,3,4,2,2,1,1,0,8,10,1,1,3,1,10,2,580.0,False
3,3,6,3,3,3,1,4,2,6,2,3,1,8,0,4,1,4,1,9,3,621.2,True
1,3,0,10,9,10,4,3,1,3,4,6,4,5,0,5,2,3,1,2,2,662.0,False
5,0,5,6,4,10,2,5,1,8,2,10,10,7,0,1,2,8,1,8,2,734.6,False
1,0,2,4,6,3,2,3,2,4,2,6,1,7,10,2,1,4,0,5,2,601.2,False
5,1,0,5,4,1,5,3,1,10,10,8,0,5,10,1,1,10,3,10,3,672.6,False
3,4,10,10,8,10,8,5,1,9,7,8,9,8,3,5,2,10,7,10,2,758.2,True
2,3,3,5,2,10,0,0,1,4,2,8,3,7,5,4,1,1,2,3,1,613.5,False
1,3,4,5,2,6,1,2,1,3,4,5,2,8,0,0,2,5,1,2,0,645.4,True
2,2,7,7,8,9,2,3,1,10,5,4,2,8,0,7,2,2,2,10,0,691.1,False
2,3,7,6,3,5,3,0,1,0,7,5,2,8,10,0,2,6,1,2,1,636.9,False
3,4,5,5,8,6,4,4,1,7,3,8,2,7,2,5,1,6,5,6,2,667.9,True
2,3,4,10,3,3,6,5,2,2,2,6,10,7,4,1,1,0,2,5,0,636.9,False
2,2,10,4,7,6,4,1,1,2,2,2,0,7,0,9,1,2,1,10,1,631.0,False
3,3,3,6,5,7,6,3,1,7,3,10,3,7,2,2,2,3,2,10,1,690.4,True
3,2,5,6,0,10,3,2,1,2,1,3,2,7,5,2,1,5,1,8,1,634.6,False
1,1,3,6,9,10,7,1,2,0,1,1,2,5,10,3,1,6,0,1,1,596.4,False
1,1,6,4,7,3,2,2,1,5,6,6,4,8,4,3,2,5,2,4,0,664.3,False
0,0,0,0,0,0,0,0,1,0,0,1,0,1,0,0,1,0,0,0,3,548.0,False
2,3,10,3,3,6,4,5,2,5,3,5,2,7,0,3,2,10,2,10,1,674.1,True
0,1,1,3,10,6,3,5,2,10,7,10,10,7,0,3,2,7,6,10,2,709.1,True
2,3,1,6,7,3,2,2,1,3,1,10,1,7,0,0,2,3,2,5,1,654.7,True
3,5,6,7,8,10,10,5,2,10,4,5,2,4,8,0,1,4,7,10,1,673.5,False
1,3,2,2,1,6,1,0,2,2,4,5,0,6,0,6,1,3,1,4,3,575.3,False
5,3,10,10,10,10,5,5,1,7,2,2,2,8,0,2,2,6,2,10,2,726.4,True
2,4,0,0,0,3,0,0,1,0,0,7,1,7,10,0,2,2,0,4,1,581.0,True
2,4,5,4,4,7,1,1,2,6,0,5,0,6,0,2,2,3,0,5,1,617.8,True
5,3,10,2,10,5,10,4,2,6,4,1,1,6,0,1,1,10,6,4,1,674.8,False
4,1,3,2,3,2,5,1,2,4,5,5,0,7,0,0,2,4,1,10,1,646.9,True
5,1,1,3,2,6,3,2,1,1,3,8,0,7,0,3,2,3,2,6,3,656.0,False
4,2,5,8,10,10,5,3,1,7,5,7,10,7,8,0,2,7,8,2,3,722.1,False
5,3,6,10,10,8,0,5,2,7,7,10,3,8,0,10,2,3,1,6,2,688.9,False
2,2,2,7,4,8,2,0,1,1,1,8,1,8,10,5,1,3,1,4,2,606.9,False
2,5,10,2,3,5,5,5,1,5,1,10,10,8,0,4,1,10,5,10,2,690.6,True
2,2,2,3,4,3,4,1,2,6,0,4,3,7,10,2,1,2,1,5,1,587.2,True
2,2,2,3,4,3,4,1,2,6,0,4,3,7,10,2,1,2,1,5,1,587.2,True
3,2,7,3,5,0,8,5,1,4,8,7,4,8,10,4,1,7,3,7,1,664.5,False
2,5,10,5,10,2,3,5,1,9,1,3,2,8,0,5,2,5,6,5,2,679.0,False
5,4,10,10,10,10,10,3,1,4,6,10,10,8,0,8,2,10,4,10,0,755.2,True
2,2,2,4,3,5,4,1,2,3,2,10,2,5,10,1,2,2,1,2,2,608.4,True
3,4,3,8,7,6,4,2,1,3,1,9,0,7,10,2,2,2,1,1,2,635.8,False
4,2,4,4,10,6,2,5,2,3,1,8,5,7,0,0,2,8,4,7,3,688.3,False
3,4,10,6,10,9,8,4,2,8,3,5,8,8,0,7,2,10,2,10,2,710.0,True
1,5,7,5,3,4,3,0,1,8,3,5,4,7,0,1,1,6,3,10,1,646.9,False
5,3,8,10,2,4,6,5,1,9,6,4,5,7,10,0,1,10,3,10,3,696.0,False
1,3,1,1,5,6,2,2,2,1,2,1,1,7,2,3,1,3,0,0,1,571.3,False
1,4,3,5,1,10,0,0,2,2,1,5,1,7,10,0,1,5,5,10,0,595.9,False
5,2,7,10,5,10,5,1,1,8,3,10,2,8,1,2,2,2,2,6,1,705.9,True
4,2,1,1,1,8,1,5,2,8,3,1,2,7,0,3,2,5,0,10,2,646.1,True
4,3,10,3,10,8,6,2,1,5,2,10,1,8,0,4,1,8,4,6,1,688.9,True
5,0,8,7,10,10,8,3,1,9,8,10,6,6,0,1,2,10,8,8,2,773.5,True
2,2,1,2,4,4,0,0,1,5,1,1,4,6,0,1,1,1,1,6,0,605.1,False
3,5,5,6,10,10,10,4,2,3,1,2,5,6,0,1,2,10,1,7,3,680.1,False
4,3,7,6,9,10,7,2,2,8,7,9,6,8,1,4,2,8,6,7,2,715.9,True
4,1,2,5,4,10,5,2,2,6,2,4,3,5,0,0,1,10,6,10,2,668.4,True
2,1,5,2,1,2,0,0,1,7,0,6,1,8,0,1,2,4,1,6,2,638.8,False
5,1,6,4,6,10,4,4,1,5,2,8,8,8,0,1,2,4,10,10,2,734.4,True
1,1,6,4,2,2,2,0,1,2,1,2,1,7,3,1,1,0,1,4,1,597.0,True
4,3,3,7,10,10,3,5,2,10,2,6,5,7,5,5,2,10,4,5,3,689.6,False
2,2,5,3,3,5,5,2,1,4,1,5,0,7,1,0,1,4,5,5,1,640.1,True
1,5,10,3,1,6,1,1,2,2,2,6,0,6,3,3,2,3,0,10,1,611.2,True
1,5,10,3,1,6,1,1,2,1,0,6,0,6,3,5,2,3,0,10,1,602.7,True
5,5,5,5,10,10,3,5,2,10,1,10,5,6,0,10,2,6,8,10,3,698.7,False
4,4,4,3,3,3,0,4,1,2,2,7,1,8,1,2,1,7,1,4,3,632.2,False
5,5,10,2,2,10,3,5,2,2,4,10,0,6,10,1,2,10,8,10,3,676.6,True
5,4,1,0,2,6,5,0,2,2,4,10,2,8,0,10,2,1,10,10,1,637.9,True
1,4,2,4,5,2,0,0,1,0,0,1,0,8,10,1,1,3,0,0,1,559.6,False
2,4,10,2,4,10,4,5,2,6,1,4,1,8,0,3,2,5,1,10,2,663.9,False
2,5,8,7,4,9,0,0,1,7,3,5,0,9,6,2,1,0,7,6,0,633.7,False
3,1,1,3,3,5,0,1,2,6,3,5,1,6,1,2,2,6,0,4,1,624.6,True
3,1,3,3,3,5,0,1,2,6,2,5,1,6,1,3,2,6,2,1,1,622.9,True
3,3,7,4,2,2,1,0,1,10,1,8,0,8,0,5,2,5,0,2,2,640.9,True
2,1,5,5,0,4,1,0,2,3,2,10,0,9,4,1,2,1,0,0,1,610.9,False
5,3,4,4,5,10,2,2,1,10,4,10,10,7,10,4,2,9,2,7,2,697.2,False
4,5,3,1,10,7,5,3,2,6,2,8,0,7,0,2,2,10,2,4,2,661.1,True
3,3,10,2,2,7,3,5,2,5,2,6,0,6,10,4,1,5,1,10,2,623.1,False
4,2,3,5,5,2,2,3,1,4,1,7,3,8,0,1,2,8,1,5,3,671.3,False
1,0,9,4,5,9,1,0,1,0,0,8,0,7,0,0,2,0,0,10,0,657.7,True
3,2,4,2,10,2,2,0,2,3,4,4,1,6,5,3,2,3,4,1,3,614.2,True
3,0,3,4,7,10,3,0,1,8,3,7,1,7,0,2,2,3,5,6,1,684.7,False
2,1,10,5,7,3,5,5,2,5,4,6,1,8,0,0,2,10,1,10,2,694.9,False
2,0,10,8,6,8,5,5,1,9,6,2,2,7,0,2,1,10,4,10,1,714.3,False
4,1,7,4,4,2,2,1,1,7,4,7,1,7,0,5,2,5,1,10,2,672.8,False
2,4,3,3,8,9,6,4,2,7,2,7,0,6,0,1,2,10,8,2,2,672.6,True
2,1,9,4,2,9,4,3,1,6,2,3,0,8,0,2,2,4,5,3,1,673.9,False
3,4,5,4,5,10,6,5,1,7,5,8,3,8,9,7,2,6,2,4,0,674.9,False
3,2,1,5,2,10,7,2,1,5,1,4,5,6,6,3,2,7,1,7,1,661.8,False
2,4,6,2,6,3,0,1,1,6,1,6,0,7,10,0,2,5,0,7,1,626.7,False
1,4,2,2,6,5,2,2,1,3,1,8,0,7,3,10,1,1,3,2,1,593.1,False
3,3,0,1,2,1,6,3,1,6,6,10,0,8,0,7,1,7,5,10,1,651.5,True
3,5,10,5,10,1,10,5,2,6,10,2,2,8,0,1,1,10,5,9,2,687.3,False
5,3,7,5,3,4,9,5,2,7,2,2,3,7,0,4,2,10,1,8,3,678.6,False
4,3,7,4,8,10,6,5,1,9,6,4,10,6,0,4,2,10,6,8,3,736.6,False
5,1,10,10,3,3,5,1,1,8,6,8,10,7,10,1,2,4,1,5,1,698.5,False
0,3,0,6,2,10,3,2,2,9,4,4,3,8,2,1,1,4,3,7,1,628.2,True
5,3,6,6,10,10,5,5,2,7,2,3,4,7,0,5,2,10,1,7,3,694.1,False
1,3,3,2,7,5,4,5,2,3,7,6,4,8,0,7,1,4,1,10,2,637.1,False
1,3,5,10,10,10,5,3,1,7,5,7,5,7,5,3,2,5,7,4,1,701.7,False
1,1,1,7,0,3,2,0,1,1,1,2,3,8,0,2,1,0,1,6,1,602.3,True
4,5,7,10,4,6,4,2,1,2,7,2,2,7,2,5,2,7,3,8,2,671.8,False
4,5,10,3,6,3,5,5,2,9,5,5,2,6,10,0,2,2,3,7,3,655.2,False
4,2,4,0,5,10,5,0,1,2,1,10,0,5,2,5,1,8,3,7,2,644.1,True
3,3,9,5,6,9,2,3,1,9,4,6,10,8,0,5,1,1,10,8,2,696.6,False
4,1,1,2,4,7,5,0,1,5,4,2,2,4,8,2,1,2,5,7,1,623.6,True
3,4,10,5,10,10,4,1,1,9,1,9,5,6,10,5,2,10,2,7,2,688.3,False
1,3,7,3,6,3,7,1,1,6,2,10,2,6,7,4,2,2,3,7,1,651.1,True
5,3,5,6,5,5,3,5,1,2,1,5,10,7,0,1,2,5,2,3,3,686.0,False
3,4,5,3,4,7,6,1,1,1,1,10,1,7,0,5,2,4,4,10,1,663.2,True
2,5,1,2,7,5,1,3,2,4,0,1,0,5,0,0,2,2,1,1,3,596.4,False
0,2,1,6,0,4,0,1,1,4,0,1,1,7,5,3,1,2,1,3,1,579.8,True
0,1,7,5,1,10,2,1,2,3,0,2,2,6,3,1,2,3,0,1,1,610.4,True
2,4,2,10,2,10,2,5,1,6,6,10,0,5,0,5,2,10,2,5,2,684.9,False
1,2,1,5,1,3,10,0,1,10,1,6,5,8,0,0,2,2,5,10,0,674.5,True
1,1,1,0,1,1,1,1,2,0,1,2,1,2,1,1,2,2,1,1,0,568.8,True
3,4,1,5,4,10,2,3,2,8,3,5,1,6,7,2,2,5,5,7,2,643.3,False
3,4,10,7,10,8,3,5,1,9,4,10,1,9,0,7,2,10,5,10,3,729.9,False
1,2,5,5,10,7,7,2,2,0,5,3,2,8,3,4,2,5,8,7,1,660.3,False
5,1,7,7,5,4,3,2,1,9,3,7,2,8,1,0,2,4,6,10,3,710.4,False
3,4,3,10,10,10,5,2,1,7,2,10,1,5,8,2,1,7,1,3,2,659.4,False
3,2,5,10,10,10,6,5,1,8,4,10,4,7,0,4,2,10,6,5,2,739.7,True
2,3,1,3,3,5,1,1,2,2,3,9,10,6,0,8,2,2,2,9,1,628.8,True
3,3,10,6,5,5,5,2,2,0,4,8,2,4,8,4,2,9,2,5,2,643.5,True
2,4,10,6,4,10,2,2,2,2,3,4,0,6,2,8,2,5,1,7,1,631.2,True
1,1,6,10,5,6,3,1,1,10,4,1,2,7,0,3,2,2,1,10,1,675.0,False
4,5,1,1,0,2,2,2,2,7,2,10,2,8,0,4,2,3,2,7,1,624.3,True
5,1,10,7,10,10,1,5,1,9,7,5,5,8,5,0,2,4,7,10,3,744.0,False
3,4,4,5,4,4,2,0,1,6,3,5,4,10,2,6,1,6,4,5,2,635.6,False
2,4,5,2,7,1,3,5,2,3,2,6,3,9,1,1,2,3,2,5,3,640.7,False
5,2,6,4,1,2,2,2,2,8,4,10,1,8,0,5,2,4,3,6,3,656.6,False
2,3,4,1,4,10,3,2,2,6,2,9,0,5,0,3,2,10,0,10,0,654.1,True
3,2,5,5,5,7,2,2,1,7,1,3,3,7,5,0,2,3,3,5,2,660.1,True
5,2,6,4,2,2,2,1,2,8,1,9,1,8,1,3,2,4,1,5,3,644.5,False
5,3,4,10,8,4,2,5,2,8,3,1,1,6,1,0,2,9,3,7,3,679.9,False
3,2,6,6,6,9,6,0,1,5,3,10,0,6,0,1,2,5,1,10,1,690.2,True
4,1,2,5,2,5,2,0,1,1,3,6,0,9,8,3,1,4,1,9,1,622.0,True
3,3,10,6,5,10,5,4,2,5,4,5,10,8,1,1,2,5,4,7,0,699.8,True
3,4,8,10,7,8,8,3,1,8,8,7,8,8,3,6,2,8,2,8,0,722.3,True
4,0,3,6,3,10,6,0,1,5,2,10,3,8,0,3,2,7,2,10,0,700.8,True
5,2,10,10,6,10,5,0,1,7,8,8,10,8,0,3,2,8,8,10,0,753.1,True
4,1,3,5,5,5,2,0,1,1,6,10,2,5,5,2,2,3,5,10,0,667.9,True
5,2,10,10,10,10,10,4,2,10,6,8,10,10,0,3,2,10,7,10,0,772.2,True
2,1,10,10,8,4,7,4,1,6,3,8,2,7,0,2,2,5,2,5,0,708.7,False
1,2,1,1,7,10,5,2,2,7,5,7,2,6,2,3,1,1,2,4,2,623.3,False
2,2,2,4,9,10,3,0,1,9,2,1,3,6,5,4,2,2,2,7,1,649.3,True
2,2,8,6,6,9,4,2,2,6,7,6,3,7,2,4,2,7,7,7,2,684.5,False
1,5,3,4,4,4,2,3,2,2,1,5,0,9,5,2,2,10,0,3,3,611.6,True
3,2,10,1,2,4,0,2,1,5,2,6,1,7,0,2,1,1,2,2,1,626.7,False
1,0,2,5,0,7,3,0,1,9,1,5,5,7,0,0,2,3,1,6,1,658.8,True
2,5,5,8,3,4,4,1,2,5,4,4,3,6,10,10,2,5,1,5,1,602.3,False
5,2,10,6,6,10,7,2,1,2,2,6,2,8,0,0,1,10,5,10,1,706.8,True
2,1,7,7,6,10,1,1,1,8,6,8,5,6,0,2,2,7,7,2,3,703.4,False
3,2,0,4,4,6,0,0,1,5,0,8,0,8,0,5,2,3,1,3,2,630.7,False
3,3,4,7,7,2,5,1,2,8,0,2,2,4,0,4,2,8,0,5,1,633.8,False
0,1,0,1,0,2,2,0,2,0,2,2,0,5,0,1,2,2,0,1,1,569.4,True
3,5,10,3,10,10,5,5,1,7,1,2,5,6,6,2,1,6,2,3,2,661.4,False
1,4,3,5,8,10,2,2,2,6,0,4,5,4,0,6,2,5,1,7,2,634.2,True
1,4,1,2,10,3,1,1,1,7,5,1,2,6,10,5,2,5,2,5,2,615.3,False
4,3,8,10,10,4,0,5,2,0,2,10,2,7,6,2,1,2,1,10,3,649.6,True
2,2,3,4,3,2,4,2,2,3,7,4,2,5,1,4,2,4,6,4,2,631.0,True
4,5,10,6,5,3,5,5,1,0,1,5,1,7,3,5,2,4,5,2,1,655.4,False
1,5,0,5,5,5,2,0,1,1,1,1,0,5,5,8,1,2,1,2,2,560.7,True
2,2,7,3,2,3,3,0,1,7,5,8,1,6,0,0,2,7,5,7,1,672.8,True
2,1,10,10,10,4,3,5,1,3,3,5,5,7,10,2,1,3,5,10,2,679.2,False
2,5,3,3,2,3,2,5,2,6,3,7,2,5,10,3,2,2,3,5,3,609.5,False
1,2,2,3,10,10,2,5,1,9,4,1,2,7,0,1,1,2,10,5,2,671.6,False
2,2,6,5,6,10,6,2,1,3,2,3,5,6,4,3,2,10,3,7,1,680.3,False
3,1,10,3,7,2,2,2,1,7,4,4,3,7,0,1,2,2,4,9,1,684.1,True
4,1,6,3,5,2,1,3,1,7,5,4,3,7,0,2,2,2,3,10,1,679.0,True
1,4,0,2,4,10,3,1,1,5,1,4,4,7,0,3,2,2,2,7,0,638.2,False
4,3,8,6,7,10,5,3,1,6,4,6,3,8,0,2,2,6,1,6,0,703.4,False
5,4,5,8,10,5,1,0,2,7,4,8,1,6,0,10,1,9,5,10,2,650.7,True
4,5,2,2,7,3,4,5,1,6,2,5,5,6,10,4,2,10,1,3,2,648.4,False
4,3,10,5,10,10,4,2,1,2,6,10,2,8,2,0,2,10,1,10,1,721.2,False
1,4,10,7,5,10,6,5,1,9,3,9,1,6,10,0,2,10,3,4,1,695.1,False
4,5,7,4,7,1,0,5,1,7,1,3,0,8,0,3,2,7,4,4,1,662.0,False
4,4,10,9,8,10,7,2,2,9,4,5,5,7,10,3,2,9,4,8,3,692.8,False
1,5,1,1,1,2,4,1,2,2,0,4,1,6,0,1,1,2,1,3,3,564.9,True
2,2,10,5,2,7,3,5,1,7,2,7,2,7,0,3,2,6,3,3,1,684.7,True
3,3,10,3,5,3,1,5,2,3,6,4,5,7,10,1,2,5,1,3,3,639.9,False
2,4,5,6,1,10,2,1,1,5,1,3,0,7,5,10,2,6,0,1,2,614.2,False
3,2,5,3,10,4,4,3,2,4,7,6,4,7,0,4,2,4,4,7,3,670.9,True
4,3,6,3,2,6,10,0,1,9,5,10,10,8,0,3,2,6,2,7,2,705.9,False
2,3,8,8,5,10,10,2,1,7,4,6,10,7,8,1,2,10,1,7,2,710.0,True
1,3,3,2,10,5,1,4,2,5,4,4,0,5,2,3,2,5,7,4,3,637.8,False
2,0,5,6,4,7,0,0,2,5,10,10,0,8,5,0,2,0,10,10,1,673.6,True
1,4,4,3,4,10,5,1,2,6,0,7,1,8,0,0,2,7,3,5,1,647.5,False
3,3,8,7,6,4,10,0,2,8,5,5,0,7,10,2,2,3,0,10,3,650.3,False
2,5,2,10,10,10,3,2,2,7,3,8,10,7,0,2,2,10,1,5,2,686.6,True
5,0,10,10,2,10,9,5,2,6,3,6,8,7,0,2,2,10,10,3,2,737.2,True
3,3,10,3,3,3,5,3,1,9,1,10,2,7,0,0,2,10,2,10,3,702.3,True
1,4,3,3,3,9,3,1,1,6,3,4,4,7,0,6,2,3,2,3,0,636.5,False
1,3,1,6,10,2,2,3,2,5,5,6,0,7,0,4,1,10,6,10,2,645.4,False
1,5,7,3,3,1,1,0,2,6,3,10,5,5,0,10,2,6,2,10,2,622.0,True
3,2,1,2,5,4,2,5,2,5,1,3,1,8,0,0,2,5,2,5,3,641.6,True
2,4,2,4,2,6,2,1,2,2,2,4,0,6,5,7,2,4,2,4,1,590.4,False
1,2,2,2,1,6,7,0,2,6,3,10,2,5,0,1,1,4,5,1,2,616.9,True
2,5,7,2,1,0,0,0,1,4,3,10,3,5,10,1,1,10,1,3,1,601.6,True
0,5,10,0,1,1,10,0,1,3,2,10,1,5,10,2,1,6,2,2,1,599.9,True
2,3,1,2,2,8,2,2,1,3,3,4,4,5,10,1,1,4,2,7,1,610.6,True
3,1,5,10,5,8,6,5,2,9,6,7,0,6,7,2,2,3,5,5,1,682.8,False
2,1,7,4,4,2,4,0,1,7,2,10,5,7,0,1,2,4,1,5,2,671.7,True
3,1,4,2,5,10,10,4,2,9,8,10,10,8,0,0,1,10,8,8,0,724.6,True
4,1,8,5,9,7,7,1,1,7,5,10,10,6,1,0,2,5,3,10,0,732.7,False
4,1,5,10,5,10,8,5,1,4,4,10,10,7,5,1,2,10,3,10,1,744.8,True
2,5,10,10,10,5,2,0,2,5,2,5,0,6,10,0,1,10,0,10,3,629.7,True
2,3,5,3,1,4,0,1,1,2,0,2,0,8,0,5,1,5,0,10,1,605.7,False
2,3,7,2,5,7,5,0,1,4,1,5,2,7,2,0,2,5,0,6,1,652.0,False
3,2,10,10,8,10,4,5,1,7,5,7,10,6,0,2,2,8,7,4,1,744.0,True
2,4,7,5,10,4,3,1,2,5,1,5,3,7,3,8,2,7,0,3,2,626.5,False
2,3,5,2,3,3,1,2,2,3,1,2,1,6,10,3,1,5,1,1,1,567.9,False
1,3,10,3,4,3,4,5,1,7,2,6,10,7,5,0,2,10,1,10,3,696.4,False
3,4,10,10,4,3,5,1,2,6,6,10,7,6,6,0,2,6,6,2,1,674.9,False
3,3,5,5,8,6,2,1,2,3,3,3,4,6,3,2,2,3,5,1,2,632.7,False
2,4,4,7,4,5,3,3,2,7,2,1,1,9,0,0,2,5,1,10,2,649.9,True
3,1,10,10,7,3,8,1,1,7,4,7,2,8,0,0,1,10,5,10,3,712.1,False
4,5,10,4,10,5,0,5,1,2,2,5,1,7,10,7,2,6,2,10,3,657.1,True
4,5,10,5,10,4,6,5,1,2,2,5,1,7,10,7,2,6,2,10,3,667.3,True
2,1,5,4,10,10,4,4,1,8,3,6,8,5,0,3,2,8,2,6,1,709.6,True
4,1,5,6,7,5,0,1,1,7,1,10,3,7,0,1,2,1,7,10,3,693.8,False
1,5,1,10,4,3,5,2,1,7,1,5,4,7,1,2,2,5,2,5,1,652.0,False
4,4,7,5,7,5,1,5,1,5,1,1,1,8,0,1,2,9,4,4,3,676.9,False
1,1,3,3,0,7,1,0,2,7,2,4,1,7,8,0,2,0,5,10,1,617.8,True
2,5,2,1,8,3,5,0,1,3,0,4,7,8,10,8,1,4,2,9,0,601.0,False
5,3,4,3,5,2,3,5,2,4,1,7,3,6,0,4,2,2,1,8,3,647.1,False
3,3,10,4,2,3,5,0,1,4,1,8,3,7,5,1,2,3,1,5,1,649.2,False
2,2,2,10,5,10,2,1,2,7,5,7,6,8,0,1,2,2,1,5,3,667.9,True
2,1,3,5,2,3,1,1,2,1,1,5,1,7,1,3,2,4,1,5,2,612.9,False
3,0,3,3,6,3,10,5,2,9,4,5,3,9,0,0,2,5,4,10,1,700.0,True
5,3,3,2,3,5,3,5,1,2,1,8,8,7,0,4,2,10,2,1,2,674.7,True
2,3,3,2,10,10,1,5,2,4,3,9,5,7,0,1,2,9,4,5,1,681.7,False
5,1,3,6,2,5,3,0,2,5,4,6,4,6,2,0,2,5,2,7,1,655.4,True
5,0,10,4,10,10,2,5,2,8,3,5,10,7,0,0,2,2,1,3,3,708.1,False
4,2,10,3,8,4,4,5,2,9,3,10,4,6,0,0,2,9,3,10,3,712.3,True
2,4,1,2,2,8,2,2,2,7,1,4,0,7,2,0,1,0,2,3,1,592.3,False
2,4,2,2,3,4,6,5,2,8,4,3,1,8,6,7,2,4,1,8,1,626.3,False
2,4,0,4,3,1,3,3,1,0,1,2,3,6,2,2,2,6,1,1,2,612.1,True
3,4,4,2,7,6,4,0,2,7,2,2,5,6,0,4,2,3,1,4,2,625.7,False
2,3,1,4,1,10,2,1,1,7,3,1,10,8,0,1,2,3,0,10,1,663.3,False
2,4,2,7,7,5,2,1,2,3,1,5,2,5,0,1,2,7,4,2,1,629.5,False
2,5,9,5,8,7,7,1,1,8,7,7,6,6,0,5,2,4,5,3,2,687.9,False
3,2,8,6,9,7,7,2,1,9,7,6,2,7,10,5,2,8,8,9,1,706.6,False
2,2,7,7,5,6,8,2,1,7,8,6,2,7,10,3,2,7,8,8,1,694.7,False
5,2,5,6,10,6,3,5,2,5,3,5,1,8,0,1,2,8,4,7,2,693.0,True
2,4,2,1,1,2,0,1,2,2,0,2,0,8,5,3,2,3,0,2,3,568.3,False
3,2,10,3,10,10,4,4,1,7,2,8,3,7,5,2,2,10,5,10,3,720.6,True
1,5,0,3,5,2,3,2,2,0,1,10,1,5,10,7,1,10,2,10,1,582.9,True
5,1,8,10,4,10,10,1,2,8,2,7,10,8,0,0,2,4,2,10,2,722.3,False
5,2,8,10,10,10,5,1,2,8,2,7,10,8,0,0,2,3,2,8,2,715.5,False
3,3,5,5,7,5,5,5,2,1,4,6,9,6,0,1,2,10,4,5,3,684.3,True
1,5,0,2,3,0,0,0,1,8,2,3,0,6,0,8,1,0,0,8,1,573.2,False
3,1,4,4,10,10,10,5,1,8,5,10,5,7,10,0,2,5,4,10,1,727.8,True
1,2,5,10,8,10,5,1,1,7,2,8,3,8,3,1,1,10,1,7,0,683.4,False
4,2,5,6,4,10,7,3,2,9,5,2,1,8,10,1,2,2,4,8,3,665.2,False
4,5,7,9,8,10,10,5,2,10,4,8,5,6,5,2,2,10,5,7,3,717.0,False
2,1,5,4,10,2,10,1,1,4,3,5,3,10,0,2,2,4,6,3,1,684.9,False
3,4,10,10,10,4,8,4,1,4,5,2,1,6,10,1,2,4,5,7,2,683.5,False
3,4,10,7,6,4,4,2,1,3,1,3,1,7,10,1,2,4,3,10,1,655.0,False
4,4,8,4,10,9,3,1,2,5,1,9,1,6,4,7,2,8,2,3,3,649.2,True
1,3,1,8,0,2,0,0,1,1,3,10,1,7,10,3,1,0,1,10,2,593.5,True
1,4,3,3,4,2,1,0,1,5,4,2,0,6,2,8,1,3,0,1,1,576.4,False
2,5,2,1,1,3,3,5,2,2,4,1,0,8,5,2,1,5,0,10,1,591.9,False
2,5,1,2,3,2,1,0,1,3,2,1,1,6,0,8,1,2,1,2,1,567.7,False
5,5,8,8,10,3,2,1,2,8,5,10,2,7,0,2,2,10,2,8,2,688.7,True
2,1,3,4,4,3,3,1,1,3,4,5,4,4,4,5,2,5,3,4,2,637.8,False
1,1,3,3,4,3,3,1,1,3,3,3,2,4,3,3,1,3,3,3,2,606.8,False
5,1,3,6,4,5,1,3,1,9,7,5,1,7,0,5,1,3,2,3,3,657.1,False
2,4,3,5,2,6,1,0,1,2,1,2,1,7,0,0,1,6,0,5,1,608.9,True
4,2,7,10,10,10,5,2,1,9,6,10,10,8,1,0,2,9,9,7,1,763.7,False
3,1,10,10,8,5,10,4,1,10,3,10,5,7,0,1,2,10,2,10,3,753.3,False
3,2,5,7,5,2,4,2,2,2,2,3,1,6,4,5,2,7,2,6,2,629.3,False
1,5,5,10,1,6,1,0,2,8,6,4,1,7,0,10,2,4,0,10,1,622.9,True
1,5,6,5,2,4,4,2,1,7,6,4,1,6,8,1,1,10,8,1,1,632.9,False
3,3,8,6,5,10,6,5,1,8,5,10,4,8,4,1,1,10,6,7,1,714.4,False
4,2,10,10,4,10,4,4,2,7,4,10,4,10,0,4,2,10,6,10,1,730.1,False
5,3,5,4,10,5,4,5,1,5,1,6,4,5,5,7,2,2,9,5,3,677.3,False
4,2,7,10,8,10,2,0,1,10,2,8,5,8,0,0,2,9,2,10,1,725.9,False
5,3,2,5,3,4,3,3,1,5,1,1,10,7,5,4,2,4,2,4,1,651.2,False
4,2,7,10,10,10,5,5,1,8,8,8,5,7,0,4,2,10,3,10,2,752.9,False
3,5,2,10,2,10,2,2,2,8,2,6,1,8,0,3,2,7,1,0,3,642.2,False
1,2,5,8,6,1,5,5,2,2,2,10,4,7,10,3,1,7,3,5,2,632.6,False
3,4,7,7,2,10,3,1,1,7,1,9,0,6,0,3,2,6,4,4,1,671.3,False
5,2,2,2,10,10,0,5,1,9,2,4,10,6,10,10,2,10,3,10,2,689.0,True
2,1,1,5,10,4,10,5,2,1,1,10,1,6,0,4,1,6,3,10,3,659.6,False
5,3,7,5,6,8,1,1,1,3,10,3,5,7,0,6,2,4,2,10,3,683.9,False
1,4,10,3,10,8,4,3,2,7,3,3,10,7,0,7,1,10,8,7,0,670.3,False
4,2,2,3,8,2,7,1,1,3,2,1,1,8,10,2,2,7,3,5,1,641.2,False
2,1,10,4,7,7,3,4,1,6,4,7,6,7,4,2,2,8,7,9,1,715.3,False
3,3,8,7,8,10,9,3,1,8,6,10,10,8,4,1,2,7,7,7,3,745.0,False
3,5,2,2,1,7,3,0,2,7,2,6,5,8,0,5,1,9,1,3,2,609.9,True
1,3,2,2,3,3,5,3,2,1,3,7,0,7,10,2,2,3,0,6,2,601.4,True
1,1,6,10,10,5,3,5,1,5,3,5,2,8,0,3,2,3,7,10,3,706.6,False
4,2,10,5,5,10,4,0,1,5,2,4,5,6,0,1,2,10,2,7,1,695.8,False
4,1,4,10,5,4,5,5,1,5,1,2,0,6,10,2,1,3,1,10,2,647.8,True
1,2,8,10,4,4,2,2,2,6,3,4,6,7,3,3,1,4,3,10,2,643.3,True
2,2,8,5,5,4,2,2,1,5,5,6,2,6,10,4,2,8,3,3,1,652.0,True
3,2,1,1,1,2,1,1,2,7,0,8,0,8,0,0,2,4,2,5,2,622.2,True
5,2,10,8,7,3,6,5,1,6,1,4,0,8,0,0,2,6,1,5,1,701.3,False
1,3,5,10,5,5,6,3,2,6,3,5,4,6,10,2,2,10,0,2,2,643.3,False
1,2,6,6,2,3,2,5,2,6,1,9,3,7,0,1,2,1,1,5,1,647.7,True
3,1,8,6,10,10,10,5,1,7,7,4,10,7,10,2,2,10,3,10,2,740.2,True
3,4,4,6,8,10,3,4,1,5,2,2,5,7,2,2,2,6,6,3,3,680.3,False
4,2,10,5,4,8,6,2,1,6,3,9,5,7,0,1,2,10,3,10,1,722.5,False
5,3,3,3,2,6,1,1,2,5,2,5,5,7,0,1,2,4,1,5,3,638.4,True
2,1,1,7,4,5,0,4,1,10,4,4,0,9,0,9,2,0,4,7,0,659.0,False
5,3,2,10,4,5,3,5,2,7,10,4,5,8,0,1,2,4,3,10,3,696.2,False
5,3,4,3,3,1,3,1,2,5,2,3,0,4,0,7,2,0,1,7,3,605.1,False
2,4,10,10,10,8,6,5,2,8,5,5,2,6,10,0,2,10,8,7,3,701.1,False
5,4,5,8,10,2,2,5,2,3,3,4,2,6,3,7,2,5,2,4,3,644.8,False
3,3,8,3,3,6,4,2,1,6,3,8,1,7,0,7,2,3,1,4,3,656.0,False
5,1,3,5,10,3,2,5,1,5,2,7,10,8,0,2,2,2,1,10,3,707.0,False
1,2,5,8,5,5,2,1,1,7,3,6,10,8,0,5,2,2,2,6,2,672.8,True
5,2,3,6,4,3,5,1,1,4,0,3,0,7,5,3,2,6,0,2,3,636.3,False
5,3,10,6,10,10,10,5,1,10,10,7,10,8,0,5,2,10,10,10,3,785.2,False
5,0,10,10,10,2,3,5,1,4,4,10,0,8,0,0,2,5,2,10,3,731.4,False
5,2,10,10,10,5,7,5,1,8,6,9,1,8,0,1,2,10,8,10,2,763.5,False
3,2,10,10,10,10,8,5,2,5,7,6,5,9,0,1,2,10,6,10,1,746.1,False
3,5,10,3,5,7,4,5,2,10,3,5,3,7,0,4,2,6,0,10,3,674.1,False
5,5,2,4,1,5,0,5,2,7,0,6,0,7,0,7,2,5,0,7,3,626.7,False
5,1,5,4,7,7,2,5,1,10,7,4,2,8,0,1,2,4,4,7,3,713.2,False
1,1,4,10,5,1,4,5,2,9,2,1,5,8,0,0,2,5,2,7,3,670.1,False
5,2,0,4,2,10,3,2,2,7,7,7,1,5,5,1,2,4,2,4,3,648.6,False
3,4,5,3,10,10,6,2,1,5,3,7,0,8,7,7,1,6,4,5,2,649.2,False
5,4,3,6,9,10,9,2,2,10,6,2,0,9,2,2,2,9,4,9,2,696.0,False
5,3,1,10,9,3,2,4,2,5,2,1,1,8,0,3,2,10,4,7,3,668.4,False
5,3,0,10,5,10,4,5,2,5,3,10,2,8,0,1,2,10,2,10,3,704.2,False
5,4,10,10,10,3,10,2,1,10,5,10,10,7,0,0,2,7,4,10,3,755.0,False
3,2,10,1,2,5,2,0,1,6,3,10,5,7,0,10,2,3,1,4,2,651.3,True
5,2,10,6,10,10,10,5,2,10,4,10,10,8,0,0,2,10,8,10,3,772.2,True
5,5,10,0,3,10,3,5,2,8,9,7,0,6,0,10,2,10,8,10,2,689.6,False
5,5,10,3,3,10,10,5,2,8,8,7,0,6,0,10,2,10,8,10,2,704.9,False
4,3,4,10,6,6,10,5,1,9,3,3,5,7,4,8,1,10,3,8,2,689.0,False
5,3,0,2,2,3,2,0,1,3,3,10,0,7,10,9,2,3,2,10,2,619.0,True
5,2,3,4,4,5,5,3,2,1,1,1,10,8,10,1,2,2,1,7,3,636.1,False
2,3,10,5,5,10,2,0,2,7,7,7,2,6,0,1,2,10,3,10,3,684.5,False
5,1,10,4,6,5,7,4,1,3,3,6,5,7,10,2,2,8,1,7,2,693.0,False
5,1,2,10,10,6,10,2,2,1,8,6,9,8,0,0,1,10,8,9,3,715.3,False
5,3,0,1,2,10,2,0,2,8,5,1,1,6,0,1,2,7,6,7,3,645.9,False
2,5,6,5,3,4,1,3,2,9,2,5,0,7,10,5,1,3,0,0,2,580.6,False
2,4,5,1,0,2,1,1,2,3,1,3,0,6,7,3,1,4,0,3,2,557.9,True
4,4,0,3,5,8,0,0,1,8,0,8,0,6,0,0,2,2,1,4,3,640.5,False
3,2,10,6,3,4,3,2,1,8,3,10,5,7,0,2,2,2,2,10,1,695.5,False
5,5,6,6,10,5,10,5,2,7,5,7,5,5,10,0,2,10,2,10,3,696.2,False
2,3,1,5,1,4,5,0,1,7,5,6,5,7,10,0,2,3,4,1,1,635.2,True
4,1,4,3,1,10,2,1,2,8,7,8,1,8,0,0,2,3,7,7,1,678.3,True
2,2,9,10,6,4,5,5,1,6,2,5,10,7,10,1,2,7,3,7,2,699.6,False
2,3,8,5,7,10,0,2,1,4,3,10,4,6,0,1,1,5,2,10,1,674.9,True
2,5,6,10,5,6,4,0,1,7,3,7,3,7,9,1,2,10,1,5,1,662.6,True
2,1,4,1,3,2,1,0,2,7,1,3,0,9,0,1,1,3,3,9,2,609.5,False
3,1,8,3,2,3,4,0,1,8,5,10,1,6,0,0,2,5,4,7,1,683.4,True
5,1,10,10,10,7,1,5,2,8,5,6,5,5,0,0,2,6,3,10,3,723.2,False
3,2,5,7,7,10,10,5,1,10,6,7,10,7,10,2,2,6,3,10,3,730.6,False
1,3,5,5,10,7,5,3,2,4,2,4,0,6,10,3,2,7,4,8,1,641.4,False
1,4,5,2,2,5,5,5,2,8,1,10,0,6,0,6,2,5,0,7,1,639.2,True
3,3,2,3,6,7,3,5,2,3,3,5,10,7,3,1,2,3,4,3,2,657.1,True
4,3,1,2,3,2,4,3,2,1,1,3,0,7,3,1,2,0,0,1,3,595.5,False
4,3,1,2,5,3,2,4,2,6,3,3,1,8,3,5,1,5,2,10,2,619.5,True
5,3,0,1,2,10,2,0,2,8,5,1,1,6,0,1,2,7,6,7,3,645.9,False
4,3,4,3,3,3,8,2,2,8,7,9,8,7,2,5,2,9,5,7,1,683.4,True
5,3,7,6,10,10,4,5,1,4,1,6,5,8,3,9,2,10,4,3,2,700.0,False
2,0,2,5,10,3,3,0,1,8,3,3,2,7,0,0,2,2,3,10,1,673.7,True
1,0,3,4,3,3,3,3,1,9,1,10,5,4,0,2,2,3,4,7,1,674.5,True
0,5,2,6,2,10,1,0,2,0,2,5,2,6,0,10,1,7,0,5,1,577.0,False
0,5,3,3,3,2,0,1,2,1,1,1,0,7,10,10,1,3,0,0,0,522.0,False
5,4,10,4,2,6,6,3,1,5,1,6,4,9,0,3,2,4,0,2,1,673.0,False
3,1,7,6,5,3,3,4,1,7,3,7,8,8,0,2,2,6,4,7,3,707.0,True
4,3,10,5,4,10,4,5,2,7,2,6,3,7,0,1,2,5,3,4,1,684.5,True
5,3,0,1,2,10,2,0,2,8,5,1,1,6,0,1,2,7,6,7,3,645.9,False
5,3,7,5,6,7,3,3,1,6,3,8,9,6,0,3,2,9,3,10,3,715.3,True
4,2,2,10,7,6,8,2,1,9,5,7,8,8,0,6,2,8,5,6,2,718.9,False
2,2,8,3,2,4,5,1,1,5,2,10,2,7,10,1,2,1,6,10,1,659.8,True
2,2,8,3,3,3,5,1,1,5,2,10,2,6,0,1,1,1,6,10,1,657.9,True
4,3,1,9,4,3,4,2,2,8,3,10,1,7,0,0,2,3,8,10,1,678.5,False
4,4,10,10,10,10,5,5,2,8,2,5,10,7,0,7,2,10,4,5,3,714.9,False
5,5,10,7,6,10,2,1,1,8,2,10,1,8,0,10,2,5,0,10,3,685.5,False
2,1,10,6,2,4,1,2,2,0,0,7,0,8,0,4,2,5,2,10,1,644.1,False
2,3,7,5,10,10,4,5,1,6,5,4,5,7,0,2,2,3,7,5,1,706.2,False
2,3,2,5,10,2,1,5,2,0,1,2,1,5,0,0,1,4,1,5,2,608.5,True
3,4,10,10,10,10,5,5,2,6,8,1,8,6,0,4,2,8,9,4,3,713.9,False
2,3,2,2,2,4,2,1,1,1,1,6,2,7,5,5,1,3,1,2,2,589.3,False
1,5,10,4,0,8,10,4,2,9,1,10,1,8,0,0,2,5,0,5,1,668.5,False
5,4,5,7,4,5,4,1,1,8,1,9,2,7,5,3,2,2,0,7,2,661.3,False
1,5,1,4,2,2,1,1,2,1,1,1,0,7,10,0,2,3,0,3,3,562.8,False
4,1,0,10,2,10,3,0,1,10,7,9,8,8,5,2,2,2,5,5,1,697.2,True
2,3,4,4,5,10,4,2,1,7,6,7,1,7,0,4,2,4,4,5,0,676.2,False
5,2,1,2,1,2,2,5,2,5,1,4,1,7,0,0,2,2,1,4,3,629.7,False
1,4,3,4,3,10,8,1,1,4,4,6,3,7,10,6,2,5,2,3,1,635.2,False
1,1,3,10,8,7,2,4,1,7,4,10,2,7,0,1,2,10,0,3,2,700.6,False
1,2,6,6,6,6,8,2,2,9,6,3,3,3,7,0,1,4,6,5,1,640.6,True
2,3,6,7,2,10,8,0,1,7,3,1,5,8,0,0,2,6,2,2,1,673.5,False
2,4,3,4,10,10,9,5,2,9,3,4,2,7,0,2,2,5,10,10,3,699.4,True
2,5,2,2,1,6,1,0,1,1,4,5,0,9,0,5,1,0,1,10,1,599.7,False
5,3,10,7,7,10,1,5,1,8,1,10,4,7,1,1,2,10,8,7,1,738.0,True
4,3,10,10,10,10,6,5,1,8,5,5,4,7,0,3,2,0,8,10,1,737.0,True
5,3,9,4,6,5,2,5,1,3,3,9,1,7,1,6,2,7,3,3,2,681.7,False
1,2,3,3,4,0,3,2,1,2,1,4,3,5,8,7,1,4,1,7,3,591.9,False
5,4,10,6,3,10,10,1,1,0,4,4,1,7,0,1,2,5,6,6,0,690.9,True
2,1,4,4,10,3,2,2,1,9,5,8,5,7,0,2,2,5,8,7,3,701.9,True
2,4,0,6,0,2,0,0,1,5,0,10,0,8,0,2,1,0,0,10,2,607.3,True
4,1,10,10,10,10,4,5,2,6,2,10,5,7,0,0,2,5,10,10,1,743.1,True
3,4,10,5,10,10,5,5,2,10,6,4,10,9,5,6,2,10,8,6,3,716.8,True
1,2,4,3,3,10,2,0,1,8,2,4,5,7,0,1,2,2,4,2,1,653.5,False
3,5,1,2,2,5,2,1,1,8,5,7,1,7,5,1,1,3,4,8,3,626.9,True
5,2,3,10,10,10,0,5,1,9,7,5,6,7,4,0,2,3,5,10,3,728.5,False
5,1,10,8,10,6,10,5,1,6,5,10,10,8,10,1,2,10,8,10,1,765.4,True
4,4,7,10,10,9,10,5,1,8,2,4,10,9,0,3,2,10,4,2,3,737.2,False
1,4,10,3,5,10,3,2,2,6,1,5,2,7,5,10,2,10,3,10,1,645.2,False
3,2,4,5,10,10,1,2,1,7,1,7,8,7,0,3,2,7,8,3,1,701.7,False
5,3,5,8,7,10,6,4,2,8,4,10,4,7,0,1,1,6,4,10,2,700.6,True
3,3,7,6,10,10,6,3,1,7,7,8,5,7,10,1,2,7,8,6,3,715.5,True
4,2,3,10,10,10,10,5,1,4,2,6,10,9,0,1,1,0,3,10,0,717.2,True
2,1,8,5,10,10,10,5,1,9,8,5,5,7,0,1,2,10,3,10,3,752.3,True
1,1,6,4,5,10,8,5,1,8,5,8,3,8,0,1,2,10,5,7,2,727.6,True
2,5,2,5,2,2,6,2,1,4,1,2,0,8,10,2,2,5,2,10,1,622.7,False
4,4,10,10,7,8,1,5,1,7,4,10,3,7,0,2,2,10,4,7,3,727.8,False
1,5,3,4,1,3,0,1,2,5,4,2,0,7,0,7,1,3,3,3,1,571.5,False
0,4,0,2,0,4,0,1,2,5,2,2,1,6,0,0,1,1,2,10,1,578.1,True
0,4,0,2,0,4,0,1,2,2,2,2,1,6,0,0,1,1,2,10,1,573.0,True
0,4,0,2,0,4,0,1,2,3,2,3,1,6,0,0,1,1,2,10,1,576.6,True
3,4,1,1,9,10,10,5,1,8,9,3,10,7,10,10,2,7,9,2,3,689.0,False
5,1,6,2,0,3,1,0,1,1,2,10,0,7,0,7,1,3,1,1,0,612.2,True
5,5,5,6,10,10,2,3,2,7,0,4,1,7,7,2,1,10,0,3,2,634.8,False
5,3,7,8,10,10,3,0,1,7,3,9,7,7,0,3,2,5,5,7,0,715.7,False
1,0,10,10,7,8,2,3,1,3,2,7,10,8,0,1,1,7,3,10,0,707.0,True
5,5,2,4,2,10,2,1,1,2,3,1,1,8,0,6,2,10,0,4,2,639.5,False
1,2,10,4,10,10,10,2,2,8,5,5,10,6,0,1,2,10,8,10,2,728.3,True
1,4,8,5,5,10,0,3,2,7,4,5,1,5,0,5,2,7,8,5,1,656.7,False
2,4,3,4,2,4,7,5,2,4,3,4,1,8,5,2,2,5,3,7,3,638.4,False
2,5,5,4,8,8,1,4,1,1,2,5,0,6,10,5,2,6,0,10,2,636.5,True
5,5,10,10,5,10,6,1,1,4,1,9,4,6,2,1,2,10,7,4,2,708.7,False
3,1,5,4,5,6,4,5,1,6,1,5,2,4,0,5,2,6,1,2,2,665.0,False
3,3,2,10,5,5,5,4,2,5,2,4,4,7,10,1,2,4,1,2,1,636.5,False
2,0,7,4,0,6,3,0,1,2,2,8,2,7,0,2,2,5,3,4,1,657.7,True
3,3,4,4,3,7,2,2,1,5,3,2,3,7,6,5,2,10,3,4,1,648.0,False
5,0,10,2,0,0,0,2,1,0,4,10,0,8,0,0,2,0,6,10,2,673.6,True
1,3,1,0,2,6,3,2,2,3,2,3,1,3,0,2,2,5,6,10,1,618.5,True
3,2,7,10,10,10,10,5,2,10,10,10,2,5,0,1,1,10,10,10,2,742.7,False
2,3,10,6,5,6,3,5,2,2,8,7,2,7,4,2,2,10,10,4,2,686.4,True
5,3,10,3,3,2,4,1,2,3,0,3,6,7,0,7,2,2,0,1,1,619.3,False
2,1,9,4,5,8,8,1,2,8,4,2,10,8,0,0,2,10,10,10,1,716.2,True
3,1,10,10,8,7,2,5,1,4,1,2,10,6,0,3,1,4,1,2,2,678.4,False
4,3,2,2,2,6,0,1,2,5,0,6,0,6,5,6,2,3,1,10,1,607.8,True
0,3,10,3,2,2,1,0,2,5,1,8,0,7,0,10,1,2,1,10,1,591.4,True
2,3,10,5,7,10,9,4,2,6,6,7,6,7,2,0,2,10,4,3,1,706.8,True
5,3,3,10,4,10,4,1,1,5,1,5,3,7,3,3,2,4,3,5,1,672.4,False
2,2,8,5,2,10,2,5,2,1,3,4,2,8,0,0,1,2,5,10,2,652.0,False
2,2,1,7,10,6,5,0,2,7,2,3,5,6,0,4,1,4,3,10,1,639.5,False
4,3,5,10,7,10,2,4,2,4,2,10,2,6,0,0,2,4,7,5,2,690.2,False
2,2,1,4,5,3,5,1,1,8,8,4,5,8,4,2,1,7,4,6,1,655.4,False
3,5,4,4,10,10,4,3,1,8,6,9,3,8,8,2,2,8,3,4,1,688.7,False
2,3,1,5,1,10,2,5,1,6,2,7,0,7,0,7,2,5,0,5,3,652.4,False
5,3,7,7,7,9,4,5,2,8,5,4,5,8,0,3,2,10,5,4,1,706.4,False
5,3,10,10,8,4,2,5,2,8,1,2,10,8,0,6,2,7,4,10,2,702.6,False
3,0,10,10,9,10,7,3,2,0,3,10,3,8,0,2,1,6,3,10,0,699.1,False
2,3,7,7,1,5,4,0,2,6,2,3,2,7,4,0,2,10,1,4,3,636.3,False
5,2,5,3,4,3,4,0,1,5,3,4,10,3,0,3,2,5,5,10,2,676.5,False
1,5,6,5,10,4,2,4,1,3,1,5,2,6,6,2,1,6,1,7,2,631.4,False
2,4,10,3,3,1,1,4,1,2,1,2,1,9,10,2,1,1,1,5,1,600.8,False
2,4,8,3,2,1,1,2,1,1,1,2,1,9,10,1,1,1,1,5,1,588.9,False
2,4,8,3,3,1,1,2,1,1,1,2,1,9,1,0,1,1,1,4,1,605.9,False
3,3,1,10,4,10,2,3,1,2,3,4,1,5,0,3,1,0,5,10,0,648.0,True
2,1,2,3,0,6,1,5,1,7,0,10,0,7,1,1,2,3,0,0,2,647.9,True
5,3,5,10,10,6,3,5,2,3,3,10,1,7,0,2,2,3,5,8,3,693.8,False
2,4,3,0,1,10,3,1,1,3,4,2,10,6,0,2,1,0,0,9,0,625.7,False
1,3,4,10,8,6,7,2,2,3,4,6,5,8,5,3,1,4,4,3,2,638.8,False
1,4,3,10,1,2,5,3,2,6,0,6,3,6,0,1,2,3,0,1,3,623.1,False
0,1,0,8,4,10,10,5,2,2,1,6,1,7,0,5,2,3,0,5,3,648.8,True
1,3,4,5,2,10,1,0,1,0,1,4,0,8,10,0,2,2,0,0,1,602.7,True
1,4,2,3,0,8,0,0,2,8,4,6,5,8,0,0,2,0,0,2,0,615.0,False
4,1,9,7,7,1,2,2,2,7,6,5,5,7,0,1,2,3,5,10,3,687.7,False
4,2,1,4,5,2,8,1,1,8,3,5,3,7,5,1,2,10,1,8,1,674.1,True
2,4,3,4,2,3,2,1,1,5,2,2,2,7,0,0,2,5,1,3,1,629.3,False
5,2,10,8,5,10,5,1,1,8,3,5,3,6,9,1,2,6,2,7,1,692.6,False
5,2,10,10,10,10,4,5,1,8,1,9,5,7,0,5,2,10,8,3,2,744.6,False
1,4,1,4,10,2,2,0,2,1,1,2,1,8,0,2,2,3,0,1,2,593.8,False
5,3,6,3,5,4,0,5,2,5,0,8,1,7,5,0,2,10,2,10,3,666.2,False
2,1,9,10,3,4,8,3,2,9,3,10,3,4,4,2,2,5,6,4,1,683.0,False
5,3,10,8,6,4,2,2,1,6,3,7,5,7,0,2,2,6,3,6,2,698.3,False
5,3,10,1,10,2,2,5,2,5,1,4,0,5,7,4,1,7,4,5,2,629.3,False
2,1,3,3,10,4,2,5,2,5,1,2,9,8,0,1,2,8,2,9,3,677.1,True
3,2,10,5,5,10,2,0,1,10,5,7,5,8,0,0,2,10,8,8,2,725.7,True
4,1,4,4,6,10,8,5,2,10,3,5,10,7,7,6,2,10,6,10,3,709.8,True
1,5,4,6,0,10,3,1,2,7,4,5,1,6,0,5,2,5,5,7,1,634.8,False
5,4,8,10,10,10,3,5,1,7,5,1,8,8,0,0,2,2,6,6,3,726.2,False
2,5,7,5,5,3,2,5,1,6,2,6,1,10,7,6,2,2,4,10,1,656.2,False
2,3,6,5,4,10,0,4,1,5,0,6,0,6,0,7,2,4,1,1,2,643.5,False
2,5,3,5,1,10,0,1,2,0,2,5,0,6,10,0,2,5,2,1,1,590.6,False
3,2,6,3,4,4,1,1,2,8,0,1,10,6,0,3,2,6,1,5,3,640.8,False
5,5,10,10,10,10,7,5,2,7,8,10,10,7,0,8,2,8,8,4,2,736.3,False
3,3,0,4,10,5,5,5,1,8,8,10,5,6,0,2,1,10,3,10,1,703.8,True
3,3,6,2,3,4,4,5,1,5,1,9,2,6,0,7,2,5,1,7,3,662.8,False
2,1,4,3,4,7,3,3,1,4,5,3,3,7,6,2,2,4,6,5,3,661.8,True
2,2,3,2,1,2,1,5,2,3,1,2,0,6,5,3,1,1,0,6,1,579.8,False
1,2,1,4,3,4,5,1,2,1,2,3,1,6,5,4,1,2,2,6,2,581.7,False
4,3,10,6,10,6,4,5,1,6,2,3,1,4,3,1,1,8,3,8,1,679.9,False
1,5,0,4,0,5,1,0,2,1,1,1,0,6,0,2,1,0,0,5,1,552.4,True
4,3,5,4,4,10,5,1,2,8,3,5,10,7,0,0,2,4,2,5,3,675.8,False
4,3,3,9,10,6,3,5,2,6,1,4,0,6,3,1,2,10,0,7,3,670.3,False
5,2,4,7,5,5,5,5,1,9,4,10,8,8,0,2,1,4,5,7,2,709.3,False
2,4,3,6,4,10,3,1,2,5,6,2,10,5,5,3,2,1,1,1,2,625.5,False
2,4,6,9,9,10,7,2,1,8,4,9,10,7,4,1,2,7,7,5,3,722.5,False
5,2,5,7,4,5,4,5,1,10,4,9,10,8,0,2,2,5,4,8,2,729.5,False
4,0,0,5,3,2,3,0,1,0,3,2,0,9,0,6,1,5,0,5,0,612.7,False
3,3,6,9,6,7,8,3,1,8,5,8,4,6,4,6,1,8,7,10,0,696.6,False
4,1,10,6,10,8,6,1,2,9,3,5,10,6,0,0,2,10,8,10,3,731.7,False
2,4,7,5,3,6,6,1,1,7,3,5,6,6,10,2,2,5,4,7,0,658.6,False
5,4,5,4,1,6,0,5,1,7,2,3,1,7,3,2,2,3,1,10,2,660.1,False
5,4,0,2,5,10,0,2,2,7,6,3,2,4,0,1,2,10,3,1,0,644.2,False
0,5,4,5,2,5,1,2,1,2,1,1,0,8,5,4,2,1,1,1,0,591.9,False
3,2,4,3,5,4,4,2,1,6,4,10,1,6,0,2,2,5,3,3,1,669.8,True
5,1,2,2,7,10,10,0,2,8,8,5,2,7,2,0,2,8,8,10,3,704.7,True
1,2,0,4,2,10,4,2,2,1,0,10,0,6,8,7,2,3,0,8,2,606.9,False
5,5,10,10,10,6,4,3,2,9,3,7,6,7,10,5,1,6,5,10,1,672.8,False
4,3,6,4,7,10,4,1,2,8,2,10,2,8,3,3,1,5,3,3,2,649.8,False
1,3,5,3,2,5,3,0,1,8,1,10,2,7,0,10,2,5,1,3,1,634.3,True
3,3,10,3,5,7,2,5,1,7,0,10,4,8,5,2,2,2,1,2,0,673.6,False
4,2,10,5,3,8,7,1,2,5,7,5,5,8,0,3,2,8,8,7,2,698.1,True
5,5,4,8,5,10,4,1,2,0,5,10,10,7,0,5,1,3,2,1,2,642.8,False
3,4,5,7,2,4,1,2,1,5,0,8,1,5,0,5,2,1,2,2,1,631.8,False
3,2,5,10,5,2,2,0,2,8,1,9,3,6,0,2,2,2,1,3,1,644.1,True
2,0,2,4,2,6,5,1,1,2,0,4,0,7,10,10,2,4,0,10,2,617.8,False
2,3,6,8,4,10,2,5,2,0,1,3,0,5,5,0,2,3,0,8,2,635.9,False
1,3,2,6,1,4,3,2,2,5,2,4,1,8,10,0,2,4,2,5,0,609.5,False
2,1,0,3,5,10,2,5,2,8,2,3,10,7,7,1,2,10,1,7,2,668.6,False
3,3,3,5,3,8,2,2,2,7,2,6,4,7,0,2,2,2,1,2,1,638.6,True
1,3,2,4,6,4,2,3,2,6,2,5,3,5,0,3,2,10,1,3,3,634.6,False
3,4,3,5,5,9,3,4,1,6,1,2,5,7,7,3,1,6,6,2,1,641.2,True
3,3,8,2,6,5,1,1,1,4,8,10,2,7,0,2,1,0,5,9,1,661.5,True
5,3,10,10,7,10,3,5,2,8,8,8,10,7,3,3,2,3,6,7,2,725.7,False
4,3,8,0,10,3,2,5,1,7,1,10,0,7,10,0,1,1,1,10,2,653.0,False
5,3,10,4,10,7,5,5,1,9,2,8,5,8,5,1,2,10,5,10,0,736.1,False
2,1,2,10,10,10,4,5,1,5,6,9,1,6,0,1,1,6,6,5,0,701.9,False
2,4,5,3,5,1,2,2,1,3,2,4,4,9,2,2,2,2,3,2,2,633.5,False
0,4,3,0,4,8,0,0,2,4,1,4,0,6,0,5,1,0,0,8,0,571.7,False
5,4,2,6,9,5,5,5,1,4,0,10,1,10,5,2,2,2,1,7,2,679.1,True
3,3,1,10,10,7,2,0,2,8,3,8,3,8,0,8,2,4,4,10,1,666.4,False
2,1,10,7,4,10,3,2,2,6,2,5,10,7,0,2,2,9,3,3,1,687.7,False
0,2,4,6,2,4,4,1,1,3,4,8,5,7,6,4,2,0,4,4,1,637.3,True
1,4,3,4,10,7,1,2,1,2,1,5,3,6,2,6,1,5,1,1,3,612.7,True
1,3,4,1,5,3,3,1,2,4,0,1,0,8,10,3,1,4,0,7,2,571.5,False
4,1,2,4,4,10,5,5,1,5,1,5,10,8,0,1,2,4,6,5,2,706.6,True
2,3,6,4,3,4,3,2,1,10,2,7,4,8,4,5,1,6,4,9,1,654.3,True
2,3,4,7,10,4,4,4,1,7,3,2,0,7,2,4,2,10,4,6,1,678.6,False
4,5,8,2,4,2,0,5,1,2,0,6,1,9,10,9,2,10,4,1,2,628.8,False
1,3,2,10,10,7,8,0,2,8,2,5,5,6,0,1,2,7,3,10,1,679.0,True
3,2,7,10,6,7,1,5,1,9,2,7,1,8,0,4,2,0,2,10,0,696.8,False
4,2,10,6,5,10,3,1,1,6,2,5,2,9,0,2,2,10,3,5,1,700.0,False
5,2,5,5,10,10,9,4,2,8,5,3,3,7,5,3,2,10,7,6,3,706.0,True
2,2,3,6,8,7,8,4,2,8,5,7,4,5,3,1,2,2,3,10,3,682.6,False
3,4,10,3,10,10,6,2,2,10,10,7,3,9,0,7,2,7,10,10,2,717.4,False
2,4,0,0,2,2,0,3,2,3,0,1,8,5,0,0,1,4,0,1,1,576.0,True
2,4,0,0,2,2,0,3,2,3,0,1,8,5,0,0,1,4,0,1,1,576.0,True
2,3,3,4,7,4,7,5,2,7,5,10,10,6,0,0,1,6,3,8,0,680.0,True
5,3,5,5,9,10,0,5,1,6,7,5,10,8,0,2,2,2,8,3,2,716.8,False
3,3,3,5,10,10,5,5,1,4,6,10,2,7,0,1,2,8,1,10,1,717.6,True
3,4,3,10,8,7,4,3,2,7,2,5,3,6,5,3,2,2,7,3,2,653.5,False
5,3,5,1,4,2,0,0,1,6,2,6,5,8,0,0,2,6,3,10,1,669.4,True
2,3,8,5,8,2,4,1,1,3,3,1,2,9,0,4,2,3,2,3,3,646.5,False
2,1,4,4,3,4,7,1,1,8,2,3,3,7,4,1,2,4,1,9,1,661.8,True
2,2,0,1,1,2,3,0,1,5,1,3,3,7,6,1,1,1,2,8,1,597.2,True
4,4,2,10,3,4,1,3,1,7,1,4,0,6,3,5,2,3,2,7,1,644.8,False
4,2,3,10,4,3,1,5,1,7,2,7,2,7,0,0,2,5,3,7,2,691.5,False
1,1,5,10,4,10,3,5,2,8,8,3,5,6,5,1,1,6,2,5,1,663.3,False
5,1,5,4,2,2,0,2,1,2,3,10,3,8,10,0,1,2,0,10,3,637.9,True
4,3,7,7,7,5,5,4,1,9,5,10,1,9,0,1,2,4,8,10,3,728.2,False
4,2,3,6,4,2,6,5,1,3,1,6,5,8,0,1,2,7,2,7,3,688.1,False
4,2,10,5,3,2,5,5,1,0,5,3,0,7,0,1,1,7,1,6,3,660.1,False
4,5,10,4,10,10,4,4,1,7,10,10,8,7,0,1,2,2,10,10,3,746.5,False
0,5,2,5,1,5,3,1,2,10,2,4,5,6,8,0,1,5,1,3,1,590.4,True
5,1,3,2,3,8,2,4,2,5,10,4,2,5,0,1,2,10,10,2,2,683.7,False
1,2,0,2,1,1,1,0,1,2,0,1,0,7,10,0,1,7,0,7,3,574.7,True
5,3,2,5,5,8,3,2,2,9,2,5,10,7,0,4,2,4,4,8,2,675.8,False
4,2,7,10,6,10,3,3,1,7,2,4,1,8,0,2,2,3,10,8,1,711.5,False
2,2,2,3,1,10,4,1,2,7,1,1,5,7,0,1,2,2,2,2,2,627.4,True
0,5,3,3,10,5,2,0,1,5,1,2,2,7,1,10,2,6,3,7,1,622.5,False
3,3,10,5,4,10,1,3,1,6,5,8,4,7,2,3,2,7,4,6,1,696.8,False
2,3,5,8,5,3,2,1,1,5,1,2,0,8,0,2,2,5,1,5,1,644.8,True
1,5,1,4,0,10,3,1,2,1,0,2,5,7,5,7,2,2,1,8,1,590.2,False
5,1,2,10,10,8,5,5,2,10,2,5,3,9,0,0,2,3,6,10,3,718.7,False
4,4,5,3,1,5,2,0,1,6,2,5,10,8,0,10,2,8,1,2,1,645.4,False
4,3,2,10,5,10,7,4,2,6,1,4,10,8,5,1,1,10,3,8,2,679.2,True
3,4,5,8,2,3,1,5,2,1,1,3,0,7,0,0,2,10,0,7,3,641.4,False
3,5,1,2,1,1,3,0,1,8,1,10,5,8,10,2,1,5,2,7,1,612.4,False
5,4,8,8,10,10,1,0,2,6,5,6,3,8,2,5,2,6,4,5,1,674.5,True
4,3,8,5,10,5,6,5,1,9,2,10,5,6,0,1,1,2,5,3,1,695.3,False
5,3,10,5,10,5,10,5,1,9,2,10,4,6,0,1,1,2,6,3,1,708.9,False
3,1,10,5,10,4,4,5,1,6,1,8,0,8,0,7,2,5,3,7,2,697.0,False
2,1,2,2,3,2,7,5,1,2,1,8,1,9,0,0,2,10,1,5,3,675.1,True
0,5,1,10,4,7,7,1,2,9,2,5,5,6,10,0,2,3,2,3,1,624.6,True
1,5,10,4,2,2,2,5,1,2,1,1,0,8,0,5,2,3,3,10,1,639.5,False
4,4,6,6,6,8,4,3,1,7,1,8,6,9,3,5,2,8,8,1,1,693.8,False
5,3,9,10,5,10,2,0,2,7,5,4,5,7,0,5,2,5,1,3,1,668.8,False
3,2,10,8,8,10,5,1,1,7,1,10,0,7,0,4,1,10,5,7,1,697.2,False
4,3,4,10,5,4,3,1,1,9,1,7,5,8,0,1,2,8,2,2,1,684.9,True
4,3,7,4,3,10,6,5,1,7,3,5,2,6,1,0,2,3,2,2,1,684.1,True
3,0,6,6,3,10,5,5,1,9,7,10,10,7,0,1,2,9,5,7,2,749.9,False
1,3,1,8,10,2,0,5,1,0,1,1,1,5,0,0,2,10,3,3,1,649.1,True
2,1,10,6,5,10,0,1,1,3,1,6,5,6,5,1,2,6,1,10,1,677.5,True
2,4,3,4,4,5,6,4,2,2,5,4,5,6,7,2,2,5,2,2,3,627.8,True
2,5,10,5,10,7,2,0,2,10,4,3,1,6,0,8,2,10,0,2,1,641.2,False
2,3,7,1,4,7,1,0,1,6,0,7,6,6,0,7,2,7,3,7,2,653.9,True
2,2,2,4,3,5,2,5,1,6,2,6,4,7,5,2,1,6,2,2,1,638.6,False
3,3,4,7,4,4,6,1,2,4,4,3,3,8,4,2,2,4,4,4,2,639.9,False
5,0,4,2,0,5,0,0,2,5,3,6,2,6,2,0,2,10,2,3,3,641.8,True
3,1,5,5,3,3,3,1,1,0,2,5,6,6,5,1,2,8,2,10,1,662.0,True
3,4,3,10,10,8,3,5,1,6,0,10,3,7,5,1,2,10,0,5,1,695.5,False
1,1,5,6,10,10,4,1,1,6,7,5,10,8,0,1,1,5,4,10,2,701.5,False
1,2,2,2,2,4,3,2,2,2,4,5,4,8,5,2,1,4,1,2,2,594.4,True
5,3,4,8,5,5,2,5,1,10,4,10,5,8,10,1,2,1,6,10,3,702.5,False
1,4,1,1,3,6,3,3,1,3,2,6,1,7,10,3,2,10,1,8,1,630.1,True
5,3,10,10,10,8,7,5,2,2,5,5,10,6,6,0,2,4,1,7,3,704.5,False
2,3,7,8,10,10,6,3,1,6,1,4,2,7,0,1,2,10,2,10,1,709.6,False
2,2,1,9,4,10,2,3,1,2,1,1,0,7,0,0,2,4,3,1,1,649.5,False
4,5,0,1,0,10,2,5,2,0,1,10,2,8,0,8,2,0,1,3,2,612.4,True
2,3,1,3,5,8,1,0,1,7,0,5,1,6,10,1,2,0,0,3,2,609.3,False
3,2,7,5,10,10,5,2,1,2,3,10,3,7,0,2,2,8,5,10,2,715.9,False
5,1,6,7,6,5,5,1,1,2,4,4,3,8,2,1,1,1,4,8,1,665.6,True
4,2,5,3,0,2,1,0,1,5,2,3,1,7,0,0,2,2,6,7,0,644.8,False
1,1,1,5,5,10,1,0,2,1,1,1,10,8,0,5,2,3,1,5,2,625.9,False
3,2,5,5,3,3,2,2,2,8,3,1,10,8,0,2,2,2,1,4,3,646.3,True
1,3,10,3,0,4,1,1,1,4,0,7,2,7,0,2,2,2,2,10,1,645.6,False
4,3,9,5,4,3,3,2,1,5,2,10,3,8,4,0,2,6,2,8,1,683.8,False
5,2,3,2,3,8,3,1,2,3,3,6,6,6,0,0,2,10,4,6,3,667.3,True
4,3,9,4,4,3,3,3,1,8,6,8,5,8,0,1,2,3,7,8,2,705.5,True
3,3,4,8,7,10,2,1,2,3,1,5,1,8,0,7,1,10,3,7,0,638.6,False
3,1,10,10,8,6,7,5,2,4,1,9,3,6,0,1,2,10,2,8,3,712.1,True
0,2,2,2,3,3,2,2,1,8,2,6,6,6,2,5,1,8,1,5,2,626.5,False
3,1,8,3,5,5,7,4,1,7,0,5,7,7,1,1,2,8,8,9,1,714.9,True
1,5,2,5,7,1,0,0,1,0,2,10,0,5,9,0,1,2,0,9,2,591.4,True
1,2,1,4,2,4,4,1,2,2,2,2,0,9,0,4,1,3,1,2,1,583.8,False
4,3,5,2,8,9,5,1,1,8,5,10,4,4,5,5,2,10,7,9,1,700.0,False
5,1,4,6,0,3,10,0,1,10,10,10,2,8,0,1,2,10,6,10,2,728.0,False
1,4,2,2,7,10,3,0,1,4,5,4,10,7,0,2,1,4,0,3,1,636.5,True
3,5,7,5,6,10,4,5,2,10,3,10,4,7,0,10,2,0,10,10,3,687.0,False
3,3,5,10,10,5,3,1,1,5,2,10,7,7,0,4,2,3,2,7,1,690.4,True
1,5,0,2,7,5,0,1,2,4,4,2,0,8,5,10,1,3,0,7,2,564.9,False
3,3,3,2,3,5,2,2,2,3,2,1,2,5,10,1,2,6,0,6,1,601.5,True
1,3,4,7,6,10,4,5,1,6,5,6,2,5,6,1,1,6,1,5,2,658.6,False
1,4,3,2,10,3,2,5,2,10,2,10,0,6,0,10,1,5,0,10,2,627.3,True
0,3,1,4,2,4,1,1,2,4,1,5,1,7,0,1,1,2,1,8,2,590.8,False
5,0,0,10,10,10,6,0,1,10,10,10,10,10,0,4,2,10,9,10,0,770.9,True
4,3,5,10,6,4,0,5,1,6,8,5,0,6,0,0,2,4,6,10,3,702.8,False
5,1,10,8,5,4,3,2,1,10,6,6,3,6,0,5,2,8,5,10,2,718.3,False
3,1,7,10,7,3,2,1,1,8,4,10,5,8,0,1,1,6,4,10,2,699.1,False
3,1,5,2,6,4,1,4,1,0,1,1,1,6,5,6,2,5,1,5,1,628.9,True
4,2,2,2,7,10,4,3,1,8,9,9,1,7,10,2,2,4,8,10,2,698.7,False
3,5,6,5,5,5,2,5,1,3,4,10,2,6,0,3,2,3,2,10,1,676.6,True
4,4,5,5,4,5,5,1,1,5,2,2,2,6,10,0,1,10,2,2,1,625.7,True
5,4,5,5,4,3,5,1,1,5,4,3,3,6,5,0,1,10,2,3,1,642.9,True
5,5,10,10,10,10,10,4,2,9,2,2,10,6,10,0,1,10,2,10,3,697.1,True
5,4,3,1,6,7,3,5,2,2,3,5,10,6,0,2,2,10,10,7,3,687.5,True
3,1,10,1,4,3,1,1,1,3,3,4,2,8,0,2,2,7,1,6,1,660.5,True
0,5,6,4,8,4,5,1,1,2,5,6,5,6,0,8,1,4,2,10,1,633.3,True
5,1,6,6,6,3,3,5,1,7,4,7,5,8,0,1,2,10,2,10,3,724.0,False
5,3,9,9,7,8,2,5,1,8,1,10,5,8,0,2,2,5,2,2,3,714.4,False
3,4,10,6,10,10,7,5,2,9,3,10,6,8,10,1,2,10,4,7,2,712.7,True
2,4,10,6,10,10,10,5,2,9,3,10,8,8,10,0,2,10,2,5,2,712.7,True
2,5,7,4,5,5,3,1,2,7,4,1,0,8,0,7,2,3,1,10,1,625.9,False
2,3,6,4,4,3,4,3,1,7,2,7,10,7,10,2,2,3,2,4,1,657.5,False
1,3,10,2,7,5,4,1,2,5,2,3,10,6,0,7,2,7,4,10,2,658.2,True
1,5,2,2,7,8,1,2,2,0,5,10,1,7,5,5,2,1,1,3,1,605.4,True
5,1,7,7,6,10,5,2,1,8,9,10,1,8,0,1,1,4,8,9,2,722.9,False
4,1,6,4,8,10,5,2,1,8,8,10,1,8,0,1,1,4,8,9,2,714.4,False
3,5,5,8,0,1,1,5,2,2,1,2,2,7,0,10,1,2,0,5,3,583.4,True
2,4,7,10,10,4,4,5,1,3,2,10,5,5,0,7,2,5,1,4,1,681.5,True
2,2,6,1,1,4,4,1,1,5,0,10,1,8,5,2,2,2,0,5,2,636.2,True
1,3,3,4,1,3,3,0,2,4,3,1,3,6,4,4,1,3,2,6,1,579.6,True
3,3,10,7,10,5,2,5,1,6,2,2,3,6,0,0,2,6,3,10,3,702.2,True
4,2,4,3,3,2,6,1,2,8,5,10,5,4,0,1,2,4,4,10,1,671.1,False
5,3,4,4,5,5,5,2,1,8,4,10,4,7,7,1,1,4,6,10,1,676.8,False
2,4,3,2,0,4,0,0,1,1,2,3,0,4,0,4,1,2,0,2,1,571.1,True
3,3,2,4,8,4,5,1,2,8,3,3,3,6,0,1,2,3,2,2,2,637.8,False
1,5,4,10,10,10,2,5,2,4,1,1,0,7,5,7,2,2,1,2,2,620.6,False
5,3,10,10,10,10,10,5,2,8,4,9,1,7,0,2,2,10,6,9,2,744.6,False
3,4,8,3,2,3,3,1,2,6,1,6,1,8,0,1,2,3,2,7,3,635.4,True
2,1,10,4,10,0,2,5,1,6,3,7,10,8,0,1,1,10,8,10,2,715.5,True
1,2,0,2,2,10,2,0,2,7,1,6,1,8,2,4,1,2,2,1,3,591.2,False
1,5,5,3,2,6,2,4,2,4,4,1,0,5,0,4,2,7,1,1,3,608.3,False
1,4,2,2,1,2,0,5,1,3,2,1,0,6,10,0,1,1,1,1,1,572.8,False
1,5,2,3,4,3,4,0,2,6,1,1,10,7,10,5,2,10,1,10,1,612.1,False
2,1,10,10,10,8,6,5,2,8,8,3,5,8,0,1,2,5,10,8,3,733.4,False
3,3,0,7,2,7,4,5,1,7,2,9,2,7,3,1,2,2,4,3,1,669.8,False
2,2,3,4,0,4,3,0,2,3,0,8,1,5,4,4,2,10,1,1,2,606.3,True
4,2,10,3,4,5,3,1,1,5,1,5,4,8,4,2,1,2,3,3,0,642.0,True
3,3,2,2,2,6,1,3,2,4,2,4,0,6,2,1,2,2,0,3,2,609.1,True
2,2,1,5,5,10,5,5,1,3,3,8,8,8,0,4,2,6,2,10,0,700.4,False
5,0,10,7,3,2,4,5,1,6,2,3,5,9,0,3,1,10,3,10,3,701.3,False
4,3,3,7,8,3,5,2,1,10,5,8,8,7,4,0,2,4,4,10,1,707.0,False
2,3,3,10,10,10,10,5,2,8,8,3,5,6,0,1,2,8,1,2,3,700.7,False
2,5,10,10,6,10,8,2,1,9,1,6,2,7,10,10,2,7,1,10,1,674.3,False
5,1,1,6,3,10,2,5,1,6,3,1,1,5,7,2,2,6,4,5,2,667.8,False
4,3,2,7,8,10,7,2,2,7,3,3,2,9,10,7,1,7,6,4,3,638.4,True
1,3,6,5,2,8,2,0,1,1,2,8,3,7,0,1,2,4,1,10,1,656.0,False
5,3,8,4,5,10,7,5,1,5,4,9,4,7,8,0,2,6,5,10,1,717.4,True
2,4,5,3,5,5,6,4,2,3,0,10,0,5,10,3,2,10,1,10,3,639.0,False
4,4,5,4,3,2,4,0,1,10,2,1,2,6,10,5,2,7,2,10,2,635.7,True
3,4,2,8,3,4,5,3,2,6,5,5,3,6,0,5,1,7,5,10,1,645.0,True
4,3,4,3,6,10,2,5,1,7,1,4,4,6,0,1,2,8,1,10,3,694.1,True
3,0,6,10,7,7,3,0,1,7,1,5,10,8,0,1,2,5,1,7,1,703.2,False
1,5,3,5,0,5,4,0,2,7,2,2,0,8,5,0,1,10,0,5,1,593.8,False
2,4,1,3,6,3,1,1,2,3,0,7,3,6,2,6,2,9,1,3,3,608.0,True
4,3,7,7,9,5,2,5,2,6,3,5,5,8,0,2,2,4,3,10,2,689.6,False
5,3,6,6,10,7,3,4,2,8,2,5,5,8,0,4,2,7,4,10,2,698.1,False
4,0,5,2,8,10,5,5,1,8,2,4,1,5,0,1,2,10,2,7,3,709.2,True
3,2,4,5,4,10,7,4,2,8,2,8,2,8,0,0,2,4,4,10,2,693.6,True
2,3,6,10,10,10,3,5,2,5,2,2,1,7,0,1,2,4,2,10,3,680.3,True
5,2,7,5,7,5,2,5,2,9,1,10,7,6,7,5,2,1,10,10,3,690.2,False
4,2,10,7,10,10,8,5,1,8,6,10,5,7,0,3,2,10,4,10,2,761.8,True
1,5,1,2,2,6,1,2,2,2,0,6,0,6,0,5,1,1,2,5,2,572.1,True
2,4,6,3,3,5,2,0,2,9,4,2,5,6,3,6,2,2,1,2,2,608.7,False
3,3,5,10,8,6,3,5,2,9,7,5,6,7,0,3,2,10,6,10,2,714.9,False
5,3,10,10,5,10,2,3,2,5,1,8,5,7,0,5,2,3,2,7,2,683.2,False
4,4,5,10,1,10,3,2,2,5,2,2,1,7,0,2,2,2,1,7,2,644.6,True
4,1,10,8,2,10,6,3,1,8,4,6,5,7,0,2,2,4,1,10,1,718.5,False
5,0,4,1,3,9,0,3,2,3,2,4,5,7,0,1,2,10,2,5,3,665.4,True
5,3,10,10,10,10,10,5,2,5,10,5,5,9,0,0,2,5,5,10,3,747.6,False
5,1,4,8,5,2,5,1,1,5,3,4,0,8,0,1,2,2,0,6,3,667.3,False
5,4,2,2,4,4,3,2,1,9,2,10,1,7,0,5,2,3,1,8,2,661.5,False
3,2,3,5,10,2,4,2,1,3,1,7,1,8,0,2,2,4,6,3,1,667.9,False
4,5,0,3,0,0,2,0,1,10,1,8,0,8,4,0,2,9,1,10,1,642.6,False
3,3,5,10,4,8,7,1,2,3,0,10,5,7,0,5,2,10,2,10,2,680.2,False
5,2,4,10,10,10,6,4,2,7,2,8,10,6,4,2,2,10,6,10,3,728.9,False
3,1,3,2,6,8,2,5,1,8,4,5,1,5,8,3,2,10,8,6,1,683.9,False
3,4,2,5,10,10,1,2,1,10,7,9,1,5,0,6,1,3,1,7,3,660.9,False
5,1,5,10,10,4,2,5,1,8,4,7,1,8,0,10,2,7,8,10,2,720.6,False
2,3,10,7,10,10,8,5,1,8,2,10,3,6,2,5,1,1,2,9,0,695.3,False
2,0,10,3,1,4,5,3,1,7,1,9,5,8,0,0,2,2,4,10,1,698.9,False
5,1,10,10,10,10,6,0,1,5,2,6,7,8,0,6,2,10,4,10,1,734.0,True
1,2,3,3,1,1,0,0,2,2,1,5,0,8,10,2,2,1,0,7,1,577.4,True
2,4,5,4,10,6,3,3,2,6,0,3,0,6,2,2,1,10,0,2,2,619.1,True
5,2,4,3,0,3,4,5,1,10,3,10,0,8,0,2,1,10,4,10,1,688.9,True
5,0,5,10,10,10,10,5,2,6,6,9,10,7,0,0,2,10,10,10,3,773.5,False
2,5,3,2,4,10,2,0,1,3,1,1,1,5,2,3,2,7,2,1,2,615.1,False
3,2,10,5,3,7,2,1,2,8,1,10,10,7,0,4,2,4,1,5,2,671.7,True
1,3,7,9,4,10,4,4,2,6,4,10,0,6,10,1,1,4,1,9,0,644.3,True
2,1,3,5,2,5,3,5,1,8,10,4,1,7,0,0,2,6,1,5,1,685.8,True
1,2,5,3,5,3,5,1,1,6,2,3,10,7,0,1,2,4,1,2,2,656.7,True
5,1,10,10,10,7,10,5,2,9,9,8,10,8,0,3,2,5,5,9,2,759.9,False
0,5,5,5,0,6,0,0,1,0,0,5,0,6,0,6,1,1,0,5,1,575.3,True
4,3,5,10,1,8,2,3,1,8,3,6,2,8,10,2,2,7,2,8,0,676.2,False
3,1,10,10,10,5,3,5,1,9,5,2,3,8,0,1,2,10,1,8,1,728.1,False
2,3,4,3,5,6,1,3,1,4,1,2,4,6,0,1,2,7,1,3,1,647.8,True
3,1,6,5,6,5,4,4,1,2,1,4,9,8,0,2,2,9,6,7,3,703.0,False
3,3,5,5,3,5,3,0,2,5,1,9,0,7,0,3,2,0,1,4,2,623.9,True
2,3,2,2,6,5,1,2,2,10,1,3,10,6,0,2,2,4,0,5,3,639.5,False
5,4,2,4,10,10,1,2,2,9,3,3,8,7,0,2,2,4,5,10,3,682.2,False
5,3,2,2,5,5,1,5,2,8,3,5,5,7,0,3,2,5,1,4,2,655.4,True
2,3,2,4,5,3,4,0,2,4,1,3,3,5,0,7,2,2,1,1,1,595.1,False
5,3,5,7,6,10,2,0,2,8,5,10,10,6,0,7,2,10,4,9,1,698.7,True
5,2,4,3,3,3,3,0,1,3,3,5,1,7,2,2,1,2,4,5,1,628.2,False
3,4,8,2,7,8,4,5,2,5,6,6,2,6,0,1,2,4,4,3,0,669.0,False
5,4,8,4,4,4,3,0,1,7,2,5,3,6,3,3,1,4,7,5,2,645.0,False
2,1,3,6,4,4,6,1,1,6,1,4,2,7,0,1,2,3,3,1,1,653.5,False
2,1,3,6,4,4,6,1,1,6,1,4,2,7,0,1,2,3,3,1,1,653.5,False
3,3,6,6,3,6,4,1,2,4,1,3,1,6,0,2,2,0,1,3,3,620.8,False
3,2,4,3,3,4,2,3,1,1,1,10,2,8,0,0,1,2,0,1,1,631.1,False
5,3,3,4,4,2,0,2,1,2,3,9,0,8,2,0,2,5,2,5,3,654.7,False
5,2,10,2,3,2,4,1,1,9,6,3,2,8,0,0,2,5,2,10,3,689.2,False
2,1,0,2,0,3,0,2,1,2,2,8,1,6,0,1,2,2,3,7,1,633.7,True
4,5,4,6,5,5,0,5,2,4,2,10,2,6,5,1,2,5,1,5,2,644.3,False
5,3,6,3,10,10,2,2,1,5,1,6,0,7,10,1,2,4,6,1,1,662.4,False
3,3,5,5,1,6,2,0,2,6,2,10,1,7,0,1,2,5,2,8,1,647.9,True
2,1,10,8,5,5,6,4,1,6,3,7,5,8,1,2,2,5,3,2,1,700.2,False
3,2,10,2,10,10,4,1,2,8,4,6,1,7,0,0,2,3,4,7,1,682.8,False
3,2,6,3,5,10,4,5,2,3,3,5,3,7,10,1,2,10,3,10,2,670.7,True
3,5,5,4,10,10,10,5,1,4,7,7,0,7,4,2,1,10,10,3,3,694.9,True
4,3,2,4,6,10,8,2,2,5,1,9,2,7,0,1,2,9,5,5,3,680.0,True
2,3,5,9,7,5,7,4,2,10,3,10,4,5,0,1,2,6,4,10,3,700.2,False
3,2,10,0,6,4,5,5,1,7,1,5,5,7,5,0,1,6,2,10,1,674.1,True
2,2,5,7,5,3,4,5,2,6,6,3,1,9,1,2,2,7,1,5,3,663.9,False
4,4,10,9,5,8,4,0,2,8,2,8,1,8,0,1,2,4,2,4,1,669.8,True
1,3,1,4,2,3,1,0,2,1,2,5,5,6,0,3,1,6,0,3,1,583.8,False
5,1,7,10,5,8,5,1,1,9,1,3,1,7,10,0,2,0,1,5,3,668.6,False
3,2,5,6,10,10,5,5,1,5,3,9,5,7,1,1,2,10,3,5,3,722.5,True
4,1,3,4,8,3,9,3,1,4,4,9,10,8,3,2,1,6,6,10,1,702.3,True
5,5,10,10,5,5,6,4,1,4,5,10,2,7,2,4,2,10,2,3,1,702.3,False
4,2,3,2,2,6,2,0,1,8,2,4,1,8,5,0,2,10,2,3,1,652.0,False
4,1,1,3,3,10,5,1,2,8,1,10,5,7,5,0,2,0,1,7,3,656.4,True
5,2,2,5,10,5,8,0,2,8,3,2,2,7,0,2,2,10,2,10,1,678.6,True
3,1,7,8,10,5,2,2,2,7,5,4,2,8,0,0,2,6,8,10,2,699.6,False
2,1,0,1,1,2,1,1,1,8,1,2,0,8,0,0,2,5,0,2,1,622.7,False
5,0,0,2,2,1,4,1,2,7,4,1,1,8,0,1,2,1,8,10,3,648.0,False
1,4,10,7,10,10,6,4,1,5,3,2,2,6,0,10,2,10,5,10,3,695.4,False
4,3,8,10,10,7,8,5,2,9,4,2,3,7,0,0,1,10,8,7,3,707.5,False
0,2,5,6,5,7,3,0,1,7,2,8,2,7,0,1,1,4,2,5,1,645.8,True
4,5,10,10,1,4,0,4,1,6,1,10,10,9,10,2,1,2,1,10,1,663.6,False
4,1,8,6,10,10,2,1,1,5,3,10,1,6,0,1,2,6,4,8,1,710.6,False
5,3,10,4,4,4,3,5,2,2,1,10,1,7,0,0,2,4,1,10,3,675.1,False
0,4,5,3,9,10,3,2,1,3,2,10,5,6,7,4,2,3,1,6,1,651.1,True
1,4,2,1,2,6,0,3,1,1,0,1,4,8,10,3,2,1,0,1,2,586.8,False
3,5,10,4,2,3,2,3,1,7,3,7,0,7,0,2,2,6,3,5,2,664.3,False
0,5,1,0,10,10,3,5,1,8,3,10,2,8,3,7,1,2,3,1,3,634.5,False
4,1,10,10,10,10,6,5,1,8,5,8,10,7,0,1,2,10,4,4,2,763.1,False
1,4,10,8,10,10,5,5,1,5,2,4,10,8,0,5,2,5,3,7,1,709.8,True
3,2,10,5,5,10,3,2,1,8,1,8,3,6,10,2,2,3,2,10,2,679.6,True
1,2,8,5,5,5,4,2,1,6,2,2,2,6,0,1,2,3,2,4,2,656.3,False
3,2,4,8,10,10,3,4,1,8,5,9,5,7,10,3,2,10,10,5,2,719.1,False
3,5,1,1,3,0,0,5,1,8,6,4,0,6,0,10,2,4,4,10,2,636.3,True
1,3,4,10,7,10,4,4,2,7,5,10,10,6,10,2,2,2,7,2,1,676.6,False
1,4,4,8,10,10,4,5,2,5,4,3,10,8,7,1,2,10,6,6,1,689.2,True
3,4,10,5,10,10,10,5,2,5,6,8,2,7,7,5,2,10,3,7,1,698.5,True
1,4,2,6,1,1,8,1,1,5,3,1,2,8,10,9,1,7,8,6,1,605.5,False
2,2,10,10,10,10,10,5,1,8,3,10,10,8,10,0,2,10,4,10,1,756.9,True
2,5,0,2,10,10,0,5,2,2,0,5,0,6,10,2,2,1,0,1,2,595.7,False
2,4,5,2,3,8,0,5,1,6,4,5,4,6,3,3,2,4,1,2,3,648.4,False
2,1,5,10,5,10,3,0,2,2,1,10,0,7,1,0,2,2,1,5,3,653.0,True
3,3,2,5,4,10,0,3,1,2,0,9,3,6,0,0,2,9,1,6,3,671.3,False
2,5,2,6,2,10,1,2,1,7,0,5,3,6,0,10,2,4,0,4,3,628.0,False
5,4,4,2,3,10,4,5,1,10,1,6,10,8,10,2,2,10,1,10,2,698.3,False
4,3,7,8,5,10,4,5,1,6,2,8,2,7,0,2,2,10,1,10,2,717.2,False
1,5,3,5,7,10,4,5,2,6,5,7,5,5,10,3,2,8,1,3,1,645.2,False
1,1,2,3,0,10,3,5,2,5,5,5,10,8,0,2,2,5,2,10,3,676.0,True
4,4,7,4,7,10,2,3,2,2,1,4,10,9,0,10,1,6,4,7,2,647.1,False
2,3,4,4,4,4,5,0,1,8,4,10,3,8,0,1,2,5,8,5,1,682.1,False
3,2,4,5,4,8,4,3,1,8,4,5,3,7,0,0,2,5,8,2,1,691.1,False
2,4,10,3,4,4,4,3,1,7,3,10,2,7,0,5,1,5,3,8,1,661.5,True
1,1,5,4,10,5,2,4,2,6,8,3,5,8,0,1,2,5,7,7,1,685.8,False
0,2,10,6,6,5,3,3,1,8,2,2,8,8,0,2,1,6,5,7,1,675.4,True
4,3,6,5,4,10,10,5,2,9,4,6,10,7,10,1,2,10,5,7,3,706.6,True
3,0,5,5,4,8,5,5,1,10,5,5,3,7,0,0,2,4,4,3,1,706.4,False
4,3,3,3,5,5,6,2,1,8,3,4,3,8,2,4,1,4,5,3,1,648.6,False
1,3,3,4,7,6,10,5,1,8,6,8,5,8,0,1,2,5,2,5,1,703.8,False
1,2,5,3,1,4,1,1,1,6,1,4,1,6,5,0,2,3,2,6,1,627.8,True
0,0,2,3,3,3,1,0,2,8,1,3,1,8,0,5,1,7,3,2,2,597.4,False
1,3,5,5,5,5,6,2,1,10,4,1,4,7,5,1,2,6,7,3,1,668.2,True
4,3,5,8,8,8,6,5,1,8,5,8,5,7,0,0,2,4,7,7,1,730.8,False
2,3,10,5,5,5,8,5,1,7,2,3,3,7,2,3,1,10,1,3,1,668.6,False
3,3,5,5,3,8,5,5,1,10,5,5,3,7,0,0,2,4,5,2,1,694.5,False
1,2,10,10,8,10,5,5,1,8,4,6,5,7,3,3,1,10,10,4,1,715.1,True
3,1,10,10,10,10,2,2,1,8,6,7,10,7,0,0,2,6,10,7,1,752.7,False
1,4,1,2,5,6,5,1,2,2,2,4,5,6,5,5,2,2,1,5,2,600.6,True
2,1,2,5,6,5,3,5,2,3,1,2,5,7,0,1,2,6,2,7,3,656.5,True
1,3,8,3,5,6,3,5,1,9,1,8,10,6,2,1,1,8,10,4,1,689.8,False
2,3,8,4,5,7,5,3,1,9,1,8,10,6,0,1,1,7,10,4,1,694.9,False
5,3,10,10,8,7,4,2,1,9,4,7,2,7,4,2,2,10,8,9,1,728.9,False
3,1,10,5,5,10,10,5,1,5,8,1,4,8,0,1,1,10,5,5,1,714.3,False
3,4,6,0,0,0,7,3,2,10,4,6,1,9,9,9,2,8,9,9,3,640.7,False
3,2,10,5,10,10,5,3,1,8,5,10,4,7,0,0,2,4,10,10,1,744.8,False
5,1,3,10,10,10,10,5,2,7,4,4,3,6,0,0,2,10,3,8,2,726.4,False
4,4,10,6,5,10,1,5,1,4,10,7,4,6,0,2,1,3,2,4,1,682.8,False
1,5,0,1,1,1,0,0,2,4,1,4,0,6,10,7,1,1,0,0,2,519.0,False
3,3,7,8,5,10,4,0,1,2,1,6,1,7,10,0,2,10,1,7,2,664.1,False
3,2,0,4,3,5,5,1,1,7,8,8,4,7,0,0,1,4,2,6,1,661.1,True
4,1,3,4,1,5,4,1,1,7,7,8,5,7,0,0,1,5,3,4,1,667.9,True
4,2,7,10,10,7,10,5,1,6,7,8,7,7,0,1,2,8,6,7,1,756.3,True
5,3,1,2,3,1,2,1,1,3,1,10,0,8,4,10,2,1,2,10,1,626.0,True
2,3,1,3,1,5,2,2,1,6,1,2,2,6,0,2,1,6,2,2,0,612.1,False
5,4,1,6,4,5,5,3,1,7,5,5,3,7,0,0,2,7,3,6,1,686.0,False
3,4,4,7,8,8,7,4,1,9,7,8,8,7,8,3,2,10,6,6,1,717.2,False
2,2,10,10,10,10,8,5,2,10,8,5,5,6,0,2,1,10,10,10,1,733.4,False
4,4,8,10,5,9,5,0,1,5,2,5,5,6,0,0,2,3,3,5,1,684.1,True
3,2,3,2,10,10,4,5,1,10,5,4,4,8,0,0,2,5,1,3,2,701.3,False
3,3,10,8,8,10,5,4,1,8,7,10,5,8,0,5,1,9,8,5,1,724.6,False
3,4,10,8,7,10,8,3,1,8,7,10,5,8,0,6,1,5,8,5,1,712.7,False
3,4,10,8,5,10,7,3,1,9,6,10,5,8,0,6,1,10,8,5,1,716.1,False
3,4,10,8,5,10,8,3,1,8,6,10,6,8,0,5,1,10,8,5,1,719.5,False
1,3,1,5,7,4,7,1,1,6,2,1,3,6,0,1,2,3,3,7,1,651.0,False
5,1,3,9,10,5,10,5,1,10,5,10,10,10,10,3,2,4,4,3,2,731.8,False
5,0,0,10,0,3,2,0,1,7,1,2,10,7,10,1,1,5,8,6,1,648.0,True
4,3,7,10,10,7,8,5,1,8,6,8,6,8,0,1,2,4,10,10,2,756.5,False
3,4,2,5,4,5,1,5,2,3,0,5,0,6,5,1,2,6,0,0,2,612.7,False
3,3,5,10,10,10,6,5,2,8,3,6,3,7,0,2,1,5,2,5,1,679.4,False
3,3,2,5,7,4,4,5,1,8,5,3,5,7,2,1,2,2,5,6,3,682.2,False
3,0,5,5,8,6,4,5,2,7,3,3,3,8,0,0,2,6,2,5,2,684.1,True
0,2,5,3,4,2,4,2,1,6,0,1,1,8,4,2,1,5,3,2,1,610.6,True
3,4,10,7,6,4,5,2,1,9,7,4,3,6,5,1,1,6,5,3,1,666.9,False
4,1,10,5,5,6,5,5,2,8,4,2,4,6,0,1,1,10,5,10,1,690.3,False
2,3,6,5,3,10,7,2,1,8,2,2,5,6,0,0,1,5,7,2,1,664.8,False
3,3,10,8,5,9,3,2,2,6,4,3,1,6,5,0,1,3,1,7,1,639.5,False
1,4,1,10,10,10,1,0,2,6,3,3,6,8,0,2,2,10,2,10,1,668.8,True
0,2,4,6,2,2,5,0,1,9,2,1,4,7,0,2,1,5,5,4,1,630.8,False
0,4,10,10,6,8,4,3,2,6,4,3,4,7,6,3,2,7,1,4,1,653.3,True
1,2,7,5,10,10,3,2,2,7,3,2,4,5,0,1,2,2,1,2,1,651.0,False
4,2,10,8,10,10,4,5,1,2,1,3,3,9,0,0,1,10,6,10,1,716.6,False
2,2,5,6,2,7,1,0,1,0,6,7,3,7,0,2,1,2,3,7,1,638.8,True
3,2,6,7,5,10,6,4,1,7,4,7,5,8,2,3,1,6,6,6,1,696.8,False
3,4,4,5,6,8,6,2,1,8,8,10,8,6,0,10,2,3,10,8,1,703.8,False
2,3,10,10,10,10,10,5,1,7,10,4,2,6,0,8,1,10,4,6,1,714.5,False
1,3,10,8,6,10,8,5,1,8,4,6,3,8,0,2,1,10,2,10,1,711.9,True
1,5,3,3,1,6,4,0,2,0,4,5,0,7,5,5,1,1,0,2,1,560.2,False
2,4,10,10,0,10,2,5,2,6,1,7,7,6,10,0,1,10,2,10,1,660.7,True
1,5,0,5,5,1,6,5,1,5,1,3,1,7,10,1,2,10,2,1,3,627.8,False
3,2,10,5,2,2,2,1,2,8,0,6,0,8,10,0,1,7,2,4,2,615.0,False
1,5,10,6,3,3,3,2,1,8,1,1,10,7,0,1,2,5,2,7,1,666.5,False
1,4,2,6,4,8,2,1,1,3,3,3,4,6,10,10,1,4,2,1,1,586.8,False
3,4,3,1,7,8,0,3,1,3,0,1,0,7,0,3,1,2,0,1,3,603.6,False
1,3,3,5,2,10,4,0,1,10,2,1,5,8,2,10,2,5,4,2,1,639.5,False
1,3,6,8,8,5,3,3,1,8,3,3,10,7,0,1,2,10,4,8,1,706.0,False
4,3,6,2,4,4,5,1,1,2,1,10,2,8,7,1,1,3,0,1,1,622.6,True
2,3,2,3,8,3,0,5,2,0,1,7,0,4,1,3,1,5,1,4,2,600.8,True
1,3,7,5,7,10,4,5,1,7,2,4,3,8,1,1,2,3,1,4,1,680.9,False
2,4,10,5,4,4,8,2,1,5,5,5,5,5,10,8,1,3,5,2,1,627.8,False
4,1,10,10,10,5,7,3,1,7,8,4,8,7,0,0,2,10,10,10,1,764.0,True
1,4,3,3,1,3,1,3,2,3,3,3,5,7,0,3,2,10,1,4,1,621.0,False
4,5,5,5,0,6,5,0,1,10,1,2,1,7,0,0,2,5,0,7,2,651.4,False
0,5,0,4,10,2,3,0,2,1,1,3,2,7,10,10,2,3,2,2,1,563.2,False
3,2,3,3,6,5,3,3,1,4,3,3,10,8,10,2,2,5,5,7,1,667.1,False
3,4,10,5,4,5,3,3,1,7,2,4,4,8,0,1,1,10,6,10,1,684.3,False
2,4,3,1,0,1,0,0,1,0,1,2,0,10,0,1,1,0,0,2,0,572.1,False
0,4,7,0,0,3,2,0,1,5,2,5,1,8,10,0,2,1,2,10,0,611.4,True
2,2,1,3,2,2,3,0,2,8,1,2,5,7,0,1,2,4,0,3,2,614.0,False
3,4,10,10,10,7,5,5,1,8,10,3,10,8,0,3,2,10,10,10,1,760.6,False
3,3,5,5,3,2,5,3,1,5,0,2,3,7,0,1,2,4,8,4,1,661.6,False
3,3,7,10,3,10,3,3,2,8,0,5,10,7,0,1,2,10,2,7,1,694.5,False
3,4,3,3,3,4,1,1,1,3,3,9,1,6,10,3,1,3,1,7,2,605.0,True
4,3,3,6,3,5,5,2,1,8,3,7,4,7,0,2,2,5,0,2,1,669.4,False
2,3,4,7,4,4,1,0,1,2,2,2,6,8,0,3,1,1,0,10,1,624.4,True
2,3,8,5,5,4,7,3,2,6,3,8,6,6,4,1,1,7,6,4,1,655.8,False
3,2,8,6,10,9,6,5,2,3,4,2,5,8,0,0,2,5,8,10,1,709.4,False
4,2,3,10,7,10,4,2,2,8,4,8,4,7,0,0,2,10,6,2,1,701.9,True
4,3,5,4,10,10,3,3,1,4,7,8,3,7,0,1,2,6,4,10,3,713.8,False
5,2,10,6,5,10,5,0,2,10,4,2,10,8,0,2,2,5,8,10,3,711.1,False
4,4,4,8,8,5,5,4,2,6,4,9,5,7,0,1,2,9,8,8,1,705.5,False
1,2,3,4,2,5,2,0,1,10,3,10,10,7,0,1,2,3,2,3,1,668.3,True
4,2,10,6,4,4,3,5,2,4,2,2,2,7,10,4,2,10,1,10,3,656.5,False
4,4,1,5,7,10,0,0,1,8,5,10,6,6,10,1,2,5,0,3,2,657.9,True
4,3,2,2,3,2,2,3,1,5,4,8,4,8,5,3,2,6,8,10,2,673.2,False
0,4,2,5,8,3,1,2,2,6,2,6,10,7,0,0,2,10,5,6,1,660.7,True
0,3,2,6,1,3,0,5,2,6,1,7,10,7,0,0,2,10,3,5,1,657.5,True
1,2,6,8,2,5,5,5,1,7,6,3,10,7,7,1,1,10,1,10,1,682.2,False
2,3,6,8,5,6,7,3,2,5,2,6,4,6,3,2,2,5,4,6,1,663.9,False
4,5,2,8,6,4,3,2,1,7,6,3,5,7,0,1,2,4,7,8,1,683.9,False
5,1,10,5,10,10,8,5,1,5,6,5,10,8,2,1,2,10,6,10,1,764.4,False
4,5,2,8,4,7,4,2,1,7,7,4,5,7,0,1,2,7,7,6,1,692.6,False
5,1,10,5,10,10,10,5,1,6,6,8,10,8,2,1,2,10,7,10,1,776.9,False
5,1,2,10,8,8,2,1,1,4,1,2,2,7,0,1,2,5,2,2,1,671.8,True
1,2,4,10,5,6,3,2,1,5,3,1,3,8,3,4,1,10,2,2,1,642.9,False
4,5,8,10,10,10,6,5,1,9,7,10,10,6,5,1,1,10,10,5,1,739.5,False
5,5,3,6,6,4,3,5,1,7,2,10,8,6,0,0,1,2,4,4,1,674.9,False
3,1,10,5,1,7,2,2,2,2,2,3,5,9,0,1,1,10,1,3,1,643.5,False
5,5,1,8,9,4,8,4,1,2,3,3,4,5,10,4,1,10,1,2,1,637.6,False
1,1,7,5,1,2,8,2,2,6,2,4,2,5,0,1,2,10,2,10,1,659.9,True
4,3,10,10,3,5,2,4,1,7,5,3,8,7,6,0,2,10,1,6,1,700.9,False
2,4,4,4,7,5,4,4,1,6,4,2,5,7,10,5,1,7,4,8,1,641.2,False
3,4,3,5,6,10,3,2,2,3,1,2,0,6,0,4,1,3,2,4,2,607.0,True
4,2,8,4,4,6,7,3,1,9,2,7,3,8,3,3,2,9,2,10,3,705.3,True
5,3,8,10,10,8,9,4,2,5,3,5,4,7,10,5,1,8,3,4,3,667.3,False
2,0,2,2,0,4,1,0,2,4,1,2,4,8,0,5,1,0,2,7,1,590.4,True
3,3,5,10,3,3,2,3,2,7,2,3,10,7,4,1,1,5,1,5,1,638.0,True
2,2,7,7,3,10,5,3,2,7,2,6,4,8,0,2,1,10,2,5,1,666.0,False
2,1,4,7,5,10,10,3,2,7,2,4,4,8,0,3,1,10,1,4,1,667.3,False
1,5,3,5,5,10,5,2,2,5,1,7,2,7,5,10,2,5,0,5,1,616.7,False
0,5,2,8,6,3,2,5,2,4,0,1,0,6,10,9,1,3,0,0,1,555.8,False
4,2,7,4,7,10,5,3,1,6,5,7,1,8,0,1,1,5,6,4,1,690.0,False
2,4,10,5,5,10,5,1,1,5,3,4,3,6,10,3,1,6,2,4,1,636.3,False
2,4,10,5,5,10,5,1,1,5,2,3,3,6,10,3,1,7,1,6,1,636.1,False
2,3,1,4,8,3,6,4,1,9,3,4,5,6,10,6,2,5,3,5,1,651.6,False
3,3,1,4,8,3,6,4,1,9,3,4,5,6,10,7,2,6,3,5,1,655.0,False
2,1,10,6,4,10,5,5,2,7,3,9,5,6,4,1,2,10,9,10,2,718.9,True
3,2,4,2,4,5,0,1,1,6,1,2,2,7,3,5,2,3,2,7,2,632.7,True
3,1,1,5,7,10,6,3,2,9,5,10,10,7,0,0,2,5,5,10,3,717.6,False
4,2,10,8,10,10,4,4,1,9,3,9,3,6,0,1,2,10,8,3,3,741.0,False
2,5,2,4,5,2,0,4,1,3,1,2,1,7,0,3,1,10,5,7,3,627.6,True
0,2,0,2,2,2,0,0,2,6,8,1,0,5,10,2,1,1,0,0,2,547.1,False
1,1,1,0,4,2,0,1,2,4,1,10,0,7,0,0,2,6,2,10,1,630.9,True
5,3,10,4,10,3,6,5,1,0,4,5,7,8,0,0,2,3,2,6,3,703.2,False
2,2,5,3,1,2,3,0,1,4,3,4,10,7,0,3,1,4,1,8,1,634.8,False
2,1,4,1,1,1,6,1,1,9,1,10,3,8,10,1,2,2,2,7,2,646.4,False
3,2,10,4,5,10,3,1,2,6,2,1,1,6,0,10,2,7,1,4,2,637.4,False
4,5,10,3,4,8,1,0,2,4,3,5,1,7,0,10,2,6,0,10,3,631.6,True
5,3,4,3,3,4,4,2,1,6,3,10,3,7,8,3,2,5,2,10,2,668.3,True
3,1,4,2,4,6,2,1,1,2,7,2,0,5,10,6,1,3,4,7,0,610.2,True
2,4,2,10,5,10,2,0,2,2,2,10,0,6,4,4,1,6,1,4,2,612.0,False
5,4,8,7,10,4,3,5,2,9,1,6,0,7,0,5,2,2,2,10,3,676.0,False
2,4,3,2,4,5,4,3,1,4,1,7,0,5,5,7,1,10,1,4,1,614.6,False
1,2,2,3,3,4,4,5,1,5,3,3,3,6,0,2,2,8,8,4,1,668.4,True
5,1,10,5,5,10,6,5,1,9,4,10,5,8,0,3,2,2,3,3,0,726.3,False
3,3,6,8,3,10,2,3,2,9,3,7,3,8,2,1,2,3,1,8,3,673.0,False
1,3,3,1,1,2,2,3,1,7,2,5,0,7,5,4,2,8,1,3,1,623.1,True
4,2,10,6,6,10,4,3,2,6,2,9,2,7,0,5,2,3,2,7,1,681.7,True
3,5,10,5,5,10,4,5,2,5,7,10,3,7,0,10,1,10,2,10,3,673.4,False
4,0,10,8,10,5,10,5,1,10,2,5,1,8,0,0,2,10,2,10,3,749.1,False
3,2,10,8,0,10,3,0,1,8,0,6,5,6,10,1,2,10,2,2,1,667.3,False
4,4,8,2,5,7,9,3,1,4,7,8,3,7,0,2,1,9,2,10,2,691.7,False
1,2,4,10,7,10,3,3,2,10,6,5,5,7,7,1,2,5,5,7,1,682.6,False
3,4,2,4,7,7,2,2,1,4,3,5,2,7,5,1,2,7,2,2,0,648.6,True
3,5,2,2,10,4,0,2,2,9,0,9,0,6,10,4,1,1,0,0,2,579.5,False
4,3,1,3,6,10,10,5,2,8,5,10,6,6,10,0,1,6,2,10,1,674.9,True
3,3,1,10,10,10,10,2,2,8,3,8,6,9,10,2,2,7,8,4,0,693.8,False
2,2,7,1,4,10,2,0,1,4,2,10,0,5,0,0,2,1,0,6,1,652.6,True
4,3,10,2,2,10,7,3,1,5,6,5,4,8,1,4,2,10,2,7,1,701.5,False
3,3,1,10,0,2,0,1,1,3,1,9,1,7,5,5,2,2,1,1,1,615.4,True
3,5,3,3,5,5,5,0,2,4,0,4,3,4,0,10,2,3,1,3,3,595.1,False
4,5,6,10,7,10,6,1,2,7,3,5,2,6,6,9,2,10,4,7,1,662.0,True
1,3,10,2,2,3,1,1,1,1,1,9,1,7,0,0,1,3,0,2,2,615.4,True
1,4,4,9,3,2,1,1,1,2,1,2,5,6,8,2,1,1,2,8,1,600.2,True
3,4,7,5,9,8,7,5,1,9,5,5,7,6,0,1,2,10,8,1,1,723.2,False
3,2,3,4,2,1,2,3,1,5,1,2,3,7,2,2,2,6,0,7,3,642.9,False
5,2,3,2,4,10,2,2,1,10,9,6,0,7,10,1,2,2,1,7,2,669.2,False
2,2,6,1,6,7,5,2,2,2,7,6,5,8,2,3,2,6,4,9,1,667.7,False
2,2,3,3,7,3,7,1,1,2,7,2,5,4,4,3,2,6,4,6,1,654.2,True
5,2,6,7,2,3,4,2,1,4,3,8,1,7,0,7,1,2,1,8,3,647.5,False
2,5,6,3,7,5,6,5,1,6,1,10,0,6,0,5,2,5,3,8,2,674.9,False
3,2,10,4,2,7,3,5,1,5,3,7,5,7,0,3,2,4,5,6,2,694.9,True
2,5,4,3,4,3,4,5,1,3,2,10,0,6,0,5,2,5,2,7,2,652.8,False
1,2,1,5,2,5,0,2,1,5,1,1,0,8,0,4,2,0,0,5,2,615.7,False
2,5,4,3,3,3,3,5,1,3,2,10,0,6,0,5,2,3,4,7,2,649.4,False
3,4,6,4,6,7,3,0,1,3,3,6,1,9,3,3,1,10,6,6,1,652.6,False
3,5,2,7,6,10,3,5,1,10,2,10,5,6,0,4,2,3,7,10,2,705.5,False
4,5,10,8,10,5,5,4,1,3,3,10,5,6,10,3,1,8,4,10,1,683.4,False
4,4,10,3,8,10,3,3,2,9,1,6,0,8,2,1,1,9,1,7,2,662.6,False
4,3,6,3,3,4,0,5,2,3,3,4,3,7,3,4,2,2,4,4,3,633.1,False
3,1,5,6,4,10,9,5,1,1,1,6,3,7,0,2,2,4,4,10,1,703.2,False
5,3,3,3,1,3,0,1,1,4,0,10,0,2,0,1,1,2,0,4,2,609.5,True
3,4,10,5,3,4,3,5,1,8,3,6,2,8,0,1,1,5,6,10,1,683.0,False
5,2,7,7,6,10,10,2,1,8,5,8,10,7,2,3,1,10,6,10,0,732.5,True
2,3,8,1,3,4,5,1,1,3,1,3,0,7,5,2,2,5,0,7,2,631.2,False
0,3,2,2,2,7,2,0,1,1,0,6,2,8,0,2,2,0,0,3,1,609.9,False
3,3,10,6,6,6,0,3,1,7,0,10,0,7,0,10,2,5,0,6,2,664.9,False
2,4,5,3,5,2,2,0,1,8,2,5,2,7,0,1,2,6,2,10,2,655.4,False
2,1,3,7,2,6,2,3,1,7,1,5,1,8,0,1,2,3,1,7,2,665.8,False
2,3,10,4,1,4,3,0,2,6,1,1,0,7,5,0,2,10,0,3,2,618.9,True
5,5,0,6,4,10,10,1,2,8,1,10,7,6,7,2,1,8,3,4,2,649.4,False
4,4,5,6,6,10,7,4,2,8,5,7,3,7,5,3,2,6,5,6,2,684.7,False
5,4,5,5,5,8,8,5,2,8,4,8,4,6,5,3,2,5,5,5,2,683.0,False
3,0,8,4,8,1,2,4,2,7,5,2,0,6,0,2,2,8,7,9,2,680.1,False
0,4,0,1,2,5,2,1,1,8,3,10,0,6,7,8,2,9,1,4,3,615.4,True
4,5,8,4,10,10,8,2,2,9,5,7,0,6,10,7,2,7,8,7,2,672.6,False
1,5,0,10,8,10,1,1,2,3,2,1,3,5,10,3,1,6,1,2,2,584.5,False
1,5,2,2,2,5,5,3,1,3,2,5,2,6,0,7,1,3,0,1,2,595.7,False
2,3,0,7,6,10,0,5,2,3,0,4,0,6,4,3,2,10,0,10,2,643.1,True
3,5,2,5,10,7,3,1,2,6,2,5,2,7,0,8,2,6,3,2,3,631.6,False
4,3,10,10,4,6,8,5,1,7,4,10,1,9,0,8,2,5,4,5,2,712.9,False
1,3,5,3,10,10,5,0,2,7,8,5,5,7,5,1,2,8,5,5,2,670.7,True
2,3,6,5,8,8,2,5,2,8,4,10,3,6,0,3,2,7,2,4,2,680.0,False
4,5,10,10,5,10,8,2,1,8,5,3,6,7,0,7,2,8,1,4,2,699.2,False
4,5,10,10,5,10,6,2,1,8,2,3,6,7,0,8,2,10,10,4,2,707.7,False
4,5,5,3,8,8,2,5,2,5,1,8,1,6,0,1,2,3,2,0,1,647.3,False
2,2,8,8,10,8,6,1,2,7,4,6,6,7,0,0,2,8,4,10,2,706.6,True
5,3,8,8,7,4,9,1,1,8,2,8,10,7,3,3,2,6,7,8,3,720.6,False
4,0,10,1,3,4,10,5,2,8,2,6,1,7,0,7,2,10,2,10,3,691.3,False
5,1,10,3,5,8,2,1,1,5,3,4,10,7,0,2,2,10,10,10,2,724.9,True
2,4,6,5,4,5,4,0,1,7,3,3,2,7,10,1,2,5,2,8,1,641.4,True
5,2,7,7,10,10,3,1,2,6,5,9,5,8,0,3,2,6,3,5,1,698.9,True
2,5,3,3,2,1,0,4,2,1,0,3,0,7,0,4,2,7,1,2,3,593.8,True
3,4,7,5,8,6,6,3,2,6,3,2,6,7,0,9,2,7,6,7,1,666.7,False
3,1,5,4,8,7,3,5,2,3,1,8,4,8,2,1,1,3,3,8,2,659.6,False
1,5,5,3,8,5,2,5,1,7,0,5,5,8,0,5,2,10,0,7,3,669.2,False
1,3,5,3,4,5,1,0,1,6,2,10,1,6,0,5,2,0,4,5,0,637.5,True
1,0,2,10,7,7,6,3,2,8,8,6,6,5,0,1,2,5,9,10,2,709.6,False
5,2,5,7,10,1,4,5,2,3,2,7,1,9,0,1,1,2,9,10,1,674.9,True
4,2,10,10,7,10,10,1,2,7,5,10,2,9,0,5,2,5,5,8,1,716.3,False
4,2,10,10,9,10,10,1,2,7,7,10,2,9,0,7,2,5,5,7,1,718.0,False
4,4,8,6,5,4,4,2,2,7,2,9,1,9,7,1,2,3,3,4,1,651.5,False
2,3,4,5,5,10,2,5,2,9,4,8,3,7,0,0,2,6,3,9,2,688.3,False
5,3,6,6,10,4,3,5,1,7,2,8,10,7,0,10,2,10,4,10,2,718.9,True
5,1,6,8,10,5,8,5,2,6,7,7,10,7,0,2,2,8,8,10,3,744.2,False
3,2,4,5,3,8,3,4,2,7,1,4,5,8,1,5,2,4,2,5,2,653.7,False
5,3,10,8,3,5,6,3,1,4,4,7,4,8,7,4,2,10,2,8,2,696.8,True
5,3,10,5,10,5,2,4,1,6,2,8,10,7,0,10,2,10,5,10,2,720.6,True
1,5,2,1,0,1,1,0,1,4,1,1,0,7,0,8,1,3,0,1,1,556.0,False
3,4,3,7,10,2,1,5,2,2,0,5,0,6,3,1,2,10,1,7,3,645.0,True
4,4,10,6,7,3,2,3,2,3,3,6,2,7,0,3,2,3,1,7,3,653.9,False
3,5,4,3,5,6,1,0,2,5,5,7,2,7,0,9,1,0,0,0,3,584.4,False
5,1,1,3,10,6,2,5,1,8,1,5,2,6,0,0,2,10,8,7,2,711.3,True
3,3,10,2,5,3,4,3,2,4,4,3,0,8,0,8,2,2,4,3,2,631.4,False
2,5,1,10,10,5,10,5,1,5,5,3,10,7,0,1,2,10,5,10,3,723.0,False
3,5,5,0,2,5,0,5,1,5,0,4,0,7,10,1,1,3,4,0,1,597.4,False
5,5,10,5,10,10,8,5,1,8,8,6,8,7,0,5,2,7,10,10,3,754.2,False
3,1,8,10,5,8,7,1,1,4,4,10,2,7,0,1,2,5,7,5,1,712.5,True
1,3,5,10,1,4,1,0,2,5,2,2,5,7,0,1,2,3,1,5,2,624.2,True
1,1,7,10,10,2,5,2,1,8,1,6,0,7,0,2,2,10,2,10,1,699.8,True
3,3,3,1,3,2,3,1,1,5,1,6,3,4,0,4,1,4,2,10,0,622.7,True
1,3,0,2,1,7,2,3,1,4,0,1,0,6,10,10,1,3,0,1,0,560.9,False
3,4,10,5,4,10,4,1,1,8,1,7,2,8,0,0,2,5,1,3,1,679.8,False
4,3,1,2,4,8,0,1,1,7,2,8,10,6,0,1,2,0,0,7,2,662.6,False
5,4,4,4,4,1,1,5,1,8,5,7,1,7,0,5,2,6,2,5,3,669.4,False
4,3,8,9,10,10,10,4,2,5,1,7,1,7,10,0,2,8,5,6,3,694.9,True
3,4,10,7,5,7,5,4,2,6,2,10,5,6,10,2,1,5,7,10,1,664.7,False
5,2,2,10,10,10,5,5,2,5,4,4,1,7,10,0,2,6,3,10,2,687.5,True
0,3,0,3,0,1,0,0,2,4,6,1,2,6,0,0,1,0,6,7,1,579.6,True
1,5,2,3,1,1,0,2,1,2,4,3,0,7,0,4,1,4,0,10,1,595.5,False
5,1,10,10,0,10,5,0,1,10,10,10,10,8,0,1,2,10,5,10,2,760.3,True
4,3,10,10,10,10,5,3,1,7,3,10,4,6,1,1,2,10,1,5,2,729.3,True
3,3,4,2,4,1,1,5,2,5,8,3,7,7,10,2,2,6,5,8,3,646.5,True
3,1,3,4,5,5,2,4,1,4,3,4,2,6,7,3,2,1,1,10,1,651.6,True
3,2,6,10,8,3,5,5,2,7,2,9,5,6,0,2,2,10,2,8,2,701.9,True
5,3,10,2,5,3,10,0,1,10,4,10,8,8,0,0,2,10,7,6,1,729.7,False
5,3,10,6,5,3,10,1,1,10,4,9,7,8,0,0,2,10,7,6,1,736.3,False
5,0,3,8,4,4,0,1,1,8,1,9,2,6,0,2,1,10,2,4,1,667.9,True
3,3,7,10,10,10,7,0,2,8,4,3,2,7,0,3,2,10,4,10,1,697.5,False
1,3,5,3,3,10,3,0,2,2,4,5,4,5,0,4,1,4,4,10,1,621.0,True
1,4,1,3,7,3,1,5,2,8,1,6,2,6,10,1,2,5,3,6,2,623.1,False
1,5,3,4,2,10,6,0,1,3,3,1,2,8,7,1,2,4,5,2,1,625.9,False
1,5,3,4,2,10,2,0,2,5,4,4,1,6,0,0,2,2,1,2,1,610.8,False
1,2,2,4,3,2,2,0,2,7,3,6,4,8,10,0,1,1,0,2,1,584.4,True
2,4,10,3,3,5,1,4,2,2,2,3,4,6,0,1,2,2,6,4,0,637.8,True
1,2,10,4,4,1,4,3,1,1,1,9,0,6,0,4,1,2,1,8,1,633.9,True
5,5,10,10,7,10,10,5,1,8,6,10,4,7,10,1,2,10,4,10,2,743.1,False
3,2,6,10,10,3,0,5,2,5,1,8,1,7,0,2,2,7,1,3,2,669.6,True
5,3,6,5,10,8,3,1,1,8,6,10,5,7,5,3,2,6,4,10,1,710.8,True
3,2,8,2,1,2,3,1,2,4,3,6,1,7,5,6,2,5,3,2,2,614.8,True
1,1,2,3,3,3,0,0,2,5,1,3,1,8,0,2,2,2,4,10,2,619.5,True
2,2,2,2,2,1,2,2,1,7,7,2,2,6,0,1,2,2,3,7,1,644.4,False
4,1,10,10,8,2,2,5,1,7,5,10,5,8,0,1,2,10,10,10,2,755.2,False
5,1,10,1,2,1,5,5,2,6,4,10,3,8,0,0,2,10,6,3,3,695.7,True
5,1,10,1,2,1,1,5,2,0,5,10,0,8,0,3,2,10,6,10,2,682.1,False
4,3,3,7,7,10,5,0,2,7,0,5,3,7,0,5,1,4,1,3,3,629.9,False
3,3,5,3,3,3,4,0,2,7,1,5,1,7,0,6,1,2,5,10,1,614.6,False
3,3,1,7,2,10,1,5,1,2,0,2,10,7,0,2,2,10,2,10,0,685.4,True
1,5,0,0,3,2,2,2,2,5,0,1,0,7,1,4,1,3,0,4,1,559.4,False
2,3,3,4,7,10,4,1,1,4,5,3,5,7,0,3,2,4,3,6,0,668.6,False
5,2,5,10,10,10,7,5,2,10,3,6,5,8,3,0,2,6,7,5,2,725.5,False
4,3,6,5,6,10,5,4,1,7,3,9,2,7,5,3,2,7,4,10,3,705.5,True
3,3,5,4,5,6,2,5,2,7,5,6,4,7,5,2,2,4,2,3,1,653.9,False
4,4,10,8,4,5,2,4,1,6,1,5,0,8,3,0,2,6,2,7,1,681.1,True
2,4,7,3,10,7,6,5,2,0,0,5,10,5,0,2,2,6,1,4,2,661.8,True
4,4,5,6,3,5,1,0,1,5,1,10,1,6,0,1,2,3,0,4,1,647.7,True
5,0,10,5,10,4,10,2,1,5,10,10,10,8,0,0,2,4,10,10,1,768.8,True
1,1,7,2,5,4,10,5,2,4,2,3,2,5,4,2,2,4,10,5,1,659.7,True
1,1,1,2,2,2,1,2,1,4,3,2,2,10,8,1,1,3,3,4,1,604.4,False
3,1,10,10,10,10,10,5,2,7,7,5,5,8,0,2,2,6,10,7,3,745.7,False
1,4,10,0,2,9,2,1,1,2,2,2,1,5,7,2,2,3,1,7,3,618.7,False
1,2,2,8,3,7,5,2,1,5,6,10,6,8,1,3,2,5,3,6,0,687.2,True
3,1,5,4,10,10,5,5,2,7,2,8,1,7,8,0,1,3,2,3,1,654.3,True
3,1,10,6,10,10,8,5,2,10,8,5,10,7,0,1,2,10,7,7,3,752.3,True
5,3,4,4,8,4,7,4,2,9,4,10,3,7,4,6,2,8,6,7,1,688.7,True
4,1,10,1,7,2,4,5,2,6,2,7,1,7,0,4,2,10,2,10,3,684.7,False
1,5,0,4,4,4,1,0,2,4,0,1,0,6,7,10,2,2,0,0,2,547.3,False
3,1,6,9,10,9,5,5,1,10,6,7,2,7,2,1,2,6,7,10,3,742.5,True
5,2,10,3,3,3,6,5,2,7,1,7,3,9,0,2,2,4,5,4,1,681.7,True
5,1,10,7,10,4,6,5,2,7,3,7,3,9,0,3,2,7,5,8,1,719.1,False
5,3,7,6,2,6,5,0,2,5,5,10,7,8,0,8,2,10,3,6,2,677.0,True
3,2,10,10,1,6,3,3,1,7,1,5,5,8,0,1,2,10,1,7,2,701.5,True
2,3,2,4,5,10,2,5,1,4,2,8,1,7,1,10,2,1,5,10,1,662.8,True
3,4,2,2,9,3,6,5,1,10,0,9,1,8,10,1,2,10,4,10,3,685.3,True
5,5,1,3,4,5,2,1,1,6,8,6,1,9,0,1,2,1,10,1,3,662.8,False
2,5,5,3,9,4,2,1,1,4,2,6,1,7,0,2,2,2,0,1,2,631.8,False
2,4,3,4,4,4,2,3,1,5,0,4,2,6,5,2,2,2,1,2,1,621.0,True
5,2,7,3,7,3,5,1,1,6,3,10,2,6,0,4,2,4,4,8,3,686.8,False
2,2,0,2,2,2,1,0,2,0,6,5,1,6,5,1,2,6,0,5,2,597.4,False
5,3,10,10,10,4,3,4,1,7,4,7,5,7,0,1,2,10,4,7,3,732.3,False
2,4,3,2,3,5,3,5,1,6,2,2,0,6,6,1,2,4,2,6,1,635.9,True
2,0,10,8,10,8,8,1,1,9,5,7,10,7,3,2,2,10,8,10,1,752.7,True
2,0,10,10,6,10,10,3,2,10,10,10,10,8,0,1,2,10,5,10,1,765.4,True
3,2,10,10,4,3,7,4,1,7,6,10,2,7,5,3,2,7,2,10,2,712.5,True
4,5,5,5,4,10,2,0,2,7,1,7,10,7,1,1,2,5,1,7,2,660.9,True
5,3,9,9,7,8,8,5,1,9,7,8,8,7,10,1,2,8,8,8,3,746.1,True
2,0,2,7,8,10,4,5,1,8,4,8,2,8,0,0,2,10,2,10,1,729.3,False
1,4,2,9,5,10,3,5,1,6,8,9,2,6,2,3,2,10,4,2,2,691.7,False
4,4,3,6,3,6,1,5,2,0,0,8,0,5,0,7,2,8,0,3,2,625.0,False
3,4,2,3,6,5,1,4,1,3,2,3,2,5,7,3,1,3,2,10,0,618.9,True
3,3,10,3,7,10,10,2,1,9,5,7,1,7,5,4,2,4,2,10,1,700.0,False
2,1,10,10,10,5,3,2,2,8,3,5,5,8,5,2,2,10,8,10,2,706.6,False
4,5,0,5,5,7,1,5,1,1,0,10,5,6,5,10,1,1,0,2,1,608.6,False
5,3,10,5,4,5,6,0,1,7,3,10,1,7,0,1,2,5,5,10,1,702.3,False
2,1,1,4,1,8,1,2,1,5,0,1,3,7,10,4,1,2,7,10,1,617.2,True
4,3,5,1,2,1,0,5,2,1,1,2,0,6,0,0,1,5,0,10,3,607.0,False
5,4,6,9,5,7,7,1,1,8,2,9,7,8,1,9,1,8,1,7,1,680.2,False
1,2,3,3,3,4,3,2,2,6,2,6,6,4,4,4,2,5,6,2,1,626.1,True
2,3,5,2,2,6,1,2,2,4,3,3,2,6,0,6,2,3,2,3,2,610.6,True
2,5,1,3,4,6,5,5,1,5,2,5,0,6,0,4,2,2,3,5,3,643.3,True
2,4,1,5,5,4,3,1,1,8,4,6,10,7,0,3,1,2,3,6,3,647.1,False
3,5,1,5,2,2,4,1,2,0,10,10,0,6,0,10,1,2,1,1,1,584.8,False
4,3,10,9,10,10,8,5,1,8,4,7,4,8,0,1,2,7,10,9,1,759.7,False
5,5,0,2,10,5,2,1,1,4,8,4,2,6,10,5,1,10,4,3,1,626.1,True
3,3,5,7,7,10,10,4,2,8,3,6,1,7,0,5,2,5,1,10,3,687.9,False
2,1,3,1,10,10,5,1,2,7,4,4,10,8,0,0,2,7,8,4,3,691.1,True
2,1,2,5,2,0,2,0,2,4,4,3,4,9,8,0,2,0,1,3,1,602.7,True
2,1,2,5,2,0,2,0,2,4,4,3,4,9,8,0,2,0,1,3,1,602.7,True
1,1,3,4,3,1,2,1,2,1,1,3,4,9,9,0,2,1,1,2,1,594.2,True
5,4,3,4,7,10,5,5,1,3,1,10,3,7,7,10,2,10,1,5,2,673.4,False
5,4,5,3,4,3,1,2,1,5,2,5,2,6,10,4,2,4,2,4,3,628.0,False
0,5,0,1,2,2,6,0,1,1,0,1,10,6,10,10,1,5,0,2,1,555.8,False
4,5,4,5,10,10,5,5,2,6,1,6,2,6,1,9,2,6,2,10,3,667.3,True
0,5,10,4,9,5,6,1,1,8,5,2,2,7,8,10,1,7,2,5,1,624.2,False
5,3,10,5,5,4,3,1,1,6,2,8,3,8,1,1,2,8,1,1,1,680.0,False
3,3,10,6,8,7,7,5,1,8,8,10,5,6,0,3,1,3,3,7,3,708.9,False
2,4,2,5,2,5,2,1,2,2,2,1,3,6,3,5,2,5,3,8,2,606.8,True
4,4,4,5,1,5,1,2,1,5,2,4,0,7,0,1,2,8,1,10,1,658.6,True
5,3,5,6,3,7,4,3,2,8,6,7,0,6,0,5,2,6,1,3,1,660.7,False
5,3,6,6,7,10,7,4,2,8,3,8,8,7,0,3,2,7,2,6,3,707.0,False
4,3,2,0,3,6,1,0,1,6,2,7,2,6,3,9,2,5,2,3,0,623.3,False
4,3,2,0,1,6,1,0,1,7,2,7,2,6,3,9,2,6,2,4,0,625.0,False
5,3,10,6,4,5,5,2,2,3,2,6,5,7,0,1,2,0,3,5,3,662.4,False
5,3,2,3,2,4,3,0,1,8,3,4,0,6,0,3,2,2,3,8,1,646.5,True
1,3,10,10,7,7,1,3,2,6,3,10,0,7,1,4,1,4,0,10,1,653.0,True
2,1,0,0,0,2,0,5,2,4,4,3,3,9,10,3,2,3,4,10,3,616.3,True
1,5,2,3,1,1,0,2,1,2,4,3,0,7,0,4,1,4,0,10,1,595.5,False
1,4,7,10,3,1,5,4,2,3,2,3,1,5,5,5,2,10,1,2,2,622.3,True
3,1,10,10,10,7,5,5,1,8,5,6,5,7,0,7,1,3,5,10,2,713.4,True
3,5,3,3,0,1,0,3,1,3,0,5,0,6,0,5,1,3,1,2,2,587.2,False
1,1,1,2,2,4,3,2,1,8,1,4,4,6,0,6,2,3,1,3,1,631.2,True
0,4,0,1,2,3,1,0,2,4,1,2,5,7,0,8,2,0,1,10,2,581.7,True
4,1,10,10,8,8,5,5,1,8,5,7,4,7,0,0,2,10,2,10,3,751.0,False
1,5,6,6,3,10,3,5,1,3,2,10,10,8,7,1,2,3,3,10,2,685.5,False
3,3,4,6,8,8,1,4,2,5,1,3,1,8,0,3,2,3,3,8,1,655.2,False
2,3,4,8,8,5,4,5,2,4,3,5,1,5,0,5,2,10,3,6,2,663.5,True
2,3,10,4,10,6,3,5,1,4,2,10,0,5,2,4,1,7,4,10,2,678.1,True
3,1,5,5,5,5,4,5,1,8,5,10,5,5,0,0,2,10,6,10,1,729.1,True
2,3,3,4,0,10,0,0,2,0,0,8,0,7,10,0,1,3,0,1,1,571.0,False
4,5,10,5,2,10,1,0,1,4,1,8,5,6,2,3,2,3,0,5,1,654.1,True
3,1,10,8,8,3,8,5,1,7,3,7,3,8,0,1,2,5,5,7,3,725.7,False
5,2,5,10,10,2,8,5,2,9,1,8,0,6,0,3,2,10,0,5,3,694.9,False
2,3,10,2,8,1,7,4,2,2,3,5,10,8,0,2,1,5,6,10,3,667.5,False
3,1,8,6,10,10,4,4,1,7,7,8,5,8,0,2,2,3,8,10,0,741.2,True
5,4,6,7,10,10,10,5,1,8,5,9,10,7,0,1,2,10,8,10,3,770.1,True
5,1,10,8,10,10,3,5,2,2,4,8,10,9,3,0,2,7,6,7,3,732.9,False
1,5,10,4,9,6,4,4,1,4,3,10,0,5,0,10,1,4,0,3,1,635.6,False
2,5,3,9,4,10,4,0,1,5,1,2,0,8,0,0,1,1,0,10,0,632.9,True
5,4,3,10,10,10,3,0,2,0,3,5,0,5,5,5,2,10,3,10,3,655.0,True
4,4,8,5,8,8,1,2,2,2,1,4,0,7,6,7,2,4,1,3,2,619.5,True
5,4,10,7,10,8,10,5,1,8,4,9,10,7,3,1,2,10,4,10,3,759.9,True
4,4,3,7,4,2,0,5,2,2,0,5,5,7,0,3,2,4,2,5,3,636.7,False
1,3,0,6,1,3,1,0,2,7,1,2,0,6,3,2,2,3,1,3,2,588.3,False
1,5,0,2,0,10,3,3,2,1,3,3,4,5,3,7,2,5,7,4,0,605.3,False
3,2,10,10,10,8,8,5,1,1,7,1,10,8,0,0,2,10,6,10,1,751.7,False
5,4,2,4,10,5,0,1,1,8,2,6,4,9,0,5,2,5,5,6,2,674.7,False
3,3,2,2,5,10,0,2,2,1,1,2,1,7,5,1,2,4,1,10,3,620.8,True
2,4,10,7,6,10,2,3,2,7,0,10,0,7,10,2,1,4,3,3,1,630.9,False
4,3,2,5,5,5,3,4,1,7,1,6,1,8,0,2,2,5,7,7,1,683.0,False
2,3,3,7,3,6,5,5,1,7,2,3,0,7,0,1,1,10,4,2,1,658.4,False
3,3,6,4,5,8,5,2,1,5,9,10,2,6,3,5,2,4,3,3,1,676.6,True
1,5,1,6,2,1,2,0,2,1,0,1,2,6,5,1,2,6,1,1,1,572.8,False
5,3,10,6,6,2,5,0,1,5,2,5,0,9,0,1,1,8,3,10,1,672.8,False
5,2,10,6,5,2,6,1,1,5,2,5,0,9,0,1,1,8,4,10,1,681.3,False
4,4,2,2,10,10,2,2,2,5,2,6,3,6,3,1,2,3,2,5,3,645.2,False
4,0,10,3,10,5,5,5,1,7,1,6,5,7,0,1,1,10,2,10,3,713.4,True
1,5,7,10,10,8,5,5,2,2,2,5,0,8,10,7,1,10,2,5,3,630.1,False
3,2,10,2,6,1,2,3,1,8,2,5,2,8,0,1,1,6,2,8,1,664.1,False
3,2,5,6,4,3,3,2,1,6,1,3,1,9,10,0,2,3,1,10,0,650.3,True
4,3,7,8,7,10,6,5,1,5,5,3,5,8,2,5,2,4,5,5,2,704.5,False
4,3,5,10,10,10,0,2,2,6,1,5,2,6,0,0,2,2,0,5,1,662.0,True
2,2,3,6,10,10,3,1,1,7,3,10,1,7,10,5,2,5,7,7,1,676.8,True
5,5,10,1,2,3,1,1,1,4,2,10,0,7,10,8,1,6,3,10,1,620.7,False
3,0,5,6,8,10,2,0,1,5,3,5,5,8,10,1,2,4,8,10,2,689.6,True
2,5,3,4,4,6,3,3,1,9,3,2,7,6,5,5,2,9,5,4,2,656.3,False
3,3,4,8,4,8,7,3,2,5,7,5,5,7,0,6,2,8,4,4,1,675.8,True
1,5,2,8,4,10,3,0,1,8,6,10,4,8,0,2,1,6,7,10,1,677.0,False
5,1,10,8,8,10,6,5,1,7,4,10,10,8,0,1,2,10,10,7,2,777.3,False
0,1,0,4,0,2,1,0,2,7,4,2,1,7,0,8,2,0,6,10,1,603.8,False
0,4,5,4,2,7,0,2,2,3,2,5,0,7,0,1,2,3,1,7,1,616.3,False
3,1,3,5,1,4,1,2,1,2,1,2,0,7,0,3,2,1,1,5,2,627.6,False
3,4,2,3,3,2,0,2,2,5,1,3,0,6,0,3,2,4,1,1,3,597.0,False
3,3,10,6,2,6,2,5,2,10,4,2,6,8,0,7,2,5,6,2,1,668.6,False
2,2,0,3,0,10,4,1,1,7,2,4,1,6,0,10,2,5,1,10,2,639.7,True
3,1,6,5,3,4,5,2,1,5,3,10,2,8,10,9,2,6,3,3,2,653.2,True
3,4,5,10,10,5,3,5,1,7,3,9,1,9,0,3,2,5,5,10,1,712.7,False
3,0,8,10,5,4,8,0,1,9,4,9,8,7,5,2,2,10,6,8,1,725.9,True
1,3,9,9,10,7,1,5,2,7,2,3,10,9,0,0,2,2,5,8,2,696.2,True
5,0,10,10,10,10,10,5,2,10,10,10,10,10,10,10,2,10,10,10,1,769.2,False
3,1,3,8,2,7,2,5,2,6,1,10,8,7,0,9,2,2,1,10,2,670.0,False
3,4,7,6,10,6,3,2,1,4,7,5,3,8,0,6,2,10,1,3,2,681.1,False
3,3,4,7,2,7,2,2,2,6,1,5,1,7,1,4,2,4,1,3,3,629.9,False
2,3,5,2,1,3,2,0,2,4,2,5,1,6,3,2,2,2,2,7,3,605.9,True
5,3,6,3,3,7,2,5,1,9,3,2,1,7,10,4,2,0,3,5,2,649.7,True
2,0,3,10,2,10,3,0,1,6,6,6,3,6,0,0,1,9,3,3,1,672.4,True
5,4,2,3,0,6,2,1,1,3,3,4,10,4,5,6,2,6,1,4,0,632.5,True
3,2,3,4,3,3,2,5,2,7,2,10,2,7,0,1,2,10,3,10,2,678.5,True
1,3,6,4,0,10,3,3,1,8,2,8,2,8,10,2,1,2,4,10,1,644.3,True
2,2,6,1,4,10,2,3,2,6,3,8,0,7,6,0,2,6,0,2,1,640.7,False
5,5,10,5,3,10,3,5,1,8,2,8,5,7,5,7,2,3,2,8,2,686.6,False
2,3,1,8,6,10,3,1,2,7,1,1,5,7,0,1,2,2,1,3,2,637.6,False
0,2,10,5,10,10,10,0,1,5,6,3,10,6,0,2,2,10,8,5,2,719.4,True
4,4,2,5,2,1,0,2,1,5,0,2,1,7,8,0,2,2,0,6,3,612.3,False
2,3,9,0,10,10,5,0,2,4,5,4,10,5,0,0,2,9,10,10,3,697.3,False
1,4,0,7,10,5,5,1,2,7,4,2,10,6,10,2,2,9,9,7,3,656.3,False
3,2,2,5,4,7,0,5,2,8,2,7,0,6,0,1,2,3,2,7,2,655.6,False
2,3,6,5,0,8,0,0,1,1,2,10,4,6,0,5,1,6,0,5,3,625.6,True
2,5,2,5,10,5,3,5,2,4,2,2,2,7,9,2,2,2,1,3,2,615.7,True
5,4,8,5,10,10,7,5,1,7,5,7,5,7,2,5,2,3,5,10,2,723.8,True
2,5,4,3,3,2,1,2,1,4,1,3,1,7,7,10,2,6,0,3,1,595.5,False
2,3,4,4,3,9,2,3,2,4,3,7,2,7,8,0,1,5,2,4,1,618.4,True
1,4,9,9,8,8,3,3,1,7,8,6,4,8,5,3,2,5,1,5,2,688.1,False
5,2,1,6,2,2,0,1,1,8,6,3,5,8,0,1,2,3,5,10,1,675.6,True
2,0,3,10,10,7,4,2,2,6,4,6,5,7,0,1,2,10,4,10,1,704.9,False
1,5,0,1,3,3,0,2,1,2,1,2,0,5,10,10,2,0,1,10,0,569.4,False
1,4,3,5,3,10,7,1,1,3,3,2,9,5,10,5,2,10,2,5,0,644.2,True
5,1,10,10,10,10,10,5,1,9,2,7,10,8,1,1,2,10,5,9,2,778.4,True
3,1,5,6,2,4,7,3,1,2,3,5,10,7,0,2,2,8,2,10,1,697.9,True
4,3,4,3,3,2,4,2,1,4,2,5,5,7,0,6,1,2,2,8,2,633.3,False
1,5,10,2,10,10,0,5,1,3,2,2,0,5,10,7,1,1,2,2,1,603.4,False
1,5,10,2,10,10,0,5,1,3,2,2,0,5,10,7,1,1,2,2,1,603.4,False
3,3,3,4,2,8,3,3,2,0,1,8,2,7,10,3,2,5,1,10,2,627.1,True
2,1,10,10,10,6,2,5,2,9,4,7,10,6,0,2,2,4,5,10,1,721.9,True
3,3,10,9,10,3,10,5,2,0,2,3,1,7,0,1,2,6,4,10,2,689.0,False
1,2,4,8,4,8,3,0,1,6,4,6,3,8,8,1,2,4,6,5,1,662.6,False
3,4,1,7,10,10,5,5,2,8,0,9,1,7,5,8,1,10,1,7,2,651.1,False
4,3,1,6,3,6,5,5,2,6,2,1,5,7,0,1,2,10,1,10,1,671.6,True
3,2,10,6,3,10,10,5,1,8,2,6,2,6,3,1,2,3,4,7,1,708.1,False
2,3,4,10,2,2,5,0,1,5,1,9,5,8,2,0,2,3,3,10,1,671.7,True
5,2,4,10,10,5,10,2,1,9,5,10,6,8,0,2,2,8,1,8,1,738.2,True
2,4,0,2,7,2,2,4,2,1,2,3,0,7,0,1,1,4,0,4,1,592.1,False
1,0,4,5,3,8,6,5,2,10,9,6,0,6,0,1,2,5,10,5,2,696.2,False
3,2,8,7,10,8,10,3,1,8,6,6,3,7,8,3,2,10,10,9,3,732.1,True
4,4,2,10,10,10,10,5,1,6,3,5,5,8,0,0,2,10,8,10,2,745.7,True
2,4,8,4,5,5,3,3,1,8,2,6,1,7,2,0,2,5,1,5,2,665.8,False
2,3,3,1,10,4,1,5,2,5,0,10,0,6,0,4,1,1,1,3,1,613.7,False
5,0,10,10,10,7,5,5,2,9,1,2,10,5,0,10,2,10,1,10,3,715.6,False
1,4,1,3,8,6,2,2,1,4,2,9,3,7,0,6,2,5,1,6,1,647.7,True
2,3,3,1,10,4,1,5,2,5,0,10,0,6,0,4,1,1,1,3,1,613.7,False
3,5,0,7,6,10,10,3,1,4,5,10,2,8,0,7,2,5,3,3,2,680.4,False
5,2,10,10,4,5,3,4,1,8,1,9,3,6,4,1,2,5,2,7,1,703.6,False
1,3,0,4,2,3,3,2,1,4,2,7,0,8,5,1,1,4,2,5,1,611.8,True
2,4,10,10,10,10,2,5,2,8,8,7,10,9,5,2,2,10,8,10,2,736.1,False
1,2,8,6,5,2,5,4,2,8,2,10,0,7,0,1,2,4,1,10,3,671.7,False
1,4,2,5,10,2,4,4,1,8,2,7,2,6,10,2,2,8,1,5,1,652.2,True
4,2,10,8,10,2,3,2,1,8,1,5,1,7,10,0,2,10,1,10,3,689.4,False
5,2,2,2,4,10,8,2,1,8,7,10,3,7,5,2,2,8,1,9,1,704.0,True
4,4,1,3,6,10,3,0,2,10,3,4,5,7,3,7,2,5,1,4,1,634.8,False
3,4,1,3,5,10,3,1,2,10,2,5,5,7,3,7,2,5,1,5,1,635.0,False
5,1,10,5,10,8,5,1,1,9,2,9,2,8,2,1,2,10,6,7,1,731.2,True
2,3,2,2,2,3,0,0,2,3,0,6,0,10,8,1,1,3,0,2,1,567.8,False
3,5,1,5,5,5,2,4,2,7,2,7,6,6,10,1,1,5,1,7,2,618.2,False
0,3,2,2,1,2,5,0,1,3,2,8,3,6,0,7,2,7,2,10,0,632.0,True
4,2,10,5,10,10,5,5,1,9,3,3,3,8,10,1,2,10,2,10,3,718.1,False
4,2,10,5,10,10,10,5,1,7,3,3,3,8,10,0,2,10,3,10,3,726.6,False
2,1,7,6,1,5,2,5,1,4,2,10,2,8,0,7,2,10,1,9,1,687.2,False
5,3,10,10,10,4,10,5,1,8,3,8,0,7,0,5,2,10,8,4,2,735.9,False
1,3,10,8,6,5,6,5,1,9,2,4,10,6,4,3,2,6,3,8,2,702.6,False
2,1,5,4,4,4,5,1,1,4,5,2,1,5,4,4,1,4,5,4,2,627.2,True
2,0,2,5,4,7,2,0,2,7,2,3,5,6,0,3,2,1,1,5,0,632.7,False
4,2,7,3,8,3,4,4,1,8,9,10,10,5,0,2,2,10,6,5,0,730.8,True
5,0,10,1,8,0,6,5,1,7,2,10,1,10,10,4,2,2,0,3,1,677.4,True
2,2,4,6,7,7,4,3,2,7,6,10,5,7,10,7,2,9,2,9,0,670.0,True
4,1,10,10,3,10,4,4,1,7,7,6,5,9,1,2,2,0,0,8,0,717.2,True
2,1,8,4,3,7,0,1,1,3,3,5,3,6,0,2,1,2,3,6,1,639.9,True
2,4,1,5,8,8,5,5,2,8,8,10,10,5,10,0,2,6,7,7,0,690.0,True
3,2,5,6,2,5,3,3,1,4,7,7,3,6,7,0,2,4,5,10,0,679.4,True
4,2,5,4,5,2,3,3,1,2,3,5,10,8,7,10,1,2,2,4,1,628.4,True
5,1,3,3,5,7,5,3,1,6,4,6,7,5,4,2,2,7,7,7,1,699.4,True
3,2,6,3,3,5,7,2,1,3,2,4,1,7,10,0,2,3,1,4,1,639.9,True
3,4,10,7,7,10,6,4,2,9,4,10,7,6,2,3,2,6,6,9,1,714.0,True
2,4,5,6,2,10,3,5,2,6,2,10,4,6,10,5,2,4,2,5,1,642.6,True
3,5,0,6,10,4,1,1,1,6,4,2,0,6,0,0,1,1,0,4,1,617.2,True
4,4,10,5,7,4,5,4,1,5,6,3,3,5,5,5,2,10,7,9,0,693.7,False
4,4,4,5,4,10,4,5,1,3,4,10,5,7,0,7,1,6,2,7,0,673.4,True
2,2,5,10,3,5,2,2,1,4,4,6,6,8,10,0,1,2,1,5,0,640.5,True
4,2,3,6,6,5,4,3,2,8,5,10,10,7,10,6,2,7,3,9,1,678.5,True
2,0,2,5,0,6,2,2,1,0,3,2,2,8,10,3,2,3,6,3,0,626.1,False
2,5,5,5,2,2,5,1,2,5,5,6,5,7,5,1,1,0,1,5,1,602.9,True
5,3,9,2,2,8,1,3,1,2,6,10,7,5,5,3,1,5,3,1,0,654.3,True
3,3,5,3,10,10,6,3,2,8,9,5,10,5,0,1,2,5,7,10,1,712.8,True
3,1,2,4,7,6,4,2,1,8,2,6,7,8,10,10,2,5,2,10,1,664.3,True
4,1,4,3,6,5,6,5,1,10,5,8,5,7,0,3,2,4,5,1,1,703.6,True
4,0,4,10,6,6,4,5,2,7,8,10,1,8,5,9,2,9,1,8,0,694.0,True
5,2,2,5,5,5,2,2,2,1,1,7,4,7,8,2,1,4,4,8,0,623.5,True
4,1,4,6,10,10,4,3,1,2,3,10,4,6,9,5,1,6,10,10,1,688.5,True
2,1,8,8,4,6,1,3,1,5,5,1,5,8,4,1,2,1,2,8,1,673.5,True
4,4,4,5,6,7,8,3,2,8,7,6,3,6,6,6,2,8,4,8,1,672.4,True
1,2,5,10,0,6,0,1,2,0,0,8,1,3,7,2,1,0,0,0,0,570.2,True
2,5,3,2,1,2,2,4,2,9,8,5,10,4,1,0,2,5,4,4,1,648.0,True
3,4,5,4,2,8,3,4,1,4,4,6,6,7,5,5,2,6,4,9,0,672.6,True
4,5,2,8,3,3,5,2,1,4,3,4,10,6,4,2,2,2,2,3,0,649.9,True
5,5,10,6,4,4,3,1,1,10,2,10,2,7,10,4,2,4,10,2,0,670.0,True
4,2,2,8,2,2,2,2,1,8,3,4,3,8,0,0,2,6,1,2,0,663.9,True
4,2,3,10,3,8,5,1,1,8,8,8,5,7,4,6,2,4,7,5,0,695.1,True
2,1,1,9,8,9,1,5,1,5,5,10,3,6,10,9,1,7,10,10,1,678.3,True
3,3,10,9,10,10,2,5,1,7,5,6,8,5,5,2,2,2,2,10,1,714.7,True
2,2,5,5,5,6,3,1,1,8,2,2,5,6,2,2,1,3,2,9,1,646.1,True
2,1,1,4,2,3,3,0,2,3,5,4,4,5,2,2,2,2,1,2,1,608.9,True
2,1,3,7,7,6,4,3,1,7,3,8,4,6,2,5,1,7,4,3,0,666.0,True
4,2,10,10,6,3,8,2,1,8,2,8,5,7,7,0,2,3,3,2,0,693.4,True
4,2,5,5,5,9,4,3,2,6,8,4,5,7,7,5,2,7,7,8,1,679.0,True
3,3,4,5,7,3,4,3,1,8,7,7,8,8,5,4,1,3,5,6,0,669.6,True
3,5,8,0,8,9,3,3,1,8,10,10,6,8,3,2,2,10,7,8,0,721.2,False
2,1,1,2,3,1,3,4,2,3,4,1,7,8,4,8,2,7,2,8,1,627.6,True
1,4,2,2,2,5,1,0,1,1,2,10,2,8,3,1,1,0,3,1,0,597.1,True
3,1,2,10,2,3,1,1,2,3,5,2,3,6,4,4,2,3,4,10,1,634.2,True
3,2,4,4,6,10,3,4,1,8,9,10,5,8,7,2,2,4,6,7,0,709.3,True
4,3,8,4,5,1,10,3,1,9,3,8,1,8,10,1,1,10,1,10,0,674.9,True
2,1,3,4,3,6,2,5,1,1,3,4,4,5,7,1,1,3,2,10,0,637.8,True
2,1,3,5,3,3,5,5,2,5,6,7,5,6,7,0,2,5,6,10,1,672.6,True
1,3,7,3,1,10,3,1,2,6,3,2,5,7,8,5,1,3,3,7,1,605.5,True
4,2,5,4,5,4,8,4,1,6,2,8,3,6,5,1,2,6,8,7,0,696.6,True
1,4,6,8,6,10,6,5,1,5,7,1,1,8,10,5,2,4,2,4,1,659.9,True
3,0,3,2,5,7,3,3,1,0,1,2,6,7,0,0,2,3,5,5,0,666.7,True
5,1,4,3,5,3,6,3,1,7,6,5,5,5,5,4,2,5,5,6,1,682.2,True
3,1,3,10,10,10,3,5,1,8,5,10,2,6,5,2,1,3,2,10,1,698.7,True
2,0,10,4,10,2,3,5,1,7,2,8,4,7,4,0,2,8,10,10,1,725.7,True
3,5,0,0,10,10,10,5,1,5,2,10,0,6,10,0,1,5,8,10,1,669.8,True
2,1,8,8,4,6,2,3,1,5,2,1,6,8,4,1,2,2,3,8,1,675.2,True
4,2,1,6,5,10,0,3,2,5,3,3,4,7,10,4,2,3,2,7,1,634.6,True
1,4,2,3,1,2,0,0,1,0,0,2,2,8,2,1,1,2,0,0,1,568.3,True
4,4,2,1,1,1,4,4,2,3,2,3,10,4,2,3,2,4,5,1,1,620.4,True
2,5,6,10,2,5,3,0,1,5,1,3,0,7,1,2,1,2,2,4,0,615.9,True
3,5,4,9,8,10,5,1,1,8,5,9,2,5,7,3,1,4,8,2,0,660.9,True
2,5,10,4,4,6,4,2,1,3,2,2,8,8,9,3,2,4,7,9,0,660.1,False
3,2,2,8,4,3,5,3,1,5,4,4,10,6,3,2,2,6,3,3,0,675.4,True
2,2,3,3,4,3,3,2,1,8,1,8,6,6,5,3,1,6,6,7,1,649.0,True
3,1,4,2,5,4,2,2,1,6,5,10,5,7,0,2,2,5,4,1,0,676.8,False
5,2,10,10,3,5,4,2,1,4,4,3,3,8,0,1,1,3,2,3,1,667.1,True
2,2,10,3,3,10,10,5,1,10,8,5,10,6,0,0,2,10,10,10,0,758.9,True
4,3,5,4,6,8,3,3,1,6,5,7,3,8,5,4,2,6,4,4,0,679.8,True
2,1,2,5,2,10,2,5,1,8,1,5,5,7,0,10,2,0,4,10,0,670.7,True
4,2,3,5,5,5,4,4,1,0,2,10,4,8,4,7,1,6,1,10,0,656.6,True
5,5,8,4,5,5,7,4,1,9,3,10,1,6,4,5,2,8,4,10,0,698.7,False
5,1,6,4,2,6,5,5,1,5,4,10,1,7,3,7,1,6,3,7,0,673.4,False
3,1,3,10,9,3,5,4,1,8,3,8,8,6,7,3,1,9,3,4,0,684.7,True
5,1,10,10,3,3,8,3,1,8,1,8,6,7,7,0,2,2,3,8,0,707.0,True
1,3,3,10,3,10,5,3,2,4,3,6,4,5,5,2,2,10,3,4,0,656.9,False
3,1,5,6,4,5,3,1,1,6,3,3,2,7,7,1,1,4,4,3,1,636.3,True
3,4,10,5,10,4,10,5,1,5,6,2,3,7,3,5,2,10,7,8,0,710.9,False
1,4,5,7,4,5,2,3,2,2,3,7,4,5,3,2,2,8,2,3,1,635.0,True
1,3,3,10,4,10,7,3,2,7,3,6,4,5,5,2,1,10,2,4,0,648.4,False
3,2,4,10,3,10,3,2,2,7,2,9,4,6,8,3,2,3,2,4,0,652.6,False
3,2,2,6,2,9,6,2,1,8,3,7,4,7,5,3,2,4,1,4,1,667.7,False
3,3,4,6,6,10,1,2,1,4,3,7,2,8,5,4,2,5,3,10,0,673.0,False
2,2,7,5,3,10,4,3,1,0,6,4,5,8,7,7,1,5,4,7,1,648.6,True
4,1,2,10,3,4,3,2,1,8,3,4,3,8,0,0,2,6,2,3,0,680.9,True
5,0,10,4,8,6,8,5,1,6,4,10,4,6,6,2,2,8,9,10,0,742.9,False
1,1,2,3,2,10,8,1,2,4,2,2,0,6,10,4,1,10,1,1,0,595.1,True
1,4,3,6,2,5,3,2,2,2,4,7,3,6,4,1,2,3,1,1,1,613.1,True
3,3,10,10,6,10,7,2,1,5,1,10,2,7,7,1,2,5,2,6,1,695.5,True
4,0,7,10,10,10,4,5,1,10,4,10,3,7,0,1,2,2,6,10,1,751.6,True
5,1,5,5,9,10,8,5,1,5,6,10,6,7,7,0,2,6,4,10,1,738.0,False
1,5,10,8,10,5,0,2,2,10,1,2,5,5,0,10,1,2,1,5,1,613.6,True
5,2,10,8,10,10,3,5,1,7,5,9,10,6,0,6,2,6,4,10,2,747.8,True
4,4,4,6,4,9,6,3,2,7,4,8,5,7,3,3,2,7,10,5,1,686.6,True
1,2,6,5,4,10,7,3,1,7,5,4,6,8,8,7,1,6,2,7,1,658.8,True
3,5,1,4,5,8,2,2,2,8,1,2,0,6,10,10,2,8,0,5,1,596.8,False
4,1,2,4,0,5,4,4,1,2,2,4,5,9,10,0,1,4,1,4,0,631.8,True
4,0,7,9,10,10,5,5,1,10,3,10,3,7,0,1,2,5,7,5,1,748.2,True
1,4,2,2,10,10,3,5,2,6,8,3,0,7,5,0,2,10,8,2,3,665.2,False
2,5,6,10,2,5,3,0,1,5,1,3,0,7,1,2,1,2,2,4,0,615.9,True
3,2,8,4,6,1,7,3,1,6,2,10,1,8,7,1,1,8,2,3,0,660.0,True
2,1,7,7,2,7,1,2,1,4,3,1,4,8,5,1,2,1,3,6,1,654.8,True
2,1,6,10,8,6,7,3,1,6,6,4,3,8,5,1,2,3,6,10,1,708.1,True
4,5,4,4,10,5,2,5,1,7,3,10,2,8,10,3,2,3,5,5,2,671.9,False
1,2,0,3,0,5,2,2,1,0,2,1,0,7,5,6,2,4,0,3,2,593.4,False
5,1,2,7,4,5,4,5,1,10,8,4,10,8,10,0,2,5,10,10,0,725.1,True
2,4,8,2,2,7,6,4,1,4,3,8,5,7,3,6,2,4,2,3,0,659.4,False
2,5,2,5,5,10,2,5,1,10,1,2,10,7,10,1,2,3,1,2,2,653.1,False
0,5,2,2,2,8,6,1,2,6,2,4,3,6,7,4,2,3,3,1,2,595.5,True
2,3,2,3,4,4,4,0,1,6,2,1,3,7,5,8,1,4,0,3,1,593.4,False
1,5,10,3,5,10,2,5,2,8,4,3,1,7,10,5,1,10,1,10,1,632.9,False
5,4,2,10,10,10,3,2,1,5,1,10,0,7,10,1,2,2,0,10,3,675.1,False
5,4,3,5,3,10,5,2,1,2,0,5,1,6,6,7,2,2,1,4,2,631.4,True
2,0,7,2,6,5,5,2,2,9,1,5,6,6,0,0,2,7,3,10,3,682.4,True
3,3,2,10,10,10,10,4,2,5,5,3,10,6,0,10,1,6,4,2,2,666.7,False
0,4,0,7,4,5,3,3,2,6,2,4,0,5,5,5,1,7,1,3,1,588.5,False
1,3,10,6,3,6,6,2,2,2,1,6,5,6,2,1,2,2,0,1,3,633.3,False
1,1,2,4,10,10,1,5,2,10,2,6,0,7,0,1,2,5,1,2,2,664.1,False
2,4,8,10,7,10,10,5,2,8,7,10,10,7,5,8,2,10,10,4,3,724.4,True
2,3,10,8,10,5,5,5,1,4,1,3,4,6,0,3,2,10,2,2,2,690.5,True
5,1,2,4,5,6,2,0,1,2,5,5,0,5,0,0,2,3,0,4,2,649.9,False
2,3,10,10,8,8,6,5,2,9,5,4,10,8,0,1,2,6,1,10,2,720.0,False
2,1,4,3,3,5,5,5,2,9,3,7,7,7,2,1,2,10,6,8,2,693.2,True
4,3,10,10,10,6,7,5,2,7,4,8,5,7,10,2,2,10,7,6,2,712.1,False
5,1,9,4,5,4,5,1,1,9,1,10,1,8,0,1,2,6,6,10,1,712.7,False
3,2,2,10,5,6,7,1,1,6,3,5,5,7,7,4,2,6,7,3,1,674.1,False
3,3,5,8,10,6,4,3,2,7,5,5,10,6,2,4,2,8,1,5,2,682.4,False
3,3,2,8,10,10,4,5,2,4,2,10,1,7,5,4,1,10,1,3,2,654.7,False
5,5,2,3,10,10,6,1,2,10,2,1,3,8,0,2,2,3,0,2,3,648.0,False
1,2,2,5,5,4,3,5,2,5,1,10,1,9,5,4,2,5,1,7,1,644.9,False
0,5,0,3,0,2,10,1,2,10,0,3,0,5,10,7,2,10,0,10,3,593.4,True
3,4,3,8,7,10,5,2,1,3,3,4,5,7,4,3,2,3,4,9,3,675.6,False
4,2,10,3,10,10,10,1,1,7,5,9,10,6,0,3,2,10,8,10,1,752.9,False
3,5,5,5,2,10,7,1,1,4,3,10,1,7,0,5,2,7,1,4,2,664.9,True
5,1,1,10,8,5,2,5,2,6,3,3,10,7,0,2,2,4,2,10,3,694.1,False
4,3,5,8,2,9,3,2,1,7,3,6,5,6,4,3,2,5,2,2,3,669.0,True
2,0,3,2,1,10,2,2,2,10,2,5,2,8,0,2,2,4,5,9,1,664.1,False
5,2,4,8,2,10,2,1,1,8,1,10,1,8,10,0,2,1,1,7,1,668.5,False
1,3,10,6,2,5,8,4,1,8,3,5,4,6,1,3,2,7,4,7,1,690.9,False
4,3,5,4,2,4,2,2,1,7,1,5,1,7,0,0,1,1,6,1,0,635.0,True
1,3,2,4,4,4,5,1,1,3,2,2,0,6,0,2,1,3,1,4,1,607.0,False
4,2,3,2,2,2,2,2,2,6,0,10,3,5,0,2,2,4,2,7,2,639.0,False
2,1,2,4,2,7,4,0,1,7,2,2,4,9,0,1,2,3,1,5,0,653.5,False
4,3,4,3,5,10,9,2,1,4,6,10,2,6,6,4,2,2,5,10,1,686.8,True
3,4,5,8,3,8,2,2,2,3,1,7,3,6,0,2,2,10,1,3,1,648.8,False
4,1,2,10,6,10,6,3,2,8,5,10,7,7,0,1,2,2,2,6,3,704.0,False
3,4,2,4,10,10,2,2,2,5,8,1,1,9,3,0,1,2,2,6,3,632.9,False
4,2,3,1,3,1,2,1,1,6,3,2,7,5,2,0,2,5,3,2,2,642.5,True
1,5,2,2,0,1,0,0,2,0,2,1,0,7,0,5,1,2,0,3,0,540.7,True
3,1,5,10,10,5,10,5,2,10,10,10,10,6,0,1,2,10,10,10,3,766.7,False
1,4,2,10,5,10,5,3,2,2,4,6,3,6,2,5,2,10,1,4,2,650.3,False
3,1,5,10,10,5,10,5,2,10,8,10,10,6,0,1,2,10,10,10,3,763.3,False
1,2,7,5,0,10,8,2,2,6,3,9,1,7,0,0,2,4,4,0,1,659.6,True
2,1,6,2,3,1,4,5,1,6,1,2,3,8,0,4,1,4,1,0,1,629.5,True
1,5,1,5,4,10,5,3,2,3,3,2,0,4,7,8,1,5,0,1,1,572.6,True
4,1,6,7,4,1,0,2,2,3,2,4,0,9,0,2,1,2,3,7,2,625.0,False
5,2,0,4,0,10,3,0,1,7,1,10,0,7,10,3,2,2,1,4,2,636.0,False
1,3,0,6,3,5,0,1,1,6,4,6,0,5,0,0,1,3,0,10,1,624.6,True
2,2,0,2,0,9,6,2,1,8,1,5,0,8,9,5,2,2,1,8,0,631.8,False
4,5,6,2,9,3,3,1,2,5,3,10,0,6,7,1,2,5,1,0,2,623.9,False
2,3,5,5,10,10,2,3,1,8,5,2,4,5,10,0,2,6,2,3,1,666.3,True
2,3,7,4,10,10,3,3,1,10,6,2,1,5,10,3,2,3,4,10,1,674.8,False
2,3,7,4,10,10,3,3,1,10,6,2,1,5,10,3,2,3,4,10,1,674.8,False
2,3,7,4,10,10,3,3,1,10,6,2,1,5,10,3,2,3,4,10,1,674.8,False
3,3,8,7,4,6,1,5,2,9,1,2,5,7,1,2,2,6,1,10,3,671.8,True
2,3,4,5,3,3,2,2,2,0,1,1,0,6,0,1,1,2,1,4,1,584.7,True
4,4,3,8,5,5,5,4,2,4,2,6,5,6,10,10,2,7,1,2,2,626.5,False
4,3,7,5,2,10,7,1,1,7,5,6,7,8,0,1,2,3,4,8,1,703.4,False
2,3,1,0,2,2,1,1,2,8,3,2,0,6,10,0,2,8,0,1,1,586.6,False
1,2,6,1,1,5,3,0,2,1,1,5,6,7,4,3,1,0,1,6,1,587.4,True
1,2,6,1,1,5,3,0,2,1,1,5,6,7,4,3,1,0,1,6,1,587.4,True
2,3,4,4,10,3,6,3,2,7,5,7,5,5,3,3,2,7,3,10,3,672.4,False
5,1,10,5,3,3,3,1,1,8,1,6,5,8,0,0,2,2,5,5,1,689.8,False
3,4,10,10,3,10,7,1,1,7,2,9,2,7,10,2,2,10,1,10,2,693.6,True
5,0,10,10,10,10,10,5,1,5,2,7,2,7,0,0,2,10,4,2,2,749.3,False
5,3,10,4,5,5,8,2,1,8,2,7,3,7,0,4,2,4,0,4,2,684.7,False
3,5,4,5,6,7,7,2,2,3,6,2,3,9,1,6,2,4,3,6,2,645.0,False
1,1,0,0,0,10,1,0,2,5,3,1,10,9,10,1,1,0,2,10,1,597.2,True
1,1,4,2,2,1,2,2,1,3,2,2,0,6,0,2,1,4,1,10,3,615.5,True
1,5,1,6,2,4,1,0,2,2,4,3,0,5,1,8,1,1,2,1,1,554.3,False
1,3,4,2,1,3,1,3,1,4,2,3,1,7,10,6,2,3,0,5,3,600.6,True
5,1,1,10,9,5,7,2,2,5,7,4,0,6,0,2,2,6,1,7,3,678.8,False
2,1,5,2,10,5,4,0,2,4,3,3,2,8,0,2,2,5,2,3,2,641.6,True
4,4,4,1,4,2,2,2,1,5,2,1,1,8,0,1,1,2,0,7,2,617.4,False
4,0,10,3,4,1,9,4,1,9,2,10,1,8,0,0,2,2,5,10,2,717.8,False
2,2,5,5,6,4,2,3,2,4,2,2,1,6,2,7,2,5,2,3,1,620.6,False
3,1,8,4,0,8,2,4,1,7,4,8,0,7,0,3,2,1,1,3,2,669.6,False
2,2,3,3,2,8,3,0,2,6,4,5,7,7,0,7,2,7,3,5,1,641.8,True
2,1,1,4,1,1,2,0,2,2,2,2,3,7,0,3,2,0,2,5,2,598.7,True
2,1,1,4,1,1,2,0,2,2,2,2,3,7,0,3,2,0,2,5,2,598.7,True
1,4,10,6,2,10,5,0,1,6,2,6,1,7,5,0,2,7,1,3,1,657.3,False
5,3,10,10,6,10,5,5,1,4,4,6,5,7,10,1,2,2,3,6,3,701.5,False
2,2,4,10,3,4,2,5,2,3,3,9,6,6,0,1,2,1,1,10,3,667.9,False
2,3,1,4,2,8,5,3,2,4,3,3,3,6,3,2,2,6,1,4,2,629.3,True
3,2,7,3,6,5,7,2,1,4,3,5,3,6,5,4,1,7,5,7,0,656.9,False
4,1,10,10,10,10,6,5,2,5,0,6,3,8,0,1,2,10,3,10,3,727.2,False
5,5,2,10,4,10,6,2,2,5,4,10,5,5,0,6,2,9,2,6,3,676.4,False
3,3,1,3,4,3,2,0,2,4,0,3,0,6,0,7,1,3,0,1,1,568.1,False
3,2,3,3,10,6,5,5,2,5,5,6,10,6,2,6,2,8,7,5,2,687.7,False
3,3,4,4,5,10,3,0,1,5,6,10,0,8,0,1,1,10,4,10,2,680.4,True
3,3,10,5,1,2,3,0,1,8,6,2,1,6,1,2,2,5,1,5,3,651.2,False
0,2,1,4,4,6,4,0,1,2,1,3,0,7,0,5,2,4,3,2,1,617.6,True
5,2,7,10,7,10,5,5,1,8,5,4,3,6,0,3,2,3,1,6,1,712.8,False
1,2,1,2,1,2,0,0,1,1,0,2,0,9,0,2,1,0,0,4,0,577.0,True
1,2,1,4,2,7,2,0,2,1,1,2,1,7,1,3,2,4,0,4,1,597.0,False
3,2,10,4,10,4,5,4,2,8,2,4,2,6,0,1,2,10,10,5,2,697.5,False
3,2,6,2,5,1,0,0,1,1,0,5,0,6,0,2,1,4,0,5,1,605.9,True
1,2,3,2,5,2,3,1,2,7,3,7,4,6,7,4,2,3,3,0,3,609.7,False
5,3,5,4,5,5,5,2,2,7,7,2,2,8,0,2,2,5,2,8,3,666.9,True
3,1,10,0,5,3,10,5,1,5,4,10,10,7,10,1,1,5,4,7,1,688.7,False
5,4,9,5,10,10,9,1,1,2,4,7,3,7,7,0,2,10,10,4,2,711.9,True
4,4,10,10,10,10,10,5,2,9,9,9,10,8,0,0,2,5,2,2,2,741.4,False
1,1,6,3,4,4,1,1,2,5,3,1,5,9,0,0,2,2,4,7,3,641.4,False
4,1,4,4,7,2,5,5,2,7,2,7,10,6,0,2,2,10,4,7,3,698.1,True
1,5,8,4,9,4,6,1,2,8,3,1,8,7,0,10,1,10,7,3,1,634.2,False
1,5,1,4,10,5,4,1,2,9,4,4,1,7,1,1,2,6,0,1,1,628.0,False
1,5,1,1,0,1,0,0,2,5,0,5,0,5,10,1,2,5,0,4,3,559.8,True
2,4,6,0,4,1,2,5,1,1,2,8,3,8,10,7,1,8,1,7,1,615.4,True
2,0,2,4,1,6,3,5,2,3,2,7,1,8,0,2,2,10,1,10,2,666.2,True
4,4,7,6,4,3,2,5,2,5,1,5,1,7,2,8,2,6,0,2,2,629.9,False
4,1,8,3,3,7,2,0,2,4,4,10,7,6,0,2,1,5,0,2,3,640.9,True
1,2,2,5,0,10,0,0,2,0,4,1,0,6,0,2,1,8,3,4,1,594.9,False
5,2,5,5,4,5,5,5,2,7,2,9,2,7,0,1,2,10,2,5,1,688.5,False
4,3,1,4,5,3,8,5,2,8,10,6,4,5,0,8,2,10,3,10,1,684.1,True
4,2,5,7,10,10,1,2,1,7,1,10,0,7,0,0,2,6,10,10,2,721.0,True
1,3,10,4,3,8,3,5,2,4,7,1,10,7,4,5,2,10,7,10,0,683.5,False
2,3,0,7,8,4,7,1,1,8,3,8,8,6,10,2,1,8,6,7,1,662.6,True
4,0,1,6,10,7,8,4,2,7,7,4,10,6,5,0,2,9,7,10,3,721.3,True
3,4,10,2,8,5,3,2,1,4,1,3,1,7,0,2,2,7,1,4,2,658.4,False
4,3,3,2,3,4,3,2,2,2,2,3,2,6,0,3,2,2,3,9,2,625.9,True
2,1,8,5,10,5,3,5,2,6,1,7,5,7,0,2,2,10,1,4,2,686.4,False
3,3,3,6,10,4,4,2,1,6,5,3,3,6,1,1,2,1,5,6,1,671.8,False
4,1,3,10,8,6,5,4,2,7,2,10,3,8,0,1,2,4,0,7,3,694.0,False
2,4,5,3,2,5,5,3,2,5,5,1,3,7,4,4,2,7,4,3,2,629.1,False
5,1,5,5,2,4,3,0,2,7,4,2,5,8,0,0,2,1,5,10,2,663.5,False
2,2,1,6,10,1,0,5,1,6,1,2,1,7,0,0,2,4,1,10,3,665.0,False
0,4,2,2,1,5,2,0,2,0,0,1,0,6,3,8,2,3,1,4,1,559.2,True
1,3,3,2,3,3,2,1,1,7,4,2,3,7,6,1,1,6,6,10,0,629.3,True
1,3,10,10,10,10,2,4,1,6,2,7,5,7,3,3,2,7,1,7,2,703.4,False
3,3,5,3,4,7,5,5,1,8,4,5,2,8,7,0,2,3,5,3,2,674.3,False
1,4,10,10,10,10,6,5,2,7,1,8,10,7,10,5,2,5,1,10,2,690.0,False
5,3,2,5,0,4,1,1,1,2,2,10,10,8,10,1,2,4,2,5,3,649.8,True
1,3,1,4,4,8,5,3,2,4,0,8,5,8,7,2,1,7,2,4,0,620.5,False
5,3,8,10,10,10,4,5,2,7,3,10,3,7,0,8,1,8,8,2,2,693.8,False
3,2,8,7,10,10,4,5,1,0,4,10,10,6,0,1,2,10,2,6,2,731.0,True
3,2,10,6,6,10,3,3,1,8,3,4,2,8,7,1,2,5,2,5,2,686.0,False
3,4,0,6,5,5,0,1,1,1,0,7,0,5,0,2,1,0,1,7,1,606.1,True
3,2,1,7,5,3,2,2,2,8,1,4,5,9,10,3,2,4,5,7,1,638.6,False
4,0,10,5,10,10,3,3,1,10,4,10,3,8,0,1,2,4,10,5,2,743.3,False
4,2,10,7,6,4,4,3,2,10,7,10,10,8,10,6,2,4,3,8,1,692.3,True
2,3,2,4,1,4,2,0,1,2,1,10,1,6,10,1,2,3,0,1,2,605.2,True
2,2,2,8,1,1,0,1,1,1,1,3,1,7,9,0,1,2,1,2,1,585.3,True
1,4,1,2,1,10,1,5,1,2,6,8,3,7,5,10,2,4,5,6,1,640.7,True
5,5,7,10,5,10,6,3,2,9,7,8,3,7,10,0,2,6,8,7,2,698.5,False
2,3,10,4,5,5,2,0,1,5,3,3,3,6,10,3,1,5,4,5,1,622.5,True
3,5,0,9,10,10,2,3,2,10,2,5,10,7,3,5,2,3,10,2,1,672.4,False
2,3,5,10,10,10,3,5,1,8,3,8,4,7,0,3,2,4,5,5,1,712.1,True
4,5,6,10,10,10,5,5,2,5,2,8,10,6,5,10,2,10,2,7,2,689.8,False
1,2,3,4,10,3,9,0,2,7,2,7,10,6,0,1,2,4,2,3,2,660.7,False
5,5,10,6,5,10,10,0,1,10,8,5,10,8,10,0,2,5,4,10,3,718.5,False
3,3,5,10,10,10,5,3,2,8,7,4,10,6,0,1,2,5,9,10,2,723.0,False
3,3,8,5,8,5,4,1,2,3,2,10,5,6,0,7,2,10,2,3,2,659.6,True
3,2,5,6,7,10,7,3,1,8,3,6,5,7,2,2,2,10,8,2,1,713.4,False
4,2,9,4,9,7,4,1,2,4,4,7,5,7,8,1,1,5,3,8,1,654.1,True
4,4,1,10,5,10,0,2,1,4,0,7,4,8,0,1,2,7,1,10,0,683.2,True
4,3,3,10,10,10,10,3,2,8,3,6,10,6,0,1,2,10,4,7,0,723.4,False
3,1,2,6,3,8,2,2,1,8,3,8,3,7,5,2,1,1,1,8,2,650.9,False
4,4,4,3,5,7,3,3,2,7,1,6,0,8,8,8,2,5,1,4,3,621.8,False
3,1,8,2,5,6,8,2,2,7,4,8,3,6,10,3,2,5,8,8,2,671.1,True
3,5,3,5,3,3,3,2,2,7,1,7,1,6,1,10,2,5,2,3,2,611.4,False
1,1,10,10,10,10,10,5,2,6,5,4,7,7,0,3,2,9,3,2,2,716.4,False
3,3,1,2,0,8,0,0,2,6,1,10,0,7,7,2,1,4,3,10,1,603.7,True
5,3,6,4,10,8,10,3,2,9,8,5,10,7,6,1,2,5,8,10,3,721.7,False
4,4,4,6,6,10,6,0,1,7,4,3,1,8,1,2,1,9,3,7,0,667.1,False
3,5,1,10,3,8,0,5,2,6,1,2,2,7,2,10,1,4,0,10,1,610.6,False
3,0,1,5,6,5,6,5,1,8,0,10,0,6,0,0,2,3,1,5,3,686.8,False
5,2,10,3,3,10,10,2,1,10,7,3,4,9,4,8,2,10,7,10,1,723.4,False
2,1,3,4,1,3,1,1,1,6,1,7,0,7,3,0,1,3,2,5,1,621.8,False
2,4,10,6,6,9,5,2,1,7,3,10,3,7,5,5,1,10,3,6,0,675.1,False
5,4,4,5,4,6,0,1,1,5,3,7,2,7,10,1,1,3,2,7,1,628.6,True
3,3,3,4,2,10,1,3,2,6,3,8,6,7,2,2,2,10,1,6,2,664.5,True
1,4,4,4,10,10,2,1,2,2,4,5,5,6,0,0,2,10,2,2,2,651.8,False
1,0,0,0,1,2,0,0,2,0,0,4,0,6,0,1,1,1,0,7,1,566.6,True
2,4,1,3,3,2,9,1,1,5,2,7,1,7,0,1,2,9,1,10,3,660.9,False
3,3,5,5,10,10,6,2,2,8,4,5,5,8,10,1,2,10,3,10,2,686.2,True
3,3,3,3,1,5,2,0,1,0,2,1,1,9,10,0,1,1,1,1,0,580.2,False
2,3,1,7,3,7,6,1,2,5,2,7,2,6,0,3,2,2,3,4,2,635.2,False
2,2,6,6,4,10,2,0,1,6,1,9,1,7,0,5,2,5,1,7,1,666.4,False
5,2,8,3,3,3,7,2,1,4,1,5,5,8,4,1,2,6,5,8,3,684.5,True
4,0,4,2,0,3,4,0,2,8,2,9,4,8,6,3,2,7,2,2,0,639.4,False
3,4,2,5,10,10,6,3,1,8,1,5,5,6,1,3,2,3,6,5,2,685.8,False
5,3,2,7,10,3,6,5,1,8,3,5,6,8,0,1,2,1,3,10,2,708.3,False
3,5,10,3,10,10,6,2,2,4,5,7,3,7,5,6,2,10,3,3,2,666.0,True
3,5,10,3,10,10,6,2,2,4,5,7,3,7,5,6,2,10,3,3,2,666.0,True
3,5,4,1,10,10,7,2,2,3,4,8,3,7,5,7,2,10,3,4,2,652.6,True
5,3,10,8,10,7,0,1,2,2,5,7,2,9,0,4,1,8,8,7,2,674.9,False
3,4,10,4,5,10,5,0,1,3,2,10,0,6,10,0,2,5,0,5,2,654.5,True
0,5,4,6,2,4,1,3,2,4,2,2,1,5,0,5,2,0,3,7,0,600.0,False
3,2,6,3,5,4,3,4,1,7,2,3,0,6,0,3,2,5,1,2,2,654.8,False
3,1,6,4,4,4,4,4,1,7,1,3,0,6,0,2,2,5,1,2,2,659.9,False
1,4,2,7,4,4,3,1,2,3,1,6,1,5,4,7,2,4,1,1,2,592.3,True
3,1,6,3,5,8,4,2,1,6,6,1,6,8,10,2,2,6,3,5,0,670.1,False
2,5,4,5,3,7,5,3,1,10,5,6,8,7,0,1,2,6,4,4,0,687.9,True
3,5,3,7,3,5,3,3,2,3,1,2,0,6,0,2,1,10,1,3,3,608.7,False
2,1,1,1,1,6,1,0,1,8,3,8,10,8,0,0,2,4,6,7,1,676.6,True
5,5,5,2,10,2,1,5,1,0,1,8,0,6,8,5,1,6,2,3,1,620.1,False
2,1,0,9,2,10,4,4,1,1,2,8,2,8,10,1,1,4,1,2,1,635.8,True
5,3,9,5,5,6,5,5,1,8,4,10,6,6,3,2,2,5,8,7,1,722.5,False
2,5,7,2,2,3,2,1,1,8,2,10,1,7,0,1,1,6,1,1,1,627.5,False
4,3,10,7,6,5,5,3,1,4,2,8,1,9,0,4,2,10,2,10,1,705.7,True
1,4,2,4,2,6,2,0,1,4,1,3,0,9,5,3,2,2,3,4,1,611.2,False
1,5,3,3,8,1,1,0,1,8,1,1,1,6,6,2,1,7,4,4,3,600.0,True
5,4,2,3,7,2,2,1,1,7,6,5,7,7,2,3,2,2,3,1,2,653.7,False
3,1,1,1,1,2,0,2,1,0,0,10,5,6,2,2,1,3,0,2,1,606.9,True
1,4,2,0,5,10,5,4,2,4,4,3,0,9,0,10,1,8,3,10,3,623.1,False
2,2,0,4,7,6,3,3,1,3,0,4,2,6,0,6,2,1,2,3,1,632.9,True
4,1,10,4,10,4,5,5,1,7,0,6,5,8,0,1,2,4,2,10,2,717.0,False
3,5,1,2,4,2,0,5,2,5,0,2,5,9,10,0,1,3,3,2,3,587.2,True
2,5,0,4,5,5,3,2,2,3,1,3,0,6,10,6,1,2,0,2,2,556.2,False
1,1,1,1,1,2,2,5,1,7,4,1,1,7,0,3,2,2,2,8,1,641.0,True
4,5,1,5,3,10,8,5,2,3,0,7,1,7,7,7,2,7,1,2,2,630.3,False
3,4,3,6,10,10,1,5,1,4,1,6,8,6,0,2,2,3,7,10,1,701.3,False
4,4,5,5,10,1,0,3,1,2,6,7,8,7,0,1,2,1,7,3,1,677.9,False
1,2,2,1,6,9,0,5,2,5,5,10,6,8,5,0,1,0,0,5,0,632.8,True
2,3,10,8,3,10,5,0,1,5,5,10,10,7,0,1,2,9,8,10,0,729.5,True
0,2,10,3,4,10,7,0,1,6,7,8,1,9,10,3,2,2,5,3,0,663.2,False
2,2,2,2,3,9,4,2,1,8,2,2,2,9,4,2,2,8,2,7,0,662.0,True
3,4,2,7,0,10,4,1,1,3,3,9,2,5,0,8,2,4,4,6,0,650.7,False
0,3,3,8,2,10,7,0,2,0,5,7,10,6,10,10,1,4,6,0,0,601.2,True
2,1,4,2,0,10,2,0,1,4,4,5,1,7,2,3,2,8,0,5,0,646.9,False
2,3,2,7,5,10,5,1,1,8,5,8,2,7,0,4,2,3,4,2,0,673.0,True
3,2,10,10,5,10,2,5,2,5,5,7,5,3,0,3,2,4,8,2,0,690.7,False
1,4,2,10,0,10,3,2,2,1,2,5,1,10,4,3,2,8,4,1,0,628.8,False
1,5,9,10,10,10,1,3,1,10,0,8,10,6,0,2,2,10,0,10,0,717.0,False
1,2,5,6,7,10,2,1,1,3,3,3,6,9,0,2,1,0,1,10,0,653.7,False
1,2,1,8,6,10,3,5,2,5,3,8,3,8,6,5,2,4,3,1,0,649.4,True
3,2,4,10,4,6,5,2,2,8,3,6,4,7,7,4,2,4,2,3,0,650.5,True
2,3,0,10,4,10,2,0,1,7,3,5,2,8,0,2,1,2,0,2,0,633.5,False
3,3,6,10,5,10,8,3,2,5,7,4,4,7,3,4,2,6,9,7,0,694.3,False
3,3,2,2,1,6,2,0,1,5,1,3,2,6,2,2,2,1,1,2,0,614.0,True
1,3,4,3,5,10,6,2,1,5,5,2,6,6,5,10,2,3,2,3,0,639.3,False
3,2,6,7,6,10,10,1,1,7,6,10,2,7,10,4,2,10,5,7,0,705.7,True
0,2,1,4,3,10,2,1,2,4,0,10,0,6,0,5,2,2,2,0,2,610.3,True
3,2,3,5,3,10,10,3,1,10,6,5,5,6,0,2,2,10,8,6,2,721.5,False
1,3,0,2,3,10,2,1,2,4,3,6,0,6,10,0,2,10,2,2,2,611.2,False
5,2,7,6,9,7,9,2,2,3,6,7,7,7,5,1,2,7,6,7,1,703.4,False
1,3,7,3,3,7,4,2,1,4,2,4,1,7,10,1,2,6,0,4,1,633.1,True
1,3,4,3,2,4,0,1,1,7,1,6,1,7,10,3,1,2,5,0,0,592.7,True
3,1,10,10,10,5,5,5,2,6,4,8,2,7,4,2,2,4,1,5,2,691.7,False
2,1,3,2,4,3,10,3,1,7,6,8,10,6,10,1,2,3,6,8,3,688.1,True
2,1,7,10,10,8,4,3,2,7,5,6,8,9,0,0,2,10,8,6,3,727.4,False
4,3,2,3,1,4,1,5,2,4,4,2,0,8,10,1,2,4,4,3,1,615.9,True
5,0,7,5,10,10,10,5,1,9,8,10,5,7,0,0,2,10,7,10,1,782.2,False
5,4,10,4,3,3,5,4,1,4,1,9,1,7,0,1,2,7,5,8,1,693.6,True
1,5,5,2,0,3,2,3,1,8,2,8,4,8,0,0,1,3,1,9,1,637.5,True
3,2,2,4,2,9,5,2,1,8,2,7,5,8,0,1,2,8,2,10,3,695.1,True
2,4,0,2,2,4,4,1,2,4,2,5,4,7,0,2,2,4,4,10,0,628.2,True
5,2,7,9,10,8,2,4,1,6,3,7,2,7,0,4,2,7,2,2,3,703.4,True
4,2,7,5,5,8,2,2,1,5,5,7,3,7,0,3,2,5,5,5,2,689.8,True
4,4,8,4,10,10,5,5,1,8,1,7,5,7,1,3,2,3,2,4,1,700.0,True
4,4,3,3,10,5,2,5,2,6,1,8,3,8,1,8,1,10,3,6,1,647.7,False
3,3,10,6,0,6,1,4,1,5,1,10,0,7,2,1,2,2,5,5,1,671.7,True
1,5,1,4,7,3,1,3,2,1,1,6,1,7,1,10,2,6,2,4,1,599.5,False
5,1,2,3,8,10,2,3,2,9,3,5,7,7,0,0,2,7,5,4,2,692.8,False
5,0,6,10,9,5,8,5,1,8,5,10,5,8,2,10,2,10,8,10,1,751.8,False
1,5,0,2,3,6,1,0,2,2,8,7,5,9,0,5,1,3,0,2,1,589.9,False
4,2,1,5,7,3,3,2,1,5,4,7,4,7,2,3,2,3,1,7,3,666.0,True
5,0,7,10,10,8,8,5,1,8,8,10,9,8,0,0,2,8,7,10,1,787.5,False
4,2,3,9,10,10,9,2,2,8,9,5,3,7,0,2,2,4,8,5,2,709.8,False
2,0,3,3,1,6,2,3,2,9,3,3,7,6,0,8,2,4,0,9,2,644.6,False
2,2,9,4,3,10,1,2,2,4,1,4,2,6,10,5,2,0,1,10,0,621.0,False
5,5,10,8,4,10,0,5,1,8,4,4,10,8,0,4,2,10,1,5,1,713.2,True
2,1,1,4,7,5,8,3,2,5,4,7,5,6,1,3,2,7,0,3,2,659.0,False
3,3,6,3,3,10,6,5,2,6,2,10,0,7,0,1,1,5,1,10,1,663.2,False
3,5,0,0,0,3,0,3,2,3,1,3,1,6,10,2,1,5,2,4,2,559.6,True
3,2,3,9,6,8,9,4,2,10,7,7,7,7,5,8,2,6,9,6,1,701.7,True
2,1,5,5,3,5,3,3,1,7,2,7,5,7,0,1,2,7,2,3,3,679.6,False
1,5,5,0,0,10,0,1,1,5,1,7,0,7,5,0,1,3,1,10,2,611.6,True
2,5,0,10,5,6,7,5,2,4,0,1,10,6,0,10,1,3,4,10,1,630.6,True
2,4,3,5,5,6,4,2,2,7,2,3,10,5,7,7,1,6,2,4,2,610.4,False
1,5,4,10,10,10,3,4,1,7,4,8,2,7,3,5,2,5,1,6,2,681.5,False
3,2,1,5,2,10,2,1,2,8,2,3,5,6,0,4,2,1,4,4,3,636.1,False
4,4,3,4,6,10,2,0,2,5,2,9,7,6,8,4,2,6,1,3,2,635.6,True
5,1,10,10,10,10,9,5,1,9,10,5,10,8,10,1,2,5,10,10,2,772.9,False
5,2,10,5,6,10,5,5,1,5,5,10,10,7,5,2,2,10,8,6,3,744.8,False
1,1,10,0,0,2,3,5,2,2,1,5,0,8,10,1,2,0,1,10,3,616.5,True
4,3,2,7,10,8,6,5,1,7,1,10,1,8,1,2,2,10,3,10,2,721.2,True
2,5,3,5,3,6,3,0,2,3,7,10,2,7,0,3,2,4,0,6,2,632.6,False
1,5,3,5,3,2,2,0,2,5,4,7,10,9,0,1,2,1,4,10,1,642.6,True
4,4,6,10,10,10,8,0,1,7,3,10,3,7,0,2,2,8,2,1,1,705.7,False
3,5,3,5,10,10,5,3,2,10,10,5,8,9,5,1,2,10,10,10,3,718.7,True
3,3,7,3,3,4,3,1,1,5,1,5,7,9,0,5,1,2,4,8,2,645.6,False
2,4,4,5,7,4,3,3,2,3,1,5,0,9,4,0,2,2,0,5,3,625.2,True
2,3,10,3,10,10,10,5,2,9,1,6,10,8,0,1,2,10,2,10,2,727.2,False
2,1,5,3,5,7,2,5,1,5,2,7,2,9,0,1,2,5,1,3,2,678.3,False
2,3,7,4,10,7,5,5,2,8,2,1,1,7,0,7,2,10,2,8,3,669.9,False
1,1,1,3,4,4,5,1,2,7,2,5,2,7,2,1,1,4,1,10,2,621.4,False
5,1,10,10,8,8,1,5,1,10,2,4,2,8,0,3,2,8,2,10,1,730.2,False
3,2,3,5,5,10,10,0,1,8,3,10,5,8,0,10,2,3,1,7,1,683.8,True
3,3,8,5,1,10,2,5,2,3,0,4,2,6,0,5,2,3,1,2,1,634.6,False
4,2,7,10,10,7,5,5,2,7,6,9,7,8,2,5,2,10,4,6,2,722.7,False
0,5,3,4,5,10,4,2,1,8,2,10,5,7,10,1,1,10,1,5,0,644.5,False
0,4,0,2,0,2,3,0,2,3,0,1,0,7,9,4,2,2,0,6,1,554.3,True
2,2,3,4,4,6,1,3,1,4,1,4,2,7,0,3,1,5,1,2,2,626.3,False
1,3,3,2,5,5,7,3,2,5,4,4,4,6,4,1,1,5,5,4,2,624.4,True
3,5,2,3,5,3,1,2,1,3,2,4,10,10,10,0,1,3,1,9,3,625.2,False
3,1,4,5,0,8,5,0,1,7,2,3,2,7,0,1,2,2,0,10,0,661.8,True
2,4,4,7,4,10,3,2,2,10,8,4,10,9,0,0,2,7,8,4,3,696.4,False
0,2,8,3,8,5,4,1,2,10,4,4,10,9,0,0,2,10,4,4,2,684.5,False
1,4,8,5,3,10,3,2,1,6,2,4,3,7,10,0,1,2,0,2,1,619.5,False
3,3,4,3,3,5,7,2,1,7,3,7,2,7,0,4,2,3,3,4,2,662.6,True
2,3,7,6,8,10,8,4,2,6,3,9,8,7,4,3,1,8,7,6,1,686.8,False
4,3,10,5,6,10,4,5,1,6,2,6,2,7,4,1,2,10,3,6,2,706.6,False
1,4,1,3,8,10,10,5,2,7,2,3,3,5,10,1,1,10,6,5,2,641.0,True
1,5,2,5,1,8,0,1,2,2,0,5,0,8,0,10,2,2,0,2,1,579.1,True
5,3,1,3,0,5,2,1,1,7,2,4,5,7,10,6,2,2,1,10,0,629.7,False
5,3,6,5,1,10,2,3,1,8,6,5,1,7,3,5,2,10,5,10,2,696.2,False
2,5,1,1,1,10,4,4,2,7,1,5,1,7,5,8,1,5,2,1,1,589.1,False
1,1,6,10,10,10,1,1,2,1,10,10,1,4,10,0,1,10,2,5,2,652.4,True
0,1,1,10,8,5,2,3,1,4,2,2,2,6,2,1,2,1,4,10,1,661.4,True
1,5,0,0,4,1,0,0,2,2,2,2,0,4,1,0,1,1,3,0,0,545.4,False
3,2,10,10,3,6,6,0,1,8,3,8,10,7,0,4,2,4,5,10,1,713.8,True
4,3,4,6,10,5,3,5,2,3,3,6,5,7,5,4,2,5,7,7,3,672.6,True
4,0,10,10,10,10,6,1,1,7,2,9,1,7,0,2,2,10,2,8,1,734.4,True
3,3,7,2,2,3,3,2,2,1,2,4,1,8,0,4,2,0,1,5,2,612.9,False
2,3,2,1,2,5,4,4,2,7,1,10,3,6,6,0,2,2,0,6,1,630.7,True
5,4,7,4,4,3,3,5,1,5,3,10,7,8,10,6,2,3,10,10,1,688.9,True
2,2,1,10,2,5,3,1,1,3,4,2,3,10,10,7,2,3,4,10,0,640.1,False
3,5,8,4,10,10,1,1,1,8,4,6,2,7,0,10,2,4,1,3,1,659.0,False
4,0,1,2,3,2,4,1,1,7,5,4,5,6,0,0,2,5,5,10,3,680.5,True
2,4,5,2,4,10,2,1,1,3,2,6,0,5,5,6,2,7,1,5,2,629.7,True
1,0,10,3,5,5,5,5,2,5,3,10,9,5,2,1,2,10,1,10,2,700.2,True
3,3,3,6,2,7,4,2,1,3,3,10,6,6,0,2,2,5,2,5,2,673.2,True
3,2,4,4,7,8,4,3,1,3,3,6,1,6,3,2,2,3,3,10,2,674.1,False
3,1,4,10,8,6,4,3,1,8,5,10,5,6,0,1,1,7,5,10,3,712.3,False
5,2,8,5,4,4,4,2,1,6,1,7,2,7,0,1,2,4,1,7,1,681.3,False
0,4,0,4,5,10,2,1,2,3,0,10,1,5,0,4,2,3,1,10,2,622.0,True
4,4,10,2,1,2,0,5,1,8,3,10,3,7,4,2,2,2,2,7,3,668.3,False
4,1,10,4,8,3,5,1,1,3,4,10,1,7,0,2,2,10,7,10,3,714.2,False
4,5,10,6,10,4,5,5,2,10,8,7,10,7,0,5,2,4,10,10,3,723.8,False
2,3,6,5,3,6,2,5,1,1,3,5,1,8,1,7,1,5,0,3,1,628.4,False
2,3,6,5,3,6,2,5,1,1,3,5,1,8,1,7,1,5,0,3,1,628.4,False
5,3,10,5,10,10,5,5,1,9,5,8,2,8,0,1,2,10,7,10,3,754.8,False
0,5,1,10,10,10,10,5,2,5,5,5,10,7,10,5,2,10,2,10,2,682.6,False
3,5,10,6,5,10,5,2,1,5,3,5,1,8,10,1,2,8,4,3,1,669.2,False
2,5,5,10,4,5,4,3,2,4,8,5,2,6,4,6,1,4,5,7,2,629.7,False
3,1,3,6,7,2,7,1,2,9,2,3,8,7,3,1,1,8,3,4,3,649.9,True
1,2,0,10,10,3,2,5,1,8,4,1,10,8,0,1,1,0,10,5,1,678.6,True
5,3,10,10,8,2,3,3,1,8,8,10,6,8,10,3,2,10,3,10,3,722.9,True
5,2,5,7,4,4,4,1,1,8,4,10,9,8,10,1,2,3,5,10,1,697.4,True
4,1,0,3,7,5,2,1,2,3,3,4,8,8,8,1,1,3,4,6,0,623.1,True
2,3,3,3,8,7,3,2,1,4,7,2,3,7,0,3,1,4,0,5,1,639.5,False
3,1,2,4,2,4,4,1,2,5,4,4,5,8,0,1,1,4,4,9,1,638.4,True
2,2,5,10,8,3,6,5,1,8,4,5,2,7,0,0,2,7,5,7,1,711.5,True
5,4,7,7,4,6,4,5,1,4,1,6,1,7,3,6,2,6,4,6,1,676.0,False
2,3,5,10,0,5,1,0,1,3,5,8,4,7,7,10,2,2,6,6,1,637.3,True
3,4,2,3,4,10,1,1,2,5,2,7,1,6,2,3,1,2,0,4,1,601.2,False
1,5,0,0,6,2,1,0,2,2,1,2,1,7,10,0,1,2,0,10,2,556.2,False
5,2,10,10,10,10,6,3,1,7,5,10,10,7,0,1,1,10,6,10,1,755.0,False
5,1,4,7,6,3,4,5,1,8,3,10,2,8,0,3,1,9,2,5,2,694.0,False
3,1,7,3,8,6,7,3,1,6,6,7,3,6,10,1,1,7,8,6,2,681.1,True
2,3,1,1,10,2,1,5,2,6,2,8,5,8,7,1,2,1,0,2,2,627.3,False
3,5,1,10,4,9,2,5,1,3,0,3,2,7,0,5,1,3,5,2,2,634.6,False
1,3,6,8,9,3,6,4,1,5,4,6,8,6,3,2,1,3,6,4,1,670.7,True
5,4,8,8,10,10,1,5,1,5,4,10,5,6,2,2,2,7,1,1,2,707.2,False
5,1,10,10,5,4,5,5,1,7,5,2,10,8,0,1,2,0,5,7,1,724.7,False
1,3,2,10,8,4,4,5,2,5,2,8,2,6,0,1,2,10,1,4,3,667.7,False
5,5,10,10,0,10,5,5,1,7,4,2,1,7,0,1,2,7,4,7,2,704.1,False
2,2,4,5,10,10,10,3,2,7,5,10,3,7,1,2,2,5,5,8,1,704.0,True
3,3,4,8,8,10,5,5,1,5,2,8,5,7,0,2,2,3,5,3,2,701.9,False
3,2,2,5,7,10,1,3,1,2,2,3,5,6,5,2,2,4,3,2,2,653.1,False
2,4,2,3,5,8,3,5,1,6,2,6,3,6,0,4,2,3,3,8,2,665.6,False
3,1,10,7,2,5,3,3,2,3,3,2,3,5,1,3,2,2,5,3,2,645.9,True
3,2,1,3,5,2,1,0,2,4,2,1,2,7,4,3,2,0,0,3,3,590.0,False
4,5,7,7,6,4,5,5,1,8,4,5,2,6,0,5,2,5,5,7,3,689.2,False
3,3,10,7,10,10,3,5,2,6,4,9,5,4,5,5,2,10,2,10,2,699.8,True
2,5,6,8,6,10,1,1,2,6,4,3,1,5,0,1,1,3,6,5,2,629.1,False
4,4,7,3,7,3,3,5,1,8,1,3,2,6,10,3,1,7,4,7,3,644.6,True
4,4,7,8,4,10,6,1,1,10,2,4,10,7,0,1,2,4,1,10,2,706.2,False
2,2,5,6,0,1,3,5,2,4,1,1,2,7,10,0,2,2,2,5,3,612.1,False
3,3,3,3,2,4,4,1,1,7,0,2,2,8,0,10,2,7,0,3,2,626.1,False
5,4,3,2,3,3,1,1,1,3,1,4,1,8,5,4,2,3,3,5,3,623.1,True
4,2,10,10,5,6,3,2,1,5,2,5,8,8,0,1,1,5,1,7,2,686.2,False
4,1,3,5,8,7,3,1,1,8,4,6,5,7,0,0,1,4,2,8,1,679.4,True
2,5,10,10,10,10,10,2,2,10,7,1,10,8,10,0,2,10,3,3,1,699.0,False
1,3,3,10,10,10,0,1,1,8,1,6,1,7,10,8,2,4,0,5,1,640.3,False
3,4,0,0,0,2,3,1,1,7,1,1,1,6,0,2,1,4,3,10,1,606.8,True
2,5,3,3,10,10,3,3,1,3,3,6,1,6,2,5,2,10,1,0,2,652.0,False
5,3,4,3,2,2,5,3,2,3,0,5,2,7,0,3,2,10,1,2,2,636.7,False
5,3,7,2,10,10,3,5,2,3,5,10,1,6,0,2,2,3,0,7,1,681.7,False
2,3,4,4,10,10,2,5,2,7,2,7,6,6,0,4,2,10,3,6,3,684.5,False
5,1,5,4,7,8,4,2,1,7,6,3,5,7,4,1,2,3,5,7,1,695.8,False
1,0,10,2,2,3,1,2,1,2,1,6,2,8,10,1,2,1,1,5,1,630.3,False
0,4,0,5,10,10,3,5,1,8,3,3,10,6,0,0,2,4,3,10,1,693.9,True
4,3,5,4,7,10,4,3,2,5,6,7,5,6,0,1,2,5,4,7,1,686.2,False
3,3,7,8,5,10,6,1,2,8,7,4,5,8,5,1,2,3,5,3,1,674.1,True
3,4,5,8,5,10,6,1,2,8,6,4,5,8,5,1,2,5,4,2,1,665.6,True
2,4,2,3,3,6,1,3,1,9,0,5,1,6,9,3,1,3,0,2,3,599.1,True
4,4,0,6,2,10,2,0,1,7,1,8,5,7,0,2,1,2,6,10,0,656.0,True
4,3,8,10,10,10,10,5,2,9,10,4,3,7,0,1,2,8,2,10,3,736.8,False
5,3,3,6,4,5,5,3,2,6,2,8,0,8,3,2,2,2,1,8,2,654.5,True
5,3,6,6,10,10,4,5,1,6,2,10,5,7,1,1,2,8,6,10,1,738.0,True
1,5,1,8,5,1,2,0,2,3,2,1,0,10,0,6,2,1,2,10,3,600.8,False
1,5,1,5,0,2,0,0,1,0,1,1,0,6,0,1,1,0,0,0,2,557.5,True
5,4,10,9,9,10,3,1,1,8,4,5,4,7,7,4,2,6,4,4,2,692.8,True
1,5,4,10,10,10,3,2,1,5,6,10,2,7,0,10,2,10,5,6,1,690.4,True
3,5,2,5,10,10,7,3,2,10,4,10,5,7,5,0,2,7,5,10,3,698.9,True
1,4,3,4,2,2,1,1,1,2,2,6,3,6,0,5,2,4,2,3,2,616.3,False
1,5,5,2,2,3,3,5,2,2,2,2,1,5,0,10,1,3,1,10,2,584.7,True
2,3,7,5,8,10,5,1,2,5,3,10,7,6,0,1,2,5,1,8,3,681.7,False
1,4,5,2,6,3,4,5,2,7,5,2,0,8,3,8,2,10,2,5,2,634.6,True
2,2,2,4,4,5,2,1,2,0,4,4,2,7,6,0,2,5,1,6,1,617.8,False
4,3,10,3,0,10,3,2,1,7,2,5,5,7,0,2,2,2,1,7,0,675.8,False
1,4,5,1,3,10,3,3,2,3,2,3,1,6,0,3,2,3,1,10,2,627.6,False
4,4,10,4,5,10,2,1,1,8,2,5,2,8,0,2,2,10,3,10,1,698.1,False
4,2,1,6,1,5,3,0,1,5,3,8,2,7,0,1,1,7,2,5,0,645.8,True
5,4,9,7,5,8,4,0,1,7,2,4,5,7,0,4,2,6,5,7,2,689.2,False
3,1,5,10,10,10,0,5,2,7,3,4,5,7,0,0,2,10,1,8,2,706.2,True
3,3,8,3,10,7,10,5,1,7,8,1,10,7,3,5,2,10,7,7,2,727.7,False
3,3,3,3,10,10,10,5,1,7,8,1,10,7,3,7,2,10,10,7,2,726.0,True
2,4,1,3,5,2,6,1,1,1,2,2,3,6,0,2,1,10,1,7,2,622.3,False
2,3,9,6,4,8,1,4,1,6,0,10,7,9,0,2,2,3,0,5,2,687.4,False
1,3,0,3,10,2,3,4,1,0,0,1,3,7,0,2,2,1,1,5,0,627.4,True
2,1,2,4,3,1,3,1,2,2,1,1,1,6,2,5,2,1,2,1,3,588.1,False
1,3,0,4,2,8,1,1,2,4,5,2,2,7,0,1,2,3,2,2,1,612.3,False
1,4,5,5,5,10,2,2,1,8,4,4,3,7,2,1,2,10,5,7,1,682.4,False
4,3,10,5,8,8,4,5,2,3,2,3,5,8,0,1,2,10,2,5,3,689.2,False
2,4,3,2,4,10,5,2,2,4,2,2,2,6,7,4,2,3,2,5,1,612.1,False
3,4,10,3,10,5,4,5,1,5,2,10,3,8,10,1,1,3,3,4,1,661.7,True
1,5,5,4,6,10,10,5,1,7,5,10,8,5,5,1,1,10,2,10,1,696.8,False
3,2,8,5,10,10,4,3,2,7,5,10,10,7,5,0,2,10,4,5,1,714.2,True
5,4,1,1,3,3,1,3,1,4,10,5,5,9,8,2,1,2,8,3,1,637.1,False
2,5,2,2,0,5,2,0,2,4,2,1,1,5,7,10,2,4,3,1,1,560.7,False
2,4,4,1,1,5,2,1,1,1,1,10,0,8,0,1,2,1,1,2,1,622.6,True
4,3,10,10,10,10,1,5,2,8,1,8,2,9,5,4,2,2,3,4,1,685.3,False
4,4,3,6,10,10,0,3,1,6,3,8,0,6,6,5,2,7,0,2,3,659.2,False
4,4,4,6,6,10,2,2,1,6,2,9,0,6,6,8,2,3,0,2,3,642.4,True
5,2,8,1,4,3,3,5,1,6,4,7,5,6,10,0,2,10,2,10,3,691.3,False
2,2,8,2,3,3,4,1,1,5,2,10,2,7,0,0,1,6,3,7,1,656.4,True
2,1,7,3,3,3,3,2,1,5,4,6,4,7,0,3,2,5,3,8,1,672.6,False
5,2,10,10,5,10,4,4,1,5,5,5,5,7,5,1,2,9,8,5,1,726.8,False
3,3,10,7,7,7,5,2,1,7,10,6,6,7,8,1,2,8,10,3,2,713.4,True
4,3,10,6,5,10,3,5,1,5,4,2,3,7,0,3,2,3,6,4,1,693.9,False
1,1,4,0,1,3,4,0,1,3,2,8,1,7,0,7,2,2,2,5,1,623.7,False
5,3,5,8,3,5,4,3,2,5,5,6,3,8,0,3,2,2,3,3,2,660.9,False
3,4,8,7,5,10,2,1,1,3,1,7,5,6,7,2,2,10,1,3,1,664.1,False
5,3,5,8,3,5,4,3,2,5,5,6,3,8,0,3,2,2,3,3,2,660.9,False
3,2,5,6,10,10,2,3,2,8,2,2,2,7,0,3,2,5,4,2,1,665.0,False
0,3,6,1,3,5,2,2,2,4,1,5,8,6,5,2,2,5,6,7,2,631.4,True
1,3,6,5,2,5,1,1,2,5,2,1,10,6,8,2,2,3,8,10,1,634.0,True
0,1,4,6,8,4,4,0,1,8,5,6,5,8,0,0,2,10,8,10,2,706.8,False
5,1,7,5,7,4,6,3,1,8,2,10,2,7,1,2,2,5,3,10,2,712.5,True
5,3,10,7,10,10,9,3,2,8,8,6,10,6,5,2,2,10,10,10,3,745.5,False
2,3,5,10,2,10,1,1,2,7,1,10,3,7,10,1,2,10,6,7,1,663.2,True
3,4,5,0,2,1,2,3,1,5,2,5,1,6,0,1,2,2,1,10,3,639.9,True
3,4,5,0,1,0,2,3,1,5,1,6,1,6,0,1,2,1,2,10,3,636.7,True
4,3,10,10,10,6,2,5,1,4,1,8,3,7,0,1,2,5,4,3,1,707.0,False
2,4,4,3,3,7,3,2,1,7,3,5,2,7,7,5,1,6,1,7,1,624.8,True
2,5,2,3,2,5,2,0,2,2,0,7,0,6,0,1,2,4,1,5,2,601.2,True
4,1,10,4,1,5,3,2,1,6,2,8,10,7,0,5,2,5,1,1,2,679.8,True
3,0,4,0,1,1,1,2,1,3,2,7,1,9,1,6,1,2,2,8,1,622.2,True
4,2,2,6,5,8,5,5,2,8,2,8,6,7,10,0,2,2,2,10,3,674.7,False
4,0,10,5,7,3,2,3,1,7,1,6,1,8,0,0,2,2,4,9,1,698.3,False
3,2,4,6,10,8,4,5,1,5,3,3,6,8,0,1,2,10,3,7,3,713.0,True
3,2,7,6,4,4,3,5,2,4,0,10,0,8,2,4,2,3,1,2,2,646.4,False
5,1,10,10,10,10,5,5,1,9,6,6,10,8,0,0,1,5,3,10,3,751.0,False
5,4,10,1,0,1,2,2,1,3,2,4,0,9,0,10,2,5,1,10,3,638.6,False
2,1,10,7,5,10,6,5,2,4,4,4,2,7,2,2,2,10,8,2,1,694.3,False
2,4,8,3,10,10,5,5,2,5,3,8,4,6,1,4,1,3,4,7,1,660.9,False
5,2,10,5,8,4,4,5,1,7,3,9,7,7,0,6,2,5,3,10,2,720.8,False
2,3,6,10,7,10,3,5,1,5,1,5,2,6,7,2,2,3,1,8,1,675.6,False
4,3,10,6,8,10,5,5,2,4,3,5,3,7,0,3,2,4,9,10,3,704.7,False
4,5,9,3,4,7,3,1,1,8,2,9,1,7,10,0,2,7,0,7,3,661.3,False
5,3,4,10,10,7,7,5,1,5,3,6,6,9,0,3,2,8,8,7,2,735.9,False
5,2,3,10,8,10,5,5,2,9,8,10,10,6,1,2,1,10,10,10,3,737.8,True
2,1,3,3,7,4,2,5,2,8,1,3,0,8,0,5,2,4,1,1,3,634.8,False
3,3,5,6,6,8,3,3,2,7,3,6,10,7,2,1,2,3,2,2,1,667.5,True
3,3,5,6,6,8,3,3,2,7,3,6,10,7,2,1,2,3,2,2,1,667.5,True
1,4,0,7,5,3,2,1,2,5,4,1,8,6,0,8,1,1,6,2,1,593.2,True
4,4,5,4,8,3,2,5,2,6,5,4,5,6,3,2,2,5,1,3,3,651.6,False
3,3,7,2,3,3,5,5,2,5,4,6,2,5,3,3,2,1,2,10,2,646.7,True
1,3,2,4,6,3,1,3,1,9,1,9,1,6,0,7,1,3,0,1,2,616.9,False
0,3,8,4,5,3,2,2,1,3,3,5,1,8,0,2,2,4,3,6,1,650.5,False
1,5,1,4,10,7,2,3,1,7,1,5,0,6,10,10,1,4,3,7,1,605.9,False
4,2,9,4,8,3,4,2,2,6,1,4,5,7,0,4,2,10,1,10,3,675.6,False
4,0,10,4,3,4,8,0,2,3,2,6,8,9,0,3,2,9,5,8,2,690.0,True
3,3,8,4,4,2,2,1,2,3,4,3,3,6,2,4,1,2,2,5,2,603.8,False
5,2,10,1,6,3,4,2,1,3,3,7,10,8,0,1,1,5,5,10,1,690.0,False
2,5,0,2,10,10,2,3,1,6,3,4,1,6,9,3,2,6,1,4,2,636.3,False
3,2,10,8,7,10,6,5,2,10,8,10,8,7,0,2,2,6,7,10,1,746.5,True
2,2,3,4,10,3,4,5,2,2,5,1,4,8,10,2,2,2,4,3,3,632.7,False
5,2,2,5,4,3,4,2,1,7,5,5,0,8,3,1,2,10,2,10,2,684.5,False
2,1,4,5,1,5,3,2,1,6,2,4,3,7,0,1,2,2,6,7,1,665.4,True
5,2,7,3,3,10,2,0,1,3,4,7,10,8,0,2,2,10,0,10,3,701.9,True
4,3,4,8,7,5,7,5,2,7,3,7,5,6,10,4,2,10,10,10,1,694.7,True
5,2,10,10,10,10,10,5,1,9,10,10,10,8,10,0,2,10,10,10,1,790.9,True
2,5,10,10,10,10,5,5,2,8,4,1,10,6,0,5,2,10,5,2,0,698.6,False
5,1,8,6,7,6,3,5,1,8,7,8,3,8,0,0,2,7,3,8,3,734.4,False
4,3,4,3,4,10,5,5,2,7,5,7,2,6,5,3,1,4,7,7,1,657.3,False
5,4,1,7,3,10,2,1,1,8,6,8,5,8,10,0,2,5,1,1,1,664.7,True
3,5,5,5,5,6,3,1,1,5,6,7,5,7,5,3,1,3,2,6,1,640.5,False
4,5,7,3,10,10,6,3,2,7,3,1,10,6,4,1,2,10,3,4,1,679.9,False
3,2,6,4,4,7,3,5,1,7,5,9,4,7,5,2,1,8,5,7,1,685.1,False
1,3,2,5,10,10,3,1,2,10,2,5,2,8,3,2,2,3,2,6,1,650.5,False
1,5,1,3,2,1,4,3,2,0,4,7,1,5,1,4,2,5,0,0,1,590.8,True
5,2,10,10,10,5,10,5,1,10,5,7,10,6,0,0,2,10,5,10,3,774.6,False
1,5,4,5,1,1,1,0,1,0,1,8,0,6,0,5,2,1,0,9,1,604.8,True
3,2,10,5,2,10,6,3,1,8,5,5,3,7,10,1,1,10,3,6,0,677.5,True
3,2,10,4,4,5,2,5,2,5,2,8,5,6,0,0,2,0,0,2,3,657.5,False
3,2,7,7,5,7,4,0,1,8,6,5,3,6,0,1,1,6,3,6,1,672.2,False
1,3,0,1,1,1,0,1,1,9,2,2,0,9,10,9,2,4,0,7,2,588.9,False
5,1,10,6,8,5,5,3,1,0,1,5,0,8,0,1,2,7,3,7,3,696.4,False
2,5,0,5,9,4,10,0,1,0,2,8,0,8,0,10,1,1,1,10,2,618.8,False
4,2,10,10,5,10,4,1,1,7,5,8,5,6,2,2,2,4,8,8,1,720.4,True
1,4,0,5,5,10,6,5,2,5,0,10,2,7,0,3,2,5,1,2,2,647.9,True
2,1,7,3,5,10,2,2,1,8,2,10,2,7,0,1,2,7,3,8,3,698.9,True
4,3,2,2,2,4,2,0,1,6,1,9,1,8,0,2,2,5,1,3,2,642.8,True
3,2,3,8,4,10,5,0,1,7,3,7,10,8,0,1,2,10,4,10,1,717.2,True
1,3,4,1,0,1,1,1,1,0,2,7,0,5,0,3,2,4,1,5,3,607.8,True
1,0,0,3,5,3,3,5,2,3,2,1,8,7,0,0,1,6,9,10,2,651.2,True
1,3,3,9,3,1,5,2,2,8,2,4,4,6,10,0,1,5,0,6,0,607.4,False
3,3,2,10,4,10,5,4,2,8,6,7,4,7,5,4,2,8,2,10,3,686.4,False
1,4,9,4,10,10,7,3,2,8,5,2,5,7,7,3,2,6,8,3,3,671.8,True
1,1,6,9,5,3,5,5,1,6,2,5,6,6,1,1,2,10,2,4,0,694.3,True
3,2,10,3,5,7,5,5,1,8,3,5,1,8,0,1,1,10,4,8,0,696.4,False
5,4,5,4,2,10,4,0,1,7,2,10,0,7,4,2,2,4,2,10,1,671.7,True
2,3,5,5,5,10,2,1,1,4,3,10,5,5,6,1,1,0,2,7,2,642.4,True
3,1,8,5,10,10,7,2,1,9,7,6,3,8,0,1,2,10,9,10,2,749.3,False
3,1,8,5,10,10,7,2,1,9,7,6,3,8,0,1,2,10,8,10,2,747.6,False
5,3,1,10,10,6,1,1,1,7,1,5,9,5,2,1,2,5,1,6,3,682.2,False
2,5,2,3,3,2,2,1,1,9,3,7,10,8,8,7,2,5,6,6,3,644.1,False
3,3,6,7,8,8,2,5,2,6,4,10,2,7,0,4,2,10,3,10,3,698.9,True
1,3,5,3,7,10,3,3,1,10,2,3,0,7,0,1,1,3,8,10,2,668.6,False
4,5,10,3,5,10,0,2,1,3,4,7,1,7,3,1,1,10,1,5,1,655.8,False
5,5,5,5,10,10,5,5,2,10,3,6,3,7,0,0,2,10,2,0,1,693.0,False
4,3,1,4,8,3,3,5,2,4,1,7,0,5,0,0,2,5,2,3,3,645.2,False
2,3,10,6,2,4,1,2,1,7,0,5,2,7,1,5,2,4,1,5,1,648.6,False
4,3,2,10,6,10,5,2,1,5,5,5,10,8,4,2,2,4,7,3,1,699.8,False
4,0,2,10,10,5,5,1,1,8,2,8,0,8,3,1,2,3,0,7,2,690.2,False
2,0,3,0,10,10,10,5,1,9,0,10,10,8,0,0,2,1,10,10,0,743.3,True
3,3,6,7,8,8,2,5,2,6,4,10,2,7,0,4,2,10,3,10,3,698.9,True
2,2,7,6,6,6,5,1,1,7,5,5,4,6,3,2,1,8,2,8,1,668.8,False
3,2,10,10,6,7,4,2,2,7,6,10,5,6,0,4,2,10,5,5,1,705.5,False
3,3,10,10,9,10,5,2,2,4,7,10,4,6,0,4,2,6,5,5,1,702.1,False
2,5,2,3,2,10,2,2,1,5,4,10,4,6,8,5,1,1,4,4,1,618.8,False
2,3,4,6,10,6,8,1,1,5,4,7,5,5,10,2,1,10,3,4,1,657.1,True
2,3,4,6,10,6,8,1,1,5,4,7,5,5,10,2,1,10,3,4,1,657.1,True
3,3,5,6,10,8,10,1,1,6,3,7,5,5,10,3,1,10,3,3,1,665.6,False
5,5,2,10,10,10,2,5,1,3,1,10,1,7,5,4,2,3,4,5,1,681.9,False
3,2,5,5,6,3,5,4,1,8,6,7,5,7,8,1,2,5,5,4,1,686.4,True
2,2,6,8,7,8,6,3,1,8,6,4,5,7,5,0,2,10,4,4,1,706.2,False
2,2,7,8,7,7,8,3,1,8,7,4,5,7,4,0,2,10,4,4,1,713.0,False
5,1,10,10,10,10,0,2,2,9,5,6,5,8,0,4,1,10,6,7,1,706.8,False
2,1,5,10,8,7,2,1,1,7,2,10,4,8,0,3,2,9,2,7,1,704.2,False
1,3,1,2,4,3,2,0,1,4,2,8,2,6,6,1,2,2,0,1,0,608.2,False
1,3,0,2,2,1,1,0,1,5,2,8,2,6,6,1,2,2,0,1,0,599.7,False
2,2,1,10,10,10,2,1,2,6,2,7,1,7,10,2,1,4,3,10,1,637.1,False
2,5,8,4,5,4,8,5,1,9,8,8,3,6,7,2,1,10,8,4,1,683.0,False
2,5,7,4,5,4,7,5,1,8,7,8,3,6,7,2,1,10,7,4,1,674.5,False
1,3,10,3,6,3,1,5,2,3,1,3,0,5,0,2,1,4,0,0,1,601.9,True
1,3,10,3,6,3,1,5,2,3,1,3,0,5,0,2,1,4,0,0,1,601.9,True
1,3,10,3,1,3,1,5,2,3,1,3,0,5,0,2,1,4,0,1,1,595.1,True
5,5,2,3,4,3,4,2,2,7,3,10,5,6,10,3,1,9,2,0,1,613.7,False
2,3,0,5,2,4,3,3,1,5,4,3,4,6,0,6,1,1,5,4,1,620.8,True
2,3,5,10,10,10,3,5,1,7,5,6,3,6,0,1,2,10,5,2,3,714.9,False
5,1,7,7,3,10,2,2,1,7,1,4,4,7,0,2,2,3,2,9,0,692.6,False
4,5,3,6,2,3,0,1,1,5,0,1,2,6,0,8,1,5,0,1,1,589.8,False
2,3,1,3,3,2,1,0,2,2,1,1,1,6,4,3,1,4,0,1,3,557.5,True
1,3,6,8,10,6,7,5,2,8,6,6,2,6,7,1,2,10,8,5,1,692.8,True
5,2,2,4,6,9,9,1,2,7,4,1,10,8,0,1,1,3,1,6,2,659.9,False
3,2,4,7,10,5,2,5,1,8,3,7,3,7,8,2,2,3,2,9,3,686.4,False
3,1,6,4,8,3,2,3,2,10,2,10,10,7,0,1,2,6,1,10,3,697.2,False
1,2,2,5,1,10,3,2,1,5,1,1,8,6,8,3,2,3,3,2,1,632.3,False
3,4,10,4,8,10,2,5,2,7,2,10,1,7,0,3,2,3,3,3,2,675.1,False
5,0,7,9,10,8,2,5,1,8,2,8,1,7,0,1,2,5,3,10,3,732.5,False
5,2,4,7,8,5,6,4,1,10,4,2,4,7,2,4,2,2,2,10,3,697.3,False
5,2,8,8,7,6,7,5,2,10,5,10,4,8,0,3,2,10,7,8,3,736.5,False
5,0,10,10,10,10,10,5,2,10,10,10,10,8,0,0,2,10,10,10,3,799.4,False
4,4,1,2,4,10,1,4,2,2,1,8,1,5,7,5,2,4,1,7,2,619.9,False
3,1,6,10,5,10,3,2,1,6,1,6,5,7,0,1,2,8,1,9,2,706.6,True
3,4,10,4,8,4,2,5,2,3,1,5,0,6,0,0,2,3,0,8,3,651.8,False
3,0,10,5,10,10,2,5,1,7,2,8,4,9,0,0,2,7,6,6,1,738.0,False
4,1,3,7,5,5,7,1,2,6,5,5,10,8,0,0,2,3,6,10,1,696.4,True
3,5,1,5,8,10,8,1,2,2,3,7,1,4,10,6,2,10,6,3,2,631.4,False
5,2,8,5,7,10,10,4,1,5,5,6,6,6,8,4,2,6,5,6,1,711.5,False
3,2,3,9,10,8,6,1,1,7,4,5,1,8,0,1,2,8,1,10,3,704.9,False
4,3,7,5,10,10,10,5,2,10,2,8,10,7,0,1,2,10,5,7,2,737.6,False
2,4,10,7,4,6,3,4,1,4,2,2,2,7,2,2,2,9,0,6,1,668.4,False
3,3,5,10,4,10,1,0,1,8,1,10,2,7,0,2,2,3,3,7,1,681.9,False
2,3,1,7,10,4,2,5,1,7,7,2,2,7,5,0,2,2,2,6,1,668.4,True
5,2,5,3,0,5,1,0,1,7,2,4,0,10,0,0,2,1,2,10,0,659.2,False
4,3,6,3,2,7,5,3,1,7,1,3,5,7,1,8,2,10,1,5,3,666.9,True
0,5,0,1,2,1,0,0,2,4,0,3,0,3,10,0,1,5,0,7,2,538.6,False
4,1,5,2,3,3,4,0,1,5,2,8,2,7,0,0,1,6,3,7,1,654.3,True
2,3,3,10,5,7,4,3,2,7,3,10,5,8,3,3,2,7,1,2,2,666.8,False
2,5,3,7,10,10,5,5,2,5,4,5,1,7,3,3,2,10,1,8,2,672.4,False
0,3,2,3,0,4,1,0,1,5,3,5,7,10,0,2,2,2,3,10,0,644.1,False
3,5,5,4,4,2,3,2,2,8,2,6,0,7,0,2,1,8,0,8,3,623.3,False
2,3,4,10,10,6,1,5,2,5,1,1,2,6,6,0,2,2,2,5,2,642.5,True
2,4,1,9,3,10,1,1,2,8,1,9,6,6,0,0,1,5,2,9,1,645.8,False
3,5,3,10,10,10,10,5,2,6,3,8,3,7,0,2,1,10,3,10,2,695.1,False
2,1,5,6,10,2,5,5,1,5,3,4,5,8,0,2,2,10,3,7,3,704.7,True
4,1,2,6,5,4,5,4,1,7,3,7,10,6,0,1,2,10,6,7,3,718.5,False
3,1,4,10,10,5,4,5,2,7,1,6,2,8,0,0,1,10,6,10,2,694.9,True
2,5,6,8,10,8,3,5,2,1,4,3,8,9,0,2,2,10,4,3,3,680.9,False
4,0,10,2,3,9,6,4,1,2,8,10,1,6,0,2,2,5,1,7,1,707.2,True
3,3,3,2,2,4,2,0,1,5,1,3,0,8,0,2,1,2,2,10,0,617.8,True
1,1,4,0,3,2,4,3,1,0,0,4,0,8,7,0,1,1,0,2,0,592.5,True
2,4,3,4,1,4,0,2,1,3,0,5,0,7,3,3,2,2,0,2,1,606.1,True
3,4,2,0,0,2,0,0,1,6,1,4,5,7,0,8,1,0,1,10,1,594.0,True
2,5,10,6,6,5,3,5,1,8,0,5,0,7,0,10,2,3,0,5,2,652.0,False
0,5,0,3,4,7,5,0,2,3,2,7,0,5,5,3,1,10,4,4,1,590.8,True
3,1,1,4,2,2,1,3,1,9,1,8,0,6,0,0,2,0,1,5,3,649.0,False
1,1,6,6,3,8,4,0,2,6,3,5,0,5,0,7,2,10,8,10,2,660.1,True
0,1,1,3,0,1,1,0,1,1,2,1,1,9,10,2,1,7,0,10,1,585.3,False
1,1,10,1,2,6,2,4,1,8,1,6,1,8,0,1,2,5,2,10,1,681.3,True
2,3,1,10,6,10,7,5,2,3,2,8,1,4,0,2,1,7,2,8,3,657.1,True
1,5,0,5,1,5,0,1,1,0,1,7,1,9,0,5,1,1,0,10,2,596.7,True
4,4,10,5,4,10,2,5,1,7,0,10,4,7,0,5,2,10,0,2,2,693.8,False
1,2,1,2,2,4,0,0,1,3,1,8,0,7,0,4,2,10,0,10,2,635.6,True
1,4,10,6,10,10,1,0,1,5,1,5,1,9,0,7,2,5,1,10,1,667.7,True
0,4,5,5,5,7,2,1,2,4,1,2,6,6,0,2,1,6,1,5,1,608.7,False
4,3,3,1,1,3,3,1,1,8,3,10,7,6,0,6,1,3,4,6,2,642.6,True
5,4,3,8,10,10,3,5,2,7,3,10,10,8,0,1,2,7,5,5,3,717.8,False
4,2,9,4,5,4,2,3,1,10,2,9,10,8,0,0,2,4,5,10,3,721.0,False
5,5,4,2,7,1,0,5,1,5,0,8,0,5,0,3,2,1,1,7,3,645.4,False
1,5,0,3,2,6,2,4,1,4,1,7,5,7,10,4,2,1,1,2,0,609.9,False
2,1,3,5,9,6,7,0,1,5,1,2,5,7,4,4,1,10,10,7,1,666.7,False
5,1,6,8,10,10,5,5,1,7,4,9,10,7,0,0,2,5,5,10,3,758.2,False
4,2,2,10,9,10,4,4,1,7,4,5,2,7,8,1,2,7,2,7,2,697.9,False
1,1,2,4,1,3,1,0,2,7,2,6,10,8,5,0,2,3,8,5,3,640.5,True
4,4,5,10,6,8,7,3,2,5,2,8,10,7,5,2,2,10,0,3,2,683.2,True
2,1,10,10,5,4,6,3,1,8,5,7,3,7,0,3,2,7,5,6,1,713.6,True
5,1,2,3,4,5,4,0,1,2,0,10,6,8,0,1,2,5,0,10,3,677.0,True
4,5,1,6,10,10,8,5,2,6,6,5,5,9,5,3,2,10,5,6,2,694.9,False
3,5,3,2,5,5,0,0,2,2,1,8,1,6,3,7,2,10,1,5,2,606.5,True
4,2,8,4,10,10,5,4,2,6,3,6,9,6,1,1,2,10,9,10,3,726.8,False
3,5,3,2,5,5,0,0,2,2,1,8,1,6,3,7,2,10,1,5,2,606.5,True
2,4,2,5,2,3,1,0,1,4,2,10,0,8,2,6,1,3,1,6,2,607.3,True
2,4,3,5,5,5,7,2,1,7,6,10,5,7,9,7,1,2,7,5,1,646.2,False
3,4,6,4,10,3,3,1,2,1,4,7,2,7,4,4,1,5,3,3,1,615.0,False
3,3,6,3,9,3,3,1,2,1,4,7,2,7,4,4,1,8,4,3,1,621.8,False
1,1,7,2,2,2,0,1,1,5,2,2,0,6,0,10,1,8,0,5,1,601.9,False
5,2,2,3,10,10,7,1,1,9,2,10,10,8,0,2,2,10,4,10,2,736.5,True
5,4,4,1,3,5,3,0,2,0,2,7,1,8,0,2,2,4,2,3,1,620.3,False
1,5,2,0,4,8,1,5,1,10,0,9,0,7,5,4,2,10,0,5,2,647.7,True
4,5,2,8,5,10,1,5,2,3,3,10,0,5,10,4,1,10,2,2,2,623.7,False
3,5,6,3,4,7,0,0,1,4,3,5,1,10,0,0,1,0,3,9,0,633.9,True
1,0,8,7,2,6,8,1,1,10,0,2,5,8,9,0,2,9,1,9,2,682.2,True
5,1,3,4,6,4,2,1,1,8,4,4,4,9,0,1,2,4,1,5,3,677.7,False
3,3,9,10,8,2,3,4,2,7,3,6,10,9,5,5,2,5,4,9,2,688.3,True
2,1,4,6,10,6,2,5,2,4,2,2,0,6,10,2,2,10,4,8,2,654.6,True
2,1,4,10,5,8,3,1,1,6,1,7,4,7,0,2,2,5,10,7,1,698.3,False
4,4,10,10,0,8,1,0,1,4,2,10,1,8,0,2,2,2,3,10,1,678.7,False
3,0,10,5,10,10,5,5,2,9,2,10,1,8,0,1,2,0,1,10,1,711.0,False
4,3,3,4,8,8,8,4,1,9,3,5,5,7,6,6,2,6,7,6,1,694.5,False
2,2,6,10,6,10,6,5,1,5,1,5,2,7,0,4,2,5,1,7,2,694.5,False
2,2,6,10,6,10,6,5,1,5,1,5,2,7,0,4,2,5,1,7,2,694.5,False
1,4,3,6,5,8,8,1,2,8,7,1,10,6,5,1,1,4,4,8,1,644.2,True
3,3,4,10,4,10,3,4,1,6,1,5,4,7,5,2,2,3,4,7,3,680.9,False
2,3,10,10,10,5,5,5,1,7,2,6,2,8,0,0,2,10,10,3,1,727.2,False
1,5,1,3,10,10,2,1,1,6,2,10,0,4,10,2,2,3,0,1,2,621.8,True
3,1,3,8,10,8,1,5,2,4,1,1,0,6,0,2,2,7,7,5,2,669.7,False
2,3,2,4,4,8,3,4,2,1,3,4,2,8,5,3,1,2,2,2,2,602.7,False
5,1,10,1,5,10,1,5,2,2,5,10,4,6,8,4,2,7,5,2,1,673.2,False
2,3,1,4,2,3,3,0,2,2,5,5,1,7,0,4,2,1,4,2,0,604.4,True
2,2,2,3,3,4,1,0,1,1,1,8,4,9,0,1,1,3,3,2,1,620.7,False
3,1,2,2,4,3,4,2,1,6,4,8,5,7,0,0,2,8,8,8,0,695.1,True
5,1,4,2,0,6,3,0,2,6,2,9,5,8,0,3,2,3,0,10,1,654.7,False
2,3,9,4,5,3,6,2,2,7,3,3,8,9,0,2,2,10,3,8,2,679.2,False
1,3,2,4,3,10,3,0,1,6,7,6,1,8,0,2,1,4,3,6,2,643.9,False
3,2,6,5,4,5,7,4,2,6,5,5,10,5,2,4,2,10,6,6,1,689.0,False
0,2,4,5,10,6,4,5,2,5,2,10,3,9,0,1,2,2,1,7,1,672.1,True
5,5,4,7,6,3,1,1,1,6,1,3,10,7,10,2,2,6,1,2,1,643.1,False
5,3,4,10,8,10,6,3,2,5,8,10,3,6,0,4,2,3,4,2,2,691.9,False
2,0,7,5,3,3,3,0,2,3,2,5,2,7,0,0,2,3,2,10,3,646.9,True
2,4,10,10,7,10,2,5,2,8,1,2,5,6,10,1,2,4,6,7,3,669.9,False
4,1,8,10,10,8,8,3,2,8,5,10,10,7,7,0,2,6,9,2,1,727.8,False
4,2,0,3,6,6,2,1,1,4,1,7,0,6,3,3,2,4,1,8,2,645.4,False
2,4,9,4,4,4,2,0,2,0,0,4,0,7,0,5,2,6,2,3,1,607.6,True
3,1,8,3,10,3,1,5,1,3,3,6,1,7,0,0,2,10,2,10,3,701.5,False
3,4,5,10,10,10,3,5,1,8,3,4,1,6,0,5,2,10,5,2,2,699.2,False
2,4,9,6,10,10,0,5,1,10,2,8,2,5,3,3,2,5,1,4,3,686.2,False
5,4,10,3,10,10,1,5,2,6,2,6,0,7,0,7,2,10,2,6,2,679.4,False
4,4,10,4,4,5,5,5,2,5,3,9,1,7,0,4,2,5,1,4,3,664.7,False
2,2,2,4,2,10,5,1,1,5,8,5,0,6,0,6,2,10,2,7,3,668.8,False
3,3,10,4,1,3,0,1,2,7,1,6,0,8,0,0,2,3,1,4,2,632.0,False
1,3,5,5,5,2,5,1,1,3,4,8,0,6,6,0,2,7,4,3,1,647.3,True
5,2,2,10,10,5,0,5,2,2,1,5,1,6,0,4,1,5,3,10,2,651.8,False
4,2,2,7,9,10,8,5,2,9,7,5,5,7,0,1,2,5,5,10,1,720.0,True
2,0,2,4,10,3,10,0,1,8,1,6,3,7,0,0,2,10,1,10,2,698.1,True
3,4,2,1,10,1,2,3,1,2,0,8,0,8,10,2,1,3,1,7,1,610.3,False
3,3,5,10,5,5,6,2,1,5,2,3,0,7,0,1,1,10,2,5,3,661.8,False
1,3,3,3,10,10,5,2,2,7,3,4,5,8,2,3,2,6,6,5,1,665.6,False
4,2,9,7,10,7,3,5,2,7,4,8,6,7,0,6,2,6,7,8,3,712.1,False
5,3,10,10,10,10,1,4,1,2,1,8,2,6,0,1,2,5,3,6,1,708.5,False
2,4,4,2,2,6,2,2,1,2,0,2,1,5,10,1,1,10,1,2,2,593.2,True
1,3,1,2,1,8,2,2,2,3,8,2,5,6,2,2,2,1,1,3,2,612.1,True
2,5,1,4,3,8,3,5,2,8,3,3,6,7,2,4,2,5,1,10,3,648.2,True
1,4,3,4,5,10,5,5,2,5,8,5,3,7,5,4,1,5,4,10,2,646.9,True
4,1,4,4,8,5,2,5,1,3,3,3,5,5,1,1,1,0,2,4,2,651.2,True
3,5,5,5,4,10,2,3,1,4,0,9,1,6,0,3,1,5,1,2,1,637.3,False
3,0,10,4,10,10,3,5,1,10,5,8,5,9,1,0,2,7,8,7,1,753.3,False
3,3,10,8,10,5,5,2,1,8,1,10,10,7,0,10,1,1,2,10,2,685.3,False
5,0,10,10,10,8,6,5,1,3,8,4,10,8,1,1,2,5,8,10,2,764.2,True
4,2,8,8,5,5,5,5,1,7,8,8,2,6,3,1,2,3,4,6,2,708.5,True
5,3,10,7,2,6,2,3,1,7,4,9,3,7,5,2,2,5,0,3,1,680.0,False
3,3,7,3,3,4,6,4,1,7,3,10,2,6,3,1,2,4,3,8,1,683.4,True
5,1,10,2,2,7,1,2,1,7,2,8,1,7,0,2,1,3,2,10,3,669.6,True
1,5,2,4,5,4,1,2,2,4,1,6,0,6,0,10,2,1,0,10,3,597.6,False
4,1,2,5,3,2,2,5,1,8,4,6,10,8,0,1,2,7,6,9,3,711.9,True
5,4,3,2,1,3,2,1,1,0,1,6,2,7,0,1,2,2,0,9,3,633.5,False
1,4,3,8,3,3,4,0,1,7,3,10,3,5,0,0,2,7,3,3,0,659.4,True
4,1,2,4,4,7,4,2,2,5,5,3,6,7,9,3,2,7,3,3,2,644.8,False
2,1,0,4,3,4,3,0,2,6,0,2,0,7,0,4,2,4,4,3,2,610.6,False
1,4,7,5,3,10,2,1,2,0,3,8,5,6,0,5,2,4,6,3,1,637.1,True
4,3,1,3,7,8,4,1,2,4,3,8,3,7,10,4,1,7,1,3,2,613.5,True
4,3,8,8,4,10,6,3,2,9,2,8,5,7,0,10,2,10,4,10,2,698.5,False
2,3,10,3,1,4,2,0,1,6,2,10,0,7,5,3,2,3,2,10,2,649.6,True
4,3,8,8,10,5,10,5,1,4,1,5,5,7,0,0,2,7,10,7,1,731.9,False
2,3,10,1,10,3,3,5,2,0,0,3,0,10,0,7,2,3,0,10,2,638.6,False
3,2,6,7,3,5,2,3,1,6,1,10,1,8,3,6,2,3,1,5,1,661.7,True
2,5,7,5,8,8,8,2,2,7,4,9,10,5,2,4,2,4,7,8,1,686.4,False
2,4,9,10,10,8,6,5,1,7,4,9,10,8,5,3,2,10,8,7,2,741.4,True
4,1,6,10,10,10,1,5,1,8,6,2,10,8,0,1,2,4,8,3,2,734.9,False
2,3,10,10,10,10,5,5,1,7,5,8,4,7,5,4,2,10,5,3,2,722.3,False
2,4,3,6,2,3,3,4,2,0,0,3,10,6,4,3,2,7,0,2,2,617.4,False
1,5,0,1,1,5,1,1,2,2,2,5,10,5,10,5,2,1,2,3,2,575.1,True
4,5,8,2,1,10,9,0,1,5,9,9,3,6,0,1,2,7,0,2,2,679.8,True
5,3,5,6,1,10,4,5,2,1,1,3,0,7,1,5,2,3,5,7,3,649.9,True
3,5,10,4,1,2,1,0,2,0,1,8,0,8,0,0,1,1,1,10,2,603.5,True
2,2,10,4,2,2,0,5,1,5,0,3,0,8,0,1,2,4,0,10,3,660.3,True
2,2,2,5,3,10,4,4,1,4,5,10,4,8,3,3,1,6,2,10,1,675.3,True
2,4,5,2,8,8,5,2,2,6,3,4,1,8,8,3,2,2,1,4,1,624.8,True
4,3,3,10,4,9,2,4,2,5,1,5,1,7,4,3,2,7,2,10,0,663.9,False
5,4,10,3,8,10,1,0,1,3,1,4,0,7,0,10,2,4,1,5,2,646.7,False
5,2,10,4,10,8,8,3,1,8,5,8,9,7,0,0,2,10,8,10,3,763.1,False
5,2,5,5,10,10,10,2,2,8,4,9,6,7,10,8,2,10,2,6,2,690.2,True
5,2,3,4,10,6,3,1,1,8,6,5,4,8,10,0,2,3,6,3,2,677.7,False
3,3,5,8,4,8,3,1,1,8,5,7,4,8,4,1,2,5,6,3,1,684.9,True
4,1,6,8,10,10,9,5,1,10,9,6,5,8,0,1,2,9,8,10,2,773.1,True
3,2,6,10,4,7,3,5,1,8,6,6,5,7,0,5,2,8,6,4,2,711.7,False
3,1,2,3,3,3,3,1,2,5,1,7,3,7,4,6,2,4,1,8,2,625.2,True
5,1,6,5,8,4,4,4,1,7,5,7,4,7,0,3,2,2,4,7,1,705.1,True
4,4,6,6,6,8,3,5,1,7,2,9,3,8,8,10,1,5,3,8,2,659.8,False
1,1,3,7,3,5,2,1,1,2,2,2,2,5,0,5,2,5,2,5,1,634.0,True
1,4,0,3,1,4,2,0,1,4,2,2,3,8,0,5,1,0,4,7,1,595.5,True
5,3,2,4,10,2,2,0,2,8,2,10,1,8,3,7,1,6,1,5,3,624.3,False
2,2,2,10,10,9,2,5,1,1,1,1,1,6,10,2,1,2,0,2,2,622.1,False
3,2,4,7,4,10,3,4,1,6,3,7,3,7,0,3,2,7,2,4,1,689.8,False
2,3,8,4,4,10,4,1,2,7,2,10,5,6,4,3,2,10,6,8,1,678.3,False
3,4,4,4,3,2,2,2,2,5,3,10,1,7,5,1,2,4,8,7,2,642.8,False
3,3,10,7,10,10,4,5,1,5,4,7,0,6,10,0,2,10,2,10,1,708.3,False
5,1,8,10,6,10,5,5,1,8,2,7,7,7,0,2,2,3,5,2,1,727.2,False
5,1,5,7,10,8,4,5,2,6,5,6,10,9,10,2,2,5,6,7,3,707.0,False
4,4,1,4,1,7,2,1,2,4,2,2,0,8,10,5,1,7,1,2,2,576.8,False
5,0,8,9,10,10,8,4,1,7,6,6,2,7,2,1,2,10,3,10,3,752.5,True
5,1,5,5,10,10,4,5,1,8,4,3,1,7,5,1,1,10,5,5,3,697.5,True
3,2,6,9,10,7,8,5,1,8,3,8,6,7,2,5,2,10,6,7,2,734.2,True
1,4,9,10,10,5,10,5,1,2,3,2,6,6,5,0,2,8,10,10,3,715.8,False
3,0,0,2,10,5,0,0,1,6,0,10,5,9,10,0,1,1,1,10,0,641.5,True
3,4,5,6,5,8,5,3,2,5,4,4,5,7,4,4,2,5,5,4,1,655.2,False
4,2,9,6,10,10,5,3,2,2,5,10,5,6,0,5,2,3,2,6,3,690.2,True
5,5,5,2,4,2,1,0,1,2,1,2,0,8,8,0,1,0,6,4,1,595.5,True
3,2,10,5,8,10,10,5,2,8,4,10,5,5,2,6,2,10,6,10,2,725.7,True
0,2,2,7,8,1,0,2,2,5,0,1,1,8,5,2,2,0,1,10,2,608.9,True
0,4,3,6,6,1,0,1,2,5,0,1,0,8,5,1,2,5,0,10,2,602.1,True
0,4,0,1,2,4,2,0,1,1,2,2,5,7,10,0,2,0,6,10,0,603.8,True
2,3,10,10,10,10,5,5,2,5,8,8,10,6,10,2,2,10,3,7,2,713.6,False
2,4,2,6,3,4,3,2,1,5,3,7,4,6,5,3,2,4,3,2,1,638.6,True
3,2,5,3,10,10,10,5,1,8,10,3,6,8,0,0,1,2,10,2,1,714.7,False
2,3,2,1,2,8,2,0,2,9,5,7,0,7,3,3,2,5,1,10,3,633.7,False
5,3,10,10,4,10,4,2,2,7,6,8,5,7,5,0,2,6,4,2,1,693.4,True
5,1,10,7,3,10,6,2,1,7,3,10,0,8,0,2,2,10,2,10,1,728.0,False
3,1,8,3,8,10,9,4,1,7,8,7,5,7,10,0,2,8,9,10,2,735.7,True
3,3,2,1,10,6,1,1,1,5,1,5,1,6,2,5,2,4,0,5,2,634.8,False
3,3,6,5,10,10,6,5,1,5,2,8,10,7,2,1,2,3,6,10,2,725.7,True
3,5,3,5,10,4,8,5,2,0,1,2,0,6,8,3,1,10,1,5,1,613.8,False
3,2,3,4,8,10,8,3,2,9,7,8,2,6,3,10,2,6,1,8,2,674.5,False
3,3,10,10,10,10,10,5,2,8,10,7,10,6,10,3,2,10,1,3,2,720.2,False
2,4,6,5,7,10,3,1,1,4,2,5,5,7,0,1,2,3,2,7,3,670.7,False
5,5,10,10,6,2,6,5,2,10,10,6,3,7,0,3,1,8,10,10,1,708.3,True
2,2,7,4,7,5,1,1,1,4,2,6,8,7,0,6,2,4,4,5,2,665.8,True
1,3,10,4,2,5,3,3,1,8,9,5,2,7,5,2,2,7,4,2,2,670.7,True
2,2,6,4,7,10,1,5,1,4,4,6,2,6,5,1,2,2,1,4,1,667.3,False
3,3,3,10,4,10,2,5,2,2,2,10,1,7,1,2,2,4,1,7,3,666.6,True
4,4,5,7,8,10,4,5,1,1,0,8,2,7,10,6,2,8,4,6,2,673.0,False
4,4,6,8,7,8,3,2,2,7,4,1,2,6,2,3,2,10,2,9,2,668.0,False
3,2,6,4,3,9,3,5,1,5,4,7,2,7,2,2,2,5,3,10,3,693.2,True
4,1,2,5,5,4,4,4,1,6,2,7,2,8,2,3,2,1,2,7,3,673.0,False
0,3,2,6,10,10,2,5,1,5,0,5,2,7,10,1,2,5,1,7,3,657.1,True
2,2,4,4,2,10,3,2,1,5,3,5,2,8,10,6,2,2,1,3,0,631.8,True
2,3,10,3,4,6,2,4,1,5,2,4,3,7,0,2,2,3,2,5,1,665.4,False
4,3,9,6,10,10,6,3,1,4,5,6,10,7,0,2,2,2,8,10,2,732.1,True
3,5,3,7,10,5,3,3,1,10,3,3,0,5,0,5,2,7,5,7,2,673.3,False
5,5,10,3,10,10,4,0,1,9,3,1,10,5,5,7,2,10,3,0,1,674.6,False
3,0,7,6,10,5,4,5,1,9,3,8,0,7,0,3,2,10,4,10,3,727.4,False
2,2,6,10,10,8,10,5,1,3,3,6,10,7,10,1,2,10,10,9,3,735.5,True
4,2,1,3,10,8,3,5,1,6,3,10,0,9,0,1,1,7,5,10,1,697.6,True
3,3,5,5,3,5,3,3,1,0,1,6,0,7,1,3,2,3,1,3,1,638.6,True
3,3,4,4,3,5,2,3,1,3,0,6,0,7,1,3,2,3,3,2,1,638.6,True
4,5,10,2,2,3,8,1,1,9,2,10,10,6,5,1,2,8,3,8,1,691.9,False
4,1,10,8,7,7,10,5,1,8,6,10,6,8,10,2,2,8,7,4,1,739.9,False
2,1,6,10,5,10,2,2,1,10,2,9,0,8,3,4,1,2,3,9,2,675.1,False
1,4,2,8,0,10,0,3,2,3,0,10,1,6,0,5,2,0,0,7,2,618.8,False
1,0,10,9,10,2,8,5,1,9,2,5,1,8,0,0,2,5,4,10,3,725.3,False
5,5,1,2,10,10,5,5,1,0,3,10,10,8,7,10,1,5,5,10,2,670.2,False
5,2,6,10,6,10,5,5,1,4,10,8,5,8,0,1,2,2,1,6,2,727.6,False
2,5,5,6,5,10,7,3,1,10,5,10,2,7,2,2,1,4,4,5,1,676.8,False
4,2,9,3,6,7,2,4,1,1,1,5,3,7,0,1,2,1,3,9,1,679.2,True
1,4,1,5,5,8,1,1,2,0,1,8,2,6,10,2,2,7,1,10,1,613.3,True
4,2,2,5,10,5,2,5,1,5,1,9,1,8,4,1,1,2,2,7,2,663.2,False
3,4,9,6,9,10,6,5,1,5,2,10,2,7,0,1,2,10,3,5,2,719.3,False
2,4,0,4,0,3,2,0,1,4,0,2,4,7,0,4,1,4,0,3,0,588.5,False
3,1,6,7,3,2,2,5,1,7,1,4,3,7,5,1,2,5,3,2,1,665.4,True
2,4,2,3,2,4,3,2,2,3,4,3,2,8,1,3,1,3,5,2,1,597.4,False
2,1,6,7,4,5,4,5,1,7,1,4,3,7,5,1,2,4,3,2,1,670.5,True
2,1,6,7,4,5,4,5,1,7,1,4,3,7,5,1,2,4,3,2,1,670.5,True
2,1,6,6,6,9,4,5,2,6,0,2,2,7,0,5,2,4,3,6,1,661.6,False
1,4,7,3,10,10,7,0,2,10,7,2,5,8,2,8,1,2,4,7,1,641.4,True
3,3,1,10,4,5,3,3,1,8,2,8,1,7,0,2,2,5,1,5,3,673.0,False
3,1,8,6,10,6,8,5,1,7,3,7,10,8,2,1,2,7,1,7,1,732.5,True
5,3,6,9,8,2,8,2,2,10,5,8,1,6,0,2,2,5,10,9,2,705.1,False
0,3,2,2,1,5,1,0,2,1,2,4,0,5,0,1,1,2,0,3,1,564.7,False
1,5,3,3,3,6,0,3,2,7,1,3,3,5,7,5,1,10,1,4,2,588.3,True
5,2,10,5,5,5,1,1,1,6,1,3,0,7,0,0,2,8,1,10,0,682.2,False
2,3,2,2,4,7,6,0,1,0,1,4,3,5,10,4,1,10,1,3,0,600.4,False
3,2,10,10,10,10,3,5,1,8,3,2,4,8,0,2,2,10,8,6,2,736.6,True
1,2,0,3,0,4,1,1,2,9,2,4,3,6,4,1,1,4,1,2,1,587.0,False
5,3,10,3,10,10,7,4,1,5,2,10,2,7,3,4,2,10,6,10,2,729.5,True
2,3,1,2,5,2,2,4,2,4,2,3,1,8,0,10,2,3,2,5,3,607.6,False
2,2,5,8,3,3,4,5,1,5,6,5,3,7,2,2,2,5,6,3,2,680.9,False
4,3,4,5,2,2,6,3,1,4,1,9,0,9,1,2,1,8,3,9,1,661.7,True
3,5,10,10,4,6,6,5,2,3,2,5,2,7,2,2,2,5,2,5,1,663.9,False
2,5,6,4,1,10,2,3,1,5,2,10,1,4,1,7,1,10,1,4,1,635.4,False
4,1,8,3,4,3,2,0,1,7,5,1,2,9,2,3,1,7,5,8,1,656.7,False
3,2,2,7,7,10,4,3,1,8,3,10,2,7,2,3,2,6,4,10,1,705.7,True
1,2,3,4,3,3,5,0,1,4,0,8,7,7,3,8,2,5,0,5,0,633.9,True
2,4,6,10,3,5,5,0,1,8,1,4,0,8,0,0,2,3,6,10,1,674.1,True
2,4,6,10,3,5,4,0,1,8,1,4,0,8,0,0,2,3,6,10,1,672.4,True
0,2,10,6,2,3,5,5,1,4,0,6,1,8,0,10,1,1,1,10,1,637.1,True
1,4,1,3,2,10,1,1,2,0,1,10,2,5,7,6,1,1,0,3,2,567.6,True
2,2,1,2,2,6,0,3,1,1,1,2,0,7,6,1,2,8,1,5,3,622.5,True
5,1,3,3,3,10,4,5,2,7,2,10,10,7,0,10,2,1,2,10,2,683.6,False
3,3,7,8,4,10,6,0,2,6,2,7,3,8,5,5,2,1,4,2,1,645.8,True
2,3,3,7,10,10,0,5,2,2,2,3,0,8,4,10,2,1,3,2,2,622.9,False
0,4,6,6,2,7,0,0,1,8,5,1,0,8,1,5,2,5,4,3,1,632.7,False
5,2,10,6,3,1,3,1,1,7,1,6,0,7,3,2,2,4,2,10,1,670.9,True
4,4,8,4,10,8,2,4,1,4,0,4,0,7,0,7,2,4,1,3,2,658.6,True
1,1,3,3,2,5,1,0,1,5,3,1,1,7,0,10,2,2,1,10,0,620.6,False
5,3,10,6,2,3,3,2,1,2,3,7,1,6,0,2,2,2,3,7,3,667.5,False
2,3,7,5,5,7,4,2,2,7,5,5,9,5,0,2,2,7,3,7,1,675.4,True
3,4,7,4,2,2,2,2,2,4,0,1,0,7,7,1,1,10,0,6,1,595.1,True
2,3,7,4,10,5,2,2,2,3,2,2,10,6,0,5,1,5,4,10,2,642.7,True
2,2,8,10,10,5,7,5,2,6,2,5,3,8,5,1,2,10,6,7,2,701.5,False
3,1,4,6,10,4,4,2,1,3,1,10,0,6,0,4,2,6,1,7,2,676.6,True
5,1,10,6,10,10,3,3,1,10,6,4,3,8,5,2,2,10,10,5,1,737.0,True
1,1,7,10,6,10,0,1,1,6,5,6,10,8,0,7,2,1,5,10,0,698.3,True
3,1,2,10,10,5,8,5,2,9,6,10,6,7,0,1,1,8,6,10,1,717.6,True
2,4,10,4,10,10,5,5,2,7,4,1,5,7,6,1,2,10,7,3,2,685.2,False
3,1,5,8,10,4,2,5,1,7,2,8,1,8,0,2,2,5,3,10,3,708.9,False
4,4,7,5,3,6,3,1,2,3,1,8,1,6,5,10,2,5,1,6,2,618.4,True
5,2,10,2,10,8,10,5,2,8,7,6,5,5,0,2,1,10,8,10,2,721.5,True
3,3,5,4,9,8,6,5,2,8,6,6,5,7,10,1,2,7,7,10,1,694.7,False
3,4,6,9,10,4,3,5,1,4,4,8,5,7,0,5,2,9,1,4,1,695.1,False
3,1,7,10,6,7,6,4,1,7,3,6,5,8,0,8,1,5,7,10,1,701.7,True
2,3,5,10,0,10,5,3,2,3,3,5,0,10,5,3,1,8,4,10,1,647.5,False
3,3,5,6,7,4,4,4,2,2,4,6,6,6,3,4,2,4,5,4,0,655.4,True
4,5,6,5,6,6,6,4,2,6,4,7,8,7,7,6,2,6,6,5,0,667.7,True
4,3,10,7,4,5,7,4,2,4,10,4,4,7,8,0,2,10,5,10,3,697.7,True
3,3,1,3,5,6,0,0,2,0,6,2,0,8,0,3,2,5,2,5,1,614.2,False
2,2,1,2,1,1,0,5,1,2,1,4,0,8,6,0,2,6,1,7,3,628.2,True
5,3,4,7,7,6,2,2,1,2,6,3,3,6,0,4,2,8,10,3,2,683.7,False
1,2,8,5,10,6,9,4,1,9,6,4,10,8,0,0,2,7,3,9,0,733.6,False
5,4,6,5,4,4,8,1,1,6,1,5,2,7,0,2,2,2,3,7,2,669.0,True
1,3,1,3,10,3,4,5,2,4,1,9,3,6,3,10,2,5,1,4,1,627.1,True
1,4,2,4,6,8,5,1,2,3,4,6,0,5,10,8,2,5,3,5,1,604.2,True
4,4,6,10,10,6,7,3,2,9,6,2,1,7,7,6,2,10,8,1,2,675.2,False
4,4,5,8,2,5,2,4,1,4,1,3,5,8,2,1,2,3,1,3,1,656.9,True
5,3,2,9,7,10,5,5,1,3,7,10,2,6,5,8,1,5,8,7,2,686.8,False
5,0,10,3,10,10,10,5,1,10,10,10,10,10,0,0,1,1,10,10,1,776.0,True
2,4,10,5,10,10,2,3,1,8,3,9,2,6,8,2,2,6,5,5,3,688.3,False
1,1,2,10,10,10,6,4,2,7,10,4,2,7,0,2,2,10,9,8,3,718.1,False
4,2,1,1,7,2,5,2,2,1,5,10,2,6,1,1,1,6,2,9,1,637.5,False
3,0,2,0,0,2,4,0,1,5,1,10,0,9,0,1,2,10,0,10,1,663.6,True
3,2,8,2,2,2,5,3,1,6,1,5,4,6,5,5,2,3,3,2,2,643.3,False
1,1,2,5,5,5,8,5,1,10,3,8,10,8,0,2,2,5,2,5,3,707.2,False
1,1,2,5,5,4,8,5,1,9,3,8,5,8,0,2,2,5,2,5,3,695.3,False
1,3,8,5,7,5,3,2,2,8,1,6,0,6,0,1,2,6,1,7,3,652.0,False
3,3,8,10,9,7,10,2,2,9,8,4,5,6,0,2,2,10,8,9,3,724.7,False
0,2,10,1,6,10,1,3,1,5,4,4,1,6,4,1,2,8,1,2,1,658.4,True
2,5,2,4,1,2,0,5,1,3,1,5,1,7,7,5,1,4,1,5,1,594.2,False
3,5,7,10,2,2,10,1,2,10,7,7,5,8,5,8,2,7,3,6,0,664.5,False
3,5,10,4,10,10,10,5,2,5,8,9,10,8,7,10,2,10,7,7,0,712.5,False
5,4,10,9,8,10,6,5,2,8,4,4,2,8,10,2,2,4,2,10,2,691.1,True
2,4,7,5,5,6,2,0,2,4,2,5,4,6,8,4,1,3,4,1,3,594.0,False
5,3,4,10,10,6,6,5,2,6,1,3,2,7,0,1,2,5,1,10,2,689.0,False
1,5,5,1,4,1,1,0,1,6,0,10,1,6,0,10,2,4,1,1,2,603.5,False
2,2,1,5,3,6,7,0,2,5,3,6,1,6,3,4,2,2,0,5,3,619.7,False
3,1,4,4,10,10,3,3,2,4,6,7,8,6,5,6,2,7,7,7,3,686.2,True
1,0,2,2,2,2,0,5,1,0,8,10,1,6,0,0,2,8,1,10,3,673.2,False
2,4,1,10,5,2,1,2,2,7,7,10,2,6,0,3,1,2,8,10,1,646.0,True
4,3,3,1,3,4,0,3,1,3,2,9,0,6,10,2,1,3,0,4,3,605.0,False
2,3,2,1,6,5,7,3,1,7,7,7,5,7,7,8,2,5,5,4,1,660.9,False
3,2,2,2,10,10,4,2,1,4,0,3,0,6,0,2,2,10,6,10,2,683.7,True
4,1,2,4,2,0,3,0,1,1,1,8,1,8,0,0,2,4,1,7,3,646.0,False
4,4,4,4,5,10,5,5,1,8,0,5,7,6,0,5,2,2,1,7,3,680.7,True
5,3,8,6,4,10,5,3,1,4,1,7,8,7,0,5,2,10,3,9,2,711.9,True
3,3,10,5,9,8,7,4,2,7,5,3,5,6,5,2,1,9,7,5,3,676.9,True
1,5,0,7,5,8,3,0,1,2,2,10,0,7,0,2,1,4,0,0,1,612.2,True
3,3,10,7,4,10,5,0,2,8,3,6,5,8,0,3,2,5,4,10,1,686.4,False
5,1,3,4,3,2,1,1,1,8,3,5,5,7,1,1,2,4,2,8,3,670.7,True
3,3,10,8,4,10,7,5,1,4,1,9,2,6,7,5,2,10,2,8,2,698.5,True
5,2,10,5,8,8,5,5,1,5,4,5,10,7,0,3,2,5,1,5,2,718.3,False
1,5,6,4,10,10,5,5,1,5,4,2,5,6,0,1,2,10,2,3,3,686.9,False
3,4,5,5,5,6,1,0,1,2,1,6,0,5,5,1,1,0,2,7,1,609.3,True
2,3,10,8,5,8,2,3,1,3,1,6,4,7,0,4,2,5,5,2,2,676.0,True
4,3,7,4,4,6,3,4,1,6,2,6,5,7,4,3,2,5,3,5,1,676.0,False
3,3,4,10,5,10,2,3,1,4,1,9,5,7,0,0,1,6,7,4,0,683.4,False
1,5,0,3,0,8,2,0,1,1,0,2,1,5,10,5,1,3,1,4,1,557.5,True
2,5,1,2,6,10,1,5,2,0,1,10,2,7,0,2,1,3,0,0,1,607.1,False
3,3,3,4,3,2,3,2,1,2,1,6,2,10,0,4,2,3,1,7,1,644.3,False
4,4,8,3,8,10,3,4,1,8,2,3,0,7,5,3,1,5,1,3,1,649.9,False
4,4,2,4,7,5,4,2,2,5,7,10,4,8,4,7,1,3,5,4,1,634.5,False
3,0,5,10,5,10,0,3,1,8,0,10,10,8,0,0,2,8,3,10,1,733.1,False
1,3,10,4,6,4,3,5,1,9,5,2,3,7,2,2,2,7,3,7,1,685.4,False
2,4,6,10,6,10,4,2,1,5,5,10,1,8,0,2,1,0,3,7,0,671.9,False
1,3,1,5,10,10,4,3,2,3,4,10,2,9,0,5,2,2,10,6,1,672.1,False
2,3,5,1,4,5,0,2,1,1,1,4,2,9,0,0,2,3,0,10,0,643.7,False
2,1,10,9,5,10,7,0,1,10,2,4,1,8,0,1,2,2,6,10,1,708.1,False
0,5,1,3,1,2,3,2,2,6,1,8,2,5,0,2,1,10,1,2,1,592.7,False
1,4,1,6,2,6,0,1,1,5,4,5,5,10,6,0,2,4,1,4,0,637.3,False
4,4,5,6,8,5,6,2,2,5,2,4,3,8,10,7,2,8,3,3,2,636.7,False
2,4,1,1,5,4,1,0,1,8,1,5,2,4,0,0,2,0,2,3,1,619.1,False
1,4,10,2,6,6,6,2,2,7,3,5,6,6,0,1,2,2,1,2,0,646.7,False
5,3,5,1,1,1,8,5,2,4,4,3,10,8,0,4,1,10,8,10,2,670.5,False
0,1,5,1,3,5,6,5,1,10,1,8,0,7,0,2,2,5,3,3,1,671.3,True
4,3,10,10,5,7,2,5,2,8,2,5,3,7,0,5,2,9,1,7,1,687.7,False
5,1,10,8,9,8,7,5,1,7,4,10,2,8,0,4,2,10,6,9,1,755.2,True
5,2,2,3,9,6,7,2,1,4,1,10,0,8,1,1,1,7,4,7,1,677.0,True
2,3,1,6,10,4,8,5,2,5,4,7,1,9,8,1,2,7,10,5,2,676.6,False
0,2,10,8,6,10,9,1,1,8,2,9,7,8,0,1,2,9,8,8,2,732.9,True
5,3,7,5,10,4,2,3,2,6,3,3,5,7,9,2,2,9,2,9,3,666.9,False
3,2,10,7,3,3,5,0,2,3,0,10,3,7,0,1,2,10,1,6,1,664.9,True
3,5,5,8,2,3,0,1,1,2,3,7,1,6,4,1,2,6,0,6,1,635.2,False
2,3,4,1,3,3,2,2,1,0,1,10,1,5,0,10,2,5,0,5,3,618.6,False
4,3,8,6,10,5,7,5,1,5,3,7,8,8,6,2,2,6,5,6,0,713.8,False
1,2,1,4,0,4,2,2,2,3,1,5,1,5,0,7,2,3,2,3,0,595.5,True
2,5,1,3,4,3,0,4,2,1,0,10,0,7,0,3,2,2,1,0,0,600.3,False
3,5,4,6,1,8,4,0,1,4,4,5,2,6,0,8,2,5,2,3,0,634.8,False
5,2,10,8,6,10,0,0,1,5,2,2,0,4,0,0,1,2,1,2,0,644.0,False
2,3,0,6,4,10,4,5,2,3,1,7,2,7,4,7,1,4,1,5,1,616.7,True
4,2,10,10,10,7,7,5,1,6,4,5,3,7,10,1,1,10,2,10,2,706.4,True
2,3,5,6,10,10,10,5,1,8,6,4,10,6,0,3,2,10,10,10,3,750.2,False
1,4,1,7,10,4,4,5,2,4,2,4,5,5,0,1,1,5,1,3,3,627.6,True
5,1,4,4,4,4,1,1,1,8,4,5,7,7,7,0,2,5,2,8,3,675.8,True
3,3,3,5,10,10,5,2,2,6,6,10,2,5,0,4,1,3,6,5,2,659.4,False
1,1,2,4,5,10,3,0,1,6,2,7,5,8,5,2,2,1,1,5,1,652.6,False
0,3,4,10,5,4,3,5,1,6,5,3,5,5,10,0,2,10,3,5,3,668.2,True
3,4,7,10,10,10,4,5,1,8,2,9,2,6,8,3,1,9,5,5,1,690.0,False
1,4,4,6,6,10,3,1,1,6,2,8,1,8,6,4,2,2,0,5,1,644.3,True
2,4,2,5,7,10,4,5,2,3,3,5,0,8,1,7,1,3,1,3,2,618.2,False
5,3,6,6,10,7,3,1,2,4,0,8,5,9,0,2,1,5,2,7,1,659.8,False
2,5,8,4,5,10,2,1,2,0,5,10,2,7,5,4,2,10,0,7,1,644.5,True
5,3,7,6,10,5,3,2,2,6,2,3,10,8,8,1,2,7,5,10,3,684.1,True
1,3,2,8,6,4,5,5,1,7,1,3,5,8,0,4,1,4,3,9,1,660.3,False
2,4,0,1,1,4,2,0,1,4,0,6,0,7,10,7,1,4,1,10,2,579.1,False
1,0,10,7,7,5,5,0,1,7,8,1,3,7,0,1,2,6,10,6,2,703.9,True
5,2,10,10,6,5,1,1,1,4,1,6,5,7,0,7,2,2,3,10,2,684.5,False
5,2,10,10,6,6,2,3,1,4,1,6,5,7,0,7,2,2,3,3,2,682.8,False
5,3,4,3,10,6,2,5,1,6,2,10,2,7,3,1,2,7,1,10,2,700.6,False
2,2,1,8,2,8,0,1,1,3,2,5,1,7,0,2,2,2,0,1,2,631.6,False
3,1,4,3,4,5,5,5,2,7,8,5,5,7,9,3,1,4,8,5,1,652.0,True
5,2,10,4,10,8,9,5,1,6,1,8,1,8,0,2,2,10,2,10,2,736.1,False
4,1,8,4,4,8,2,4,2,9,4,6,1,9,0,2,2,6,3,8,3,690.0,True
1,2,1,3,4,4,3,1,2,1,3,4,0,10,0,1,1,10,1,1,3,604.8,True
2,2,3,3,2,5,5,1,1,6,1,3,4,6,4,3,2,2,5,6,2,641.2,True
5,3,6,6,1,7,2,2,1,6,1,10,1,8,2,4,1,8,1,10,1,665.1,True
1,3,5,10,5,8,3,1,2,3,0,4,3,5,1,5,2,2,2,1,1,619.1,False
3,2,3,8,8,4,4,5,1,7,5,2,10,7,2,1,1,7,7,7,1,695.6,True
2,2,3,6,10,10,5,5,1,5,5,4,2,7,0,2,2,2,0,0,2,677.3,False
1,3,0,2,3,3,2,0,1,7,1,6,7,5,0,3,2,3,1,5,3,628.0,True
3,1,5,10,5,10,3,2,1,10,7,8,5,8,0,1,2,5,1,4,3,714.0,False
5,0,10,3,3,3,3,3,1,8,2,10,1,7,0,0,2,2,5,10,3,705.7,True
4,3,5,10,10,9,5,5,1,8,1,7,4,7,0,2,2,10,3,10,2,732.3,True
2,2,10,6,10,10,5,5,1,7,4,7,8,8,0,2,2,10,3,10,2,744.4,False
3,3,3,10,6,7,10,5,2,3,2,6,3,6,0,4,2,10,3,10,3,691.1,True
4,1,8,6,0,10,4,0,1,6,3,9,1,9,0,2,2,0,2,7,0,682.1,True
2,5,0,3,10,10,8,3,1,8,3,7,0,6,10,1,2,9,1,3,3,660.7,False
2,2,2,3,7,10,3,1,2,8,2,8,3,6,0,0,2,4,1,5,3,655.8,False
4,2,4,6,10,7,6,5,2,7,2,9,10,7,0,0,1,10,4,8,3,707.2,True
4,2,3,10,10,10,10,3,1,9,7,10,6,9,0,1,2,10,9,7,2,767.3,False
4,2,0,4,1,1,2,0,1,3,1,2,2,7,7,2,2,3,2,10,1,619.1,True
5,3,4,10,10,10,10,5,2,10,4,6,5,8,2,1,2,10,4,10,3,737.4,True
5,1,10,6,3,3,2,5,2,4,2,10,3,8,0,0,2,8,3,2,3,687.2,False
2,5,8,8,10,10,1,2,2,0,0,4,0,7,0,10,1,10,0,0,1,607.6,True
4,3,3,4,4,8,5,2,1,6,6,4,4,6,1,3,2,6,5,10,0,687.3,True
0,5,6,4,6,10,3,5,1,1,5,5,2,7,0,4,1,3,0,10,1,645.2,False
2,3,1,4,2,6,5,2,1,5,5,4,5,8,0,2,1,2,3,3,2,636.7,False
3,3,10,8,10,8,4,5,2,8,7,9,2,7,6,3,2,10,2,10,2,710.6,False
3,3,10,3,3,4,4,5,2,1,1,7,5,8,0,8,2,9,1,3,1,650.9,False
4,3,8,7,10,10,10,5,1,8,3,5,10,7,0,0,2,10,8,10,3,764.2,True
2,5,4,6,0,4,0,0,2,0,2,2,0,5,0,10,1,0,0,10,2,557.5,False
1,1,9,8,0,2,1,3,2,6,3,1,5,7,0,1,2,5,1,3,3,641.0,False
2,4,8,7,3,3,2,5,2,8,2,8,3,7,10,1,2,3,1,5,1,640.7,True
3,2,4,5,8,2,4,1,1,7,4,4,3,7,5,1,1,2,4,3,0,639.9,False
5,4,8,10,8,4,4,2,1,9,2,8,5,6,5,4,1,4,2,9,1,676.2,False
5,4,10,9,7,10,3,4,1,9,2,9,3,8,5,1,2,6,5,9,0,724.4,False
1,5,6,3,4,10,10,5,1,8,2,7,0,7,0,3,1,10,8,4,1,679.6,False
1,5,0,2,0,8,1,0,2,1,2,2,0,10,0,10,1,1,10,1,2,563.6,False
3,2,3,4,4,5,5,1,2,6,1,8,6,6,5,5,1,9,4,10,2,640.5,True
3,2,2,8,10,8,4,3,2,9,1,5,2,7,10,4,2,4,1,10,3,657.1,True
2,2,1,4,1,3,1,1,1,8,1,8,0,7,0,9,2,4,0,4,2,623.7,False
5,0,4,6,4,3,2,4,1,3,3,3,2,8,3,2,1,3,2,10,1,658.6,False
3,1,5,5,2,7,4,3,2,6,2,3,0,8,0,3,2,4,3,5,3,650.1,True
1,4,0,2,2,3,1,0,2,1,1,4,0,4,10,8,1,2,1,1,2,525.4,False
1,3,6,10,8,10,7,5,1,8,3,5,4,7,4,2,2,10,8,2,0,713.2,False
3,4,7,8,10,10,0,3,2,8,2,6,5,7,0,3,2,2,6,10,3,686.2,False
4,3,10,1,6,10,2,2,1,9,3,7,2,8,0,2,2,8,3,10,0,705.3,False
3,1,8,7,8,6,6,3,1,9,5,7,2,7,0,0,2,7,4,7,1,722.1,False
4,2,10,5,10,6,5,5,2,5,5,8,2,6,0,0,2,5,1,10,3,703.4,False
2,2,0,7,7,4,2,3,1,7,3,3,7,8,0,0,2,1,1,7,0,670.5,True
1,3,10,10,10,3,7,4,1,7,2,5,7,7,4,0,2,10,1,5,0,706.4,False
2,2,9,8,5,4,8,1,2,8,4,6,5,9,2,2,2,8,1,10,1,688.3,False
4,1,10,10,2,10,0,2,1,5,1,6,2,7,0,2,2,6,1,4,1,686.2,True
2,4,2,5,7,5,2,1,1,10,3,7,4,6,10,10,2,6,1,10,1,642.0,True
2,4,5,3,3,4,0,5,2,4,2,8,1,6,0,9,1,1,2,2,1,594.6,False
3,2,10,7,10,7,3,5,1,5,6,6,5,6,1,0,2,7,8,7,1,730.2,False
3,1,10,9,10,5,3,5,1,5,7,6,10,6,0,0,2,7,9,8,1,748.9,False
3,4,10,10,10,10,4,5,1,8,5,9,2,7,0,2,2,2,3,4,1,717.4,False
5,3,2,4,1,5,1,0,1,8,6,2,2,8,3,3,1,5,3,7,2,634.6,False
5,3,2,1,3,4,1,3,1,8,2,8,1,5,10,2,2,2,1,6,3,635.2,False
3,4,0,10,10,10,3,2,1,8,3,4,5,8,0,0,2,0,1,2,3,675.8,False
1,3,3,5,3,2,4,2,2,2,0,6,4,7,0,0,1,2,1,5,1,604.6,False
1,5,1,1,10,10,4,0,1,8,1,10,5,5,10,10,1,6,1,10,3,622.0,False
2,4,2,1,0,2,6,0,1,10,0,1,2,6,0,10,1,2,2,10,2,596.6,False
3,2,3,5,8,7,7,1,2,4,2,6,5,8,0,0,2,4,2,3,2,662.6,False
4,3,3,10,10,10,10,1,2,7,6,6,10,7,0,4,2,7,6,10,3,720.2,False
1,2,10,10,10,9,9,4,2,10,8,1,10,6,0,10,2,8,4,10,2,717.3,False
3,1,3,6,10,7,2,4,2,8,1,5,2,7,7,3,2,4,1,7,3,657.1,True
2,3,4,5,1,1,3,1,1,5,4,4,0,6,0,7,2,3,0,2,2,615.9,False
4,5,3,0,10,4,0,2,2,0,0,5,0,3,10,10,1,4,3,0,0,552.6,True
2,2,10,7,3,10,2,4,2,6,2,8,3,7,3,3,2,3,6,9,0,679.8,False
5,2,2,1,0,3,1,4,2,6,1,2,0,7,4,8,2,2,1,7,2,605.5,True
1,4,3,5,6,6,2,1,1,6,2,8,5,7,0,2,2,3,1,5,1,654.3,False
1,5,2,5,2,2,2,0,1,0,0,1,0,4,10,0,1,1,0,5,0,555.4,True
2,1,10,8,10,10,10,5,1,7,10,6,5,6,10,0,2,9,7,4,1,740.4,False
5,3,3,10,10,7,1,5,1,9,1,4,10,8,0,6,2,10,4,10,3,725.1,False
2,5,10,10,10,10,6,1,1,7,2,10,10,7,0,10,1,10,3,10,1,702.3,True
2,5,10,10,10,10,6,1,1,7,4,10,10,7,0,10,1,10,4,10,1,707.4,True
0,1,0,4,10,8,8,5,2,10,10,2,4,9,0,1,2,10,6,10,2,713.0,True
3,3,10,7,7,10,6,3,1,8,6,4,6,7,0,3,2,10,1,7,0,719.8,False
1,3,2,3,0,2,0,0,2,2,0,4,3,7,4,1,1,2,0,3,1,561.7,False
3,4,3,0,3,3,2,2,1,5,0,10,0,6,6,0,2,2,1,3,0,622.2,True
3,3,3,0,2,3,2,3,1,4,0,10,0,6,6,0,2,2,1,3,0,625.6,True
3,5,5,6,7,9,6,2,1,5,2,5,3,7,1,7,2,4,2,4,0,660.5,False
5,0,10,10,10,10,10,3,1,10,8,10,10,6,10,0,2,10,8,10,1,782.0,True
5,1,10,8,10,10,5,3,1,7,5,10,3,7,0,0,2,4,10,5,1,748.2,False
5,2,5,8,10,8,6,0,1,9,3,8,6,8,0,2,2,4,4,5,1,714.0,True
5,1,10,10,10,6,9,5,1,10,4,7,10,7,0,3,2,10,6,10,1,774.8,False
4,3,8,8,0,2,1,5,1,6,0,3,10,7,10,0,2,5,0,7,1,663.5,False
2,2,4,3,3,3,3,5,2,8,3,3,1,7,3,1,2,6,3,10,3,653.3,False
5,4,6,2,3,10,1,5,1,0,1,3,0,7,0,10,2,2,10,7,3,655.0,True
3,4,3,10,5,10,10,1,2,3,0,7,10,7,0,1,2,5,1,2,3,669.4,True
5,3,5,10,4,10,8,5,1,1,2,10,1,6,0,5,2,10,6,5,1,712.3,False
1,4,5,5,10,2,4,5,1,2,1,2,1,6,6,2,1,10,3,1,1,627.4,False
3,2,5,6,10,10,2,5,2,5,4,8,5,7,5,1,2,10,8,5,1,701.9,False
5,3,5,10,3,10,10,5,1,2,3,10,1,6,0,4,2,10,5,3,1,714.0,False
2,2,5,5,5,10,5,3,2,7,3,10,10,8,0,5,2,3,2,3,3,678.7,True
3,4,3,8,8,10,6,2,2,7,5,9,5,6,3,6,2,1,2,8,2,667.9,False
4,4,4,6,7,10,8,5,2,9,9,8,7,5,5,3,2,7,10,6,2,713.4,False
1,5,3,6,6,5,6,0,1,6,5,9,6,6,0,8,2,5,4,9,1,666.2,False
2,5,6,5,2,5,5,2,1,5,5,10,3,7,2,10,2,6,3,10,1,663.2,False
2,5,6,5,2,6,4,1,1,3,3,10,3,6,2,10,2,6,3,10,1,651.1,False
4,4,2,2,0,3,0,0,1,3,0,3,0,8,0,5,2,0,0,10,1,607.6,False
1,4,4,2,1,2,2,1,2,6,4,6,10,5,0,2,2,2,1,6,1,622.9,True
3,3,10,5,10,10,7,2,1,6,6,7,4,7,10,1,2,10,7,4,2,710.2,False
5,1,2,10,3,6,2,2,1,7,2,7,1,7,4,0,2,4,1,7,1,677.9,False
1,3,3,4,5,8,7,2,2,7,1,5,2,7,0,1,2,6,1,1,2,641.8,True
5,4,10,6,3,6,3,1,1,9,3,7,3,8,10,1,2,1,3,7,1,669.6,True
5,1,2,3,3,4,1,3,2,2,1,3,4,6,8,1,1,4,2,6,0,607.2,True
1,4,4,4,1,4,1,1,1,0,6,10,1,7,10,0,2,5,3,10,3,636.0,True
2,4,5,5,2,3,6,1,1,2,4,10,1,7,7,0,2,5,2,10,3,654.7,True
2,3,8,8,6,10,5,3,1,5,4,6,2,7,0,1,2,9,2,6,3,701.5,True
3,3,3,8,10,10,10,5,1,7,5,7,0,7,0,0,2,10,5,7,3,732.3,False
3,3,3,7,3,4,3,1,1,2,1,5,1,6,1,2,2,4,2,9,1,646.7,False
2,1,10,7,10,8,8,5,1,7,2,10,3,6,0,2,2,10,3,5,1,732.7,True
4,4,4,9,3,10,3,2,2,5,1,10,1,7,4,4,2,4,2,5,2,649.6,False
3,2,3,8,10,8,3,4,1,7,6,8,5,6,4,4,2,5,8,6,3,708.5,False
3,3,7,5,2,10,3,5,2,8,2,9,3,8,0,10,2,0,2,8,1,661.5,True
2,2,10,7,4,10,8,5,1,5,1,10,2,5,0,3,2,6,2,8,0,708.7,False
2,2,10,7,4,10,8,5,1,3,1,10,2,5,0,3,2,8,1,8,0,707.0,False
3,2,5,5,4,3,2,3,1,5,2,10,1,8,5,1,2,5,1,10,1,671.9,True
3,0,10,10,4,10,1,2,2,10,6,5,10,6,0,1,2,7,10,10,2,730.0,True
3,3,5,5,4,3,2,3,1,5,2,10,1,8,5,1,2,5,2,10,1,670.2,True
1,3,4,1,1,4,1,2,1,8,1,2,0,7,0,3,2,5,2,3,2,624.2,True
4,3,10,6,3,9,6,5,1,7,6,1,10,8,10,1,2,5,5,10,1,710.9,False
3,4,5,3,2,5,2,0,2,3,1,6,1,7,3,7,2,6,2,4,1,606.3,True
3,4,10,10,10,10,3,5,1,8,4,8,2,7,0,0,2,3,10,4,1,729.1,False
1,3,8,6,2,6,2,1,1,0,5,1,1,8,0,0,2,10,3,1,1,649.7,True
2,3,4,7,8,7,5,3,2,6,4,7,6,7,5,5,2,8,3,7,2,671.1,True
3,3,10,5,1,10,2,5,1,7,3,6,3,8,0,0,2,2,1,3,1,684.7,True
5,4,1,3,10,10,10,2,1,4,0,9,0,8,2,0,2,0,4,0,3,671.7,False
3,4,10,7,3,1,2,0,2,5,1,8,1,8,0,0,2,1,1,10,3,642.6,False
1,4,5,7,10,4,5,5,1,5,3,1,1,7,7,7,2,10,1,9,1,661.4,False
4,2,8,7,6,10,0,5,1,8,1,6,5,6,1,5,2,10,1,2,1,696.2,True
2,3,10,10,10,5,1,5,1,3,6,1,0,8,5,10,1,0,3,10,2,648.0,True
5,0,5,1,2,3,0,5,1,3,1,10,0,6,0,0,2,1,1,6,3,664.7,False
2,1,4,6,10,8,10,5,1,8,8,5,5,7,1,1,2,9,5,10,1,742.1,False
2,5,1,10,3,10,0,2,1,0,4,5,10,5,0,10,2,0,4,1,2,632.9,False
5,1,8,4,3,4,2,5,2,8,2,8,5,5,0,1,2,3,1,6,3,676.0,False
3,1,1,6,8,3,2,1,1,3,4,4,5,8,0,1,1,2,4,4,2,646.9,False
3,2,10,2,1,6,8,3,1,8,5,4,3,8,10,1,2,9,4,5,2,682.6,True
5,4,4,6,5,10,4,5,1,0,0,4,0,7,10,10,2,10,5,1,3,645.0,False
4,4,5,1,1,2,1,2,2,7,3,4,2,6,0,1,2,8,1,9,3,636.3,True
2,0,10,5,1,10,2,1,1,9,3,1,1,8,0,0,2,10,2,7,1,690.5,False
4,3,5,5,7,3,5,3,1,6,5,2,4,6,0,6,1,6,0,1,1,642.7,False
4,3,8,4,9,10,0,4,2,5,6,5,1,7,0,0,2,6,0,7,3,679.2,False
2,2,10,8,8,8,7,2,1,7,1,4,5,8,0,3,2,10,3,6,1,709.8,False
5,2,6,5,4,10,2,5,1,7,3,5,5,8,10,3,2,10,3,7,1,696.4,False
4,2,4,7,5,4,4,4,1,8,4,3,0,8,0,1,2,9,5,10,3,702.8,False
4,2,8,3,5,3,4,5,1,7,3,10,4,7,1,1,2,6,5,6,3,705.7,True
4,1,9,4,8,6,10,0,1,5,2,4,8,9,0,2,1,5,6,8,1,696.4,True
2,4,1,2,5,2,3,3,2,5,2,4,10,5,0,6,1,5,4,4,2,610.6,False
4,1,3,7,2,2,1,4,1,8,2,5,5,7,0,1,2,10,4,10,3,697.9,False
4,2,4,7,5,4,4,4,1,8,4,3,0,8,0,1,2,9,5,10,3,702.8,False
4,2,4,7,5,4,4,4,1,8,4,3,0,8,0,1,2,9,5,10,3,702.8,False
2,1,2,8,8,7,3,1,1,5,9,10,5,8,1,2,2,3,6,9,0,707.6,True
1,1,10,4,8,8,7,0,1,7,1,4,2,6,3,3,1,8,1,7,1,660.1,False
4,5,2,4,10,10,3,5,1,6,1,9,3,5,10,1,2,8,1,5,3,672.8,False
2,3,10,10,10,10,4,5,1,5,2,7,10,8,0,6,2,10,2,10,1,734.2,False
2,4,4,5,2,5,4,2,1,7,5,9,1,6,0,5,1,4,2,3,2,635.6,True
3,0,3,8,8,8,0,3,1,8,1,4,5,7,0,1,2,4,3,10,2,699.4,True
4,2,4,4,6,4,4,3,1,4,1,8,1,5,0,4,2,10,2,5,3,672.6,False
5,3,5,6,10,10,5,5,1,8,2,5,5,8,4,1,2,10,8,7,1,730.4,False
3,2,9,4,4,3,4,2,1,7,4,5,4,7,2,5,2,3,2,6,1,667.3,False
2,2,5,10,7,10,3,5,2,4,5,6,2,5,0,3,2,10,3,10,2,694.3,False
2,2,5,10,6,9,4,5,2,5,4,10,2,5,0,3,2,10,3,4,3,690.0,False
2,2,5,10,10,10,3,5,2,6,3,6,2,5,0,3,2,10,4,10,3,701.1,False
1,4,1,2,5,2,2,1,2,6,2,9,10,6,5,9,2,1,5,2,3,606.7,False
1,1,5,10,10,10,5,5,1,9,8,10,5,5,5,0,2,7,8,4,3,735.9,False
1,3,3,7,8,10,5,2,2,8,6,6,3,8,0,3,2,4,2,2,2,664.3,False
1,3,3,7,8,10,5,2,2,8,6,6,3,8,0,3,2,4,2,2,2,664.3,False
5,2,1,6,3,4,10,3,1,10,4,6,10,8,7,5,1,10,8,10,0,700.0,False
5,4,3,7,10,9,3,4,2,2,7,4,8,8,1,1,2,5,2,1,1,677.5,False
0,4,1,0,4,10,2,0,2,0,5,4,1,7,0,9,2,0,8,2,2,592.3,True
2,4,7,5,10,7,3,3,1,6,0,2,5,8,1,1,2,8,2,1,1,672.0,False
3,3,7,7,2,10,4,3,2,5,3,8,5,10,5,2,1,4,5,3,1,653.2,False
1,1,6,9,10,10,6,5,1,9,7,10,5,5,5,0,2,5,7,3,3,729.1,False
3,4,3,7,3,10,2,5,2,9,6,2,2,7,0,2,1,5,4,3,2,646.3,False
4,3,2,4,5,10,5,3,2,6,3,7,5,6,4,2,2,6,1,2,1,655.6,False
2,3,0,10,4,10,6,1,2,6,8,7,3,5,0,3,2,10,2,1,1,663.9,False
3,2,2,9,3,6,7,2,1,5,2,9,3,7,3,5,1,4,2,2,2,647.7,False
3,2,2,8,4,10,5,2,1,5,2,8,3,7,3,5,1,5,2,2,2,650.9,False
3,2,10,8,6,8,10,3,2,5,3,10,2,7,0,5,2,10,2,7,2,702.3,False
1,3,3,10,4,3,4,5,2,5,5,10,6,5,0,1,1,2,3,5,1,649.2,False
5,2,10,5,5,10,5,1,1,7,2,7,6,8,0,2,2,2,2,10,1,708.7,False
3,1,10,5,10,5,3,4,1,8,5,10,0,8,5,2,2,10,1,5,2,709.3,False
2,2,6,6,8,4,5,2,2,2,2,6,0,6,7,5,2,5,1,2,1,623.1,False
2,3,4,10,7,10,7,2,1,6,8,8,6,5,0,4,2,4,5,3,2,701.5,True
2,1,5,5,5,10,4,5,2,6,6,5,10,7,0,5,2,10,8,7,2,708.1,True
2,4,3,2,4,6,2,4,2,3,1,1,5,6,7,10,1,3,0,5,1,576.2,False
0,5,0,7,10,10,2,5,2,2,10,10,5,6,10,10,2,10,1,0,2,637.5,False
4,1,8,8,6,10,4,1,1,10,3,8,5,8,0,0,2,6,4,5,1,722.5,False
4,3,3,7,3,5,2,2,2,5,3,3,1,6,2,1,2,4,7,4,3,641.2,False
1,1,1,6,2,3,1,5,2,8,1,10,8,7,0,0,2,3,1,7,2,663.2,True
3,1,9,10,0,6,3,3,1,4,1,6,5,7,0,1,2,10,4,5,1,698.1,False
3,5,1,4,7,3,10,5,2,3,5,5,1,5,0,2,2,10,4,4,1,658.4,False
3,2,10,4,5,3,3,0,1,3,9,6,5,8,3,0,2,0,10,10,1,691.5,True
2,4,10,10,10,10,2,1,2,6,7,3,3,8,0,1,2,5,8,10,2,697.7,False
4,1,2,8,5,7,4,3,1,8,6,9,5,7,2,5,1,5,5,8,2,690.2,False
5,3,5,4,10,10,0,5,1,10,4,6,0,7,10,0,2,5,6,10,3,701.5,False
5,3,6,5,8,5,6,5,1,8,7,10,10,8,0,1,2,5,2,7,3,734.8,False
3,1,10,5,9,6,10,4,2,7,2,7,2,7,0,5,2,10,3,10,3,708.5,True
5,3,3,4,3,3,4,5,2,4,3,4,3,6,0,5,2,3,1,7,3,643.1,False
4,1,8,5,4,8,5,2,2,7,4,4,10,7,0,2,2,5,6,8,3,697.7,False
3,0,6,3,0,2,0,5,1,8,0,4,5,7,10,5,2,3,1,5,2,639.9,False
5,4,5,4,9,7,7,4,2,2,7,7,10,6,5,2,2,5,7,7,3,693.0,False
5,3,10,6,3,5,4,5,2,6,2,7,7,7,1,4,1,4,2,6,3,662.6,True
2,3,3,5,5,10,10,3,2,10,5,10,2,7,0,7,2,10,2,2,2,680.2,False
5,3,10,2,4,3,1,2,2,6,1,2,1,7,0,0,1,6,1,10,3,634.4,False
5,2,4,10,10,2,4,5,2,5,4,1,10,7,0,1,2,3,4,7,3,692.0,False
2,1,1,7,4,5,2,3,2,7,4,1,3,7,0,0,2,3,3,7,3,651.2,False
5,3,7,4,10,10,6,5,1,10,2,8,2,7,0,1,2,8,4,10,3,735.9,False
5,3,5,10,10,10,6,5,2,9,6,7,5,7,0,1,1,10,3,10,3,718.7,True
5,2,5,5,4,5,4,4,2,10,6,3,10,10,0,1,2,3,5,8,3,701.5,False
4,5,4,8,7,1,4,5,2,5,2,1,4,7,0,4,1,10,1,10,3,644.4,False
5,0,10,5,5,3,7,1,1,9,3,10,5,8,0,1,1,4,3,7,1,700.8,False
5,3,10,8,10,5,4,5,2,8,4,5,10,8,0,1,2,10,8,10,3,738.9,False
2,3,4,5,4,6,3,1,2,8,3,8,3,6,0,5,2,3,1,3,1,635.4,True
3,2,7,3,3,8,10,0,2,6,2,7,10,6,10,8,2,6,2,10,1,655.6,False
1,5,10,6,7,3,7,5,1,7,4,2,3,8,0,2,2,10,2,10,1,697.5,False
2,3,5,8,3,8,5,5,2,7,5,4,5,7,5,1,2,3,4,2,1,662.0,False
2,2,3,9,9,8,7,4,2,9,9,5,8,7,6,1,2,4,7,7,3,704.7,False
5,3,10,3,10,10,10,3,2,10,10,2,3,8,3,4,2,10,6,10,1,724.7,False
5,5,4,10,8,5,0,5,2,4,0,5,0,4,0,3,2,2,2,10,2,649.7,False
4,3,8,4,2,5,3,0,1,6,1,10,10,6,5,6,2,4,2,7,2,664.7,True
3,2,5,4,6,7,2,5,2,3,1,5,0,7,0,0,2,6,2,7,2,660.5,False
3,4,10,5,5,4,10,3,2,5,4,6,1,6,0,2,2,10,3,4,1,674.1,False
2,3,3,10,4,10,8,4,2,6,9,10,5,4,0,3,2,10,3,1,1,693.2,False
1,3,3,5,2,3,3,2,2,8,5,5,0,7,0,3,2,5,3,3,1,629.9,False
4,3,4,3,3,3,10,0,2,7,1,2,5,7,0,8,2,10,1,10,1,648.0,False
4,3,4,3,3,3,10,0,2,6,1,2,5,7,0,8,2,10,0,10,1,644.6,False
5,3,5,8,4,10,3,5,2,3,7,5,3,7,0,0,1,2,3,5,2,663.9,False
1,4,4,3,5,10,1,1,1,6,6,6,2,7,10,3,2,1,3,3,0,631.8,True
1,4,3,3,4,10,1,1,1,4,3,6,2,7,10,3,2,1,3,2,0,618.2,True
2,0,4,10,5,10,6,2,1,2,0,10,0,6,0,6,1,6,4,10,0,674.9,True
5,5,10,2,2,3,2,5,1,7,0,7,5,7,0,2,2,0,0,7,3,666.0,False
5,3,6,5,8,5,6,5,1,8,7,10,10,8,0,1,2,5,2,7,3,734.8,False
3,0,5,6,3,8,0,3,1,5,3,10,5,6,0,0,2,10,3,10,3,710.6,True
3,4,3,3,7,7,3,4,2,8,1,7,5,7,9,0,2,3,8,6,1,657.5,True
3,2,10,5,5,5,5,2,1,7,4,7,10,8,0,2,1,7,3,4,1,690.0,False
2,5,2,5,2,10,10,0,1,8,0,5,5,8,10,5,1,10,5,0,1,630.1,False
2,2,3,5,8,7,10,5,2,10,8,10,8,7,4,2,2,7,3,3,2,705.7,False
3,4,3,5,4,10,1,5,1,5,2,10,10,7,0,5,2,10,1,7,1,697.2,False
3,0,10,7,10,10,7,5,2,10,3,7,10,8,3,0,2,10,3,10,2,747.8,False
0,4,0,9,5,7,2,1,1,3,5,8,2,6,6,1,1,3,3,8,1,628.6,False
5,5,1,2,7,10,3,2,2,2,1,6,0,7,10,1,2,10,3,7,3,635.2,False
4,4,6,3,2,2,2,3,2,3,1,5,10,10,0,5,2,3,5,5,1,645.8,False
3,2,10,4,10,10,4,4,1,6,7,10,4,7,6,3,2,10,9,8,1,734.6,False
3,3,10,6,10,10,6,2,1,10,5,6,2,7,0,2,1,10,3,7,1,706.6,False
3,3,10,5,6,10,7,0,1,8,5,5,4,7,0,2,1,2,5,5,1,677.5,False
3,3,10,6,10,10,5,0,1,8,5,5,4,7,0,2,1,4,3,5,1,682.6,False
3,2,6,4,5,3,3,1,1,8,4,10,2,8,6,0,2,8,2,5,2,677.0,False
5,3,8,8,10,7,10,0,2,8,6,5,10,7,8,5,2,9,1,9,2,697.9,True
5,4,2,10,10,7,5,5,1,7,10,9,2,6,7,7,2,10,10,3,2,715.5,False
5,4,1,2,6,8,6,1,2,6,4,5,4,7,5,3,2,4,1,4,2,638.4,False
1,5,5,4,10,10,4,4,2,8,2,8,3,7,10,1,2,8,2,3,1,654.3,True
4,2,6,9,3,5,3,5,2,8,5,8,10,8,0,0,2,8,7,8,2,720.8,False
1,1,6,0,1,1,1,3,2,5,3,8,10,7,0,3,2,10,3,10,2,662.8,False
5,3,10,6,5,10,3,3,1,5,3,5,2,7,1,6,2,1,2,5,1,677.5,False
2,3,6,7,10,3,6,3,1,10,4,4,5,6,0,1,2,4,10,7,2,707.7,False
5,2,3,2,5,4,4,0,2,8,6,8,3,6,0,2,2,7,2,10,1,669.4,True
3,2,10,8,7,7,6,4,1,4,1,4,2,7,3,2,2,3,2,4,1,682.4,False
5,5,5,5,8,10,2,1,1,9,3,6,10,8,10,1,1,0,7,2,1,659.2,False
3,2,10,4,2,2,9,4,1,4,1,7,1,6,0,0,2,6,1,10,3,687.9,False
3,4,10,6,4,7,1,5,1,8,1,6,10,8,0,5,2,3,2,4,1,688.1,False
2,3,7,7,5,6,6,5,2,5,5,7,8,7,0,7,2,10,10,7,1,701.7,True
3,2,10,10,8,10,10,1,1,7,4,10,2,7,0,9,2,10,6,10,1,732.9,True
4,3,8,5,4,3,5,5,1,6,2,8,4,8,0,4,2,3,1,6,3,685.1,False
5,4,6,9,10,7,7,2,1,8,6,3,1,6,0,3,2,5,2,7,2,699.0,False
1,3,3,4,3,10,3,0,2,7,6,10,3,7,0,0,1,4,8,0,1,639.4,False
2,4,10,10,10,10,5,3,1,9,10,7,10,6,0,10,2,9,8,10,1,744.0,False
1,4,2,4,2,10,3,0,2,6,5,8,2,7,0,0,1,3,8,0,1,622.0,False
3,1,10,10,6,4,6,5,1,6,2,8,5,7,2,2,2,10,2,6,2,720.6,False
5,3,10,2,8,10,10,1,2,10,4,8,10,8,7,7,2,8,5,10,1,708.9,False
5,3,10,5,4,10,0,0,1,3,0,9,5,6,0,1,2,3,8,3,2,681.5,True
2,2,10,5,4,10,5,0,1,8,3,5,4,7,0,2,1,3,4,3,1,663.9,False
3,1,4,3,5,1,3,0,1,5,1,7,1,7,0,2,2,7,1,3,1,649.0,False
2,2,2,3,2,5,2,2,1,8,1,7,0,6,0,4,1,2,2,7,2,626.7,True
4,2,10,6,10,4,6,3,2,10,8,5,10,8,0,4,1,7,8,5,1,704.9,False
5,3,4,5,2,10,4,2,1,7,7,10,0,6,6,4,1,10,8,10,1,685.1,False
5,4,10,5,10,10,3,0,2,8,1,8,2,7,0,2,2,10,1,5,1,683.2,False
5,3,10,10,6,10,8,2,2,8,8,3,7,8,0,5,2,10,8,8,2,728.3,True
3,2,4,8,7,5,5,5,1,8,7,4,7,8,0,5,2,4,2,7,1,704.7,False
2,3,10,7,5,10,3,1,1,7,5,6,2,7,1,4,2,4,7,3,1,684.5,False
4,5,10,10,10,5,3,5,2,6,4,4,5,5,7,4,2,10,5,0,1,671.8,False
1,2,2,6,0,2,0,3,1,5,2,2,5,7,10,0,1,3,2,5,1,605.5,False
4,3,10,3,10,10,5,1,1,4,4,3,7,8,3,10,1,10,10,5,1,682.4,True
1,3,10,8,10,10,5,1,2,10,2,3,5,7,0,7,1,4,6,3,1,655.0,True
5,3,10,10,7,10,3,2,1,6,3,3,3,7,0,1,2,5,3,10,2,711.1,False
1,1,10,10,0,10,1,4,1,6,1,5,5,6,0,0,1,5,2,5,1,672.2,False
3,3,8,10,2,10,4,2,1,7,5,8,5,6,10,4,2,5,8,7,1,691.5,False
2,4,10,6,6,10,7,0,1,7,6,8,1,6,10,3,1,3,6,10,1,664.3,False
3,3,3,4,10,10,7,1,1,7,7,5,5,6,0,1,1,8,2,6,1,684.1,False
5,1,10,10,10,10,8,5,2,10,10,10,5,7,0,2,2,10,1,10,2,763.5,False
4,1,6,5,3,4,2,0,1,7,1,10,1,7,0,2,2,2,0,3,2,658.1,False
1,5,4,4,5,9,10,5,1,3,3,3,10,4,10,1,2,10,2,4,0,668.0,True
1,4,1,7,7,6,5,3,1,5,2,3,3,6,7,6,1,3,1,3,0,612.3,False
2,2,5,3,4,4,1,0,2,8,3,7,2,7,2,2,2,0,1,5,3,625.2,False
5,3,2,4,10,10,1,1,1,5,6,10,8,5,0,0,2,3,7,7,3,707.0,False
1,1,3,3,3,10,2,1,1,7,4,1,1,8,10,2,1,10,8,3,2,636.1,False
5,4,10,8,8,8,9,5,2,6,7,7,8,7,1,1,2,7,9,10,1,740.8,False
2,2,7,6,10,10,6,2,1,8,7,8,10,6,0,3,2,10,10,10,1,749.3,True
3,2,10,10,3,6,5,2,1,10,8,7,7,7,0,0,1,7,8,10,1,723.8,False
3,3,8,4,2,5,3,2,1,7,8,2,10,6,0,4,1,2,3,4,1,654.6,True
2,3,3,8,4,10,5,2,2,8,4,9,2,7,3,0,2,6,9,5,1,681.7,False
2,3,2,10,5,10,3,5,2,3,3,3,3,7,0,2,1,5,8,6,1,655.0,True
4,5,5,7,10,10,4,2,2,5,9,2,5,8,2,0,2,10,4,5,1,689.0,False
2,4,10,7,10,10,6,1,1,8,2,10,7,8,0,2,1,10,8,5,1,712.7,False
3,3,8,8,10,10,3,1,1,1,3,8,2,7,0,3,2,10,10,2,2,701.9,False
3,3,10,10,4,10,7,2,1,7,7,5,7,6,4,1,2,9,8,9,1,730.0,True
5,4,6,1,1,3,0,1,2,1,1,10,1,4,0,10,2,10,0,10,1,618.4,True
2,1,5,4,2,5,1,2,1,5,2,2,5,8,0,2,1,3,4,2,1,634.6,False
2,3,1,3,3,8,3,1,2,3,5,3,1,7,0,1,2,1,1,3,1,615.9,False
1,2,4,10,3,5,3,4,1,5,2,7,5,7,2,1,1,5,6,7,1,669.4,False
1,4,4,7,8,9,8,4,2,9,8,9,5,7,5,3,2,8,9,5,1,700.4,True
1,2,8,10,7,6,7,0,1,7,5,8,3,7,1,0,2,4,4,5,1,696.8,True
3,3,10,10,7,10,8,5,2,5,4,6,10,6,0,1,1,7,8,9,1,714.9,False
2,1,10,5,5,10,3,0,2,8,2,10,2,6,0,2,1,4,8,3,1,659.6,False
2,1,10,6,8,10,4,0,2,7,2,10,2,6,0,2,1,7,8,2,1,669.8,False
3,5,10,5,6,2,0,4,1,1,0,3,2,5,1,7,2,4,0,8,2,634.2,False
2,3,10,10,5,10,8,5,1,2,6,8,10,6,0,8,2,6,10,1,1,720.4,False
2,3,10,10,8,10,6,5,1,1,4,10,10,6,0,8,2,8,10,1,1,724.2,False
1,2,6,4,1,4,2,0,1,7,2,6,2,8,2,0,1,2,1,4,1,623.5,True
1,2,6,4,1,4,2,0,1,7,2,6,2,8,2,1,1,2,2,4,1,623.5,True
3,2,10,9,3,10,3,1,1,9,7,6,5,8,0,2,2,10,7,5,1,723.8,False
3,1,10,8,7,10,3,2,1,3,2,8,4,8,0,0,2,8,6,7,1,720.8,True
4,4,7,4,2,2,2,5,2,5,1,6,0,7,10,10,1,1,2,7,1,591.0,False
4,3,10,10,10,4,8,5,2,9,1,6,5,7,3,1,2,7,2,6,1,704.9,False
1,5,10,3,1,2,2,0,1,7,0,3,1,9,0,1,1,5,2,1,1,609.5,False
1,5,10,4,1,3,5,1,1,7,4,3,5,9,0,1,1,5,3,1,1,636.7,False
2,2,5,10,3,10,2,1,1,3,1,2,0,8,0,2,1,6,0,1,1,632.9,False
1,2,10,6,4,7,7,1,1,5,2,3,2,6,0,1,2,10,2,3,1,675.2,True
5,2,10,10,10,10,10,5,1,7,6,8,10,6,0,2,2,10,10,10,1,786.7,False
3,3,5,8,10,5,6,5,2,7,10,8,3,8,0,3,2,10,8,10,1,725.9,True
2,3,10,9,7,9,3,2,2,9,6,6,5,7,3,2,2,8,6,6,2,696.4,False
4,3,10,5,7,5,3,2,1,6,5,6,6,6,0,1,1,9,5,4,1,686.0,False
1,0,8,10,10,10,2,1,2,10,2,9,2,6,0,5,2,10,2,5,2,691.7,True
4,5,10,6,10,3,10,5,1,9,1,8,10,6,2,4,2,10,3,3,1,718.7,False
2,3,10,10,3,6,5,1,1,8,2,10,3,6,0,1,2,4,10,10,1,710.6,True
4,3,9,10,8,10,4,5,2,6,4,7,2,7,3,4,2,10,8,2,1,703.4,False
2,2,10,10,3,6,3,1,1,8,5,10,3,6,0,1,2,4,10,10,1,715.7,True
1,4,0,7,8,3,3,0,2,0,0,5,0,7,0,0,1,2,0,2,1,582.3,True
5,2,10,9,10,10,8,4,1,6,9,9,7,6,1,2,2,10,8,8,1,769.9,False
2,5,8,4,4,8,3,1,1,1,3,1,2,7,10,7,2,8,0,10,1,627.4,False
1,5,10,4,1,3,3,0,1,7,3,3,5,9,0,1,1,4,4,1,1,628.2,False
3,2,8,5,3,10,4,2,1,8,4,5,5,8,10,0,1,10,8,5,1,681.1,False
4,3,6,10,6,5,7,0,2,10,8,10,3,7,0,1,2,5,8,4,1,700.6,False
4,3,3,2,1,10,4,1,1,2,4,5,5,7,0,7,2,10,2,4,1,658.8,False
1,1,4,5,2,7,7,0,2,6,1,2,2,6,0,2,2,7,6,7,1,647.8,False
0,3,2,4,5,5,3,3,1,2,5,2,6,6,0,3,2,4,8,5,1,654.6,False
3,1,7,10,10,10,4,3,1,8,3,10,5,7,0,1,2,10,3,7,1,739.7,True
3,3,10,6,10,10,10,2,1,9,8,6,1,7,0,1,1,10,3,7,1,716.8,False
3,2,3,6,5,7,8,1,1,7,8,10,7,8,1,1,1,2,1,6,1,683.8,False
3,2,5,6,10,8,4,2,1,5,3,2,4,6,0,1,1,3,6,8,1,673.3,True
4,3,5,10,5,6,4,1,2,10,9,10,3,8,2,1,2,4,8,7,1,700.8,False
2,5,2,5,6,10,4,1,2,4,5,2,10,4,10,1,1,4,6,3,1,613.4,False
2,5,1,5,5,10,4,1,2,3,2,2,10,4,10,1,1,4,6,2,1,601.5,False
4,1,9,7,5,2,3,4,1,9,6,8,2,7,0,1,2,8,2,10,2,718.9,False
3,3,3,6,10,10,3,1,1,8,6,6,2,7,0,1,1,5,8,5,1,682.8,False
4,1,6,8,3,3,2,0,1,7,2,6,2,8,0,1,2,9,2,5,1,679.6,True
5,3,5,5,1,1,0,5,1,7,0,8,1,9,0,10,2,0,0,3,1,639.4,False
3,3,3,5,2,4,3,3,1,8,6,7,5,6,0,0,2,3,6,5,1,681.1,False
2,3,10,4,2,10,6,4,1,9,4,6,5,7,5,3,1,2,0,5,1,662.4,False
3,3,3,4,3,5,3,3,1,6,6,7,5,7,4,1,2,3,6,4,1,671.1,False
2,2,10,4,2,10,4,1,2,7,8,5,10,8,9,1,1,4,7,3,1,655.6,False
2,3,2,2,2,2,1,3,2,6,1,3,0,7,2,3,2,2,0,3,3,597.2,False
3,4,3,5,7,6,5,2,1,4,3,6,2,5,2,4,1,5,4,4,1,639.9,False
3,4,3,5,5,5,5,3,1,4,4,5,2,5,10,4,1,7,3,4,1,626.1,False
2,4,6,4,3,5,5,2,1,7,4,4,3,8,6,1,1,6,9,5,1,652.0,False
1,3,10,10,4,10,7,0,1,3,2,5,3,8,0,1,1,3,6,7,1,670.9,False
5,2,7,7,4,4,6,2,1,7,7,7,4,8,0,1,2,7,3,6,1,710.4,False
2,5,5,5,3,1,1,3,1,10,4,5,0,7,0,8,1,10,1,2,1,624.8,False
1,4,1,2,3,5,2,3,2,4,2,8,10,6,1,2,1,6,3,4,2,620.1,True
1,3,10,10,5,10,6,5,2,8,2,9,7,7,0,1,1,9,1,7,1,693.6,False
1,3,9,5,3,2,2,2,1,6,2,7,1,8,7,1,1,5,2,7,1,633.9,True
5,2,10,4,10,10,10,5,2,8,3,5,1,8,0,1,2,10,3,10,3,728.7,False
1,2,10,7,9,10,10,5,2,7,2,10,1,7,0,1,1,10,3,4,1,695.5,False
1,5,0,1,10,10,2,1,2,7,2,2,0,7,10,0,2,5,0,10,2,614.0,True
1,1,10,10,5,5,0,1,2,1,6,6,0,7,0,5,1,4,4,5,2,631.8,True
2,2,10,1,10,10,10,5,1,5,4,3,3,6,0,1,1,10,8,10,1,714.3,True
1,4,1,5,2,10,5,3,2,3,4,5,4,6,5,10,1,5,1,5,1,599.1,False
3,4,2,2,5,0,5,2,2,6,6,3,4,7,4,5,2,3,8,5,2,629.5,False
5,4,3,6,3,5,5,1,1,10,2,10,2,8,0,7,2,6,0,2,2,665.1,False
5,1,10,5,10,1,4,3,1,8,1,10,3,7,0,1,2,3,2,10,3,712.5,False
3,2,10,4,5,5,3,1,1,7,2,9,2,7,2,1,2,2,3,6,1,676.6,False
3,1,10,8,3,8,1,5,1,5,2,8,3,7,0,4,2,9,1,10,2,708.7,False
3,5,5,10,7,10,3,2,2,6,6,4,10,5,5,3,1,4,5,5,1,651.4,False
3,4,6,10,7,10,4,2,2,6,6,4,10,5,5,3,1,4,6,5,1,659.9,False
3,4,6,10,8,8,4,2,2,6,6,4,10,5,5,3,1,4,6,5,1,658.2,False
3,3,6,10,3,7,3,2,1,10,2,10,1,8,10,2,2,2,5,10,2,682.1,False
4,5,1,10,8,10,0,5,1,6,0,7,0,7,0,7,2,2,1,7,2,666.0,False
3,4,10,8,10,8,6,5,1,7,4,3,3,7,0,1,1,10,6,7,1,709.4,False
3,3,6,5,2,5,1,0,2,0,0,6,0,7,0,0,2,3,0,2,2,609.7,False
4,4,7,5,3,3,4,2,1,7,3,4,5,6,0,2,2,6,3,5,2,670.3,False
3,3,10,4,8,10,3,3,1,10,3,2,1,6,0,1,1,10,1,10,1,686.9,False
2,2,6,1,6,1,5,2,1,4,3,7,0,7,0,1,2,3,2,10,3,662.6,False
3,1,1,10,7,6,2,5,1,9,4,4,1,9,0,1,2,3,1,7,3,694.7,False
4,5,3,6,4,10,1,5,2,3,2,2,2,7,4,7,1,2,1,2,2,600.4,False
1,1,0,5,1,10,5,0,2,8,2,5,10,6,10,10,2,10,5,2,2,629.7,True
3,2,2,3,4,7,3,0,1,5,7,6,4,8,8,2,1,2,2,6,1,633.7,False
0,5,1,5,3,5,4,5,1,2,1,4,2,6,4,0,1,3,0,4,3,607.4,True
4,3,10,6,5,7,3,2,1,7,3,2,1,8,3,1,2,2,1,5,0,668.6,False
2,5,10,4,5,4,2,3,2,6,4,5,2,7,0,7,1,3,2,5,2,618.0,False
3,2,3,8,7,10,2,3,1,7,4,5,4,6,6,1,2,0,8,2,2,677.3,False
3,4,10,9,10,5,5,5,1,10,2,5,0,5,0,3,2,2,3,3,3,689.0,False
3,4,2,5,5,8,3,0,1,6,5,2,8,7,3,8,2,6,2,4,2,648.0,False
1,2,5,2,5,5,0,2,1,10,4,5,0,7,0,3,1,5,4,10,3,650.3,True
4,1,4,10,7,7,4,5,1,10,7,6,4,7,0,0,2,10,6,4,3,737.2,True
2,2,4,3,2,3,2,4,1,5,1,8,1,8,0,8,2,4,2,10,2,654.5,True
2,3,10,2,3,3,6,0,1,2,1,6,0,7,0,6,1,5,1,10,1,628.4,False
3,3,2,5,7,10,3,0,1,5,3,4,6,7,3,7,2,5,1,4,2,651.8,False
1,0,10,10,10,10,3,5,2,5,4,1,6,5,0,2,2,5,1,10,2,698.4,False
2,4,0,2,3,3,0,0,1,3,1,10,0,8,0,6,2,7,3,5,0,624.3,False
3,5,8,5,5,4,0,1,1,1,0,4,0,9,0,2,2,2,1,8,3,636.9,False
3,3,4,1,8,4,3,3,2,4,2,10,1,6,10,2,1,5,1,5,2,612.0,True
4,5,10,10,10,7,10,5,1,3,5,6,2,7,0,5,2,8,4,10,3,725.3,False
5,4,10,7,9,10,10,4,2,7,1,10,4,7,5,1,2,3,5,7,2,707.4,True
2,3,2,10,10,10,5,5,2,9,2,6,10,7,0,2,2,10,4,10,1,718.5,True
1,3,10,0,0,5,2,0,2,1,1,6,2,7,0,6,2,10,2,10,3,625.0,True
1,4,3,6,2,10,3,3,2,5,3,6,1,8,0,0,2,3,2,10,2,652.4,False
1,3,1,2,3,1,0,3,1,5,0,1,1,6,10,1,2,1,1,1,1,586.4,False
3,5,2,3,2,9,3,1,2,4,4,3,0,6,1,4,1,2,2,3,2,590.2,False
2,4,8,6,9,5,10,5,1,8,5,4,8,8,0,4,2,10,2,6,2,718.3,False
3,3,0,4,5,7,0,0,2,1,3,7,0,8,0,4,1,4,0,7,1,601.6,False
3,2,0,5,2,7,0,0,2,1,2,6,0,8,4,6,1,3,1,5,1,584.4,False
3,0,4,10,10,10,10,3,2,6,10,10,8,7,0,10,2,9,5,8,1,732.9,False
4,3,4,8,8,10,4,3,1,5,3,8,4,7,5,3,2,6,3,10,2,700.2,True
2,5,3,8,6,10,2,1,1,5,0,5,0,6,2,1,1,5,0,2,3,622.9,True
5,3,10,10,10,10,5,5,1,8,3,7,7,7,5,0,2,10,8,6,2,751.0,False
2,5,4,4,2,7,3,2,2,7,1,3,5,6,4,2,2,10,1,6,2,632.7,True
2,5,4,4,2,7,5,2,2,7,2,3,5,6,4,1,2,10,1,6,3,639.5,True
2,3,4,7,10,8,0,3,1,4,6,4,0,8,4,8,2,5,3,7,2,662.2,False
3,3,8,4,5,2,1,1,1,3,2,4,1,10,7,1,1,4,2,6,1,625.2,False
0,4,3,3,4,4,3,1,1,8,0,2,2,6,0,10,2,1,1,5,1,607.0,False
5,2,10,6,3,3,2,0,1,10,0,10,0,7,0,0,2,10,8,7,3,704.0,False
3,3,3,5,10,7,2,5,2,3,3,3,1,5,0,10,1,10,8,5,2,639.3,True
5,1,10,3,2,3,5,0,1,9,1,9,1,4,0,1,2,8,4,10,3,693.0,True
5,1,10,3,2,3,5,0,1,9,1,9,1,4,0,1,2,8,4,10,3,693.0,True
1,1,4,3,7,2,5,0,2,5,3,4,4,8,0,3,2,5,2,5,0,638.4,False
1,4,4,1,0,0,0,0,1,2,3,5,0,7,0,0,1,1,0,10,1,592.5,False
4,4,10,5,10,10,8,5,2,8,2,3,2,8,0,2,1,10,1,7,1,685.8,False
4,3,10,5,10,10,10,5,2,8,2,3,2,8,0,3,1,10,2,3,1,685.8,False
2,2,3,8,3,2,2,2,1,8,4,6,10,7,0,4,2,7,6,9,2,691.3,False
2,4,7,6,6,7,2,3,1,4,1,10,8,6,4,4,2,2,0,8,2,668.1,False
1,1,3,10,6,7,7,5,1,8,4,5,3,7,5,3,2,10,1,1,3,689.4,True
2,3,2,7,7,4,3,2,1,4,3,10,6,6,4,2,1,3,4,4,2,647.7,True
4,1,5,6,10,6,3,5,1,10,5,6,3,8,0,0,2,5,6,6,3,725.5,False
4,5,10,2,1,2,1,3,2,2,0,5,0,10,0,7,1,3,0,7,1,598.2,False
2,1,5,10,10,10,1,0,1,7,6,2,5,7,3,5,2,2,1,5,1,673.5,True
4,1,5,8,3,1,1,0,1,8,3,3,6,8,0,0,2,3,7,10,2,685.8,False
1,3,2,5,10,10,7,5,2,7,2,10,5,6,4,3,2,5,3,5,2,676.6,False
1,3,2,5,6,10,1,2,1,3,2,4,2,8,0,2,1,9,5,10,2,657.1,False
2,2,7,10,7,7,5,3,1,8,4,4,3,6,1,1,2,9,3,5,1,702.6,True
5,3,10,10,4,5,8,5,2,8,6,2,5,8,7,3,2,8,10,10,1,712.8,False
5,5,6,5,5,10,7,5,2,0,5,10,10,7,0,5,2,10,2,10,3,704.0,True
2,0,8,8,8,6,2,1,2,7,4,6,2,8,0,0,2,6,5,6,1,686.4,True
2,2,8,7,4,3,4,2,1,5,3,8,1,8,3,1,2,10,1,3,2,674.9,False
2,4,8,7,6,5,7,2,1,6,2,6,5,8,6,4,2,7,5,7,2,681.3,False
2,2,0,3,1,5,3,2,1,6,4,7,2,7,2,3,2,4,3,9,0,654.1,False
5,4,10,10,10,10,4,5,2,7,3,9,2,6,2,0,2,5,1,5,1,703.6,True
5,3,10,5,10,5,8,1,1,8,2,2,3,8,0,4,2,6,4,1,2,689.0,False
2,5,5,7,7,4,2,2,2,2,4,2,2,5,10,7,2,4,0,0,2,588.1,False
2,2,3,10,8,10,6,1,1,3,5,7,3,7,0,6,2,5,3,7,1,688.1,False
5,3,6,10,10,10,5,3,1,7,1,10,6,6,1,4,2,8,3,3,1,717.4,False
2,2,7,4,4,8,3,2,2,7,5,3,3,7,0,10,2,7,6,7,2,656.7,True
1,4,4,2,2,5,4,1,1,1,0,3,1,7,5,3,2,6,1,2,1,607.4,True
5,1,7,6,5,10,3,4,2,3,2,5,2,7,0,1,2,6,2,7,3,682.6,True
5,3,10,1,2,2,4,5,2,2,2,6,1,6,0,0,2,10,1,5,3,658.8,True
5,3,10,1,2,2,5,5,2,1,1,6,1,6,0,0,2,10,1,5,3,657.1,True
4,3,3,8,6,10,4,2,1,5,5,8,7,8,7,2,1,5,2,3,1,668.1,False
4,2,6,6,5,10,3,4,1,9,4,10,5,7,0,0,2,5,3,6,1,719.3,True
4,2,5,5,5,10,3,2,1,10,6,10,8,7,3,0,2,4,8,5,1,719.3,True
0,5,0,2,3,2,2,0,2,0,10,6,1,4,1,10,1,9,5,0,0,568.3,False
3,1,9,9,5,6,7,5,1,8,1,8,10,8,0,1,2,10,2,7,3,739.5,False
0,5,2,8,9,10,1,1,1,2,1,3,2,7,1,4,1,3,1,3,1,612.5,False
4,1,3,6,10,3,8,5,2,8,8,10,10,7,0,2,2,10,8,10,3,743.1,False
0,3,4,5,9,7,6,1,1,3,2,6,3,6,6,6,1,6,3,4,1,628.2,True
1,5,1,9,10,5,7,0,2,5,5,3,5,7,0,7,2,4,5,2,2,636.3,True
0,5,2,8,9,10,1,1,1,2,1,3,2,7,1,4,1,3,1,3,1,612.5,False
1,2,0,4,0,3,1,1,2,6,0,3,1,7,4,1,2,1,0,0,1,581.9,True
3,4,2,2,0,7,2,0,1,3,1,10,1,8,0,2,1,2,0,10,2,622.6,False
3,3,3,3,5,8,2,2,2,7,5,8,0,6,0,1,2,7,3,2,2,652.4,False
4,2,10,5,6,10,7,4,1,8,5,8,8,7,0,0,2,7,4,9,0,744.4,False
3,3,10,10,10,10,6,5,1,5,10,8,4,7,0,4,2,10,1,5,2,737.6,False
3,3,10,10,5,10,10,1,1,7,3,5,1,7,0,1,2,10,1,10,1,716.6,False
4,2,3,6,2,6,3,2,1,3,1,5,0,7,4,2,1,1,1,5,1,623.1,True
2,2,1,2,2,6,3,1,2,3,3,1,3,7,10,7,1,4,3,7,2,579.8,False
2,5,1,1,0,6,1,0,1,2,1,10,0,8,0,7,2,2,0,7,2,609.0,False
2,4,8,3,5,7,4,2,2,8,4,8,1,6,0,2,2,5,4,3,2,655.8,False
2,0,1,10,3,3,1,5,2,3,4,2,3,8,8,1,2,4,3,7,1,643.1,False
4,1,6,3,6,5,4,5,1,8,4,9,5,8,1,2,2,5,6,9,2,719.3,False
3,2,5,5,10,7,2,5,1,8,1,6,2,7,10,3,2,4,2,5,2,670.9,False
3,4,0,0,0,10,2,5,2,7,4,4,10,5,10,3,1,10,0,0,1,608.9,False
2,3,8,2,5,7,2,2,1,5,5,7,3,6,8,2,2,4,2,7,1,657.3,False
5,4,1,2,10,6,0,2,1,2,2,8,1,7,2,7,1,5,5,10,3,642.4,False
3,5,10,4,10,10,7,5,1,5,4,3,1,8,0,2,2,10,3,10,2,714.7,False
5,2,3,7,10,10,2,5,1,10,7,10,1,6,0,5,2,10,8,10,2,742.9,True
4,0,2,1,1,4,0,3,2,3,2,7,2,7,3,4,2,2,0,5,2,620.1,True
4,4,2,1,6,9,0,5,2,2,0,6,0,7,0,5,1,0,1,2,2,599.5,False
4,3,4,7,5,10,3,2,1,6,5,5,5,7,0,0,2,5,6,5,3,697.9,False
4,3,0,4,1,10,0,0,1,5,4,5,0,7,0,2,2,2,6,5,3,646.9,True
1,3,4,3,0,10,8,1,2,10,3,5,2,8,0,1,2,3,1,2,1,642.0,True
2,3,10,5,5,2,0,0,2,1,1,1,0,7,0,10,1,0,0,2,2,566.2,False
4,4,7,10,10,7,6,1,1,5,3,5,1,7,5,0,2,5,8,3,3,689.4,False
4,2,4,3,2,10,5,3,2,10,2,7,2,7,3,1,2,1,3,4,3,659.2,False
3,4,8,3,5,7,5,2,2,8,4,8,1,5,0,1,2,7,4,2,2,662.4,False
2,4,0,4,10,10,5,2,2,5,4,10,10,8,5,1,2,2,2,5,1,665.1,True
5,4,10,10,6,10,4,1,1,4,2,7,5,7,0,1,2,7,2,3,1,700.0,False
2,1,5,3,3,7,5,5,2,10,4,1,5,7,0,0,2,3,3,10,3,678.4,False
2,5,3,1,10,10,2,5,2,3,10,1,10,7,10,0,1,10,10,4,2,656.3,False
4,4,7,9,8,5,7,4,1,7,8,8,10,8,2,0,1,5,10,9,1,729.3,True
5,5,10,7,5,10,4,0,1,3,3,8,5,8,1,1,2,4,0,2,1,678.3,False
1,4,2,8,0,10,0,3,2,3,0,10,1,6,0,5,2,0,0,7,2,618.8,False
5,3,4,10,7,10,5,5,1,8,3,6,4,8,0,3,2,5,1,3,3,708.5,False
2,5,3,8,0,7,0,0,1,5,3,6,0,5,5,5,2,3,4,5,0,619.5,False
5,1,5,5,5,10,4,1,1,8,2,10,3,7,10,6,2,8,4,8,2,688.7,True
3,5,2,10,10,10,9,5,1,8,5,9,4,8,10,1,2,5,3,7,0,709.1,False
3,3,6,6,5,10,3,4,2,8,6,5,3,8,10,5,1,7,6,2,0,645.4,False
5,3,6,10,10,10,10,3,1,8,3,8,3,7,2,4,1,10,2,4,0,708.7,False
2,4,2,4,6,10,2,3,1,8,7,6,3,5,4,1,2,4,6,7,0,677.3,False
5,2,3,10,10,10,10,1,1,6,7,8,1,8,0,5,1,10,3,10,0,715.7,True
3,3,10,6,5,10,3,3,2,9,8,4,6,8,10,4,1,7,3,3,0,655.4,False
4,3,6,5,6,9,7,2,1,7,5,9,3,7,1,4,2,6,7,6,1,707.2,True
4,1,10,10,5,6,5,2,1,6,8,3,10,8,1,2,1,4,5,7,1,706.2,True
1,4,3,8,4,10,10,2,1,5,2,9,1,7,10,10,2,8,0,4,0,647.7,True
3,1,1,10,0,10,5,0,2,2,4,7,4,8,10,10,1,4,4,8,0,616.9,True
2,3,3,4,2,10,1,2,2,2,4,4,4,5,0,3,1,2,0,5,0,605.5,True
5,3,5,5,10,10,1,5,2,6,5,10,1,6,10,4,2,8,1,7,2,674.9,True
4,3,1,10,6,10,5,1,2,7,4,7,10,7,0,1,2,10,3,8,0,701.7,True
2,3,6,7,5,7,5,3,2,6,2,4,5,7,7,1,2,5,1,6,0,651.8,False
2,3,3,10,4,7,3,2,1,5,5,10,6,9,10,3,2,3,10,2,0,677.2,True
3,1,8,10,9,10,6,1,1,8,4,8,10,9,2,1,2,7,4,10,0,744.8,False
4,4,2,5,5,10,3,3,1,6,5,6,3,7,10,7,1,5,1,5,0,635.2,False
1,5,10,7,3,4,2,0,1,6,1,5,10,4,10,7,1,0,0,0,0,591.9,False
3,4,2,2,2,10,0,0,1,7,1,2,0,9,6,1,1,0,2,2,0,597.4,False
3,5,3,4,5,10,1,1,1,2,4,3,0,8,10,1,1,4,0,1,0,600.8,False
3,3,10,5,3,10,5,1,1,2,3,10,4,8,0,0,2,7,3,5,0,695.7,True
4,5,4,5,5,5,6,3,1,9,0,10,3,5,3,0,1,8,0,0,0,650.9,False
4,3,1,3,0,6,0,0,1,2,0,7,0,3,10,0,1,1,0,1,0,573.4,False
5,5,8,5,8,10,4,0,1,8,4,6,0,8,8,3,2,4,0,7,0,667.7,False
4,5,3,1,3,0,3,0,1,3,1,8,3,9,7,1,1,1,1,3,1,596.9,False
5,0,3,10,10,10,4,3,2,5,1,1,5,6,0,1,2,10,3,10,2,703.7,True
4,2,2,8,6,10,1,5,2,4,2,5,5,7,0,1,2,8,8,3,2,686.0,False
1,3,3,2,2,10,3,1,1,7,2,2,5,6,7,3,2,2,1,7,1,630.8,True
3,3,5,4,1,10,2,5,1,6,6,6,3,7,10,1,2,2,2,2,0,657.3,True
2,4,2,3,8,6,6,2,2,8,2,5,0,8,2,3,2,5,4,4,0,642.0,False
0,2,10,5,7,10,8,3,2,3,0,6,5,8,10,1,1,5,2,5,0,640.5,False
5,5,5,10,10,10,1,2,1,4,1,8,3,6,6,6,1,3,2,3,0,645.6,False
3,2,3,8,4,10,6,1,1,4,2,7,2,7,10,0,2,3,2,5,0,660.9,False
4,4,2,10,8,10,8,3,1,7,6,7,4,7,10,3,2,7,3,3,0,691.5,True
2,3,0,6,3,10,10,2,1,8,2,2,2,7,10,3,1,7,4,10,0,648.0,False
2,5,1,3,3,4,0,1,1,1,1,6,1,8,2,4,1,5,3,7,0,603.1,False
2,4,0,5,3,4,4,0,1,0,1,2,4,9,5,3,1,0,3,5,0,594.0,False
5,3,10,5,4,10,2,2,1,1,2,10,6,7,10,4,1,5,1,6,0,654.7,False
4,1,10,7,4,10,0,2,1,5,4,5,10,8,1,2,1,3,4,10,0,694.7,True
1,1,0,3,4,10,0,0,1,8,0,8,0,6,0,1,2,7,1,10,0,659.2,True
3,4,10,10,10,10,7,5,1,3,5,2,3,8,0,2,2,8,6,5,0,721.3,True
2,4,8,2,3,10,1,0,1,0,0,7,0,6,10,2,1,1,0,4,0,591.0,False
1,5,4,5,10,10,5,1,2,6,2,10,10,8,1,3,1,3,8,10,0,668.5,False
5,3,4,3,6,10,7,5,2,3,2,7,5,6,6,0,2,3,2,6,0,669.2,False
4,3,3,5,3,6,4,2,1,0,2,8,0,7,3,2,2,5,1,2,0,644.1,False
3,4,0,7,0,10,2,0,1,3,2,2,2,8,10,3,1,0,2,3,0,590.4,False
4,2,4,5,5,10,7,1,1,5,1,9,4,8,6,10,2,4,1,2,0,658.1,False
2,3,3,3,3,10,5,3,1,5,3,8,5,7,10,3,1,5,2,3,0,637.3,False
4,3,3,5,4,10,10,5,1,7,9,8,3,8,0,2,2,10,8,5,1,734.4,True
4,3,7,6,10,10,10,5,1,7,8,7,2,8,0,3,2,10,8,6,2,747.8,True
2,2,5,10,3,7,1,0,1,6,1,2,1,8,0,0,2,9,1,7,1,666.9,False
3,5,7,3,6,10,4,1,1,5,4,7,5,10,4,10,2,4,6,3,0,663.2,True
1,4,5,5,2,10,1,5,1,3,0,6,0,7,0,2,1,10,1,2,1,638.6,False
1,1,3,5,7,10,5,1,1,7,6,7,4,7,8,2,2,3,6,10,0,686.4,False
1,4,1,6,7,10,8,3,2,2,2,2,4,6,10,1,2,0,1,1,2,612.1,True
2,4,4,5,3,3,2,0,1,2,3,6,5,6,0,10,2,0,0,4,1,612.9,False
5,1,3,6,4,4,3,3,2,2,0,2,6,5,0,7,2,6,0,4,3,634.0,False
3,2,10,8,4,7,2,1,1,8,0,3,4,8,0,5,2,8,1,5,0,677.3,False
2,4,2,10,10,7,6,5,2,5,4,1,9,6,10,1,2,9,8,10,2,685.0,True
5,2,0,10,10,10,3,3,2,8,0,8,7,7,0,3,2,3,6,7,2,696.8,False
1,2,4,4,2,6,2,5,1,9,0,4,4,7,2,2,2,6,2,5,1,663.7,False
2,4,3,7,4,1,3,0,1,3,0,4,0,7,0,2,1,3,1,3,1,602.5,True
5,2,9,9,3,5,2,2,1,7,4,2,2,8,9,1,2,10,6,9,1,692.4,False
4,3,10,2,2,8,2,3,1,4,3,8,2,7,2,1,2,3,3,2,1,667.9,True
2,4,0,5,0,3,0,0,1,0,3,6,0,6,0,10,2,2,0,2,1,585.7,False
3,3,4,4,3,7,4,0,1,2,0,8,0,9,0,5,1,1,1,10,1,629.2,False
2,5,1,0,1,3,1,0,2,0,3,1,0,3,0,2,1,2,1,3,0,546.7,False
4,3,2,1,3,3,3,2,1,6,4,5,1,6,10,0,2,3,1,6,3,631.4,False
4,2,5,3,2,5,0,2,1,5,4,6,2,8,0,1,2,0,2,10,2,664.3,False
5,4,10,10,10,10,4,5,2,3,5,3,5,7,10,2,2,3,2,5,3,677.1,False
3,4,6,1,6,3,6,1,1,4,5,2,5,7,10,5,2,7,4,8,1,646.3,True
4,1,6,7,10,5,3,5,2,4,2,3,6,6,0,2,1,5,2,0,2,653.1,False
2,3,7,6,10,5,3,0,2,2,3,7,2,8,0,3,2,6,1,10,1,657.7,False
2,1,1,6,0,7,2,0,1,2,4,2,0,8,4,0,2,2,0,7,1,629.5,True
0,4,3,3,2,3,0,0,2,0,2,2,1,4,7,8,2,3,2,1,2,550.5,True
4,2,3,5,10,6,9,4,1,7,7,5,10,7,1,3,2,8,4,9,2,730.2,True
1,5,0,0,5,0,0,0,2,0,0,1,0,4,10,10,1,10,0,10,3,531.6,False
1,4,7,10,3,3,5,1,2,7,1,3,3,7,0,3,1,5,1,3,3,615.9,False
1,2,6,5,4,6,8,3,1,6,8,6,4,1,6,6,2,8,7,8,2,679.9,False
5,0,4,10,10,10,10,4,1,10,2,10,7,10,0,4,2,5,2,10,3,759.0,False
5,4,5,5,6,5,3,5,1,10,2,10,10,8,0,2,2,10,6,7,2,729.7,False
3,2,2,2,5,4,3,1,2,3,8,3,5,8,6,3,1,4,2,6,1,614.4,True
2,0,8,5,5,8,4,0,1,0,2,6,2,9,0,2,2,3,2,5,1,667.9,False
2,5,2,4,2,10,8,1,1,5,5,5,0,8,10,7,2,4,2,3,2,626.7,False
5,5,10,4,10,7,10,5,1,6,1,6,9,8,0,3,2,10,1,10,2,732.3,True
1,2,5,1,1,3,2,1,1,4,1,3,0,8,3,0,2,1,1,7,1,621.2,False
5,4,10,10,10,8,4,5,2,6,6,6,5,7,0,1,1,6,8,8,3,708.3,False
2,4,5,4,10,5,5,4,2,5,3,1,5,8,0,2,1,10,5,2,2,648.0,False
2,4,8,4,7,10,1,5,1,7,2,2,0,9,6,2,1,2,3,6,1,646.7,False
2,5,8,4,9,10,2,5,1,7,2,3,0,9,5,7,1,2,3,3,1,638.4,False
3,3,5,3,10,7,4,1,1,7,4,4,2,8,5,4,1,2,8,7,2,655.4,False
5,2,10,5,6,5,5,0,1,4,4,6,3,8,0,6,1,6,1,7,1,666.0,False
4,4,10,3,3,10,8,0,1,7,6,2,10,8,7,2,2,8,2,7,1,690.7,True
4,2,10,4,8,6,5,5,2,8,7,10,5,8,0,0,2,10,0,10,3,726.3,False
1,5,10,5,5,10,4,5,1,10,5,10,5,6,3,0,1,10,2,3,1,690.2,False
4,2,7,8,4,2,3,0,1,6,1,7,2,8,0,2,2,5,2,10,1,678.1,True
3,3,10,5,5,2,3,1,2,1,2,6,10,6,0,1,1,7,10,10,1,662.2,False
4,0,3,2,2,1,4,1,1,8,1,3,0,8,0,0,2,3,2,10,1,660.3,False
2,3,10,10,7,4,5,3,2,7,7,6,5,6,1,5,2,6,7,5,1,687.7,False
5,3,5,6,8,10,2,3,1,8,4,6,5,9,2,1,2,5,3,7,1,708.7,False
5,3,5,6,7,10,4,3,1,8,4,6,5,9,2,1,2,4,3,7,1,708.7,False
2,4,0,2,4,2,1,2,2,5,2,2,3,5,2,4,2,1,1,1,3,584.7,False
4,3,10,6,5,10,1,5,2,7,6,10,3,8,0,0,2,4,8,2,1,704.2,False
3,1,4,7,5,6,4,4,2,9,2,9,0,8,0,2,2,4,2,10,3,683.6,False
4,0,5,6,10,8,5,2,1,8,8,7,10,7,0,1,2,6,10,10,1,752.7,True
2,3,1,2,5,7,1,5,2,1,0,5,0,7,7,1,2,1,0,7,3,609.5,False
2,5,10,10,10,10,0,2,2,10,5,2,0,8,5,1,2,5,6,6,3,672.0,False
4,2,5,3,5,5,0,2,2,5,2,6,1,7,0,0,2,3,0,3,3,636.9,False
4,4,2,5,3,2,5,3,1,4,2,5,1,9,4,1,1,3,3,8,3,637.1,False
1,4,0,4,1,10,0,0,2,4,2,1,0,6,10,10,2,0,1,7,0,562.6,False
1,5,2,6,10,10,2,4,1,4,1,8,0,6,5,4,1,4,1,0,3,623.5,False
4,2,6,6,4,8,2,0,2,9,5,4,7,7,4,1,2,4,1,9,3,667.1,True
3,2,5,6,10,10,5,2,2,6,7,8,4,8,8,4,2,8,6,4,2,685.1,True
4,3,10,6,2,5,2,5,1,5,0,9,0,6,10,0,2,7,0,10,3,673.0,False
5,4,3,3,8,10,1,2,2,3,2,3,0,9,5,3,1,3,5,8,1,624.8,True
5,3,10,10,10,8,5,5,1,8,10,10,10,8,0,0,1,10,10,10,1,773.9,True
1,2,10,5,4,10,5,1,1,5,4,6,5,7,10,4,1,10,10,7,2,672.6,True
0,2,0,2,2,2,2,0,1,5,1,5,2,9,1,5,1,6,4,10,1,615.0,True
5,3,2,5,7,5,8,1,1,6,3,5,5,10,5,4,1,5,6,7,1,667.9,False
2,4,2,4,0,8,1,0,1,3,0,4,0,7,0,0,2,3,1,5,1,621.2,False
2,2,5,4,5,5,5,3,1,4,3,2,0,8,0,2,2,2,3,8,1,661.8,True
2,5,2,4,5,8,3,5,1,7,1,3,2,7,0,3,2,10,0,10,1,670.3,False
2,4,10,2,0,5,5,0,1,7,2,10,0,7,10,2,2,4,0,10,1,642.8,True
2,1,5,7,4,5,2,2,1,8,0,5,10,7,0,1,2,5,0,7,2,682.6,False
3,3,6,4,6,10,3,3,2,9,3,10,4,6,5,2,2,10,2,5,2,678.3,True
1,4,3,2,1,1,0,0,1,2,2,8,0,8,5,1,2,7,5,6,1,620.5,True
2,2,10,4,3,4,0,1,1,8,2,7,1,9,0,3,2,1,1,3,2,652.8,False
5,2,7,10,10,8,10,3,1,9,3,6,10,7,0,2,2,10,10,10,2,767.8,False
5,2,7,5,6,5,5,5,2,7,5,8,1,7,0,0,2,10,1,10,3,705.3,False
2,3,5,1,2,3,2,2,1,8,4,4,2,7,0,0,1,2,5,3,1,631.4,False
3,1,7,0,1,2,5,3,1,7,3,5,1,7,1,0,2,6,2,10,3,674.1,False
5,2,10,6,4,10,4,5,1,8,5,10,5,8,4,2,2,4,1,4,0,716.1,False
4,3,6,8,7,6,5,4,1,6,3,5,5,8,3,4,2,7,6,7,1,703.2,False
3,1,10,4,6,4,2,0,1,2,2,2,1,7,0,0,2,0,4,7,1,656.5,True
2,4,2,2,5,10,1,3,2,3,1,3,0,7,7,8,1,2,4,1,2,576.8,False
5,3,10,8,6,6,4,3,1,7,3,9,2,8,0,0,2,4,6,2,0,709.1,False
2,5,5,6,8,10,3,3,2,3,1,10,0,7,10,9,2,5,0,2,2,617.3,False
4,1,10,8,6,3,5,3,1,1,2,8,7,6,0,2,2,5,2,7,2,700.0,False
5,0,10,10,10,2,0,5,1,10,2,10,10,6,0,1,1,5,10,10,1,741.2,False
4,3,8,8,4,5,0,5,1,6,3,10,1,8,0,1,1,4,3,10,1,685.5,False
2,3,10,10,4,7,3,5,1,5,0,7,3,6,1,3,2,6,1,7,1,687.9,True
3,4,8,3,3,6,2,5,1,7,2,4,1,7,3,9,2,8,0,8,1,656.9,False
2,0,5,8,6,5,3,1,1,7,8,7,5,7,0,1,2,1,3,8,1,696.6,True
2,2,3,2,5,4,2,0,2,6,0,1,5,8,5,6,2,3,0,7,3,605.5,False
2,2,2,5,3,5,1,0,1,6,1,4,0,8,0,10,2,3,0,3,2,616.3,False
3,5,6,3,3,10,5,2,2,8,4,6,7,8,0,6,2,4,1,3,3,652.4,False
2,3,7,7,8,10,10,0,2,8,2,9,10,8,0,4,2,5,6,8,2,704.0,True
2,2,7,10,8,5,6,4,2,7,2,8,10,6,2,3,2,10,3,6,3,701.7,False
1,1,3,4,10,8,0,3,1,7,3,9,5,6,0,0,2,6,2,10,2,698.5,True
4,3,2,10,10,10,5,5,1,5,5,9,0,6,7,1,2,10,5,2,3,705.3,True
1,3,7,10,5,5,5,4,1,8,3,3,3,7,0,1,2,6,1,2,2,678.8,False
5,1,4,8,8,6,4,5,1,8,2,8,3,8,0,10,2,10,6,7,2,717.4,False
3,3,1,4,4,1,4,3,2,6,2,1,1,8,5,3,2,10,1,1,1,617.4,True
1,2,5,10,10,10,8,5,1,9,4,6,10,8,0,1,2,10,2,7,3,744.2,True
3,3,10,10,8,7,10,0,1,7,4,6,1,8,0,2,2,8,8,7,1,720.4,False
2,2,1,5,5,5,2,1,1,4,5,1,3,7,3,5,2,6,1,2,1,632.5,False
2,4,2,1,2,3,1,1,2,2,0,5,1,7,5,5,2,5,0,5,3,584.0,True
3,3,7,9,3,8,6,2,1,7,4,3,1,8,0,6,1,7,2,6,1,663.7,False
3,2,3,5,6,2,6,3,1,5,1,7,2,7,7,1,1,6,2,9,3,650.7,False
4,3,1,2,5,3,1,0,1,7,1,10,0,7,0,3,2,3,1,10,2,649.6,False
2,2,9,6,6,3,8,2,1,8,1,4,7,6,0,2,2,9,1,5,1,690.7,True
2,4,10,7,4,5,2,1,1,1,0,7,0,7,10,10,2,4,0,2,2,609.9,False
2,2,3,6,4,8,2,3,1,4,1,1,1,9,5,1,1,5,3,10,1,643.1,False
3,4,8,7,5,4,4,5,1,5,3,5,1,7,0,6,2,7,3,7,1,679.2,True
3,2,2,5,3,2,4,5,1,6,2,5,1,7,0,2,2,6,2,7,2,669.0,False
4,2,6,3,5,3,4,5,1,2,1,4,3,8,0,6,2,7,0,2,2,658.8,False
2,3,2,4,6,9,4,2,1,7,6,7,2,6,3,1,2,5,2,4,2,669.2,False
0,2,5,6,10,3,0,5,2,8,4,2,10,8,10,1,2,10,5,10,3,675.4,True
2,5,4,0,10,1,6,0,1,2,0,5,1,6,0,8,2,1,1,10,1,619.5,False
4,0,2,3,4,10,10,3,2,6,1,2,10,8,0,1,2,10,2,10,3,700.9,False
3,3,5,4,5,10,6,2,2,7,2,4,5,6,10,2,2,2,1,6,1,639.7,False
2,5,0,0,6,4,0,0,1,3,5,10,0,4,5,4,2,0,3,4,1,604.8,True
4,1,8,10,7,10,5,5,2,3,2,5,0,8,0,0,1,0,1,10,2,674.3,False
4,1,5,4,3,5,5,3,1,9,3,10,5,8,3,0,2,5,2,6,2,699.1,True
5,1,7,10,10,5,10,5,2,10,10,3,10,8,0,0,2,6,7,10,3,757.2,True
4,1,10,5,10,6,3,5,1,10,3,10,2,6,0,0,2,6,3,10,3,734.4,False
2,3,10,5,5,10,4,1,2,3,1,2,2,9,10,4,2,10,2,3,2,634.8,False
5,2,3,0,0,0,2,1,2,8,1,3,1,7,5,2,2,5,2,10,2,619.3,True
0,2,5,3,0,1,2,0,2,7,5,3,0,6,10,10,2,5,0,10,1,585.1,True
0,2,5,3,0,1,0,0,2,7,2,3,0,6,10,10,2,4,0,10,1,574.9,True
4,1,10,6,2,4,1,0,1,5,4,6,1,7,0,7,2,4,0,10,1,664.1,False
0,0,10,5,1,5,4,1,1,8,0,6,10,9,0,0,2,4,2,7,1,688.3,True
1,2,1,3,4,2,2,0,2,2,1,1,0,6,0,2,2,3,3,2,2,589.8,False
2,4,10,4,10,10,10,0,1,4,8,3,0,5,10,3,1,10,8,8,2,669.9,False
3,2,10,10,10,5,3,1,1,8,2,9,0,8,0,1,2,5,3,4,1,700.6,True
1,4,2,1,0,2,0,1,2,7,5,1,0,6,0,0,1,10,8,1,1,594.9,True
1,4,2,1,0,2,0,1,2,4,6,1,0,6,10,1,1,10,6,3,1,572.8,True
1,3,1,6,6,10,3,4,1,8,6,10,3,7,0,1,1,3,1,1,2,663.2,True
5,5,10,5,5,10,1,2,1,8,8,10,7,7,0,1,2,5,8,10,3,729.5,False
3,1,10,6,10,3,5,3,2,6,3,1,1,7,0,0,2,3,1,10,1,675.0,False
4,1,10,6,10,3,4,2,2,3,1,1,1,8,0,0,2,3,1,10,1,666.7,False
4,3,10,3,8,6,6,1,1,7,3,8,6,7,0,3,2,5,3,7,3,700.2,False
5,3,5,8,5,8,1,3,1,7,1,9,1,7,0,1,2,2,1,5,2,681.7,False
2,2,10,8,3,7,3,5,2,8,1,5,5,8,5,2,2,5,0,10,3,676.0,False
5,3,5,8,5,8,1,3,1,7,1,9,1,7,0,1,2,2,1,5,2,681.7,False
5,3,5,4,4,8,2,5,1,7,1,9,1,7,0,0,2,2,0,5,2,681.7,False
2,3,10,1,2,2,4,0,1,2,1,2,1,8,0,0,2,1,3,7,1,634.6,True
5,3,3,4,1,3,2,1,1,3,1,8,0,7,2,2,1,1,0,2,2,610.1,True
5,5,0,2,5,3,3,5,2,6,3,10,1,6,10,10,2,5,1,3,2,612.0,True
4,3,10,6,4,6,7,3,2,6,8,7,5,8,3,4,1,6,6,7,1,678.1,False
4,3,10,5,5,7,5,2,2,7,5,9,5,9,0,5,2,7,4,7,3,694.0,False
4,2,3,5,3,8,3,3,1,10,1,3,1,7,0,1,2,2,1,10,3,675.4,False
1,4,0,2,7,7,7,4,2,7,2,3,5,8,5,6,1,8,3,3,2,619.5,False
2,4,10,7,2,1,2,4,1,1,2,1,10,8,0,1,2,2,4,2,1,656.5,True
3,5,1,0,10,2,0,5,1,10,3,3,2,2,10,6,1,10,0,0,1,601.3,False
1,2,5,5,2,1,2,0,1,1,2,5,5,8,0,3,2,2,3,10,3,642.0,False
5,2,10,7,10,4,3,5,1,8,1,9,3,7,0,1,1,10,1,10,1,714.0,False
2,4,3,3,2,3,2,4,2,5,2,1,1,6,0,2,2,10,3,1,2,620.4,False
1,3,2,3,5,4,1,1,1,5,3,6,3,7,2,7,2,1,1,7,1,626.7,True
2,5,0,3,0,3,3,1,1,3,3,4,0,9,0,10,2,2,0,8,2,604.6,True
2,3,3,4,5,4,1,2,1,7,7,7,10,7,0,3,2,4,4,5,3,677.9,False
4,3,8,7,3,5,3,1,1,3,5,7,7,5,3,5,1,3,5,7,1,655.4,True
3,4,5,3,2,1,3,1,2,3,0,3,0,8,0,10,2,5,2,10,1,605.9,False
2,5,5,2,0,0,4,3,1,7,8,6,0,9,10,1,2,0,2,3,0,623.7,False
5,0,5,4,4,3,10,2,1,8,4,9,10,9,0,2,2,3,6,9,3,728.0,True
3,3,10,5,2,4,5,2,1,2,0,10,2,7,0,1,2,2,1,7,1,666.6,False
1,4,2,5,5,5,2,0,2,1,1,6,1,7,0,3,2,5,0,1,3,601.2,True
5,4,1,8,4,6,4,2,2,6,6,6,1,7,0,1,2,1,1,10,3,659.0,False
2,1,0,5,5,6,5,2,2,4,6,5,4,5,0,3,1,3,2,8,2,632.9,True
2,1,10,10,4,5,4,0,2,8,7,9,3,8,0,2,2,3,3,6,1,683.6,False
2,3,3,8,6,10,5,1,2,9,4,4,5,6,0,2,2,3,1,2,2,655.0,False
1,1,4,2,5,2,3,5,2,8,1,6,2,8,0,0,2,10,2,10,3,671.1,True
1,3,5,8,3,3,2,0,1,7,4,4,10,8,0,2,1,6,6,10,3,665.6,False
3,3,5,10,2,5,1,0,1,6,1,5,1,8,0,7,2,2,0,6,2,640.3,False
3,3,8,5,3,3,1,3,1,5,1,4,5,8,0,10,2,10,1,2,1,652.0,False
5,3,7,9,8,8,8,5,2,9,9,6,7,6,6,2,1,8,6,6,3,704.7,False
2,3,3,8,5,10,7,1,1,8,3,8,10,7,0,0,2,5,4,10,1,713.8,True
1,2,10,4,2,10,4,0,1,7,2,5,6,8,0,1,2,5,4,5,0,681.1,False
3,2,7,9,5,5,3,5,1,5,1,8,10,7,0,10,2,9,1,10,1,703.6,False
2,2,10,10,7,5,5,1,1,5,2,5,3,6,0,1,2,3,2,8,2,685.8,False
1,1,3,4,2,1,2,0,2,5,5,2,2,9,0,4,1,3,4,3,1,599.1,False
2,1,6,10,3,2,10,0,1,7,2,2,2,7,0,2,2,5,2,7,1,673.5,False
3,3,2,5,10,7,4,1,1,4,3,3,1,7,0,4,1,5,4,3,1,641.4,False
3,3,2,5,10,7,4,1,1,4,3,3,1,7,0,4,1,5,4,3,1,641.4,False
1,3,3,4,5,9,3,1,2,8,2,8,2,5,7,9,1,8,3,5,2,609.7,True
3,3,9,6,3,7,8,4,1,6,7,5,10,8,4,5,1,9,3,7,2,694.7,True
4,0,5,2,5,1,3,5,1,2,1,1,5,7,2,1,1,3,6,10,1,658.0,False
2,3,10,7,2,5,4,4,1,6,1,8,5,8,2,3,2,6,1,10,1,690.2,False
4,1,5,3,10,10,3,3,1,8,4,3,5,7,0,0,2,10,3,5,3,712.8,True
2,2,7,3,4,6,4,1,2,7,2,2,3,6,7,4,1,5,5,4,1,612.1,True
2,0,10,4,6,6,5,1,2,7,2,5,5,7,0,1,2,5,6,10,1,687.7,False
5,1,10,2,3,10,3,2,1,7,3,7,5,8,0,1,2,1,0,4,1,690.0,True
2,2,0,1,2,1,0,0,1,0,1,3,2,7,0,3,1,4,1,3,1,583.6,True
3,4,1,10,5,4,1,1,1,3,5,5,1,7,3,0,2,4,1,4,1,645.2,False
4,3,2,9,2,5,1,1,1,7,7,8,5,8,0,4,2,7,9,10,1,700.4,True
5,1,9,8,1,3,4,2,2,8,7,10,3,7,0,1,2,3,1,5,1,683.6,True
5,1,3,4,4,3,2,4,1,4,0,2,0,10,0,0,2,5,2,8,3,670.7,False
5,3,8,8,6,7,2,2,1,6,1,6,3,5,7,4,2,2,1,8,3,665.4,False
4,3,5,5,6,5,6,2,2,7,1,8,5,7,0,7,2,7,2,6,3,664.5,False
3,4,8,10,1,10,5,1,1,8,5,10,1,7,10,1,2,3,2,5,2,673.4,False
5,3,10,10,10,10,5,5,1,5,4,8,4,6,0,1,2,6,1,2,1,723.8,False
5,3,10,10,10,10,6,5,1,5,3,8,4,6,0,1,2,6,1,2,1,723.8,False
2,2,5,2,10,10,3,0,1,6,8,7,4,7,4,6,2,4,1,2,2,664.3,False
2,5,4,4,10,10,10,5,1,7,3,1,5,6,5,5,2,10,1,10,3,690.1,False
3,4,1,1,2,2,3,3,2,3,1,4,4,4,2,4,1,1,3,3,1,579.8,True
4,2,5,9,10,3,2,1,2,4,1,1,2,6,0,0,2,8,8,7,3,668.0,False
4,3,10,10,3,3,1,1,1,7,5,3,5,7,3,0,2,10,10,7,1,702.6,True
2,1,4,5,5,4,2,5,2,8,1,3,10,8,0,1,2,5,4,5,2,673.9,False
5,3,5,6,3,4,10,5,1,10,6,10,10,7,0,2,2,10,6,10,3,749.9,False
4,3,2,1,4,10,1,2,1,7,6,9,1,5,0,3,2,10,1,10,3,683.0,True
2,4,1,5,10,5,4,1,2,5,1,1,0,6,0,2,2,2,2,5,2,618.7,False
4,4,10,10,5,3,7,5,2,9,2,5,2,6,10,1,1,9,9,4,2,665.4,False
2,2,2,4,3,5,1,5,1,2,1,7,6,7,0,2,1,2,2,7,1,643.9,True
1,2,1,3,1,1,3,0,1,0,3,1,0,5,0,1,2,3,1,10,1,611.7,True
1,4,10,10,10,10,3,5,2,8,9,3,3,4,6,0,2,10,8,1,2,693.5,False
2,2,3,5,2,2,3,3,1,7,1,9,1,8,0,1,2,10,2,9,1,678.5,False
2,4,10,3,2,3,10,5,1,3,2,10,0,5,0,3,1,4,1,4,1,649.2,False
1,1,10,8,10,10,3,0,1,9,2,5,3,8,0,1,2,3,10,4,1,706.6,False
2,1,3,6,0,4,3,0,1,4,3,2,10,10,10,2,1,0,4,10,1,629.9,True
2,3,8,7,6,9,4,5,1,7,2,4,2,7,0,3,2,8,3,7,1,697.7,False
5,3,1,3,2,8,6,1,1,1,0,4,10,7,10,2,1,5,0,2,1,619.5,False
5,1,1,6,2,2,3,2,1,9,10,6,7,9,0,3,2,3,10,10,1,712.1,True
2,1,3,3,3,5,2,2,1,7,6,8,8,7,0,0,2,4,3,8,0,688.3,True
5,3,10,10,10,10,10,5,1,7,10,10,5,7,0,1,2,10,10,10,2,789.0,True
5,4,10,7,3,4,3,1,1,8,2,10,0,8,0,0,2,10,2,6,2,695.7,False
3,5,1,5,10,10,5,5,2,1,1,4,0,8,3,2,2,10,1,5,2,652.0,False
2,1,8,10,6,4,4,2,1,3,2,2,1,9,1,2,2,5,0,10,1,677.3,True
2,1,8,10,6,4,5,2,1,3,2,2,2,9,1,2,2,6,1,10,1,684.1,True
2,4,5,6,10,10,5,4,1,4,3,6,4,10,0,1,1,5,0,3,0,673.2,False
2,4,7,6,10,6,1,5,1,9,6,8,4,6,5,1,2,5,2,10,3,700.0,False
2,3,2,4,2,10,3,3,2,6,0,6,2,8,2,2,2,4,0,3,1,632.0,False
1,5,10,10,2,5,1,0,1,2,1,5,5,7,4,5,2,10,2,7,1,648.6,True
2,3,4,10,5,10,4,1,1,5,3,10,2,8,5,0,1,5,1,3,1,658.3,False
2,2,8,6,2,10,7,3,1,7,3,7,1,8,0,1,2,5,4,10,1,705.3,True
0,0,0,5,0,1,0,0,2,2,0,1,0,8,10,6,1,1,0,10,2,549.4,False
2,4,2,5,2,10,1,2,2,1,5,2,0,6,0,3,2,6,3,3,2,618.9,False
2,2,0,2,1,2,3,0,2,2,4,8,0,6,3,3,1,0,3,7,3,584.4,False
2,1,9,4,3,4,8,2,2,7,5,4,1,7,0,4,2,5,5,10,0,672.2,False
5,3,5,5,4,7,6,1,1,10,3,7,2,7,5,1,2,10,3,5,1,689.8,False
5,3,10,10,10,10,3,5,1,8,2,5,2,7,0,5,2,5,2,7,3,716.6,False
2,3,5,3,3,4,2,2,1,1,0,10,0,8,5,2,1,2,0,3,1,609.0,False
4,3,4,5,7,6,4,2,2,1,2,7,0,7,1,4,1,10,1,5,3,632.0,True
5,5,1,0,0,4,0,0,1,1,0,3,0,6,10,0,1,2,0,7,3,569.8,True
5,1,10,5,4,4,5,1,1,6,5,5,3,9,0,2,2,4,1,10,1,698.3,False
4,0,10,3,3,5,5,0,1,0,0,10,0,8,0,0,2,6,0,10,1,680.4,False
3,2,10,9,8,10,10,5,1,6,6,5,5,7,2,7,2,5,8,5,3,728.5,False
4,4,8,5,2,6,8,2,1,10,1,2,8,8,0,2,2,9,2,7,1,695.8,False
2,2,8,5,10,10,3,1,1,9,6,7,5,8,2,0,2,8,1,4,2,707.0,True
1,3,0,4,10,10,1,5,1,6,2,4,0,9,0,7,1,5,6,10,2,659.0,False
4,3,5,2,2,3,2,2,1,8,2,8,0,9,10,2,2,2,3,10,2,649.6,False
3,3,10,5,4,4,6,2,2,9,2,4,3,7,10,1,2,10,3,10,1,665.4,False
2,3,8,3,8,8,6,3,2,5,2,6,1,8,7,4,2,5,2,5,2,649.0,True
1,5,2,0,2,3,2,0,2,5,1,5,1,8,0,8,1,1,2,9,3,572.3,True
4,3,10,6,2,3,2,0,1,10,4,6,0,7,7,1,1,7,1,7,1,647.1,False
2,4,0,4,4,2,3,3,2,6,1,8,5,9,10,3,2,5,4,10,3,632.6,True
3,4,9,10,10,10,8,5,1,5,2,5,10,5,4,10,2,10,1,2,2,700.9,True
4,2,6,5,7,8,2,4,1,4,2,10,5,7,2,5,2,6,2,5,1,690.4,False
2,4,0,3,0,5,2,0,1,7,1,4,1,6,10,8,1,5,1,6,3,578.5,True
2,2,6,5,2,8,3,1,1,4,3,2,10,8,2,3,2,2,1,3,2,655.0,True
4,2,2,10,10,10,6,0,1,6,8,9,5,7,0,1,2,10,7,10,1,739.5,False
3,5,4,4,1,10,2,5,2,2,2,5,2,8,7,2,2,4,0,2,1,619.9,True
3,4,10,5,6,10,3,5,1,10,2,8,5,7,0,10,2,10,10,7,2,718.9,False
1,2,2,5,6,2,4,1,2,8,1,10,7,10,7,5,2,3,10,2,1,646.8,False
2,5,8,10,2,2,2,1,1,10,2,1,3,8,7,2,2,10,1,10,1,658.2,False
2,4,5,7,10,7,6,2,1,7,3,5,2,7,4,10,2,5,2,5,2,660.5,False
2,2,3,4,3,3,1,4,2,6,0,2,0,8,0,0,2,2,0,2,2,617.6,False
2,2,3,4,3,3,1,4,2,6,0,2,0,8,0,0,2,2,0,2,2,617.6,False
3,2,10,4,5,5,4,2,1,7,3,7,0,8,0,1,2,3,1,8,1,683.2,False
4,1,8,6,4,2,2,5,2,4,3,4,1,7,0,2,2,3,1,10,2,663.7,False
2,2,5,3,5,4,7,1,1,9,5,8,5,7,0,3,1,5,2,10,1,673.0,False
5,4,4,5,10,7,1,0,2,3,0,3,0,6,5,3,2,2,1,7,2,619.1,False
0,3,7,5,4,7,4,1,1,6,3,3,1,7,4,3,1,3,2,7,1,627.8,False
4,2,2,4,5,4,3,5,1,4,0,6,3,9,10,1,2,2,3,10,1,662.8,False
3,3,3,7,3,7,4,3,1,6,3,6,7,8,4,5,2,3,3,3,0,666.0,False
2,1,5,6,5,5,5,3,2,4,1,10,5,7,0,0,1,5,2,7,1,658.1,True
5,3,4,2,10,4,10,5,1,10,6,10,5,5,0,0,2,5,3,10,0,730.8,False
2,3,3,5,7,6,3,3,1,8,3,5,5,6,10,1,2,4,4,1,1,653.5,True
5,3,4,2,10,4,10,5,1,10,6,10,5,5,0,0,2,5,3,10,0,730.8,False
1,5,10,2,7,4,2,0,2,5,1,1,0,8,0,6,2,6,2,7,1,615.7,False
5,3,10,6,8,10,5,5,1,8,8,10,5,7,0,0,2,9,2,10,3,755.0,True
5,3,10,6,8,10,5,5,1,8,8,10,5,7,0,0,2,9,2,10,3,755.0,True
1,4,1,6,4,4,3,1,1,2,2,2,1,7,1,2,1,2,1,5,2,602.1,False
3,3,3,2,5,3,7,4,1,3,5,5,2,6,0,4,2,7,7,7,3,675.6,False
3,1,10,5,5,10,10,2,2,2,2,5,2,7,10,3,2,5,4,10,3,669.0,False
0,0,2,3,3,6,4,2,1,7,1,2,3,7,3,0,2,4,0,6,1,646.3,True
3,1,3,3,4,7,3,2,1,10,3,10,1,8,0,0,2,10,4,10,1,707.6,False
2,5,3,5,5,10,4,1,2,7,3,3,1,5,10,1,2,4,1,4,2,613.8,False
2,3,10,2,5,8,1,5,1,0,0,6,0,5,4,5,1,2,5,0,2,619.5,False
4,5,6,5,10,10,8,5,2,3,5,10,2,8,0,1,2,10,0,2,3,694.0,False
3,5,10,10,10,10,1,5,2,1,2,9,4,5,10,1,2,5,2,5,3,664.3,False
5,3,3,4,3,4,0,0,2,2,0,8,1,7,2,6,2,3,0,4,1,606.7,True
5,3,3,4,3,4,0,0,2,3,0,7,1,7,1,6,2,3,0,2,1,604.8,True
2,2,2,7,4,6,2,1,2,2,2,6,4,7,1,2,1,7,3,10,2,633.5,True
3,3,3,4,3,5,6,0,2,5,6,6,5,6,4,2,2,6,2,5,2,641.8,True
5,1,10,6,10,10,10,0,1,7,8,5,1,7,0,1,2,5,3,10,1,731.9,False
5,3,2,9,3,10,1,1,1,2,3,2,0,7,5,3,2,3,0,3,3,636.1,False
5,3,3,6,10,10,8,3,1,5,5,10,3,6,10,6,1,7,4,7,2,680.0,True
5,3,2,10,4,10,3,2,1,1,3,2,1,7,5,2,2,2,0,3,3,646.3,False
5,3,3,6,10,10,8,3,1,5,5,10,3,6,10,6,1,7,4,7,2,680.0,True
2,4,4,4,10,10,10,5,2,8,4,4,10,8,0,4,2,10,5,6,1,708.1,False
2,2,4,6,4,3,2,3,2,5,3,9,5,9,1,2,1,3,3,2,1,634.5,False
3,2,3,4,6,4,4,5,2,5,4,6,5,6,10,1,2,7,5,3,2,653.7,False
2,1,2,4,4,4,2,2,1,7,3,9,4,8,2,3,1,1,3,2,1,639.4,False
5,4,4,8,10,5,2,5,2,8,5,3,10,8,0,3,2,10,4,4,2,699.4,True
1,4,0,3,3,1,5,0,1,6,10,1,10,6,0,0,1,3,10,5,3,642.5,True
3,3,6,10,10,10,5,4,2,6,6,8,5,6,0,1,2,7,8,10,3,723.8,False
3,1,1,10,5,10,3,2,2,8,2,10,5,7,0,0,2,10,0,10,2,698.9,False
4,2,10,5,6,5,10,5,1,9,3,5,10,9,10,2,2,10,6,6,1,727.2,False
1,1,10,3,5,4,3,2,2,8,2,6,10,8,3,10,2,4,2,10,0,659.2,False
2,2,2,5,3,3,3,5,2,6,2,6,5,7,0,2,2,5,2,5,2,652.2,False
1,4,0,2,2,5,2,1,1,2,2,5,0,7,10,1,2,2,2,10,1,607.8,True
1,4,0,2,0,5,2,0,1,2,2,5,0,7,10,5,2,2,2,10,1,594.2,True
3,5,0,10,5,10,10,1,2,6,0,3,5,5,5,0,1,10,2,0,1,629.1,False
1,4,3,3,10,5,5,5,1,4,5,9,0,8,7,7,2,5,3,7,1,661.5,False
3,4,10,4,3,4,2,1,1,5,1,7,0,8,0,3,1,2,1,4,1,628.8,False
2,2,1,3,2,3,1,2,1,5,0,6,0,7,8,3,2,0,1,2,1,604.6,True
5,2,10,10,10,8,4,5,2,7,3,10,8,7,0,3,2,5,5,8,3,731.2,False
1,5,0,4,1,2,0,1,2,0,1,1,0,8,10,2,1,9,4,4,3,556.2,True
3,3,5,6,4,5,0,4,2,5,5,3,3,8,0,3,2,4,2,7,3,651.8,False
4,2,1,5,3,6,4,1,2,5,4,2,5,6,0,5,1,3,5,4,1,620.6,False
3,3,5,4,3,3,0,2,2,9,3,9,3,8,0,0,2,3,1,4,3,647.9,False
1,3,3,2,1,7,1,0,1,4,6,3,0,8,2,0,1,3,2,10,1,621.2,True
3,5,10,10,6,10,10,4,1,4,2,10,0,7,0,5,2,8,4,5,2,709.1,False
3,2,6,8,9,6,4,2,2,6,6,3,3,7,3,2,2,8,7,7,3,683.9,False
5,3,10,4,5,10,1,5,2,7,10,10,10,8,0,2,1,5,4,10,1,711.0,False
3,3,0,7,10,7,3,2,1,9,4,4,4,10,0,4,2,4,4,6,0,686.4,False
1,2,5,5,4,10,2,5,1,7,4,6,5,7,5,1,2,10,1,10,3,696.4,False
5,4,2,3,6,3,5,2,2,6,2,1,2,7,6,0,2,10,4,8,1,646.1,True
5,4,6,3,3,2,7,2,2,4,5,1,2,7,8,0,2,9,5,8,1,647.8,True
5,2,0,1,6,1,2,3,1,8,6,2,3,7,10,7,1,7,6,6,1,631.0,False
2,4,4,2,6,5,3,3,2,4,2,2,2,4,5,4,2,6,2,5,1,613.4,True
5,1,10,3,10,2,10,2,1,8,2,8,5,7,5,3,2,10,2,10,3,718.9,False
3,5,10,7,10,4,10,5,2,5,6,10,10,4,10,10,1,10,5,7,1,672.8,False
3,5,10,2,2,5,1,5,2,7,2,7,0,5,5,1,2,5,2,2,3,631.6,True
2,3,2,7,10,1,5,5,2,5,3,6,10,6,0,1,2,10,2,10,2,689.4,False
2,4,3,5,7,10,3,5,2,8,3,5,3,6,0,1,2,10,2,4,2,672.2,False
2,3,3,7,7,10,2,5,2,8,2,4,3,6,0,1,2,10,2,5,2,675.4,False
5,4,10,3,4,2,5,5,2,4,6,8,5,8,0,2,2,5,1,7,2,680.0,False
1,5,5,1,0,2,2,4,1,0,1,2,0,6,0,1,2,2,1,0,2,598.5,False
2,3,2,3,5,4,8,1,2,7,1,3,5,6,7,1,2,5,1,5,2,625.9,False
4,4,8,4,5,10,2,0,2,2,3,6,1,6,6,2,2,4,3,3,1,629.9,False
5,2,10,10,10,4,3,5,1,8,4,10,6,7,0,0,2,10,1,10,3,749.9,True
1,2,4,6,5,1,3,4,2,3,1,2,0,5,1,1,2,6,0,4,1,620.4,False
3,5,1,3,7,0,4,0,1,3,1,4,0,6,10,0,1,9,2,4,2,597.2,False
5,2,5,5,5,10,4,2,2,8,4,2,5,7,0,3,2,10,2,8,3,685.4,False
2,4,2,6,2,5,4,5,2,5,2,8,4,7,0,8,2,7,1,6,1,644.1,False
3,2,10,7,7,6,9,3,2,4,6,7,3,4,10,2,2,9,4,10,3,685.8,False
0,3,5,6,3,3,2,4,2,7,7,4,10,8,0,0,2,7,3,6,3,670.7,True
4,2,8,7,8,7,7,4,2,8,5,6,6,8,10,2,2,6,6,8,3,700.0,False
0,1,7,7,10,10,1,5,2,2,7,1,10,4,0,1,2,10,2,2,3,681.2,False
5,1,10,10,5,10,5,3,1,9,6,10,3,9,0,3,2,10,4,10,1,755.4,False
5,1,10,10,5,10,5,3,1,10,6,10,3,9,0,4,2,10,4,8,1,752.0,False
3,2,8,6,5,6,7,1,2,10,9,9,2,7,0,1,2,3,4,7,2,693.6,False
1,3,4,4,6,2,8,0,2,3,1,8,1,7,0,6,2,6,1,5,1,625.4,False
2,4,1,5,5,6,2,5,1,5,1,5,0,7,0,10,2,7,0,2,2,635.0,False
1,3,4,10,4,10,3,1,2,4,4,2,2,8,0,5,2,10,0,4,2,644.8,False
1,4,1,6,6,10,1,2,1,3,5,3,1,6,0,4,2,10,1,2,2,646.3,False
2,3,4,3,2,2,5,0,1,9,3,2,2,8,0,3,2,8,1,2,1,641.4,False
3,3,3,10,6,7,4,3,2,6,4,8,5,6,0,2,2,7,5,3,2,679.6,False
3,4,6,5,6,7,7,5,2,8,4,8,5,5,0,3,2,10,1,4,3,684.5,False
5,1,5,6,3,6,4,1,1,8,3,6,6,8,0,1,2,5,2,5,1,693.2,True
3,3,7,5,5,5,5,5,1,5,6,10,5,7,0,10,2,6,1,5,1,687.0,False
1,2,4,5,5,5,5,2,2,10,2,7,1,6,0,2,2,5,2,5,2,652.2,False
1,5,2,10,8,4,1,0,2,2,0,1,3,5,1,10,2,7,4,1,1,594.7,False
5,3,5,2,5,2,1,5,2,1,0,5,1,5,0,0,1,5,1,10,2,626.1,False
2,1,3,3,2,7,4,1,1,8,3,10,10,7,10,0,2,10,2,7,1,683.6,True
1,0,5,6,7,7,0,0,1,2,0,5,0,6,0,0,1,0,7,10,0,643.3,True
1,0,5,6,8,7,0,0,1,3,0,5,0,6,0,0,1,0,8,10,0,648.4,True
3,1,3,3,0,5,0,1,2,0,3,2,0,8,6,3,1,0,2,7,1,580.2,True
4,1,10,10,10,10,2,2,1,7,1,3,3,8,0,1,2,5,6,3,3,711.3,False
1,1,4,9,8,7,6,4,1,4,4,5,2,8,3,4,1,9,3,7,1,677.7,False
3,5,1,10,1,8,4,3,2,4,10,7,10,7,10,5,1,3,3,3,2,628.6,True
3,5,1,5,8,10,2,2,2,9,6,8,5,7,10,0,1,3,7,4,3,640.7,False
5,3,1,2,1,2,3,2,1,2,3,8,1,7,10,2,1,7,0,7,2,615.2,True
1,3,5,8,5,6,8,4,1,5,4,8,6,5,6,3,1,4,5,7,2,667.5,False
2,1,0,5,3,6,2,0,1,10,1,7,10,9,1,1,2,3,2,4,0,669.8,False
2,3,1,6,2,10,4,3,2,7,6,8,1,6,0,3,2,2,7,8,1,664.3,False
4,5,6,6,9,4,5,3,2,4,7,3,4,7,6,3,1,6,3,9,3,644.8,False
3,5,1,4,6,10,4,1,2,6,2,3,2,7,8,5,1,4,1,5,3,597.2,False
5,2,6,10,2,10,5,3,1,7,3,10,10,8,0,3,1,10,3,7,1,717.8,False
4,2,10,10,5,10,2,2,2,9,3,10,5,8,0,0,2,10,1,5,2,711.0,False
4,4,1,5,4,4,3,2,1,7,2,6,1,7,0,2,2,10,1,3,1,659.0,False
5,2,5,10,5,5,2,3,1,5,2,4,10,8,0,3,2,6,1,5,1,694.5,False
5,4,10,5,5,10,5,5,2,4,4,9,6,6,0,1,2,5,1,5,3,693.4,True
2,2,0,10,8,10,2,5,2,5,4,2,1,6,0,3,1,10,1,10,2,658.0,False
4,2,4,10,6,8,7,5,2,7,7,10,5,7,2,1,2,8,7,10,3,729.5,True
3,4,2,10,10,10,7,3,1,7,4,5,2,6,8,3,2,7,7,4,1,689.2,False
3,1,2,3,4,5,5,1,1,5,2,4,0,7,2,1,1,3,2,5,2,631.4,False
3,1,3,3,8,7,5,2,1,5,2,7,0,8,0,1,2,10,6,3,1,690.0,True
5,2,3,5,7,7,1,0,1,7,3,8,5,8,10,0,2,5,0,10,2,674.9,False
1,1,9,3,3,2,2,0,1,8,2,4,10,7,2,2,2,8,4,7,1,673.9,True
1,3,2,3,3,8,1,3,2,6,1,4,0,5,4,2,1,4,2,2,1,591.9,False
2,2,3,5,5,5,2,5,1,8,1,10,10,7,1,3,2,10,1,7,1,700.6,True
5,0,7,8,3,10,2,1,1,9,3,5,10,7,0,0,1,4,6,10,0,709.8,True
5,0,10,8,3,10,2,2,1,9,3,5,10,7,0,0,1,2,3,10,0,709.8,True
1,2,2,5,3,10,7,5,2,4,4,1,5,8,5,3,1,10,3,2,2,637.8,True
3,1,10,10,10,10,4,3,2,8,4,10,5,8,0,1,2,10,10,10,1,748.4,False
5,2,4,5,6,4,2,4,2,8,2,10,3,7,7,3,2,7,2,7,2,668.3,False
2,4,2,5,5,10,10,5,2,5,4,4,0,6,0,7,2,2,2,7,1,649.9,True
1,4,7,6,8,10,0,2,1,3,3,6,5,7,10,3,1,2,0,2,3,621.6,False
5,0,10,10,10,10,10,5,2,10,10,10,10,10,0,10,2,10,10,10,2,786.2,True
5,0,10,10,10,10,10,5,2,10,10,10,10,7,0,0,2,10,10,10,2,797.5,True
3,2,7,10,8,5,4,1,2,8,1,4,10,7,0,2,2,6,3,2,2,677.3,False
2,2,8,6,3,4,5,2,1,7,3,8,4,5,2,2,2,5,2,10,2,682.8,True
2,5,1,3,5,4,2,1,1,9,4,3,3,8,5,4,1,5,4,3,1,616.1,False
3,2,6,4,10,4,3,5,1,6,2,8,2,6,0,2,1,4,1,6,1,669.4,False
1,5,2,5,0,2,0,0,1,0,0,5,0,5,10,1,2,2,0,3,1,571.7,True
4,1,7,6,10,4,7,3,2,6,4,10,5,7,0,1,2,10,4,6,2,712.5,False
2,3,4,4,4,8,8,5,2,4,1,7,5,6,0,4,2,5,1,10,1,667.5,True
2,2,2,3,2,7,2,3,2,5,3,3,3,6,3,3,2,4,3,5,1,627.6,True
3,1,3,6,2,5,3,2,1,8,1,5,1,9,2,1,2,3,2,6,0,664.3,True
4,3,4,4,3,5,3,3,2,4,4,7,3,7,4,4,1,3,3,4,1,621.8,False
3,1,10,3,3,4,5,2,2,3,3,4,1,6,0,4,1,5,2,10,3,636.3,False
3,3,6,4,5,5,7,2,1,7,4,9,5,8,2,1,2,5,4,10,1,700.6,True
3,3,10,3,3,3,3,5,1,7,2,5,0,7,10,2,1,4,0,7,3,635.0,False
3,3,3,3,3,4,2,2,1,4,2,5,0,7,10,3,2,4,2,6,3,624.8,False
1,1,3,4,4,10,1,5,2,6,2,9,1,6,0,2,2,4,1,5,1,656.0,True
3,4,6,1,2,4,3,1,1,3,3,7,4,6,10,4,1,4,2,6,1,609.7,False
1,2,2,7,4,4,7,1,2,8,2,1,3,7,0,1,1,0,0,5,2,612.1,True
4,2,10,5,3,5,3,5,1,3,0,9,2,8,0,2,2,2,3,7,1,687.0,True
3,5,6,6,8,10,2,1,2,3,1,2,2,7,10,0,2,6,1,10,3,634.4,False
1,5,2,5,1,3,2,0,2,2,1,4,0,7,10,10,2,3,0,1,1,551.5,True
2,4,4,5,2,3,1,1,2,1,0,4,3,7,0,1,2,1,3,7,0,611.0,False
4,0,5,8,7,10,4,1,1,2,3,8,5,7,1,4,2,8,8,8,3,713.8,True
1,1,1,8,1,5,1,2,1,8,2,1,0,7,10,1,2,5,0,1,1,618.9,True
4,3,10,6,7,10,3,3,1,5,5,4,2,8,3,1,2,10,8,7,1,714.9,False
3,2,6,10,8,10,7,5,2,9,9,5,7,7,0,4,1,3,2,5,2,692.8,False
5,1,4,5,4,8,5,2,1,10,4,10,1,8,1,3,2,2,3,5,3,695.7,False
4,4,8,5,4,5,4,3,1,7,6,8,7,8,4,5,2,3,2,9,2,688.5,False
3,1,8,3,4,6,4,5,2,7,2,10,10,8,1,4,1,5,1,7,1,673.6,False
4,3,10,5,5,8,4,4,1,5,3,3,2,7,3,1,2,10,4,8,2,699.2,True
4,3,6,3,3,3,2,3,2,5,2,7,2,10,0,5,2,5,0,4,1,641.1,False
5,3,9,4,6,3,10,3,1,7,8,10,5,7,2,0,2,9,3,8,1,729.5,True
2,2,10,8,3,10,6,5,1,7,4,10,0,8,0,10,2,3,5,10,2,707.6,False
3,2,9,10,8,8,6,4,1,6,1,8,3,9,3,3,2,5,3,6,1,710.8,False
3,3,1,2,3,10,6,5,2,6,5,2,0,7,0,3,1,10,1,3,2,636.1,False
3,3,2,2,4,10,5,5,2,6,5,4,0,7,0,3,1,10,1,4,2,643.3,False
1,3,10,10,6,10,6,2,2,10,4,4,10,7,0,3,2,10,7,7,3,713.0,True
3,5,3,3,10,10,3,0,1,3,1,10,5,7,0,5,2,5,1,5,1,661.5,False
5,2,5,6,10,10,5,5,2,7,5,10,3,7,0,1,2,10,3,5,3,719.3,False
3,2,4,6,5,6,5,2,1,10,2,2,1,7,10,1,2,10,2,4,2,663.3,True
2,2,3,3,4,10,5,4,2,9,2,3,2,7,10,0,2,3,1,7,1,643.1,True
4,3,10,2,6,3,6,4,1,7,4,8,1,7,2,2,1,6,0,7,1,671.3,False
2,2,1,4,2,4,1,1,2,3,4,1,1,7,3,0,2,5,2,4,1,610.4,False
4,3,10,5,5,2,5,4,1,8,2,3,1,9,0,0,1,5,5,10,3,682.6,False
4,1,5,3,4,10,0,3,2,3,5,7,5,7,0,0,2,10,5,10,1,693.2,False
4,1,10,6,7,6,6,1,1,7,2,7,4,8,0,1,2,10,4,7,3,718.9,False
2,2,10,10,3,10,4,5,2,4,2,10,5,8,3,1,2,5,4,8,1,699.1,False
3,2,5,4,2,4,2,4,2,6,3,3,0,7,0,1,2,10,1,9,2,656.7,False
3,2,5,4,4,4,2,2,2,6,3,3,1,7,0,1,2,10,2,9,2,656.7,False
2,1,10,5,2,2,1,0,1,5,1,1,5,8,0,0,2,3,2,10,1,659.9,True
5,2,10,10,7,6,6,5,1,8,2,3,6,9,0,1,2,9,4,10,2,742.1,False
3,4,1,6,3,6,4,4,2,0,2,7,1,6,10,1,2,6,2,3,1,618.2,True
2,2,7,6,5,3,3,5,1,5,2,8,3,8,2,1,2,10,5,7,1,698.7,True
1,3,2,8,2,4,3,1,2,7,2,5,2,7,0,3,2,8,5,3,1,636.7,False
1,2,0,5,3,10,5,4,2,7,5,2,2,8,10,2,2,5,5,3,2,638.0,True
3,1,2,7,10,10,2,2,1,7,7,6,10,7,2,4,2,3,1,4,2,696.4,False
3,3,0,1,10,9,7,2,2,5,9,10,8,8,4,4,2,9,8,10,2,700.8,False
3,5,0,2,3,3,0,4,2,4,2,10,0,5,3,1,1,1,0,10,3,598.2,True
1,3,4,4,4,3,6,2,2,6,5,1,1,7,0,5,2,6,5,7,1,637.6,True
4,3,8,5,3,5,3,3,1,7,1,8,3,7,0,3,2,6,1,5,2,678.1,False
3,3,5,5,4,8,3,1,1,4,1,4,1,6,0,7,2,10,8,8,1,668.6,False
5,2,6,10,7,8,1,0,1,7,5,6,10,7,0,1,2,5,1,5,1,704.9,False
3,3,10,10,0,1,1,0,2,5,3,7,5,8,0,1,2,10,2,7,1,662.8,True
5,4,8,5,10,10,5,1,1,8,4,10,10,7,2,1,2,5,10,9,2,738.0,True
3,5,4,1,3,3,3,0,2,4,3,1,0,7,0,10,1,3,1,4,1,567.9,False
5,2,5,5,10,4,10,2,1,8,5,3,5,8,10,1,1,10,9,3,1,689.2,False
2,4,4,6,6,6,2,1,1,10,8,5,5,8,0,0,2,4,3,10,1,691.3,False
5,3,5,8,7,4,7,4,1,7,1,10,2,9,0,1,1,8,5,10,3,707.8,False
2,5,0,1,2,3,1,0,1,0,3,3,0,6,9,8,1,2,1,1,0,546.0,True
3,3,4,4,6,7,2,0,1,4,2,6,1,6,4,2,2,5,1,6,1,645.2,True
2,3,4,3,1,2,0,1,1,2,1,2,0,9,0,5,1,3,2,10,0,604.2,False
5,5,2,10,3,10,5,5,1,7,2,10,1,7,10,4,1,10,10,3,1,676.8,False
2,4,3,4,5,8,2,2,1,7,4,6,1,7,0,1,2,10,3,7,1,676.0,False
1,4,5,4,1,6,5,2,1,3,1,8,0,7,10,5,2,3,1,4,3,616.9,False
1,5,0,5,5,10,5,2,1,4,6,6,8,7,0,3,1,7,10,8,0,672.6,True
5,2,5,10,10,7,5,5,2,7,6,3,10,8,0,2,2,7,7,10,3,731.7,False
0,3,2,2,2,2,0,2,1,0,1,1,4,7,4,2,2,5,4,5,1,608.7,True
2,2,1,4,1,10,2,1,2,4,1,5,0,4,10,8,1,3,2,10,1,581.7,False
5,1,10,10,10,10,2,5,2,8,4,3,1,7,0,0,2,10,6,10,1,731.5,False
4,1,6,6,10,7,7,5,1,8,4,6,6,9,0,0,2,8,4,9,2,744.4,False
2,3,4,6,4,5,4,1,1,4,1,4,2,8,5,0,1,0,1,5,1,619.7,False
5,2,4,10,8,10,2,3,1,4,1,4,3,7,5,1,2,5,2,10,2,692.6,False
4,2,10,6,7,5,2,5,1,7,2,2,10,8,8,2,2,8,2,5,3,695.8,False
1,3,1,5,2,3,4,3,2,8,4,2,1,6,5,3,2,8,5,6,3,629.1,False
4,2,6,4,5,6,2,3,1,6,6,8,4,7,2,2,2,6,10,3,1,698.5,False
5,2,10,10,10,10,3,1,1,2,3,10,1,6,0,0,2,10,5,10,1,731.0,True
4,1,3,6,5,6,2,5,1,8,2,10,5,7,0,3,1,4,3,7,2,685.3,False
2,2,3,5,4,7,3,4,1,5,3,5,5,8,0,1,2,7,2,7,3,684.5,True
2,3,2,4,3,10,7,2,1,7,5,4,1,8,0,3,2,2,1,4,2,660.5,False
3,4,3,5,8,5,6,3,2,5,5,5,2,8,3,1,2,1,4,5,3,652.2,False
2,3,5,3,2,5,3,5,1,8,1,2,1,8,4,5,2,10,2,6,2,656.7,False
4,4,8,9,7,6,6,3,1,7,3,6,2,8,6,0,2,8,0,6,1,693.2,False
2,2,3,4,10,2,3,4,2,8,4,2,1,7,3,1,2,10,8,8,3,671.8,False
3,1,10,3,2,1,1,1,1,7,2,3,0,7,1,1,2,2,1,10,2,653.3,True
3,0,0,2,4,3,4,2,1,0,4,7,2,6,0,0,2,0,7,10,3,664.1,True
5,3,5,5,2,2,3,0,1,5,3,6,0,7,0,1,2,7,5,8,1,667.5,False
5,3,5,5,2,2,3,0,1,5,3,6,0,7,0,1,2,7,5,8,1,667.5,False
5,2,10,10,10,10,10,5,1,3,5,7,7,8,0,2,2,10,8,10,2,771.6,False
5,2,10,10,10,10,10,5,1,3,5,7,7,8,0,2,2,10,8,10,2,771.6,False
5,3,4,8,10,9,5,2,2,7,4,1,8,7,2,3,1,8,5,3,2,668.2,False
3,5,3,10,7,10,0,2,2,7,9,6,10,8,3,5,1,10,7,5,1,672.8,False
4,0,10,10,10,8,5,5,1,2,2,4,1,8,0,0,2,10,4,10,3,737.0,False
3,0,5,5,9,10,10,4,1,8,1,1,7,7,10,10,2,10,0,10,0,693.7,False
3,1,5,10,3,4,3,2,2,1,3,9,2,8,1,3,1,3,4,6,0,641.1,False
3,1,4,5,10,9,2,2,2,3,10,10,5,10,8,6,2,5,3,10,0,684.2,True
1,4,2,6,2,7,1,3,2,1,2,1,0,7,0,5,1,2,1,2,1,578.1,False
4,3,8,10,8,5,8,4,2,9,8,3,7,8,7,2,2,8,10,10,0,721.5,False
5,0,10,10,9,10,10,5,2,0,10,10,2,8,0,1,2,10,4,5,0,746.7,True
4,3,8,6,10,5,3,2,1,8,3,8,3,7,5,3,2,7,1,3,2,683.2,False
1,5,5,10,10,10,8,2,2,10,8,1,5,5,10,1,1,10,2,0,2,645.7,False
3,4,2,1,1,2,5,1,1,3,2,6,0,10,5,7,1,8,1,8,2,610.3,False
4,2,8,8,10,10,10,0,1,7,5,10,5,7,10,1,2,5,7,10,1,726.1,True
3,3,2,8,9,8,8,5,2,5,7,9,6,6,10,5,2,8,8,8,3,695.1,False
5,5,0,3,5,4,0,0,2,4,0,5,1,7,10,0,1,8,1,7,3,589.1,False
3,2,3,10,7,6,10,2,1,8,5,1,5,9,4,3,2,9,6,4,2,702.6,False
4,5,7,4,10,10,5,5,2,6,6,6,5,6,10,1,2,8,9,4,3,687.7,True
2,2,6,3,1,3,3,0,2,4,1,1,2,9,5,4,1,4,5,8,0,598.9,False
2,1,4,4,4,3,4,0,2,8,4,2,2,8,1,3,2,5,4,10,0,648.2,False
3,4,10,6,10,7,5,5,2,7,7,10,5,6,0,2,2,9,5,9,3,720.8,True
5,5,5,0,0,1,3,0,1,3,0,3,3,9,0,8,2,0,2,10,1,616.3,True
2,4,4,7,5,5,5,3,2,3,3,5,3,8,10,4,1,3,3,6,2,611.4,False
3,4,5,5,9,8,6,5,2,5,2,1,5,6,10,4,2,9,0,2,2,642.5,False
3,2,3,8,2,4,6,2,1,8,3,2,10,8,3,1,2,10,7,10,1,704.3,True
5,3,8,9,7,8,7,4,2,10,6,7,0,8,10,3,2,7,4,8,0,696.8,False
1,3,2,5,5,8,5,5,2,10,6,6,10,9,5,0,2,4,8,5,2,690.0,False
4,0,10,5,9,10,10,5,1,10,8,6,10,8,0,1,2,10,10,8,1,786.7,True
2,1,3,4,5,5,4,2,1,5,1,5,4,8,0,4,2,3,6,10,1,674.3,True
4,2,2,4,3,6,1,1,2,3,2,5,1,7,2,2,2,6,1,8,2,633.3,True
3,3,8,2,1,5,3,0,1,6,1,7,1,6,4,3,2,4,3,7,1,643.7,True
5,5,0,10,10,6,5,5,2,8,1,1,6,6,0,0,1,1,2,7,3,652.7,False
3,5,10,4,6,7,1,0,1,8,1,8,0,9,0,3,2,4,1,2,1,656.4,False
2,1,1,6,2,2,4,2,1,4,4,5,2,7,7,2,2,7,6,3,1,648.6,True
5,1,10,3,2,7,1,0,1,10,4,8,1,10,0,0,1,3,2,6,1,675.3,False
5,4,1,10,10,6,10,5,1,8,3,8,5,7,0,3,1,10,8,10,0,725.7,False
1,2,6,10,3,7,10,2,2,9,8,10,3,7,0,1,2,6,3,1,3,690.4,False
3,3,7,4,5,6,7,4,2,8,10,9,6,8,8,8,2,8,6,6,3,687.0,False
3,2,6,3,10,4,3,4,1,3,3,9,0,6,0,3,2,7,3,8,3,686.6,True
3,1,4,7,3,9,2,3,1,3,2,6,3,8,0,0,2,2,1,5,0,674.5,False
4,5,10,8,3,4,6,5,2,0,4,7,10,7,6,10,2,6,3,10,1,666.0,False
5,0,10,10,5,8,2,0,1,10,5,10,10,7,0,0,2,10,2,10,1,749.9,False
0,1,1,7,3,4,0,1,1,3,3,4,2,7,8,3,1,5,4,10,1,617.8,True
1,4,10,5,4,5,5,3,2,2,5,9,6,8,6,3,1,5,4,3,2,636.0,True
4,3,5,10,10,10,4,5,1,9,5,9,5,6,0,1,2,7,5,10,3,744.4,False
1,4,2,4,6,4,4,3,2,4,5,7,5,8,2,4,1,4,4,6,2,627.1,True
1,4,1,0,7,1,0,0,1,5,0,8,8,7,0,0,2,0,2,10,1,637.3,True
1,3,5,10,2,10,4,0,1,2,3,10,5,7,0,3,1,10,2,10,1,671.7,True
3,3,2,4,5,5,0,5,1,3,3,3,2,7,5,5,2,1,0,10,1,639.7,False
4,2,4,8,10,3,3,3,1,7,3,10,2,7,0,1,2,1,6,6,1,698.9,True
1,0,4,3,4,10,3,2,2,1,2,1,2,7,0,0,2,1,4,1,2,629.1,True
1,4,2,4,5,2,6,3,2,4,6,5,4,5,4,5,1,5,3,3,2,605.7,True
5,1,4,10,10,10,4,5,1,8,5,7,10,8,2,2,2,6,5,7,3,747.8,False
2,4,1,10,10,10,5,3,2,10,10,5,10,6,10,3,2,4,6,4,2,682.4,False
2,4,8,3,2,4,2,2,1,7,3,1,3,9,5,5,1,7,2,2,1,619.3,False
5,1,10,10,10,10,10,5,1,10,10,10,10,10,10,10,1,10,10,10,1,765.8,True
3,3,5,10,10,10,10,5,2,8,9,10,8,7,3,3,2,10,10,10,1,753.3,True
5,1,0,5,3,7,6,3,2,8,1,1,2,7,10,6,2,5,6,3,2,634.2,True
1,2,4,5,4,2,1,1,1,5,4,1,10,8,0,1,2,4,4,10,1,666.7,False
5,1,10,10,10,10,10,2,2,5,3,3,5,8,10,0,2,10,7,10,1,721.5,True
3,3,4,5,5,9,6,5,2,8,3,5,3,8,0,5,2,3,4,7,2,674.3,False
3,5,10,6,10,9,3,3,1,8,3,10,10,8,0,7,2,10,3,10,2,726.3,True
5,3,10,7,8,5,3,3,1,7,2,10,1,7,4,3,2,10,5,10,2,714.2,True
3,4,4,10,10,10,3,5,2,4,6,4,2,7,5,0,2,3,5,4,3,673.9,False
3,2,10,3,0,6,4,2,1,9,3,6,1,8,0,6,2,0,5,10,0,674.5,True
4,2,5,6,7,6,7,3,2,8,7,6,6,5,2,3,2,7,7,7,2,697.7,True
1,3,2,6,3,9,3,2,1,7,6,3,6,6,4,0,1,6,6,5,1,654.8,True
2,1,0,5,2,2,1,2,2,7,1,6,5,8,10,2,2,3,0,8,1,618.4,True
5,5,10,4,2,1,3,5,1,4,0,7,0,10,10,0,1,6,0,10,2,644.5,True
4,1,6,8,1,10,0,4,1,3,2,10,2,7,5,4,2,4,8,7,1,688.7,False
1,3,2,6,6,4,1,4,2,3,1,3,10,9,0,1,2,10,1,10,3,663.9,True
3,3,10,6,6,6,10,5,2,9,7,10,5,8,10,2,2,7,6,8,2,711.0,False
2,4,2,5,5,10,4,5,2,8,6,3,2,6,5,2,1,8,4,4,2,641.2,False
1,0,1,8,8,2,3,5,1,7,3,4,0,7,0,1,2,4,1,9,3,679.0,True
1,1,10,9,5,3,3,5,2,3,2,1,1,7,2,4,2,4,1,7,3,647.8,False
0,2,0,4,3,3,1,0,2,2,10,1,2,7,0,10,1,0,10,2,1,581.5,True
4,3,2,5,5,7,6,2,1,5,3,4,10,6,5,3,1,7,5,5,2,661.8,True
3,3,2,8,10,7,9,3,2,7,5,2,6,8,0,7,2,7,5,10,2,690.7,False
2,5,0,6,10,10,4,2,1,10,2,5,1,8,5,2,2,10,5,2,3,672.6,False
4,5,5,10,9,10,4,5,1,10,9,8,6,8,6,10,1,2,9,7,2,698.7,False
2,4,10,8,10,10,5,5,1,7,8,7,3,6,0,10,1,4,6,7,0,694.7,False
4,2,2,6,5,4,0,1,1,10,2,7,3,8,5,0,2,2,3,7,0,666.2,False
3,3,2,4,8,7,8,3,2,7,5,2,5,8,8,2,2,3,1,2,2,644.8,False
3,2,10,8,10,10,2,1,1,7,2,3,2,8,0,1,1,10,2,8,0,690.9,False
3,4,1,5,5,10,3,2,1,7,2,7,1,6,8,3,1,2,2,5,1,626.7,True
3,3,5,10,3,10,2,1,2,5,5,1,0,8,0,1,2,1,1,2,3,637.8,False
4,4,10,6,10,10,10,5,2,9,8,10,10,6,4,0,2,10,10,5,3,751.4,False
3,2,4,6,5,2,3,5,2,7,1,9,3,7,7,3,2,6,1,8,2,656.2,True
5,2,10,10,10,10,1,5,1,8,4,10,5,7,10,2,2,4,4,7,3,724.4,False
5,1,6,5,10,10,5,1,1,7,2,4,5,7,2,0,2,2,3,10,1,706.2,False
4,2,1,6,5,5,4,2,2,6,2,5,4,8,2,3,2,4,1,4,2,645.4,False
4,3,8,10,8,9,3,5,1,8,4,10,4,8,0,7,2,3,1,10,0,719.5,False
1,3,2,0,6,3,1,0,2,5,3,6,5,7,0,7,2,5,2,5,1,613.1,True
3,1,3,5,7,3,3,5,2,4,6,2,3,7,0,1,2,6,6,5,3,670.1,False
2,3,4,5,1,2,2,0,2,5,1,4,2,7,10,4,2,4,2,2,1,588.9,False
1,3,3,1,5,4,0,0,1,0,2,10,0,6,0,3,1,0,1,0,2,589.9,True
1,2,0,2,4,10,2,1,2,2,5,2,2,6,10,4,2,7,1,4,2,601.9,False
5,2,7,6,2,5,9,4,2,8,1,7,1,8,0,5,2,10,1,2,2,676.4,True
5,3,4,4,6,3,4,2,2,5,2,5,3,8,4,6,2,2,3,7,1,638.6,True
1,3,3,4,4,5,2,2,2,3,3,3,4,6,10,6,1,3,4,5,1,585.1,False
2,3,10,10,3,2,4,0,2,4,1,4,10,8,0,1,2,2,2,8,1,657.1,False
4,2,6,4,3,2,6,2,1,10,2,9,0,6,7,2,1,9,2,10,1,662.8,False
2,1,10,8,7,10,10,2,1,10,4,4,1,8,0,2,2,3,5,7,1,718.3,True
5,4,8,3,6,10,7,4,2,8,7,2,4,7,7,6,2,3,7,3,3,668.4,False
3,2,4,4,4,3,1,3,1,7,2,10,0,7,0,5,2,5,3,5,2,663.2,True
3,0,5,10,4,10,4,5,2,7,0,7,10,7,0,1,2,10,8,1,1,713.6,True
3,3,3,2,4,3,9,0,1,3,4,9,3,6,8,2,1,7,2,6,1,633.9,False
2,1,2,10,10,10,5,1,1,8,4,1,5,7,0,1,1,2,4,3,1,671.6,False
2,2,1,4,4,5,1,3,1,8,5,5,3,8,5,1,2,1,8,5,3,662.4,True
5,1,4,2,10,5,7,0,1,10,2,10,5,8,0,2,2,5,10,10,3,724.6,True
3,0,10,5,10,5,5,2,2,10,0,1,3,7,0,2,2,5,2,5,2,675.0,False
2,3,0,8,2,3,0,0,1,3,2,3,5,6,5,3,1,6,6,6,1,614.0,True
5,3,5,10,8,6,7,5,1,8,8,7,2,7,0,6,2,10,6,10,1,737.4,True
5,2,6,10,4,5,3,5,1,9,3,8,5,8,0,1,2,10,4,7,3,729.3,False
4,3,10,10,8,4,6,5,1,7,1,10,5,9,0,1,2,9,1,8,2,733.3,False
1,3,3,10,10,10,4,5,2,9,5,5,5,7,3,5,1,1,0,2,2,646.9,False
3,3,6,6,10,10,7,5,1,7,7,9,2,7,0,3,2,10,7,6,1,736.1,False
3,1,2,4,6,7,10,5,2,8,2,2,3,8,10,1,1,10,8,10,2,670.3,False
1,4,3,10,2,10,7,0,2,8,2,3,2,4,0,5,2,7,2,10,1,645.9,False
4,2,10,6,5,3,3,4,1,7,1,6,2,8,2,10,2,4,2,5,1,669.4,False
1,2,0,4,4,4,2,1,2,4,2,4,2,8,4,2,1,2,1,4,1,589.1,True
4,1,10,4,10,4,0,0,1,8,2,3,0,8,2,2,2,4,1,7,1,670.5,False
5,5,2,8,5,10,2,5,1,8,2,5,5,6,10,2,2,3,4,3,1,667.1,False
3,5,2,8,10,10,7,5,2,8,4,10,2,7,10,0,2,7,2,10,2,688.7,False
1,1,10,10,10,5,10,5,2,7,5,10,0,7,0,0,2,0,6,10,2,717.6,True
3,3,10,3,1,4,0,0,2,2,0,8,1,8,0,1,2,2,0,7,3,623.9,False
2,2,4,10,7,10,6,3,2,4,7,6,1,7,0,4,1,7,4,2,2,660.7,False
1,1,6,8,7,10,5,5,2,7,8,4,5,7,3,2,1,6,8,3,1,680.7,False
3,2,10,5,5,3,6,0,1,3,1,1,7,8,0,1,2,6,3,7,1,675.2,False
4,5,4,5,4,10,2,0,1,5,0,10,3,8,0,2,2,3,1,10,1,668.5,False
3,4,3,5,5,3,1,0,2,2,0,5,0,7,0,1,2,2,1,5,2,607.8,True
1,1,10,1,1,2,5,0,1,6,2,9,10,6,0,0,2,1,1,10,2,673.0,True
2,4,2,5,5,10,5,2,2,8,4,1,5,5,8,5,1,6,7,4,2,620.2,False
3,3,10,3,10,10,6,3,2,7,4,6,2,6,0,4,1,3,2,7,2,662.2,True
5,4,10,6,3,8,0,4,1,6,1,10,3,6,0,1,2,2,2,10,3,693.6,True
5,4,6,9,2,10,5,5,1,6,5,7,6,7,3,10,2,6,2,5,0,691.5,True
5,5,10,1,6,2,8,3,1,5,6,6,0,7,10,0,2,10,7,2,2,676.0,False
3,5,1,3,1,3,2,0,1,5,0,5,1,7,5,7,2,2,1,7,1,601.0,False
1,1,10,1,1,2,5,0,1,6,2,9,10,6,0,0,2,1,1,10,2,673.0,True
5,3,4,10,10,10,10,5,2,9,7,10,10,7,3,3,2,10,1,10,3,744.8,False
5,1,10,10,4,6,5,2,1,4,4,6,8,7,0,5,2,5,9,5,2,716.8,True
3,3,5,6,10,4,5,1,2,6,5,6,4,8,0,6,2,8,4,10,1,677.9,False
2,4,10,2,3,1,0,0,1,3,0,1,1,8,10,1,1,0,1,1,1,573.2,False
5,1,10,4,5,8,2,5,2,2,2,7,2,7,10,0,2,10,2,7,3,676.2,True
3,3,10,6,10,5,6,5,1,6,4,8,0,7,10,2,2,10,6,10,1,710.4,True
5,3,6,4,5,3,2,2,1,7,3,1,1,7,0,1,2,6,7,10,1,680.1,False
3,2,0,1,10,10,0,5,2,10,8,2,0,4,10,1,1,6,8,1,3,632.1,False
5,3,0,4,2,10,0,1,2,7,5,5,0,8,5,2,1,6,5,10,2,633.5,False
1,5,0,6,10,10,1,5,1,4,5,5,0,6,1,1,1,1,1,9,3,645.0,False
1,3,1,6,6,10,2,2,2,3,4,9,3,5,4,2,2,2,2,3,1,632.0,False
2,1,1,0,1,2,1,1,1,9,3,10,0,6,0,0,2,0,1,10,2,646.0,True
0,4,3,10,4,2,1,1,2,0,3,2,0,6,0,10,1,10,2,10,1,591.7,True
4,0,2,2,0,0,0,0,2,5,4,6,1,7,0,3,2,2,0,8,3,618.2,True
1,5,2,4,10,4,2,3,1,2,0,1,5,6,10,10,2,1,0,2,1,591.5,False
2,3,4,4,1,10,3,2,1,7,8,6,6,7,3,0,2,6,4,10,0,691.3,False
2,5,1,4,3,10,1,2,2,2,1,10,0,7,5,10,2,6,1,6,2,607.1,False
1,3,1,2,10,10,3,1,2,7,2,6,2,8,0,10,2,5,6,7,2,643.9,False
1,4,4,2,10,4,10,4,1,4,10,3,10,7,5,5,1,10,10,10,2,692.4,True
5,5,1,2,10,1,8,2,2,5,6,8,1,6,10,4,1,3,2,6,2,613.3,False
3,1,4,5,3,1,2,5,2,7,4,6,3,7,7,1,1,2,1,4,2,623.3,False
3,2,4,3,7,3,3,4,1,5,1,3,5,9,7,3,2,5,2,10,2,665.6,True
5,3,10,8,2,3,1,1,1,5,2,8,1,7,0,0,2,6,5,10,3,690.0,False
4,2,10,10,7,10,0,1,1,7,2,10,1,8,0,2,2,7,1,3,3,700.8,False
2,5,0,5,5,10,2,1,2,8,1,4,0,5,5,1,2,10,0,10,2,631.0,False
3,1,1,8,4,5,7,3,1,6,8,4,7,8,2,6,2,8,7,7,2,703.0,False
1,4,2,6,5,9,5,3,2,3,4,9,8,6,10,4,1,4,8,4,2,630.5,False
1,3,5,7,6,4,5,3,1,5,0,1,1,7,0,3,1,10,0,7,1,642.7,False
2,2,10,10,10,10,10,5,1,7,6,5,10,5,10,1,2,10,7,10,2,748.5,True
1,2,5,3,8,10,4,5,1,4,5,5,4,8,0,9,2,8,3,3,0,681.1,False
3,2,2,2,0,10,2,1,2,5,4,3,9,6,10,0,1,6,0,2,3,605.5,True
4,3,6,10,10,10,5,5,1,7,4,10,3,7,2,3,2,10,3,8,1,734.6,True
2,5,5,1,0,2,3,0,2,7,3,5,0,9,5,0,2,10,1,3,2,611.6,True
3,0,6,4,3,2,5,5,1,10,9,2,10,6,10,1,2,5,8,10,3,707.3,True
3,3,3,4,1,1,3,2,2,1,1,3,1,6,5,1,1,3,1,5,3,581.7,False
3,2,2,3,6,6,4,1,2,9,5,4,10,5,6,2,1,7,2,3,2,634.4,False
4,4,8,8,10,10,8,5,1,7,6,8,3,8,6,2,1,10,8,9,1,725.9,False
5,4,10,2,10,8,3,3,1,3,1,5,0,7,0,1,2,4,4,10,3,689.4,False
2,0,3,4,10,5,6,3,2,2,1,8,5,8,3,4,1,4,3,6,1,646.0,False
5,1,10,2,10,10,10,0,2,10,7,10,5,7,0,0,2,5,8,10,1,738.0,False
5,1,5,5,10,10,10,4,1,8,2,10,10,8,0,1,2,10,5,10,3,765.4,True
3,2,3,4,2,2,4,1,1,1,2,5,0,6,0,0,1,9,1,3,1,624.6,True
1,3,4,8,5,5,4,3,2,10,7,4,6,6,0,3,1,5,10,7,2,665.2,True
5,2,10,8,1,2,10,4,1,10,6,10,10,7,0,5,2,10,6,1,3,734.6,False
5,2,7,6,2,5,4,2,2,3,4,4,4,7,9,4,2,7,2,8,3,648.4,False
2,3,0,2,1,4,4,5,1,5,3,10,1,2,0,10,2,10,1,10,3,650.3,True
1,5,3,9,3,5,2,5,1,7,5,4,0,7,0,5,2,4,2,3,2,650.1,False
3,2,3,3,3,3,3,4,1,6,1,1,1,7,2,1,2,2,1,5,1,641.0,False
1,3,3,3,0,7,6,3,1,3,8,4,5,7,2,9,1,6,6,6,1,639.9,True
1,4,3,6,7,5,2,4,2,6,3,5,2,7,8,2,2,5,4,5,1,635.0,False
5,1,10,4,0,2,2,4,1,10,0,8,2,8,0,5,2,4,1,10,1,686.8,False
5,4,3,0,8,3,1,1,1,5,1,6,1,7,7,7,2,2,4,7,1,628.4,False
2,4,10,8,7,7,7,1,2,5,3,7,5,8,10,3,1,5,2,10,0,647.5,False
1,4,0,1,0,4,0,0,2,4,1,1,0,6,0,1,2,0,0,5,2,571.1,False
2,2,1,8,4,1,0,0,2,3,1,2,1,7,0,3,1,5,2,10,2,600.4,True
4,4,2,4,8,3,2,4,2,8,0,3,5,8,0,2,1,2,1,2,1,621.2,False
2,5,3,2,4,4,3,2,1,3,2,5,0,7,10,0,1,4,1,10,1,607.8,False
3,5,5,10,10,10,7,5,1,7,6,5,7,8,5,5,2,7,5,10,2,721.9,True
5,2,9,7,7,5,7,0,1,5,4,7,5,7,7,1,2,10,8,9,1,713.6,False
2,3,5,10,8,10,5,4,2,7,4,5,7,6,0,2,2,6,7,6,2,699.4,False
2,3,3,4,6,2,4,3,2,9,2,10,3,5,0,6,1,6,8,5,2,640.7,False
2,3,4,6,3,10,4,1,2,5,3,7,10,9,3,6,2,10,1,6,0,664.7,False
2,2,5,5,9,5,9,5,2,9,6,9,10,8,9,5,2,5,5,5,2,693.8,True
4,3,10,7,2,4,3,2,1,6,2,5,1,8,1,5,1,3,7,7,1,657.3,False
2,1,10,10,7,8,4,5,1,3,5,10,0,5,0,1,2,10,1,10,1,724.0,False
2,1,10,10,7,8,4,5,1,3,5,10,0,5,0,1,2,10,1,10,1,724.0,False
2,5,1,6,5,5,4,0,2,6,4,7,6,4,0,6,2,4,0,5,1,622.9,True
5,4,7,7,4,4,5,0,1,9,1,8,0,9,0,2,2,3,3,4,1,673.4,False
4,2,10,10,10,10,5,4,1,7,2,7,0,7,0,1,2,10,3,10,3,737.4,False
1,5,2,1,0,2,2,5,2,0,3,1,0,7,0,10,1,10,0,3,2,567.9,False
5,2,6,10,3,4,6,1,1,7,3,3,5,8,0,6,2,4,2,10,3,687.5,True
5,2,6,2,7,2,1,5,1,5,1,7,0,7,0,1,2,5,0,8,3,676.2,False
1,3,2,3,5,4,2,3,1,6,1,4,4,5,0,0,2,4,3,10,0,656.5,True
4,1,6,5,10,7,0,5,1,5,2,6,1,7,0,1,2,10,5,7,2,710.0,False
0,4,2,3,5,4,10,4,2,7,8,7,3,7,10,2,2,10,10,1,3,657.5,True
5,1,10,6,10,10,8,5,1,9,6,10,10,8,2,0,2,10,10,8,2,787.5,False
2,2,2,10,0,3,3,1,2,4,3,10,2,8,5,0,2,3,6,5,1,643.0,True
1,2,3,2,4,2,4,1,2,2,1,6,1,8,10,7,2,7,2,3,2,594.6,False
3,5,1,10,8,8,2,3,1,8,6,10,2,7,10,4,2,7,3,10,3,683.6,False
3,5,5,5,7,10,3,3,2,8,5,5,10,8,10,2,2,10,2,2,3,665.8,False
3,5,5,6,6,10,5,2,2,8,4,5,5,8,10,0,2,10,2,1,3,657.3,False
2,3,1,5,5,10,4,5,2,5,2,2,5,8,10,10,2,9,2,7,2,636.3,True
4,1,10,3,5,1,2,5,2,7,1,8,2,8,0,4,2,5,1,8,2,671.5,False
2,5,1,3,1,10,3,2,1,3,8,1,0,6,3,2,2,1,2,8,1,630.6,False
2,0,1,2,2,0,0,0,2,1,3,6,1,9,0,0,1,2,4,10,3,606.7,False
5,1,5,2,5,3,5,1,1,8,3,8,1,7,0,3,2,10,1,5,2,683.2,False
5,4,10,5,2,5,1,0,1,10,3,10,10,7,0,3,2,10,4,2,1,697.2,False
1,3,10,7,8,10,1,1,1,6,2,6,5,8,0,6,2,10,1,4,1,683.0,False
3,2,10,9,3,7,4,0,2,1,1,9,2,7,2,2,2,7,3,7,1,663.0,True
2,5,7,3,1,3,4,0,2,9,1,1,5,10,3,10,2,5,1,4,1,605.9,False
0,4,6,3,4,10,2,5,1,6,2,10,6,7,0,2,2,10,6,10,0,704.0,True
1,2,7,10,10,7,10,3,2,3,1,3,5,8,6,2,2,8,3,10,1,684.1,False
4,3,7,10,10,5,7,0,1,9,4,8,10,6,10,1,2,10,2,5,2,706.8,False
1,1,2,8,7,5,2,0,2,1,5,5,1,7,0,2,2,10,1,8,3,648.6,True
2,2,10,10,10,8,5,4,1,8,1,6,10,7,0,4,2,5,2,2,2,713.4,False
1,4,2,4,6,10,4,3,1,5,2,6,3,8,1,3,2,4,5,6,1,667.7,False
5,0,8,5,5,5,6,3,1,5,4,10,2,8,0,2,2,10,8,10,3,734.8,False
1,0,3,5,2,4,2,3,1,3,1,3,0,8,2,4,1,1,1,4,1,612.7,True
3,1,4,0,1,1,3,5,2,2,0,1,3,4,3,3,1,10,1,10,2,609.8,True
4,2,8,10,2,8,5,3,1,8,3,3,2,7,0,1,2,4,2,7,2,695.8,False
3,3,6,6,10,2,2,0,2,4,4,1,3,8,0,0,2,10,4,5,2,656.5,False
1,2,5,7,4,4,1,5,2,4,0,6,1,8,0,3,2,5,1,7,3,645.6,True
3,5,4,4,2,2,0,2,1,0,2,9,0,6,0,3,2,0,1,3,3,615.2,False
3,2,5,8,4,4,4,1,2,8,0,8,5,7,0,1,2,2,1,5,1,656.0,False
3,2,6,6,10,3,6,5,1,7,7,8,3,6,0,3,1,4,5,5,1,691.5,False
3,3,5,4,5,5,4,2,2,6,3,4,5,7,6,6,2,7,6,6,1,646.7,True
1,5,7,5,4,3,3,3,1,8,0,5,1,8,10,5,1,4,1,4,1,608.0,False
2,2,0,7,2,9,5,3,1,6,5,6,6,5,4,2,1,5,4,5,2,656.9,True
4,3,2,6,10,3,1,0,1,9,6,7,0,9,5,0,1,6,6,10,3,669.8,False
3,5,8,7,8,4,2,2,1,6,0,9,1,6,0,1,1,4,0,5,2,647.5,False
5,2,10,3,10,3,0,5,2,8,8,10,1,9,0,0,2,0,5,10,3,706.1,False
3,2,0,2,2,6,3,0,1,7,3,7,3,6,0,3,2,5,3,7,1,653.9,True
5,3,1,10,10,10,6,5,2,7,7,10,5,7,0,4,2,10,6,5,2,724.4,False
5,3,10,6,5,3,9,3,1,9,8,10,1,7,2,0,2,7,2,8,3,722.7,False
3,4,8,2,1,8,2,1,2,8,3,3,1,8,2,6,2,3,2,4,1,622.9,False
1,2,0,1,2,1,1,2,1,3,2,10,0,6,0,10,1,0,3,10,2,600.1,True
5,1,5,10,10,8,3,3,2,8,6,7,5,7,0,1,2,6,4,10,3,720.4,False
0,2,3,1,8,4,1,1,1,6,6,9,6,7,7,2,1,2,1,3,2,625.6,False
2,5,4,4,5,4,4,4,2,7,4,3,0,6,0,5,1,6,2,10,3,624.2,False
3,2,2,1,4,4,2,2,1,3,1,5,2,6,6,2,2,6,3,6,1,636.5,False
5,3,4,8,10,3,10,5,1,10,4,10,2,6,0,2,2,5,3,5,3,720.8,False
3,3,8,8,7,6,6,4,2,7,3,8,7,4,1,8,2,2,3,8,2,675.8,False
3,3,4,6,3,3,3,0,1,4,4,4,4,3,6,0,2,4,3,4,1,635.7,True
5,1,10,5,2,10,9,2,1,8,3,8,4,8,0,0,2,8,3,8,1,731.0,True
1,1,2,10,10,10,9,4,2,4,6,5,1,9,1,0,1,10,8,10,1,701.7,True
2,3,5,6,8,4,3,2,1,7,3,5,1,8,6,7,2,3,4,8,1,655.6,False
3,2,2,5,3,4,2,0,2,3,2,5,0,7,10,1,2,3,1,2,2,597.6,True
1,3,10,3,3,4,2,1,2,0,2,2,3,6,0,1,1,0,8,1,0,598.5,False
2,4,10,7,4,8,5,3,1,7,3,6,1,7,0,2,2,4,2,10,1,689.6,False
3,3,2,4,5,3,3,4,1,8,2,2,4,7,8,1,2,10,4,10,0,670.1,True
3,3,0,3,4,3,2,0,1,5,0,1,0,6,3,1,2,1,3,2,2,606.8,False
4,3,9,4,5,3,5,2,1,5,2,3,1,8,0,1,1,2,7,8,2,660.3,True
3,1,10,9,10,10,8,5,1,8,3,10,2,9,3,3,2,10,2,10,1,750.3,True
3,5,3,8,0,9,1,1,1,0,4,4,6,10,0,0,1,8,3,10,1,655.8,False
5,1,3,10,10,8,2,2,1,8,1,3,4,8,0,8,2,3,3,2,2,680.7,False
0,4,2,5,3,10,4,3,2,3,5,4,5,8,2,3,2,6,1,7,1,641.8,True
3,4,2,3,9,2,7,4,1,10,8,10,8,8,9,8,1,7,7,4,0,673.6,False
5,3,9,10,10,10,4,2,2,10,7,9,8,7,0,9,2,10,5,4,2,720.8,False
1,4,8,2,10,3,7,5,1,7,3,4,10,6,10,6,2,10,5,3,2,675.4,False
2,1,4,2,2,5,3,2,1,4,3,10,6,8,3,0,1,10,4,7,1,668.5,True
3,2,2,10,7,7,9,5,2,10,3,6,7,5,2,2,1,10,9,9,1,702.8,False
5,5,6,10,10,10,8,4,1,8,9,5,9,9,5,7,2,6,8,10,0,740.8,False
4,2,7,5,10,6,6,5,1,10,6,10,5,7,1,1,2,7,8,10,2,749.9,True
2,2,6,6,3,10,10,5,1,5,1,3,5,6,9,7,2,10,4,7,2,682.0,False
3,4,2,10,3,4,1,5,1,3,4,8,5,8,2,4,1,5,3,10,1,663.0,False
2,4,6,3,5,5,0,3,2,6,1,5,0,7,0,1,1,3,1,10,3,619.7,True
5,1,3,10,5,5,6,1,2,8,4,5,10,6,2,1,2,5,5,8,3,694.3,True
5,2,5,8,4,5,4,3,2,8,2,10,3,8,0,4,2,7,7,7,3,694.0,False
3,3,0,1,0,2,0,0,1,3,0,10,0,9,10,2,1,1,0,2,1,575.2,False
0,5,0,1,1,1,3,2,2,0,0,1,0,7,0,10,1,2,0,1,2,530.5,False
3,5,2,5,1,7,1,2,1,2,0,1,2,7,10,4,1,3,0,5,1,583.2,False
3,1,10,5,3,4,8,5,1,5,1,5,1,8,0,4,2,7,0,4,1,684.5,False
3,5,2,5,3,10,3,1,1,5,0,2,2,7,10,4,2,5,1,6,2,622.5,False
4,4,5,3,4,7,3,4,2,6,7,3,4,5,7,3,2,4,5,6,1,647.8,True
3,3,3,10,10,8,5,5,2,3,6,3,5,6,3,2,2,5,5,6,3,682.0,False
2,5,0,0,10,3,5,5,2,8,5,9,5,4,7,8,1,1,8,9,1,625.0,True
4,2,8,8,7,5,7,3,2,6,6,8,6,7,10,2,2,5,5,9,3,691.7,False
3,4,6,6,7,6,8,2,1,8,5,8,1,7,7,7,1,4,4,8,1,659.4,False
2,2,0,2,2,1,3,1,2,5,3,4,3,6,1,0,2,4,2,3,3,612.5,False
3,4,2,7,10,6,1,3,1,7,2,4,9,7,4,3,2,10,3,2,3,677.3,False
1,5,4,10,6,10,6,1,1,10,0,3,3,6,10,2,2,5,6,8,2,663.3,True
1,2,0,6,3,2,0,1,2,3,2,1,1,8,0,0,1,4,1,7,1,593.6,False
2,2,5,4,5,4,3,2,1,8,3,6,2,7,0,3,2,4,2,5,1,664.1,False
5,1,3,7,5,5,2,1,2,2,0,3,1,8,0,1,1,4,4,7,2,631.4,True
5,3,3,4,4,3,2,1,2,7,2,3,2,7,0,0,1,5,3,10,3,632.9,False
3,1,5,6,7,10,8,3,1,8,7,9,7,6,5,2,2,6,5,4,2,718.9,False
3,4,2,4,8,5,5,5,2,5,0,10,8,9,9,3,2,6,6,7,1,668.7,True
5,1,8,3,5,2,6,5,2,10,4,6,10,7,0,0,2,3,5,10,3,711.7,False
0,4,0,3,2,10,3,2,1,8,2,7,10,9,0,0,1,1,5,7,1,654.5,False
1,0,3,4,8,10,1,5,2,9,7,1,5,4,10,2,2,3,7,2,3,654.0,True
2,2,5,5,5,8,5,2,2,7,2,5,10,9,0,5,2,2,2,5,3,664.3,True
3,2,3,10,5,7,3,0,1,5,6,4,5,7,0,2,2,10,2,10,3,694.3,False
5,3,10,5,10,10,10,1,2,9,8,10,5,7,0,6,2,10,3,7,2,724.4,True
1,4,1,4,2,10,2,1,2,7,2,10,2,7,7,5,2,3,2,10,2,625.8,True
2,2,10,8,5,7,1,2,1,10,5,5,2,8,1,1,2,3,4,10,2,699.8,False
3,1,10,10,6,10,7,3,2,3,3,10,0,6,0,7,2,5,9,10,3,703.8,False
4,4,3,1,2,2,1,4,1,4,2,6,0,7,10,0,2,4,2,8,3,631.8,False
1,2,5,4,5,10,5,2,1,7,4,8,10,7,4,2,2,8,2,5,3,693.4,True
1,2,0,7,3,7,3,1,1,9,2,3,0,7,0,1,2,4,1,5,2,648.2,False
5,1,6,10,8,6,9,5,2,8,8,5,8,8,0,2,2,6,9,10,3,745.7,False
3,3,5,5,4,3,10,2,2,6,4,3,1,8,3,2,2,8,5,10,3,667.1,False
3,3,8,7,5,4,9,3,1,9,1,6,2,7,4,3,2,7,1,7,1,686.2,False
4,1,5,2,3,10,5,3,1,8,4,4,5,7,0,1,1,6,2,6,2,679.0,True
5,3,10,3,10,2,10,5,1,6,2,6,4,8,10,1,1,10,4,10,1,696.6,True
3,4,6,3,0,5,3,0,1,4,3,6,4,7,0,0,2,2,3,9,1,653.9,False
3,1,6,10,10,8,10,5,2,5,4,1,10,9,0,1,2,10,6,10,3,736.6,True
5,4,10,4,2,4,7,3,2,4,3,10,0,7,0,2,2,10,3,10,3,683.6,True
1,3,5,5,10,6,8,4,1,8,6,6,4,8,1,2,2,10,6,8,2,718.7,False
1,3,4,7,7,5,4,2,2,3,4,3,3,6,1,3,2,3,4,4,1,636.1,False
2,4,5,4,7,3,3,5,2,1,1,8,0,6,4,2,2,6,1,2,2,626.9,False
2,3,6,4,0,10,1,1,1,3,2,2,1,6,7,4,2,2,0,5,3,615.5,False
5,1,5,6,8,6,1,0,1,3,3,8,3,9,0,0,1,5,3,10,2,680.2,False
5,3,5,10,8,1,5,5,2,7,1,5,8,6,0,3,1,4,8,3,2,668.8,False
5,4,5,10,9,6,4,2,1,4,3,3,3,8,5,0,2,10,4,9,2,697.7,False
5,4,8,6,6,10,3,0,2,4,3,4,7,8,10,3,2,3,2,5,0,645.2,False
4,3,8,5,2,5,2,3,1,7,2,7,4,7,3,3,2,7,1,6,2,674.5,False
3,2,4,3,9,4,3,1,2,2,1,7,2,6,10,6,2,6,1,2,2,611.4,True
4,5,0,3,0,10,0,1,2,3,0,1,10,7,0,0,1,3,0,0,1,591.7,False
4,4,8,8,8,10,8,5,1,6,4,10,10,8,5,2,2,8,2,5,3,731.4,True
2,3,1,7,6,5,5,2,2,9,3,5,10,6,9,4,2,10,5,4,2,656.9,True
2,1,3,6,4,2,4,0,1,2,1,4,5,9,0,4,2,2,1,6,1,643.7,False
2,1,2,6,6,8,3,2,1,6,1,1,0,8,5,5,1,6,0,3,1,624.2,False
3,5,10,10,10,5,8,5,2,8,6,1,10,5,10,7,2,4,5,3,2,671.2,False
5,0,10,10,10,5,9,5,1,8,6,5,5,7,0,0,2,10,7,10,3,771.0,False
2,1,10,7,4,3,2,5,1,2,0,9,0,8,0,1,2,7,2,10,1,692.1,True
3,4,5,4,5,4,1,3,2,8,6,2,5,6,0,6,1,6,7,4,1,632.5,False
3,3,4,6,5,3,2,3,2,7,0,8,0,6,2,2,2,5,1,7,2,642.2,False
5,4,10,4,2,4,3,2,1,4,2,5,1,6,5,1,2,5,1,2,3,646.7,True
3,5,5,2,3,10,4,4,1,4,4,7,1,7,4,9,1,6,1,10,1,640.5,False
1,4,8,4,2,2,8,0,1,8,1,4,0,7,0,9,1,8,3,10,1,631.4,False
1,2,2,4,4,3,4,3,2,4,2,5,10,7,5,3,1,7,3,8,1,629.9,True
3,3,2,10,3,5,3,5,2,6,1,5,10,6,0,8,2,8,1,3,3,656.9,False
1,1,5,4,10,5,8,5,2,7,5,7,5,7,0,3,2,10,10,10,2,717.0,False
3,4,0,6,0,5,2,0,2,0,3,1,0,6,10,9,2,0,3,10,1,571.1,False
4,0,3,6,5,10,2,5,2,5,4,5,10,8,0,1,2,3,1,8,3,694.7,False
2,2,7,2,3,1,0,4,2,2,3,4,0,6,0,1,1,3,4,10,1,617.6,False
1,2,3,5,8,6,7,5,2,8,0,9,0,7,10,5,2,2,1,5,1,639.2,True
3,5,10,1,10,1,1,0,2,2,2,3,1,9,10,7,1,10,8,1,3,594.2,False
3,3,2,5,3,7,6,3,2,7,5,4,5,8,1,5,2,4,1,6,1,653.7,False
3,0,3,8,8,6,8,5,1,3,5,4,10,8,5,1,2,8,7,9,2,728.5,True
1,0,3,4,10,3,5,5,2,5,5,2,5,7,5,2,2,10,4,5,2,670.1,False
2,2,2,10,8,4,1,2,2,7,0,10,2,6,0,5,2,5,0,3,2,644.3,False
2,3,4,3,1,5,0,0,2,0,0,5,2,7,5,4,2,5,0,4,2,589.1,True
4,3,6,5,10,10,2,3,1,5,4,8,2,8,0,1,2,2,7,7,1,705.5,False
4,1,4,8,7,8,7,5,1,6,5,10,5,8,0,2,2,10,7,8,3,746.7,False
2,2,3,5,5,2,3,5,2,7,1,9,2,7,10,5,2,2,1,5,1,627.3,True
2,2,8,6,10,2,1,3,1,6,0,3,1,8,10,1,2,5,1,10,3,658.6,False
5,1,4,3,5,4,0,5,2,3,6,5,5,6,0,1,2,7,8,7,2,682.4,False
2,3,6,7,10,8,2,5,2,6,2,10,5,8,0,5,2,10,2,10,2,699.1,False
2,3,9,1,10,8,5,0,2,6,2,5,4,6,5,6,2,10,3,10,3,658.6,True
2,4,4,3,4,4,5,5,1,5,3,6,5,6,0,3,1,10,8,6,1,669.0,False
2,3,0,1,2,4,2,0,2,5,4,2,2,9,0,0,2,10,4,4,1,626.3,False
1,3,5,5,8,8,2,5,2,1,1,9,0,6,10,8,2,8,1,3,2,623.7,True
4,2,3,7,3,5,3,2,1,7,3,3,3,7,2,3,2,5,4,8,1,672.0,True
2,5,5,10,6,4,6,3,2,5,3,5,1,6,8,2,2,7,2,3,2,636.5,False
4,1,10,6,7,6,6,3,1,3,3,10,3,7,1,0,2,10,5,8,3,726.1,True
5,4,1,9,4,9,0,3,2,6,2,10,1,6,0,3,1,10,0,10,2,654.5,False
5,3,2,10,5,5,2,5,1,7,3,7,10,8,0,2,2,8,2,3,2,707.0,False
2,2,9,8,6,1,0,0,1,8,4,4,3,8,4,1,2,5,2,9,3,669.0,False
3,2,5,5,4,4,3,2,1,7,1,4,2,8,2,6,1,2,1,7,1,633.3,False
2,4,10,3,7,10,7,5,2,9,4,7,9,7,1,1,2,7,4,6,2,706.8,True
5,4,10,5,10,3,5,1,2,5,3,8,10,7,10,2,2,3,5,7,3,671.3,False
3,2,2,6,5,6,8,3,2,4,10,2,8,5,10,3,2,6,4,6,2,659.5,False
3,4,2,4,8,3,3,3,2,4,3,5,5,7,0,3,1,9,3,4,2,633.3,True
4,4,1,6,5,2,9,1,2,5,8,4,5,6,8,5,1,6,6,8,1,631.2,False
3,5,10,6,5,6,5,2,2,7,4,5,6,6,10,1,2,10,10,4,2,670.5,False
1,4,0,3,3,10,3,2,2,8,2,3,8,7,5,2,2,3,2,6,1,629.5,False
2,4,7,3,6,10,3,4,2,8,4,6,0,6,5,10,1,5,0,3,1,614.6,False
1,0,0,2,3,2,3,0,1,10,1,7,5,10,0,1,2,3,4,10,2,668.3,False
5,1,10,10,6,4,10,5,1,8,4,8,5,7,0,0,2,4,3,10,2,746.1,False
5,1,3,8,10,10,6,5,1,8,3,10,1,10,2,0,2,9,5,10,3,750.5,False
2,4,2,4,3,6,2,0,1,6,2,5,1,7,2,0,2,2,1,10,1,640.1,False
2,2,5,6,4,2,2,4,2,6,4,3,3,9,0,3,2,6,4,6,1,657.1,False
3,3,5,6,1,4,8,0,1,7,0,5,10,7,0,4,1,0,5,10,0,655.4,False
4,2,5,10,10,3,4,3,1,5,5,4,5,9,0,1,2,10,2,7,0,713.4,True
4,2,8,10,8,3,2,5,2,7,2,2,3,8,0,1,2,4,1,10,2,683.9,False
4,2,10,8,5,10,5,5,2,7,4,3,10,7,0,4,2,5,6,7,2,711.1,False
2,2,10,1,2,3,5,5,1,6,3,3,3,8,5,2,2,5,1,5,1,662.0,True
2,2,3,5,8,6,8,3,1,5,3,5,5,6,5,9,2,8,2,2,3,662.0,True
3,2,0,10,8,3,6,5,2,9,7,2,10,7,0,6,1,4,2,7,2,666.7,False
5,2,10,3,1,3,0,0,1,1,1,9,1,8,0,3,1,1,1,10,2,636.0,False
3,1,10,8,4,1,3,2,1,3,3,2,10,8,10,1,2,10,3,7,3,680.5,False
3,0,4,7,7,8,0,2,1,4,5,10,0,8,4,0,1,2,3,9,1,671.9,False
2,4,3,3,4,3,4,5,2,4,6,1,0,10,5,3,1,3,4,0,0,602.5,False
2,5,1,3,4,4,3,5,2,5,3,3,0,9,0,3,1,3,3,3,0,606.1,False
3,2,1,4,3,10,7,3,2,9,1,1,10,8,10,2,2,3,1,3,3,642.9,True
2,3,0,2,10,2,4,1,1,10,1,1,5,6,9,1,1,10,2,4,1,625.5,True
5,4,3,7,10,2,4,3,2,6,5,4,10,8,0,1,2,6,8,6,2,692.8,False
2,3,5,4,3,10,2,3,2,4,2,3,6,7,3,1,2,4,3,7,1,648.2,True
5,1,3,10,3,5,3,1,1,10,5,4,5,6,0,2,2,8,4,6,2,699.2,True
2,4,1,2,10,2,1,5,2,6,3,3,1,6,0,6,1,3,1,5,2,603.8,False
3,3,2,1,1,5,2,2,1,5,2,5,2,6,0,1,2,0,4,5,1,636.5,True
4,5,4,2,4,10,1,0,2,7,1,10,0,8,2,7,2,3,3,1,1,620.9,False
1,2,5,3,2,1,2,1,1,6,2,2,1,7,2,2,2,6,1,4,2,627.6,True
0,4,1,5,1,2,3,0,1,1,3,2,1,7,0,1,2,5,1,3,1,607.2,True
3,4,9,4,3,6,3,5,1,10,2,8,1,8,1,2,2,5,3,8,2,691.9,False
4,2,4,8,5,10,4,5,1,8,4,8,3,8,10,1,2,10,2,7,2,707.2,True
5,3,10,8,7,6,5,3,2,8,4,9,3,8,5,10,2,3,8,10,1,690.4,True
3,2,10,8,1,6,1,1,1,8,1,5,4,7,0,0,1,2,1,7,1,657.1,False
3,3,6,10,10,5,6,3,2,9,5,5,10,8,0,0,2,3,3,7,2,704.9,True
3,2,5,6,10,10,3,1,1,7,3,10,3,7,1,4,2,4,8,4,1,698.9,True
4,5,2,6,4,4,1,1,2,4,1,9,6,8,4,5,1,4,6,10,1,625.8,True
5,4,10,9,5,6,4,2,1,6,4,6,5,8,0,2,2,10,9,8,2,723.8,False
5,4,5,1,7,2,2,5,2,10,1,10,1,7,0,1,2,3,2,10,2,670.0,True
3,4,2,10,5,10,3,2,2,8,7,7,2,7,0,4,2,7,4,0,1,666.0,False
4,2,5,6,7,3,7,4,2,6,6,7,6,6,7,2,2,6,7,6,1,684.5,False
1,4,4,4,4,5,7,1,2,9,2,10,10,9,10,5,1,3,6,10,1,639.8,True
2,4,4,8,10,10,6,5,2,10,9,10,10,7,0,4,2,5,10,6,2,729.5,False
5,2,7,4,7,4,3,4,2,8,4,3,3,8,0,0,2,7,2,8,3,685.8,False
4,5,1,2,5,2,0,5,1,2,2,7,1,7,10,10,1,3,1,4,2,589.5,False
4,4,10,4,9,10,10,5,1,4,2,10,1,7,0,6,2,10,4,5,2,717.6,True
3,3,5,3,0,2,3,1,2,1,2,4,7,6,1,3,2,8,2,5,1,624.4,False
2,4,5,10,10,10,10,5,2,8,5,6,10,7,0,1,2,10,2,7,3,725.3,True
3,2,4,3,10,10,10,4,1,9,6,10,5,8,0,4,1,5,8,10,0,724.6,False
3,1,3,5,10,6,7,2,1,10,1,3,10,8,5,3,1,10,3,4,1,682.4,False
1,3,4,6,5,3,1,5,1,6,2,5,3,8,4,1,2,4,1,10,2,664.1,False
1,3,5,10,7,8,8,4,1,3,4,2,1,8,5,1,1,7,8,2,1,666.9,True
1,2,1,4,1,2,1,2,1,5,1,6,0,7,2,0,1,5,1,2,0,608.0,True
5,3,8,6,5,8,3,2,2,7,3,4,0,8,5,0,1,5,1,1,3,635.0,False
3,5,10,6,7,4,4,5,1,5,4,6,1,8,8,3,2,10,3,5,2,679.6,False
1,2,0,3,2,6,3,0,2,6,1,10,0,6,10,3,1,2,2,10,2,591.6,True
5,5,5,4,10,4,6,5,2,7,10,2,1,4,0,10,2,10,10,1,1,671.2,False
1,3,6,5,8,8,7,3,1,5,6,6,5,5,7,5,2,6,9,5,2,684.1,False
2,4,3,5,7,4,3,5,1,10,9,1,10,8,0,6,1,6,7,10,1,687.1,False
5,4,7,1,2,2,1,5,2,6,4,9,5,7,0,0,2,3,0,10,3,664.7,True
2,3,2,5,4,9,2,5,1,6,2,5,10,6,0,3,2,3,2,4,0,673.9,True
5,2,10,5,10,6,5,5,1,8,5,10,0,8,0,1,2,4,5,10,2,736.5,False
1,5,0,1,1,1,0,1,2,0,1,1,10,7,10,10,1,0,1,0,2,523.7,False
5,3,2,3,3,4,5,1,1,7,1,6,4,7,7,2,2,4,6,9,1,662.4,False
1,2,3,5,5,2,4,1,2,1,1,2,2,8,2,0,2,7,0,2,1,614.2,False
1,2,3,5,1,3,6,0,2,1,1,2,2,7,2,1,2,7,0,1,1,603.8,False
2,5,1,4,6,7,3,5,1,10,4,8,10,8,0,0,2,5,3,5,3,697.0,False
4,1,8,6,10,5,5,5,1,7,5,7,3,8,1,2,2,3,8,7,2,725.7,False
3,1,10,3,3,1,2,5,2,2,1,3,6,7,0,7,2,4,1,7,3,643.1,False
5,4,7,10,7,10,7,5,1,10,7,7,8,8,6,7,1,5,8,3,2,710.4,False
3,4,1,3,3,6,5,3,1,6,4,8,4,6,7,6,2,4,4,5,2,649.0,False
4,0,7,4,10,6,3,2,2,7,5,3,7,7,1,2,2,10,3,1,3,685.6,True
1,2,2,3,5,7,5,2,2,8,3,10,8,4,1,5,2,10,5,3,2,664.3,True
1,3,3,5,5,6,5,0,1,8,7,4,1,9,10,3,1,4,7,5,1,635.2,False
4,2,10,10,7,4,2,4,1,7,3,7,2,7,2,6,2,6,4,5,1,696.6,False
5,1,10,5,5,4,3,3,1,3,3,10,5,7,0,0,2,4,10,6,3,715.9,False
2,2,7,6,3,5,2,5,1,8,2,7,5,9,5,2,2,8,5,8,3,697.0,True
2,4,1,4,7,10,6,3,1,4,5,1,5,6,9,6,2,8,1,3,1,644.2,True
4,2,8,7,10,10,3,2,1,2,3,10,3,7,0,1,2,10,0,5,2,709.1,True
2,2,8,7,8,8,5,3,2,6,5,10,7,6,8,3,2,7,5,7,2,690.2,False
4,1,4,10,10,5,5,2,1,10,1,7,10,8,10,1,2,4,10,7,1,717.2,False
5,3,4,8,8,8,2,2,2,4,0,7,3,8,0,3,2,5,3,5,3,666.2,False
5,3,10,10,10,10,3,1,2,10,6,10,5,8,0,2,2,10,8,7,2,736.5,False
2,4,8,4,10,10,10,5,1,9,3,9,5,6,1,3,2,10,4,6,3,727.4,True
5,4,2,2,3,3,3,3,1,4,2,3,1,7,10,0,2,5,2,7,3,634.6,False
1,3,5,4,10,3,7,0,1,7,4,2,9,8,5,1,2,2,5,8,1,672.0,False
5,4,6,7,10,3,4,5,1,5,4,5,7,8,10,3,1,5,6,10,2,681.1,False
4,5,10,3,1,5,1,4,1,6,3,10,0,7,0,2,2,4,1,7,3,670.0,False
2,4,3,4,10,10,3,5,1,10,4,3,5,8,5,0,2,10,2,4,3,694.3,False
2,1,2,9,10,6,10,3,1,9,10,7,10,6,10,1,2,6,10,10,3,737.2,False
4,4,10,5,10,3,3,5,1,6,4,5,7,8,4,0,2,10,5,7,1,715.1,False
3,1,8,5,3,3,2,2,1,8,2,8,10,7,0,1,2,10,2,7,2,703.6,False
3,5,3,2,5,2,5,1,1,10,3,3,5,7,10,0,1,10,10,7,3,648.2,True
2,4,0,4,6,4,3,1,2,3,3,5,2,8,0,4,2,0,1,3,3,608.0,False
1,3,5,1,2,5,5,2,1,6,1,3,5,7,10,10,2,7,2,5,1,621.0,False
4,0,10,10,2,6,0,1,1,9,2,10,1,6,0,0,2,5,2,10,2,705.5,False
1,2,2,4,2,2,7,2,1,3,2,4,2,8,2,1,1,10,4,7,1,641.8,True
5,3,7,7,5,6,6,5,1,7,5,10,5,8,0,1,2,6,7,7,1,733.1,False
4,3,10,3,10,4,7,1,1,9,4,2,3,7,10,0,2,10,10,7,1,699.0,False
2,1,10,4,4,4,3,5,1,6,2,7,2,8,0,10,1,10,3,7,1,669.6,False
3,4,4,3,10,6,3,1,1,5,7,2,1,7,0,3,2,5,8,4,1,668.4,False
2,3,4,4,2,4,4,1,2,7,4,1,2,6,0,2,2,6,2,5,3,628.9,True
0,0,0,1,1,1,0,4,2,10,0,5,0,6,0,0,2,10,0,10,3,634.8,True
4,5,10,5,3,6,1,5,1,5,6,7,3,6,0,3,1,4,3,8,1,669.2,True
3,3,2,4,4,3,2,2,1,1,0,7,0,9,1,5,2,5,0,1,2,625.6,True
5,3,2,1,10,10,1,5,1,3,2,8,0,7,5,3,1,10,3,10,0,671.3,False
5,2,10,10,10,8,8,5,1,8,6,5,10,8,10,1,2,10,10,10,3,764.4,False
0,2,0,4,1,2,1,0,1,4,0,1,0,7,10,2,1,1,1,1,1,557.7,True
2,3,0,4,7,5,3,0,1,3,2,2,1,6,10,1,2,4,2,10,1,624.0,True
3,4,6,5,6,2,3,1,1,8,3,5,7,7,4,9,2,5,1,4,0,646.9,False
2,4,3,4,3,3,3,3,2,7,3,1,1,8,10,9,1,10,5,10,2,603.8,False
5,3,3,7,5,7,5,5,1,8,8,1,4,8,10,2,2,2,4,2,3,675.2,False
3,3,0,4,2,3,10,5,2,8,1,1,0,6,0,1,1,10,0,2,2,623.8,False
5,1,4,6,4,7,7,2,1,7,1,5,4,6,10,1,2,10,3,7,2,685.8,True
3,3,5,5,10,5,6,4,2,8,5,3,5,6,5,3,2,5,10,6,1,680.3,True
3,4,10,10,4,8,5,2,1,5,2,8,5,7,0,2,2,10,1,7,2,703.6,True
2,4,6,4,2,2,10,5,2,8,0,1,0,6,0,1,2,10,0,2,2,640.8,False
2,3,5,6,4,1,3,5,2,5,1,2,0,7,3,3,2,5,1,9,1,632.7,False
2,5,0,4,0,8,0,2,2,7,6,10,2,7,0,2,2,1,0,3,1,622.4,False
4,3,2,8,8,10,5,5,1,5,7,8,5,6,6,3,2,7,4,3,2,701.7,True
2,3,3,3,1,2,3,1,1,9,4,4,2,5,4,3,1,3,1,8,3,615.7,True
3,4,4,4,7,8,7,3,1,6,8,5,7,6,1,5,2,7,6,5,1,696.0,True
5,1,6,6,4,10,6,1,2,8,3,3,10,8,8,1,2,3,2,8,3,679.0,True
4,3,2,8,7,10,8,5,1,6,6,8,5,6,3,3,2,6,3,4,2,708.5,True
3,4,2,5,1,3,4,5,1,7,2,3,2,7,10,0,2,0,1,7,3,634.6,False
2,4,0,9,5,4,3,2,2,0,0,5,2,5,0,6,1,3,1,3,1,587.0,False
5,1,10,5,10,2,5,0,1,7,2,4,3,7,0,1,2,8,3,7,3,699.4,False
4,2,4,6,4,6,4,3,1,7,3,2,10,7,1,1,2,6,3,4,3,688.8,False
4,1,3,4,1,3,3,5,1,5,2,6,4,6,0,0,2,10,3,7,3,687.7,False
2,2,3,5,10,8,4,1,2,3,2,5,4,6,2,1,2,3,4,6,1,651.8,False
2,1,10,10,7,2,1,3,1,1,4,5,7,8,3,1,1,5,7,10,1,684.5,False
3,4,2,5,2,10,3,0,2,5,1,6,2,7,0,3,2,2,1,2,1,619.9,False
1,1,2,10,0,6,2,5,1,8,1,4,2,8,0,2,2,1,1,7,1,665.6,False
3,3,5,10,10,10,4,5,1,2,2,2,0,6,0,10,1,3,2,10,2,658.0,False
2,3,2,6,7,4,5,3,2,8,4,8,6,7,4,4,1,5,3,4,1,640.7,False
2,3,2,6,2,4,0,0,2,0,0,1,0,10,7,1,2,4,0,10,1,595.7,False
3,1,10,4,4,1,1,3,1,9,2,10,5,9,0,0,2,0,6,7,3,697.6,False
5,3,6,3,3,10,2,2,1,2,5,10,1,7,10,10,2,3,0,1,2,634.3,True
2,2,0,7,7,8,5,3,2,10,5,3,7,7,0,6,2,4,4,10,3,677.1,False
0,5,1,5,2,6,3,0,1,2,4,2,0,7,9,3,2,6,0,1,1,591.9,False
1,2,6,7,5,7,2,5,1,8,3,4,2,8,1,3,2,10,5,7,1,696.2,False
5,4,6,3,4,5,4,0,1,7,5,10,5,6,6,2,1,3,6,4,1,652.8,False
2,5,5,1,0,1,1,0,1,1,1,4,0,10,0,1,1,4,4,10,1,606.5,False
3,3,10,1,9,5,6,3,1,9,1,6,2,7,3,0,2,3,1,7,2,682.8,True
2,4,10,1,3,3,2,5,1,3,2,10,0,7,5,3,1,3,2,4,1,629.2,False
2,4,3,6,5,6,4,5,2,2,0,4,1,6,5,2,1,10,1,3,2,614.2,True
5,3,5,2,3,4,3,5,1,5,10,1,10,9,5,7,1,10,5,10,3,680.5,False
3,5,1,2,4,4,3,3,1,5,1,6,5,6,3,0,2,10,0,10,3,658.8,False
3,4,8,3,1,6,10,5,2,8,5,3,5,7,5,4,2,2,1,3,1,649.9,True
3,5,3,4,7,8,1,0,1,0,1,2,4,7,3,4,1,5,2,10,1,619.1,False
2,2,2,3,10,3,7,3,2,8,6,8,5,8,0,5,2,3,8,1,1,671.5,False
4,4,3,2,2,2,0,2,1,7,5,5,0,7,0,1,2,5,1,5,2,643.5,False
5,2,10,10,3,8,2,1,1,9,1,4,5,9,1,0,2,5,2,10,1,708.3,False
2,3,3,8,10,4,6,5,2,8,4,5,10,8,0,0,2,6,4,10,2,706.6,False
2,2,2,5,6,6,5,4,1,7,5,10,3,5,0,3,2,10,5,8,3,703.6,True
1,5,1,3,10,10,5,5,2,3,4,1,1,6,3,10,1,3,8,5,2,611.9,True
4,5,10,10,10,5,3,5,2,2,2,3,0,5,0,7,1,5,6,10,2,651.2,False
3,4,6,1,3,3,4,3,2,2,1,5,2,6,0,7,1,1,2,10,1,602.5,True
4,3,0,2,4,2,0,0,2,8,3,5,0,9,0,5,2,0,0,10,2,615.0,False
4,2,5,5,10,5,4,5,2,8,2,3,10,6,5,2,2,10,5,0,2,682.0,False
5,4,2,5,8,4,6,5,2,8,1,8,3,7,0,1,2,5,1,4,1,671.3,False
3,5,0,3,3,2,1,0,2,5,3,3,0,5,10,10,2,10,1,4,3,573.0,False
4,4,4,0,1,4,1,0,1,3,0,2,1,8,0,3,2,5,1,6,1,619.3,True
5,3,10,10,6,10,5,3,1,8,5,10,5,7,7,2,2,3,4,10,1,724.4,False
5,2,7,10,3,2,7,2,1,8,8,7,3,7,0,2,2,10,4,8,1,720.4,False
4,4,3,6,7,3,1,5,2,4,4,2,1,7,0,3,1,7,1,5,3,627.6,False
5,1,6,10,7,10,4,2,1,7,3,10,10,8,0,1,2,5,8,10,1,750.1,True
5,5,6,1,7,4,3,5,2,2,2,4,0,6,0,5,2,10,1,4,2,639.7,False
3,1,0,1,4,3,0,0,1,2,2,9,5,7,0,5,2,2,4,6,3,639.2,True
3,3,2,7,10,7,10,0,2,5,7,6,10,8,2,10,1,10,3,8,2,667.7,False
5,3,1,6,2,3,6,5,1,8,6,10,6,7,0,5,2,2,2,3,1,685.3,False
2,4,5,5,8,9,2,5,1,3,1,3,5,7,4,3,2,2,3,7,1,663.5,True
4,3,8,7,2,4,3,2,2,5,4,5,1,8,3,6,2,6,5,5,1,648.8,True
4,5,4,5,9,6,9,4,2,7,6,8,9,8,4,7,2,8,4,5,3,688.5,False
3,4,6,8,10,5,3,5,1,4,1,4,5,6,5,6,2,8,1,6,1,672.0,False
2,2,4,5,3,10,10,3,1,2,3,7,6,6,3,2,2,7,2,7,1,687.9,True
4,3,1,5,4,3,4,1,2,0,3,3,0,6,2,2,1,5,5,2,0,598.7,False
3,3,7,4,6,5,6,3,1,4,6,5,4,6,7,6,2,5,5,6,1,668.8,False
3,2,7,5,5,5,6,2,1,5,5,5,5,5,7,5,2,5,4,7,0,670.3,False
4,1,10,7,3,1,2,1,2,5,3,6,0,7,0,3,2,2,0,7,3,645.4,False
3,3,3,2,4,4,3,1,2,1,1,3,0,6,0,3,1,3,4,9,3,600.4,True
1,3,0,2,2,2,1,0,2,1,0,1,0,8,0,0,2,3,1,2,2,578.3,False
2,1,3,2,2,2,2,0,2,8,1,5,2,7,4,0,2,1,1,8,1,618.0,True
3,5,3,3,10,5,9,1,2,8,7,3,3,6,10,5,1,10,6,3,2,629.3,True
5,1,8,10,10,5,3,4,1,9,7,10,10,8,0,1,2,6,6,10,3,763.7,False
5,5,2,3,10,1,0,3,2,4,1,2,1,8,6,0,1,6,1,6,3,605.7,False
3,4,3,2,3,3,2,2,2,9,5,7,5,6,2,4,2,5,7,7,3,648.8,True
3,3,8,2,3,6,4,2,1,7,1,8,2,7,3,1,2,4,2,4,1,662.8,False
5,5,10,4,10,10,0,4,2,6,2,5,1,6,10,6,2,5,0,10,3,650.1,False
4,4,10,4,4,5,3,3,1,7,2,3,10,8,0,4,1,3,1,5,1,660.3,False
4,4,10,4,4,5,3,3,1,7,2,3,10,8,0,4,1,4,1,5,1,662.0,False
4,4,2,5,10,3,2,5,1,2,1,2,0,6,7,1,2,7,1,3,3,641.0,False
4,2,5,10,10,4,3,5,2,8,4,8,5,7,0,1,2,10,3,7,3,712.1,False
3,3,0,2,1,4,2,1,1,6,3,7,2,9,10,2,1,0,1,7,0,605.2,False
4,5,7,8,6,8,9,3,1,8,6,7,3,7,3,1,2,10,5,3,1,711.9,True
3,2,8,3,8,10,3,4,1,6,4,7,10,7,0,0,2,10,8,6,0,734.0,False
5,0,3,8,10,2,4,5,1,10,3,8,10,7,10,0,2,10,7,10,3,737.6,False
3,1,10,2,3,10,3,2,1,7,4,10,10,7,0,0,2,10,7,7,0,731.2,False
3,1,8,10,5,10,2,5,1,9,7,10,5,7,2,2,2,2,7,8,1,734.6,False
5,2,5,10,5,7,6,2,1,8,5,5,8,8,5,0,1,5,8,5,1,699.8,True
3,3,10,10,3,7,3,1,1,2,1,5,3,8,0,1,2,2,1,10,1,676.0,False
4,2,10,1,0,5,3,3,1,4,1,8,5,7,0,1,2,3,2,10,1,679.8,True
2,4,6,4,10,5,10,1,1,9,1,5,2,6,5,1,2,5,4,5,2,672.2,True
5,3,6,3,6,10,6,2,1,3,4,10,3,7,10,3,1,6,2,4,1,658.1,True
2,5,1,3,3,10,2,1,2,2,1,10,0,5,7,7,2,4,1,2,2,591.4,True
5,2,4,4,10,10,3,5,2,3,2,7,1,6,5,1,1,4,3,8,3,657.3,False
2,1,4,4,1,2,4,0,1,5,5,10,5,8,0,1,2,3,1,8,2,668.5,False
5,1,5,3,4,10,3,5,2,10,1,9,7,8,0,1,2,10,3,10,1,717.6,False
2,2,1,7,2,4,2,1,1,9,1,8,0,8,0,1,2,6,3,10,3,669.8,False
5,2,2,3,10,8,8,5,2,10,2,5,10,7,0,2,2,2,7,10,3,713.2,False
2,3,7,6,10,5,4,5,2,9,3,6,5,8,0,4,2,8,6,4,1,691.5,True
5,2,6,3,4,2,5,1,1,4,2,10,2,9,0,2,2,6,7,7,1,689.1,True
5,2,3,10,4,8,0,5,1,10,1,1,5,6,5,5,1,4,1,0,1,645.9,False
1,4,4,5,10,10,10,3,2,8,5,2,3,6,10,7,2,10,5,3,2,654.6,False
5,2,10,5,10,9,10,0,1,7,4,5,2,7,4,3,2,5,4,6,1,704.7,True
0,2,6,7,10,10,10,1,2,8,4,2,1,7,1,5,2,6,2,8,1,670.1,True
1,3,10,5,5,4,2,1,1,8,2,1,5,8,10,4,2,10,8,7,1,663.3,False
4,3,7,3,5,10,0,2,2,7,5,6,1,6,2,1,2,4,6,7,3,665.6,False
2,3,10,4,7,6,2,2,1,4,5,2,2,7,0,2,1,6,5,7,2,659.9,True
5,3,2,7,4,4,2,5,2,5,3,5,1,7,10,1,2,10,4,10,2,660.5,False
2,4,0,4,5,10,1,1,2,0,0,2,5,6,1,3,1,6,3,0,2,590.0,True
2,1,5,5,8,3,7,3,1,8,6,8,10,7,9,4,2,0,3,7,1,686.6,True
1,3,3,6,0,2,0,0,1,0,0,2,0,6,0,3,1,0,1,2,0,571.3,True
1,2,2,4,4,7,7,2,1,6,5,10,5,8,3,2,2,1,2,10,0,680.4,True
2,2,5,10,10,10,10,5,2,8,3,3,10,7,6,3,2,10,5,5,2,711.1,False
2,4,2,3,2,10,4,0,1,0,2,9,8,6,0,5,2,0,2,9,0,645.8,True
4,1,6,4,10,5,6,5,1,6,4,5,7,8,0,2,2,5,5,10,2,725.3,False
1,3,5,2,2,2,0,2,2,5,4,3,2,6,5,1,2,6,0,10,2,615.7,True
4,1,10,10,10,10,10,5,1,10,3,10,4,6,5,0,1,10,10,4,2,748.0,True
5,4,0,10,5,10,5,3,1,4,2,7,1,6,0,3,2,0,2,10,3,677.7,False
3,3,6,10,7,5,3,5,2,10,3,6,5,9,0,6,1,5,2,10,0,674.7,False
2,2,7,10,5,6,4,5,2,10,4,6,5,9,0,6,1,6,3,10,0,681.5,False
4,4,5,3,5,10,2,5,2,6,4,6,1,6,0,0,2,4,5,7,3,672.4,False
4,3,1,6,4,7,3,2,1,7,2,8,2,7,10,5,2,6,3,7,1,656.0,False
1,2,4,3,2,3,4,0,2,4,6,5,2,7,0,5,1,7,1,8,1,612.9,True
3,1,3,6,1,6,4,1,1,10,4,7,5,7,0,2,2,2,5,6,3,683.0,False
2,2,2,2,6,1,3,1,1,3,3,3,0,9,7,0,2,7,1,4,2,629.9,False
2,5,10,4,7,6,1,4,1,9,2,10,4,8,0,8,2,6,1,7,3,682.1,False
2,2,2,2,5,1,2,1,1,3,2,3,2,9,7,0,2,6,2,4,2,628.2,False
5,1,10,8,4,6,5,3,1,8,3,10,3,8,0,0,2,4,2,5,1,717.8,False
3,1,10,9,2,10,5,4,1,7,2,10,7,8,5,2,2,5,2,7,1,716.1,True
3,1,8,7,5,8,5,2,2,7,4,8,2,8,10,2,2,10,2,8,2,680.0,True
1,4,1,2,2,1,2,0,1,2,0,1,0,6,0,3,1,10,1,2,1,581.3,False
2,2,8,5,2,10,4,3,2,6,2,1,5,7,7,2,2,5,1,7,1,647.8,True
3,2,10,5,10,5,4,4,1,8,3,5,10,8,10,3,2,3,3,7,0,696.4,False
3,1,10,5,10,10,8,5,1,9,10,10,5,6,1,2,1,10,7,9,2,751.4,False
2,3,0,1,0,3,1,3,1,3,0,7,1,6,0,2,1,4,0,10,1,611.4,False
5,1,3,10,2,1,10,0,1,8,3,9,10,7,6,1,2,10,1,4,2,698.7,True
3,3,8,10,5,9,7,2,1,7,3,7,10,7,1,1,2,10,6,4,1,725.5,True
2,2,2,2,4,2,6,1,1,3,2,3,0,9,7,0,2,6,3,2,2,629.9,False
3,1,2,4,10,10,5,5,2,10,4,6,10,7,10,6,2,10,6,10,3,703.2,True
4,1,8,10,7,6,2,5,1,9,2,2,2,6,10,1,2,8,2,2,3,683.5,False
1,2,6,8,4,3,3,5,1,8,2,7,10,7,5,1,2,3,1,7,1,684.7,True
5,0,5,8,8,10,4,5,2,10,4,10,4,7,0,1,2,10,2,8,2,732.9,False
2,2,2,3,10,3,7,3,2,7,4,2,2,7,0,5,2,7,5,3,1,653.1,False
2,1,0,2,2,10,2,1,2,1,6,3,0,6,5,0,2,8,3,3,3,622.5,True
1,4,6,4,8,6,0,5,1,7,3,6,2,6,10,1,2,5,2,9,1,660.5,False
1,4,2,3,1,5,0,2,2,1,0,1,4,4,0,7,1,5,0,7,1,569.0,False
3,4,0,6,10,10,0,5,1,4,4,1,1,8,8,10,2,5,2,5,2,641.2,False
5,5,5,4,9,4,5,3,1,4,7,4,0,7,0,1,1,10,5,6,1,673.9,False
2,3,2,6,4,4,3,1,1,1,2,10,2,6,10,0,1,1,3,0,1,605.2,True
1,4,1,8,1,10,0,1,2,5,1,1,0,6,0,3,2,0,1,7,1,603.4,True
0,5,0,1,8,3,0,1,2,1,5,1,0,6,6,7,1,1,2,1,2,542.2,False
3,2,6,5,10,7,1,5,2,7,1,3,5,8,0,1,2,4,5,7,3,682.4,False
1,5,1,3,2,3,0,0,2,1,0,3,0,10,0,2,2,0,1,10,1,587.6,False
4,5,2,10,9,7,9,5,1,4,8,7,9,8,5,0,1,7,1,7,2,701.9,False
3,4,9,6,6,5,4,4,2,4,2,5,2,9,0,3,2,8,1,6,2,666.0,True
2,4,10,6,6,10,9,5,2,6,3,4,5,7,0,1,2,10,8,10,2,714.7,False
4,3,4,10,9,9,7,5,1,7,6,5,7,8,0,2,2,6,5,8,2,735.5,False
3,3,5,2,3,4,3,0,2,8,1,6,3,8,0,3,2,5,3,4,1,635.4,False
5,0,10,10,10,2,2,5,1,9,2,7,0,9,0,2,2,8,3,10,3,734.4,False
5,3,10,5,7,6,4,2,1,7,7,10,3,8,0,5,2,7,2,7,2,711.0,False
3,4,5,4,7,10,3,3,1,6,5,2,10,7,5,8,1,5,8,3,1,658.2,False
3,2,8,8,7,5,4,1,2,8,8,10,2,6,4,1,1,3,2,2,1,652.8,False
1,2,3,5,10,7,2,2,2,5,4,4,6,6,0,3,2,8,1,3,3,653.3,False
1,4,8,5,3,3,3,3,1,1,1,4,2,7,5,1,2,10,2,3,2,641.6,False
5,3,8,3,3,3,4,1,2,0,1,3,3,7,8,2,2,4,0,9,3,621.0,True
2,3,5,3,2,2,4,3,1,3,0,3,0,8,10,2,2,4,3,8,1,626.3,True
4,4,4,4,4,3,4,2,1,6,5,4,6,8,5,7,1,4,6,4,1,638.4,False
5,2,7,10,3,10,4,2,1,8,2,10,10,8,0,5,1,8,8,10,0,722.9,True
4,5,0,2,7,10,2,3,1,3,1,8,3,6,10,8,2,9,1,2,2,632.0,False
1,2,2,5,0,1,2,0,1,3,2,2,0,8,10,1,2,1,2,4,1,595.5,True
2,2,1,10,3,2,7,3,2,9,3,4,2,9,5,0,2,7,5,7,3,665.8,True
3,1,2,4,3,5,2,1,1,5,3,4,2,10,0,2,1,4,4,4,0,642.2,False
4,3,4,7,4,10,4,2,2,8,5,7,7,6,0,4,2,10,6,10,3,699.8,True
3,3,10,10,7,10,2,1,1,10,1,5,0,8,2,0,2,10,3,5,1,701.5,False
3,1,2,8,9,10,10,4,1,6,9,4,6,8,4,1,2,9,8,6,1,737.0,True
3,4,4,2,7,1,4,2,1,7,2,5,3,8,0,2,2,9,5,10,2,677.7,False
2,4,10,3,6,10,7,2,2,4,3,3,5,5,10,3,2,10,6,7,3,658.0,False
2,4,1,2,3,3,0,0,1,10,4,10,0,9,0,2,2,4,0,10,2,650.0,False
3,2,10,4,2,1,1,5,2,4,0,6,3,9,0,2,2,3,3,10,2,659.4,False
5,3,5,5,5,5,9,1,2,7,3,5,5,7,1,1,2,9,2,5,1,675.8,False
3,5,3,10,10,6,10,5,1,9,9,1,10,6,10,1,1,8,10,10,3,710.5,False
2,5,4,10,5,10,4,0,2,5,3,1,7,8,10,2,1,10,9,4,2,634.4,False
3,2,6,1,2,7,0,0,1,10,6,3,0,8,0,4,2,2,4,5,2,651.8,False
5,2,4,4,2,5,10,1,1,7,1,10,2,8,0,1,2,10,2,4,3,694.0,False
2,5,3,2,1,2,2,1,2,1,0,1,1,8,10,1,2,2,0,3,2,564.7,False
2,3,10,8,10,5,10,5,2,10,8,4,10,8,10,2,2,10,4,10,2,721.7,True
2,1,4,2,2,2,3,0,1,6,4,9,2,6,0,0,2,5,6,2,2,657.7,True
2,5,4,4,6,6,3,4,2,8,4,3,0,8,10,9,2,3,1,4,1,609.3,False
3,1,7,4,2,7,8,2,1,6,5,2,5,6,0,6,2,0,1,10,2,673.3,True
1,0,2,4,7,5,3,5,2,6,6,10,3,5,0,1,2,10,6,10,3,696.8,True
4,4,10,10,5,10,5,2,1,5,5,5,1,7,0,6,2,10,5,3,1,697.9,False
3,1,10,5,10,4,10,5,1,8,6,1,5,5,0,1,2,10,10,10,1,744.3,False
1,2,3,3,1,1,1,3,2,7,1,2,0,7,0,1,2,0,2,1,3,600.4,False
4,5,8,10,10,5,10,5,1,8,8,8,8,7,10,5,2,10,8,10,1,739.3,True
2,3,3,3,2,7,2,2,2,5,2,5,0,8,0,2,2,8,8,1,1,638.6,False
4,5,6,4,3,4,4,2,2,1,5,7,3,6,5,6,1,7,3,2,1,608.0,False
1,2,10,4,10,10,6,4,2,5,10,3,5,8,6,3,1,5,10,10,2,687.5,True
3,2,10,4,4,4,6,0,1,8,3,8,10,9,0,1,2,10,1,8,1,710.8,False
3,4,7,7,2,6,8,4,2,2,7,6,5,7,6,7,2,7,6,0,2,653.9,True
2,1,1,6,6,8,1,3,1,8,2,7,10,7,0,1,2,7,5,6,2,701.7,False
5,2,0,3,10,10,5,5,1,3,2,6,10,6,0,0,1,10,1,7,2,697.9,False
0,5,3,0,6,10,3,0,2,2,5,6,2,7,0,3,1,2,0,5,1,594.4,False
4,2,2,5,6,3,2,3,2,7,2,5,9,6,2,5,1,4,5,6,2,639.9,False
4,0,10,8,8,3,3,5,1,8,3,9,2,6,4,0,2,10,1,7,2,720.6,False
5,5,2,3,10,1,2,5,2,5,7,4,1,8,0,1,1,3,1,10,3,641.8,False
1,3,0,1,10,5,4,2,2,3,4,1,5,6,10,8,1,3,3,5,2,583.0,False
5,3,5,10,10,10,10,3,1,6,0,10,6,6,4,5,1,4,10,4,1,703.8,False
2,2,5,5,10,2,3,1,1,9,1,6,1,9,0,1,1,6,2,10,1,666.2,False
3,5,10,6,10,10,6,3,2,8,9,10,3,7,0,3,2,4,7,8,1,712.5,True
2,3,10,5,5,10,5,1,1,8,6,10,5,7,0,0,2,10,4,7,2,721.0,True
1,4,7,4,10,10,1,4,1,10,4,8,1,8,6,1,2,3,2,10,3,688.5,False
5,1,4,10,10,3,4,5,2,3,4,3,10,7,5,0,2,10,5,3,3,697.5,False
3,4,2,5,2,5,6,3,1,2,1,9,4,8,3,5,1,3,1,10,1,639.4,False
2,2,5,4,9,10,5,5,2,7,8,10,7,8,6,0,1,10,8,10,1,709.3,True
4,2,4,8,6,10,10,0,1,5,4,8,3,7,0,8,2,6,5,10,2,703.6,False
4,2,10,7,2,10,4,5,1,6,2,7,1,8,3,1,2,6,2,10,1,708.7,True
2,2,10,10,10,10,10,4,1,10,10,2,10,7,2,4,2,8,9,8,2,760.2,True
1,3,0,7,2,2,6,2,1,4,0,10,0,7,10,0,1,3,0,10,1,617.3,True
3,3,4,6,3,10,7,4,1,9,5,10,10,8,10,0,2,5,6,9,3,717.8,False
5,4,0,4,6,2,3,1,1,4,6,1,4,9,0,2,1,2,9,6,0,644.8,False
4,1,8,7,9,7,6,5,2,7,8,10,10,7,0,2,2,8,3,7,2,736.3,True
5,1,10,2,3,2,1,1,2,6,0,5,1,9,0,1,1,3,2,10,3,637.1,True
3,5,0,6,10,6,5,5,2,10,5,6,10,6,10,8,2,10,10,4,1,675.8,True
2,2,4,6,10,0,0,2,1,4,1,2,0,6,0,7,2,5,3,10,2,644.4,False
3,4,5,10,10,10,10,5,1,6,10,5,10,6,0,10,2,10,5,10,3,741.9,True
4,3,3,9,6,7,6,3,2,3,3,1,6,6,2,6,2,6,2,4,0,651.0,True
5,2,3,2,3,1,1,2,1,1,0,2,0,10,0,5,2,6,2,7,2,636.7,False
2,0,2,0,6,3,1,2,2,2,4,3,10,9,0,7,2,2,3,7,2,636.7,True
3,3,10,8,3,10,3,2,1,4,2,3,5,7,7,1,2,10,4,10,2,690.7,True
4,1,1,4,2,0,0,5,2,7,3,3,5,8,0,0,2,7,7,10,3,670.5,False
2,2,3,5,5,4,4,2,1,4,1,1,1,6,10,5,2,7,0,5,1,622.1,False
5,4,10,8,5,6,8,5,2,10,3,2,3,8,0,7,2,4,1,10,1,687.3,False
2,3,7,4,6,3,4,3,1,8,3,10,5,6,0,1,2,7,4,8,1,697.0,True
4,4,4,6,2,2,8,0,1,9,4,1,7,8,1,8,1,1,4,4,2,632.7,False
5,1,1,10,10,5,5,5,1,9,1,8,3,8,0,1,2,10,5,10,2,737.8,False
3,4,4,7,10,2,7,1,2,7,3,4,2,7,0,2,2,10,4,10,1,673.9,False
1,3,2,2,4,1,2,5,1,5,4,1,2,7,10,10,1,6,2,0,1,586.6,True
3,4,10,4,5,3,2,5,2,9,5,1,2,8,0,3,1,6,2,10,3,651.4,False
5,4,8,10,10,10,2,1,1,7,6,6,8,7,0,7,2,10,2,10,1,721.9,True
2,1,0,6,8,5,8,3,1,5,5,2,2,7,1,4,2,4,5,5,1,673.5,True
3,3,10,2,10,2,5,5,2,8,2,3,5,8,3,5,2,10,2,10,3,680.7,False
2,3,10,7,5,10,10,1,1,8,5,7,5,8,5,2,1,10,10,8,1,710.4,True
4,5,1,2,1,2,6,5,2,6,6,6,4,6,10,4,1,3,5,0,2,601.0,False
1,4,0,2,5,4,4,2,1,3,6,10,4,7,4,3,1,7,3,6,1,636.0,True
5,2,10,7,2,8,3,2,1,1,1,4,1,7,0,2,2,10,1,5,1,679.0,True
3,1,10,10,10,2,5,5,1,7,4,10,10,8,0,4,2,10,4,7,3,746.7,False
3,2,0,10,10,10,10,5,1,6,10,10,5,8,0,5,1,10,8,10,1,741.6,False
2,1,0,2,7,2,2,3,2,3,3,5,3,9,10,5,2,10,5,10,2,638.8,True
5,2,4,10,8,10,6,5,1,10,3,6,5,8,9,9,2,5,8,2,2,705.1,False
3,3,1,2,0,1,3,3,1,4,2,3,5,4,7,9,2,2,2,4,1,601.7,False
4,3,1,4,10,10,7,4,2,10,2,10,10,6,0,0,2,5,1,5,3,702.1,False
1,1,10,8,2,4,3,5,1,6,2,6,1,8,0,0,2,4,3,10,1,694.9,True
5,2,10,6,8,10,9,5,1,9,6,8,5,7,0,4,2,10,2,8,1,751.2,False
3,2,8,3,10,10,8,4,2,8,8,7,7,6,1,0,2,8,9,9,3,733.8,False
2,1,10,6,5,4,2,5,1,9,2,9,7,8,10,4,2,8,2,6,2,693.8,True
3,4,3,7,10,10,3,1,1,4,4,6,4,8,10,2,2,6,7,8,3,679.6,False
2,1,2,4,6,10,9,1,1,3,5,5,2,7,2,0,2,5,4,4,2,679.2,False
2,1,3,6,0,5,0,2,2,0,0,4,2,10,2,5,2,3,7,1,1,615.0,False
1,4,3,8,7,10,3,1,1,8,5,3,4,8,0,8,2,8,1,7,3,670.5,False
5,4,5,10,10,6,2,5,2,1,2,9,8,6,7,4,2,6,4,2,2,669.6,True
1,4,2,5,8,4,3,2,2,4,1,4,2,7,2,6,2,3,8,1,3,617.8,False
2,2,1,5,10,1,1,2,2,3,2,5,2,10,0,1,2,2,3,5,2,637.3,False
4,0,0,5,7,5,5,5,1,8,3,8,0,6,0,2,2,10,0,10,3,705.1,False
2,3,3,5,6,4,5,5,1,5,4,1,5,7,0,1,2,5,2,7,3,675.0,False
3,3,0,2,10,5,1,5,1,5,1,3,6,7,10,2,1,3,1,10,1,634.6,False
3,5,6,6,10,4,7,0,1,5,3,5,9,6,0,4,1,7,7,10,1,677.3,False
3,1,2,9,5,3,5,2,2,7,6,2,2,6,1,5,2,0,6,2,1,642.7,False
4,2,5,7,10,6,5,4,2,4,5,10,10,6,0,1,2,10,5,10,3,724.2,False
3,4,10,3,10,10,10,5,1,9,6,3,10,7,10,2,2,5,10,7,2,726.4,False
3,2,10,10,3,4,7,3,1,7,5,6,2,8,0,1,2,8,4,10,1,718.7,False
3,2,5,6,6,7,3,5,2,8,5,7,5,6,0,1,2,5,6,7,3,694.7,True
3,2,5,7,10,4,5,4,1,10,3,8,2,8,4,0,2,10,6,5,1,715.7,False
1,1,1,4,3,3,3,0,2,0,4,3,0,10,7,0,1,1,0,8,0,585.9,True
4,4,1,5,10,8,8,0,2,3,1,1,1,5,7,8,2,5,1,3,2,608.3,False
4,5,0,2,0,1,1,0,1,3,0,8,3,6,0,8,1,3,1,5,1,586.1,False
5,3,4,7,10,6,4,3,1,6,7,10,6,5,0,5,2,5,5,8,2,713.8,False
2,5,0,4,6,3,2,4,2,4,4,1,3,7,0,2,2,10,2,9,2,639.3,False
5,1,5,4,10,7,3,5,1,5,5,5,2,7,0,3,2,6,3,3,3,699.6,False
1,1,8,2,6,2,2,1,2,3,1,4,5,7,0,6,2,10,2,8,3,641.6,False
3,2,10,4,5,1,7,5,1,9,3,5,10,8,0,1,2,8,8,10,1,732.1,False
4,4,3,10,1,10,4,3,2,7,3,6,2,8,4,2,2,6,3,1,0,655.8,False
4,4,3,10,1,10,5,3,2,8,3,6,2,8,4,3,2,7,3,3,0,662.6,False
4,3,2,5,10,7,1,3,1,7,0,10,0,6,3,1,2,5,1,7,2,674.9,False
1,3,1,3,6,6,1,3,2,9,1,1,0,8,0,0,2,2,1,4,3,622.5,False
1,1,1,8,4,3,5,0,1,8,3,4,3,9,0,0,2,10,5,10,1,687.9,True
5,2,10,5,5,10,5,5,1,8,5,10,3,8,10,0,2,4,8,10,0,729.7,True
4,3,1,4,7,2,6,4,1,7,5,6,1,6,8,1,2,7,4,6,3,670.7,False
1,2,6,5,5,10,2,2,2,9,5,10,8,8,7,7,2,2,2,2,2,653.2,False
4,4,10,6,8,6,5,3,2,10,2,3,2,6,0,7,2,10,2,10,1,680.3,False
5,3,9,7,7,10,9,5,2,10,9,9,3,7,4,4,2,9,6,9,3,734.4,False
4,2,10,8,8,4,7,5,1,5,5,6,6,7,0,0,2,10,9,10,3,749.1,False
1,3,4,5,5,10,3,0,1,9,2,8,7,8,0,3,2,5,1,10,2,683.4,False
1,4,1,5,5,5,0,5,1,3,1,1,0,7,1,2,1,3,3,7,1,617.2,True
2,4,2,7,3,4,7,1,1,6,5,5,5,7,4,3,2,5,4,6,1,660.5,True
3,2,1,5,3,5,3,4,2,5,5,7,2,7,7,3,1,6,1,7,1,626.9,False
1,3,1,2,2,3,1,1,2,0,3,2,0,10,0,0,1,1,0,10,1,585.7,False
2,3,5,2,4,7,4,4,2,4,6,3,2,7,5,1,2,5,5,3,3,643.1,True
5,1,10,8,10,8,7,4,2,8,8,2,10,7,0,0,2,9,8,10,3,751.7,False
3,1,6,10,5,8,5,2,2,10,5,5,5,5,4,0,2,4,7,7,1,692.4,True
3,5,3,3,5,3,3,3,2,4,5,10,5,7,7,7,2,4,3,10,1,637.7,True
2,3,10,3,3,6,5,0,1,5,6,9,5,6,0,1,2,4,2,6,2,678.1,False
2,3,5,7,3,8,4,3,1,3,5,5,0,7,2,1,2,2,1,10,1,667.3,True
3,3,2,5,7,2,3,3,2,1,2,5,1,7,0,6,1,5,5,2,3,609.5,False
2,0,6,5,5,6,5,3,2,4,5,5,9,8,10,1,2,6,6,5,1,672.6,True
3,4,1,5,5,4,2,2,2,7,3,2,5,7,5,3,2,8,4,2,2,629.3,False
5,1,1,2,0,2,0,2,1,1,0,5,0,7,1,0,2,0,2,10,1,633.3,False
3,2,10,10,10,7,10,5,2,9,2,6,10,7,0,2,2,10,3,10,2,740.6,False
5,4,9,1,3,1,2,0,1,2,0,5,0,7,10,0,1,5,2,7,1,607.8,True
2,4,5,3,10,10,4,5,2,6,6,5,4,7,0,0,2,5,8,7,3,692.8,True
2,3,3,6,8,10,4,4,2,4,6,8,5,8,10,1,1,4,9,6,2,659.6,False
2,3,3,5,5,2,8,3,1,6,5,6,3,5,1,6,2,7,1,4,2,660.3,False
2,4,7,5,3,2,2,3,2,5,2,2,0,6,4,7,2,8,2,5,2,613.8,True
2,4,10,2,2,2,2,2,1,5,2,4,0,9,1,5,1,3,3,5,1,619.9,False
2,1,3,1,4,10,2,0,2,5,2,2,10,8,0,1,2,5,2,8,3,653.3,True
2,2,10,2,3,4,4,3,2,7,3,5,1,6,5,2,2,3,1,3,1,633.1,False
3,2,5,4,2,3,3,5,1,6,1,2,1,8,10,2,2,4,9,2,1,648.2,False
1,3,3,2,3,4,3,2,1,1,6,3,4,5,4,6,1,3,1,3,2,598.5,True
2,4,4,10,6,5,4,2,2,4,5,4,10,7,5,1,2,7,2,1,3,653.5,False
5,2,10,8,0,1,5,5,1,8,2,5,2,10,10,2,2,5,3,10,1,688.3,False
4,3,3,5,4,5,5,5,1,8,2,3,5,8,7,2,1,7,2,10,1,665.4,False
4,4,1,2,8,1,2,0,1,2,0,2,5,10,10,0,2,0,1,0,1,604.4,False
2,3,3,5,3,5,4,1,2,3,1,5,2,5,0,3,2,3,2,2,2,614.2,False
3,2,10,2,2,1,3,1,1,8,1,10,5,7,0,5,2,10,1,2,2,668.3,True
1,5,3,7,2,10,0,1,2,8,3,6,1,7,7,2,2,5,0,1,2,611.4,False
4,3,6,7,1,5,5,3,1,5,1,10,1,8,0,0,2,6,1,10,2,690.6,False
2,5,8,4,2,10,2,1,2,8,2,1,1,7,0,5,2,3,1,7,2,625.7,False
3,2,5,6,5,5,5,2,1,5,3,10,0,6,0,1,2,5,3,10,1,688.5,True
2,3,10,4,3,5,0,0,2,2,0,7,3,7,0,1,2,4,1,10,1,637.1,True
3,3,3,4,4,2,0,2,1,3,1,10,1,5,10,0,2,7,2,6,3,635.6,True
1,4,4,8,5,10,3,1,2,6,4,6,2,6,10,5,1,3,3,6,1,609.5,False
1,4,0,8,8,5,8,5,2,6,2,1,5,6,9,2,1,3,9,4,0,627.2,False
3,2,9,3,4,3,4,1,1,6,2,9,1,7,2,1,2,6,2,5,2,669.8,True
0,3,0,8,7,4,5,2,2,5,4,1,5,1,3,5,1,6,5,4,1,604.1,False
3,3,10,4,2,5,2,0,2,1,0,4,3,7,0,1,2,5,0,10,1,634.8,True
2,2,5,2,3,5,2,4,2,7,3,6,2,6,0,1,2,6,3,8,1,657.1,True
4,3,2,3,10,10,10,1,2,10,10,7,1,7,10,3,2,9,1,2,3,671.1,True
2,3,2,4,10,4,5,3,2,7,4,5,5,7,0,4,2,7,1,4,1,657.1,False
2,4,1,3,10,5,2,3,2,2,1,3,3,7,10,2,1,6,6,5,1,604.0,False
4,3,0,4,5,2,4,1,1,3,1,1,1,8,0,2,1,10,3,5,3,629.3,False
5,2,2,7,10,10,2,5,2,3,3,8,2,7,3,4,1,4,6,1,3,656.0,False
4,5,8,6,3,5,5,2,1,10,3,2,1,7,0,4,2,5,2,7,3,668.4,False
4,2,8,3,10,3,5,3,1,7,2,9,6,7,2,2,2,4,6,8,1,707.2,False
5,3,7,6,10,6,8,4,2,8,8,7,4,7,8,8,2,10,7,6,1,700.0,True
5,2,10,7,5,3,2,1,1,3,4,3,1,8,0,1,1,5,5,10,1,670.5,False
1,0,0,6,5,4,5,5,1,3,4,10,5,7,0,1,2,7,6,10,3,705.7,True
4,0,0,1,2,2,5,1,1,5,1,2,10,5,6,0,1,4,8,10,1,645.9,True
1,5,0,0,5,3,1,1,2,2,1,3,0,6,0,0,1,0,2,0,1,557.9,False
2,5,2,5,0,2,2,4,1,3,0,2,0,7,10,8,1,10,2,1,2,580.0,True
2,0,4,4,3,2,2,2,2,4,1,7,6,6,0,0,2,4,1,7,3,647.1,False
5,5,2,6,10,10,10,1,2,5,2,10,5,8,10,10,2,1,2,5,2,646.4,True
2,5,8,10,10,10,10,5,1,10,10,8,10,7,10,7,2,3,1,5,2,715.5,False
5,3,10,1,2,1,2,5,1,8,2,10,5,7,0,0,2,5,2,10,3,698.9,True
0,5,2,3,5,5,1,3,1,6,1,10,0,4,10,9,1,3,2,7,3,591.2,False
3,2,2,4,8,10,6,4,1,7,10,5,8,5,6,8,1,6,5,8,1,682.2,False
1,4,3,4,0,3,1,0,2,3,1,1,1,5,0,2,2,3,0,0,3,574.3,False
3,0,5,8,8,10,7,2,2,4,5,10,6,8,10,2,2,8,8,7,1,704.2,False
1,4,4,5,5,10,9,2,2,5,5,2,10,5,10,2,1,10,8,3,3,642.5,True
1,3,2,10,3,10,3,2,2,5,1,8,5,8,10,0,1,10,2,4,1,634.1,False
3,4,5,7,6,3,3,0,1,3,4,8,7,6,10,4,1,3,3,5,1,626.9,True
2,4,4,5,10,4,0,5,1,4,6,6,5,7,0,5,1,10,4,7,3,670.9,False
2,3,4,3,1,2,1,0,1,0,1,4,0,7,0,0,1,2,1,6,1,597.4,True
3,2,10,5,0,10,3,5,1,7,1,5,5,8,0,1,2,2,1,10,3,696.4,False
5,1,3,10,2,3,3,1,2,5,1,6,0,7,0,8,2,4,2,5,3,636.9,False
2,2,8,7,7,8,9,3,2,8,7,10,8,7,0,3,2,10,3,10,1,726.1,True
3,1,4,2,3,4,2,2,2,1,1,7,0,7,10,5,1,5,1,1,3,582.7,True
5,0,5,10,2,3,6,5,1,7,3,3,3,8,0,1,2,5,3,10,1,711.3,True
2,4,4,9,5,3,0,0,2,9,0,7,0,7,0,4,2,5,1,10,3,635.4,False
1,5,2,6,3,1,0,5,2,9,2,1,0,7,0,8,2,3,1,8,3,608.7,False
1,5,1,3,2,6,3,2,2,6,1,3,2,6,6,2,1,5,2,4,2,583.4,False
2,4,7,6,2,10,1,5,1,6,1,5,2,8,0,5,2,2,1,4,0,659.0,False
2,2,5,5,6,2,5,2,1,6,3,10,3,8,0,5,2,8,6,7,3,688.9,True
1,3,3,5,3,3,2,1,1,8,1,2,10,7,2,1,2,6,1,7,2,653.1,False
5,4,10,10,10,7,6,5,1,7,2,8,1,7,2,10,2,5,2,5,2,700.2,False
2,1,6,10,7,6,3,3,1,8,3,2,5,8,3,3,2,3,6,10,1,697.5,True
1,4,0,0,3,8,3,0,2,1,2,8,0,6,0,10,1,5,0,3,2,569.1,True
2,5,3,3,10,10,5,3,2,3,1,7,1,6,10,2,1,4,1,3,2,606.3,False
1,2,2,6,8,8,2,4,2,10,1,2,2,6,0,5,1,6,4,1,2,629.1,False
2,2,10,3,10,3,9,5,2,8,3,6,1,5,3,2,2,6,3,10,2,685.8,True
2,2,8,3,10,4,8,5,2,8,3,6,1,5,3,4,2,6,3,8,2,675.6,True
3,1,3,7,7,5,3,1,2,5,2,7,10,7,10,2,2,8,2,5,3,657.5,False
5,4,7,8,7,6,2,3,2,8,6,1,5,6,5,2,2,8,5,7,3,676.5,False
2,5,2,5,4,7,3,1,1,3,2,3,1,6,7,1,1,9,4,3,1,614.0,True
3,3,3,8,5,9,6,3,2,6,4,4,7,6,4,3,1,6,3,8,2,655.0,False
5,2,3,4,4,3,8,5,2,3,4,5,10,7,0,1,1,2,5,10,3,670.7,False
5,5,10,8,6,7,5,3,2,8,1,5,3,7,10,8,2,8,7,10,0,670.7,False
4,3,3,2,4,4,5,3,1,7,2,7,5,8,5,9,2,6,3,3,2,654.3,True
5,3,2,6,3,5,2,0,1,1,3,3,0,9,0,1,2,6,4,10,1,660.5,False
4,1,10,10,3,3,2,3,1,7,8,2,5,5,0,0,2,10,6,10,1,720.7,False
0,4,0,3,5,5,10,2,2,10,1,1,1,5,0,10,2,10,7,3,2,625.3,True
4,4,4,3,2,1,5,0,1,8,6,4,2,7,1,3,2,7,4,4,2,653.5,True
0,4,1,3,0,10,3,0,2,2,3,10,4,7,1,3,1,0,0,1,0,585.0,True
2,1,4,1,0,5,3,0,1,7,3,8,2,8,0,0,2,0,2,7,0,652.8,True
5,3,0,10,3,5,4,4,1,6,3,5,5,8,10,3,1,5,3,7,1,653.9,True
3,3,5,6,10,10,10,5,2,6,8,10,5,7,0,5,2,10,6,6,2,724.4,True
4,2,5,2,10,2,4,5,2,7,3,10,10,5,0,3,2,8,2,10,3,698.5,True
1,1,1,2,1,2,3,0,2,2,1,6,2,7,2,4,2,1,0,10,2,601.2,True
2,3,0,3,10,10,1,5,1,3,4,6,3,6,5,1,1,2,4,10,1,655.4,True
3,4,10,5,6,10,8,2,2,3,9,5,5,7,0,2,2,5,10,4,2,694.5,False
2,4,3,10,4,6,3,1,1,5,1,5,1,7,4,0,2,2,1,3,1,640.1,True
2,3,3,6,7,8,6,3,1,6,5,6,6,9,7,4,2,10,7,7,2,698.5,True
3,1,6,10,10,10,5,5,2,6,6,10,10,7,9,5,1,10,10,6,1,710.8,False
4,4,7,7,8,10,5,2,1,8,5,10,5,6,0,3,2,3,6,5,1,710.6,False
5,3,5,10,10,10,10,3,2,9,9,5,10,6,2,6,2,10,8,9,2,738.5,False
0,1,1,1,1,2,2,0,2,1,1,6,2,7,0,3,2,1,1,8,2,596.1,True
2,2,2,5,10,6,0,4,2,0,6,7,5,7,10,0,1,2,6,0,2,621.8,True
2,2,10,5,10,5,5,5,2,3,7,5,10,7,0,1,2,10,6,8,2,716.6,False
4,4,7,7,7,9,8,4,2,7,8,8,8,8,9,8,2,9,8,8,2,705.5,False
4,0,6,3,3,10,2,0,2,4,3,8,1,6,1,1,1,1,1,6,1,632.0,True
5,4,7,10,10,2,3,1,2,8,1,10,0,8,10,10,2,9,1,10,2,654.9,False
5,1,6,5,10,5,9,5,1,7,7,10,2,7,0,1,2,10,1,6,2,738.0,False
3,2,6,9,9,6,10,4,2,8,7,5,8,8,4,7,2,8,8,10,2,718.5,True
3,5,3,10,5,10,0,2,2,8,1,10,1,6,10,8,1,5,0,7,3,612.0,False
2,1,2,4,10,3,2,0,1,10,1,5,10,6,0,1,2,3,4,5,3,675.6,False
3,1,5,1,2,10,3,3,1,9,1,10,2,8,10,0,2,5,1,5,1,670.2,False
0,5,1,4,6,1,4,1,2,5,1,4,1,4,4,10,2,10,1,1,2,581.5,False
4,3,10,5,10,10,3,5,1,10,10,10,5,6,10,0,2,10,10,10,3,753.1,False
5,4,10,6,9,10,10,1,2,6,4,8,3,7,2,4,2,10,5,4,2,700.2,False
5,0,10,10,10,10,10,5,1,10,7,3,10,8,0,0,2,8,10,10,3,794.6,False
4,1,3,5,10,5,6,5,2,7,4,4,6,6,0,1,1,10,6,10,3,694.1,True
2,2,0,0,0,6,0,0,2,8,1,1,0,3,9,1,2,1,0,4,2,568.8,True
3,4,8,6,10,10,2,2,2,10,8,1,5,6,10,2,2,6,6,2,3,664.6,False
1,3,2,10,2,10,0,1,1,4,2,7,4,5,0,1,2,5,2,10,1,665.6,True
4,2,10,5,10,10,8,5,1,10,4,10,5,6,10,0,2,10,8,10,3,751.4,False
1,4,8,10,3,7,10,2,1,10,5,8,7,7,0,8,1,8,5,10,1,696.8,False
2,4,3,8,10,10,6,1,2,6,10,3,10,6,8,1,2,2,6,5,3,671.8,False
3,1,10,3,10,3,7,4,2,7,5,3,2,8,10,3,2,6,6,10,2,680.7,False
4,3,2,4,5,4,5,2,2,2,5,7,2,8,5,2,2,7,2,8,3,649.2,False
4,4,0,1,2,2,1,5,2,4,1,2,2,6,10,1,2,1,0,4,3,588.3,False
3,2,10,7,2,3,5,0,2,5,2,7,0,7,0,0,1,10,2,10,3,652.4,True
0,3,3,7,3,10,4,1,1,2,3,9,4,7,8,4,2,5,8,9,2,663.0,False
3,4,9,7,8,10,9,1,1,8,3,5,9,7,6,7,2,9,1,3,3,691.1,False
2,4,3,2,3,6,5,3,2,8,4,5,10,8,0,1,2,4,6,7,2,669.2,False
3,3,4,6,5,4,8,4,1,5,4,8,7,6,3,5,1,10,8,7,2,686.4,True
4,4,5,2,7,4,4,3,1,4,3,4,3,6,10,8,2,4,4,8,1,641.4,False
1,1,1,5,0,6,5,2,1,2,4,1,3,10,10,9,1,10,3,1,1,607.6,False
2,4,4,2,3,10,1,2,2,8,6,5,6,7,0,4,1,0,8,4,2,631.6,False
3,1,4,10,8,7,10,5,2,10,9,10,10,7,0,0,2,10,10,10,1,766.9,True
4,4,2,5,3,4,3,2,2,10,4,8,4,7,10,1,2,10,2,3,2,645.8,True
5,3,1,3,0,2,2,0,2,3,4,3,1,8,7,1,2,0,5,7,3,605.9,True
4,3,10,6,5,3,5,0,1,0,0,8,0,7,2,0,2,3,0,7,3,656.0,False
2,5,4,0,7,5,0,5,2,6,1,6,2,9,0,0,2,3,2,3,0,635.6,False
5,2,2,10,10,10,10,5,1,3,3,10,10,5,7,10,2,10,4,7,1,722.3,True
3,2,8,10,7,10,3,3,1,9,8,8,9,7,3,3,2,8,7,8,1,741.0,False
2,2,0,5,5,4,1,3,1,8,2,5,3,7,0,1,2,2,2,7,2,658.8,False
1,3,1,4,4,2,2,2,2,6,1,1,10,7,9,1,2,5,2,1,2,607.0,True
3,3,6,3,8,8,7,5,2,7,8,4,5,7,4,5,2,8,7,7,2,692.6,False
3,3,4,5,5,8,1,2,1,8,3,10,0,7,0,1,2,3,3,8,3,680.2,False
4,3,7,7,5,10,4,5,1,5,1,7,5,7,1,5,2,10,1,10,2,708.5,False
5,3,2,2,1,2,1,3,2,3,2,4,0,6,0,3,2,1,0,10,2,615.9,True
5,3,7,5,8,6,3,5,2,9,3,3,6,7,0,1,2,4,6,5,3,690.7,False
3,2,4,5,3,4,0,5,1,8,1,8,10,8,0,2,2,10,2,5,3,697.0,True
4,3,6,10,7,10,5,5,1,9,6,10,4,5,2,1,1,6,2,7,3,710.4,False
2,4,3,4,4,4,2,4,2,4,5,5,4,8,3,2,2,6,6,4,2,645.4,False
5,1,6,8,10,9,6,5,1,4,3,9,5,8,6,4,2,10,4,4,1,724.4,False
3,4,4,6,4,5,5,1,2,4,5,1,10,6,10,3,1,3,6,3,1,611.9,True
4,2,10,3,6,5,5,1,1,10,2,10,10,8,0,0,2,10,4,10,1,733.1,False
1,1,4,6,10,6,6,5,2,4,1,3,2,6,0,3,1,10,10,3,1,661.6,False
2,2,0,5,5,10,3,1,2,10,1,7,5,6,2,1,2,6,1,2,2,648.8,True
3,3,5,10,10,10,5,5,1,6,6,10,5,6,5,5,2,10,5,4,2,720.8,False
1,4,1,1,2,1,1,1,1,3,2,6,1,4,6,1,2,3,7,3,1,604.0,True
2,5,5,3,3,3,1,0,1,3,1,4,0,7,0,1,1,3,1,3,1,597.4,False
3,4,6,7,6,5,2,5,1,6,2,8,5,7,0,4,2,0,1,10,2,681.5,True
3,3,6,2,8,10,7,4,1,9,4,10,3,6,4,4,1,6,1,8,3,683.4,False
2,5,3,8,10,8,5,5,2,7,1,5,2,7,5,3,2,4,5,8,2,663.9,True
3,2,8,4,5,4,1,5,1,7,4,4,0,8,0,3,2,8,6,8,1,692.8,False
3,3,0,2,4,3,5,2,2,8,7,9,6,6,10,4,1,3,3,3,1,613.5,False
3,1,2,6,7,5,4,4,1,8,3,10,4,7,0,2,2,5,8,6,1,709.1,False
3,2,7,6,4,5,7,2,2,9,6,5,6,5,3,2,2,10,5,7,2,687.3,True
2,3,2,4,4,2,3,1,2,3,3,2,3,6,10,3,2,0,10,2,1,598.5,False
0,0,0,10,10,10,5,5,2,10,10,1,10,8,0,0,1,5,10,4,1,704.1,True
1,2,3,9,10,9,7,3,2,8,4,2,8,6,4,1,1,5,2,4,2,658.0,False
3,3,8,10,6,10,5,2,2,9,2,8,10,6,2,3,1,5,2,2,2,669.4,False
5,2,7,5,4,10,6,3,2,7,4,3,4,6,0,4,1,10,8,4,2,675.2,False
1,3,3,7,10,4,1,5,2,7,1,6,5,6,0,0,2,2,1,7,2,658.8,False
4,2,2,5,10,10,3,0,1,5,6,3,2,8,5,1,1,6,8,3,1,663.7,True
5,1,10,3,0,2,0,5,2,2,3,4,1,7,10,0,1,2,5,3,1,614.4,False
3,1,10,10,10,5,10,1,2,10,8,7,10,8,0,0,2,10,8,10,2,754.6,False
3,3,1,10,10,10,10,5,2,3,6,8,10,6,3,7,2,7,2,5,2,696.6,False
1,5,1,6,10,8,1,5,2,7,2,2,1,8,0,7,2,4,1,5,2,632.9,False
2,4,0,3,3,2,4,0,2,3,5,2,5,4,0,3,1,4,5,6,2,594.7,False
2,2,8,10,6,6,3,5,1,1,0,10,2,8,0,4,2,5,4,3,3,687.2,True
3,4,4,3,7,4,7,1,2,7,6,3,6,8,5,4,2,4,5,5,2,648.4,False
3,1,10,8,4,7,3,4,2,7,1,7,2,8,0,2,2,4,3,7,3,684.9,False
4,3,5,10,8,5,2,5,2,7,3,1,5,6,0,5,1,10,1,5,2,656.1,False
1,5,2,2,8,2,6,1,1,4,1,6,5,4,10,6,2,6,4,2,1,614.2,True
5,5,10,10,10,10,10,5,2,10,10,10,10,10,10,10,2,10,10,10,2,752.2,True
2,2,1,10,3,8,1,0,1,1,3,6,0,6,0,1,2,0,6,5,2,646.9,True
1,2,4,3,2,2,1,2,1,1,3,6,0,6,2,2,2,3,2,2,2,619.7,True
1,3,2,6,10,10,6,2,2,4,10,6,5,8,0,5,1,7,8,10,1,677.9,True
5,3,10,5,10,2,1,3,2,7,2,5,1,8,0,1,1,5,3,10,2,662.4,False
1,3,4,5,2,3,4,2,1,7,3,3,2,7,5,3,2,4,3,3,1,634.6,False
3,5,7,3,9,10,2,3,2,3,1,10,8,6,0,2,1,3,0,3,0,640.9,True
2,5,6,10,3,10,8,1,1,0,0,10,10,8,10,5,1,10,1,10,0,661.7,False
2,5,6,10,3,10,8,1,1,0,0,10,10,8,10,5,1,10,1,10,0,661.7,False
2,4,2,7,5,5,7,3,2,7,6,2,7,7,3,3,2,7,6,6,0,665.0,False
2,5,3,10,4,6,5,1,1,9,2,2,3,6,0,2,1,10,1,6,0,649.5,True
3,4,4,5,7,10,4,5,2,3,2,5,2,8,5,1,2,10,8,3,2,670.9,False
3,3,6,3,4,3,4,5,2,8,5,4,2,7,5,2,2,5,2,3,1,646.7,True
2,1,2,6,0,2,1,0,2,5,1,8,2,8,0,0,2,4,1,2,1,622.2,True
3,2,1,8,5,6,5,3,2,3,5,4,9,7,5,1,1,6,4,1,1,641.6,False
4,3,10,6,10,2,3,2,2,8,4,6,6,6,0,4,2,3,4,5,1,674.1,False
2,2,2,2,2,1,4,3,1,3,2,5,2,4,5,1,2,4,3,5,2,629.3,False
1,3,7,4,7,10,7,3,1,9,6,2,1,7,0,4,1,10,3,9,1,682.0,False
3,1,2,4,6,4,3,5,1,8,6,10,5,7,5,2,2,10,2,6,3,700.6,False
1,2,6,2,3,2,3,2,2,4,1,7,1,8,4,2,2,3,1,1,1,611.8,False
2,4,1,7,10,6,7,3,2,5,8,4,2,7,10,4,2,10,4,3,2,651.8,False
3,2,3,3,0,10,8,0,1,6,1,8,1,8,7,3,2,6,1,10,2,661.3,True
2,3,3,8,8,10,3,5,2,8,3,4,4,7,4,3,2,2,2,5,2,662.0,False
5,4,2,6,9,10,4,5,2,6,5,10,7,7,0,0,2,7,1,7,2,705.7,True
5,5,3,8,6,9,2,2,1,6,1,4,0,8,0,6,2,3,1,7,1,658.8,False
4,2,1,2,3,4,3,1,1,6,1,4,0,6,0,3,2,5,2,1,3,632.9,False
5,5,0,3,0,3,0,0,1,5,4,10,0,7,7,0,2,2,4,7,0,629.2,False
4,2,10,10,10,10,10,5,1,5,6,10,3,7,0,5,2,10,6,10,1,761.8,False
2,5,2,3,3,4,3,3,1,1,5,4,1,7,4,9,2,6,2,0,1,611.0,False
1,5,0,0,10,2,2,1,1,2,1,1,3,5,0,2,2,2,1,0,2,598.1,False
3,2,5,10,9,10,8,3,2,8,5,7,9,6,0,3,2,10,6,8,2,727.0,False
3,4,10,10,6,10,3,5,1,7,3,9,10,7,7,2,2,10,8,6,2,731.0,False
2,2,2,4,5,5,4,5,1,7,6,10,2,5,0,1,2,10,6,3,3,696.8,True
3,3,10,10,6,10,8,5,1,7,4,8,5,8,10,3,2,5,6,10,2,724.2,False
3,4,2,5,10,10,3,5,2,5,3,10,2,6,0,4,1,10,2,7,2,664.7,True
3,4,5,7,6,10,5,4,2,6,3,5,3,6,0,2,2,7,5,6,3,679.0,False
5,1,10,10,10,10,5,5,2,4,6,3,3,8,0,5,2,10,6,2,2,716.4,False
5,3,8,6,10,7,8,5,2,5,6,4,5,8,0,3,2,6,7,5,3,709.8,False
5,0,0,6,6,1,3,0,2,6,8,1,0,6,0,5,2,0,7,7,3,640.8,False
2,3,6,5,10,6,5,5,2,5,5,8,10,7,0,1,1,10,4,10,2,696.8,False
4,1,6,10,10,10,3,3,2,7,1,10,10,7,0,5,1,7,3,4,2,692.1,True
1,4,5,10,5,10,3,0,1,7,2,10,1,6,0,5,2,10,0,3,2,668.1,False
1,1,10,4,10,10,3,4,1,10,2,3,3,8,0,0,2,10,2,6,0,714.7,False
4,2,10,4,10,10,4,5,1,10,10,10,10,7,5,1,1,10,10,7,2,751.6,True
3,1,2,10,8,10,7,5,2,7,8,10,5,8,5,1,2,10,6,10,3,733.1,False
1,4,2,10,6,6,10,5,2,8,5,3,5,7,2,3,2,10,6,2,2,680.5,False
2,3,10,5,10,3,3,5,1,10,1,5,3,8,5,1,2,5,1,7,1,687.9,False
5,3,8,5,9,6,8,5,2,7,9,9,8,6,5,2,2,10,9,10,3,735.9,True
3,3,2,10,6,10,5,5,2,9,9,6,5,7,0,5,2,10,4,5,2,704.9,False
3,4,6,3,10,5,4,5,2,9,4,6,1,7,10,1,1,10,4,7,3,653.9,False
1,5,10,5,10,2,10,3,2,7,5,10,2,6,5,4,2,5,3,7,1,668.1,True
2,3,6,10,4,10,5,5,1,10,6,1,5,6,0,10,1,7,3,10,2,683.3,False
3,3,10,3,3,10,6,5,1,10,6,10,4,6,0,3,2,10,9,7,2,736.1,True
4,3,4,3,2,2,2,2,2,7,4,4,4,10,2,1,1,3,6,7,1,633.7,False
2,5,3,3,10,10,4,5,2,2,0,5,0,9,0,3,2,5,1,3,1,642.2,False
2,4,4,9,7,7,8,4,1,8,4,7,4,6,8,8,2,6,2,10,3,682.8,False
2,5,1,1,2,5,8,1,1,8,1,2,6,6,1,8,2,10,0,2,2,629.1,True
2,4,3,10,8,10,5,4,2,5,5,5,1,7,10,7,2,10,8,4,2,662.2,False
5,3,3,5,4,6,3,1,2,6,3,6,1,8,3,2,2,5,2,4,1,643.9,False
4,3,2,3,1,1,4,2,1,8,1,1,7,5,0,3,2,7,5,10,1,661.0,True
5,3,10,5,5,3,5,1,1,4,2,10,6,7,0,0,2,4,5,10,1,704.0,True
2,2,2,10,10,4,10,1,2,7,7,5,6,6,0,7,2,6,8,0,1,675.6,False
1,1,5,4,2,3,4,4,1,5,2,5,1,8,1,4,1,4,1,3,1,631.8,True
3,3,5,5,9,8,6,5,1,10,5,7,5,7,0,1,2,10,10,10,2,744.2,True
3,1,7,10,6,5,10,2,2,9,4,9,7,8,2,0,2,9,10,5,1,726.1,True
1,4,3,7,4,3,1,5,2,0,2,1,1,5,0,5,1,3,2,3,1,586.2,False
4,4,9,10,5,10,1,3,1,7,5,10,5,7,0,1,2,8,2,7,1,719.3,False
2,2,5,3,3,10,1,5,2,5,9,5,1,7,0,1,2,10,9,5,2,686.0,False
2,4,2,7,7,9,4,1,2,4,0,2,0,6,10,7,2,5,4,5,3,607.0,True
3,2,5,8,5,10,5,2,1,6,1,3,2,6,2,2,2,8,2,7,2,682.0,True
2,5,1,4,10,10,4,5,2,5,2,10,4,2,0,10,1,10,5,2,2,636.7,True
5,1,3,10,6,9,6,3,1,9,8,10,10,8,0,2,2,10,9,7,2,763.7,False
1,3,9,9,10,10,7,5,2,9,7,2,3,7,0,1,2,10,7,7,3,719.4,True
2,4,5,8,3,1,3,0,2,3,2,2,2,5,0,1,1,2,0,0,2,581.3,False
3,2,6,1,5,1,3,2,1,1,1,10,2,8,5,0,2,4,4,4,2,651.5,True
3,3,5,1,5,8,7,3,1,5,1,7,3,7,5,7,2,10,1,5,2,664.3,True
2,1,5,5,8,2,10,5,2,10,4,5,5,7,0,2,2,10,5,10,3,709.8,False
2,5,3,5,6,9,2,2,2,8,2,10,4,6,10,10,2,4,4,2,1,620.5,False
3,2,6,7,8,10,9,2,2,7,9,8,8,8,0,1,2,6,8,6,1,725.9,False
2,1,7,3,5,5,8,3,2,7,8,6,9,6,2,4,1,7,6,10,2,680.9,True
3,4,0,4,3,10,1,1,2,4,2,10,3,7,0,3,1,0,5,1,1,610.5,False
2,2,3,7,10,8,3,5,2,7,6,5,5,7,0,2,2,3,5,10,1,694.5,False
2,5,10,10,10,10,10,5,2,7,3,5,5,5,10,1,2,10,3,10,2,700.9,True
0,4,0,3,6,4,4,5,1,6,3,1,3,6,10,2,2,6,2,1,1,622.1,False
1,1,10,10,2,1,2,2,1,4,5,8,2,5,0,0,2,10,2,10,1,691.3,True
1,2,10,5,2,2,2,2,1,4,5,8,2,5,0,0,2,10,2,10,1,681.1,True
4,2,3,3,8,4,1,2,1,7,1,8,1,8,0,3,1,4,2,4,1,647.7,False
1,2,9,10,5,8,4,2,1,1,1,10,2,8,0,2,2,4,2,8,3,687.2,False
4,4,8,4,6,6,6,2,1,8,4,5,5,7,10,3,2,10,2,3,2,674.1,False
3,1,0,7,4,10,2,3,2,3,8,8,3,6,8,0,2,5,2,7,3,660.9,True
5,2,5,5,2,4,2,4,1,2,1,5,4,8,0,1,2,9,2,10,3,686.2,True
3,4,5,9,10,10,4,5,2,6,7,6,5,6,0,1,2,10,8,7,2,716.6,True
1,4,1,6,3,10,6,3,1,6,5,10,8,7,0,6,2,7,2,6,1,685.3,False
3,3,10,10,10,4,7,5,2,6,1,4,0,8,0,0,2,10,2,7,3,697.9,False
3,3,10,3,10,7,9,5,2,10,8,5,9,8,7,3,2,10,8,5,3,720.2,False
2,1,0,5,4,4,4,1,2,0,2,1,2,6,9,0,1,3,6,2,2,586.4,False
3,5,3,3,7,10,6,3,2,3,3,8,8,6,5,3,2,2,1,1,1,640.5,True
5,3,1,5,10,2,2,5,1,7,0,6,1,7,0,2,2,10,8,5,1,693.0,False
2,3,3,7,7,9,8,3,1,6,7,5,6,8,8,3,2,6,7,6,1,696.4,False
4,4,1,3,8,6,2,3,2,7,7,1,1,6,0,7,1,5,1,0,2,608.5,False
1,2,1,10,5,10,3,1,2,5,5,3,7,8,2,1,2,4,5,10,1,670.5,False
4,4,5,5,8,5,9,3,1,9,8,6,8,7,0,6,2,9,3,9,3,718.5,False
3,1,0,10,3,10,1,5,2,1,1,4,5,5,5,10,2,8,1,10,2,644.6,False
4,2,2,6,10,10,4,3,1,3,1,3,1,8,0,3,1,4,1,4,1,655.2,False
5,1,4,7,5,6,3,1,1,8,1,5,5,9,0,2,2,9,8,1,1,698.3,False
2,3,2,6,6,10,2,2,1,3,5,2,3,7,0,3,2,10,3,10,1,678.6,False
2,4,3,2,4,4,5,3,2,6,5,8,9,6,0,5,2,5,0,0,2,638.8,False
0,5,0,5,6,10,0,5,2,6,0,3,0,5,6,0,2,0,0,2,2,598.5,False
3,4,2,5,10,10,4,2,2,10,8,6,5,7,0,9,1,5,8,5,1,662.4,False
2,0,8,8,4,7,4,1,1,9,8,10,5,8,5,6,2,5,9,9,1,716.1,True
3,5,3,10,9,6,5,5,1,5,5,5,3,5,10,1,1,5,6,5,3,660.1,False
4,1,5,10,8,4,4,4,1,9,2,6,2,8,0,1,2,5,2,3,3,701.7,False
4,2,5,5,1,5,4,2,1,5,5,10,2,9,3,7,2,3,2,3,1,661.9,False
5,3,2,8,8,8,5,4,2,9,8,7,10,7,0,8,2,5,7,7,1,708.5,False
4,2,7,10,7,10,6,3,1,9,4,5,6,8,7,5,2,4,5,6,2,708.3,False
2,2,2,9,9,5,4,4,2,7,4,5,5,8,6,2,2,6,5,5,3,672.6,False
2,4,4,6,9,9,10,4,1,9,10,8,8,4,5,5,2,10,9,4,3,723.4,False
1,5,0,5,2,2,2,0,1,1,0,2,1,10,10,9,1,2,0,10,1,563.6,False
1,3,2,5,5,10,3,4,2,3,7,6,5,5,7,1,2,2,10,3,1,651.8,True
2,3,3,5,5,6,4,4,1,3,5,8,2,8,0,3,2,5,3,8,1,680.0,True
4,2,7,10,10,10,10,4,2,10,8,7,5,8,0,2,2,10,8,6,3,749.5,True
2,3,3,10,6,5,7,3,2,5,6,3,4,8,4,2,1,4,6,7,1,651.8,True
1,5,2,4,2,4,0,4,1,1,1,5,0,9,10,0,2,2,1,5,1,608.2,False
5,1,8,6,10,6,10,1,1,10,9,9,10,6,1,1,2,10,10,10,3,771.6,False
2,1,2,5,7,6,2,1,1,3,1,5,3,7,0,2,1,4,3,7,1,643.5,False
4,4,5,5,7,7,8,3,1,7,8,5,8,7,10,8,2,8,4,6,3,687.7,False
5,3,5,8,10,10,7,5,2,9,6,10,1,7,3,4,2,10,7,10,3,729.5,False
5,1,10,7,10,5,2,2,1,5,2,10,5,7,0,2,2,5,2,10,2,717.6,False
2,3,10,10,8,10,4,0,1,9,3,8,2,8,1,0,2,5,1,3,1,697.0,False
3,3,3,4,1,5,4,0,1,7,0,4,1,7,0,1,2,5,1,2,1,636.5,True
3,4,7,7,4,8,4,0,1,9,1,4,3,7,0,3,2,6,3,7,1,673.9,True
2,4,10,9,4,7,5,3,1,7,3,2,1,8,1,3,2,4,2,4,1,672.0,False
5,1,10,8,4,8,5,2,1,7,2,8,2,8,0,2,2,6,7,5,1,717.4,True
2,0,0,0,0,1,5,3,2,3,2,1,4,7,0,4,1,3,6,10,1,610.4,True
5,3,7,8,10,4,2,5,1,10,2,4,0,8,0,3,1,3,2,10,1,684.3,False
4,4,4,6,7,10,2,3,2,7,4,5,2,8,0,3,1,3,3,4,1,645.4,False
5,5,10,7,5,5,4,3,1,10,2,6,5,7,3,1,2,10,10,10,1,721.9,True
5,2,0,3,3,5,3,1,1,7,2,8,5,8,5,1,2,3,3,8,3,666.4,False
1,3,5,10,8,10,10,4,1,5,6,5,7,9,2,5,2,5,5,5,1,711.9,False
3,1,1,10,10,10,8,5,2,9,5,8,10,7,0,2,2,2,8,10,3,734.2,False
4,2,8,5,10,5,10,5,1,7,3,4,0,7,0,0,2,8,3,10,3,723.2,False
4,3,1,3,7,5,8,5,2,7,7,5,0,8,4,3,2,10,7,3,2,676.0,False
4,3,2,3,0,2,0,0,1,5,1,3,4,7,0,3,2,3,1,7,2,626.1,True
1,4,0,5,2,6,7,0,2,2,1,2,6,8,0,6,2,4,6,1,2,610.8,False
5,2,5,10,10,2,0,3,1,7,4,5,3,6,0,5,2,10,5,10,3,706.2,False
1,3,2,2,2,10,1,1,1,1,5,4,0,7,0,0,1,2,1,8,1,619.5,False
4,2,4,5,5,3,8,3,1,10,3,10,5,5,0,1,2,5,3,6,2,701.9,False
1,5,1,8,2,3,8,1,2,4,0,7,1,8,0,1,2,4,0,1,3,615.2,False
2,3,5,5,8,9,8,2,2,4,5,5,6,6,3,3,1,7,4,3,3,650.1,False
2,3,4,9,6,6,8,3,2,7,5,7,7,7,1,3,2,3,4,4,2,677.9,True
1,5,5,4,8,3,3,3,2,2,4,10,6,6,10,2,2,3,3,5,2,629.0,True
2,1,4,4,8,7,8,4,2,5,4,6,3,5,1,2,1,8,5,4,2,662.0,True
2,5,1,2,8,10,0,5,2,8,2,5,0,8,4,5,2,5,8,2,2,638.6,False
3,5,1,2,10,10,2,2,2,8,8,5,0,8,4,4,2,5,8,8,2,660.7,False
3,3,4,10,7,10,5,0,2,8,2,6,10,8,0,3,2,5,10,10,2,703.4,False
2,1,10,10,10,10,10,2,1,10,10,10,10,7,0,1,2,10,10,10,2,789.0,True
3,3,6,10,10,10,10,3,2,6,7,6,5,9,3,3,2,10,5,9,1,722.3,False
2,4,0,0,3,3,5,5,2,4,2,10,0,5,10,1,1,5,4,4,1,598.2,True
4,0,10,3,10,5,8,4,1,7,8,10,0,7,0,0,2,10,8,10,3,755.0,True
4,1,4,5,3,3,7,4,2,9,3,9,7,8,0,1,2,6,4,4,2,692.1,True
1,5,0,10,10,10,10,1,2,6,5,10,0,5,10,3,1,5,3,0,2,623.7,False
4,3,7,10,10,8,8,5,2,5,6,10,7,7,0,3,2,6,4,5,2,721.0,False
2,1,8,10,8,10,10,5,1,10,8,1,10,9,0,0,2,8,7,0,3,751.9,True
1,2,2,7,4,1,0,0,1,9,0,5,0,9,0,4,2,5,4,10,3,649.0,False
1,2,5,3,7,3,8,5,2,7,10,10,10,6,5,2,2,8,1,7,1,693.6,True
4,2,2,3,9,6,2,4,1,7,5,3,3,8,0,2,1,3,2,6,1,663.7,True
1,5,0,10,10,10,3,5,1,0,7,1,1,8,10,10,1,6,6,1,2,622.5,False
2,2,4,7,9,8,5,4,2,7,5,4,1,8,8,3,2,5,8,3,2,667.3,False
1,5,0,10,10,10,6,5,1,1,2,1,1,7,10,10,1,8,5,4,2,625.7,False
2,4,10,7,5,3,10,3,1,5,2,8,1,8,10,3,2,10,2,4,1,673.2,True
5,5,5,3,10,8,10,0,1,4,2,8,1,8,2,10,1,10,3,10,1,666.4,False
4,3,5,6,3,4,3,5,2,7,2,5,3,6,3,3,2,7,2,9,1,662.0,False
2,2,1,4,5,10,5,4,2,8,10,6,3,7,10,1,2,5,9,7,1,677.7,True
3,3,4,10,10,10,10,5,1,5,7,10,5,7,0,1,2,10,10,5,2,755.0,False
2,2,3,6,2,8,8,5,1,4,3,7,10,6,0,8,2,5,1,7,2,686.2,True
2,1,5,5,8,4,5,4,1,7,4,3,7,8,1,1,1,8,7,7,2,692.6,True
4,3,2,5,5,8,3,2,2,5,5,10,8,8,8,9,1,3,8,10,1,648.1,False
3,4,10,6,5,10,10,5,1,8,2,7,5,8,0,2,2,10,5,9,2,735.9,False
5,5,6,1,10,10,0,5,2,5,1,10,0,7,1,1,2,2,2,1,2,654.7,True
3,3,5,4,10,6,9,4,1,5,4,4,2,7,7,2,2,9,4,9,1,694.3,False
3,3,3,3,3,10,4,3,2,4,3,6,1,6,0,1,2,8,4,7,1,660.5,False
5,1,10,9,3,3,10,3,1,2,8,10,5,6,0,0,2,10,2,1,2,722.5,True
5,3,3,6,10,10,5,2,2,7,5,10,2,7,10,2,2,4,5,4,1,673.4,False
3,3,6,8,8,8,6,2,2,5,1,9,7,7,0,5,1,7,2,6,2,664.7,False
3,1,10,5,2,4,4,1,2,7,1,1,1,8,0,10,1,3,1,7,2,614.0,False
1,4,0,0,2,4,2,1,1,3,3,5,0,6,10,0,2,2,2,3,3,594.0,False
1,4,2,6,3,2,3,3,2,5,4,2,5,5,10,2,2,9,8,6,2,627.2,False
2,2,2,10,10,10,8,3,2,6,6,10,5,7,0,3,1,7,7,7,1,697.2,False
3,3,6,8,10,5,6,1,2,6,3,9,5,6,5,4,2,10,2,10,3,681.5,False
5,2,7,5,5,8,1,3,1,8,5,5,1,8,0,5,2,5,1,3,1,681.1,False
2,2,2,10,10,10,2,5,1,10,4,2,1,7,0,5,1,10,5,10,1,695.6,False
2,4,6,3,9,10,8,4,1,7,4,8,5,6,0,5,2,7,6,7,3,708.5,True
4,2,6,10,10,10,10,5,2,8,3,3,5,9,0,2,2,5,4,7,2,720.0,False
4,3,2,6,4,10,4,0,2,7,1,4,2,8,0,5,2,10,2,5,2,652.0,True
2,2,10,10,10,10,10,5,2,8,5,5,10,6,0,5,2,10,5,10,2,740.2,False
2,3,8,10,5,4,5,2,1,4,5,5,3,10,0,7,2,8,3,8,2,688.3,False
2,2,3,3,10,6,1,5,1,10,1,3,5,8,0,3,2,2,2,3,2,672.2,False
2,2,3,5,3,4,3,1,2,7,1,9,10,7,0,1,2,3,1,7,1,656.2,True
1,5,2,4,4,4,5,3,2,6,2,5,7,6,6,8,2,10,3,4,2,624.6,False
4,1,3,7,5,7,9,4,2,8,9,10,7,8,0,1,2,7,8,8,3,733.1,True
2,3,2,8,4,7,5,2,2,7,3,5,3,6,0,5,2,8,2,5,3,651.8,True
1,3,4,5,3,10,4,3,2,9,4,6,3,7,0,5,2,1,6,7,3,659.0,False
4,2,7,5,6,7,5,4,2,9,2,6,5,8,0,2,2,5,4,5,3,689.8,False
4,0,8,7,8,7,6,4,2,10,10,8,8,8,6,1,2,2,8,8,2,729.3,True
2,4,5,4,6,3,7,3,1,10,0,5,3,9,5,7,2,7,1,2,2,652.4,False
1,2,3,8,10,5,4,2,1,9,10,6,5,6,7,1,2,10,8,7,1,708.1,False
2,5,0,1,5,4,1,1,2,4,2,3,0,7,10,8,1,2,10,2,1,561.5,True
2,3,3,6,8,10,3,3,2,1,7,10,5,7,7,7,2,4,8,10,1,670.0,False
3,2,3,6,6,6,6,2,2,6,4,3,5,8,10,2,2,5,5,10,1,660.3,False
3,2,10,7,3,10,3,2,1,8,2,5,1,7,8,1,2,4,1,7,1,674.1,True
4,5,1,1,10,10,0,5,1,8,4,9,0,6,10,0,1,1,0,1,1,630.5,False
5,2,10,5,10,2,10,0,1,8,4,5,1,7,0,2,1,10,1,7,1,689.4,True
2,3,0,4,4,5,3,3,2,4,1,5,1,7,10,2,2,2,1,7,2,607.8,False
5,4,3,10,10,4,0,5,1,6,1,6,0,7,10,10,2,3,0,10,3,652.2,False
3,3,1,6,5,6,3,3,2,2,5,1,5,6,0,2,1,4,5,6,2,628.9,True
2,5,10,5,10,10,10,5,2,9,4,5,5,5,5,1,2,10,3,4,2,695.8,True
2,5,10,4,10,10,10,5,2,9,4,5,5,5,5,1,2,10,3,3,2,692.4,True
3,3,7,10,9,9,10,4,2,5,5,8,7,7,5,6,2,7,8,6,1,708.7,False
1,2,2,7,9,7,5,3,2,3,2,2,1,7,0,1,1,7,3,6,1,637.8,False
3,5,2,10,5,10,0,5,1,9,1,5,1,5,3,8,1,5,2,10,2,648.2,True
3,3,1,4,8,10,1,5,2,9,3,8,2,7,5,2,1,2,2,10,3,649.2,False
0,3,1,5,1,5,3,1,2,5,5,6,10,7,10,2,1,4,6,8,1,614.8,False
4,3,5,2,10,1,3,3,1,6,1,4,5,7,5,2,2,3,5,7,2,665.4,True
2,1,3,10,10,10,3,5,2,5,8,10,5,9,0,2,2,2,4,9,2,714.6,False
2,3,1,7,4,2,10,1,2,7,2,3,2,8,0,1,1,10,1,9,0,639.9,False
3,4,0,7,10,10,4,5,2,3,1,9,0,8,0,1,2,7,4,5,1,675.1,False
4,5,2,2,5,4,2,5,2,2,3,6,0,6,0,6,2,3,1,5,3,619.7,False
1,3,0,0,6,5,2,2,2,2,1,6,0,6,10,0,1,5,0,2,2,572.1,False
0,1,1,3,10,8,3,3,2,7,4,1,4,9,10,3,2,5,2,4,2,634.6,False
2,2,1,1,2,1,0,4,2,7,1,8,5,9,0,9,1,1,1,8,1,605.4,True
3,0,0,3,2,2,3,0,1,2,1,5,0,9,0,0,1,5,10,6,0,638.8,True
1,4,1,3,1,5,2,1,2,5,2,1,0,7,5,2,1,7,3,5,1,581.5,False
1,3,7,2,3,9,6,2,1,7,2,7,5,8,10,8,2,4,2,5,1,647.5,False
3,3,6,10,7,6,5,5,1,7,0,10,10,7,4,4,2,5,4,7,2,710.8,False
2,5,2,4,2,7,0,4,2,8,1,2,4,8,0,5,1,1,1,9,2,607.4,False
1,4,2,4,10,9,1,3,2,8,5,5,5,7,3,4,2,10,2,7,3,662.2,False
1,2,0,6,6,8,10,5,1,5,5,1,7,6,10,5,1,3,8,5,1,652.7,False
4,5,3,4,10,10,5,5,2,4,8,5,10,8,10,2,2,2,3,5,2,670.9,False
2,3,0,6,2,2,5,0,2,2,3,1,5,8,5,1,1,5,1,0,1,583.4,False
4,4,3,5,6,5,5,4,2,6,5,3,5,5,4,6,2,6,6,6,3,654.6,True
4,3,5,10,10,10,2,0,2,9,3,9,2,8,0,2,2,4,4,6,1,687.0,False
4,2,2,10,7,6,2,2,2,7,3,10,3,7,0,3,2,4,5,6,1,678.5,False
4,3,10,10,10,10,5,3,1,8,4,6,5,8,0,3,2,5,8,4,1,730.6,True
5,5,10,2,4,10,5,5,1,3,2,10,10,7,0,2,2,0,4,9,1,707.4,True
2,5,2,2,7,10,5,3,1,3,3,7,5,6,3,1,2,8,5,6,3,674.3,True
4,4,2,3,9,2,2,5,1,7,2,5,1,7,0,3,2,3,3,7,1,665.6,False
4,3,2,10,6,3,2,2,2,8,3,2,4,8,0,3,1,7,3,5,1,641.4,False
5,2,10,8,2,7,5,2,1,10,2,6,5,8,0,2,2,3,3,10,0,711.9,False
5,3,10,10,10,5,10,5,1,9,2,10,5,7,0,1,2,10,8,8,3,763.5,False
5,3,6,8,6,10,5,2,1,8,2,10,5,8,0,0,2,10,6,7,0,733.1,False
3,4,10,5,10,2,9,1,1,8,1,10,4,8,4,3,1,10,1,2,0,671.9,False
2,5,1,0,4,2,2,5,1,5,1,2,1,5,7,4,2,4,3,10,1,618.7,True
1,3,0,1,2,2,3,4,1,3,1,1,5,7,0,10,1,2,2,5,1,593.4,False
3,1,7,7,5,4,6,2,1,8,1,3,2,8,0,1,2,5,5,4,2,685.8,False
5,2,4,8,10,10,9,4,1,9,1,10,0,7,5,8,2,8,2,10,3,715.9,False
5,2,4,8,10,10,8,4,1,9,1,10,0,7,5,4,2,8,2,10,3,721.0,False
5,5,4,4,10,10,3,2,2,9,1,1,7,7,5,0,2,5,0,1,3,649.5,False
4,2,3,2,1,10,1,0,1,7,0,7,1,7,0,4,2,4,2,8,3,654.1,True
5,1,10,10,3,4,7,5,1,8,3,1,6,7,0,0,2,2,10,2,1,717.5,True
5,1,10,10,4,7,7,5,1,8,1,1,6,7,0,3,2,1,10,1,1,712.4,True
3,3,4,7,6,10,0,5,1,6,6,6,7,8,3,0,2,6,0,9,1,703.4,False
3,3,4,10,9,10,3,4,2,8,4,10,0,5,0,7,2,10,8,7,2,698.5,False
3,4,0,10,8,8,4,4,1,5,9,10,4,7,3,4,2,6,4,7,0,702.3,False
4,4,0,9,7,8,5,3,1,5,8,10,3,7,3,4,2,5,4,5,0,692.1,False
5,4,0,4,10,10,3,3,1,3,0,2,2,7,0,7,2,7,0,0,3,646.3,False
1,2,2,6,6,5,4,2,1,10,6,4,5,8,5,1,2,6,6,5,3,680.9,False
4,3,2,4,10,10,5,3,2,6,4,6,6,7,0,2,2,7,6,7,3,693.0,False
2,2,10,10,10,10,5,5,2,8,8,10,4,8,2,4,2,5,7,10,1,733.1,False
2,3,5,2,10,10,3,5,2,5,8,5,5,8,0,3,2,5,6,10,1,694.7,False
5,4,0,2,10,10,3,1,2,8,6,5,2,8,10,2,2,8,7,5,3,659.0,True
3,2,5,0,1,1,0,0,1,0,0,1,0,8,10,8,2,0,0,0,3,563.0,True
5,1,6,8,10,10,7,5,1,10,7,10,9,8,0,1,2,10,10,5,3,780.7,False
3,3,4,5,4,4,4,0,1,8,3,10,5,6,5,6,2,0,5,6,1,654.5,True
1,3,0,5,4,8,5,1,1,5,5,2,2,6,0,9,2,7,3,4,2,639.3,False
1,5,1,2,2,1,0,0,1,4,1,1,0,6,0,5,2,2,0,3,3,579.6,False
1,4,7,7,4,4,5,1,1,8,1,8,2,7,0,1,1,4,3,5,2,649.2,False
2,2,3,5,6,10,7,3,2,6,7,8,10,8,0,4,1,7,10,9,2,697.0,False
2,1,3,4,0,3,2,0,2,3,4,7,0,8,0,0,1,2,1,3,1,601.6,False
2,2,2,4,4,10,4,3,2,5,7,4,9,7,5,5,2,5,6,2,1,656.9,False
2,4,6,4,4,7,5,5,1,6,7,6,2,5,0,5,1,8,3,5,2,663.7,False
3,4,2,4,6,8,6,3,2,6,5,5,5,8,10,3,2,5,3,6,2,648.8,False
0,5,0,5,5,10,4,1,2,7,6,2,5,7,0,10,1,5,2,5,3,605.5,False
3,5,4,6,6,6,8,5,1,8,1,10,10,5,5,8,2,10,6,5,1,696.8,False
1,4,1,7,8,4,5,5,2,7,3,1,5,8,4,4,2,6,1,2,2,637.8,False
0,5,0,2,10,10,5,5,1,8,3,8,2,5,10,3,2,3,10,7,3,665.8,False
5,4,7,3,2,6,1,2,2,8,3,6,2,7,0,3,1,4,0,5,1,626.7,True
2,1,4,4,1,10,2,5,2,6,2,10,2,6,0,1,2,2,4,5,1,664.7,False
3,5,4,10,10,10,4,2,1,9,4,5,2,6,5,3,2,5,1,2,1,672.2,False
3,3,10,8,10,10,10,5,2,8,8,6,10,6,3,3,2,10,5,5,1,733.6,False
4,5,7,2,3,8,5,3,1,0,1,10,1,5,6,7,1,3,1,5,3,618.6,True
3,2,9,10,10,10,10,5,1,8,6,10,5,7,1,3,2,10,7,10,1,768.6,True
3,3,5,5,5,10,10,3,2,6,2,10,2,7,2,2,2,10,1,2,1,678.5,False
3,4,3,4,10,5,10,5,2,5,1,4,0,6,10,1,1,10,0,3,3,627.8,False
1,2,6,3,3,6,2,2,2,7,1,10,0,7,0,6,2,5,0,4,2,632.6,False
0,3,6,6,4,7,7,2,1,9,9,6,2,8,7,1,2,6,8,7,3,691.5,True
5,2,6,8,6,9,4,5,2,9,6,10,4,7,0,2,2,7,8,10,3,731.2,False
2,3,6,10,5,10,5,2,1,8,5,10,1,8,7,4,2,10,4,4,3,695.7,False
4,5,4,4,5,5,4,2,1,3,5,4,3,6,8,1,2,4,2,5,1,643.1,False
1,2,7,5,10,10,7,5,1,8,4,9,0,9,0,4,2,10,1,10,2,724.6,False
4,2,5,1,2,2,2,2,2,7,3,2,0,7,0,1,1,3,3,5,1,612.3,False
5,2,6,2,0,4,5,0,1,5,1,7,2,6,0,10,2,10,3,7,0,655.6,True
2,3,4,3,1,4,1,0,1,6,1,2,1,8,4,2,2,3,3,5,0,621.0,True
1,4,0,7,2,3,1,2,1,5,1,2,2,7,10,2,2,6,0,0,3,600.4,True
4,2,7,10,10,8,3,4,2,7,8,10,7,7,4,3,2,7,8,7,3,724.4,False
4,3,3,2,3,10,1,2,2,5,1,4,1,7,3,4,2,10,2,7,2,639.9,False
2,2,0,3,0,2,2,0,1,3,4,8,0,7,0,6,1,1,3,7,1,605.0,True
1,3,8,1,1,2,2,2,1,7,3,1,2,8,0,1,1,0,3,2,3,612.3,False
5,1,6,10,8,10,5,5,2,10,8,10,7,8,0,2,2,8,10,10,3,762.0,False
1,2,2,5,6,4,3,3,1,8,3,1,10,7,0,10,2,5,0,10,3,661.4,False
4,3,4,10,10,10,4,3,2,10,7,6,10,7,0,3,2,10,5,7,3,725.3,False
3,4,0,9,10,4,4,4,1,9,0,10,0,7,0,0,1,6,0,3,2,663.2,False
2,3,1,2,6,2,0,1,2,5,1,1,0,5,10,2,2,10,1,2,3,586.2,False
5,5,4,8,10,10,3,5,1,8,1,7,5,7,10,2,2,10,1,10,3,703.4,True
3,5,10,2,2,3,1,1,1,7,2,8,1,6,0,3,2,4,3,10,1,655.8,True
0,2,0,0,3,4,3,5,2,2,2,2,10,8,0,1,2,8,0,10,2,643.1,False
3,3,7,10,10,4,4,5,1,5,1,6,10,7,0,5,1,2,1,8,2,682.8,False
2,2,0,0,7,2,7,2,2,6,4,5,5,8,0,3,2,3,1,10,3,647.1,False
1,3,2,3,7,3,3,2,2,4,3,3,3,5,7,1,2,3,3,7,1,615.5,True
2,2,8,5,2,6,8,1,2,7,2,3,3,7,0,1,2,3,3,7,1,656.7,True
5,3,0,4,8,4,7,0,1,6,7,10,7,6,3,5,2,7,10,5,1,695.3,False
1,2,3,6,10,10,1,0,1,8,1,8,2,8,0,1,2,3,8,7,1,686.8,False
3,3,2,6,3,10,5,1,1,8,2,9,3,7,3,2,1,4,4,6,3,659.6,True
3,4,7,10,5,5,3,5,1,5,6,8,3,7,5,2,1,8,8,7,1,688.3,False
1,5,1,4,4,8,1,1,1,2,5,1,1,7,7,4,1,4,3,2,1,590.0,False
5,4,3,4,0,5,3,2,2,5,4,7,0,7,0,6,2,5,0,5,2,628.6,True
3,1,5,6,3,5,2,5,1,10,2,5,3,7,0,1,2,3,2,10,3,692.8,False
2,2,3,4,10,5,4,1,2,5,3,7,5,5,0,10,1,3,4,7,1,626.5,True
3,2,5,4,7,6,3,4,1,4,6,8,2,8,2,1,2,1,1,4,2,676.6,False
5,1,10,4,5,10,1,5,2,2,2,2,5,8,0,0,2,8,0,2,3,677.1,True
1,3,0,5,3,3,1,0,2,1,4,1,1,8,7,2,1,6,5,4,1,578.3,False
5,4,6,6,6,2,3,5,1,8,3,10,0,8,5,1,1,6,4,6,2,673.6,False
3,3,2,7,10,4,5,5,1,5,4,10,7,8,0,4,1,8,2,5,1,688.9,False
2,3,10,5,4,4,5,3,1,7,3,3,1,8,2,4,2,10,6,8,1,685.8,False
5,5,8,9,6,10,1,1,2,10,5,6,10,7,7,6,2,8,2,8,3,681.1,False
3,3,10,10,10,10,10,5,1,8,5,4,5,7,7,0,2,10,6,10,2,747.0,False
5,4,7,5,10,10,4,3,2,9,4,5,4,9,10,1,2,7,5,5,2,684.7,False
3,1,1,5,5,3,4,5,1,8,7,5,5,6,7,3,1,7,7,10,3,677.3,True
4,3,3,3,10,10,6,5,1,9,5,10,2,8,5,7,2,4,6,7,2,705.9,False
3,4,4,3,8,10,5,1,2,4,4,5,2,8,6,0,2,1,2,7,1,643.7,False
3,2,4,10,10,6,3,2,1,1,2,10,1,7,0,2,1,1,3,5,2,661.5,False
2,5,2,1,3,5,2,3,2,2,5,10,3,7,5,10,1,6,0,1,1,585.0,False
4,1,8,5,10,2,10,5,2,5,10,4,10,9,3,3,1,8,9,10,1,716.8,False
4,3,5,4,3,2,5,1,2,5,2,5,0,8,5,4,2,7,1,5,2,626.7,False
4,2,3,6,7,2,5,1,1,10,4,3,3,8,0,1,1,6,3,5,1,665.4,True
3,2,8,9,5,7,5,3,1,8,4,9,3,7,7,2,1,6,8,5,1,688.5,False
3,1,5,10,10,5,4,5,1,7,3,8,10,6,0,0,2,10,4,9,3,742.5,True
4,4,2,8,10,6,10,3,2,8,3,7,10,7,0,1,2,4,8,5,2,705.1,False
1,3,2,3,1,10,4,3,1,7,8,6,1,9,0,7,2,4,8,7,0,674.7,False
2,2,4,1,4,3,3,0,2,6,1,5,2,7,10,2,2,10,3,6,2,619.7,False
3,5,10,10,5,10,2,4,2,2,1,8,5,7,0,1,2,10,2,4,2,681.5,False
3,5,5,10,10,7,0,5,2,0,3,4,4,6,0,6,2,7,10,3,2,663.5,False
2,2,3,5,8,9,7,4,1,8,8,6,8,7,2,4,2,6,5,9,2,718.5,True
1,4,3,6,10,3,3,0,1,7,2,2,2,6,10,7,1,6,2,5,1,603.6,False
5,3,6,10,10,8,10,4,1,7,5,6,5,8,6,2,2,10,7,10,3,744.2,False
5,5,0,4,10,10,5,5,1,10,2,4,6,8,0,2,2,10,2,7,2,709.8,False
2,4,2,1,1,1,1,0,1,1,4,5,2,9,5,0,1,2,7,10,2,609.9,True
2,1,4,10,4,10,10,2,1,10,6,10,4,6,7,2,2,7,4,4,2,710.6,True
2,3,10,6,10,5,4,4,2,7,3,7,5,7,2,6,2,7,5,5,3,681.3,False
5,2,4,2,0,1,0,1,1,3,0,6,0,7,10,0,2,5,1,10,3,626.7,True
1,5,4,4,8,10,7,5,2,3,7,6,3,6,0,9,2,5,2,2,1,648.6,False
2,2,1,2,1,1,2,2,1,7,1,5,10,6,10,7,1,4,10,7,1,621.2,True
3,4,2,6,3,8,3,1,1,7,6,6,1,9,8,2,2,5,2,2,0,649.2,False
2,4,10,5,3,8,7,4,2,8,8,10,5,8,0,3,2,10,6,10,0,716.1,False
5,2,10,6,10,10,6,5,2,7,4,10,2,7,0,2,2,10,1,10,1,729.5,False
5,2,10,10,4,10,3,5,1,7,8,5,6,9,4,1,2,10,1,4,1,730.6,False
4,3,4,8,10,8,5,3,1,7,6,1,7,6,3,3,2,10,7,5,2,708.8,False
3,3,5,3,7,9,9,3,2,9,9,5,9,7,0,1,2,9,7,10,3,721.7,True
1,2,3,2,10,8,5,0,1,7,6,10,2,5,10,1,2,4,6,3,1,662.8,False
3,4,7,1,2,2,0,1,1,2,0,2,3,7,0,5,2,3,0,3,2,608.9,False
5,1,5,10,10,3,5,1,1,6,2,5,3,8,0,0,2,1,3,10,3,701.5,False
3,5,5,5,9,8,6,4,2,5,1,4,0,6,10,3,2,10,2,2,2,638.0,False
2,3,3,7,10,7,1,3,2,8,0,6,2,8,2,2,2,6,4,3,1,657.5,False
5,4,9,5,8,10,8,1,1,5,6,7,8,6,10,0,2,10,10,5,1,718.5,True
2,2,4,5,4,5,1,5,2,6,4,3,4,7,0,0,2,10,8,7,3,678.8,False
3,4,1,7,5,8,2,5,1,9,3,5,2,5,10,7,1,3,1,5,2,626.1,False
4,3,4,5,10,10,7,4,1,8,4,3,7,5,0,2,2,5,8,10,3,722.6,False
5,2,5,8,10,7,5,5,1,5,7,10,5,7,0,3,2,5,5,8,3,734.6,False
2,5,3,4,10,5,2,5,1,0,1,3,1,8,10,10,2,4,0,3,2,611.0,False
2,5,3,6,3,5,2,1,1,7,2,7,1,10,10,3,2,2,1,4,1,625.8,False
0,2,0,3,3,10,7,2,1,5,2,4,6,6,10,3,2,5,3,5,1,641.4,False
2,5,5,6,3,5,2,1,1,7,2,7,1,10,10,3,1,2,2,3,1,612.2,False
1,2,10,5,3,2,5,2,1,8,1,5,2,7,0,0,1,7,1,4,2,652.0,False
3,1,1,6,7,1,4,5,1,8,2,6,4,8,0,4,2,8,8,8,1,701.7,True
3,1,10,7,5,4,2,2,2,6,3,2,3,8,0,7,2,10,1,7,1,663.5,False
2,4,1,5,5,2,4,2,2,5,0,9,3,7,1,10,2,8,0,4,2,618.8,False
3,1,10,7,10,10,9,3,2,7,3,7,5,5,0,1,2,10,4,7,3,721.7,True
1,0,10,10,10,1,3,5,2,8,1,2,4,8,10,10,2,3,8,2,3,651.6,False
5,2,1,2,6,2,2,4,1,8,5,10,1,6,0,2,2,9,5,7,3,693.6,False
3,2,3,8,10,10,4,5,1,10,4,5,2,9,4,10,2,10,7,7,2,711.9,False
3,4,4,5,10,3,1,5,2,5,1,4,2,7,10,3,1,3,1,7,2,611.0,False
1,3,3,2,10,5,2,2,1,6,1,2,2,8,0,5,2,10,4,2,2,651.6,False
4,0,3,5,2,2,4,0,2,8,4,3,1,7,0,1,2,9,4,3,3,651.6,True
5,0,9,10,10,10,10,4,1,10,10,10,10,7,0,0,2,6,10,10,3,802.6,False
3,1,8,4,4,10,5,2,1,7,8,10,1,8,0,2,1,7,2,7,2,695.7,False
1,5,1,6,7,3,2,2,2,2,6,5,1,6,2,2,2,1,4,4,1,614.4,False
1,3,10,10,3,1,10,1,2,8,5,5,4,8,3,5,1,10,10,10,1,672.6,False
4,3,6,6,6,10,10,5,2,7,4,8,3,6,0,3,1,5,2,7,2,681.3,False
4,3,6,6,6,9,7,3,2,6,8,6,4,9,2,5,2,6,7,7,1,696.8,False
2,0,1,10,10,10,6,4,2,8,6,10,5,10,0,1,2,1,8,10,2,728.4,False
4,5,10,5,10,10,10,5,2,10,10,10,10,7,0,1,2,5,10,10,3,758.4,False
2,5,8,4,7,10,4,2,2,4,2,8,1,7,5,1,2,5,1,2,2,640.7,True
2,2,4,9,10,2,5,5,2,7,6,3,3,6,8,1,2,8,5,8,3,676.9,True
1,2,3,5,0,3,2,0,1,7,1,1,5,8,5,0,1,3,2,3,1,607.2,False
3,2,8,9,9,9,7,2,1,7,6,10,5,8,8,2,2,10,8,6,3,731.4,False
2,2,10,4,6,3,2,1,2,6,3,8,0,7,0,7,2,4,2,3,2,637.3,False
3,4,8,9,10,4,6,5,1,6,5,3,9,8,2,0,2,8,8,4,2,723.2,False
0,2,1,10,10,10,6,3,1,7,2,5,3,8,10,1,1,10,6,8,1,677.7,False
4,1,5,8,8,10,8,1,2,8,8,6,9,8,0,4,2,6,7,8,2,722.1,False
3,4,2,1,2,10,1,2,1,2,0,7,0,6,5,2,2,3,1,1,1,616.5,False
3,5,0,3,0,2,0,0,1,2,0,2,0,6,0,0,2,2,0,10,2,601.9,True
1,1,10,10,10,10,10,5,1,8,7,3,10,7,0,1,2,10,2,10,1,760.4,True
1,4,4,5,8,10,4,3,2,8,6,6,5,8,5,1,2,4,8,7,1,677.9,False
3,3,10,3,10,4,1,2,2,7,5,5,0,8,0,3,2,8,0,10,1,669.2,False
3,4,3,6,6,10,5,3,2,1,5,3,10,4,5,2,1,7,7,5,1,645.9,True
2,1,7,5,3,3,3,1,1,7,1,8,1,8,2,3,1,3,2,7,1,644.3,False
1,2,1,7,7,10,0,0,1,7,2,2,4,8,0,1,2,7,2,3,2,660.1,True
2,5,4,5,8,6,6,2,2,7,1,1,10,7,0,7,1,6,2,9,1,635.9,False
2,3,7,4,3,6,7,4,1,8,4,7,5,6,6,2,2,8,3,7,0,687.9,True
5,3,5,3,3,5,2,5,1,7,2,10,1,5,0,3,2,5,1,10,3,683.2,False
4,4,3,4,3,2,0,5,1,6,1,2,1,9,5,10,1,3,1,10,1,614.4,False
5,3,0,1,0,10,0,3,2,4,1,1,0,7,10,1,2,5,0,0,3,593.4,True
3,2,8,6,5,6,6,1,2,9,1,8,5,7,0,0,2,10,1,4,1,683.2,True
3,1,8,10,10,10,6,5,1,6,2,10,7,7,0,1,2,10,2,8,3,749.9,False
2,3,3,3,6,3,8,3,2,7,5,3,5,6,10,7,2,4,6,3,2,629.3,False
2,1,5,4,0,2,3,0,1,5,2,1,5,8,3,0,1,3,2,2,1,615.7,False
4,5,10,8,10,10,3,5,2,3,2,8,5,7,0,5,2,5,5,4,1,688.3,False
4,5,10,8,10,10,5,5,2,3,2,8,5,7,0,4,2,6,6,4,1,696.8,False
2,2,7,7,10,5,10,5,2,6,6,5,10,4,0,3,2,10,10,5,2,719.4,False
5,2,10,8,7,4,7,5,1,9,4,4,10,7,0,1,1,7,3,4,1,714.7,True
3,3,2,10,10,10,7,2,2,8,8,8,5,7,0,0,1,10,3,9,1,701.9,True
4,4,4,8,2,9,3,2,1,8,3,2,2,8,5,1,2,6,5,3,1,666.9,False
4,2,4,4,4,3,5,3,1,5,7,5,5,9,6,2,2,3,3,8,1,677.9,False
2,3,6,5,8,9,8,4,1,7,7,6,5,7,7,1,2,6,7,5,2,706.6,True
5,5,5,2,10,10,5,5,1,6,5,10,0,7,0,5,1,10,1,10,1,693.8,False
1,2,3,3,7,3,4,3,1,1,2,1,0,7,0,2,1,3,6,10,1,634.2,False
1,3,5,7,5,9,6,3,1,7,4,7,3,8,0,2,2,6,2,10,0,698.5,False
4,3,4,3,3,10,2,3,2,7,1,10,0,7,0,1,2,8,6,3,2,668.3,False
3,3,4,10,8,9,2,5,2,1,4,10,0,7,5,4,2,8,3,1,1,663.2,False
4,5,7,10,5,7,5,5,2,3,5,8,2,6,0,2,2,10,10,10,1,706.8,False
2,2,4,7,4,3,7,3,1,7,3,6,3,5,3,0,2,2,8,4,1,675.6,True
2,1,7,3,3,3,0,3,1,4,1,5,1,8,9,1,2,0,1,5,2,630.1,False
4,4,3,5,10,3,3,5,1,9,10,1,4,8,5,4,2,10,0,2,2,680.3,False
4,4,0,7,4,3,7,3,2,8,5,6,3,7,7,4,2,8,5,5,1,653.9,False
2,3,5,1,3,2,2,2,1,4,1,3,7,8,0,3,1,4,1,7,2,626.3,False
3,5,10,8,10,10,10,0,2,10,8,7,1,6,0,3,2,3,1,4,2,684.5,False
1,1,8,3,2,3,7,1,2,5,0,6,5,8,10,2,2,4,2,10,3,637.1,True
3,1,0,7,10,4,4,3,2,7,0,3,0,6,5,3,2,4,0,7,1,637.8,True
1,2,1,7,3,2,4,2,1,6,4,2,10,8,0,1,2,2,8,5,1,670.3,False
2,5,0,1,1,0,1,0,2,0,2,1,0,3,10,10,1,2,1,0,2,504.2,False
2,5,2,4,2,10,1,2,1,2,4,3,3,8,6,5,2,10,1,3,1,631.4,False
5,4,8,7,10,10,2,2,2,9,1,9,2,7,5,1,2,10,5,3,1,688.5,False
5,5,2,4,10,4,4,2,2,3,8,2,3,6,0,10,2,3,8,4,3,639.3,False
5,4,10,5,5,2,5,3,1,8,2,7,2,7,0,2,2,10,2,10,1,701.7,False
2,0,10,6,8,6,4,1,1,2,2,5,5,8,7,0,2,10,5,5,3,691.3,True
3,1,5,2,2,1,0,0,1,1,3,8,0,8,0,2,2,0,4,10,3,642.6,False
2,2,2,10,6,10,1,3,1,5,4,10,5,10,10,1,2,10,7,10,1,709.7,False
4,2,7,3,3,6,2,5,2,4,1,3,3,6,0,2,1,2,3,5,2,631.0,False
3,3,0,6,4,10,0,5,1,3,0,10,10,7,5,1,2,4,2,7,2,678.5,True
3,4,10,6,10,4,10,0,2,10,6,6,5,7,0,0,2,10,2,10,1,706.6,True
2,1,1,3,2,10,4,1,2,7,3,3,1,7,2,3,2,8,2,8,2,644.8,False
1,4,5,4,8,5,5,5,1,7,8,10,5,8,0,7,1,7,6,8,1,688.9,False
3,3,5,5,5,4,5,3,2,6,6,4,4,5,4,5,2,5,4,6,0,649.7,False
3,4,3,3,2,2,2,3,2,1,3,1,1,5,8,3,1,4,0,3,1,567.5,False
2,2,2,10,10,10,5,5,2,6,8,8,10,8,0,1,2,10,8,7,3,736.1,True
2,4,6,5,10,10,2,5,2,7,3,5,4,6,7,2,2,6,6,5,3,668.8,True
2,5,3,6,5,3,0,0,2,4,3,2,8,6,10,5,2,10,10,10,1,629.1,False
3,5,2,10,10,7,7,0,2,8,10,6,3,6,10,10,1,10,3,10,2,645.2,True
2,4,10,4,10,4,6,3,1,8,4,10,5,7,2,2,1,10,3,4,1,688.7,False
3,2,5,10,5,4,6,5,2,9,4,2,5,7,5,1,2,10,1,10,3,688.8,True
3,4,3,5,7,4,6,5,2,7,4,6,5,7,7,5,2,10,2,5,2,660.7,True
4,1,5,4,6,10,5,2,2,9,1,1,2,7,0,2,2,4,1,5,1,661.4,False
2,2,10,10,10,7,4,4,1,7,3,10,5,8,0,1,2,8,3,7,2,733.1,False
2,3,2,5,6,2,6,3,2,8,3,9,5,7,6,5,2,5,2,3,2,642.6,True
1,3,2,3,3,2,0,1,1,8,6,8,10,7,0,5,2,3,5,3,1,654.3,False
5,2,10,10,10,3,5,4,1,9,3,3,8,5,0,0,2,6,4,8,3,729.4,False
2,3,3,4,2,7,2,2,2,7,4,8,5,7,10,2,1,4,2,4,1,613.5,False
3,4,6,6,5,5,5,3,1,5,4,7,7,6,3,4,1,7,6,8,0,672.6,False
2,2,5,4,10,10,3,2,2,7,6,2,2,8,0,1,2,5,7,4,2,675.4,False
3,0,10,4,4,5,5,1,1,10,1,5,4,6,1,3,2,10,1,10,0,697.7,False
2,3,9,2,2,2,2,3,1,7,5,6,4,7,0,1,2,5,2,7,1,670.9,False
5,2,8,6,10,6,8,3,2,8,6,3,1,8,0,2,2,10,7,8,1,714.7,False
5,5,10,1,10,10,8,5,2,8,9,10,3,8,4,1,2,10,4,10,3,728.0,False
2,4,2,5,4,2,5,4,2,3,3,1,3,7,5,6,1,3,3,3,2,591.7,False
3,2,3,5,8,7,7,4,2,9,9,3,4,5,4,5,2,6,3,5,3,673.3,False
3,1,5,6,3,2,1,2,2,1,1,3,2,8,0,6,2,4,1,3,1,617.8,False
3,2,0,0,10,0,2,5,2,7,10,1,10,10,0,1,2,10,1,10,2,685.8,False
2,3,1,3,4,2,2,4,1,2,2,1,2,6,3,3,1,4,2,5,2,606.8,False
1,1,3,6,9,5,8,3,1,6,6,5,8,7,2,1,2,8,8,8,1,716.6,True
3,2,7,8,10,7,7,5,1,6,2,10,10,8,0,3,1,3,3,10,2,717.8,False
0,4,10,2,5,5,0,0,1,8,3,2,5,5,0,2,1,0,0,4,0,611.9,False
0,4,10,2,5,5,0,0,1,8,3,2,5,5,0,2,1,0,0,4,0,611.9,False
3,5,5,7,7,1,3,5,2,3,2,5,1,6,0,6,2,10,3,4,3,643.3,False
4,5,0,5,2,3,3,2,2,4,3,4,10,6,5,4,1,2,8,3,2,607.4,True
4,2,7,10,10,10,10,5,2,8,8,10,5,9,9,1,2,9,8,10,1,748.6,False
3,5,3,9,6,7,4,2,1,6,5,5,1,6,10,6,2,5,3,8,1,651.8,False
4,3,7,4,10,6,4,5,1,8,1,8,2,7,3,2,2,6,4,8,1,703.6,True
4,3,5,9,10,8,8,4,2,5,3,3,2,8,2,7,2,5,6,2,2,673.9,True
2,5,1,10,2,5,0,2,2,5,1,3,5,8,10,4,1,3,2,4,2,585.5,False
1,3,2,6,8,4,7,1,2,8,3,5,3,10,2,3,1,1,8,3,1,633.9,False
5,4,0,4,10,9,3,5,1,7,5,10,10,6,0,3,1,3,3,6,1,691.9,False
3,3,4,4,4,10,1,0,1,7,5,4,4,8,0,1,2,3,6,3,1,669.0,False
4,2,4,6,5,6,2,5,2,8,5,8,6,6,3,7,2,6,0,4,1,666.0,False
4,4,3,3,7,10,8,3,2,9,3,10,5,8,10,0,2,10,6,5,3,688.9,True
2,2,2,1,2,1,3,2,2,7,8,3,0,8,0,1,2,5,6,7,3,641.6,False
5,3,3,2,6,4,6,1,2,6,2,10,5,6,0,4,1,7,4,8,3,651.1,False
3,1,4,10,10,10,2,3,1,6,3,7,3,7,0,1,2,7,8,4,1,717.0,False
2,3,2,10,10,10,5,3,2,6,8,5,10,8,10,2,1,10,8,8,3,686.2,False
3,4,10,10,10,8,8,5,2,6,1,10,8,6,0,7,2,10,6,7,1,719.1,False
3,3,1,8,10,10,5,2,2,7,4,4,10,7,0,0,2,5,3,6,3,689.2,False
2,3,3,3,9,4,3,5,1,10,5,10,4,5,9,9,1,7,8,5,1,659.4,True
1,5,0,8,10,10,2,1,2,9,3,10,1,10,7,3,2,10,10,0,2,662.1,True
1,3,3,4,5,10,2,0,2,6,8,10,0,6,0,7,2,4,2,7,2,642.6,False
5,5,10,5,10,10,10,5,1,7,7,10,10,6,0,6,1,10,10,10,3,749.7,False
4,3,4,2,5,2,3,2,2,6,2,4,0,7,3,1,2,2,3,4,2,624.6,False
2,4,0,3,5,10,2,0,2,9,4,4,5,6,0,2,2,2,4,10,3,644.8,False
2,1,4,10,3,7,3,0,1,6,2,8,3,7,0,6,1,4,3,10,1,659.4,True
2,2,4,4,1,4,2,0,2,6,2,5,3,8,0,4,2,5,3,8,2,633.5,True
2,1,1,10,3,4,0,0,2,9,0,1,3,8,10,1,2,1,0,1,3,600.4,False
4,1,10,7,10,10,4,5,1,2,3,8,2,6,0,2,2,5,4,7,1,720.4,False
1,2,5,10,10,7,0,5,2,2,3,4,3,4,10,0,1,8,5,7,1,641.0,True
5,3,10,3,1,10,1,3,1,0,4,10,2,8,0,6,2,10,1,5,2,682.1,False
2,2,5,10,10,8,4,2,1,2,5,5,2,8,0,5,2,8,4,5,2,691.3,False
3,4,3,6,10,10,2,5,2,5,2,10,0,7,10,2,2,10,4,7,2,670.0,False
2,3,3,7,3,4,0,2,1,3,3,4,2,6,4,0,2,0,2,3,0,627.8,False
2,1,0,3,3,10,8,0,1,5,3,10,5,7,10,0,2,5,4,3,1,663.2,True
1,3,10,3,5,7,0,1,1,3,0,6,0,7,0,1,2,2,0,8,2,645.4,False
5,1,6,7,5,2,6,2,1,8,5,8,9,7,0,1,2,8,8,3,2,722.3,True
3,1,10,5,10,10,10,5,2,5,5,7,5,7,0,3,2,10,7,10,1,737.4,False
2,2,6,6,8,5,5,1,2,8,2,8,4,7,0,4,2,5,7,9,3,679.8,True
4,1,7,7,5,7,3,2,1,5,6,4,8,7,0,4,2,10,1,10,3,709.6,False
4,4,4,6,4,6,4,5,2,7,4,7,7,8,5,4,2,10,1,2,2,667.9,True
3,4,8,10,10,10,9,5,1,9,7,7,10,7,2,5,2,6,9,7,2,751.0,False
4,4,4,6,4,5,4,5,2,7,1,7,5,7,5,3,2,10,1,2,2,657.5,True
4,3,5,6,9,7,10,2,1,6,1,7,2,7,0,3,2,10,2,6,1,701.7,False
3,2,5,10,10,10,1,5,2,4,5,1,4,8,0,1,1,7,3,5,1,671.8,False
5,2,5,8,7,3,3,1,1,4,7,7,4,9,8,2,2,10,2,10,2,695.3,False
1,1,0,3,2,4,5,3,1,5,3,2,5,8,0,1,1,5,0,7,1,638.0,True
5,4,2,4,10,10,10,3,1,8,6,6,9,6,10,10,2,10,6,10,2,708.1,True
0,4,8,3,3,4,0,4,2,7,3,1,0,6,3,1,2,3,1,5,2,613.6,True
3,3,3,7,5,8,2,3,1,9,3,7,2,6,4,5,1,7,5,8,2,664.1,True
1,1,4,5,10,10,3,3,1,9,10,3,3,8,9,0,2,3,9,10,1,706.2,False
3,3,1,5,3,5,2,2,1,5,2,3,7,5,0,9,2,5,3,3,2,637.6,False
1,4,3,4,5,4,4,2,1,4,1,10,2,7,0,0,1,10,2,7,1,651.3,False
1,2,2,3,3,0,1,2,1,2,0,4,0,6,0,2,1,3,0,0,1,587.0,False
4,1,5,1,7,5,2,5,1,7,5,1,10,9,0,1,2,1,0,5,2,687.3,False
2,4,2,4,4,6,4,2,1,6,4,4,2,7,10,3,1,5,4,3,1,617.8,True
1,5,1,5,6,3,2,5,2,5,0,2,0,7,5,3,2,2,1,10,2,610.6,False
2,3,4,3,3,5,3,5,1,2,1,8,5,8,0,1,2,3,3,5,1,666.4,True
5,3,1,1,5,1,9,3,2,3,2,1,10,6,5,1,2,6,7,10,1,657.8,True
2,4,1,5,4,2,2,5,1,7,2,1,0,6,5,1,2,10,1,5,3,640.8,False
2,3,10,7,5,5,2,2,1,4,3,7,10,7,0,2,2,10,1,4,1,691.5,False
3,3,2,3,3,1,5,5,2,8,6,6,5,9,2,2,2,10,8,10,3,686.6,True
5,2,10,4,3,6,2,5,1,5,2,8,0,8,0,0,2,5,2,3,1,690.2,True
3,4,8,4,7,10,6,3,2,6,6,8,6,7,0,2,2,2,6,6,3,690.0,False
3,3,2,5,3,10,9,0,1,6,1,5,7,8,0,3,1,4,1,8,2,659.0,False
5,3,10,9,10,10,3,5,1,6,2,6,10,8,0,4,2,7,7,6,1,740.8,False
5,1,5,10,10,10,7,2,1,7,2,10,10,5,6,2,2,10,4,7,2,735.9,False
4,2,4,4,4,6,2,1,1,8,2,10,2,8,0,5,2,2,2,5,2,666.8,False
4,2,4,4,4,6,2,1,1,8,2,10,2,8,0,5,2,2,2,5,2,666.8,False
3,1,2,2,4,3,2,5,2,8,5,4,5,8,0,2,2,10,1,5,3,667.3,False
2,5,2,3,6,3,3,5,2,4,1,2,1,7,4,2,2,4,2,4,2,614.0,False
2,2,3,10,10,10,6,4,1,5,8,9,5,7,0,3,1,3,8,5,1,707.2,False
4,4,5,8,2,5,3,5,1,9,6,6,6,8,2,2,2,5,4,6,3,698.3,False
3,4,6,8,4,2,2,2,1,7,1,6,0,7,5,5,2,1,1,10,2,643.7,True
1,4,1,4,5,4,1,1,2,4,1,4,3,5,0,5,1,3,2,2,2,580.0,False
3,2,2,10,6,10,4,5,2,5,8,3,5,8,0,1,2,10,8,8,3,713.0,True
1,1,10,9,7,3,4,2,1,9,8,10,3,7,0,1,2,5,8,4,2,717.6,False
4,4,7,2,4,9,3,4,2,8,1,10,3,8,0,1,2,8,3,7,3,683.8,True
3,1,2,3,10,10,2,3,2,9,5,10,5,8,0,1,1,4,6,7,2,683.8,False
2,5,0,2,2,3,5,2,1,4,2,1,4,8,5,4,1,5,2,1,1,593.6,False
5,3,4,5,5,4,7,3,2,7,2,3,3,7,2,5,1,6,2,6,3,638.0,False
5,2,3,7,4,7,10,5,2,9,9,10,5,8,0,2,2,10,8,7,2,736.5,False
4,1,4,4,2,2,1,4,2,3,2,6,3,6,3,4,2,3,2,7,3,635.0,False
4,3,3,10,7,4,0,5,1,5,1,3,0,7,10,5,1,10,1,10,3,644.8,True
3,3,6,2,0,2,2,0,1,8,2,3,0,8,0,4,1,8,2,10,3,629.7,False
3,4,3,4,8,8,3,5,2,9,2,6,1,7,0,8,2,8,1,3,2,653.9,True
2,3,3,4,10,10,4,3,1,7,3,4,5,8,0,1,2,6,3,2,2,686.0,False
2,1,5,5,3,10,4,0,1,8,2,8,3,8,0,2,2,3,3,7,1,681.7,True
5,1,3,9,10,10,2,4,1,8,3,5,3,8,0,2,2,3,5,10,3,721.9,False
5,3,5,8,5,10,4,5,2,7,4,5,5,6,10,2,2,6,6,10,2,687.5,False
5,0,10,5,3,7,8,3,1,9,4,9,10,8,0,4,2,7,5,9,3,744.8,True
5,3,7,6,10,6,7,3,2,10,6,6,6,8,4,10,2,10,10,6,2,706.8,False
5,5,7,3,10,4,0,5,1,9,2,9,6,7,5,3,2,9,2,10,3,700.4,False
2,2,3,10,10,3,4,5,2,2,2,1,1,6,0,1,2,5,9,10,1,673.1,True
1,2,3,8,4,4,5,2,2,4,1,2,5,8,5,1,1,4,3,8,1,622.7,False
5,1,3,6,4,4,6,2,1,7,2,8,2,7,0,2,2,3,8,9,1,698.5,False
1,5,0,3,5,3,1,0,2,3,3,7,0,8,0,5,1,5,1,5,2,582.9,False
2,1,0,3,2,10,2,2,1,10,4,5,5,6,4,2,1,1,6,5,1,646.7,True
3,1,5,10,10,10,8,4,2,7,4,8,6,6,3,1,1,3,6,10,1,701.7,False
5,5,5,10,5,4,4,3,1,10,5,10,1,8,0,3,2,4,1,7,1,695.7,False
3,3,7,4,4,3,4,0,2,4,1,8,4,9,0,3,2,10,4,3,0,653.0,False
3,2,0,4,10,2,0,4,1,5,0,10,0,8,10,2,1,4,0,4,1,624.3,False
5,2,4,10,5,8,2,2,1,4,3,2,2,7,3,3,1,6,3,10,1,665.0,False
2,5,4,2,2,10,8,3,2,9,1,10,10,8,0,3,2,7,1,10,3,682.1,True
2,3,10,10,8,7,10,5,2,9,9,4,6,9,0,4,2,10,6,7,2,732.1,False
3,3,10,2,10,6,4,1,1,5,4,7,2,8,0,2,2,2,6,10,1,693.4,False
2,2,6,8,10,7,6,5,2,8,6,5,4,9,0,2,2,4,3,7,2,701.7,False
1,3,0,1,2,0,1,0,1,3,2,1,2,8,0,3,1,10,2,3,1,593.6,False
2,4,1,10,10,10,2,3,2,9,5,2,1,7,7,1,2,6,5,3,3,656.5,True
1,1,10,8,3,8,1,5,1,0,3,1,1,10,0,1,1,5,1,3,1,653.5,True
1,1,10,8,3,8,1,5,1,0,3,1,1,10,0,1,1,5,1,3,1,653.5,True
2,4,2,5,7,4,2,3,1,3,4,2,2,7,0,3,2,10,2,5,1,654.8,False
2,3,3,5,5,7,3,3,1,7,3,7,8,7,10,3,2,3,1,3,2,654.1,True
2,2,2,4,10,10,3,2,2,8,5,8,5,6,0,5,2,3,8,3,2,672.8,True
2,1,2,6,2,5,1,2,1,8,5,8,4,8,0,3,1,4,6,9,2,668.1,False
3,3,1,6,2,3,2,2,2,4,1,4,5,8,3,3,2,3,3,9,2,629.9,True
1,3,1,1,2,4,3,2,2,8,7,5,5,8,0,2,2,3,1,3,0,630.1,False
4,3,3,3,10,7,8,2,2,8,4,6,6,7,0,3,2,10,3,10,2,696.4,False
5,5,10,10,10,10,10,5,2,10,10,10,10,10,10,10,2,10,10,10,1,752.2,True
3,3,8,5,2,6,6,1,1,5,1,4,8,7,0,1,2,7,5,7,2,685.8,True
1,3,3,4,2,3,4,1,1,7,1,2,6,7,6,1,2,2,1,5,0,627.6,False
1,4,1,10,1,6,1,0,1,3,4,2,7,8,0,1,2,10,5,0,0,649.9,True
4,3,10,6,7,10,5,4,2,7,6,10,7,7,10,3,2,7,7,10,1,710.8,False
1,3,1,6,6,7,3,3,2,5,2,3,2,6,2,1,2,4,3,7,2,637.8,False
1,3,2,6,10,10,3,5,2,5,3,1,4,6,10,1,1,4,6,3,1,627.2,True
2,2,2,1,1,3,1,2,2,5,2,9,1,7,3,1,2,2,2,2,1,612.0,False
3,3,7,10,10,10,3,3,2,5,3,4,4,5,0,4,1,6,5,3,2,659.9,False
3,5,2,5,6,10,5,5,2,3,4,10,3,8,0,1,1,5,8,8,1,670.2,False
5,2,5,5,5,10,8,3,1,8,6,10,5,8,5,3,2,5,7,10,3,728.0,False
1,3,1,3,0,4,1,0,1,6,0,5,0,7,0,1,2,3,1,7,0,619.7,False
2,2,10,3,5,5,5,2,1,8,2,4,2,9,3,2,2,3,3,4,1,669.2,True
4,2,5,6,10,10,4,5,2,8,4,6,1,8,4,1,2,8,3,5,2,694.9,True
5,3,3,1,10,10,0,5,2,3,2,9,1,7,3,1,2,5,1,1,2,654.5,False
1,5,2,5,8,10,4,2,2,9,7,10,6,8,4,3,2,3,6,3,2,666.8,True
5,5,4,10,8,4,1,4,1,2,1,2,1,7,10,7,2,3,5,5,3,637.8,False
1,2,10,4,10,5,2,5,2,5,0,6,5,6,5,0,2,10,4,6,1,675.8,False
3,2,4,4,10,5,2,5,2,6,5,3,2,6,10,1,2,10,8,2,2,661.6,False
1,5,10,8,3,5,3,5,1,9,4,1,5,7,5,5,2,7,2,2,1,661.4,False
3,4,3,10,7,5,5,2,1,8,2,10,3,6,0,1,2,8,8,7,1,705.5,False
3,3,10,8,2,3,0,2,2,3,1,3,0,8,0,6,2,4,0,2,2,617.8,False
1,3,3,7,4,3,5,2,1,8,5,3,2,8,0,4,1,2,6,6,1,645.0,False
3,3,5,4,10,10,6,4,1,7,7,4,6,7,0,3,1,8,8,5,1,702.8,False
1,1,8,4,10,9,7,1,2,6,8,9,10,8,8,1,2,3,8,7,1,700.6,True
5,1,10,10,4,3,4,5,1,7,5,3,1,8,0,0,2,7,6,10,2,726.6,True
3,5,2,6,10,10,10,5,2,5,2,5,10,6,10,10,2,10,10,2,2,672.2,True
1,3,10,5,6,5,3,2,2,7,0,4,2,6,5,3,1,5,0,2,0,609.1,False
3,4,2,5,9,4,7,2,2,3,3,4,5,7,0,4,1,6,7,4,1,638.2,False
5,0,10,6,10,10,10,1,2,3,5,5,0,8,0,3,2,4,6,10,1,710.0,False
3,4,4,6,3,3,0,0,1,5,0,6,1,7,0,1,2,0,1,10,1,636.9,True
3,1,10,7,10,5,8,4,2,3,5,3,10,8,7,1,2,10,2,10,2,707.9,False
0,5,1,3,7,10,1,3,2,7,5,7,3,6,0,5,2,6,10,6,1,653.9,False
3,2,2,6,7,3,4,2,2,9,1,3,2,8,0,1,2,5,7,6,2,662.0,True
2,1,5,10,8,3,0,2,2,3,0,1,10,6,10,2,2,10,2,10,1,651.0,False
1,2,0,5,0,4,3,0,1,6,3,2,10,7,0,0,1,2,1,10,0,632.7,True
5,5,2,0,0,1,1,1,1,3,1,1,2,5,0,0,2,6,0,6,1,613.4,False
4,0,2,10,5,2,7,5,1,9,5,4,1,8,8,0,2,2,10,5,1,699.6,False
4,4,1,5,8,6,1,1,2,8,4,5,3,7,7,4,2,4,6,3,1,635.0,False
3,4,1,10,9,8,5,1,2,7,3,8,0,6,5,3,1,3,1,10,2,637.1,False
2,1,3,10,3,4,5,1,1,2,2,8,3,7,0,4,2,4,2,10,2,671.3,False
2,3,9,7,5,4,4,2,1,8,2,4,3,7,0,2,2,3,0,8,2,672.2,True
1,3,4,4,3,10,3,2,1,2,0,8,10,7,0,2,1,7,1,7,0,656.0,False
3,2,3,10,10,10,7,4,2,8,8,8,10,8,3,1,1,5,7,6,3,710.6,False
2,3,8,3,4,5,3,5,1,8,1,4,3,8,0,0,2,5,4,7,1,684.3,False
1,2,1,4,5,3,1,3,2,2,1,2,1,8,0,3,1,5,1,1,1,590.4,True
3,2,1,7,4,2,2,4,1,5,2,5,1,10,0,4,1,2,2,7,1,642.4,False
1,0,2,10,6,1,2,3,2,0,1,2,5,10,0,0,1,7,1,3,1,628.2,False
1,4,10,5,10,10,10,5,1,5,4,5,2,6,10,5,2,10,1,10,2,694.3,False
3,3,5,6,3,7,3,0,1,4,2,10,0,6,0,5,2,6,1,4,2,652.8,False
3,4,7,10,10,5,3,4,1,9,6,8,5,7,10,1,2,3,2,6,2,693.4,False
2,3,6,7,8,8,5,2,2,7,4,5,5,7,5,5,2,6,5,6,0,667.3,True
1,4,2,10,7,8,2,2,2,8,4,1,0,8,5,2,2,3,3,9,0,641.2,False
1,1,0,5,1,4,2,1,1,2,8,1,3,8,7,2,2,5,0,10,0,634.4,False
5,3,10,9,6,5,4,5,2,7,2,2,5,7,10,2,2,4,1,10,3,671.8,False
1,5,0,0,2,2,0,1,2,1,0,1,0,7,10,7,1,2,2,0,1,518.6,False
5,1,0,2,5,3,7,3,1,10,9,10,10,9,0,1,2,6,10,7,3,736.7,False
3,1,2,10,7,6,5,2,1,6,6,3,4,10,6,4,1,4,7,9,0,677.7,False
2,2,4,10,7,7,7,4,2,8,6,4,5,7,0,0,2,10,5,9,1,711.3,True
2,2,2,5,3,8,4,2,1,3,3,6,5,6,5,2,1,4,8,5,2,646.9,False
1,4,2,8,6,8,6,3,2,5,6,4,4,8,1,4,2,4,3,5,0,655.4,False
3,4,10,4,10,10,6,5,1,5,4,3,5,8,0,1,1,10,4,7,1,704.5,False
5,1,4,10,1,10,5,5,2,9,4,5,1,7,3,0,2,10,1,10,3,703.0,True
2,2,4,7,4,4,4,5,1,10,1,10,10,8,10,2,2,5,2,4,3,685.5,True
5,1,10,7,2,6,2,2,1,9,4,9,8,8,0,3,2,2,1,8,1,709.1,False
2,1,6,7,4,4,2,2,1,6,4,6,1,8,4,1,2,3,3,8,3,671.1,False
5,1,10,6,4,6,4,5,1,6,2,8,3,7,2,2,2,8,1,7,1,710.4,False
5,3,3,4,2,5,7,1,2,2,1,3,2,5,0,1,2,5,1,1,2,624.0,False
3,3,0,5,7,10,3,1,1,3,1,8,0,8,0,6,2,1,3,9,1,656.2,True
2,2,6,9,10,5,10,2,2,8,3,7,8,7,7,2,2,8,2,7,3,691.5,False
2,3,6,5,10,10,5,4,1,8,9,10,5,7,10,1,2,10,3,3,1,710.8,False
3,3,2,8,1,7,2,0,1,6,1,10,2,6,0,7,2,4,0,7,3,647.7,True
5,4,2,5,2,2,0,3,1,7,2,5,2,7,3,2,2,6,2,7,1,652.0,False
1,3,6,10,7,3,7,3,1,8,5,2,10,8,4,10,1,10,1,6,1,666.9,False
2,3,2,6,2,5,4,1,1,8,1,4,2,5,0,8,1,2,1,5,2,612.3,False
4,2,6,6,10,6,8,5,2,10,6,10,10,7,0,7,2,4,3,7,2,717.6,False
2,3,4,5,3,3,4,1,1,9,4,9,2,6,0,5,2,3,3,4,3,656.0,False
5,3,1,4,10,10,5,5,1,10,10,10,5,8,3,0,2,6,6,4,2,734.8,False
3,1,0,4,10,10,3,4,1,5,2,10,0,7,0,1,2,1,6,8,2,695.5,True
4,1,10,9,10,10,10,0,2,8,8,10,5,7,0,2,2,6,10,10,1,746.5,True
5,5,2,10,10,10,8,5,2,5,10,8,5,8,9,10,1,6,9,10,1,686.8,False
3,2,10,8,10,10,10,4,1,9,4,10,4,7,0,2,2,10,2,7,3,749.9,True
3,3,1,10,8,5,4,3,1,5,7,6,5,7,0,2,1,7,4,7,3,682.8,True
1,3,10,3,10,10,10,2,1,9,7,10,7,6,0,2,2,7,5,4,1,727.6,True
3,2,5,3,10,3,3,3,1,2,2,1,2,8,4,2,2,9,4,3,2,659.9,False
5,5,3,1,2,3,1,1,1,8,2,9,0,7,0,2,1,2,2,5,1,623.9,False
3,2,6,6,6,6,2,2,1,5,10,6,3,6,10,4,2,4,4,3,1,663.9,False
5,1,10,10,8,10,6,5,1,4,3,10,2,7,0,2,2,4,4,10,1,741.4,False
2,3,5,10,10,8,3,3,1,7,2,2,3,8,0,2,2,6,3,7,2,692.4,False
1,5,2,2,2,3,1,1,1,4,2,3,3,6,0,8,1,2,0,6,1,583.4,False
2,3,6,3,4,3,3,5,2,8,1,8,3,6,0,2,1,5,1,7,2,638.8,False
1,2,0,5,4,6,7,3,2,4,5,3,3,5,1,2,1,5,10,2,1,630.8,False
2,3,3,3,2,3,2,1,1,7,2,2,2,7,0,3,2,2,2,4,2,627.6,True
1,5,1,5,0,10,10,0,2,4,10,3,2,9,4,3,2,2,8,5,2,638.4,False
5,3,3,5,5,10,3,2,1,8,5,10,2,8,0,3,2,4,7,7,1,704.2,True
2,1,7,5,8,5,2,3,1,9,2,5,6,7,1,0,2,10,3,10,1,709.8,True
4,3,10,10,6,10,2,5,1,4,1,3,2,8,10,10,2,3,1,5,2,660.3,False
2,4,4,6,5,8,3,2,2,5,4,5,4,7,0,5,2,5,5,4,2,648.6,False
2,2,4,4,2,4,4,5,1,8,3,4,10,8,10,1,1,5,2,4,3,650.3,False
2,4,2,1,3,2,1,1,2,2,0,2,0,5,5,0,2,1,0,2,1,569.4,False
0,1,2,10,5,10,2,1,2,10,0,5,10,8,0,4,2,5,5,3,1,667.5,False
5,4,4,2,1,10,2,5,1,7,1,8,5,6,10,10,2,7,1,2,1,645.6,True
4,4,3,4,4,10,3,5,2,8,2,10,5,5,2,2,2,8,8,10,3,693.4,False
5,0,10,3,4,6,10,2,1,1,5,10,10,6,0,3,2,5,5,3,0,715.7,True
5,4,9,5,4,5,8,1,1,8,2,7,6,8,0,5,2,9,2,9,1,701.9,False
3,3,10,1,5,3,5,0,1,9,3,5,2,9,0,0,1,4,2,10,1,662.6,False
1,3,1,7,2,7,0,4,1,5,4,4,3,9,2,0,1,0,2,7,1,636.9,True
1,1,0,10,6,5,7,5,2,8,4,3,10,8,0,1,2,10,2,10,3,702.8,False
4,3,10,2,1,5,2,0,2,6,1,7,1,6,5,1,1,5,1,10,2,619.9,False
4,3,3,3,6,8,10,5,2,8,8,4,5,5,10,2,2,10,10,7,2,693.9,True
3,3,8,2,1,1,0,0,1,6,2,3,1,5,8,1,1,3,3,2,1,593.4,False
5,2,1,2,5,4,4,2,1,8,3,8,3,7,8,2,2,8,2,6,3,667.9,False
4,3,7,9,10,7,4,1,1,7,4,9,4,8,6,4,2,4,3,6,1,693.8,False
2,3,4,7,10,7,4,2,1,5,3,4,7,7,0,2,2,6,7,5,1,692.6,False
2,1,7,9,8,10,7,4,1,8,7,10,9,6,9,1,2,10,8,8,2,746.3,True
1,4,2,7,6,8,4,3,1,8,5,6,8,6,6,4,2,6,2,5,2,670.7,False
1,1,2,3,4,3,3,1,2,7,3,5,5,8,3,1,2,7,3,8,1,647.1,True
3,2,4,1,2,1,2,1,1,5,3,8,0,8,2,1,2,2,3,10,2,649.4,True
2,4,3,5,5,9,6,3,2,9,8,4,6,7,4,7,2,5,7,5,1,665.4,False
1,2,4,0,4,10,5,1,2,3,7,6,4,8,0,2,1,3,7,10,0,647.3,False
5,4,5,2,10,10,0,1,1,9,1,10,2,7,10,10,2,6,1,10,2,661.5,False
3,2,3,5,2,4,3,1,1,7,1,10,3,7,2,5,1,3,1,6,0,636.0,True
0,4,3,3,5,1,8,5,2,5,0,1,10,7,7,5,2,10,3,10,0,641.0,True
2,2,0,4,4,7,1,5,1,4,1,9,5,6,5,1,2,1,0,3,2,647.5,False
5,3,5,5,8,3,10,5,1,10,6,6,5,5,8,2,2,3,7,3,1,699.4,False
3,3,3,2,2,6,0,2,2,2,1,1,5,7,0,2,1,6,1,10,1,610.4,False
3,4,3,5,8,8,3,5,1,8,4,5,3,7,8,2,2,4,3,5,1,672.4,False
3,1,1,2,2,3,2,2,1,5,3,7,10,7,1,0,2,8,2,10,2,681.3,True
3,3,5,5,3,10,2,5,1,8,2,7,5,8,0,1,2,4,1,9,3,696.8,True
5,2,10,10,10,6,9,5,1,5,3,6,10,7,0,0,2,4,7,10,3,755.9,False
2,3,6,5,5,8,2,2,2,6,1,8,10,7,3,4,2,6,2,7,2,662.8,True
4,3,5,10,8,10,2,5,1,10,3,10,5,9,0,10,1,6,5,4,2,699.3,False
4,3,1,5,10,3,2,1,1,5,1,7,4,8,0,1,2,7,1,9,2,676.4,False
1,1,9,10,4,8,2,3,1,10,8,6,2,7,2,0,2,6,6,10,1,720.2,False
2,1,4,10,10,5,2,0,1,8,4,2,5,6,0,1,2,5,2,10,3,688.6,True
3,4,4,4,9,10,5,2,2,10,5,2,5,7,6,4,2,6,4,6,2,663.3,False
5,5,7,10,10,10,10,1,2,10,10,10,3,6,5,10,2,10,2,1,1,693.6,False
2,2,2,4,3,0,6,3,2,4,6,1,1,10,0,3,1,4,4,10,3,628.0,False
4,3,1,4,3,10,8,3,1,7,9,1,8,6,2,5,2,9,8,4,2,696.9,False
1,1,1,5,2,3,0,1,2,6,3,3,0,8,2,3,1,10,1,1,0,597.4,True
0,4,4,5,6,5,0,0,1,5,1,3,0,6,0,3,2,0,0,1,2,605.5,True
3,4,1,6,8,8,7,2,1,2,1,3,1,8,5,4,1,6,3,4,0,633.1,False
4,2,10,10,5,5,0,5,1,5,2,6,2,6,0,4,1,5,2,3,2,667.3,False
4,1,2,8,7,10,4,3,1,4,2,10,1,8,0,5,2,6,6,6,1,702.5,False
4,1,10,6,4,2,1,5,1,7,7,6,3,5,0,3,2,8,3,10,3,707.9,False
3,3,5,0,10,0,3,1,1,9,5,5,0,8,0,0,2,7,3,10,2,677.7,False
3,4,6,10,6,6,2,3,2,10,1,5,0,7,10,4,2,8,1,5,2,643.5,False
4,2,4,10,6,10,4,5,2,6,1,4,10,5,0,0,2,10,10,10,3,722.8,True
4,1,6,5,2,7,2,4,1,5,0,6,1,7,0,1,2,10,0,10,1,689.6,True
2,1,1,4,2,2,4,1,2,1,3,8,1,6,0,1,2,0,2,5,1,618.4,False
2,3,3,6,3,4,1,5,1,9,7,9,3,8,1,2,2,3,1,9,3,685.3,True
4,1,3,5,2,5,1,5,1,8,5,10,4,8,5,5,1,3,1,8,2,665.1,False
2,3,5,8,10,10,5,2,1,7,3,5,5,8,10,2,2,6,6,7,1,691.3,False
5,4,0,3,4,10,3,1,1,4,1,7,1,7,0,4,1,5,5,2,1,635.4,True
2,2,10,10,4,6,10,3,1,8,4,5,5,9,0,4,1,10,8,7,1,713.6,True
2,4,6,4,4,10,0,1,1,3,2,7,3,7,7,0,2,4,2,1,0,638.8,True
3,3,6,1,1,3,5,0,1,3,0,4,5,8,3,2,1,2,3,8,2,621.4,True
1,3,2,6,2,3,3,1,1,2,4,6,6,6,0,3,1,1,2,3,1,616.3,True
5,2,6,8,10,10,3,5,2,7,4,4,7,8,10,3,2,10,8,4,3,703.0,True
3,1,7,7,10,10,5,2,1,10,5,7,2,9,0,3,2,10,2,10,1,732.7,False
2,3,1,4,2,3,2,0,1,4,2,1,2,8,1,1,2,1,1,1,2,610.6,True
3,2,5,6,3,3,5,1,2,5,2,2,5,8,0,3,2,10,8,8,1,666.9,False
2,4,3,2,3,3,3,0,2,2,3,1,1,7,2,1,2,3,1,2,3,591.7,True
2,4,4,3,3,5,3,4,1,3,2,6,5,4,6,3,1,2,3,9,1,626.1,True
3,3,0,4,10,5,3,3,1,8,3,7,1,8,0,0,2,10,5,10,2,700.2,False
2,5,5,3,10,5,10,5,1,7,2,6,10,6,0,3,2,6,6,10,1,711.5,False
1,5,10,10,10,5,4,5,1,3,3,5,10,5,10,5,1,10,3,10,2,673.7,False
3,4,2,4,5,8,4,3,1,6,2,10,6,6,6,1,1,9,0,1,0,649.4,False
2,4,10,10,3,2,10,2,2,5,2,1,5,8,10,1,1,3,10,10,1,644.6,False
2,2,2,5,6,4,5,1,1,5,1,6,5,6,6,1,2,5,10,3,1,662.2,False
3,2,2,5,2,5,4,1,1,8,5,10,2,6,6,2,1,4,1,5,2,640.9,True
1,2,5,5,4,4,2,0,1,5,2,1,2,9,0,0,2,7,1,10,1,656.7,False
3,2,2,10,10,10,5,5,1,8,10,6,10,7,0,1,2,10,10,10,2,766.1,True
5,3,4,10,2,7,1,2,1,9,3,5,5,9,3,1,2,7,1,2,1,681.3,False
4,4,10,6,4,5,3,1,1,5,2,5,1,7,3,0,2,2,1,3,1,653.7,False
3,2,2,7,5,8,4,5,2,8,0,7,10,6,0,3,2,3,6,7,1,686.2,False
2,4,1,5,5,1,2,1,2,9,4,1,1,9,10,0,2,10,0,3,3,612.5,False
5,5,5,2,10,10,2,5,2,9,7,10,10,7,10,10,2,10,10,7,2,698.9,False
1,5,3,2,10,5,2,1,2,5,1,1,2,8,10,8,1,5,1,2,1,568.1,False
5,2,4,10,10,4,10,2,2,10,4,1,9,8,0,3,2,5,5,10,3,710.9,False
5,2,7,8,10,10,3,5,2,5,5,8,10,7,0,1,2,10,6,10,2,741.0,False
2,3,1,1,5,8,2,2,2,2,2,8,1,5,0,5,2,6,1,6,1,623.3,False
5,3,1,10,10,10,5,3,2,4,6,6,4,7,0,10,2,10,1,8,1,686.2,False
3,5,10,6,10,5,3,5,2,8,3,4,5,6,0,10,2,5,1,7,3,663.5,False
5,4,2,7,0,5,3,2,1,7,3,10,3,6,10,10,2,10,2,5,1,647.7,True
5,5,1,5,10,10,0,3,1,5,1,3,10,10,10,10,2,0,0,10,0,650.5,True
4,1,10,5,10,6,4,3,1,7,4,5,10,7,0,1,2,4,6,10,1,731.9,False
3,1,2,6,6,10,10,5,1,10,6,10,3,8,0,1,2,1,10,6,2,736.5,False
3,2,4,4,1,6,2,3,1,3,3,4,5,7,2,1,1,5,1,5,1,639.9,False
5,3,10,6,5,10,3,2,1,8,4,5,4,9,0,5,2,5,4,4,2,700.0,False
4,4,2,2,10,10,3,4,2,6,3,2,0,8,0,3,2,6,10,10,2,677.1,False
5,5,3,5,3,5,10,0,1,8,3,10,3,7,10,1,2,10,2,5,0,671.7,False
1,3,2,2,10,10,1,5,2,2,1,6,2,5,0,4,2,2,3,10,2,645.0,True
1,5,3,5,8,10,5,3,2,3,3,1,1,8,10,10,2,8,3,5,1,615.7,False
2,1,0,4,8,4,3,5,1,8,6,10,3,4,0,1,2,10,6,3,3,700.0,True
3,4,3,2,4,5,2,0,2,2,0,3,7,6,0,3,2,2,1,10,2,617.4,True
3,3,10,5,5,4,1,5,1,6,0,10,1,6,5,1,2,5,0,10,2,678.3,True
2,3,7,7,4,10,3,3,2,7,5,6,5,8,3,3,2,4,8,7,3,681.3,False
5,4,9,8,6,5,2,5,1,6,4,10,1,6,0,5,2,8,3,10,3,708.9,False
4,1,3,7,6,5,3,5,1,6,2,9,3,8,0,1,2,6,3,7,1,705.7,False
2,1,0,4,8,4,3,5,1,8,6,10,3,4,0,1,2,10,6,3,3,700.0,True
1,0,0,3,2,2,0,2,1,0,1,1,0,10,0,1,1,2,0,1,1,592.3,False
5,3,3,7,4,4,2,4,1,2,1,10,3,7,2,1,2,8,2,3,1,675.1,True
1,4,6,4,5,4,1,0,2,2,2,5,1,7,2,5,2,9,1,4,2,611.2,True
2,2,2,4,2,4,6,2,1,4,0,2,0,5,10,0,2,5,1,3,2,617.0,True
2,3,8,7,8,10,3,2,2,3,4,5,10,7,3,3,2,5,4,6,1,675.8,False
3,3,6,4,3,4,5,5,1,10,7,4,10,6,0,8,2,10,2,10,3,704.3,True
5,4,3,10,3,10,7,4,1,8,3,7,7,8,3,2,2,6,4,5,1,710.4,False
4,3,10,6,5,3,5,4,1,5,3,2,10,7,0,1,2,10,3,10,0,712.6,False
3,2,6,5,10,4,0,2,1,5,3,7,0,8,2,3,2,8,2,2,3,667.9,False
4,4,5,8,10,7,5,3,2,8,3,7,4,8,2,2,2,10,2,2,2,684.9,False
0,0,4,10,3,2,10,3,1,5,3,1,4,8,0,2,2,10,6,2,0,685.4,False
5,1,6,10,2,8,10,1,2,10,10,5,10,7,0,1,2,10,10,10,3,745.5,True
4,3,3,3,3,2,4,2,2,2,1,1,1,5,2,2,1,4,1,4,3,589.6,False
3,4,3,5,2,3,3,1,2,2,3,2,1,9,10,1,2,4,3,6,1,605.9,False
5,3,10,10,2,2,6,3,1,7,0,8,0,7,0,1,2,8,1,1,1,684.9,True
3,2,9,4,7,10,8,2,2,9,7,4,8,8,0,3,2,9,5,6,2,711.5,False
2,4,4,5,3,8,2,0,1,8,2,4,3,6,0,1,2,3,2,8,3,653.3,True
5,3,5,6,10,8,4,5,1,9,5,8,2,7,2,2,2,7,6,10,2,729.1,False
5,4,1,5,5,10,6,5,2,6,5,6,5,6,10,3,2,3,3,2,2,652.0,True
5,3,8,6,8,5,7,3,1,6,6,10,2,6,3,2,2,7,3,8,3,712.3,False
2,2,10,8,3,6,3,1,1,7,2,10,2,6,3,5,2,4,1,1,1,661.3,False
4,4,6,9,7,6,6,4,2,5,6,2,2,5,7,8,2,5,6,4,2,651.0,False
5,1,10,10,10,10,10,5,1,9,7,10,10,7,0,0,2,10,10,10,3,804.3,True
5,4,4,5,4,7,2,0,1,8,2,4,4,6,2,0,2,3,2,10,3,666.9,True
3,5,3,4,1,10,2,1,1,2,1,3,0,6,4,2,2,1,1,1,2,608.9,True
5,0,10,10,10,10,10,5,1,10,10,10,10,7,0,0,2,10,10,10,3,814.5,True
5,2,7,8,3,3,5,2,1,3,6,6,6,6,0,1,2,3,1,2,1,679.2,False
5,0,10,7,9,7,7,5,1,6,6,8,10,7,4,3,2,10,5,10,3,759.7,False
5,2,5,5,5,10,5,5,1,8,3,3,5,7,0,5,1,7,3,7,2,689.0,True
2,5,3,2,6,10,2,3,1,2,1,9,0,6,10,3,2,4,1,2,0,623.7,False
2,3,4,7,5,10,5,1,2,4,3,10,3,8,8,4,2,6,3,3,0,648.1,False
2,5,3,2,6,10,2,3,1,2,1,9,0,6,10,3,2,4,1,2,0,623.7,False
3,3,10,7,4,10,5,0,1,7,1,8,3,7,10,10,2,5,3,10,0,666.2,False
3,3,7,2,6,10,3,2,1,6,5,7,3,9,4,10,2,4,1,7,0,666.4,False
2,4,1,4,2,10,3,0,1,9,2,8,3,8,2,4,2,8,2,2,0,652.8,False
3,2,2,3,3,4,3,1,1,0,1,8,1,7,3,9,2,4,2,3,0,620.3,False
1,4,2,7,1,4,0,0,1,4,3,7,0,5,4,0,2,0,1,2,0,607.8,False
1,5,3,9,7,10,8,3,1,5,2,2,10,6,6,7,2,10,1,1,0,663.1,False
2,4,2,5,2,10,0,0,2,8,1,5,0,7,0,2,1,3,0,3,0,597.6,False
3,3,4,4,2,8,4,1,2,5,1,2,0,8,3,3,2,5,2,5,0,624.4,False
3,2,6,8,7,10,2,0,1,8,1,5,0,7,10,2,2,5,0,3,0,652.0,False
5,3,4,7,6,10,5,3,1,1,7,9,3,6,2,6,2,7,3,5,0,691.7,False
5,3,10,10,6,10,7,5,2,9,8,10,3,8,0,6,2,10,7,8,0,741.6,False
3,3,1,3,4,10,2,1,2,8,7,7,0,7,0,7,2,5,1,4,0,638.8,False
2,3,4,7,5,10,5,1,2,4,3,10,3,8,8,4,2,6,3,3,0,648.1,False
5,3,4,7,6,10,5,3,1,1,7,9,3,6,2,6,2,7,3,5,0,691.7,False
3,3,10,7,4,10,5,0,1,7,1,8,3,7,10,10,2,5,3,10,0,666.2,False
2,5,10,5,5,5,10,2,2,5,2,3,5,6,10,2,2,10,5,6,1,653.1,False
1,4,1,4,6,5,1,0,2,7,2,6,0,6,4,7,2,4,0,4,2,595.9,False
4,2,0,5,8,7,8,2,1,7,6,6,6,4,3,3,2,5,7,7,2,695.8,False
2,4,2,5,2,10,0,0,2,8,1,5,0,7,0,2,1,3,0,3,0,597.6,False
0,3,0,7,6,5,2,0,2,6,6,1,0,7,0,2,2,10,3,2,1,625.7,False
5,4,3,7,10,8,5,5,1,6,2,3,2,8,0,1,2,4,3,10,2,702.8,False
1,2,8,7,2,5,4,5,1,8,3,2,2,9,2,1,2,5,5,1,1,675.6,False
3,3,4,5,6,6,7,2,2,8,5,1,4,8,8,3,2,8,4,5,1,654.8,False
2,4,2,6,10,5,5,3,1,6,4,6,2,7,6,6,2,7,7,6,1,670.9,False
4,4,3,4,10,10,5,5,2,3,2,7,3,7,9,1,2,4,5,5,2,662.6,False
3,2,2,5,7,7,8,3,1,8,6,1,10,7,2,3,2,5,7,5,2,700.5,False
4,2,2,4,4,10,4,0,2,3,4,5,2,7,4,1,2,5,8,4,2,650.3,True
1,3,10,6,10,4,7,3,1,5,6,6,6,8,0,4,2,4,7,7,1,706.8,False
5,1,0,0,10,6,0,5,1,10,6,10,0,9,0,0,2,0,6,10,3,709.5,False
1,5,3,10,5,4,0,5,2,8,1,7,5,7,10,4,2,8,1,3,2,632.0,False
2,4,8,6,6,6,5,2,1,7,2,5,4,6,0,1,1,4,1,3,0,651.8,False
1,3,1,3,10,7,2,1,1,4,4,1,5,5,10,1,2,3,1,1,1,620.2,False
3,2,5,6,5,7,6,2,2,5,5,5,5,7,0,2,2,5,6,6,2,677.5,False
4,2,10,10,9,10,7,5,1,8,4,10,2,7,0,4,1,10,2,7,0,727.8,False
3,0,6,8,7,10,6,1,1,9,9,8,10,8,10,1,2,4,4,6,0,720.8,False
0,1,3,8,0,7,2,5,1,6,0,10,3,6,0,1,1,0,0,9,0,651.1,False
4,2,10,10,9,10,7,5,1,8,4,10,2,7,0,4,1,10,2,7,0,727.8,False
4,1,9,6,3,10,6,2,1,6,6,10,8,7,8,2,2,8,2,7,0,714.2,False
5,1,5,10,8,10,5,4,2,8,4,10,10,10,2,3,2,10,1,7,0,733.5,False
5,2,4,10,4,10,5,3,1,8,6,7,3,6,4,5,2,6,2,2,0,693.0,False
4,4,6,10,7,7,7,3,1,5,1,4,6,6,2,2,2,3,2,4,0,682.2,False
3,3,7,10,9,10,3,1,1,8,5,7,0,6,4,3,1,3,2,9,0,672.6,False
0,4,3,8,7,10,5,0,1,0,0,10,8,7,5,7,2,3,1,10,0,653.0,False
3,2,1,4,8,10,5,1,1,8,6,7,3,7,1,1,2,5,3,7,0,693.2,False
5,3,5,3,7,10,1,4,1,7,3,4,5,8,0,4,2,3,3,7,0,689.4,False
0,1,3,8,5,7,1,5,1,4,1,8,2,6,0,0,2,0,0,6,0,664.3,False
2,4,1,10,10,10,1,5,1,4,1,10,3,7,0,10,2,3,4,1,0,668.3,False
4,1,10,10,10,10,10,5,1,8,2,10,2,7,0,3,2,9,5,7,0,756.7,False
2,2,5,8,3,6,5,1,1,0,2,10,0,7,5,2,1,8,2,2,0,637.7,False
3,4,7,10,8,7,10,2,1,4,2,4,4,6,1,2,2,6,3,3,0,687.3,False
3,4,5,10,10,10,5,4,1,10,6,9,3,7,6,0,1,7,4,10,0,710.6,False
4,2,3,8,0,10,1,0,1,5,0,2,0,7,0,10,2,2,0,2,3,620.8,False
5,2,5,10,1,10,6,5,1,9,2,10,2,8,1,1,2,6,1,4,0,714.4,False
4,3,4,7,6,10,5,1,1,10,6,8,6,8,0,1,1,7,2,6,0,697.0,False
2,3,4,10,10,10,8,0,1,7,10,5,6,8,5,3,1,10,1,4,0,687.9,False
5,2,7,6,2,6,2,1,1,8,1,8,1,8,0,0,2,9,5,5,1,693.6,True
3,3,7,10,9,10,3,1,1,8,5,7,0,6,4,3,1,3,2,9,0,672.6,False
2,3,8,1,1,1,0,1,1,9,0,5,1,6,0,1,2,0,1,6,2,628.0,True
1,3,6,5,0,1,5,0,1,8,2,3,5,7,0,5,2,7,5,8,1,653.3,True
1,3,4,5,4,2,4,0,1,8,2,2,5,7,0,5,2,5,4,8,1,649.7,True
3,4,10,7,8,10,3,2,2,8,3,7,5,6,2,9,2,10,4,4,2,676.0,True
2,2,5,1,1,1,0,2,1,9,0,5,0,6,0,0,2,0,0,1,2,619.5,True
5,2,3,3,7,0,4,3,1,2,3,8,0,6,0,2,2,3,2,10,3,667.7,True
3,0,6,3,5,4,0,4,2,10,10,2,0,5,0,0,2,4,3,7,3,669.7,False
3,4,3,2,7,5,2,1,2,3,2,4,3,8,4,4,2,4,1,4,1,614.6,False
2,1,1,2,5,2,0,3,2,6,3,2,3,7,0,0,1,0,8,3,2,614.0,False
3,1,10,7,7,3,4,5,1,5,2,5,2,8,0,1,2,3,5,10,2,706.6,False
3,1,10,9,3,3,5,3,1,5,2,3,10,10,0,2,2,3,2,2,0,691.3,True
5,5,4,5,6,10,2,2,1,4,1,6,7,5,0,3,2,3,9,6,1,680.7,False
2,1,6,4,2,4,7,0,2,7,2,5,1,7,4,0,1,10,1,10,1,638.4,True
3,1,2,6,10,10,3,5,1,8,6,10,3,8,0,0,2,5,6,10,2,736.5,False
5,1,7,10,10,10,6,4,2,8,6,8,10,8,10,3,2,6,10,10,3,737.8,True
5,5,10,4,10,3,3,5,1,9,9,10,3,6,3,3,2,3,3,4,2,702.1,False
3,2,10,7,6,10,4,2,1,7,3,9,0,8,1,1,2,4,2,7,1,702.3,True
4,1,7,4,1,7,4,0,1,9,8,4,5,7,0,2,1,4,3,8,3,673.9,False
4,4,5,4,10,5,3,3,1,7,2,8,4,7,0,2,2,10,1,3,1,688.3,False
4,2,9,6,7,7,4,3,1,8,4,8,8,8,7,2,2,10,3,8,2,719.1,True
1,1,3,6,8,6,5,1,2,7,4,3,5,6,0,0,2,8,3,2,3,661.6,True
3,3,5,3,10,10,2,5,2,8,1,4,2,6,10,3,2,4,8,2,1,651.6,False
1,2,4,10,7,10,7,2,1,8,3,1,2,7,2,0,2,6,3,10,1,695.4,False
5,2,10,8,8,3,3,5,1,6,3,3,10,8,0,8,2,7,4,10,2,718.1,False
5,2,10,8,8,3,3,5,1,6,3,3,10,8,0,8,2,7,4,10,2,718.1,False
3,4,1,5,7,4,6,2,2,8,1,9,2,4,8,7,2,10,0,1,2,623.3,False
3,5,0,9,6,10,4,0,2,0,0,1,0,6,10,1,1,7,8,2,2,593.2,False
1,1,5,8,5,10,8,5,1,7,8,1,5,8,10,0,2,10,7,9,2,717.7,False
3,4,3,5,8,3,5,1,2,7,4,2,5,2,7,3,2,4,3,1,1,616.4,False
3,2,3,5,5,10,6,3,2,8,0,10,1,7,0,2,2,4,6,1,2,670.0,False
2,3,6,5,10,3,1,0,1,9,1,5,10,8,0,2,2,4,4,6,1,679.4,False
4,1,10,10,7,10,10,4,2,10,6,10,10,8,2,7,2,10,6,10,2,755.2,False
3,2,10,6,10,10,5,5,2,7,2,5,5,7,2,2,2,10,3,10,3,713.2,True
1,4,2,9,10,5,5,4,1,1,3,4,5,7,8,3,2,8,4,5,1,663.7,False
1,0,2,6,2,10,2,1,2,8,2,8,10,8,0,0,2,3,6,10,2,685.1,True
5,4,6,4,10,10,5,5,1,6,3,10,3,5,1,1,2,3,2,10,1,712.1,False
4,3,2,3,10,4,1,5,2,6,6,5,10,7,0,0,2,9,8,10,2,704.7,False
0,5,7,1,6,7,2,0,2,8,1,5,5,7,7,3,2,3,0,0,1,601.0,True
0,5,7,1,6,7,2,0,2,8,1,5,5,7,7,3,2,3,0,0,1,601.0,True
1,3,1,3,10,10,10,3,1,9,2,8,4,6,10,2,2,6,5,5,1,681.3,False
1,4,8,3,5,4,3,2,1,4,1,1,1,5,5,4,2,0,1,7,0,616.8,False
2,2,8,10,4,7,3,1,1,7,2,4,2,7,0,1,2,6,5,5,2,684.1,False
2,4,3,2,2,3,3,5,1,3,2,5,1,7,10,3,1,10,3,9,1,624.8,False
3,1,8,10,6,10,2,3,1,6,1,6,2,7,0,1,2,6,5,4,2,703.2,False
2,1,6,10,4,10,5,5,2,2,5,5,5,6,0,0,2,6,5,6,1,694.3,False
3,4,4,4,8,6,3,5,2,3,0,6,0,6,2,8,2,5,0,4,3,626.5,True
5,4,2,2,1,2,1,0,2,0,0,2,0,3,0,0,1,5,0,1,0,563.9,True
2,2,2,2,2,10,10,5,2,2,2,6,4,8,10,8,1,9,3,8,0,632.0,False
4,3,7,1,10,4,0,2,1,6,1,10,1,7,0,4,2,3,4,7,2,671.7,False
1,2,0,0,4,3,4,2,2,3,2,8,10,7,10,5,1,2,2,2,2,588.0,True
0,3,0,3,0,2,0,0,1,3,1,1,0,7,10,10,1,2,1,4,0,542.4,True
3,4,10,5,7,3,6,4,1,3,0,1,1,7,7,0,2,8,9,3,1,668.2,False
1,3,4,3,2,3,1,0,1,3,2,6,0,7,0,0,1,0,0,10,0,609.7,True
4,2,10,3,0,4,2,5,2,3,4,5,10,9,10,1,2,1,1,5,3,649.0,True
4,2,3,4,3,5,4,5,1,4,8,7,3,4,0,1,1,8,7,3,1,675.6,True
1,2,5,2,8,3,6,4,2,7,3,3,4,6,8,1,2,3,4,8,1,646.3,True
5,0,4,4,7,6,7,3,2,7,3,10,3,8,1,1,2,4,8,5,2,700.8,False
3,5,0,10,2,10,5,3,1,2,2,10,8,8,0,7,2,4,0,6,1,670.2,False
0,2,0,7,3,3,2,1,1,3,1,1,6,9,0,0,1,7,1,4,1,622.7,True
1,2,0,1,2,5,4,4,1,2,3,3,3,5,9,1,1,4,3,0,1,598.5,True
2,4,7,10,9,10,5,5,2,7,5,3,10,6,3,9,2,5,3,6,1,682.0,True
2,3,2,5,4,3,6,2,1,6,3,4,5,7,0,4,1,3,5,2,1,636.5,False
2,3,5,5,7,3,8,1,2,8,5,10,10,7,2,0,1,3,4,6,1,664.9,True
3,2,1,2,1,5,4,3,2,9,7,3,5,8,8,1,1,3,4,4,1,622.9,False
1,3,4,4,5,4,4,2,2,4,2,4,10,8,5,4,1,5,4,4,2,619.7,True
4,2,6,10,8,7,7,4,2,7,7,9,8,8,5,5,2,6,8,7,1,717.6,False
1,4,0,9,0,9,0,2,1,0,2,10,5,8,0,3,1,3,0,0,1,617.5,False
4,3,0,6,8,9,1,4,2,7,9,1,5,7,0,3,1,2,0,5,1,642.7,False
0,5,2,3,2,2,0,2,1,0,0,4,10,9,1,0,1,4,4,5,1,611.4,True
3,0,2,10,10,5,2,5,1,10,4,10,3,10,5,5,1,10,9,5,1,711.4,True
3,4,3,4,10,10,4,4,1,5,6,2,2,5,1,1,1,3,6,2,1,657.8,False
1,3,1,3,3,2,2,1,1,2,4,6,7,5,5,3,1,4,3,3,1,605.9,False
1,1,2,5,3,6,5,5,1,10,7,6,2,8,0,8,1,3,2,3,1,655.8,False
2,4,4,5,9,10,3,3,1,3,4,9,5,8,6,3,1,3,8,8,2,670.0,True
2,1,3,10,4,10,2,3,2,6,2,10,5,2,5,3,2,3,2,3,1,652.0,False
5,3,5,10,2,4,2,5,1,7,6,2,6,8,3,4,2,7,8,9,1,704.3,False
2,0,2,3,10,3,2,0,2,3,3,2,4,8,0,2,1,0,0,2,1,604.0,False
2,2,3,5,3,4,3,1,2,4,1,5,4,3,1,2,1,4,2,3,1,601.9,False
4,3,3,4,7,10,3,3,2,5,1,8,1,7,0,1,2,10,3,4,2,671.3,False
2,5,5,4,4,3,2,4,2,4,1,5,0,6,0,10,1,6,1,2,2,588.9,False
1,3,1,2,10,2,3,5,2,7,5,1,6,7,2,2,2,4,9,4,3,652.9,False
4,3,9,8,7,8,5,3,2,6,8,8,9,7,9,7,2,7,7,8,1,698.5,False
1,2,2,2,2,5,6,1,1,8,3,3,10,7,7,1,1,0,8,10,1,644.8,True
1,3,1,7,6,6,2,5,1,2,3,5,10,7,6,1,2,3,8,8,1,677.5,False
0,5,0,8,5,5,2,5,2,6,5,3,0,8,10,9,2,5,10,1,2,612.7,False
4,4,0,5,5,5,0,3,2,5,5,1,5,5,0,6,2,4,5,4,1,628.7,False
3,4,1,10,2,10,1,0,1,1,6,5,4,7,0,7,2,7,2,5,2,652.0,False
5,2,5,5,4,8,3,1,1,8,1,5,3,7,1,0,2,3,8,2,1,680.9,True
2,3,9,4,4,2,5,5,2,7,3,5,5,5,0,3,2,8,1,10,2,670.3,False
3,1,5,10,10,10,7,5,1,2,2,7,3,6,0,1,2,10,1,4,1,716.8,True
1,3,0,1,3,5,3,5,1,2,4,1,10,5,3,0,1,4,8,10,3,645.7,True
3,4,1,10,10,5,8,3,2,9,4,10,10,7,10,5,2,5,8,3,2,681.9,False
3,2,8,5,6,3,1,1,1,8,2,3,5,9,0,2,2,5,5,6,1,679.2,False
2,2,5,2,3,4,3,2,1,7,1,2,3,6,3,3,1,6,2,6,1,627.4,False
3,3,10,4,10,10,6,5,2,9,7,6,5,5,4,2,2,6,3,5,3,699.4,True
3,1,3,6,3,6,6,5,2,10,4,3,4,7,0,3,1,3,10,7,2,670.3,False
2,2,5,5,3,8,1,1,1,7,3,4,2,6,0,8,2,10,8,5,1,666.9,False
4,4,4,6,2,10,3,0,1,2,0,1,10,8,0,2,2,2,4,4,1,654.8,False
3,4,2,7,9,6,6,5,2,3,1,9,4,6,0,2,2,6,4,7,2,676.4,True
3,4,3,7,8,6,6,5,2,3,1,8,4,6,0,2,2,6,4,1,2,664.3,True
5,5,5,10,7,6,10,2,1,10,6,9,5,7,0,5,1,10,2,5,2,702.1,True
5,4,8,6,4,10,6,5,2,7,4,5,1,7,2,2,2,6,3,8,2,687.7,False
2,4,10,5,3,1,2,1,1,6,2,5,1,9,0,2,2,1,2,10,1,654.1,True
0,5,3,2,4,10,1,5,1,3,5,10,10,6,0,2,2,2,1,3,0,663.0,True
1,4,4,2,3,7,4,0,2,6,2,3,0,7,10,2,2,3,1,3,1,592.1,True
4,4,10,10,8,7,5,2,1,9,7,4,7,9,4,6,1,10,3,8,0,701.5,False
2,3,2,5,7,6,6,5,1,8,4,5,1,8,2,2,2,6,2,4,1,679.4,False
2,3,6,1,2,1,5,1,2,4,1,2,1,7,9,0,2,8,2,4,1,605.5,True
3,0,5,10,1,10,2,4,1,7,8,6,3,8,0,1,2,2,1,7,1,705.1,True
3,1,10,10,3,3,2,4,2,6,3,8,5,7,0,6,2,2,4,8,1,678.1,False
3,1,5,5,10,3,5,5,2,8,7,5,10,6,5,3,2,5,8,5,3,696.0,False
5,1,10,5,6,10,3,0,1,7,6,10,3,8,10,5,2,6,6,10,0,705.9,False
5,1,10,10,6,8,7,5,1,5,1,4,2,8,2,1,2,10,1,7,2,723.4,False
5,2,1,7,7,4,2,0,1,8,3,10,2,8,0,0,1,4,4,10,1,677.0,False
3,2,10,5,10,5,3,2,1,7,3,7,5,10,0,2,1,3,5,10,0,695.5,True
4,5,10,4,4,10,2,3,1,3,5,8,2,7,5,2,2,3,1,5,1,667.9,False
5,0,10,5,3,2,2,1,1,6,2,5,2,8,0,0,2,1,2,10,1,682.8,False
3,3,6,4,10,10,6,2,2,6,3,10,5,8,0,2,1,10,3,3,2,677.0,True
4,3,5,2,1,3,3,0,1,4,2,8,1,8,3,4,2,4,1,5,1,635.8,True
5,2,8,4,10,10,3,1,1,5,1,4,10,8,0,2,2,5,5,10,1,714.9,False
4,2,10,5,10,8,3,5,2,4,2,8,4,7,0,3,2,3,5,4,1,690.0,False
3,4,3,3,2,4,4,0,2,7,0,10,0,6,2,7,1,3,2,8,1,600.1,True
5,1,4,5,5,5,2,1,1,6,3,3,5,7,0,0,2,2,6,7,2,682.2,False
5,3,8,8,6,6,7,2,1,8,8,7,5,9,7,1,2,7,8,8,1,725.9,False
2,3,4,3,4,3,5,2,1,4,5,7,7,7,1,2,2,10,2,4,1,672.8,False
1,4,0,2,4,10,5,1,2,3,3,2,2,6,9,3,2,5,4,3,2,601.9,False
3,4,2,8,2,5,2,2,2,10,3,4,2,6,0,1,2,4,1,2,1,634.6,False
1,0,6,10,10,10,10,5,2,6,8,10,10,8,8,2,1,10,8,10,1,731.4,True
3,3,10,10,7,6,4,5,1,8,3,8,10,7,10,2,2,10,8,10,2,732.5,True
5,2,10,6,10,10,2,5,1,8,1,10,0,7,2,0,2,10,3,6,3,729.5,False
3,3,10,10,7,9,10,5,1,8,1,8,10,7,10,2,2,10,8,10,2,744.4,True
3,3,10,7,5,10,4,1,1,7,3,2,5,7,2,3,2,10,4,7,1,695.6,False
5,5,2,10,10,10,6,5,1,5,7,9,2,7,3,0,1,5,0,2,1,686.8,False
3,4,5,5,4,10,7,2,1,8,1,2,8,7,5,0,2,8,7,5,1,688.8,False
3,5,10,6,10,5,5,0,1,5,2,10,10,7,0,2,2,10,2,3,3,698.9,False
2,5,0,2,1,1,2,0,2,1,0,3,0,8,0,1,1,2,2,7,3,566.8,True
1,3,2,3,3,5,5,2,2,7,2,6,3,6,0,6,2,8,0,2,1,624.8,False
2,5,0,5,10,5,0,3,2,2,2,3,1,7,0,0,2,5,1,3,1,621.0,False
2,2,2,6,7,6,2,3,2,5,1,3,5,7,10,7,2,4,3,4,2,621.0,False
3,3,5,10,6,10,6,3,1,7,8,5,7,8,5,4,1,5,7,9,1,699.8,True
1,4,5,3,2,10,3,1,2,1,6,10,5,7,8,0,1,4,3,6,1,620.7,True
5,5,10,4,7,6,5,5,2,9,5,3,5,6,0,1,2,5,3,7,2,688.8,False
1,4,0,10,5,5,10,0,2,7,6,3,0,7,10,3,2,1,4,10,1,629.5,True
3,1,2,10,10,7,4,5,2,7,4,10,5,6,0,4,2,10,6,7,1,714.0,True
3,2,6,5,10,8,5,1,1,9,2,2,10,8,5,1,1,6,6,10,3,690.7,False
2,4,0,2,0,2,0,0,1,3,0,1,2,6,0,0,1,0,4,2,0,576.2,True
0,3,2,5,8,10,3,4,2,7,3,2,3,7,0,4,1,6,2,4,1,631.0,False
5,1,10,7,0,2,0,0,1,5,0,6,10,6,0,1,2,0,0,10,3,670.7,True
3,0,10,5,5,3,5,2,2,3,2,8,0,8,0,0,1,4,6,10,1,664.7,False
2,5,1,1,2,5,0,0,1,2,0,2,5,7,10,6,1,2,1,1,0,557.9,False
2,5,0,0,1,3,1,0,1,3,0,2,5,7,10,6,1,2,2,1,0,554.5,False
4,5,3,3,1,5,10,0,1,4,3,10,10,8,3,10,2,3,1,10,1,660.0,False
4,3,10,7,7,7,7,5,1,10,7,5,5,9,0,1,2,10,10,7,2,754.4,False
5,5,7,4,6,5,7,2,1,1,1,5,2,8,6,7,1,4,0,6,2,626.7,False
3,2,4,10,10,5,2,5,2,8,3,3,5,8,0,3,2,7,2,4,2,682.4,False
4,4,10,5,3,8,2,5,1,7,1,7,3,7,5,2,2,7,1,4,3,679.6,True
3,2,10,6,10,6,10,3,1,3,6,4,3,7,5,2,2,10,7,3,1,709.6,False
3,4,3,4,5,3,6,1,1,4,4,7,0,7,7,7,2,7,2,7,1,640.5,False
2,2,3,5,4,3,1,3,2,5,1,5,4,8,2,2,2,3,3,5,2,635.2,False
4,5,7,10,10,10,8,5,1,8,6,3,8,6,5,4,2,10,10,1,2,726.2,False
1,4,1,3,2,3,3,0,2,8,3,10,0,6,10,1,1,1,4,10,1,593.3,True
3,4,6,3,2,2,2,1,1,4,2,8,1,8,0,3,1,3,2,4,1,622.2,False
2,2,4,10,10,10,3,0,2,10,1,4,3,6,0,2,2,4,3,3,2,663.5,False
1,1,1,2,10,2,1,1,2,3,4,6,1,7,0,0,2,3,8,8,2,645.4,True
0,5,8,10,8,10,6,0,2,5,5,10,8,6,0,2,2,3,6,7,3,683.4,False
3,5,8,5,8,10,5,5,2,7,4,2,3,7,2,3,2,10,3,7,2,682.0,False
5,4,6,5,3,10,2,2,2,5,2,7,10,8,0,0,2,1,2,7,0,673.0,True
4,1,10,7,5,2,3,4,2,1,1,3,1,6,0,1,2,6,6,8,2,668.4,True
5,3,1,5,7,4,0,5,1,7,1,8,4,7,10,6,2,2,1,5,2,649.2,False
2,3,2,5,10,10,6,4,1,7,4,1,3,8,10,2,1,10,1,3,1,654.8,True
3,5,10,6,10,2,4,5,1,4,2,10,2,5,9,10,1,10,1,10,3,654.3,False
2,2,1,10,10,10,3,4,2,4,2,2,2,7,2,1,2,4,8,1,1,663.3,True
2,3,5,3,4,10,2,2,1,2,4,6,0,5,0,2,2,4,2,6,3,653.5,False
1,3,1,4,10,5,2,5,2,5,2,4,2,7,8,3,2,2,5,7,1,633.1,False
4,0,10,5,2,5,6,0,2,8,3,8,5,9,0,0,2,4,5,7,0,692.1,False
2,2,4,10,6,10,5,4,1,5,4,2,4,6,3,0,2,10,2,3,3,692.0,False
5,3,10,10,8,10,4,5,1,10,4,10,10,8,0,3,2,10,5,10,2,768.8,True
4,2,1,1,2,2,0,5,1,7,3,8,10,8,0,1,1,4,10,10,2,681.7,False
2,2,8,5,10,4,6,5,2,7,6,3,0,6,0,0,2,4,3,4,3,675.2,False
1,4,3,2,6,10,5,2,2,6,2,3,3,6,9,8,2,5,1,2,2,605.5,False
5,2,5,4,10,4,3,2,1,6,2,4,5,8,0,6,2,5,2,10,1,686.0,False
5,5,5,6,10,10,2,5,2,8,2,8,3,5,0,0,2,4,10,10,3,704.9,False
1,3,4,2,1,2,2,0,2,7,2,2,2,7,0,8,2,4,1,3,2,591.9,True
1,3,10,7,10,7,0,3,2,5,5,1,4,6,5,2,1,2,2,10,2,637.4,True
3,1,2,2,2,6,4,1,1,9,6,6,4,8,0,0,2,6,4,10,3,691.5,True
1,2,0,1,1,5,4,0,2,3,3,7,1,9,2,2,1,1,2,4,2,589.9,False
4,3,4,0,9,3,10,3,1,6,7,7,10,7,0,9,2,6,5,7,3,700.0,True
1,1,3,5,5,4,6,1,2,2,3,6,3,7,5,3,2,4,2,5,2,630.1,False
4,1,10,10,10,10,7,5,1,10,10,10,10,7,0,1,2,10,6,8,3,790.7,True
2,1,2,10,10,10,5,5,1,8,0,10,10,6,10,0,2,10,1,10,2,724.2,True
4,5,0,4,2,6,0,5,1,1,1,3,1,5,0,1,1,10,0,10,2,630.8,False
3,4,3,5,10,9,9,3,1,7,1,3,8,4,5,0,2,4,2,5,3,679.9,False
2,4,3,8,10,10,7,1,2,7,4,1,9,7,10,1,2,8,4,4,2,663.1,True
2,5,1,2,3,10,1,2,2,0,1,2,1,5,10,5,1,2,0,2,2,550.7,True
1,4,2,6,10,4,10,0,2,4,8,4,8,6,7,2,1,10,2,10,1,646.5,False
5,3,10,3,10,7,5,5,2,8,2,7,1,7,8,0,2,10,1,10,3,694.9,False
2,2,10,5,3,1,3,1,1,4,2,6,0,8,8,0,2,3,2,10,1,650.7,False
2,4,5,1,0,5,2,0,2,4,2,5,2,7,0,2,2,3,4,10,2,621.4,True
2,1,10,3,10,10,6,2,2,2,5,5,10,8,3,8,2,10,6,10,2,699.8,True
0,3,0,6,4,6,4,1,2,1,1,6,1,5,10,6,1,4,0,1,2,561.7,False
4,1,7,8,10,5,3,4,1,6,4,8,0,8,0,1,2,10,2,10,2,724.2,False
1,3,1,2,4,3,4,0,2,5,3,8,1,6,2,1,2,2,1,5,2,611.6,False
4,3,1,4,10,3,1,1,1,7,5,1,1,8,5,0,2,8,1,5,2,654.8,False
5,0,10,10,10,4,5,5,2,10,3,6,10,9,0,4,2,3,1,10,2,729.1,False
1,3,1,1,2,8,2,1,2,0,2,3,2,7,7,10,2,6,0,0,1,571.7,False
2,2,6,8,2,6,4,1,2,7,2,7,1,7,0,0,2,2,1,10,1,657.5,True
5,1,10,10,10,10,5,2,1,10,5,6,10,8,0,0,2,5,10,10,2,769.7,True
1,4,2,1,10,10,3,3,1,7,3,6,4,8,0,1,2,10,3,5,2,684.7,False
2,3,10,3,2,10,1,4,2,5,4,7,0,9,6,6,1,2,3,1,2,617.1,False
4,3,1,5,8,10,9,5,2,5,9,4,2,8,0,10,1,1,3,4,2,650.3,False
0,4,1,4,4,4,4,0,1,1,5,1,5,6,0,1,2,3,5,0,1,620.4,False
5,2,10,10,6,6,5,5,2,7,2,10,5,7,0,1,2,2,4,10,3,715.9,False
2,3,0,7,10,5,4,5,2,6,2,2,1,6,3,4,2,10,7,7,2,661.4,False
3,5,2,3,3,3,3,0,2,7,4,1,0,8,0,3,1,5,4,10,1,607.2,False
4,4,2,4,10,10,3,2,2,5,3,5,0,6,10,5,1,6,3,3,2,612.7,True
3,3,5,8,10,5,5,3,1,3,8,2,8,6,5,0,2,7,4,5,3,693.7,False
3,3,4,5,4,4,4,4,2,6,6,7,5,6,2,7,2,4,4,7,2,657.3,True
3,3,7,10,4,2,4,3,2,7,5,5,2,9,0,3,2,3,1,4,1,659.2,False
4,3,4,10,10,10,6,5,2,9,5,4,5,6,10,2,2,10,2,5,1,692.4,False
5,2,10,10,10,6,5,2,1,7,3,6,10,7,0,1,2,10,7,4,2,740.6,False
2,1,3,10,7,10,1,1,1,8,6,7,2,8,3,1,2,6,3,3,3,690.0,True
5,1,7,6,10,10,4,0,1,9,3,6,4,8,0,0,2,6,2,10,3,722.1,False
5,4,5,4,8,10,10,3,1,8,5,4,8,5,0,1,2,10,2,2,3,712.6,False
1,2,7,2,10,8,10,3,1,8,1,5,5,8,4,3,2,10,7,5,2,704.9,False
4,3,2,5,4,5,8,1,1,3,4,10,8,6,9,10,2,6,4,3,2,654.5,True
2,2,2,7,10,3,2,2,1,4,1,4,5,7,0,2,2,7,5,7,3,675.6,False
3,1,0,10,10,10,2,5,1,7,8,10,0,8,0,2,1,10,5,10,3,721.2,False
5,5,0,0,10,3,2,0,2,8,8,1,10,6,10,1,1,8,0,1,3,606.8,False
3,3,8,7,10,10,6,5,2,8,6,10,7,7,0,3,2,8,8,10,2,738.0,True
1,4,8,7,3,6,1,3,2,7,4,2,1,6,5,0,2,3,1,4,2,627.4,False
3,2,3,10,10,10,5,1,2,5,4,10,10,6,10,5,2,5,10,7,1,690.2,True
3,4,9,4,10,4,10,4,1,10,5,6,10,6,0,0,2,5,5,10,3,733.6,True
3,3,6,4,4,5,5,3,2,5,5,6,5,7,4,4,1,5,4,5,2,638.6,True
2,2,6,2,3,4,0,2,1,4,6,1,10,8,0,0,2,1,5,7,1,666.7,True
1,5,2,3,2,3,2,2,1,8,0,1,0,5,0,5,1,1,1,2,2,581.1,False
2,4,1,8,8,10,8,0,2,8,5,3,2,7,0,10,2,4,8,3,3,649.9,False
5,3,7,7,5,9,4,1,2,6,3,4,5,6,4,3,2,3,5,1,2,655.0,True
2,4,5,3,0,3,2,1,1,1,0,1,0,9,0,2,2,3,0,0,0,602.3,False
2,3,6,10,3,10,5,1,2,5,5,3,3,6,0,3,2,10,2,4,2,663.3,True
2,2,5,10,4,10,5,2,2,4,3,3,4,5,1,2,2,10,3,4,2,666.5,True
1,4,10,10,5,10,10,5,1,3,2,4,0,8,3,3,2,10,1,3,1,689.4,True
3,4,8,10,5,5,6,1,1,3,1,8,4,7,0,4,2,10,0,7,2,683.2,True
3,3,2,5,8,10,5,3,2,4,4,6,5,3,4,4,2,4,8,3,2,656.5,True
5,3,10,7,9,5,2,5,2,2,5,7,0,7,6,8,2,10,10,8,2,686.4,False
2,4,2,5,7,10,4,5,1,6,5,10,10,6,0,2,2,4,6,6,2,708.9,True
5,2,8,5,6,6,5,4,2,8,8,3,5,7,0,1,2,7,8,8,3,711.1,False
2,3,5,8,8,8,6,2,2,6,6,1,5,8,4,4,1,5,6,4,1,648.0,False
3,5,3,10,10,6,6,5,1,8,2,4,7,7,0,2,2,10,4,3,3,706.2,False
1,4,0,5,5,10,5,1,2,1,5,4,5,4,0,0,2,4,3,8,1,639.3,True
1,4,5,7,2,3,4,0,2,8,3,4,4,7,0,0,2,5,2,6,1,638.2,True
2,4,2,3,4,5,6,3,2,3,5,7,0,5,7,5,2,6,3,3,2,618.0,True
2,1,10,5,7,10,10,3,2,8,5,2,3,8,0,1,2,7,1,5,2,695.8,True
3,5,6,3,8,10,4,5,1,5,8,6,3,5,10,4,1,8,6,5,3,663.7,True
4,2,6,6,9,8,6,4,2,7,8,8,10,7,0,0,2,6,6,8,2,729.1,True
3,3,3,3,9,5,2,4,1,8,5,3,2,7,6,2,2,3,2,7,1,663.5,True
1,4,2,5,2,8,2,1,2,1,5,10,4,6,0,4,1,5,3,5,2,615.4,True
2,2,3,5,3,8,9,2,2,6,4,8,3,7,6,3,2,5,7,5,2,662.8,False
2,3,4,2,5,4,4,3,2,6,3,3,6,7,5,2,2,7,5,5,2,644.8,True
2,2,3,4,1,2,4,1,2,8,3,2,10,8,3,1,2,7,2,3,2,639.7,False
1,4,0,4,6,10,2,5,1,8,1,6,1,6,10,3,2,5,1,4,1,640.1,True
4,1,10,3,5,4,2,2,1,5,2,10,5,7,0,4,2,3,3,10,3,692.1,True
5,2,2,4,10,10,5,5,2,8,6,10,10,6,5,2,2,3,6,10,2,715.7,False
4,2,10,5,0,1,1,0,1,7,8,8,3,8,0,1,1,2,9,10,2,674.9,True
2,1,5,8,5,6,6,3,1,7,5,7,9,8,0,2,2,7,4,7,2,717.2,False
5,3,4,6,7,2,1,5,2,6,0,7,5,7,5,0,2,3,0,10,3,660.9,False
4,3,3,4,5,1,0,5,2,7,3,4,3,6,0,4,2,8,2,10,2,655.0,False
4,4,1,3,2,5,2,0,1,1,0,7,1,6,0,7,1,0,0,3,2,587.6,True
2,4,7,9,6,10,3,3,1,6,8,7,3,6,1,3,2,5,5,10,1,704.9,False
4,1,4,7,10,4,0,5,2,7,4,6,0,7,0,5,2,3,2,10,2,674.3,False
5,1,10,9,3,7,9,5,1,7,5,10,3,8,0,3,2,10,9,10,1,760.3,True
4,3,5,10,10,10,8,5,2,9,5,3,2,7,5,3,1,2,10,2,2,677.1,True
2,3,10,4,3,5,1,0,1,6,3,2,3,8,0,1,2,1,3,5,1,649.9,False
2,0,5,3,8,2,6,2,1,9,8,10,10,6,0,1,2,10,8,9,2,736.1,True
5,3,4,6,4,5,3,3,1,5,2,6,0,7,5,2,2,6,5,4,2,665.8,False
2,5,2,3,9,4,2,4,1,7,9,8,10,6,8,1,1,10,7,7,1,677.9,False
1,3,6,6,6,5,3,5,2,2,5,5,10,7,0,1,2,5,6,6,3,677.5,False
4,2,0,10,7,3,3,5,2,10,2,5,0,7,0,3,2,7,1,7,3,670.7,False
5,2,4,7,10,5,3,5,2,7,7,3,4,7,0,1,2,9,8,9,2,712.8,False
5,3,4,4,2,2,2,2,1,9,5,3,5,8,4,3,2,10,4,10,1,680.7,False
4,2,6,4,4,4,4,4,1,9,3,7,2,7,0,1,2,4,2,4,1,684.7,False
4,2,5,4,10,10,4,5,2,7,3,4,6,7,0,1,2,10,3,10,3,709.6,True
5,3,4,4,6,5,8,5,1,7,8,6,4,8,10,2,1,10,5,9,3,693.2,True
3,1,5,5,7,3,0,5,1,7,2,9,2,7,0,1,2,6,4,10,3,700.4,True
1,1,8,3,2,2,6,5,2,8,2,1,1,6,0,1,2,7,0,6,3,649.3,False
3,2,0,2,6,2,0,0,1,4,5,5,10,8,0,2,2,1,0,9,2,652.2,False
3,1,4,10,10,5,6,2,1,7,2,9,3,7,1,2,2,5,6,8,1,712.3,True
0,4,2,4,8,2,9,3,1,2,1,2,2,6,1,10,2,4,1,3,2,618.9,True
3,2,8,10,5,3,1,5,1,9,1,9,5,8,0,0,2,4,1,4,2,700.6,False
0,5,4,1,3,2,1,0,2,1,1,4,5,6,0,10,1,1,0,1,1,546.2,True
2,5,8,1,10,10,5,5,2,0,4,4,2,4,10,10,1,10,1,1,2,603.6,False
2,3,0,5,5,10,10,3,2,3,3,10,5,6,0,4,1,10,0,0,1,644.3,True
4,5,0,5,0,5,0,0,1,5,0,8,0,7,0,3,1,2,10,10,2,627.1,True
3,2,4,5,2,3,1,5,2,5,1,10,1,8,0,2,2,1,2,4,2,644.7,True
3,3,3,6,9,5,3,1,1,2,1,6,2,6,0,2,2,9,1,2,1,657.1,False
1,4,3,5,3,5,1,0,2,7,3,1,5,7,0,3,2,3,1,7,1,617.2,False
3,3,9,2,8,4,8,3,1,7,5,6,10,7,1,5,2,4,3,5,2,696.4,False
1,1,0,0,0,0,0,5,2,1,0,1,0,8,0,0,2,3,1,3,3,591.9,False
4,1,9,6,10,10,1,5,1,9,6,9,0,6,0,1,2,10,8,10,3,749.5,False
2,5,4,10,10,5,7,4,1,1,3,1,4,6,5,10,2,5,1,5,2,645.9,False
3,3,2,4,6,3,2,2,1,8,1,9,3,6,3,0,2,2,1,8,1,659.4,False
3,1,2,4,2,5,3,1,2,8,3,6,1,7,5,3,2,6,2,10,2,643.7,False
4,3,10,10,10,10,7,5,2,5,2,6,4,7,8,8,2,3,2,3,2,674.3,False
5,3,2,1,7,2,10,0,1,5,3,3,2,8,0,6,2,8,5,5,2,663.7,False
1,2,3,2,3,2,1,0,2,3,1,5,0,6,0,1,1,3,3,5,2,587.2,True
3,1,5,6,4,10,9,5,1,1,1,6,3,7,0,2,2,4,4,10,1,703.2,False
3,2,3,1,4,2,4,5,2,3,1,6,2,7,0,3,2,5,3,10,3,648.8,False
3,5,7,8,10,10,6,1,2,6,3,2,3,6,10,7,2,9,1,3,1,639.3,True
2,5,8,3,2,2,1,5,2,5,2,6,3,5,0,1,2,5,2,10,1,643.3,True
2,3,0,0,4,3,1,1,2,3,4,4,3,5,6,5,2,0,0,5,2,581.7,False
4,2,6,2,3,4,2,2,1,7,2,4,3,7,4,4,2,2,1,6,2,646.7,True
1,1,1,2,7,4,2,4,2,4,1,2,5,10,10,6,2,5,2,7,2,621.4,False
1,5,6,7,1,8,3,2,1,2,2,4,3,8,0,2,1,7,2,8,0,640.1,False
2,3,4,5,4,5,8,5,2,7,2,7,7,8,3,2,2,4,1,4,3,664.5,False
5,5,10,7,4,8,1,5,2,10,0,4,5,8,0,8,2,10,1,10,2,682.6,True
5,5,10,7,4,8,1,5,2,10,0,4,5,8,0,8,2,10,1,10,2,682.6,True
1,3,10,2,5,9,4,2,2,4,1,7,2,7,10,3,2,7,1,5,2,633.7,True
3,5,0,3,10,10,10,5,1,6,3,4,4,7,3,10,2,10,5,10,1,690.9,True
3,1,1,3,2,3,2,1,1,7,2,6,5,9,0,1,2,4,1,5,1,657.7,False
3,1,2,2,7,5,2,5,1,5,3,6,10,7,1,4,2,2,4,5,1,681.1,True
5,4,5,10,10,3,5,5,1,7,1,7,1,9,0,1,2,7,1,7,3,707.2,False
1,3,1,2,4,3,1,1,1,9,2,5,1,6,0,3,2,3,3,5,2,631.4,False
3,5,10,10,6,10,5,5,2,10,7,5,7,8,0,6,2,10,4,5,3,711.7,False
2,2,10,9,10,10,10,5,1,8,1,8,3,6,0,1,2,10,3,10,3,745.9,False
3,1,0,2,3,0,0,2,1,10,7,3,0,5,0,0,2,3,3,10,3,654.6,True
1,4,5,10,3,10,2,3,2,3,5,6,1,6,5,5,1,3,2,1,2,609.5,False
1,3,8,7,10,5,3,5,1,2,4,10,10,7,0,3,2,4,6,6,2,709.1,False
1,3,8,6,10,5,3,5,1,2,4,10,10,7,0,3,2,4,6,5,2,705.7,False
1,3,8,6,10,6,2,5,1,2,4,10,10,7,0,3,2,4,6,5,2,705.7,False
2,4,5,3,5,7,2,5,2,4,0,4,0,7,0,10,2,10,2,3,3,628.0,True
5,2,1,8,6,10,5,5,1,8,6,10,5,7,4,5,2,4,7,8,2,721.0,False
3,2,6,2,5,3,4,0,1,7,2,6,5,6,0,8,2,1,3,4,2,645.2,True
4,3,5,3,5,6,3,3,2,5,3,9,2,8,1,7,2,6,6,6,3,661.5,False
4,3,2,4,5,6,3,3,2,4,5,10,2,5,8,5,2,4,2,5,1,635.6,True
2,4,4,4,4,6,6,4,2,6,3,1,4,8,5,1,2,10,1,4,3,646.3,False
5,5,6,10,10,1,4,5,2,10,2,8,1,7,4,0,1,7,2,4,3,662.8,False
1,1,7,10,10,7,9,5,2,7,3,3,5,7,2,3,2,4,6,2,3,690.7,False
2,2,2,7,4,1,0,1,2,2,0,1,1,8,0,0,2,4,0,2,3,603.8,False
3,4,0,2,2,4,1,2,1,7,2,5,1,7,0,2,2,5,2,10,3,645.2,False
5,3,2,9,10,9,7,3,2,9,5,5,5,6,10,3,1,10,8,8,2,682.4,True
3,4,5,2,0,10,3,0,2,1,10,7,3,4,0,2,1,0,10,1,2,617.8,False
1,4,1,4,2,10,3,1,1,6,3,9,0,7,10,2,1,3,3,5,1,615.4,False
2,5,2,10,9,9,2,3,2,2,1,10,4,5,2,4,1,3,0,0,3,616.9,False
1,3,3,10,3,4,3,3,1,10,1,5,1,7,0,2,2,5,1,5,3,662.2,False
5,4,6,10,10,10,10,5,1,8,4,10,8,7,0,2,2,8,4,10,3,760.1,False
3,1,10,2,10,2,5,5,2,7,6,2,10,6,7,0,2,7,10,10,3,705.6,True
0,1,10,4,10,6,5,0,1,7,2,3,10,8,10,0,2,3,3,5,2,672.2,True
3,3,5,6,9,5,9,4,2,8,4,9,5,9,0,4,1,8,4,8,3,688.9,False
4,4,8,7,7,7,7,3,2,6,8,6,5,8,7,8,2,8,6,7,1,684.7,False
1,2,8,3,7,6,7,1,1,5,4,6,10,7,10,2,2,5,2,6,1,672.6,True
3,2,0,3,0,3,2,0,1,4,1,1,0,8,0,1,1,3,1,3,0,597.0,True
2,4,3,9,10,10,10,5,2,10,1,5,3,6,3,1,2,10,8,1,2,696.0,False
3,2,10,5,8,6,6,2,2,7,4,6,10,7,0,2,2,10,4,6,1,704.9,False
2,5,3,2,5,2,2,3,2,8,1,2,3,7,10,1,1,3,1,10,3,593.6,False
2,5,10,6,3,3,3,3,2,10,3,3,3,10,0,1,2,4,4,10,2,667.5,False
3,1,10,4,3,5,8,5,1,5,1,6,5,8,0,3,2,5,1,3,1,691.5,True
4,3,10,6,7,10,5,5,2,6,1,4,5,6,10,3,2,10,2,7,2,678.8,True
2,2,6,10,10,8,6,5,2,5,5,3,5,7,0,5,2,8,2,10,3,699.2,True
1,5,2,4,10,4,3,3,2,8,6,10,6,7,10,3,2,4,6,9,2,656.4,False
2,2,10,7,7,2,3,3,1,6,2,5,0,9,0,0,2,3,2,10,2,686.4,True
2,3,2,4,7,7,2,3,2,7,6,6,7,7,5,1,2,6,9,3,2,667.5,False
5,3,10,6,10,5,6,5,2,7,2,7,0,7,0,6,2,10,5,10,2,705.1,False
4,2,2,7,10,6,9,1,1,5,2,5,3,8,0,1,2,8,6,7,1,704.9,True
4,2,5,10,7,10,3,5,1,8,8,10,5,6,5,1,2,8,8,5,3,736.1,False
2,4,4,6,4,3,3,3,2,5,2,3,1,6,2,1,2,4,1,3,2,620.8,True
2,3,7,4,3,3,10,1,1,5,1,2,0,8,0,4,1,4,1,4,3,627.8,False
3,3,4,4,10,10,8,5,1,6,3,10,10,7,10,3,2,10,4,10,2,722.7,False
2,2,2,7,7,6,5,3,1,5,4,1,1,7,5,4,2,6,2,5,3,656.3,False
3,3,2,5,7,3,4,4,1,7,6,5,3,7,2,3,2,4,2,8,1,675.8,False
4,1,3,10,3,4,2,0,1,7,2,7,1,7,2,1,2,3,1,3,1,659.2,False
2,2,0,2,7,4,7,2,1,7,7,1,4,8,7,8,1,6,5,5,1,634.4,False
0,4,3,3,2,2,0,0,2,0,1,1,0,10,0,7,1,5,0,10,2,566.8,False
5,4,5,3,10,10,4,5,1,8,5,10,5,7,3,2,1,8,10,7,2,715.9,False
3,4,8,3,10,2,5,5,2,7,2,4,3,8,0,2,2,5,2,4,2,663.9,True
4,2,7,7,4,10,5,1,1,7,3,6,2,6,10,1,1,2,1,2,2,643.5,True
3,2,3,5,10,10,2,3,2,4,6,5,1,6,3,5,2,6,8,3,2,663.7,False
4,1,7,10,6,10,2,5,1,8,6,10,10,8,0,3,2,6,10,10,2,762.0,True
3,3,10,10,10,7,10,3,2,10,5,6,1,8,0,2,1,10,6,7,1,706.8,False
2,1,10,5,5,1,4,5,2,5,3,4,2,8,10,4,2,10,7,10,2,669.0,False
2,3,0,2,6,3,2,4,2,5,1,5,5,6,0,2,1,3,4,6,2,617.8,True
3,4,10,5,5,10,3,1,1,8,10,5,4,5,0,3,2,5,7,7,0,700.9,True
3,4,10,5,5,7,4,1,1,10,10,5,4,5,0,2,2,6,7,10,0,709.4,True
3,3,2,6,2,3,1,0,2,2,0,5,0,8,10,1,2,3,0,5,3,591.0,False
3,4,7,3,6,1,3,5,1,6,3,2,5,9,0,5,2,7,2,10,3,677.3,False
3,0,0,3,3,2,4,3,2,4,3,2,10,8,0,2,2,6,6,10,2,666.9,False
2,5,5,6,6,10,6,4,2,7,2,1,1,8,5,3,2,5,0,2,1,636.1,False
3,3,4,7,10,6,7,2,1,7,4,10,2,7,2,3,2,8,2,6,2,698.9,False
3,4,9,9,8,9,6,1,2,2,7,8,8,9,9,9,2,6,6,9,2,680.2,True
3,4,2,4,5,10,2,5,1,7,5,6,1,7,0,0,2,5,1,7,2,682.8,False
2,5,0,6,0,3,0,0,1,0,0,1,3,9,0,3,1,0,1,1,1,571.7,False
2,3,0,2,1,1,0,0,1,0,0,1,2,9,0,3,1,0,1,2,1,570.0,False
3,4,3,3,6,10,4,5,1,7,4,6,4,6,4,5,2,7,4,5,1,679.2,True
1,5,0,8,0,10,0,2,2,1,0,1,0,5,10,8,2,2,0,0,1,553.9,False
5,1,3,3,10,2,3,3,2,7,8,6,2,7,0,2,2,3,3,10,3,681.1,False
4,2,8,8,7,6,4,3,2,6,5,4,2,7,0,1,2,2,2,6,2,675.6,False
5,3,2,5,6,2,2,0,2,8,0,5,5,7,0,2,2,0,0,5,2,629.9,False
2,3,10,8,8,10,8,1,1,10,5,7,1,7,10,1,2,10,2,4,1,698.3,True
3,4,2,7,7,10,10,0,2,9,7,10,8,6,10,8,1,7,6,3,2,652.8,True
4,3,2,5,1,1,3,1,1,8,1,10,8,6,7,2,2,6,2,2,2,649.4,False
3,1,10,3,10,2,1,1,2,10,8,10,10,7,0,2,2,10,8,10,2,722.7,True
1,4,3,1,3,5,3,1,1,2,3,4,5,6,5,4,1,3,1,2,1,593.8,False
5,3,8,6,5,10,8,4,1,8,4,3,5,7,5,1,2,10,3,7,3,716.2,True
3,0,10,7,8,6,2,5,2,8,1,6,1,8,0,1,2,3,5,10,3,700.0,False
4,5,6,6,7,3,8,4,2,3,3,1,10,7,10,10,2,7,5,6,2,644.4,False
4,3,7,6,1,7,3,5,1,7,1,3,2,7,4,4,2,4,0,2,2,655.0,False
3,3,8,4,7,10,8,2,1,6,9,7,5,8,0,4,2,5,8,9,1,724.0,False
5,4,1,5,10,6,5,4,2,8,7,8,10,7,0,2,2,8,3,7,3,705.3,False
5,2,5,6,6,8,6,5,2,9,8,6,8,7,0,4,2,5,8,10,2,723.6,False
1,2,1,3,2,2,2,0,1,5,1,10,0,8,0,1,2,3,1,3,1,629.4,True
3,5,7,3,4,4,6,4,1,6,2,6,1,7,2,4,1,4,6,7,2,650.5,True
5,4,10,10,10,4,10,5,2,8,2,10,5,8,0,10,2,6,4,8,2,712.7,False
5,2,7,10,10,10,6,5,1,10,7,6,7,7,5,2,2,10,4,8,3,752.5,False
3,2,10,7,4,6,5,4,1,8,3,6,2,9,0,1,2,7,7,2,1,708.7,False
5,4,5,5,10,10,10,0,2,5,2,5,1,8,10,1,1,10,5,5,1,652.2,False
4,1,5,4,8,10,3,2,2,8,3,10,5,8,0,3,2,6,2,5,1,690.6,False
2,2,10,4,8,8,8,3,1,6,2,7,2,8,4,1,2,4,1,10,1,698.5,True
5,1,8,7,6,8,4,1,1,6,4,8,8,7,3,3,2,6,1,4,1,701.9,True
5,1,5,10,9,10,8,5,2,7,8,5,7,8,0,1,2,10,7,8,3,749.1,False
4,5,2,10,10,10,6,3,2,9,9,10,10,6,0,6,2,10,8,10,3,731.0,False
2,4,5,10,10,10,5,0,1,10,2,8,4,8,0,1,2,4,7,9,1,712.3,False
2,3,1,0,0,2,0,0,1,4,0,8,0,7,10,4,2,0,0,6,1,584.6,True
1,1,2,2,6,10,3,1,1,3,8,9,10,8,0,4,1,2,1,8,1,666.6,True
3,3,5,10,5,5,7,1,1,5,2,1,1,6,10,3,2,1,2,10,1,645.9,False
5,3,0,9,4,2,3,5,1,2,2,9,2,8,0,3,2,4,1,6,3,671.7,False
2,3,5,10,0,2,0,2,1,5,0,4,10,9,4,0,2,10,0,4,1,660.7,True
5,1,3,8,1,2,2,2,1,8,3,2,3,7,0,1,2,8,0,3,3,666.7,False
2,0,10,7,4,2,3,3,1,3,0,8,0,6,0,3,2,3,1,3,1,660.9,False
1,2,3,6,6,1,5,1,1,7,2,3,2,8,0,5,1,5,6,7,0,641.6,False
0,2,5,4,3,1,3,0,1,6,4,2,10,7,0,0,2,4,4,5,1,654.8,True
5,2,4,3,6,8,2,3,2,6,5,4,5,7,10,6,2,6,2,6,3,648.4,False
4,4,6,9,10,10,5,4,1,8,2,8,2,6,2,3,2,5,2,9,3,708.5,False
3,1,4,2,4,5,2,2,1,6,2,5,3,7,0,2,2,5,2,4,1,660.5,False
3,3,4,5,2,3,3,5,2,9,2,1,10,8,0,6,2,2,1,4,2,644.6,False
3,3,4,2,6,7,10,3,1,5,5,8,5,7,10,5,2,10,8,2,1,683.2,False
4,4,5,6,10,10,1,5,1,6,3,10,2,6,0,2,2,4,4,4,1,698.7,False
3,3,1,6,5,6,4,2,1,4,3,8,10,7,9,4,2,5,2,7,0,664.5,False
1,3,1,2,4,2,1,0,1,2,2,2,0,9,10,1,2,2,0,10,2,600.8,False
1,5,5,2,10,10,4,4,1,9,3,7,0,6,10,5,2,2,0,0,2,636.9,False
3,1,5,4,6,10,8,5,2,7,3,6,5,6,5,1,2,5,10,7,2,699.6,True
1,0,2,6,4,6,5,2,2,4,3,1,5,9,7,1,2,3,3,6,1,639.7,True
4,1,0,5,6,5,2,0,1,3,1,1,1,8,10,1,1,5,1,9,3,617.4,False
5,3,4,6,3,3,1,2,1,8,2,9,1,8,7,2,2,2,1,8,3,658.1,False
5,2,10,10,10,5,8,5,1,3,3,10,2,7,0,1,2,10,4,10,3,746.5,False
4,2,8,6,3,3,7,1,1,3,2,8,3,7,10,2,2,6,6,4,2,666.2,False
3,1,4,10,10,10,0,5,2,7,3,2,10,9,0,0,2,4,10,10,3,721.5,False
3,3,6,10,10,2,10,5,2,8,5,6,3,7,2,2,2,6,2,6,3,694.7,False
3,2,4,1,3,3,2,5,1,8,2,2,5,8,0,1,2,10,2,8,3,680.5,True
4,3,4,4,2,8,1,0,1,4,1,8,1,6,0,2,2,3,2,7,2,650.7,False
1,4,6,8,9,8,7,5,1,8,6,5,8,5,10,2,1,8,4,3,2,677.1,False
3,3,1,2,1,4,3,1,1,4,1,8,0,8,3,2,1,2,1,10,1,618.8,False
3,2,4,3,1,2,5,0,1,8,1,10,0,7,0,2,2,6,0,3,1,649.6,False
1,5,2,1,0,3,2,0,2,2,2,1,0,4,0,1,1,0,0,5,2,550.3,True
2,4,4,4,4,6,5,2,1,3,4,3,5,5,8,5,1,8,3,2,1,618.9,False
1,5,1,1,0,3,0,0,2,2,1,1,0,4,0,1,1,1,0,3,2,541.8,True
3,5,2,2,2,1,4,5,2,3,2,5,7,9,10,0,1,7,3,7,2,615.0,True
3,4,4,10,10,6,2,5,1,8,2,6,10,6,0,2,2,8,4,10,3,720.0,True
2,4,0,5,0,2,3,0,1,4,2,5,5,7,10,10,2,3,5,10,1,609.5,False
4,1,4,10,10,6,0,1,1,6,8,10,5,7,0,1,2,10,7,10,3,734.6,False
4,4,2,8,7,10,8,3,2,7,9,7,7,8,0,2,2,10,7,8,2,720.6,False
1,3,5,10,5,10,5,5,2,5,6,8,10,6,5,3,2,5,10,5,3,696.6,False
5,0,10,5,7,6,8,5,1,7,3,9,2,8,0,0,2,8,5,10,1,748.2,False
5,4,0,4,7,7,2,5,2,9,4,10,0,7,5,1,2,2,2,9,3,664.9,False
2,5,3,3,7,4,5,4,1,4,4,2,6,7,7,9,2,7,8,10,0,658.2,False
5,0,9,7,3,4,5,2,1,10,7,9,10,9,10,1,2,10,3,9,2,731.4,True
2,1,6,6,10,5,6,5,1,8,2,9,5,8,0,1,2,10,4,10,3,734.6,True
1,3,10,4,3,5,3,5,2,5,2,1,0,10,0,5,2,3,3,5,2,639.9,False
3,2,5,10,10,10,10,4,1,9,4,8,4,6,0,1,2,10,4,5,1,740.8,True
2,4,2,10,5,9,2,4,1,6,3,3,5,8,0,5,2,5,3,4,2,672.2,False
3,4,6,4,4,7,3,3,2,8,4,5,2,5,0,5,2,5,5,5,1,651.6,False
2,5,0,2,3,4,0,5,2,1,1,2,3,5,0,0,1,1,2,1,1,577.9,False
3,1,5,5,0,2,1,1,1,2,1,8,3,10,3,1,2,3,0,2,1,639.6,False
4,2,6,4,3,4,3,4,1,8,1,7,5,7,0,2,2,1,4,2,1,674.5,False
5,5,10,4,2,10,3,5,1,3,2,10,0,6,0,1,1,10,2,4,2,674.9,True
5,4,2,4,10,5,2,5,1,3,8,10,3,6,10,1,2,8,9,7,2,697.0,True
2,3,2,3,2,1,0,0,2,8,1,4,3,7,1,5,2,9,1,10,2,619.5,True
3,1,8,4,2,7,3,5,2,2,3,2,5,6,4,1,2,10,2,1,1,654.6,True
3,1,10,3,6,10,1,5,2,7,1,8,0,6,0,4,2,10,4,10,2,693.2,False
3,2,6,2,5,3,3,5,2,5,0,4,4,8,0,1,2,3,2,7,3,653.7,False
2,1,2,7,2,2,2,0,1,10,10,3,3,9,0,1,2,10,6,10,1,694.5,False
5,3,10,2,5,4,0,2,1,5,1,10,1,7,5,4,2,9,1,5,2,664.9,False
2,5,4,4,6,5,5,4,2,2,5,2,5,7,0,3,2,7,7,6,2,654.8,False
5,5,5,5,10,10,10,2,1,10,5,5,5,10,5,5,1,5,10,10,1,707.0,True
1,2,2,8,10,10,4,5,1,9,1,10,1,8,0,5,2,4,1,1,1,687.2,False
3,1,1,7,5,10,2,1,1,4,5,10,2,7,2,1,1,10,5,5,3,676.8,False
4,4,10,8,5,4,5,5,2,7,3,9,10,7,0,3,2,10,3,10,3,714.0,False
4,3,4,7,4,5,7,2,2,7,8,2,5,7,3,3,2,6,6,2,1,665.0,False
2,1,2,7,10,10,10,0,2,7,6,6,2,7,0,5,2,4,8,8,2,689.6,True
4,4,0,3,4,10,2,2,1,4,1,10,4,6,4,2,2,5,4,1,2,652.8,False
3,1,10,10,10,10,10,5,2,9,8,8,5,6,2,1,1,10,8,8,3,739.1,False
4,5,8,6,10,10,5,4,1,2,2,8,5,7,0,3,2,8,6,5,2,708.7,False
1,3,6,5,4,5,4,2,1,9,4,3,3,6,10,2,2,8,7,4,2,658.2,False
3,2,6,7,4,4,2,1,2,6,5,5,4,6,4,1,1,3,1,5,2,626.3,True
2,3,2,4,3,7,4,4,2,7,1,10,2,8,2,0,2,2,1,3,2,646.4,False
3,4,3,4,5,5,2,5,1,8,6,7,0,6,2,4,2,6,2,7,3,670.9,False
1,3,3,6,6,4,8,4,2,7,1,2,2,8,4,3,2,8,1,4,1,643.1,True
5,4,3,2,8,3,10,5,2,8,2,10,2,7,0,6,1,2,6,8,3,661.5,True
3,2,5,10,8,10,2,3,2,10,8,10,10,8,0,4,2,5,6,6,2,721.2,False
3,3,7,7,10,2,10,5,2,10,3,2,5,8,0,2,1,10,8,10,1,699.2,False
1,3,0,4,8,2,1,0,2,1,2,3,1,3,10,7,1,7,6,2,1,560.7,False
5,3,10,10,10,10,4,2,1,7,4,10,5,9,0,3,2,10,8,8,1,752.0,False
0,5,5,6,0,0,0,0,1,3,0,1,0,6,10,10,2,2,0,10,1,567.7,True
3,4,5,4,7,10,5,2,1,8,3,4,0,8,0,4,2,3,2,8,2,674.1,True
3,3,5,8,10,10,6,2,1,7,3,4,1,8,0,3,2,4,2,6,2,691.1,True
5,3,1,7,9,5,5,5,1,3,5,10,10,6,4,6,2,8,1,7,2,702.1,False
2,1,3,3,9,10,10,3,2,7,9,10,10,6,9,1,2,5,6,6,2,703.8,False
1,5,0,1,0,2,0,5,1,2,0,1,3,9,10,1,2,5,0,1,1,588.7,False
0,2,4,2,10,3,6,4,1,0,4,7,0,8,0,1,2,2,0,7,1,659.4,False
1,5,2,7,3,3,1,2,1,3,1,4,0,10,6,5,2,4,1,3,1,609.9,False
5,5,0,2,3,10,7,2,2,5,0,3,10,8,0,7,2,4,1,7,1,643.3,True
1,5,6,7,6,4,3,5,1,2,2,5,5,6,0,5,2,4,3,10,1,665.4,False
5,1,6,7,10,5,7,5,2,8,2,6,5,8,0,1,2,8,7,10,3,727.2,False
2,3,1,3,4,4,1,1,2,6,2,5,5,6,6,0,1,2,2,5,3,597.4,True
4,4,10,7,10,10,8,5,2,7,2,7,10,8,3,6,2,10,3,4,2,712.1,False
3,2,2,3,6,7,8,4,1,6,7,10,10,8,5,3,2,7,8,7,2,719.5,False
4,2,8,4,5,2,6,2,1,9,4,10,10,6,0,0,2,10,3,7,3,720.8,True
5,3,6,9,7,6,2,1,2,7,1,8,1,5,0,3,2,6,1,7,2,664.1,True
5,2,6,8,5,5,3,5,2,6,4,10,1,8,0,1,2,5,4,10,1,700.8,False
3,4,10,10,10,10,4,5,2,4,7,5,5,6,0,6,2,10,5,1,3,697.7,False
5,2,6,6,7,5,3,5,2,8,2,6,5,8,0,3,2,7,7,6,3,698.3,False
3,3,5,6,10,10,2,4,2,7,4,9,5,9,0,2,2,4,4,5,1,694.0,False
5,3,4,5,7,10,4,4,1,7,8,4,5,7,8,3,1,7,8,7,1,689.2,False
3,4,3,9,8,4,5,2,2,7,2,1,0,6,4,10,1,8,0,3,1,603.4,False
2,2,1,3,0,1,0,1,1,6,2,3,0,8,3,2,2,2,0,3,2,607.6,True
1,5,6,10,10,6,4,2,1,8,3,2,2,7,0,3,2,10,4,7,1,685.4,True
2,4,2,6,4,4,10,4,2,2,2,2,4,6,5,8,2,10,0,4,1,625.7,False
2,2,5,5,3,5,5,5,1,5,5,4,8,5,5,4,2,3,3,7,1,671.8,False
1,3,8,4,6,4,4,5,2,6,2,6,7,6,3,4,1,4,5,2,2,636.7,True
5,5,2,7,5,5,5,1,2,10,3,10,1,9,10,3,1,10,2,3,3,634.7,False
3,3,1,4,10,3,1,1,1,5,1,9,0,9,0,1,1,7,1,10,2,653.2,False
5,3,10,10,10,10,3,4,2,7,4,5,4,8,8,1,2,10,3,10,3,711.7,False
3,3,2,8,2,10,2,5,2,2,8,6,0,6,0,0,2,8,2,2,1,662.2,False
4,2,3,10,10,5,5,5,2,7,4,6,10,6,2,0,2,10,5,2,1,708.1,False
3,2,0,3,10,10,2,5,2,8,1,6,1,5,1,1,2,5,8,10,2,680.7,True
1,1,3,3,5,5,3,2,1,2,1,3,5,10,0,0,2,2,5,4,2,657.3,False
1,1,5,4,8,7,9,2,2,10,1,3,5,8,0,5,2,10,8,8,2,690.9,False
3,5,3,3,4,2,0,5,1,4,0,3,4,8,10,0,1,5,1,7,1,614.4,False
2,3,1,1,2,2,3,3,1,3,1,2,2,6,10,0,1,6,1,3,1,591.7,False
4,4,4,4,3,4,6,1,1,8,1,8,3,6,0,6,2,5,3,7,1,662.6,True
2,3,3,5,10,4,3,5,2,4,1,1,1,5,10,1,1,1,2,10,2,608.3,False
3,4,5,3,10,10,3,5,2,7,4,5,1,6,10,1,2,10,8,5,2,672.2,True
5,1,10,1,10,3,3,3,1,8,2,5,1,8,0,1,2,10,2,10,2,710.0,True
4,0,10,5,10,5,10,5,2,7,8,8,1,7,0,0,2,7,6,10,3,737.6,False
1,4,0,5,0,1,1,0,1,1,0,5,0,7,5,3,1,4,0,0,1,563.6,False
3,4,4,7,5,4,2,2,1,5,2,10,1,9,6,2,2,1,1,6,1,651.7,False
3,2,5,5,5,10,4,3,1,5,5,1,5,8,0,0,2,5,5,5,2,692.2,False
4,3,5,8,5,10,5,3,2,7,6,2,7,7,10,6,2,10,6,6,3,675.2,False
2,2,7,8,10,7,9,2,2,3,7,4,7,8,5,3,2,5,4,4,2,680.9,False
3,5,0,2,2,2,8,1,2,7,3,5,10,5,0,8,1,5,5,7,1,615.9,False
0,5,3,3,7,3,1,3,2,5,2,1,3,6,0,1,2,5,1,10,3,622.1,False
2,5,2,6,10,2,4,2,1,8,1,9,5,8,10,1,1,4,2,10,2,646.2,True
4,1,10,6,10,9,8,5,1,8,5,9,6,9,0,3,2,5,8,8,2,758.6,False
4,3,1,3,10,4,6,0,2,3,4,10,3,7,2,7,2,5,4,7,1,649.6,True
5,1,4,10,6,5,5,1,2,10,2,8,5,7,0,1,2,2,4,5,3,686.6,False
3,4,10,4,7,10,3,5,1,6,2,8,3,7,0,1,1,5,2,4,1,679.8,False
4,3,6,10,10,5,7,5,2,8,6,10,10,7,0,3,2,7,7,7,3,732.9,False
5,1,6,5,7,6,4,4,1,9,3,10,8,7,7,3,2,3,6,6,1,710.8,False
3,1,5,4,2,3,0,2,2,1,1,1,0,4,0,3,2,4,2,7,3,611.5,False
5,3,3,5,9,10,2,5,2,9,6,8,5,5,0,6,2,5,1,1,2,677.7,False
4,4,2,6,5,8,5,5,2,8,5,5,10,5,10,4,2,5,5,5,3,665.2,True
2,0,3,9,5,10,7,2,2,8,10,5,5,10,0,7,2,2,8,10,2,705.3,False
2,4,0,3,1,5,0,2,2,3,2,10,5,4,0,0,2,5,0,1,0,613.3,True
2,4,2,5,3,8,2,1,1,10,2,8,2,9,1,0,2,7,4,3,1,670.0,True
3,3,10,6,3,7,10,5,1,4,8,8,0,6,0,3,2,10,6,3,1,713.6,False
4,4,2,8,3,3,3,5,1,7,2,6,0,7,0,1,2,3,0,10,2,670.9,False
4,2,8,4,5,2,6,2,1,9,4,10,10,6,0,0,2,10,3,7,3,720.8,True
3,1,4,10,8,8,8,5,2,8,8,6,7,9,5,2,2,4,9,6,2,720.6,False
2,5,4,7,5,1,0,5,2,4,2,6,0,7,0,5,1,10,3,2,2,614.8,False
2,2,5,10,10,10,10,4,2,7,7,9,5,7,5,4,2,10,8,6,3,722.5,False
4,1,6,6,3,10,3,4,2,3,4,6,6,7,0,3,2,5,4,9,3,687.9,True
0,1,0,1,10,4,1,0,1,4,4,1,2,10,0,10,1,2,1,10,1,611.0,False
1,1,0,1,0,4,1,0,1,0,1,6,2,7,0,3,1,2,3,10,1,604.6,False
3,2,5,3,10,10,10,4,2,8,8,8,10,7,8,5,2,9,7,8,1,717.2,True
2,5,3,3,10,10,5,4,1,8,2,5,2,8,1,3,2,4,6,3,2,677.7,False
2,5,10,10,10,10,6,5,2,6,2,3,3,6,0,7,2,10,2,10,2,690.5,False
5,5,3,4,5,10,2,2,2,8,6,8,0,7,2,8,2,3,1,4,2,640.7,False
2,1,1,10,4,10,5,5,1,6,5,6,4,8,5,2,2,4,8,10,2,710.2,False
5,2,10,10,10,10,3,5,2,8,8,2,10,8,0,0,2,10,10,5,3,750.2,True
5,2,8,6,8,5,6,5,2,7,4,6,5,8,0,1,2,6,6,5,3,708.5,False
4,4,6,6,3,0,4,2,1,3,3,8,0,8,0,0,2,4,0,10,1,664.7,True
3,3,4,5,3,10,3,5,2,5,1,6,0,6,7,2,2,10,6,7,3,660.5,False
2,4,7,5,4,3,6,4,1,8,4,8,5,7,0,3,2,4,3,4,3,681.5,True
2,4,5,8,10,10,7,5,2,7,6,8,3,7,10,5,2,10,10,4,2,693.4,False
1,1,10,5,4,2,5,2,1,7,2,1,2,8,0,0,1,5,0,4,1,646.3,False
1,4,5,6,6,10,4,2,2,4,3,3,10,5,3,1,2,4,2,5,3,649.5,False
1,2,4,4,5,10,3,3,1,3,2,8,2,7,0,5,2,7,5,7,1,676.4,True
5,2,4,7,4,3,5,2,1,8,1,7,1,8,0,1,2,5,4,5,1,684.9,False
2,2,3,5,5,5,6,3,2,7,7,7,7,7,5,6,2,4,4,7,3,664.3,True
5,1,5,6,8,10,5,4,2,9,8,10,10,8,0,1,2,6,8,8,2,745.0,True
3,0,6,4,10,10,3,5,2,8,1,10,5,6,0,3,2,7,1,8,3,703.8,False
3,5,0,10,10,10,0,0,1,10,10,2,2,5,0,8,1,2,0,0,2,628.9,False
1,4,5,5,10,3,9,0,2,8,7,9,9,8,10,1,1,0,6,10,1,653.0,False
5,2,10,10,10,10,3,2,2,8,9,10,3,7,0,3,2,10,8,10,3,743.1,False
5,2,8,8,10,3,8,3,2,8,7,8,5,8,4,0,1,10,4,2,0,695.3,False
4,3,8,8,9,10,6,1,1,10,2,9,5,8,0,1,2,10,4,10,1,738.0,False
2,3,4,10,10,10,8,5,1,5,8,8,5,7,3,1,1,10,5,3,1,712.1,True
2,2,10,4,6,3,5,0,1,5,3,7,3,8,1,2,2,3,2,10,0,676.4,True
4,4,5,3,10,8,10,5,1,5,5,9,1,7,3,4,2,2,1,10,3,698.7,False
2,2,2,5,5,10,3,1,1,5,6,5,3,8,10,3,2,10,2,5,1,662.4,False
3,2,10,10,10,10,6,5,2,8,3,8,7,8,8,2,2,10,7,10,2,732.7,True
3,4,6,2,3,5,2,2,2,7,6,7,5,9,5,8,2,6,3,10,2,649.4,False
0,1,0,0,0,2,0,0,2,3,0,1,0,9,0,1,2,2,0,6,2,580.2,False
4,2,2,4,10,10,2,1,1,3,3,10,3,8,2,2,1,3,1,7,1,663.4,False
3,0,6,6,3,7,1,3,2,7,4,8,0,6,10,1,2,10,1,5,3,657.5,True
5,5,10,8,7,4,4,5,2,6,3,2,1,9,10,1,1,8,3,10,1,655.2,False
5,3,2,6,10,6,3,5,1,8,2,3,3,7,0,2,2,5,2,7,2,692.4,False
2,2,4,3,1,4,6,0,1,5,2,7,3,8,0,3,1,3,2,3,1,628.8,True
1,4,1,0,4,4,1,0,1,2,0,3,1,6,5,0,2,2,2,2,0,591.9,False
5,2,10,6,4,10,8,3,1,7,3,6,1,7,9,1,2,3,0,8,2,691.3,False
1,4,2,5,5,10,1,5,2,8,2,3,10,7,0,3,2,10,1,5,2,665.2,True
3,5,5,7,5,5,6,5,2,6,2,5,10,8,0,3,2,5,8,5,2,682.8,True
5,3,10,4,6,1,5,3,1,7,4,10,2,8,0,1,2,10,3,4,2,705.9,False
3,3,2,8,4,5,4,3,1,3,6,4,10,7,7,1,1,6,0,2,2,646.7,True
1,1,8,4,8,4,7,2,1,9,3,5,5,8,10,7,2,5,8,8,2,681.1,False
4,3,10,10,10,7,4,5,1,5,8,10,10,8,5,0,2,10,7,4,1,751.8,False
4,3,6,3,5,3,7,5,1,5,7,6,3,8,4,2,2,10,3,10,3,703.4,False
3,4,4,3,2,2,2,0,1,8,2,5,3,7,5,7,2,2,1,7,1,621.4,True
0,2,3,6,2,2,5,1,2,2,3,4,1,7,1,4,1,1,3,5,1,592.3,False
3,4,3,3,1,3,1,0,1,3,0,5,1,7,10,1,2,5,0,5,1,604.4,True
2,4,2,5,2,6,3,5,2,2,2,4,1,7,10,5,2,7,0,1,1,602.5,True
3,1,2,5,5,5,3,3,2,7,1,9,1,7,2,2,2,4,2,7,2,656.2,False
2,2,3,10,5,6,8,1,1,8,8,10,10,7,3,2,2,7,3,3,1,709.1,True
0,4,10,2,4,10,1,0,2,7,3,1,1,7,10,2,2,2,1,1,2,596.8,True
1,3,2,10,10,10,6,5,1,8,10,2,3,7,10,0,2,10,8,7,1,714.3,False
5,1,2,4,10,4,5,2,1,7,1,10,0,7,1,8,1,7,2,7,2,664.9,False
0,4,4,6,5,7,0,2,1,4,1,3,1,7,10,3,2,2,0,2,2,605.7,True
5,2,3,3,2,2,2,0,2,2,1,7,2,7,10,3,1,2,1,3,1,581.0,False
1,3,2,1,4,2,3,5,2,4,2,7,1,6,10,7,1,0,1,3,2,572.3,True
4,1,8,8,10,3,4,5,1,8,5,10,5,7,10,0,2,10,4,10,1,731.2,False
5,3,7,5,5,4,4,1,1,3,4,3,3,7,7,5,2,2,1,6,1,644.8,True
2,3,5,5,3,3,2,5,1,5,1,3,3,8,3,6,2,5,1,7,2,648.4,False
1,3,6,8,3,4,3,0,1,5,3,5,6,7,3,4,1,3,1,5,1,628.2,False
1,3,6,8,3,4,3,0,1,5,3,5,6,7,3,4,1,3,1,5,1,628.2,False
0,3,1,10,4,5,4,5,2,6,2,2,1,6,10,6,2,10,1,3,1,618.9,False
2,3,6,7,6,5,9,2,2,3,4,9,4,7,4,5,2,10,3,6,1,669.8,False
3,4,6,10,7,5,4,5,2,5,4,9,3,7,10,1,1,7,4,3,3,651.1,True
3,2,8,7,5,3,6,5,1,7,4,6,2,8,6,2,2,10,5,10,1,708.5,False
1,4,1,4,1,7,0,2,1,4,2,2,5,6,5,7,1,2,8,7,3,605.3,False
5,3,10,6,5,10,3,2,1,4,2,10,1,6,4,1,2,3,3,5,1,685.1,False
3,2,6,8,5,2,1,5,1,5,1,4,1,9,0,0,2,9,4,10,3,694.7,False
4,1,3,5,3,7,3,1,1,7,1,9,1,6,5,2,2,5,1,7,1,664.5,False
1,2,1,6,2,5,2,2,1,1,3,5,3,9,10,2,1,1,2,4,1,604.8,False
3,4,4,4,4,10,10,0,1,10,7,4,1,8,0,5,2,8,4,10,0,694.5,False
4,2,4,2,4,2,5,5,1,5,7,5,5,8,10,0,2,2,2,8,3,670.9,False
3,4,6,7,5,3,4,2,1,2,2,5,5,6,10,1,2,6,1,5,2,645.0,False
2,4,10,7,8,10,2,5,2,7,1,5,2,8,10,2,2,10,0,3,1,660.7,False
3,3,10,10,10,8,5,5,2,6,6,10,2,7,0,2,2,10,9,7,1,731.2,False
3,5,2,8,10,10,3,2,1,9,1,6,0,7,2,0,1,10,3,10,1,677.7,False
5,3,10,10,8,8,7,4,1,8,3,10,6,8,0,6,2,10,3,10,2,746.7,False
5,2,10,8,10,10,10,5,1,9,10,8,10,8,0,2,2,10,8,8,2,790.5,True
3,1,1,5,5,3,5,5,2,8,4,3,5,7,1,3,2,3,3,7,3,663.5,True
5,5,10,2,7,8,2,1,1,9,5,1,2,7,0,1,2,7,6,10,1,693.7,False
5,2,10,8,10,10,10,5,1,10,8,8,10,8,2,2,2,10,8,8,2,785.4,True
2,4,2,5,7,3,4,3,1,8,4,4,5,5,0,3,1,5,5,7,1,653.1,False
2,5,7,7,10,8,8,5,2,8,4,2,4,7,4,5,2,10,2,5,1,676.9,False
3,4,0,6,5,7,3,3,1,9,1,7,4,8,1,2,1,3,3,3,1,649.2,False
0,5,1,2,10,10,4,0,1,4,4,5,5,6,0,3,1,4,2,1,3,622.9,False
2,0,7,4,4,5,3,2,1,8,2,10,7,7,10,0,2,6,2,10,3,688.7,True
2,3,2,5,10,8,6,5,1,5,5,3,8,7,5,5,2,5,5,5,1,685.6,False
1,1,8,3,10,10,3,5,2,9,3,3,3,7,5,2,2,7,5,10,3,689.0,True
5,4,2,4,8,2,2,0,1,3,3,7,3,7,2,1,1,1,0,2,1,620.1,False
4,4,3,4,4,2,1,3,2,6,6,3,1,6,10,1,2,6,8,3,2,627.6,True
3,3,0,4,0,10,0,4,2,8,2,10,7,7,0,1,1,5,2,5,3,644.5,False
3,3,6,8,7,4,6,3,1,7,5,6,5,6,0,0,2,10,5,8,1,714.9,False
4,3,0,10,10,8,6,5,1,7,3,5,2,7,0,1,2,10,1,10,1,716.6,True
1,1,10,8,2,7,3,2,1,6,10,1,5,8,7,2,2,1,6,8,1,682.0,False
5,4,0,2,10,10,5,1,2,7,4,1,5,8,5,2,2,1,8,4,1,651.4,False
