PC1,PC2,PC3
-2.2500295140858975,-0.8516201332807953,-0.2256711812628118
-0.25265994769779665,0.35009005661056597,1.074253013624971
-1.3253743360037509,0.7101674160815886,1.1001915035333518
-1.3877422447941847,2.6602770064530046,0.17411868449136114
0.5500124669297499,0.8643036417851937,1.9209333071033696
1.7230544318159655,0.7291722873475878,0.3570357967929487
3.2720563266221103,1.1185894426529528,1.296191803727883
-0.18874758334551442,-0.3182019786105452,-1.314728750709348
1.5547026172114078,-0.6733936153088341,-0.4851011516135082
-1.3426992516084093,1.1736983780721182,1.6119467835959134
-1.940957640327567,0.08299379870496573,0.6394430877376209
-2.2610516381259527,-1.2772484541406313,-0.2774232716929661
1.3268317760674464,-0.4746830526740611,0.67075023694241
0.44731418934634665,-0.34741656241846364,0.16839348133520862
-1.3128916289380836,-0.9202588760943476,-0.5706347856717316
2.0487303743399154,0.31780949621831234,0.7991842339316771
-0.046068537500572264,-0.9802694022116819,-1.2342109274049875
0.9808963253094896,-1.129133062773209,-1.3583755970364362
1.881870607648918,0.6581768552236276,-1.1902528914470756
1.1647458801132742,1.1341581106564393,1.0637534831803588
-1.21424044766132,-0.40074460835206877,-0.3655727338332214
0.23542932803115219,1.2801398828570998,0.3312756072526657
2.149231066984234,0.9313860665617606,0.7696801751654971
3.386832788689738,0.7281944952522252,-0.41571174443421044
0.6381676848230591,0.09034661733061748,1.3325838455480319
-2.381725137128389,1.4004588786527863,-1.0502067548714538
-2.456528496539605,0.22588657525785852,-0.2978327165441336
0.6867590598292799,0.9365063428512913,-1.7919190332250627
0.04753103482860212,-0.15165263155798694,-0.6211920508355179
0.3450519072062355,-0.8935720241784375,-1.441200062994405
2.0206579567592136,-1.8390494757993718,-1.0460244023000855
0.8386513472846167,-0.24273944574547784,0.23737782451339567
-4.040233632631683,3.31014522415591,0.6017850765710397
-1.0858015406477912,-1.8017570883058607,0.8007504763381682
3.1904541944483324,-0.4636658576730125,-1.6567740100374433
-2.6125834774894066,-0.5004557156535229,1.6016644745672224
2.6399620036572142,0.4946054229934366,0.9127405284645506
-2.884605552138732,1.692581959021163,0.34589157701072865
1.4933432947256324,0.9001640694752873,1.6901191211380338
2.0805453659591664,0.13201613911363763,0.6541523474472233
0.8577655499675297,-0.5548100863612454,-0.9827981242241586
-1.0497306675869171,1.6161583908950519,0.9864206777327298
0.1243104643720293,0.7785227897346154,1.9212910793963667
-0.558565738840874,-1.8542084490922401,-0.3594955738082641
-0.9771084698115381,0.22208306959697535,-0.08923860815644817
0.19408134815766745,2.7933801511879244,-2.2960207669704236
2.6750443861051285,0.6869487826355962,-0.2234470057318991
1.3682381795053005,0.20057576926246723,-0.8460455653190023
3.7738879225023316,1.5332860683293583,1.1509476080548022
-0.27141532519904815,1.25715730345107,0.5318850838268746
1.1386127151669394,-0.6548819734975391,-0.6931881131407176
-0.5330651639303697,1.4900108405720465,-1.2659817624062075
-0.9347597106932077,0.5859455370432358,0.9650180561842475
0.04282787896351966,-0.4614026212973372,0.5972267101805104
-0.7759033983204947,0.6432471527804751,0.32539239155392546
-5.132986632269648,-0.36443842038260116,-1.614126637087415
0.4100288292667806,1.0373786132030156,0.146191053022019
1.3375331078966453,0.5406417084849989,-1.218688227094842
2.1132153082132135,0.6056125305758346,-0.09721598385392893
-4.430433289408419,-0.05910595069911931,-0.061163504369737456
-4.256557554603805,-0.006145210979161011,-0.1364017535450048
-0.1440583286753377,-0.3528326335722242,-0.7456155494083195
-0.7917242365093936,-1.978395364746455,-0.49517925686135394
-0.46537958796794654,-2.2229194953704994,-0.23235651321751258
-0.18513043304719926,0.39589457977206854,-0.6460816097402148
0.09805384797937952,0.03269099572806181,-1.2325882882515096
-0.34190367743010297,-0.2592720334919213,-1.439814199102466
0.404758966939103,-1.0345369395896389,1.7151914636645125
-2.4320417294957952,-0.7465324244860766,1.2240045386261118
-0.14968230011549985,-0.027197432567600897,0.45136669353394954
2.5183013879944465,-0.9760868439624204,-1.062611031731743
-0.5350602189119205,-0.9486131462165112,0.0796121019299167
-5.661254381608343,1.041801243520793,0.8014338151339101
1.683219607496752,3.2145647326749773,-0.10863894640659381
0.3910177657240411,-1.261659580233099,0.5257026689903529
1.3756206585134192,-0.939575064618352,-0.011828699354133934
0.993677099239232,0.7588471074099695,-1.0766471156309356
1.6423703223447879,-0.3366145408426452,-1.4072246839244698
-4.808720516735576,-0.38136430216877953,1.0089109803232026
-0.6067604856595563,-3.8204873401270314,0.4828839367106755
1.2413880941865258,-1.0052151363048467,2.1690029074169
-0.3456551604860648,2.1333989535172426,-1.0208612656879177
2.1515435342379265,-1.080013557693497,-0.9188919349946266
0.8531100038229825,1.1098194886796755,1.3469782302693454
1.843560054932655,2.1089368246231563,0.8372262333855649
-0.23232787066955987,-0.1475654468046521,-0.8261552410696775
3.6777898672342704,-1.1090618089229303,-0.054387449814904516
0.609751582198965,1.74792564862932,0.433086051270499
-3.0258764346285716,0.6007156696646089,0.24173757882763897
3.5610630249051805,-0.7167633331453112,-0.972759257417637
-1.320383490914355,-0.45143654312851794,-0.8613593515592094
0.11813250272596931,-1.1234604129585626,0.25435086459563433
1.043691342451879,0.8167533632359125,0.46010191033098363
-4.647340563509281,1.7860106531646534,0.5972804484094125
-1.9227898493586073,-0.023051250069694686,-2.0671278419236545
1.7447015814387603,0.7135891075435733,-1.6431340916510229
0.9578760699415023,0.6290411658342631,-1.6203416678651132
0.06452059368189697,-0.06325081191276843,0.8048022210429856
-0.37872238041694417,0.2805959914404165,-1.2407264759383871
-1.2926961985960301,0.8346709956463295,-0.7206940724035618
-0.5291615675182325,0.5062895418717579,-0.23183942632977714
-0.8228892572178108,-1.925602309201274,-0.6223211648714417
0.3017338023469974,-0.0309619182980539,0.28795659571691407
-2.876409100170359,0.32982918247094095,0.30020199763491384
-1.8972381632800308,1.420125029261697,-2.8978405548185924
0.17451692631841006,-1.1739011912248611,-0.5998530569555128
-2.0835976726726284,-1.5026381682021495,1.6555193389709764
-0.19417587420411725,1.498007086316215,0.7584693999745846
-0.04279093086449399,-1.4027086545531104,0.18862997122389594
-2.593102478626147,-2.731892773736999,0.14601126471731582
1.6188174652988119,0.6474879166811022,1.636176691441302
1.7777174535400477,-1.3144443638654835,-1.4424673717682392
-1.565496641223832,-1.4308454267260355,0.6753350624227061
-1.3940409149555975,1.149930398039197,0.2597594405816988
-1.408640362679909,-1.7596861891447992,0.04673961640689542
-0.6545423531332623,-1.2895935524806312,-0.7589314822225897
1.8939872394388688,-0.3174506000595984,-1.766288390567896
-1.4543919910900123,-0.4034994746525841,-1.4083885112633479
2.156601735367357,-0.21235569736791973,-0.8386241315937599
3.1427160850882863,0.365150177973351,-1.0900806965397782
-1.8729177082732829,0.31088167842734604,-0.16796075283728532
-1.77608169286738,-0.9695470723982016,-0.11382137526282589
-2.06813813565776,-1.693483521707051,-0.53238806818839
-1.1816190805730387,-0.2608455380948653,-0.6880034143739542
0.12081494925975071,-1.1920107195152991,-1.032113900560471
0.2755532917885107,-2.851619649891068,1.6947104811598261
-2.704778474019919,-0.5189055083897393,2.045654890016318
0.026991297339217325,0.5808471025846985,-1.0831336301898742
0.7017153282460326,0.22282898301804044,-1.752410416229044
-2.7887005718283535,0.9981652930615358,0.6449683487190766
-0.48240901021882926,-0.3049133524739636,-0.2975362765023143
2.048992021862006,2.155083362062471,0.9668285238997555
0.23966165880348678,-1.1591665916572957,-0.9609829289850801
-3.7857201600547525,-0.26551317796560053,-0.23237643871898542
0.15681695429115752,2.237397191375213,0.7739364412705961
-2.756223953690234,-0.2748176403755342,-1.395377440693306
1.2587340441338333,-2.693504339199899,-1.2800776499871802
3.12896659297748,0.5796786909440701,-1.3899461114027132
1.2481686316079275,-2.95968975503209,-1.1879038623436378
1.5455755521794718,-2.890729344703346,-1.4005101568573008
1.3016764060739876,0.3820339954189242,1.96295504261904
2.6399620036572142,0.4946054229934366,0.9127405284645506
0.4201649995127368,2.580425155258752,-0.3029916062032536
-3.1448998959422934,-0.6132479724344052,0.812651363449656
-2.5702628253406927,2.670490359632381,-0.5714088925388559
-0.020225332396748993,0.8617699715149695,-0.785417358485652
0.46418247524485284,0.15881276036945238,0.5988502323154369
0.11890673609220101,0.3825577782678311,-0.4683799577764535
-2.1486396378401524,1.7839814334267545,0.9909961134708296
0.4455928370717674,-0.8124455913417518,-0.37004066631653837
0.49549428609307244,-1.297961274280719,-0.0901601139230532
2.4463336040568566,-1.7921193915330134,0.5156922104033713
-0.255022133641728,-0.03548983309411374,-0.5420802608543578
1.89842590684673,0.16257100258903726,-0.4195918851518604
-2.7850182802130576,0.8362563392207654,-3.096639700794605
-0.24897361771684018,-0.8424653802032501,-0.9100924670712934
-2.4878013830461163,0.8379845797737602,1.2819810199659238
0.8974914925806847,0.9243766762010399,0.7530038600059101
1.1479204359789774,2.0783523509591224,1.6897948052638658
-1.5963787780922634,1.3599066483661821,0.4759873651792928
-0.11176515367233979,-0.405361418884607,-0.7050703377279167
3.0774702370159384,0.744086212762017,1.1348107263519265
1.3529354566269538,-0.2774404904230806,0.2324641133197255
-3.607864587190614,-1.146045757043073,0.975460821067406
2.8124860880804516,0.283836116138861,-0.2045686962260918
-1.2335777492369604,-0.44535174237916797,-0.5767044052086184
-1.9492848823890891,0.9829321127071555,0.08427943661301379
-1.280732033875222,1.4906841039066037,1.6133324874443717
-1.6830878760166794,0.764648979745008,-1.7679291797302779
-2.322910668755497,0.37912994629734237,-0.9946316880392394
0.7259274101498951,0.27480285276368216,0.2555311076961288
2.298636627333085,1.1094585472555003,0.9932181715767484
-2.1304066733896585,0.31854807132967533,2.8113172054318003
0.6112735065686573,-1.4071868483637588,-1.4182873062165555
1.874769674405363,-1.067257096224859,-0.5889939498227867
-0.8321462601656424,0.6288585732945395,0.9619910066607542
1.1924071022641807,-2.381668418973798,-0.16316555060883217
-1.2947253733611632,0.2808622116130907,-1.6244561382389588
1.685516244473002,-0.5727800351290812,1.330110742278261
-0.38241349207823944,-0.20726565898093324,-1.0310505480817391
0.3000011246934934,-0.7288225081796399,2.44353172454415
3.044702383298471,0.45710178683981584,0.3865469065397816
2.517966255812144,0.08159435028559393,1.7997811299054858
-1.397669538568511,2.549483516926357,-0.9814619482174805
1.6342961500076802,-0.36723788427893156,0.18496497117819063
1.3682225639871743,-0.7464785014690186,-1.211874890111989
0.03444734635326018,-0.007527180781931744,0.9932602497066849
0.353612963258244,-0.3046764025330163,-0.09908577576966823
1.9313513358861025,0.9686639833799574,-1.1852956101475307
-1.4892975769051318,-0.5979453026337321,0.1998842391038391
-4.025568815685603,-0.5880546000686141,-0.5890719280845659
-2.4105888060185277,-1.2722963954416193,1.8621778117743644
-0.1641137445474322,1.3481238602210137,-2.4969423892310214
-2.006365574983686,-0.6010199274884409,0.13276096699426418
-1.62252674643358,2.898276145094515,0.7789357947391181
2.8092974584067107,-0.9398293418566803,-0.2265812549325686
1.2432462603956806,2.199703484120776,-0.8283178165652411
-0.31574047714125014,-0.4112085247246121,-0.7245732563332629
-0.1641137445474322,1.3481238602210137,-2.4969423892310214
-1.8477943761304818,0.8596600218514243,0.660296090311019
2.9882379355857775,0.16896689122193223,-0.1507475756008812
1.3909474696053385,-1.0533330550334024,0.9574105838533256
-0.5413895256708824,2.045224369689565,0.42528101677073377
2.2029636053352637,-1.7609834599315934,0.335946019247805
-1.6225018233075814,1.3272739732495356,0.7853218478682379
2.695747719479943,-0.8494288786901705,-0.11702706730849587
-0.702214488718022,-0.4121171928383649,-0.7041550826284698
3.186150821205007,-1.5155886072148843,-0.8690352434050667
3.3264325178272136,0.9075081825287777,1.1232170382982005
3.421188312060582,-1.8854760275253664,-0.8908348712918629
1.5280541752976837,1.620250719886776,0.15974111835951443
-0.8644153915790793,1.839551129795817,-0.07623839845092215
1.6612620301232057,-1.3184706897490512,-0.00759129438939889
-0.9719230626073455,1.7418670014539774,0.2845495544696559
-2.127285281933277,0.17045574285234252,0.46359548856468136
-0.5330118103757042,-0.3819689750995824,1.3759910119780536
0.31923708397501227,1.466810121933804,-1.550933860536098
1.1412457684507684,-0.5568880484598046,-0.8058074957764415
-2.628835542771922,0.36494863953098305,-1.708217148053195
2.50985621662782,-0.6601969738984953,-0.5670530455400292
2.9239933229186565,0.47547053859294447,1.4167425717944373
2.6650480225171784,0.8525526307853535,0.6007341585298102
4.4576027492676,0.962581524939444,1.0815795353332043
-1.3587430008966905,-0.2173452735662918,1.840444749931053
0.05502598185589045,0.21703617520905732,-0.6065799828205409
-4.0684172999576225,-0.7195222187012545,-0.20171742797970418
-3.100487334426895,1.936284653837814,1.7897415270559234
-2.0553765865761258,0.08784413060439146,-0.6831101829933406
-0.014751178060584805,-1.3558977450265235,-0.5859815398937048
0.3868611874094797,-1.2381377659623976,1.304500240955243
3.490772141544026,-0.2677181652771918,-1.1114181860271233
1.3942415371020729,0.4537941111587685,-0.44238408137213675
-1.2625639703175682,0.4580954785456878,-0.39919821804970335
-2.6200676473865263,0.10567890568596609,1.9820040351043775
-2.0124378727916583,0.24060840268758227,-0.8878569148983712
2.5275104209979795,1.2444734227218883,-1.9259351035155245
-0.08437367032902583,0.6793084413951574,1.0591789724544785
0.026991297339217325,0.5808471025846985,-1.0831336301898742
1.5912201068594192,1.9250839601016903,0.4960624197070516
-1.5229464398143848,-2.0172050992275516,0.44049610332400907
0.2598568329451642,0.37130202972189125,0.2639785505886815
-1.5314675014045522,2.5361428180777943,-1.2540868168596662
2.8493328192523126,0.5232382093425436,0.7753275057767326
-2.262509294519572,0.18251731572450644,0.3101195863364344
-0.0881096898712725,0.7793712033936351,-1.2886005865730865
-0.8805401094516422,-1.2102129687760954,-0.28351911172963484
0.6207166132574987,-0.8861336810984503,1.951349885199394
0.002408670054365064,-0.01824301905990275,-0.15404754492370892
0.5184234752108634,0.4210985470541375,2.3289945479216354
1.4173512845728329,0.9944802373613884,0.7845888371529126
-0.8028619778805363,0.05434567187731714,0.4542873700075233
0.43908573846953725,1.2775014789914612,-1.3406629279474747
3.1148183782005057,-0.04265715985484934,-0.23477860518908758
2.803938613293902,0.7974656803224709,-0.14856167428859554
-2.670681830898721,-0.7914645075836603,-1.6757975979898563
-4.117057937942775,-0.5065259464146389,-1.718784358828632
2.2772676770028806,-1.7323372671434736,-0.5474131948344662
-3.587495698075946,0.7269265588581137,-0.18517164814142176
0.754658430670879,-0.7269605775945233,0.33500701997722665
4.18674979094213,0.24432484596318374,-0.5707055317563492
-2.073722663698408,0.010494446397521782,0.10020366145788999
-2.4568293931210046,1.1236501445691849,0.748286662159296
4.917391740363023,1.038764848881229,1.1978882086866278
0.6770847173050322,0.8355764603991882,1.7408123502659758
-1.0154161919935412,-1.3936882121162704,-0.4688608101682397
-2.532637695985657,2.0408507628235246,0.169878951231783
0.994014532579879,-0.7375539061589494,-0.4419689380719222
-0.8897303307493263,-1.8032351166121445,0.45201637982131476
-0.9187808984484332,-0.3418660223209384,2.149017409180975
0.35466452051382313,-0.05630907718905296,0.0018554856337506796
1.7693729646527216,1.0008155606344327,1.0179023974129413
-0.47623123290544883,1.4343200402019216,0.9304290519497221
-0.08189829264133858,-0.8364299840093993,-0.04686113858807373
1.4273951377265022,-0.938629546669384,1.9972807350285504
-0.623970585738674,0.9041455309644216,0.3291109050169756
-1.6020311902396769,1.9510708029583843,2.03235685074951
0.2428175326218616,1.0241326590593274,-0.6270150100004095
1.300346169548059,1.4599601827467552,0.7979803928283343
-3.2761814375376614,1.5750769686629607,1.297224782310035
0.263760432321018,-0.3071632673498433,3.0132524531990597
-0.24043964467353315,-2.9059015245877586,-0.678071610116943
1.0792582905910981,-1.4953352081765576,-2.2433716114736164
-4.787660866226965,0.38762004927943733,-0.5943803365733278
-1.2442624705847773,0.09519660954635185,0.6249663384984864
1.2389588495577393,-0.4071811668869791,-2.0047041149435403
3.897043051277123,0.2580338393299328,-0.4525624869795016
0.37295930995842613,0.477110949738947,0.44202834839706345
-3.0122681318893725,0.4058391750290827,-2.203528903910009
-3.993817342094791,-0.3861622021287652,1.3755022983018659
-4.653890381085918,0.612335351649911,-0.6373943596687034
1.534797835397697,-0.5133748662740127,1.9232279349722117
2.05449562716362,-0.4688443831394325,-1.7213455843363312
0.15640725205456377,0.4817189433200926,0.2166677866739344
-0.4139376498111794,-0.8921985583331513,0.8502177002886315
-4.115646018547981,1.324179626965941,-0.8303243207833964
0.5358773908528649,0.06444446131496565,-0.46491591584902453
-0.7420483338137677,-0.8549889739385885,1.5182814445707429
1.9801155439465774,0.12523313490674098,-1.2053694084875302
1.730783530017801,0.9156468958515191,2.042711126991875
0.6693296770713661,0.9925759811028926,-2.0661191674686465
1.4200179020260404,-1.5864141160021006,0.5315023763622254
3.999026770853612,1.2415897076510714,-0.5046334325218921
1.8547606815283422,-0.17697609675819687,1.1245685164332724
-0.4430297407153981,1.7943398923566258,0.461199453891559
1.788757040842654,2.729647507508111,1.1783680318245842
-0.23066078838313298,0.8084446200654488,0.2867682641403516
0.6315701307244399,0.057295727260083494,0.6328736481483025
-0.5955566406862163,-1.322362389952191,-0.6137727350200878
-0.37049031216038153,0.7946702669073582,0.6663581949484375
1.1133146617415977,0.7427485790336081,1.6759267070892885
-1.2268150247619405,0.24021920500439484,-0.946092377152197
-1.8209997893233063,1.0079215447934684,-0.2811160743469792
-1.3514589413342981,-0.7294034392791302,1.1491212026991848
-0.6352224640592379,0.9931496836625167,0.051987130201264574
-2.023218554756164,0.3808984592211865,0.42179311134486835
-2.0394558190256356,3.419897064021984,-0.09292060148767968
-0.5934629998495182,2.02155219003824,0.2156542922414582
0.020629409758972077,2.0628413284284175,-0.4933109971873365
1.6756278892240537,-1.1351265505827022,-0.922106991101212
-0.4704934386582808,-0.43826148233963624,-0.21901368976591484
-1.2690410960194558,0.3210608311569589,0.5318148478761866
0.9480868476016884,-0.6190552480776218,1.3797241238782785
-0.12968368713250497,-1.3495891708349488,1.2684040494128603
1.9801155439465774,0.12523313490674098,-1.2053694084875302
-1.5886740862089088,-1.7399691034434743,1.7868146790678507
1.9311434027098573,0.11455924995939662,-0.43470559430162387
-0.18239746928969552,-1.8684594883077181,-1.0908223060946232
-0.37453273157791994,-1.420115715285378,-1.1079291847495936
-3.0838981805765178,-0.4479367505458224,1.193242983121767
-1.6427710458548834,-0.8058783420701984,-0.3532730115726049
-2.6043089966379545,0.9804211277457587,0.4394695548461676
0.4265705880931092,-0.940703098023742,0.1421290201034406
2.527396922265989,-0.8379475824106569,0.4666496702718204
1.4657885997360478,0.02815184605680332,-0.7322926810485667
-0.9857743734138116,-1.0136993203582032,-1.0504883996575043
-1.7383822920286343,-1.4040570723998962,-0.31462891352098893
-0.8199691430521963,-1.7232573558984827,1.4345867885215802
-0.6045761385519576,-1.0536734660790985,-1.1645283744697563
2.489648649708195,-3.201181505725357,0.46542999366531
-0.12861096214699141,-0.907342525410319,-0.9637321043185846
1.8260556619269874,1.1687584340259682,0.8548680784166702
-0.877587800199594,-1.3259487070866771,0.8859812581377311
-0.814680017063189,1.9755754289430196,-1.4989704500339402
-0.12099066176245639,-1.9702829722017146,-0.9704987308378359
-1.5738312124887632,-0.7047324471682239,0.6207301465104296
0.7695921639027867,2.1906323544588613,0.24359842723965972
-2.7505910898626746,0.39920335607863255,1.5049852102398091
0.9959711949396571,0.41574191535745736,-0.49783361136424054
-4.575403706526229,0.8337166221427729,0.4164497936935916
-2.011618184409322,-0.1460741893374045,2.0165880833235814
0.6197044986241212,-1.0248190620211581,0.4910930542783858
1.3371985348621191,2.1945550872890194,0.3553190475353552
-0.4872059680086394,-1.239222606374419,-0.6408605850236763
-1.737161935451049,0.9618858239385788,1.2579013883425691
0.9420713047176377,1.2661599054700758,1.5107074103873075
-0.10034826078069466,-1.4540833390179118,-0.4991778704261562
1.250168031906269,-1.7142732202240918,-0.6489659737048269
-0.06961080295751579,1.7594461959605912,1.505296307933458
2.548821798276878,-0.5225036099382804,-1.860871014427737
-0.7054790753532139,-1.8958013358866739,1.85002908072524
-2.282643795611894,0.0626508989346642,-0.32544765239920403
-0.9100008137461078,-2.1091432193743573,-0.5352650308940402
2.2026643496161813,0.69401386511432,0.11412708702512941
0.3917718769222783,-0.03918150649206992,-1.6776299289631686
1.430643261328684,-0.8063753999097346,-1.6963111345659738
-0.020210394853806386,-0.6994173892942479,-0.3097740323000899
1.1566565744079544,-1.8660132756585335,-0.6441085477505206
-2.777068358020365,-1.5203377247415213,-0.7236921622842053
1.2556321417123812,-1.0690748971355695,0.5451991205550695
-0.4201512420615893,-1.644741868888649,0.6736522931196919
0.16314179289736297,1.824198462742992,-0.5018811923632062
-0.6882458998623311,0.6136029232373552,1.043022852861291
2.953337492856006,-0.5280013585532713,-1.4464546414492627
1.3145723856173492,-1.858163327119414,-0.5964037346119818
1.0462951892134202,-0.615311708701387,-0.1805596001445643
-4.410841190012393,-0.37591916150336013,1.0486232622772034
-1.080394239545605,0.1972828314624849,-1.9285214023764652
1.688031991919149,0.057956845730146374,2.396136223975879
-0.9351719706029545,1.0037145072917764,0.4070747448054699
3.6975935003355884,0.0024915768971737764,2.372547049305541
-1.4457158158844374,0.5172892986554483,-0.6664683022032407
-1.581267958932142,-1.0147043125348194,1.1452034432137401
1.4174486669566435,1.4884475339633647,0.057775807058001775
0.8964853089694556,2.032366799726033,-0.28851533134924773
-0.7530858810806926,0.5728339006014569,2.85916301218026
0.14971422085870356,-1.2449270605947078,0.9234433931779392
-1.4774902165167498,1.6174367719371059,-0.3827980126705629
-0.7942467893206628,1.0715114810353206,-0.5305134553360545
-0.8451583402394448,0.8978924304091811,-0.6079604368754569
2.267700230935503,-1.3549525139764023,0.3696415284852568
2.7123228631993324,-0.6827262474448323,1.056185485119433
0.9204473732344449,0.5928421559200832,0.3583160012681984
0.8403164393063559,0.31229144847894535,1.8503073617281796
1.7513278819562217,-1.226318300898911,-0.6192777773987226
-0.350444020494523,1.930092361884626,0.3377214943165454
0.061662808380533035,-0.47403405352758665,1.5241252438466197
3.1969632289204863,-0.07567692183575155,0.0958566987838045
-1.046030451439132,-0.0818611930123265,-0.30354087005584646
-1.6813926412538627,-0.4617837173607905,-0.2752904273170433
1.8551987792745182,-1.5247821362098586,-0.8102939613052283
4.66169476201896,-0.9877263368336262,0.9081656894269359
2.0968673563536475,0.007931721158571551,3.2041708130756024
4.978662210389937,-0.19031740975204706,0.44062787251499275
5.579406643586555,-0.0746409215466528,0.14718013194728816
2.2488971224851153,-1.5444106576235828,0.7481775258042
-1.6357503542643637,-0.21950196671732303,-0.5924068199972775
0.6096862909338507,-0.8730280714354286,1.4170614303546787
0.519026810128513,1.0419066422340015,-0.1726492867209589
1.3904839108840796,1.150879374364725,-0.1625652202515077
-0.38805269689628635,0.7093612641050213,0.867606355651863
-1.5452977214285768,-1.4420627791862024,1.365722909119452
1.7054217590728897,-0.16533088250434816,1.2033526871595386
1.0646351272314873,-0.34546239439411214,-0.77649134665573
0.12384134114775515,-0.6867164674007907,-0.5343927013592057
1.6678671377709786,0.5135299657798413,0.4458296253225331
0.9642604820632,-1.3865446736148168,-0.3581197325180649
0.5360599276347271,-1.3090966506341244,-0.09081750633199462
-2.257292326394661,-0.597000380837441,0.5925991862118137
1.7253121338696118,-3.5424627880218145,-0.3188394851100364
-1.6049341083824284,-0.1320958036214245,-1.086921188055449
-1.872012427974829,1.9888571497596481,-1.4321408865240028
2.9321536404698705,0.4097050454348323,2.4368819585763997
0.6092408453220938,0.5925476638018988,1.8204047684327265
-0.37161614491208905,-0.2708678930002396,-0.7584084155100919
1.7054217590728897,-0.16533088250434816,1.2033526871595386
-0.18203155701103246,-1.7075869753564041,0.9113375185956732
-0.1465775367075084,1.0216225411003845,1.383632163956461
0.740722778560155,-1.3999342965766206,1.7948133598218807
-1.725397421331326,1.1262888980790433,2.0481098560090225
1.9034638199215999,-1.0547508675921262,-0.5086391130068548
-0.3846472739686965,-0.23301263235512276,0.7731641215097944
-2.8492722630063043,2.505767378010938,0.3064213719096505
1.0464547962249338,1.5153417484454992,1.6502047525350618
2.3001771896303516,-1.5354605073411387,-0.6588122884237055
0.971038536468684,-0.46697178268206946,-1.7866101146387114
-2.0556072177090736,0.05000513139562804,-0.2244739983678429
2.8184885070380163,-1.330081074123081,-0.8717637217418495
-3.467283511765408,1.957110397390718,-2.0253118901321456
-1.7175410439857255,-0.5889730611242423,0.38571075067139843
1.4741288195073412,-0.42932684672878674,0.06579920337070706
1.8273183387288958,-0.06022240766457324,0.044377798743193565
0.9504555896953054,-0.3695739890647461,-1.2987057931926143
-3.455976508199139,2.378938744251824,-0.2701286293802709
-1.614861196661405,0.11338043237636405,2.4943335913699003
1.798931812358517,-0.5453165255205122,0.11945217770704339
2.4958858623508475,-0.7281725609471404,0.8628546268130833
1.3945895938711768,-0.24442654253097032,-0.22291245078382968
-0.757832694177556,-0.4982056440430026,0.10435703515532974
-1.9841622737092395,-1.446405048974842,0.45522454430460907
-2.663158852109293,1.730347083332343,-2.1396558732619337
3.4928917778608066,0.19952730578148262,-0.5067435969385217
0.03967647183928089,-3.160452982499497,-0.5906292761569768
1.590815063298035,1.3180322659628205,-2.127885072552318
-1.3794600891317617,0.9488236604697333,0.6099286100201002
2.4387657310686097,-1.4996194920871528,-0.8419291743690139
-4.041219853412292,1.8714544384302365,-0.31107933350854655
3.7760772739305146,0.1860433608271958,-0.67784576783489
-0.23938807580796265,-0.3563566870721371,0.058477286933370426
1.916660458556703,-0.5701491437428107,0.9234231504676657
-0.3368938356349314,0.47171895150839266,-0.444998689460783
0.19573099107983563,-0.46509690096987544,-1.6454164150149544
-2.7160664450425305,-1.6407428049538297,1.397453343702515
-2.4604465236899737,-0.6064671001908103,0.4076431693522457
-2.30497498043884,-0.09464000941385652,-1.3369677717921846
-1.2938505749285485,-1.4690710709071007,0.7721961703258926
0.501996153781764,-0.08844480934540853,-0.10980972924484714
-1.285976766373982,-1.594780266565513,-1.032353260341266
1.594847494485553,-0.01905254265151688,-0.8456751775797221
-2.1516475256090986,0.35648700992587995,1.1601581828153933
-0.8843936355676212,2.1605272502604405,-0.07610314771398449
2.363495877087543,0.39944682239968093,1.7921851488440512
0.47461533401560274,-0.17038463892108072,-0.8089309680893755
-2.71098645326569,-2.4920284755761335,-0.014630430284051147
2.5633263810398765,-0.6976689921061234,-0.7735625220617727
2.068975873813183,0.6205962360538073,0.8084169665107918
1.6296081331499093,-1.1566527974792635,1.1669528114479497
3.80042772724689,-0.5715819781321646,0.7891601023740414
-0.04089130462613666,2.1115456937835764,0.30148872822236494
-0.8496282588202342,1.254073882589734,1.4588895556260555
-2.4404076752230384,0.9886132242683804,-0.564122421918134
0.30972620988871163,-0.06263806854448645,2.147648502463989
1.5670044617168426,0.226169105412577,-0.1195591582956731
2.1045614711101717,1.0477279306731144,-0.6176607753518936
-0.9823031571990714,-0.7785376470831987,-1.4181338418397955
-0.4720210414283598,-1.9491904010566368,1.8595121300070392
1.4465889108457937,-0.10472730036366533,0.9092939194771268
-1.3251791490117093,-0.24114823372426467,-1.6878082467039965
-0.47159465169492404,-1.1292828524277319,-0.948459352038782
-2.287625382461304,-0.8175406241251716,-1.0322473087830255
-0.7983511912816255,-1.8195643000356851,1.5801953805731976
2.132797214268819,0.5628702072195146,-0.4445923349340312
-0.9786428084892623,0.2010808653291027,-1.9309203624502038
0.33590797100517267,-0.03605274087301657,1.0413962915087493
-0.04988887696702533,-1.1748235699749727,-1.1174020221742478
3.702425314368405,-0.3578205396869984,0.2603140469674412
-2.4494008786457697,-1.337207224756428,-0.33159785303128325
3.2716533073502694,-0.357357616177635,0.22557618252800313
-1.9153368071021735,1.3890770125972285,-0.9662534560070899
-3.344445801600614,-0.02035200928402509,-1.325076061315601
2.7964024812644768,-0.37587427124012995,-1.3848023124917004
-0.7080476547851657,1.1724339334372533,0.4621074387754729
-0.8943878520936894,1.5066363748830345,-0.49765567887738876
-1.3841704056564161,0.2211671722945575,-1.0023004222655914
1.0410565236675768,-2.5095360400865414,-0.9003071941946053
-0.651003951916636,0.0034120193192547408,1.939866327055105
0.5111047475967845,1.182558958394493,0.31058373951405416
0.3404882478922842,-1.2016433218247569,-1.1970605774758714
3.127523981879226,0.8165325266227204,0.0643495797422044
-0.4080605601390925,2.37900589982714,-1.2539235729946396
2.202146907455256,0.11977774055535045,0.5073201715802269
5.318999277447101,0.15160261917638992,1.0070030882394703
2.487764315994141,-2.7117706814166747,-0.41052791431109925
3.506561713379949,1.3936204677656907,1.246110444252405
-2.2024567772234556,-0.9574015203342625,-0.3263776627805416
1.4035566410647509,-1.671405484198325,1.4652170268215152
0.1891777899343162,2.086542496743758,-1.1029815329278523
2.6519427847245955,0.8140477977221416,0.9333284003893192
-0.43682639769482295,-1.5163475058275362,0.5207333153632271
-0.6180992346938545,-3.4167061355947297,2.0229516036663
-2.4217001307824333,-0.10149159317489964,0.7811202830571384
3.409328414581259,0.941468683289559,-1.033400431918376
0.7181570412568469,-1.3364077937463996,0.6173852102107382
0.42373465692416296,1.027001823888442,-0.6587140121896691
-1.084929647017769,-2.6313141296534472,2.2232136359061943
-2.055103500847471,1.2581059457537656,0.9103690286391432
0.32495592156061887,-1.793648392381302,-0.5360255198665663
-0.4188632341553021,-0.11895748218734897,-0.16282457183111682
0.20265772201728674,-0.022115059175985434,-0.19331940422575844
2.470510758252008,-0.03425177824913277,0.686077045174999
1.3423489631661945,0.12550403201427468,2.1489524903662627
-2.13092215547548,-0.5623470793743349,1.585917558276571
-0.8988575071061204,-0.732831461105147,0.6539574120425306
-0.27072512689918193,0.4160050914686452,1.8821393977187038
-2.3107165415196556,0.14427839484821664,0.24928211895957378
-0.9198243036232687,-1.2680524765449261,0.8364882111131194
-0.6278279209251109,-0.4904296412647072,0.059943664255264296
-0.4877506706067037,-0.4912591052612526,0.9364895309138127
0.619802303560847,0.13759265821159578,1.6605251103821101
-2.2482590461458236,2.0524475572401286,-1.7725759734982698
-0.44120684074493466,1.297266367840179,-1.251604292461065
-0.29401203516624513,0.8560853405023026,1.257309659655335
0.7069375512811348,-0.6000413775150061,-1.3376573710064277
-1.0478972336445056,-1.6260515129385058,1.6133084510501434
-2.184606095200599,-1.892206523886304,0.8332169700395471
-1.6733829818191723,-0.3795755147633626,1.2944070166895694
-1.373725973439192,-0.6334638829251653,0.6178854629243776
0.1463467921757011,1.9213292362101835,0.8134467519528309
1.4081455945448065,-1.0868468570315137,-1.083408204494333
1.961901015458929,-1.6330440679063862,-1.6114901254613534
1.493963989893429,-0.5919891882546607,3.0540400612554164
-1.8901207809579765,-1.5233316418959248,-0.5344708094207464
-1.3388511908892475,-0.9284898384245578,-0.4803505914820802
0.10952639076964692,-1.1798824584049987,0.6101290826776341
1.0507380934320085,-0.5210193613316164,-0.7324991413008206
-0.8049847631417301,0.8792307647001073,-0.617271616681609
0.19714565165254064,1.9946585591053716,0.6883055708863314
3.1708664950677763,-0.04660963728716311,-1.2250290561928077
0.941765805157888,-0.10618589654420584,-1.8079812384372265
1.5091422821004645,0.7177014233975831,1.775583860926192
-0.18421882684988383,-0.5510013604766978,-1.242741476557734
0.5313806269492167,-1.408001423890297,1.7751436840315045
-0.5948509381489585,1.2582758101548486,-2.1891858127570014
1.1320518495477725,-1.4842400972090952,-0.6325059253328289
0.47799344543800576,1.1043961182098614,0.9395601366359192
2.4709145511937853,-0.47589729676785064,-0.33660750799388356
1.332877162487613,-3.598188963515551,-0.2549940548826629
-0.45825570222309026,-0.12398096453340716,-1.0299623169745267
-1.1180499453443582,0.2842650675317254,0.2135755513189848
0.30075788279890586,1.1840449063962057,-0.10453473329567306
0.7052341148516369,1.281002021083208,1.7257222583083425
1.448497966228582,-1.626322275320679,-0.181512751692613
1.4325361698654366,-1.158544652564741,-0.8235389556586733
1.3455271828982496,-1.0928492875323421,-1.3334419862532716
1.9310466708498424,-0.6003940855571543,0.05112046988428281
1.0529605747016952,1.9828542829540265,-0.3726375778701902
0.2720048299515831,1.019266353627582,-0.8925679436884307
2.7285849391760797,-0.3252216771912383,0.148664520207643
1.1541814152812189,-2.213694546509132,0.6501904683186497
-0.04216454253110737,-0.043484024682962565,0.017479817386355748
0.9474092005843775,-0.6109101591746805,-1.1716535661216299
-0.9103499561950433,-0.061463026718129164,-1.0488885676238273
-1.866468006213387,-1.0309179007122937,-1.0007642201185063
-0.018846834747589903,0.3078705111570888,-2.046418529607688
0.8472692577238405,0.9024170736060894,-0.8845055942828653
-2.1658622083521584,-1.6498308869660505,-0.549675302633208
0.5634355258340942,-1.9957007223976508,-1.1697286628332975
1.3373571322877744,-0.523230449855858,-2.077523698387879
1.352873286301481,-0.8017586469534257,-1.90922500874199
-0.6209794850249363,-1.0138849827543321,-2.007301740176902
-3.494083841463098,-0.6382484630029452,-2.282762951297344
-1.2897138364730656,-1.5065491502785127,-1.956370600043333
-0.379067375355627,-1.344427457895171,-1.2286565224353128
0.9542136618738963,-0.4534483005978756,-2.2330238332103627
0.6214687557489644,-1.8659261054232292,-1.7518572189572077
0.9200456365055415,-0.09504335697946219,-2.6006797832389257
0.42720434859943296,-0.3046715619513676,-1.780949416816443
0.4536531175580823,-0.7186823788359596,-1.8623371283848837
0.5680194246666992,-0.9389607226101799,-1.6021781708180374
0.9994844678730396,0.9864715366429406,1.962659315801777
1.179331964678319,0.15707970950921368,-0.17657816860129605
-1.420618228071168,-0.34525506903646097,0.9504955963867392
0.8257002166650388,-2.234702743621502,-0.491880777642925
0.10596323298063895,0.5484545032405486,-0.707268881051991
2.17351157516386,-2.569198103612151,-1.1920052459983237
1.572335743208865,-1.62666090986096,-1.8970276836930586
-1.2854304261752625,0.3567476486763186,-1.7854445046094667
-1.4533831994584225,-1.2127029128546498,-1.1980039660912634
0.7047779810511151,0.3181501831179892,-2.0373011417913482
-1.701189318413685,0.09914113647761025,-1.6503428332854237
-0.6683900924367616,-2.035250338258406,-1.6561331316184917
-2.0538317629224543,-1.269719090245216,-1.1421238939155909
0.19505159486840526,-0.617967528789304,-2.291286992689737
1.0774789115800052,-1.0769963941932204,-1.402789056527424
2.0716130991869224,-0.5385792846847385,-1.8797152884576818
-0.7563494614644926,-0.6782068387244607,-2.3364107413484283
-2.8569642618447273,-1.6074656928189375,-1.2244897118833251
0.280376840606739,0.25358176913114355,-1.5024397430982193
0.5187396984750878,0.7595407480157194,-1.5330760318434695
-1.9211514613613647,-0.6775079602330634,-0.9590672047885103
-2.769301013399372,0.19021204939511746,-2.125190468170044
-0.6967205275328432,0.4802842553923804,1.346978966593657
0.18613354430351772,-0.6358089428593403,-2.08243671189095
1.3405972159536113,-2.146430040496343,-1.0574089149934054
1.086955111059195,1.0172048721364506,1.0182663602750344
-0.018846834747589903,0.3078705111570888,-2.046418529607688
0.2521171627804252,-0.4062164625501191,0.1320316377859576
2.3819332254459193,0.5299241628105575,-1.5165010442895044
-0.07210727316539996,-0.45491214648068423,0.37762014965262525
-1.5550723055996234,0.059538736905540506,-0.20279278176701107
-2.2658413651890017,-1.801825170506917,-0.249870340833262
2.260948602527591,0.047189080852932504,0.6976617772199645
-0.4295835035537753,1.557575424967426,0.5015950637789888
1.3378635343849763,-1.0624114874186676,1.314463240493923
-1.9281503418777088,-1.0479043159132175,2.570557927536745
-1.82754098471044,2.048807380641965,1.3770309190694532
-3.5129552482329256,-0.5418606207958654,0.5793524969722866
-0.6545162061209683,-2.7046323670646637,0.7838452744457213
-1.1730276218666995,2.191060612794929,-0.5909805620644595
3.4047466852769617,-0.6419408882437394,1.378549510813678
3.0316924168573975,0.290264941913245,1.2479760965595215
2.6397176266805507,-1.3231262093677258,-1.0753058345536053
0.8495380704464792,-0.9837161027232105,-2.036343479191365
2.333801712659212,-1.8407553172439082,0.008939784219073441
2.1275741751103188,0.21204073937145373,-0.7883469105666978
3.633864055686552,-0.2626687570160348,-1.2434901804428538
1.2618628328808061,-1.6020684816501418,-1.3960283110427953
-1.1548293543828239,-0.4723788572166151,0.347769824369294
2.27205343906689,1.6448738667077893,0.7988298189419145
-1.1273604678810991,-0.7502506783097864,-0.5849028835690202
-1.160902479791332,1.476894833033428,0.6379727625400203
0.4397248658034556,-1.6343593706191022,2.3959386152186593
-3.274389552609374,-0.7034002117727782,1.8278140247887595
1.5768967844384696,2.849672416303499,0.16700400726274384
-2.555514762263218,1.1072378826859233,-3.297492649431802
2.997721661495019,-0.1410095093831782,0.443201650972705
1.4387859811527428,0.34217640790417636,-2.346802104474953
-0.7352864537448539,0.4465496726822924,-0.26261739067379286
3.173028590769198,0.7320975247430581,-1.3387112318893455
-0.8199042048353317,0.36918160626010754,-1.1049619196676326
3.1494483626886907,-0.12065541640425952,-0.08501920339846998
-0.029984387612531395,-0.7714282957782749,0.178219341806695
-2.0265778062100432,-1.860409930199954,-0.8512661703228445
-0.6467854131782791,0.3735722094170916,-2.6517958112646034
2.344142879291334,0.670228420139347,-1.6714669882346986
-1.633060848791973,-2.0240849778360643,-1.281123163457614
0.9671655477189602,0.7170491036059934,-0.860375027516634
2.3934610817730535,-0.8393516110033409,-1.5617024208108832
-0.09033831146027775,0.20304576962705928,-1.8655573877105167
1.69805397967608,-1.311449035015202,-1.7417403192251004
1.264118134427692,0.5702997714644547,-0.6779171206952936
-2.6195765571568903,0.021775349806454663,0.046946027773748435
-0.18290423803585046,-2.0048329498968975,-1.3288517970222815
-1.4347061120317277,-1.0115851551292876,-0.28050534709647845
1.4668773937616988,0.3497907115569564,-2.3746123559181602
1.5449765125340869,-0.23802327605279303,-2.3565382299414823
1.1278622810651286,-0.6464318800491524,-0.948284738362341
0.2772745543523941,-2.8024684216602704,-0.1647753322255245
-0.5909693490608957,-0.2879756327679679,-1.3614823386279966
0.714028295419859,-1.5754343564235904,-1.441957371144147
1.0272260660564065,-1.5007672089587965,-1.118071666802502
0.3601062190016034,0.26691646263739127,-0.5719545304195407
1.9324335285268324,-0.04061340989692386,-0.4287599230162386
1.3710927927410845,-0.11878272641120129,-2.717117562077381
0.47940111039830385,-2.692563314402041,-1.1769981709654334
1.8507276703170152,-1.2232004646325052,-1.6936937201721827
0.9144268730744961,-1.4859947784256549,-1.021777937626255
-1.6924008837604498,-0.2507420029036806,-1.6489018365765185
1.789137400962086,1.5133382915647853,-2.6111236438578884
0.744159255999353,-1.666319719621985,-1.2388725003266987
-2.7830626409712376,0.7487913754763329,0.05366223334647295
-2.420130997340059,0.4792346226895124,0.15730120706935294
0.8687241712702375,-1.460771013439765,2.170967441612672
-4.218216717427843,1.2942928166394887,0.09514531336689082
1.3378635343849763,-1.0624114874186676,1.314463240493923
0.69088051186833,0.5360635934771479,-0.9248420084345741
0.24668603679123607,0.84971154782606,1.1835356292627817
-2.4100639205005554,2.3375532349009127,0.40727969813581605
0.289300138874517,-1.3174652839167384,0.32982656939721633
-1.5733975471572372,-0.4062446375959864,0.2027699009157961
2.5507208915242567,-0.9439342851507738,0.800188651133075
-3.0704001037615574,1.6830195110481871,1.9338972580225522
1.9992087048701879,1.4754551003535228,-0.3816999698190792
-1.2589454183920603,0.9870357709248397,1.6826918112254403
0.18664530273051985,0.6590727801151448,1.3688113499896342
0.8129871756216488,-0.24614666089959372,-0.2772442493679447
0.9508539921629654,0.38471902592991297,-1.0847112624785433
0.8325313165458021,0.6023371587343384,1.008485665159875
0.8919025997809064,0.6195056974669605,1.2118293289979865
-2.426950054419145,-2.317489004733144,-0.03102119375550132
0.20833209753390827,-0.7167347814534709,-1.3525734944946521
0.840652343714183,-0.1602057850313912,-1.7217344773959056
-3.063060098436152,-0.793629050120661,0.33644191704767523
-1.5730452663671421,1.4460058534746856,0.3398466944864606
-0.2900100210639939,-1.3428731802162335,-0.7106108308491018
-2.6725909144845437,-0.7827825007963627,0.44222843065111433
-1.1511154058241373,-0.1923727039971186,0.053821468163254886
0.5777399982509195,0.17337600810111314,-1.3559492618459257
-0.9189636326885642,0.5550671354474166,-1.2918914403805477
2.4737629363941513,-1.5593474558922302,1.1869733027589755
-1.1580023406392568,-0.04477882916292023,0.3010961059620204
-0.9937535494593563,0.7177724505257668,0.2039263291481134
2.435836199398272,-0.3889630022564288,0.05618770214233446
-0.08223457673510352,-0.7404608519406664,0.9485657643481262
2.0251655107500133,-2.4928031603967686,0.018930298363601442
0.3662708018798015,0.32221065802738097,0.8649263723369476
-1.7821558330567782,-2.75056628728416,0.27046891594904365
-0.8793655237422009,-1.055752227219791,-0.5960098658159817
0.48107613464577076,2.8207243602353467,1.0863269880345958
-1.1287231950901382,-0.47152035237317175,-1.8879895310270212
-0.12311356312148031,-0.11365765853220297,0.06368153932840942
5.273919110774531,-0.6567295955075364,1.4050964053074928
0.8495380704464792,-0.9837161027232105,-2.036343479191365
-1.7703918748733094,2.288939948576485,-2.4988571874509127
-1.7204522928386312,0.8932671451368764,0.2227716727062891
-0.5511225241582542,0.13294435667764706,-1.63810885069982
2.675162180714773,-1.626163090430999,-0.8853722357279127
-2.3956961209241743,0.27058704733590616,-0.5155718308225077
-0.8810995454227598,-1.2119133772585806,-0.4936836780785306
-1.131543100766451,2.257914649239308,0.44819568279843447
1.7828623266060346,-0.6499208897210373,1.0261014569739793
-1.8045821172876289,0.8456131730203162,0.7456902966999809
3.4825349754762054,0.279634060856533,1.950090861719811
2.1596883732456855,-0.7326360691032656,-1.1537450657927488
-1.1276025928755378,0.24964103003276367,-1.7266978832033553
2.018470626786528,0.1741134413367069,-0.06674718814029412
-1.9947481183069584,1.6923846702950984,-0.45288089277442467
0.04909225474416959,-0.9607226533876295,-0.9673743192071771
-0.8229000107416136,-1.319547706259999,0.12770715942373967
2.2029636053352637,-1.7609834599315934,0.335946019247805
-1.259921304497267,-0.029622886703199475,-0.7431401822736516
2.049153353536466,0.227177711536469,0.7554080528808681
-0.378045728739173,-2.8090683601550275,-0.3581233351185164
-0.44508913379308335,-0.5375593272046185,-0.6284769798591848
-2.540259108409589,0.09289747471912306,-0.22555261612379088
-0.4381011936007183,-0.5279044996392649,-0.36095387627279635
-1.8690564762560378,1.499020779919,1.256588736428487
-0.05734588813465975,1.5580157887636956,1.10466084070654
0.5960275194484743,0.0895804097496232,-0.48262904259644435
4.443187408697653,-0.3546359240057696,-1.4718619653064953
0.2041167280739158,-2.5797209783794326,-0.24324339925380975
2.0724440109513083,-0.2956372231148105,-0.6321889023438878
1.2185065223432985,-0.7123616217809513,0.2667699984745428
-0.8193765577682222,0.746765657618564,1.8293658892961073
0.7595091158911923,-0.6815421802331227,-0.8628666104970112
-2.886240186528888,-0.692797475823267,0.2277710473295948
-1.1495974843213976,0.3053683969315616,1.5023053498105643
-0.9641424124766735,-0.3409682422900719,1.0837384068908387
1.194448899282742,2.381192862472183,-0.4304508224047546
2.661647198738773,0.4622498564296577,-2.2114934473928733
0.7545240175054316,-1.3146768422037252,1.558212706465035
-0.6309482908735633,0.0436219895423111,-2.7133346030679406
0.2593702290353397,-0.8280571228427873,-1.6137441818829863
0.6667840307820428,-0.7754575016270604,-1.0099126183777154
-0.5115027421509123,-0.014342016469167761,-2.5911756168278837
1.5255109219859264,-1.535160769331136,-1.085113490709801
-0.04960176785242563,-1.352994736778653,0.331393113164012
1.996154736673145,0.6122500063791169,-2.0154605409126978
3.157424208126943,0.09982668193634296,-0.04168955203812901
-3.2250592066863133,-1.1773551638356718,0.1802768673099585
0.9816555134875823,0.253962472364217,0.1259725554102622
-3.3911831859145893,-0.18512919480026618,-1.3045490245025302
3.0031550004109957,0.6801784078377193,1.5012540523778024
-3.104448756374768,0.5904232619662895,1.0939162000869287
-1.1897671561755343,2.52653463934964,0.9663768192952211
-1.6647143607476542,-0.32049508257160547,-1.1598405812961812
2.926346678089172,-2.1701343537903535,-0.47532401685813386
1.9778151816870797,0.14756327426806898,0.030183196679700347
-0.6028462021325489,2.6057511833608955,-0.43778446995568104
0.11434783090186523,1.4684073158985214,1.27938379677287
0.7781669131235857,-0.3820345404773752,-0.029051646642507808
-1.70727190375048,1.7268861762329588,1.1185767571835064
1.0803296143793533,2.5459966521747277,0.07064437127099368
-1.0727079276476479,0.44182586342170305,0.48613098038428487
1.8467501514048925,1.1102983794591064,-0.33209401554846524
-0.48981921381192456,-0.9686849103795823,0.6711310668266298
-0.014299470190560928,0.6054149495330049,1.884280147799853
-0.056330057905754495,-0.338283952500571,-0.935437161775777
0.9272494294221356,0.43575035350394686,0.008509290550795046
-2.4041228415996994,0.004968586288151067,0.3342667380470285
0.7554697373623152,-1.1341882516100412,1.0819107578483516
-1.2604095907979613,0.14259771131868662,1.0210585489083854
-1.6511399709028374,-0.6816629348280524,-1.2980601896711401
1.5254205350564172,-1.3532305830140388,0.6277245678469836
-0.8233319264174414,-0.2828862107084025,-0.01906794044114965
-0.7481020103688507,-0.7957661826899532,0.38716447008409294
2.2608787478249894,0.18149331804162586,0.8779340804102264
1.1311379898590448,-1.0002682427930518,0.1653271426403305
2.0127015631995104,0.18481513316769663,2.247725246831054
-5.248515862326215,0.279109606457621,-0.7051026477989798
-1.098329248887113,-0.23114888844907333,0.2635853569229826
2.9729664020079234,1.0125114081373432,-1.3251220845418712
-0.43806344317873475,1.6453187421837943,-0.6899025254931788
-0.056330057905754495,-0.338283952500571,-0.935437161775777
-0.5626548775787187,-0.41360967271122595,-1.2717209678720205
-2.5980303466673687,1.3553345483120431,0.8715721689592189
2.6338000411351516,-0.6831394637265181,-0.8615361276927755
1.2668993724311748,-0.40333594652759897,-1.3431348002864276
-2.324803252430242,0.9529399350664652,0.619462500145397
-2.786325685545215,-0.8175827172028765,-0.0511065141208986
-0.08623834011948277,-2.4571111908458656,-0.010994889430550742
0.9120095106132474,0.328665279748687,-0.8546440526361438
-0.2998431228828767,-0.437599315489164,-0.4393975660316303
2.6425745035306707,-0.24243124742318808,-0.14406673269827483
-2.7194097709687,-3.637200372575949,1.4204392160707195
2.8682066310760566,-0.06522547727474157,0.30813040887022897
1.2668993724311748,-0.40333594652759897,-1.3431348002864276
1.1769103658171727,1.2185037518396382,0.9853510476230344
-0.6259395007853157,0.311022832998711,0.7693014784049784
2.226211186879394,0.44919365701208247,1.1843644438018939
-0.11955969846278924,0.6514116153947894,2.207364800268101
-2.2685139522777917,-1.404756465586608,0.12570413403553218
-5.371065265512456,0.23531940157612388,0.6423370288188288
-2.1547157241604418,-0.0836707019086716,-1.1374404552242012
-2.3434661088326685,0.05048095346031636,-0.4101854358641086
-0.9235216920658537,-0.20954108869807545,0.2680350729945504
1.80955054553595,0.23992891042039358,2.0994942384146054
0.5506731179115244,-1.1020122852367749,-1.5340983844239788
2.624516963579603,-1.341086942508523,-0.9625709597237626
1.059405050958189,1.2133667542372957,-1.4448759734156118
-0.7849438893861135,1.5920635342285623,0.05180479828784551
-3.6307879640553264,0.48250972581000745,-0.8732694240201281
2.2133286791110245,1.0484441938661397,-0.0021855950403993555
-2.2959028096366256,0.011065629971844702,-2.160110870852313
-0.13414912705351426,0.9964943924032139,-0.23752966332314124
-0.3150314520411346,1.7128521583917302,0.08078090620282195
0.19623706520497847,1.48094089001969,0.2713950562747786
-0.6259395007853157,0.311022832998711,0.7693014784049784
-0.47883647223566905,-0.5773579541551863,0.5501685751560692
3.3463493565907076,0.4653870999330381,0.19583629078670595
2.6896951334519232,1.294185346551672,2.076082031865719
-2.3066168980102053,1.239935939934779,1.3639795758039346
1.5316848230438926,-0.6974888520819105,-1.297254522663088
-0.7414898090286784,-0.26737007254703765,-1.6853412974214228
1.8745270583263491,-0.059549140051809994,-0.5161214563239207
-1.1750699429214786,0.17283692497787603,-1.4317464075005795
1.7181186568024076,-0.17665327748871243,0.24910553211108466
0.36479462289159525,1.2980342510495613,1.1957591892981851
0.12269798976197913,0.7615625014064072,-0.42222780321888
0.3611516329441648,-1.080062296897598,-0.5515221868584346
0.3436295448169502,0.5106742324760738,2.24045608178172
-1.3448483145081953,-0.7372091392059716,1.440161097389876
0.7825682830364158,-1.3157909680423838,-1.7419023651866543
-0.4527502458799656,-2.086958821606014,-0.7188755822986049
2.566077257095853,1.5964124640590849,0.29129017841301746
2.8849922446696805,-1.0957280647052963,0.03489803392070338
-0.17572978849476928,-1.1196239178285152,1.649212385524703
2.046397042606191,0.14112899054188857,1.6234981321348447
0.8819584222800062,-1.7079138373576508,-1.0011162124216122
-1.1757614551771838,1.337487272038663,0.7621976670896338
1.9869721552335873,-1.95816973415846,-0.7796017153196991
1.0253179655611544,1.5774923909134655,0.13575629865964498
1.0250082425841855,-0.7976962758145036,2.154940586807096
-0.1394343093426559,-0.6024331832790646,-1.1149967193552486
-1.7828046197831213,-1.2485486434384887,1.0482989609553475
1.905259680133751,-1.1336888103753624,0.6359711494068652
0.7032389181715861,-1.0110467750002554,0.4343647048212065
-3.9699063039726905,-1.0407008314045318,-1.3805194737472999
-2.151606194313602,-0.4741979405826486,2.676188810276941
1.6349576331319302,-1.2365240658775085,0.18705736509498233
1.584787193761758,0.7410299652552039,0.8340529027297222
-0.47487132769179863,-0.30854442842114543,0.9672769336232471
-3.91227939223169,-1.1705664793955084,-1.6354356683521487
2.6202354612570993,0.7162094756515228,1.7208167482723047
-2.198928737274157,-1.6816551004294658,0.915888325746832
-2.4669048149974016,0.18485642062790444,-0.6673148503883394
-2.3497719246499416,2.929564484077212,0.18516931539609288
-0.8425864838054203,-1.3262541190582902,-1.1674666336379138
-1.3485576098408518,-0.009945844750871511,1.9129935269693104
0.24172665153266182,-2.027643035129386,-0.6602162338231437
-0.7596142506698288,1.564726276446953,1.2954170449678848
0.7774171737051304,-0.7693878254862059,-0.0703225115361879
0.05186666282290267,0.6518948572629147,-1.0356516178778217
0.40869743707080125,-1.556877244487332,0.9817985734092398
-1.4838128435369857,1.4443922435065442,-0.1839047798946891
2.490668062313578,1.2372119856123482,1.4387331661119904
0.6373706073006348,-0.33909256496974,-0.6309415495871457
3.1809699992613645,-2.1175547864870055,-0.5979515410243831
0.11787734310068158,-1.0098139602561798,-0.9071066586243687
2.3158449155112457,-0.19827825135118796,1.006551507407899
1.3655733949275315,-0.0647274206246069,2.220119890628439
0.7753836195569093,0.8709757904628347,0.9672920691752865
0.8619351711898473,-1.4828479041272427,0.1716892342461171
0.6736470554308644,-0.12849902283938267,0.4017348320679775
2.0617111682138143,0.06612920882676773,0.5656602018935241
-0.9682473746155211,-2.395299470817541,0.24346812299753617
0.5837548573819094,-0.10422582862014598,2.12386338556847
-2.367790940679877,-0.69244500721211,1.1575958306125556
2.777360726308186,0.9586933399020904,-1.760337661143626
-0.21874411522291695,0.36373132877928743,2.0027401168718213
-1.1250276431138573,-1.0744061630910795,-0.9536822311608243
2.0955536232925023,0.2094607866881562,1.2795332221841629
0.8041601298621254,-1.1938420175004603,0.6350184587986838
-1.6424225558217376,-1.7512592419618387,-0.5558045235483275
-1.8734081196279961,0.6875201652585499,0.8674391436784858
0.5584523464502162,-1.8904649996452005,0.7735201147270399
-0.5408879344378865,-1.713754210383635,-0.5846984856746565
4.000345022232952,1.0529656400617287,-0.5672209778617693
-0.4350903255026053,-0.1824559721107025,-1.8648381579496707
-0.7753407865040697,-0.36195828465973273,-0.9743880041206112
-2.3779130026418764,0.44835205801211914,-0.09732896092667279
-0.7561287341669739,0.0027985281796425975,-1.8597484173779206
-2.406787983040795,0.377480932231172,-0.19489093575528707
-0.39036865701055584,0.4308528322012816,0.043389155697561646
-0.9606360421741312,0.6037933231907652,-0.13135618172994787
-0.9236622376655168,-1.7220375908941175,-0.5845247530715647
-0.8550887655429753,-2.0765669897509307,0.025659410299837745
2.9249041835439344,1.2931084912572934,-1.356998931696416
0.6029563167752293,-1.3451848426781174,-0.318401207751906
-0.6967525354384689,1.7728762451320843,-0.9157264264492179
-2.949413602011482,1.9408537238030013,-0.4243021010783371
0.33508311964335497,-1.665596801933664,0.26187129454234814
-1.8233534156036857,-1.6329598842497575,0.06601991386535191
0.16632289245779344,0.2543584996403221,-1.972388210660069
0.32248976251086314,1.2681043027358034,-0.25420940393533925
4.217828586122818,-0.16492078091287923,0.05231631312313836
2.8121846237581956,0.5092158350606186,-0.41531147255525414
-2.39329122680236,-1.0590275858761584,0.328180279213007
0.6619187505425171,-0.10357950433612242,-1.186167098292425
0.2287635733492652,0.01213385978179901,-0.21468866726110059
-1.7348120908335392,-1.6007487966879506,0.4493463873274629
3.375839616370917,-1.2776296839515435,1.6401989200356548
3.1091378137812145,0.4834961605895831,1.9659502641974613
2.2988625046097177,0.09479039698578777,2.4063769325531825
-3.985901871267067,-1.50000042832673,0.8573601212992028
2.2565951930801007,-0.4878883687799479,-1.3274961136365733
-1.7737460107576413,-1.0578186635849711,-0.1717729602791445
-0.905329801317561,-1.1544974355866042,1.3832452790621528
1.6845978456144124,-1.1029421718114458,-0.45414383023623806
-2.4393519142513513,-0.7700216799347873,-0.4885817137612656
-1.237829380368475,0.061228191165400805,-2.1238888160006884
-0.05787022549965948,-1.7178605874384134,1.9010099489503982
0.5408233482841585,0.08905256140296622,1.4690058944359514
-0.14856072058918646,0.11942211937023729,0.7618856683226926
1.6782507082219764,0.4553269744386604,1.8556648113694127
2.663378131798558,-1.9902927250823803,0.9692697732708314
-0.16183817169487372,-0.032094681463781964,1.0663093016177885
-1.3298789827996276,0.5927015216777531,0.4680199357989529
0.3465410166746643,0.7437345456904348,0.6168981855483673
-5.285927243033746,0.5558038513479503,-0.45105905902408483
2.2908362000555367,0.30299909029486294,-2.0193871645064045
2.716814158202629,0.1378267388850059,-2.1552928700560923
3.052459822181666,0.1902267159370829,-1.0159198913210437
-1.8132665560368522,-1.512233244218534,-1.1141684363068824
1.419185999841004,-2.2857337989361026,0.6324614171351055
0.515583122600683,-1.0598048167477614,-0.1952369074094985
0.8507047480065498,0.2201542894747754,-1.6160754802819948
2.6367762925054956,0.07617254851916015,-1.974288230248355
0.3425844352958005,-0.17518596751601986,-1.8149682072164774
0.6533718190591032,1.1292146917046502,1.2845441117586236
-0.1162437105508276,1.0957195271805213,-0.4887667807293638
1.438473822530592,0.8758752933863735,1.3833765407573417
-0.7541075364402862,-1.4859918598120252,-0.7097892388414024
-3.609399239792848,1.8235137407278734,0.3159454311837305
2.9383484902619714,0.9818339593150109,0.28186412048151993
1.305333683275181,-1.593875393371569,-0.5204958676730496
2.2896473857905453,-0.06500892953757562,0.02227462069984287
1.4782978716232131,-1.9803155821323606,0.13415854586787615
2.271137424743288,0.43820691543694884,0.8274704652117405
0.14986291697299614,-0.43387685643181967,1.0528320978129102
-0.864193957452903,0.5352568008970892,0.17306433898353152
-2.1254092177812436,-0.30774083475600605,0.8295827757548261
2.440308007443998,0.6531275354844293,0.048497259243910545
-0.2834429878338346,-0.0113416757363083,-1.677211728726502
1.1052799274362182,0.6631413900566574,2.031199848476294
-1.410918127396452,-1.1582951789424354,-0.6724957393080725
-3.606865002536894,-1.160091126585638,-0.3460716678644885
4.039966142076906,-1.3835412865415362,-2.2151195244887747
0.1606900542816561,0.08515402835084179,-0.12680223218936487
-1.0248865293869942,0.933334970534737,0.17070785261426163
-0.8208183195863097,0.4041897163225777,0.8250034365198454
1.2478432820841543,-0.16704865631882093,1.0884380541722996
-2.61882840398575,-0.20486006267663687,0.4096040918289174
1.3076347279019906,0.5411316198969424,1.623906574270122
-1.5046529625472997,-1.3531246793857061,-0.5067663489171654
-3.2414579134218005,-0.8554958231617599,-0.8037602186193877
-0.2222154005931306,0.996136958192357,-1.7340121448041983
-0.5603605658832446,0.8828589500649621,0.26821420139786756
0.09269580891811027,1.4820249351015518,-0.9200689916695697
-2.8929514524719764,-1.4697795253992618,0.5520100953733132
1.2865062608108127,-0.10321446026355792,-1.6485042270486634
2.5190981720158048,-0.6825033092250303,-0.8709719045982317
2.5405111797256366,0.5025005788523587,0.3318842933814367
-0.65119635763918,1.247867991888555,1.000947677333483
1.5156208094605785,-2.167881410588135,1.5877599972414211
-0.15973019251380272,-0.6397260442612379,0.42804570940174147
2.351634847393269,1.6432660176421565,0.2746275762374265
3.120612393532963,-0.4423300695196442,-0.8030199949115122
0.4890344277370956,-1.7646141585289568,-0.0961500546009006
4.472918518033143,-0.6914494419744073,0.9038574837980046
-2.009986640461933,0.14680169025527876,0.28481961963688673
1.1627356933622215,-0.7929959455171881,0.34697981337820105
-1.089418136288064,0.8642229885362749,0.36949441941597816
3.507327974050899,1.613694854071856,0.24196715363030447
1.5900300098448175,1.5077038674922423,-1.7821408801497016
1.3009298284208362,-0.744490551437584,1.2641205395604527
-0.6912846235835017,2.8398693574538694,-0.3708230498482741
1.5251285492732736,0.777099133633939,1.512025036276201
-3.275663114033638,-0.04237572155095481,-0.5919031532889871
0.22245866962157287,-0.5237958515838027,0.23849995693466122
-0.6442734274500911,-3.008956412991475,-0.14230619384679583
-2.6751262277158525,-0.13665105439649006,1.3842502735501658
-4.078017222701425,1.222726347932968,-0.9472746395256363
2.4643381406956935,1.1275269531096983,1.239811003438192
2.2021463659166853,-1.5849581221143352,-1.376417231845495
1.8579624941609354,-0.8341032720885156,1.1650407192927847
0.005225133015576606,-1.3921610219593736,0.5550384894594977
-0.6587526080887905,-1.5360216452418771,0.5160235590189793
0.48797471638144563,-1.8424727420932152,-1.0403643146497208
1.884879498947998,-0.11763660875426432,-0.4348406764847787
-0.3085533984850904,-1.5667226837689174,0.8449440165973389
-2.3569561301554973,-0.3733741399904475,-2.018465904278975
1.3533831451389717,0.6187199695342132,-1.1216484124027013
2.918999166553196,0.37914818812635226,0.34965311275006444
-0.005708966838060573,-0.08625803241992351,-1.0280557762448395
4.121351961269898,1.1081365532552203,0.21710486168638787
-1.645857349511571,-2.0024968504040874,-0.10448987612812138
-1.3088852207281865,-2.1101685543603836,0.2131484025056715
1.5118681620257592,-1.8566477548587228,0.8756969590964065
-0.3947843953282132,2.8218997616076806,-1.4537167537222804
-0.4850281723700098,1.9526321670092743,-0.6877493138320576
0.24997579612758902,-0.23150914639067308,-1.2060180034258188
1.107427835187521,0.05406494264838458,-0.8898305109427888
3.747172029568543,-0.07810157110468217,-2.2831913771845245
0.22565573337844727,2.418425781278912,0.6155895271671609
-0.4730839694577954,-1.992808482385816,0.4910710909329823
2.9852163821931823,-0.013784348678407575,-0.18013192797171074
-0.6912846235835017,2.8398693574538694,-0.3708230498482741
2.268913463312267,-2.7770194219895448,0.9611512652392121
0.7583492489284034,1.1483036067535524,1.4448184117200977
0.0588486237433708,2.651414555140458,1.181714749557411
-0.10633507620891681,0.3447364850748635,-1.9910548084580142
-0.6600146074228834,-1.1225531631957908,-0.28844090395749755
-0.331546811010636,0.019591592819997634,-1.7969158174865296
3.0690024167480066,-0.40223304216855454,-0.17423160795110032
-2.4619571590565847,0.44038210521402316,-1.1775867469203165
-0.8830878282289882,-0.72473331956027,-0.7148089173209704
-0.15900968271913074,-1.9698364454606456,-0.2758803015418575
2.268913463312267,-2.7770194219895448,0.9611512652392121
-1.6731435387987363,-2.946742216494066,1.2218618835828985
-0.8053063030225528,1.9809114150886424,1.337716962946509
2.0694942426453715,0.39447155193010564,2.648453990205529
0.2918727702782815,-0.7515321872865866,0.39315804005127075
-0.7209071864966559,-2.1885553217894804,0.5872513285122973
-1.2660155230640393,0.5863020638555904,-0.4908512249642293
-2.5779523553664143,-3.4639653635568775,0.987716625124251
-0.003403179305032676,3.2201882602503313,0.4996561991633212
-2.5547902216699248,0.6019195365481791,-1.8715635522661345
-1.7681406560134374,-1.0780846116740992,-1.223411826097444
1.6829258005136458,-1.1829791678523276,-1.8417877759002472
1.1176233115365175,0.4151566576592448,-0.7196753478541806
1.6368130340140719,-1.0783218020735577,-1.9144753860599948
-1.7204444272999684,-0.9517866350754299,-0.8082799188091241
-3.339560272791022,-0.09755658305170889,-0.9002229200190788
-3.4775932406086767,0.43736552378924975,-0.16479334698546944
0.6193387814573664,-0.9406814862082006,-1.675263913467443
0.5154242502033104,1.2172816566457139,-1.5149221198209162
0.19867631845026756,-0.7495850228571787,1.4315903058161659
4.05080592415841,0.32519081666896166,-0.6790089499353713
2.100429556622741,-1.5711730787607348,-1.5550787463498081
-0.4407157812489291,2.8913009703358603,0.39184188349102617
1.5768690283949416,-0.8364261094155613,-1.747094771943952
-2.806683663463,0.22299833245004258,-1.3300291707829413
-1.8065134224512625,1.722025592183573,0.42459415305571163
-2.0970676436180375,0.16443157152763885,2.0072979878457784
-3.9615762639262777,1.3109991426682985,1.1976562543115135
0.016902970463601542,-1.265929363244161,-1.0057534670075352
-1.2310915402760516,3.103672222143706,-0.24437260342779563
-3.8017666325179897,2.11929399587866,-1.2436731679770026
2.2743386196596,-1.1214477597560937,-0.26210385535235614
-0.9811428893372035,-2.1376062460589034,1.2101278499023056
-0.6437293287615934,-0.10341385637034452,-0.11542871897049213
2.6237354680036598,-0.0753106788636456,0.3622918914563662
2.9357250472446625,0.03437895259070802,0.19896149017653214
3.9882233636900604,0.5912196787023537,1.3426896483296806
3.7374957031498703,0.35986881453587316,1.7061189257644478
0.301519197816373,-0.4778960200046946,-0.2716997567693543
0.42052631530167683,0.18720044455971147,0.8313583261157437
-2.466342188176374,0.030569488107214927,1.3829526904707525
2.304839065124888,-0.9344069221636251,-1.2663819136083965
2.8567745227026897,0.5536971971210838,1.0254269636094533
-2.3616437351676316,-2.350078504668753,-0.101922412701827
-2.2760698304859273,1.2705488114138377,0.011915795331210264
-3.703873723115907,-1.1379499065869099,-1.1362460639473635
1.8560451165686376,-0.9664920799583275,-1.9992808247315694
2.866113107371349,0.23303596105721153,0.8639713866548225
-1.4494721216361157,-0.230688492611976,0.9577049809567412
0.5479222171128387,-1.202630728021629,-0.034640446434272026
-2.4540697885400564,-0.8973829627199134,0.22999446285488287
1.9293608744181998,1.2814945729862517,-0.585767141404544
0.24997579612758902,-0.23150914639067308,-1.2060180034258188
0.5550279695220828,-0.8652546342867865,0.27748665293308344
-1.7413894223914514,-1.43112573472415,-0.5824586366303948
-4.908197213123464,0.4770347267352712,-0.21266645566166098
0.5454335121403568,-0.9278917686964955,0.2999077453586903
0.5594859823688791,-1.1548171303241743,0.4532124444747725
-0.1216625679774072,1.364965554712729,0.5884667762588212
-2.2880524845547328,0.30705483321394683,-1.6816143579603622
2.5079940976292834,0.21653633289152194,0.4274236261749277
1.2391339866833206,-0.19105202748110106,0.8308648478830499
-0.17984466527688622,1.0160964248945477,0.10451315905313677
3.4129946349703895,-0.19240220242875908,0.21009939544607162
1.819958721983967,0.6762840937745837,-0.5048501304332446
-0.697033093887469,2.025923864731926,-0.7122323144353471
-0.6147388431007444,-1.7481685801411297,-0.5380357408950083
-1.4104432691991329,-0.15138910024603766,0.8814571476396852
3.3281942436301053,2.8774578359358873,-1.337099958010325
1.356866744448299,0.44923034787837696,0.8054802465038688
0.8567100226416576,0.7040908311649366,0.1971856612795572
3.414803464600454,0.9289960580156367,-0.09917741836192737
-3.12759719517033,-0.7122220855614497,-0.7465675173878489
-0.697033093887469,2.025923864731926,-0.7122323144353471
-0.6147388431007444,-1.7481685801411297,-0.5380357408950083
0.4143122382776794,2.3130989592079882,-0.11354387362477161
-1.6588110951111945,0.47733160786822737,1.5835526536920406
0.2503874615270725,-0.8484674139423894,0.2049080337247755
3.2238268962311163,0.806680543183967,0.11083364743076399
1.5705991781577815,-0.7485458393589879,-0.5782579920835003
0.9398267815886426,0.041816882696080936,-1.7366111739590269
-0.8629965675103557,-1.2681614441047502,-1.2537195296761547
-0.8372771977886115,0.7471420402893025,-0.241362627977914
1.780276761949198,0.2388521088880506,1.0048599801090792
-0.3354670522980385,0.9917004742502812,-1.106959593019648
-1.1302958917180097,0.014371908145675195,-1.9306229623685387
-1.8546289802518126,-1.8572602138520804,0.3998841511043034
-1.50851767275505,-0.5942118064654589,-0.21906905092465156
2.4953906709438116,0.7753685656902721,-0.8286496501521363
-1.8712231530821066,0.5829641308308043,-2.0800736389483276
-6.75202230356429,1.9313147903403904,1.3088436002122505
-1.45076890049889,-0.9844885326217335,0.9979923253874787
2.386522053982913,-0.9829142626048313,-1.6311671094540445
0.4843434665619565,0.42534079613874065,-0.4747265923812117
3.192570960210784,-0.0038902738150698325,0.9750864250469021
0.7664573084297704,0.26587732558332317,-0.3089794012891354
1.7215133860313667,0.5021619288513701,-1.1278159725492258
-0.7632059832394666,-0.8357803215525006,-0.05519814284369396
-0.10935321525784257,-0.6435124929815038,-2.1736946376910695
-1.2392732276834129,0.6015110917089705,1.4976732260924384
3.1919205558096864,0.26060511141196496,0.18873786621523456
-0.4571772752015388,1.3808562146724725,-2.570063065595267
2.9642895344842937,1.1954780323412384,1.0790112254126027
3.6845424571226,-0.22376616261958956,0.564083761024582
3.3712368533093455,1.3766826904894616,0.08396398072200441
6.29157917106583,-0.9500248135593672,-0.3094848739940502
-0.7398798416172458,2.2536830143378213,1.0061856678020387
2.5212339454394375,0.7016475140111684,-2.240232662934703
0.23137004286531831,0.31918807833325924,1.575222676185008
1.5766741661960697,-0.48593506760673744,-0.667560391680956
-0.3728173866289047,1.72773026183305,-0.5572530185893619
-3.141748639351952,0.6308697426953682,-1.292578367727902
0.15119062441163358,-0.6949498454561884,0.17318338870242778
1.266779347258066,-2.8814475371620056,0.6905462415816493
-3.1454743516671093,-2.902827242928328,-0.0323995586800088
0.24997579612758902,-0.23150914639067308,-1.2060180034258188
0.07730341896137957,-0.7053132289288209,0.8624952372658697
-0.960636872042713,-0.6766647263652111,0.032550115586411216
-1.2209480812171196,1.3590837917405052,-0.6132026218981815
1.58117682852955,-0.11196956688376199,-0.4532818579763143
0.7973689955179419,-1.9190320874644615,0.5364558623372915
-1.7307597673079163,-1.278005024881759,0.0126193848495274
0.27034372599807543,0.4889930739312035,-1.0514562325804535
-0.5229873464208334,-0.6533133298665287,-1.2302728231081288
-2.1010665160865742,1.5828612578625587,-0.13457386438634103
-2.1838749395940775,0.9807616639415263,1.0508751893381998
-1.7519996967745783,1.2581685726842766,-0.6613172090684181
3.671225433283717,-0.7011871790805162,-0.955393897304349
-0.3090590572162252,0.5749646379682904,-1.5220439652465083
-2.8634465284052513,1.2192654403049143,1.3960662238969834
2.5875829795458762,-1.9589875005313997,-0.260026339990181
-1.166272437677856,0.654373101557149,-1.0569808576651432
0.6843410686855547,0.18788483415176088,0.35862946651805155
-2.6601013385266206,-1.1421576921065784,1.1660924279187659
-1.6764153871777263,0.18368412235071663,-1.3806640768367167
0.9499855932329445,-0.20636314648828116,-0.12033889010613005
-1.2312877799713615,1.480477434146943,0.6962738784167374
-0.7153909470295412,0.07854065912578947,-0.7574178911702355
-0.0944416217406263,1.189926858529852,-1.891861771334803
1.1601977995209525,-1.9732854527437307,-1.2186318689818703
2.549731514534814,-0.5873352521504238,-0.4039592067157939
-3.462556766928001,-0.04976322327122037,1.7594576377247917
1.1876926626392967,1.4706924808062107,-1.4680990594152037
1.394740064894622,0.18272943518362728,0.9806518623458396
-0.19513304702680095,-1.4179526864241514,0.0670900276799593
2.4190462060989115,-0.2633031186736004,-1.0239852952179795
-2.649729689255792,-0.44578708885791285,0.9765686646411369
3.207939500853669,-0.14251596645999248,-1.6370042507087355
-0.21342331388704505,0.18704887082261315,0.7109820362040141
0.6717390674844379,-1.2533690770953694,-2.264491973253397
-0.16613776287555698,-1.1383477532708692,1.2615326258379753
-3.468311705926505,-0.5342192924435608,-0.34127482078830174
-0.41084524727898836,-0.6416663160846948,2.6129839721041384
1.1348888999071545,0.06290457904971566,0.46384613082063925
0.6706191228463734,1.9293060126831123,-1.966130315672145
1.4486219045503572,1.3740929092529985,-1.652752439136035
3.9890581447702456,0.3744176270064566,-0.7263340879373253
-1.5352533579461034,0.5740436776876404,-1.3549622598926403
-1.0295324415458709,-0.8129790809488139,1.1885432349160618
1.0212999449099094,0.23904057182576155,-0.5796423212375194
-0.47047363533801995,0.841549076118247,-1.0965265335452443
-0.44101114758908044,0.551382724938065,0.03379381479503076
-0.378519828842786,0.4042402432644624,-0.8398799055305929
-1.5625751220129924,-0.38265171082208516,0.6027569469552575
-0.9138337860973033,0.030717074206977845,0.18108726344427714
-1.2954530555048946,0.5859783424415845,-0.5641064823088885
0.22856748947405092,-0.551249519097564,1.7529660825648836
2.133489571864781,1.0938658675961088,-0.07066935338076302
-0.1300208132588214,-0.4457857956723126,-1.2514161250787106
-1.2022501998130075,0.8381960972265298,1.6158249676677825
-0.44101114758908044,0.551382724938065,0.03379381479503076
2.395743993080564,-0.19191814543096053,-1.1431923693733022
-0.2935825012455778,-0.6955597697737136,-1.2422275475635167
0.3326142694311738,-0.6291303355251896,-1.3291146587910279
2.891359995782762,0.5596898048502812,-0.8634242681725106
1.4828452887050694,-1.0362088833719223,0.7748829132347613
4.090447427062966,0.21155294339261765,-1.4016732901077176
3.155517486374901,1.507527905459223,1.0389082793987081
1.24224329777517,0.5174172310127475,-1.8008120355218813
0.779112580022539,-1.0819050968231876,1.612633529641268
-3.5344859136366233,0.741696571272044,-0.1581875055169843
-1.1336088720270932,1.866940575716884,-0.3002669602354828
-1.1746847975419212,0.6928071180128367,0.3438384644921503
-1.2901975261620853,0.4231589056304083,1.6174621799139488
2.955113747934478,0.08384335278762375,-0.14667628005608932
1.936107239459387,-0.9527009652253304,0.7039394072214216
-0.44101114758908044,0.551382724938065,0.03379381479503076
1.3857449743771124,-0.12007919517146635,0.12483830780746234
-1.8459358997052995,-1.4048527406985234,-0.4816254264212148
-3.3274878058419897,0.36276943980001497,0.2328420195833583
0.828860728692174,-1.0151608120713276,-0.24607358790340778
-0.048642282557436335,0.5946541496088038,0.7611481300894909
0.8398855240451853,0.07748377407041415,1.8379265640195555
-1.3272183727261206,0.8465381575175562,0.3103575206663914
1.3103592730547586,0.9643636279079608,0.6098221856832603
0.37550078352455113,-0.7371981296872742,-1.926321893701921
2.2330220169390835,0.9263890410011887,-1.020736004918642
-3.174890011836858,-0.911656682935911,-0.7196851759666469
0.9152643982453381,-1.779160560567883,0.18769765232527547
0.2356784996627389,-2.123694439345489,0.05498909394053686
0.8931969738538755,1.6747849348505959,0.9315008235972821
-0.176123120790164,-2.065106066874925,0.10194279607288641
0.8206108689785314,0.27648545967000426,0.9052307873247659
1.7438054056865868,2.309104310899966,-0.01456644538306259
-0.14436024722932478,0.46767606640954645,1.2086544986983137
1.3272533303968252,0.44837829491415543,-0.4864544783471882
1.3857449743771124,-0.12007919517146635,0.12483830780746234
-2.291196261695331,2.060855760903043,-1.8370408530920035
2.214657308424665,1.3940502426420995,0.6149707001525793
-1.12206341953649,3.41682464429292,1.0991456255441834
2.3116214466506007,0.2756000866972142,0.2908684718357737
-0.43776822498750784,-0.8664195079106896,-1.9672689558763348
-1.5279024615919568,-0.26608417224391334,-1.3526945925754612
-1.3211321904717834,0.3383350356462719,1.1933817938247244
2.1018545691986383,-1.3049716422720026,-0.030601184207579096
0.5035158898009467,-0.6112755525325972,-0.7205163062298352
-2.371119345306123,0.17930927365108146,-0.4760239669315115
-0.3162820554987197,0.7442307352639376,0.12897359211506967
1.5285360264849974,0.5254679118675281,-1.943948418169071
-1.3657186780422406,1.900786024528476,1.188539271897197
3.636552745003631,-1.7904061081811624,0.6301897295813363
-0.7764386408117241,-1.4095190029850286,-1.3213604427316694
-3.63714766917009,-1.6625196683143348,-0.6993016786455019
0.09267301427475205,2.5034341638647075,0.578248846498183
-1.739600533767508,0.17035771067605696,1.43249748533194
-0.4489723923793342,-0.6750070391060922,0.25894818179221707
-2.3057202416026277,0.4598576635477999,-0.11756334654991633
0.9018120491050169,-0.07864957866739612,-0.2130204958705354
-2.3987336122064646,1.4048384300574892,1.4310713066208862
-0.29827869469861906,1.5389704131429731,2.1716410574341736
0.6919976780263429,0.9066564886796735,-1.4166737481163705
3.409656717337737,0.11618512726324427,-0.8030344689962629
1.70262860473075,-2.7156100881896164,-1.0273135676975473
0.8874902039617976,0.19310092976413745,3.1070186649269056
-1.5357610769713737,-1.4993541347799144,1.2043876489770875
0.7716716341853062,-0.43884863283554576,-0.7968281537340683
-2.210349510168639,-0.08314399860824234,1.1005004325259007
2.33684477047617,0.552908875271959,-1.950226355784169
2.6936543181449926,0.06126315250113339,-1.5995339754840934
-1.5199567508336553,1.1805052932692355,-1.6973580601613416
2.1735979267130916,-0.12724898022174863,0.8211953017835432
0.5253540809148948,1.5371979092713093,-0.4934926023001017
1.4313760666279245,0.47228972390120527,0.209029399692132
-1.7295315989148365,-0.5465876422946758,-1.0458039216444937
-1.427703958762963,2.1978319131818846,1.941677380907555
1.9735737381872087,-0.1864896829596131,-1.0929507991630005
-0.4261843075056665,1.308713334515176,-2.3569260009038624
0.26181655869080755,-2.3660704413944322,-0.31812563963241286
-0.479884034861303,0.6029401164438533,-1.2224461439069942
1.2721530574559194,1.1052793159810004,0.5269631304322439
1.0601773790183704,0.8364772034679174,-0.7117310129656389
0.8289325740966931,1.0190068451691563,0.7826337097279995
0.6809681363646414,1.060305751417737,-0.9459704002056081
-2.267701236624197,0.9612669876431411,0.1395734103924393
4.341377295947753,0.16039087698111404,-0.8788834141975276
-1.0719194557397367,0.1603590933031277,0.25609310518665024
-0.5432666647701301,1.1224637594283104,0.7129294447257507
1.4816582612546076,0.4546424693681299,-0.29464818150295075
1.4671944688203182,0.07385575040521984,-0.28112177657253906
-2.65654828330552,2.275604179499686,-1.7158584402187278
-1.31861518534236,0.25617756016591114,-0.08076147078153569
-1.1720110665865817,-1.7295953085318745,-0.06183345564722858
0.6328148438010852,1.596848755180606,-1.1776911703920114
0.8858782090013361,-0.5677374893092795,1.1185754370331376
0.8802591605286836,1.5223951354202696,-1.2866121973243243
-1.3123590578352884,0.9876759444688358,0.7269248269122779
0.8245439780250915,0.6716934652249894,-0.2715690889906598
1.4126936992335546,0.03890487646249907,-1.6006631312170247
-0.9227005905776905,0.10497724168217501,0.23731719121029926
-0.29484701566178506,1.130917669084305,-2.1765192781647054
2.363597421960096,-2.043070326319406,0.6559056582449496
-0.1873699209926206,0.7558058544495325,2.3542190560850482
-1.080034672630313,3.160607653547085,-0.6665414828786771
0.36346175918314727,-1.1178933917229805,-0.25143785589345513
0.6166757181626543,-0.6440085884637363,0.2839773074179312
2.075090693113971,0.0992669759199213,1.6346169134594377
-1.9915007941745495,0.5270769782358868,-0.4521063227894877
2.207186909782164,1.741916442995632,-0.17650004839190497
-3.14428885934903,-0.6820083049708369,2.908605464208287
-2.4929605441639278,-0.8732160955233258,-0.2863089507078525
-1.1605166190175922,0.27952358470481586,-1.2105948641561424
-0.44213472862956266,0.15109139711526495,-0.22467488037761585
3.415086352948962,-0.17683745973782336,0.047756195653171164
-0.18051836446245295,1.314430860257631,-2.22085905434253
-0.2181135668357679,-1.0405329065275069,-1.117287955567291
1.7394234126482901,1.1509150239764951,-1.4024803817996558
-0.6858569788198731,0.7188913243571736,-1.4817191685157256
-2.7457555874525377,0.6396431699718167,-0.17308546682615314
1.3555708128756672,1.5256063232988766,-1.941598111073739
-4.982527729363853,0.9050543073388488,0.08235340697434657
-0.18024982719704766,-0.8164933932828499,-0.26225646506284944
-0.6956041998629349,-1.9354264700166763,-1.2234013577344287
-2.5048949677412864,1.7203399657455136,0.03898685852018016
0.401109232251377,-0.6232550958906613,1.1491384544322198
-4.982527729363853,0.9050543073388488,0.08235340697434657
-1.859011660227879,-0.33837279240144363,0.720140635988028
1.0986109500654833,-0.19100708231807764,0.017250224242399498
-2.115898337217606,1.4687853703413492,0.7997174182940489
0.37168435355877255,1.1612103199069645,1.5196568761099958
2.0861967570191657,-1.1914745388814485,0.49198797562402924
-0.7144163362269137,1.442708660247696,1.01801909373257
-3.8382555899687616,-1.035395601181001,-1.252659249316001
-3.4065535769425312,1.1037527169806993,-0.9407441002738475
-1.6686993220228659,-2.0793235370311574,1.998096891478947
-3.253434595804632,-1.268521818044981,0.9185545132017388
0.25371423462602116,1.2651634665031553,0.03138072634649824
1.802543067227161,-2.5875039101778925,-0.7574443210995102
-1.854418604273471,-1.8113954932379224,1.7112893447552224
2.6524984558067186,1.3298265957557192,-0.7699307461648595
-1.6803975347401678,0.2210450966905959,0.06724899840336993
2.421159714587383,0.3879240047470373,-2.3088958686738925
-1.4819174662916164,0.22142581428859898,-2.6040686044414567
1.1251163538728755,0.9307868850608207,-0.41709625416719004
0.037974197776530355,0.733075763636055,-2.0278660650919362
-0.3764849125541726,1.999890466295301,0.005983866178331229
0.9649277920555973,0.3304104389857226,0.35017040196808635
0.25371423462602116,1.2651634665031553,0.03138072634649824
5.351907726053709,-0.33463778909049324,0.6116792508536437
-1.3803731074903536,-0.04215491835260652,0.5520749399814604
-2.2268818841221236,-3.562422730931633,-0.11969593210939201
-2.9909064958024323,-2.9316327065635557,-0.3998052676357778
-2.2788777500320405,-1.9442708628376315,-0.18117085504657027
3.013915344315576,-0.3530953682188606,0.20277986170876766
-0.7652554386965854,-0.8057044024608893,0.29904381919945144
1.1662537799598207,-0.4083347472623394,0.31380166909990737
0.5625586563951593,-1.7618950151544395,-0.43748857185731727
1.753145457169081,-0.6204948563037528,-0.14940076791997053
0.016061481373769327,-2.0623038413164485,-0.39735585338750123
-2.0959557457071756,0.2943576847148596,-0.7502482511407972
-2.4857335959014697,1.1202922697723163,-0.5250529591223426
0.2933838303319951,-1.341002514198014,1.2034761577678292
-0.09931211873529179,-0.23789181588183186,0.17378997005272737
0.01765994377601643,-2.6169194318740168,-0.20510763644419647
1.9214595953933955,0.61700690423933,0.5774279882153168
-1.3571481517651307,-0.5018387028350959,0.6459961447746345
-2.1651993954446893,-0.8682760153868219,-0.9474132179397885
-2.2709346154293,-0.09680731808327188,0.8633209458707413
0.07610336642345025,0.6129440860488883,-0.23181832805992136
2.1463243836303487,0.05021002038057055,0.6426319217400349
0.348242952154908,1.3531909746929915,2.042296329188753
-2.1342690470190875,-1.3064367218591777,0.01850843969824074
-1.5394963879634886,-1.789172741296193,-0.946026669729947
-0.5280774559466664,0.8550331164104666,1.5385167422294126
-0.577748489992312,1.4695506955861486,-2.2984065025037075
0.8414463412053986,0.2172184479843722,0.8631101541953625
-2.161569921041592,0.5872045453931627,1.8100428223535174
0.2742507139839296,-0.12497256898339397,-1.0939094504042794
-0.4891618778473501,0.2823931507029627,1.321944308977174
-2.4229930497689196,-1.6486320564546089,0.3566614716747109
-0.128273400207444,1.8097167507195058,1.5847693982301339
-0.1223326642970016,-0.6611743796970798,0.25150723849422724
-1.9616560186220413,-1.3327797782921442,-0.6649252205647415
-0.6617049724943591,-0.9948574139112321,-0.7737326826701004
-0.7472988610369169,-1.505431025827245,-1.4285268576915315
-2.08139651496675,-0.16702871539581773,0.5945829382746894
-1.9971243320537817,-0.05872379709692456,-0.565274690825504
-3.7573938500794593,2.2111615972181884,0.8998070357153151
-2.0943400605005285,-1.079703643091795,-1.0736453943524495
2.0799898305300455,0.29395914081093827,0.10265990954411278
0.11334053795614464,-2.6001767341836817,-0.3964280095521878
2.0513463502923797,-1.3263117348987437,0.29124669928319896
1.2838745686385835,0.8144314118978567,-0.6972919217523409
0.4048947802273642,-0.11823351061302895,1.1232088825460427
-2.294446728153682,0.6375716837971492,0.19101624781411056
4.273320970663409,0.272943599220619,-0.8964335933597329
-0.8655754894796546,-2.5339565227251337,-0.5293678685043434
2.5296894812263093,0.515415782909069,0.14441873203855315
2.980495304477133,-0.6248442876563238,0.23165522600105273
-0.9098604922539251,-0.4532081447299038,1.1670229526759965
-1.7410647343587267,-0.26163805869569656,2.110630981055192
0.25916019445914884,-0.5382761874592302,-0.03828206504034498
0.046361359096031104,-0.1786641919536873,-0.03613083961766052
-0.111815846720914,0.49131375944974437,1.1421708628574343
2.319072110342531,-0.18031500785227358,-0.02908284072872028
2.6971317419505465,0.9444319948778026,1.8358966651696254
-1.379461150697932,-0.9659415276811226,-1.4377851920967655
-0.8729790410454159,-0.5764831683123037,-0.32609852313587295
-0.4946113479479419,0.7228503512682358,0.5145906425028719
0.5744135875024386,-0.8328160659078055,-0.9941714744292011
-1.0100801215027508,-0.06339948984420457,-0.9117475827704412
-0.3445215617361482,0.3275232524611113,0.5975371985113935
1.4614985316553024,0.7954299842572503,-1.382978929214482
1.3685266912977367,0.5718441154177054,1.062141847270802
-0.4886017123655706,0.5462106884390707,0.10259895518874565
-1.3214759178352151,-0.5581570071509899,0.9777340215224669
-1.2864234589824848,2.0685222816155284,0.6986379343964794
1.0787916127407924,1.336714948108251,0.4072457826846342
2.614264090994535,1.1552978696316958,0.971717979286538
1.3396602582793589,-0.16821109003817095,-0.9868671090542832
1.1258662640028678,1.118716105237618,-1.0959943416608227
-1.0306599403224852,-0.3195466887196464,0.7613300297386157
-1.8982108375384326,-1.1725680340893816,-0.9659727998800728
1.5510434236364896,0.8280769740947223,-0.5115592476168337
0.5078750520751751,-0.6452598169100007,-1.0466689363201989
-1.7278847439534495,-1.1541222183769695,-0.8300432937577108
4.394662731527739,-0.0787673256557882,-1.4922580991813978
0.6977100980017973,0.32705962816868817,-0.1721901332756562
-0.8997146604398494,-0.8882463208275186,1.963223259171226
-0.24692776692681467,1.3093284177237083,-0.3835514344947894
2.7256514824899676,0.09141816790462963,-1.2677902256896587
-0.16110053107464503,-0.8990454334981824,0.9329480220734833
1.6376602391901633,-0.19571578538368611,-0.83395214429455
2.626502097510837,-1.1300503413891723,1.8102396559223584
4.205752354777502,0.43023373064534737,1.5964399658474295
2.7130253551879107,0.7914948510513127,-1.297463447227209
-3.069042395142635,-0.3851114687753748,-1.1648599098650074
-1.881587152954897,-0.25572078547758736,-0.07199078701914108
-1.270979281859277,1.0333632931000827,-1.130276009731711
1.410536080657128,-0.15017344808211017,-0.7272498920546923
-0.9660584987235187,4.094436236213255,-2.499829977580242
-1.0100801215027508,-0.06339948984420457,-0.9117475827704412
-1.2382388118811933,-2.251286185694843,0.2948234742445698
-1.1131568099008908,-0.7059586384263559,0.3454992182978188
0.011073418353755854,-1.419051096324062,-0.422676572167379
-0.5525200543653241,0.3332712200038312,0.9033287155706193
-0.06433188588187892,-0.2855779125017484,-1.3807710023068924
-0.10771239769607267,2.547763881561316,-0.027240982125612614
-0.3640836202821331,-2.1861745642702295,1.9626368081490886
2.4258361137400146,1.7101834928457766,-0.7816884760350001
2.167403724587476,-0.0258626382559809,0.4911714536075823
2.59116075139497,-2.367695203035901,-0.9395835192328769
-1.4217092078598828,-0.966172203487797,0.580171147695309
-1.114318551262896,-1.2164470052198757,0.6609482949500121
1.2586831103999485,0.9628184194760777,-1.571883113625938
-0.6237392957491543,-0.11905440501542063,-1.9685172102381276
1.6114853517456171,0.3712564027571714,1.627118751205458
-3.2149860354059046,0.4747908045545201,2.0274600595419923
-1.8510830205611077,-0.18627833962290372,-1.8482790971287175
4.353744680513034,0.2095013628070727,0.13906176961503497
2.0959893492183554,2.0642650433823757,1.1308441461607472
3.0236527596973355,-0.34572747216801575,0.2082182569157931
-2.5748714718589394,-0.6557816302402198,0.8281312510525585
-0.8296259022356537,-0.3602766998687557,-0.9107699552900562
0.8877732392176438,-0.6566901914106174,-1.5662344810788418
-1.2369345202194573,0.6083979781529348,-0.7399796787171704
4.543336515119755,0.5084599695454245,-0.9894276744658239
2.443925765187913,0.6747044063985702,-1.2284192258062114
0.04308470497865588,-0.8126603705461675,1.638569076670356
-0.439356553166053,-1.5940282466474385,3.053108783728951
-0.9610868027248581,0.7670817832518104,-0.14846589843354893
0.1859975745180752,1.0009815951921015,-0.9034321806821255
1.3834656318596663,0.0941198980446115,-1.5234270597637296
4.225043056954103,-0.41621400261219854,-1.4102841820794156
-0.049475943361213054,-0.24065857121284903,-0.10728034586115266
2.246666246359169,1.5706901058273668,1.0808430770344375
-2.112012557812729,-0.4310631667730345,-1.4453367397335035
-0.24537069284205607,-3.5694599015798816,0.8904542023749765
0.011111007660579467,-1.0337314735020795,-0.6441062953510603
0.019832109253445213,-1.618763358145597,-1.3086755021256424
-0.3686302325598227,-1.3022669378402167,-1.5542578831191483
-2.5041573895390976,-1.206595000772711,0.7027534065020004
1.0721704842710735,-0.20554393133215035,0.9814173679027957
1.8691156815107821,2.0954066738764707,-1.9667610475097466
-3.555440250051778,0.7732094368891809,0.21827385038997651
-0.3569691542031482,-1.3241147696921218,-0.40785518395494985
2.0832683223606843,-0.4178968334906283,0.028223052907964324
3.6959095241327984,1.0037288780963765,1.5734565081281593
0.7737983263702074,-0.965966444920453,2.1730506170199204
-0.2778831347323754,0.19306463327170656,0.6474750964314846
2.3440149354657964,0.5905815113865909,-0.5396771531311975
2.313904964566505,1.0062989154866777,0.016642480040082435
-0.12768122840576182,-0.9085697135744042,-1.5019716052554857
-0.784441126321573,0.6948343877164153,0.17572386889920824
0.7492436434437446,0.5248840421306048,1.3745581840927015
-0.9964739769020614,1.9746359514297527,1.5733155377630428
0.3179743724650233,-2.229222555736724,-0.8356152926534997
0.8613597948209949,0.14107972874457053,1.774180873046219
-2.7944328479647536,0.2762411222436425,0.28916395615494156
3.9808359614119326,-1.5894006179369573,-0.935132353265037
-0.9757136607031465,-1.7482600130560038,-0.8604376579092917
0.564073283112625,1.0404793075461476,-1.2524716294214207
-2.243077256180943,0.45383739843603815,-0.6064600197787106
0.17078798822245597,0.1668424119857603,0.47877378469457893
-0.9997604151140403,-1.7004248849506387,-0.5752127944982035
-1.8357546318983913,0.8054161860481206,0.019983949618391537
1.1106993295745728,0.557145649684594,-0.1761879220194976
-1.6742221098940147,2.0917483354500885,-0.6991764795522593
-0.8529765944400278,-1.375953339044288,1.1938273882907138
1.0966027265886165,0.7031823958393275,2.287099046741053
2.0962800758617437,0.09729136665240165,-0.2834841888675214
0.3481543093522623,-0.8790262047640817,0.5494166476190024
0.44137715105142555,-0.5155091316029192,0.29937057139771633
2.6228482185540387,-0.9130806535082707,-0.7923196023747305
-0.0022103562906617674,-2.425216752450831,-0.825366438113892
1.0720448748990075,-3.066685913367804,-0.9302294604001106
-0.8678780015021801,-2.0348273735640494,-0.0721722597443096
-1.9556615102181982,-1.31052779640782,2.373069013982197
-2.389421659377981,-1.1954543781143718,1.3537477726334932
-2.263359433830657,-0.6697412934193414,-0.4827373952348451
0.44579763225711944,-2.553611945928469,0.8049195539065104
1.944061609055995,3.274980817616226,-0.8035596349983862
0.5778908466379934,-0.6356446167542122,-1.1427998987926777
-3.5846972882870856,1.5034336555939383,-0.08666421770010163
1.7639325218597979,-0.07633978427682565,-1.1902996070606173
-1.4730258767958149,2.6219826485196154,0.7964961077516276
-2.40800376574525,-0.4067529768151804,-1.8168913142412109
-1.2814455547789094,-0.08423482051776122,-0.4071382766669323
-3.149749215939085,1.2664417361037823,0.15249311003121022
2.4895312404962735,-2.539027868079603,-0.35276363471402356
0.1100278037891957,2.225350627563491,0.04456390034778468
2.760416533175784,1.6923184113123682,0.6280336993477614
-0.17391521142443614,-0.3825868206877598,-1.4913860853248027
2.426568514677145,0.4351278901598617,0.4421679575834803
1.0558262037455548,1.222588154027052,-1.332437113901971
1.7139793213921872,-0.6085084756845448,-0.2860288831176192
-1.0816074899217378,-1.1584564704280518,-1.2779088031587984
-0.6917113627442022,-0.8142870004770445,1.6631927135595512
-0.9421327235445068,0.9281179761745924,0.07135456283227176
2.019279024691302,-1.8524156117435302,0.07958959216384522
0.11379191940708644,-0.7618685887652329,-0.15802020044274961
-3.149749215939085,1.2664417361037823,0.15249311003121022
-1.112896543970033,2.3641817739705533,-0.6663851062058991
2.019279024691302,-1.8524156117435302,0.07958959216384522
-1.7533544200142268,-2.000900776627089,0.19238783015665484
3.3789579048414393,-0.8693046346796014,-0.34552814242310453
0.6557932024791825,0.18081233491677295,-1.0076305310467586
0.14157764187374017,2.193399964672523,-1.5336757105396641
1.9485675072657873,-0.6375548794759635,0.0851495292664718
0.13235259940316796,0.8032090099445507,-1.8330009671161664
0.7659902730357887,-1.458575224964065,0.6394607950912146
-1.3689129675929979,-0.8410403055746754,-0.8078503173152838
-0.4937023671654868,0.8281277519427687,-0.16528096377243343
2.3355875841940192,-1.4839703849047605,-0.8556632946122749
-0.8533005712431703,-1.6460873263321272,0.9075733821277622
2.2646321999617802,1.086951514731328,1.4689308913647052
-0.8234427667485339,0.08436173204347815,-0.2016056802540534
1.8965904843458883,0.292103535939169,0.39775023236833124
0.2306299166116856,-0.6758910186856506,-0.2882689547421218
-2.1486209528448126,-2.008025978329012,-0.7471019951988241
2.6693102301434464,-1.1196097274329437,0.1887483299370983
0.21456554932547675,0.28664689728117193,-0.05773716465288679
2.0180884095241267,0.46604588717417667,-1.6242500518427543
0.13235259940316796,0.8032090099445507,-1.8330009671161664
2.0413894005109934,0.8455602993673283,1.4556058555814577
-0.5759204185864956,0.6366266460573472,0.29217736664792704
-0.7572143757573712,0.24013509330948868,1.1518987757398276
-1.1933421671350817,-0.29633708570882356,0.3075485335685037
2.3287833561322104,-0.7227303954377555,-0.4832214347299243
-0.9662864708270695,-0.6787459717857964,0.5091966211997702
2.485297612422187,1.9376439019726797,-0.8823310572496293
-0.7090158160539863,-0.634469414474284,0.3157635839582444
-0.43985126542727565,-3.088308154530273,0.05977090721610299
0.58099505816511,1.1822441327827484,-1.1175532832134785
-1.0915321882745659,-2.094895428465524,0.09524731878972359
-0.4358584549535383,0.9189557199362355,1.0551158232453643
0.13235259940316796,0.8032090099445507,-1.8330009671161664
-1.5169460291546124,-0.3385367555167212,0.44760970539967293
-0.2423955553692188,-0.4750174798121579,-2.055671302941432
0.96747658729378,-2.5278731146071114,1.1729613197389186
2.1887790822140367,-0.7851585153436318,-1.492522016250948
-4.046995531460523,-0.42989268063935454,-1.0058006059445321
1.0993365894802567,-0.015399980268631798,0.0726490689858179
1.2480651755939378,0.230002920308266,1.0075484872745448
3.3449166941982367,0.10058724473002094,0.7542835868321169
-1.0728124589586676,-1.574711588208768,-0.16778477132560715
1.7014497031465925,0.6079070519758721,1.1578981013069138
-0.8125991799859111,2.136141742753022,1.037617554793818
2.518311915712353,2.002725575520638,-0.32848518280872124
1.1705575105677224,-1.613771483406203,0.008355655694100803
2.5815568416031915,2.2711655716423453,-0.2630615866148954
0.008766912202605179,0.6058875566850951,2.02902035710208
-1.0038029026255881,1.7366758978523718,0.7930747079508864
0.19884059168467946,-1.5652121466282745,1.6018129692361678
0.5522581397961086,0.35722800500180985,-0.5732304411835055
1.0496792292988313,1.1500235904347387,0.26644141311654274
0.9206265722574384,0.18124610273246108,2.007718327780371
-1.6084509781019323,0.27898759456193445,-1.3101367194851932
-0.8494867537288564,0.021157967277656554,-0.9622540520304909
-1.6934864800302085,-0.5699238435454852,-1.0650199337366504
-2.449659379854373,1.0279739371176821,-0.0901243424949732
2.0378285698556025,-0.05650288377317572,-0.6854659202172657
-0.31436269487870483,-0.9094378254365453,0.07277084204087739
-0.6419955626449697,-0.5729106070116834,-0.17325343193659776
-2.3986983211749897,0.6492283277693869,0.5489041846871516
-2.7859346590340306,-1.9785778758477848,-0.17850057852752402
0.8823165867297069,0.5931458490444651,1.3743101750338242
1.43842860736499,0.17536550895581035,-0.9101073012169524
-0.952442618549446,0.9918609824842683,0.835923747469298
0.7131053098621227,-1.492604379775034,1.422376739015319
1.7387378553572959,0.2630057059386818,2.368823235308641
0.49228992090605556,-2.3522097888340614,-0.772526568361572
0.803523153833467,1.5915172637570432,0.7260563256806836
0.8137754101082234,-1.2278732487611326,-1.1823225671816533
0.7307247453334916,1.1532442437052373,0.7885506163321613
0.1486024356175331,-0.5917120566015625,0.6246068607914569
-0.6418163563661928,-1.0777092507460468,-0.7740304086091281
-1.334136576570798,0.6795822537349672,-1.2242210418075101
-0.26038155061342394,-0.022838639572643007,-0.5343274759764278
-1.3875246228374922,1.2009104006596563,0.14448661139745164
-0.9288806176168405,1.6326626987593864,1.4832748863999607
1.5604551116306924,1.462204111796202,0.2061021794269226
-3.1090708451613365,-0.32864380949640476,-0.2996621373075504
1.1632953721660115,-0.46570176404571195,0.41386430332045204
-0.2786839779442675,-1.4238975736814306,0.45829434610741526
-0.09764576590379258,1.1958269392237983,1.2264748135232177
0.9916662749396515,-0.6033931371523337,1.5306299593673882
0.12067518661189623,-1.738530734644956,-0.14227538635799677
0.8460900023976001,1.4389751200610064,1.393239083987545
-0.17343356176313027,0.7789194201642853,-0.5932624797749234
-0.7731565250567315,-0.6025952650557135,0.46864448238742823
1.1942754306793189,0.8452760244944609,-0.6204709952620914
0.3544639595801155,0.5776438721467173,1.3773530947777046
-0.29928569250823733,2.3097097583442148,0.48386380346287733
-2.508592533219456,0.503509365182589,0.22077266035640222
-2.0006810235183443,-0.45347843990078895,0.9163881703825599
-1.228756237234134,-0.4576703250260112,1.9223765271986037
0.6535171044423598,1.324385000233555,-0.7449671068962741
3.217893820785443,-0.6374008752574565,-0.5159044446305483
-1.203752578191803,1.5350793613884193,-0.04077839749991295
1.8648597932767492,2.443977482674518,0.737026468492849
2.768099717744742,-0.4688168154951294,-1.920633190572151
1.957229385173622,-0.6429680600478381,-0.8706271882338492
0.24285504120260293,0.5804964634678333,-0.22460806958783094
0.2759953103721273,-0.050964808072484595,-0.8215259068016479
-2.7849730522781613,-0.537424774213981,0.11522329134893712
1.8616743044511084,0.3042433081722057,0.5652497397424716
-2.4471570930979487,-2.290421254085172,0.10791236110512362
0.9840515322944104,0.42083177261898347,-0.08200806178302261
1.7088205095289501,-0.23794918129852127,-1.203476611326256
1.4910072416264089,0.6167190768431956,-0.9787229589418335
-0.39073044236687565,-1.3704580731426206,1.342705141967747
-1.3943363416162728,0.34814697455000637,1.0484840526593326
1.5064852979854948,-1.692745753748498,-0.3550416813245128
-1.420070574701112,-0.6632219527158548,0.17936911235768896
3.115829618588022,-2.4751157323060373,0.18885205584366221
-0.1313555725722508,1.785763895584321,-1.6900677850991939
0.7566068913627567,-0.12647021376977693,-0.5816163161237632
4.35023644899646,-0.09932249375312428,-0.4651186210895429
-0.4382652617338337,-0.6333853289316363,1.7498334471926067
-1.902254349695909,0.3612023427990959,0.9163997170245538
1.4718659570744568,0.45474424037358446,-0.7627996935133367
-2.2170524537961676,-0.2516486462653807,-0.9561659240868972
-0.9320890362031169,0.5159284570168677,-0.37281715428149353
-1.6732819878714424,0.811093453272242,-0.7462395945744806
-0.1642838691363665,-0.632577252817584,2.2063230803495535
0.08276457716622351,-0.9012775928163531,-0.5926337389090152
2.8638776404119732,-0.13906080699109397,0.01301581287695194
-2.010465628919921,1.425633849933393,0.01770738925751313
2.1056803287038774,-0.8116379014599688,0.2610842744918676
-2.403317313763494,-0.9388985770391054,1.3402936453713006
0.9714127350324476,-0.47373814630364286,1.1813414418933448
1.148829431797591,0.38767565489766037,1.673717852070553
1.4232804251348612,2.0572926751667935,0.15540657830446705
2.019732881215513,-0.941105007534533,0.3544183962415037
3.0207984729516166,2.02239167852285,1.1847009341244559
0.7334937562113804,0.8811017710000273,0.12119964593173406
0.6309157424148679,-1.3085214322853398,0.4590041698478588
-0.6371623838260786,-0.21760714777298704,0.39812181115030926
-0.6016370385054179,-2.4183417965041114,0.2033261204310611
-0.44710511846769807,-1.8484750163798058,0.39680667255449753
-0.020894759657217918,1.8579931807522825,1.1934770169211666
-2.1970580386508898,0.0997279319963444,0.3799220640936194
1.8520272322415292,0.43748092439205055,1.9319468016417647
-0.5109894492550979,-2.466747598542672,0.1781206966271915
3.046035266944283,-1.7369928893018216,-0.34410006024408973
4.201624294448732,0.06596914908033907,0.9333260768234525
-1.0467463680969653,-0.3463006225571565,1.1692482862143034
0.9911576196366202,-0.037680263563508724,-0.0038995746657664813
5.4945454457445475,-0.7978399472948462,-0.08034770673092656
2.5459194982023505,-0.0022372670341468826,1.0902478996563076
3.3883261914043414,0.22060059333728121,1.5208976827009018
0.401371142015116,-2.0070127038499344,-0.011663596746769606
-1.2672156466627489,-1.2643824932698275,1.2610749812336717
2.0051468550326037,-0.6595245145773436,0.49357493497786
-0.8479126468638034,-0.17947346049457136,-0.14273651754493508
3.3883261914043414,0.22060059333728121,1.5208976827009018
1.0488308017857284,2.5539259457134666,-3.748061375437601
-0.5392482200724025,0.72131275724336,-2.324602874824109
-0.7575321226528473,0.6960028821839782,-2.257399140845275
-3.567582014140231,0.8573531828558698,-2.132252979704572
-2.4075607800864813,-0.7896972087215917,-1.7201297280856036
-2.7461489835640047,-1.1039314393472401,-1.6370240294283953
-0.22884739839192092,1.1689513739637076,-2.0953839663119536
2.1968190589303753,-0.6330308619975206,-0.874805615089261
2.204861352086836,-0.5374323868878659,-1.046367295863188
1.6422428645489304,0.2333747491992775,-1.6796810757639786
1.0876377882492947,-1.6525310094570531,-0.45823137276011666
-1.103020482152747,-0.4674044714480082,0.05594357290791534
-0.9471467026417215,-0.5358228887868975,-0.2060732557153946
0.9063098759311354,-1.0282459998899853,-1.1810887754044672
1.7254250237723427,0.9966839576246601,-1.1798950099322476
-1.8777285036473867,-2.6207288309593855,0.23993129945044844
0.10378718985418182,-1.20051899839178,0.5987687590026556
-0.8024969958920497,-0.4992972158441277,0.6849362259875434
0.40264094257591887,-0.8532366795356955,0.7010509245650272
1.4824581271144575,1.8997423059919647,1.2548089977904535
-0.5471319041509403,-0.21657049166413267,2.6506695004582412
-1.8218389476894337,-1.6849605285889893,0.09811317184541543
-0.1933742397273241,-0.9338168202671044,0.4503008867927057
-2.4113797630379024,-0.7539345501804814,-0.06923754523404159
-0.6942115273255287,-2.0870222147394366,0.46181139910041025
-0.5570548461311793,1.0989514643973712,-1.2116880128014855
1.5654436224145916,-0.03525418941767227,0.1985993503906755
-2.248937462814792,-0.18840343511107488,-1.6516890531320978
2.6685301755344586,0.6691829528828626,-2.5140189980127943
1.0165537201224601,0.8615935724311328,-2.474667834804332
-0.004773459438662917,-1.7314340116330837,-1.669827740625765
1.3895268131403808,-0.06789601028838176,-2.4690102857691265
0.3450341986939557,1.9160280065082522,-4.079464187240411
-0.15121676022078512,1.3473876909413083,-2.490419918964463
2.3698907960222986,0.4817101463180809,0.4591322687483621
-1.980129514384027,1.7209023837454132,0.9601728953227339
-2.7757094766450496,0.24206712691213228,-0.5054956222666629
-3.2296083499976826,0.7944756048293071,-1.2421378337551792
-1.584922119346776,0.25631007269038497,0.13740300805732839
1.6989830335423952,0.29718931996519393,-0.0843368761918896
-3.2296083499976826,0.7944756048293071,-1.2421378337551792
-0.9507739632919079,-1.6193026726903241,1.6554794250353606
1.1835148681061967,-0.9338123738541125,-1.3735274677396692
-1.6143434837049402,0.21793950963730457,2.3473897220530247
-2.179430029929779,-0.5518036394895054,-0.3585795704602411
2.330245726912971,1.520662008710826,-1.1254595700384578
1.650228604943012,2.674490686887663,-0.35118742538673237
-1.598649324451779,-0.7367289047979927,-0.7357466920615204
2.4537931271114606,-0.6965965364139399,-1.2058818331870131
0.5600474085977182,-2.9291143915085405,0.6916934023805381
-3.7377707303574352,1.481949326886526,-0.351240305288195
3.3883261914043414,0.22060059333728121,1.5208976827009018
-2.241923993428771,-0.3322062821410152,1.0720444864534315
-0.24316315974869457,-0.787821092875247,-0.555521868828134
-0.1691905330319585,1.1217925735085366,1.3369786538458968
-2.8254381087197764,0.30593984405697694,0.2890572274959272
0.621024573132352,0.31020228388578586,1.6091548476423017
-2.6073417782936277,-0.1318902611950598,0.5611139280293955
-2.1112187237764606,0.5246819449142995,1.2332228131362084
3.07507053871829,-0.552330514974435,-0.05693692400043219
-0.3084810122583243,-3.3814072512601188,1.434616382560149
0.20829258118000765,3.470294817616361,-1.485749930344165
-0.01030011954487453,0.5446295046468395,0.26111769540350593
1.003500851041915,1.5156089582329526,-1.2627764536660773
0.18191825479056953,1.0307788201317447,-1.5192227302611294
0.28384210593444903,-0.2772151291665153,-1.8908965201419938
1.632833181601268,-1.079906559426085,-0.5433895692541606
2.923964406651627,1.1264587718208097,0.9204521733077244
0.9048606830055622,-0.11071599239755035,0.3525380852488283
0.22438656686876865,-1.229370489678503,-0.22391545980324842
-0.8197092383249215,0.8962223578826868,0.47705387699434243
1.6196003684365712,0.4915087683897648,1.5931994246127856
-1.9007732620164215,0.333839310395561,-0.5294294868065297
2.113478536082213,-0.7962908990947722,0.5933974283935652
-4.0801209354783,-0.2926586680137654,1.2189416291956152
-0.7192603499254508,1.211791967600097,-0.1945138425503837
2.0178978661379054,0.8057141751770335,1.1565133601281061
0.5753126405486602,0.41597410627869996,0.6628297426438264
-1.6213592305437645,1.0626336596459105,0.03986442102786979
-1.8554681364235397,0.30086168964414756,0.8806701939355586
-0.27759082468737206,-0.5482511575373811,-0.8980455513473887
0.850048463765853,-0.7590735885248293,-0.33524639708888804
3.7323919083493564,-0.5521378009214766,0.4853927214883604
-0.6826200579214715,2.4083154412099317,0.6160742250912354
-2.280610792839564,-0.4968389010319063,-0.7987995213379968
1.72532336142489,1.062038417985512,0.04984343067489531
0.886802316477866,-2.334131371281747,-0.466880540452684
1.532548881987701,1.8436265890485792,-1.3319782587453128
-1.046845972152847,-0.9000735338398618,-1.5120937810541104
-1.3111741845364095,1.4952339979881453,-1.6638982193174467
-2.4260020675262903,-2.3982768230019262,0.7962536822310949
-1.9149946184053495,1.6793765898727095,-0.08540996711540803
-2.103219512876408,-2.083607292584361,-0.5319174193013323
0.11393719130525568,2.672438760048064,0.8368394270180437
0.047501737461629036,2.042491262829812,0.33477145049025114
-2.4260020675262903,-2.3982768230019262,0.7962536822310949
0.9542328075448875,-0.6793619711839435,0.7000561661696232
-0.6570150728930653,-1.674824278923036,-0.3228517172177982
1.5180332379995842,-0.19138418922247424,1.2976830438748002
3.276185889671797,-0.1731851321658275,0.11794183233298731
-0.8894044474328959,0.19851571508604876,0.10614620127994832
0.0426251157079318,1.6629280253143914,0.5095130246674773
-2.950288051150437,-0.07432872475073579,-0.774424565920078
0.08523527702943871,-1.7003598503274655,0.09682170367850815
-1.6596527194929145,-1.1120640695569028,-1.7919355416184526
0.8168362682797952,1.930393050800628,-2.2831502608096796
3.395915141183301,0.5599434159238745,0.670683196021308
1.0118030349653078,0.14418331775058912,0.4284724869264179
-0.8443556988585935,-0.2931930255484173,0.5239461469976616
0.09989227508333007,0.46975772378179903,-0.87233686286674
-3.0875827874835475,0.8195246123685086,-0.7152663743902394
1.6196003684365712,0.4915087683897648,1.5931994246127856
2.2845544800198176,1.1669883535641739,1.0459161162775
0.929726859493434,0.5284210312114919,-0.19004369408252403
0.2550019295159329,-0.9172791488720475,-1.0000380018432082
-0.5011160252888486,1.77306423952486,-1.0953691843788818
0.33302875891653455,-0.19532608318455086,-0.43125441128397934
-2.001420570161568,1.5260510717777593,1.1229071634668815
3.212350005729519,0.13618778013234262,0.6883780221467184
2.3571154869814515,0.240744187420779,0.2948106354654704
1.0682660716638477,-0.1781837488122212,-0.37583051681141916
2.800089498148989,-2.203717583324316,0.6675862907994881
0.6747664736353909,-1.7391684492044754,-0.16395036903205204
-0.8575064452888291,-2.1567692135336096,-1.853513356222643
-0.1932579384920195,0.5686170280862998,-0.5181090775926136
-1.6761479523745597,0.11952409239996976,-0.7619103026065916
0.6524493374738634,-2.406262788271383,-0.5401996312271481
0.47068860343068364,0.9384269780322031,-0.46474917386562503
1.8149813534925354,0.4806922385318689,-1.0254741431409728
0.5943911826246487,0.9282457933271931,-1.4098553024790896
-0.3879856670742836,0.986713288875162,-1.2677127058172606
-4.0749069616285425,1.5125001528034312,-1.6711733477623836
-1.3360242711165449,-1.502764800243938,0.07951317367002174
1.340446204328867,0.6125362953238142,-0.4579314790614732
0.08174111755327271,0.930241689047758,-0.2066234497012997
3.242497946348495,0.141984354538671,0.3277609280685291
-0.6815971863542941,2.6122277954112323,-0.24566662093535152
-0.9586008044806866,0.40459970697344727,0.19008392992081807
1.9696002430365764,0.5371241189251208,2.4079306859171687
-1.779673766467752,0.15374829064053844,0.642555622157758
2.1671969509371087,0.0009274566964698715,0.931617474976493
0.5959186316233782,1.0899534351760873,-0.11368484732675033
-1.107034894117248,0.06373182653349706,-0.011443630215625911
0.5262430574713947,-0.05535902895660938,-0.7745471406734596
-0.47918913052561457,-0.2745232086174115,-0.6026510796095728
0.8423038986806883,-0.9663970963576882,-0.17814952986059857
-2.8554414150917005,-0.12800464607596324,0.7605002135766941
-3.2493449207978435,-1.1125057778205028,0.9788546338116417
-2.379715277242899,-0.8658825879725138,1.216012443274375
-0.310822712797169,0.3605321042133888,-1.435510923282934
1.7509963806479711,0.07817992461555304,-0.17414037143483385
1.8052480722653514,-0.8134933399885255,-1.446884978099839
-1.3996765745915019,1.8826113082728129,-0.890697413657801
-2.2367204207262965,-2.311714801898643,-0.19320546428560068
0.8160880756563651,-2.3271502380129467,-0.0662962791876136
-2.459693754131946,-0.17363906851440886,0.8647680636472114
-1.8437915080847462,0.32610528549780093,-1.678503839426489
-1.3453678205444473,-1.0796522837253002,-0.29555209109390346
-0.4191480423676612,1.2358153064356026,0.29924103605289465
-1.0864268914105313,0.7789201338138895,-0.36500123983550053
-4.564943433334624,1.1705437198158535,-0.4970658922116706
0.4451841724803273,0.18838148694464488,1.2929738833973918
-0.33128373072556216,0.37472567519889033,-1.8176345702824697
-0.9632903184933868,0.03999561525703105,-0.5986433077579911
1.929145680865557,0.5615676017895949,-1.150447459480117
-1.0864268914105313,0.7789201338138895,-0.36500123983550053
3.554600238757108,0.890130335875181,-0.12204623534117237
1.8760840233257507,-0.06653910121015574,0.13732766598156637
-0.012290769098056157,-0.6932946742179068,0.306131091753047
1.5832088147772472,2.325251220389977,1.0950565694820062
1.084558937457698,-0.27684091027402624,-0.7164866707813998
-4.509786706007796,-1.679867896852503,0.031380177559598973
-0.7330011965172178,-0.6483369601824888,0.7570378545542413
2.382736616886146,0.13431726457131846,1.224708407702431
1.8805967613377745,1.5875539375505756,1.3635195172594705
0.6865941164145628,-0.3288304609471581,0.4151352385336529
0.19375950213754664,-1.7672846679717584,-0.21186753271484474
-2.338067504209575,3.2800300473661586,-1.271093443682957
-3.4238297488271408,-1.3157307743432507,1.1913209081470224
-3.4587066947255516,-1.4206642668164873,1.187405313764654
-0.255034997795927,2.2117555716751305,-0.05064000132225151
1.130151519607191,0.1375633430528838,-0.42815755631977687
-1.6628446587082601,-0.56882734164956,-0.009329067562253442
-1.9085381488544546,0.9640543721305438,1.0155189601504895
0.9586666535201789,1.2195586349883234,1.0109901225681877
0.5521701413204558,0.33509930375821156,0.33917012601618096
0.6902505518260263,-0.48432346625971373,0.4119121639208988
1.6196003684365712,0.4915087683897648,1.5931994246127856
-0.11739957714016712,0.28135494656694277,-0.8725290126209804
-2.799931816276294,1.2764366213033616,-0.015399298664615903
-2.1403459964368374,-0.14797476007374916,0.5966000221548183
-1.808791467031716,2.0342472143265766,-0.33740018014526374
-1.743515092458185,-0.6220511468942097,-0.12270895602352187
3.322867628408347,-1.1821638290214946,-0.7709379815620546
-1.1966062443846102,-1.1596530395956277,-0.8141536362168067
-0.8735055412835039,0.05910945342867344,-0.368643323909747
1.2270418990002268,-1.3388130799971574,1.582054761712339
-1.3982426784849171,-1.609002500811279,0.14912612987692084
1.3871549056624493,1.4277855847508376,0.8698530388491541
1.6426052092655397,1.9740799477479494,-0.9647523633260189
1.652522554431048,-1.0074974638808498,0.6886023792231871
-0.01895177275208439,0.7501401006608158,-1.7293732558734798
-1.8806323303747419,-0.08560428800845973,-1.1274931066347023
-1.4295153107756287,-1.0271390444444866,-0.24058093690479757
-0.8926224066236399,2.205220810098277,-0.21430121721676076
-1.901609497240593,-0.7290191538388094,-0.1384987379224182
-1.7138722899058156,0.3585503961057809,-2.532794158672996
-0.544346281915133,0.8220451589397263,-0.2929730992819685
0.563945358493561,1.3016859318252336,-1.150711845891545
1.022117243417444,1.4303240487473499,-0.5474119875465416
-2.0077753431626273,1.5672767881931948,0.5387066978688069
1.9971418617086614,1.4536835831673687,1.5922271769547816
-1.1541237177187191,-0.8595590352108803,-0.279597297380737
3.43984104602476,-0.8943925457040156,-0.7539081685081254
3.342530962356615,0.05490944619372233,0.042963204188193056
-2.716675404523219,0.28936043810405354,-0.11770651495984055
3.557209050905316,0.7717007832043924,1.612022398309614
3.353827904891406,0.4917811139356014,0.16797827886613653
3.7057085648625425,0.47961221460639547,-0.034292424105106765
2.324187749913421,0.07934281533698068,-0.9683002191581693
-1.1167527068920557,0.09895339665821586,2.1312919961092507
2.052645028028235,-0.2506700959859884,-0.4405130222365015
-1.84914812080891,-0.033718263759956256,1.2871089840397971
-1.7740268663112202,1.18490325911801,0.2276225917181164
-0.45966491874281246,-0.12375249431350928,1.1421132088605135
-0.7306184669231739,-1.0626099781036173,3.02022315847949
3.5296422673240464,0.760783449002359,1.9897255466709687
-1.4362059435959462,0.27934470725589644,-0.18869778067824097
3.7466115100433033,-0.8438429718211108,0.6164245686665671
2.0903785578638074,-0.8785351553377635,0.7454105081219902
0.25944713786156215,-0.9650732545217858,-0.6438003567547081
-0.6960420515628396,0.8489008066708419,2.627477567967197
2.7687057729474276,0.44902813980939615,1.1308779043064963
1.1687234418398484,-1.3977565534645002,-0.8882783442504111
-1.4955989560673777,3.0381277339015993,-0.04559630224384554
2.187658537139833,-0.13175998160489294,0.34340399656949083
-1.320535698387647,-0.8713216909270662,-0.06813105735778327
-1.6333304846225516,-0.08207837023941121,0.11670404870154404
1.0576566611458238,1.281248178453651,0.5301654618170473
2.4239379591835104,0.4831428944444178,0.06350448119822216
-2.4953659253498914,-0.8530883005863417,-1.2625393962424332
0.43920833655192437,-0.36243842865815423,0.6339315397565045
2.0340185766596663,-0.48925290275214034,0.4771735652076619
-0.12731540537040573,-0.9131826694338643,0.9449966563521238
0.5673575538737109,-1.2037486596598683,-0.17856580013393944
-3.2975171854822274,0.4195228303529353,-0.08687024023078381
-3.166138639309156,-3.021875277422642,0.7161721294634088
0.06005838001354077,0.3189924734679234,1.0252101210396396
1.2552881802686833,-0.012217215966300394,-0.2831353999984492
-0.33118222451327695,0.7762914120723762,-1.931099274378445
3.3541145801166627,1.5917237896701328,0.22108216754896298
1.7704789080588046,-1.7609699893601776,0.9887871631197467
0.8782384621812752,1.1149253658615095,-0.19627662921523947
2.0352915665977704,-0.24644501788147108,-0.11612484280238997
-0.6774552763276377,-0.5592188117361244,1.2543606112472112
-2.4431995952552708,-0.08326377273394228,-1.9386721136931722
1.0482231475859671,0.7892712542023579,-0.47971820762823675
-2.030030102574971,0.6586673864238265,-0.26091244561979104
0.8419820882283402,1.1915753431640357,0.9997120439116947
-0.03731039766194756,2.538413315818532,0.5841616309172676
1.3077658051519672,-0.479485540415246,0.29793204217036984
-1.7078774641416314,0.08449684488339557,1.7736322016422303
1.4727821352330488,0.19121665431707927,0.07632289479593386
-1.1011085277193704,1.046412404682074,-0.1788036521292686
-2.4442779376719725,-0.006664109760200032,0.17483629252442429
-2.162254109253337,-0.45007531332396894,-2.23865030706707
-0.7455122460439529,-1.7006299592405443,-0.2969285772296689
0.5060934304679693,-0.44320805672823466,-0.4186588889240892
0.7557683307707943,0.36431214544216645,0.7703172832101859
-2.0306611307845617,0.806555405428478,1.0588914583030231
-3.3289442269509992,0.5326148751132769,2.2911540865105335
1.6768574941809993,0.164357261836002,-0.9103181838061959
-1.53180166237412,2.0138819960187644,0.6137549887776695
1.5953059521721462,1.8476399534241004,0.6948881409700659
-1.8991924612705955,0.38622737442313226,-1.3921313528374253
1.4043676036940107,1.7680041410328755,0.7394941136160752
0.8268980382776389,0.020087322832381536,2.2146571789655063
-2.3060461898053513,0.07071744320221521,1.5300528152573643
-0.1305892694935526,-0.5295723701645757,-1.0385807400075915
0.18070728975419836,-0.5301239294559712,1.8605879594774988
-0.17619026823102224,0.9415394443362348,2.812598778907566
-0.31239526172333965,-0.492818029311234,-0.66857790114484
2.4477432821741263,-0.4154180412163049,-0.6649781005401548
0.41544019482579025,0.21738733839634075,2.317576930472201
0.37531867652853296,2.4905234102900113,0.4454422517455769
3.759651397198614,0.18287680665266598,-0.6672301277458891
2.23723737713978,0.24277004251502407,0.8756133519009883
-1.8159690570996654,2.4179111242086395,-0.553291959562398
-2.355854226542306,-1.0295155969047265,-0.49277999262390915
0.2230956761110789,-0.05289859796927295,1.2324900162089105
-0.6182226290874512,-0.049556106569831095,0.03646144001035579
-0.01901614410462346,-1.9862714473541903,2.265253082170314
-1.1650995146406586,-1.264678472272085,-0.10803949451398147
-0.09412936578267632,-0.5457402519804945,0.6141637985736468
0.9552659845042298,-0.9739815094197132,1.300070313265763
-2.551115675995839,3.373094176217306,-0.5206449148039701
-3.0863241472030216,-1.401332510165679,-0.07421098042772806
0.3992398339848504,0.5736683619666456,2.811356873105156
2.928624754937717,-0.8156378465700197,-1.547527222980784
-0.8561599634257853,-0.9884935358313277,-0.3911690540252562
-0.5303107888316358,-0.12150111616220977,-0.41132476198906387
0.16406357036526786,-0.8575138639854981,-0.055636641961382766
0.07639199929133061,-0.8667875169086752,0.0332980791890735
-2.829245856748281,-0.09024923033420684,-1.2216365008494987
0.0727041049073224,1.087170952469542,0.2045315581585662
2.0794463612566974,-0.09216201907725387,-0.09078419653919526
-0.0036133716252237046,0.7331785580821323,-0.21902070399811605
-1.9237307058341415,-2.191200918368527,0.08130446972777013
-2.595355467258863,1.9226068088069415,-0.8279866137528105
-0.5391264360616553,-1.169416401542101,-1.5785868606948261
-0.6565964711280137,0.5751574395042947,1.3324595969656252
0.09181733820700123,1.0362838332550148,1.2063231881166105
-2.613381862729044,1.9749168418473861,-0.3556791161990201
-1.993614611625743,-0.5629002346674377,-2.0479821923434427
-0.3152640189300848,0.21404406859254718,-0.8977688689610047
-1.2642595955935445,0.12478926769884359,-1.3344035200318596
0.5775376991197346,0.5121418961554381,2.1137368680173223
-2.2292817586278635,-1.6209503518532762,-0.34338196737892734
2.6155271561191493,-2.337079663890284,0.3477565084129865
1.431045407132792,0.07399754651542831,0.44046459201663735
-3.563919444931949,-0.9332120040900563,1.7286276160234213
2.284570777013328,-0.3167100321382968,0.6702270261330193
-1.292430015243423,-1.4224906202092775,-0.6420626607788955
-5.207443342847446,-0.28964477461612415,-0.5850885039309273
-1.2681426943080727,-0.042398946008264576,-1.0119609941858583
-1.3982426784849171,-1.609002500811279,0.14912612987692084
0.5322069737071591,1.9985300164195454,-1.9732431540234516
-1.5562868875033375,-0.8545252838858785,0.855404465521157
0.56089008490287,-1.5951091437259293,-0.5019205014896077
-0.134263598262836,1.3118234410659222,-0.6865947904485524
-1.1550568105625765,-0.3803167454858391,-2.349110937644489
1.815428661161912,1.6035695996352652,-0.12020115995873304
-0.6004643946657715,-2.0486564075810336,-0.19716652275599722
-2.847841240562217,0.14816121764769155,1.6275138176299824
-1.2321483558794055,-0.2997226041438631,-1.5370745183941388
0.15627253687554007,-0.9561299783468901,-0.08747286738508625
-3.2811470514947256,1.44199805671476,0.6860949833153408
-0.8390423217056622,1.1691483964538865,-1.5991186806721225
1.1727973001240026,1.6340489984535205,1.2551429936996554
-2.4387825794450144,-2.1063364136512663,-0.3226456011467057
0.12695418593497376,1.553786834084288,-2.000148887283057
-0.09218730782465673,-0.21853462393801545,1.8662395879859295
-0.9537285319323127,1.0299989807314227,0.14546524371784264
1.6454195878563362,2.6223391595601426,0.5876073662465653
0.15493364744412408,0.12827824701751392,1.7140947894421823
-2.687777537412631,-1.4664665193438955,-0.08787865253465893
1.6158995803308418,0.750467510277591,0.2616512150311598
0.7572486172928874,0.9004447184752704,0.5913976954012022
-1.9092544483195026,-0.8538400572734717,-1.4948662941866253
0.9802894596216813,0.2771531852203446,-2.7591778462763625
-2.5372303495915602,-0.48170652365523375,0.2788930325623594
2.821072866098317,0.8075645585482158,-0.8832672658219765
-2.724551293098484,-0.3781923129464841,0.8942599669764295
0.5574698965451963,1.8232677230750494,-1.0992932912995148
-0.3677152725116496,0.17217684592976448,0.17382340878678293
-1.5599478454396043,0.5950730871035201,-1.1439383042752953
0.2789970703485244,0.01870783526102096,0.4403923044072737
2.470091685433063,-0.11900547088161795,-0.13334131696275497
-2.4072967245242576,-1.203885885057237,-0.2470104369240656
0.2390508576054766,0.3900372674297016,2.313247467862582
-2.078728911456789,-1.2202464134703817,-1.3219675061773482
-2.7682102081150792,-1.7311388946094879,-1.0707887158305838
0.21148336104580823,0.9854845791351553,2.027376047986622
-1.5447933462774475,-0.6698806766565084,-1.6711693030113264
1.8210509733034421,0.5539689518588848,-0.05156843044878446
-3.256309141417869,-0.8727613210590238,1.3264321525100757
-3.537153861319304,-1.8376054245540407,-0.7510030537402433
-0.04637273475982901,-2.38009958510652,-0.039722983515719935
1.0286077245563054,0.33883989206024656,-1.0244834463884227
-0.8539209362776405,1.4364699224233588,-0.09352792978303537
0.5782767889275636,1.4722800959997617,-1.5112897517866042
0.6384511033141456,-1.6523645240777038,0.27636191300864454
-3.1291820151252776,-1.585633837126481,1.289572264082638
-4.094513511535922,-0.6454923995663112,-0.8975006111829997
-1.0433356842665784,1.0404911045226846,1.0019617885937901
-2.4176106395682773,-0.04439520209379042,1.1215949308649948
-1.0096984135921219,1.9990680650495904,0.03946566972898476
0.6529226162863643,0.8905803844014317,1.3164789505605439
1.856945650337893,0.676719213325947,2.1044619627587915
-0.031057844060150996,-1.272959741335905,0.34958648520793656
-0.46120573963673567,1.2573355927080578,-1.338263304966632
-1.1202702505168205,0.5047706813965676,-1.5392332165964877
-0.2910864868481729,-0.8656524881273069,-1.3132874443440403
-0.13508264641438347,-0.6156259306644644,-1.4881039989912415
0.5056766002701812,-1.4292799882221248,-0.41131943504332447
-1.231747531079312,0.5869573835300292,0.9307403583240271
1.5412304412977524,-2.2054995019131844,0.016573346224242377
0.7288165180423636,2.829868198106882,0.23232821994072506
-0.8379496876053267,0.32279540217395053,-1.0012815444519794
0.7555880402242224,-2.2197936940977563,0.400215515442194
1.0528231100086214,-1.0727467732450464,-1.0917284248264558
0.7831184280277993,-1.4355443681801383,-0.7522067192530514
-0.27969920162303513,1.823502878776969,0.5475683911235278
-0.511914932605331,0.6313264890969641,1.387476998292195
2.122877824072036,-0.8194882767182641,0.5373661931169246
-1.7409980143610235,-1.4004625067205345,-1.1162739194080653
2.625698636126409,1.7560487605637927,-2.4982493678789224
-2.5158314135873687,-0.5075497044631286,-1.3799660774277251
0.3119238157713992,-0.6318673179283504,-0.36101780376678105
3.9015474287941503,0.04309493560009182,0.20344089284363504
3.1508439050369708,-1.5740099675884163,-1.7619755864479614
2.55787324752721,-0.19748425752688523,0.12485570971582899
1.653748230818418,1.967683843558629,-0.8160385603766871
0.005328901537602727,0.9348508913361568,1.6539840688088023
-0.9924439578889421,-0.49698939192493263,-1.0627804307181872
-1.2533215663795614,-2.4565674254654626,-0.10692531726511792
0.997401676609483,-2.4557730582178166,-0.42863215331758947
0.4122373801860521,-1.5413530612416677,0.7407317154375128
-3.112824866586088,0.4126501038212285,-1.5752715603198248
-0.3562754944124322,1.5708880058446455,-0.6503714115464564
0.7367742391160537,0.32884188653246293,-2.06042640606554
0.23845413487084063,-2.0500352422547348,0.2114024665951116
-1.0395592689722204,-0.949855204338707,-0.6910178260753176
0.016914957680181898,0.518267249297858,-1.0894195693248838
0.9347045651309527,0.9491791960728381,-1.3382497626187866
-2.895177815812706,1.1156623190436203,-0.3668975181373704
-0.9408504858434182,0.5117435852848824,-1.4361873168710926
-2.5511015220295103,-0.5596771467481144,-0.5762793245816794
-0.6639661330589887,0.15292879457776984,0.4306377111758171
-2.0060687721801194,1.4047110413097224,1.0754698245905487
1.9970730606077682,-1.8956128021558276,-0.5793255228469757
-3.3802764677964325,0.29211211132817183,-1.32175001063582
1.4259934556422544,1.7045158411379406,0.9974742844284032
-1.8311335815875973,0.2169924247978234,1.1858279234039888
-1.5560249231874745,1.5412046799641328,-0.733592160422205
1.3773183030638712,-0.9329229316473675,-0.4817274658568121
-1.3765567840368467,-0.6613770054423781,1.1444488864595586
0.17519174738423424,1.9292707221621235,-3.0977107464888425
1.0158100973226976,0.8810687597457414,-0.09898438242091523
-0.39326417384167733,-1.0112375100646471,-0.33333933874498706
-0.20980703070286819,-0.8819440275615457,-0.12918321281741235
-0.8325782563320862,0.31186415014617974,0.639911056570967
0.5295981710141925,-0.7270379249677448,-2.0824611058287794
-0.7432122655655595,2.0803463419364023,-1.7363819803067928
0.8520047695003786,-1.7791744935623146,1.3793187527219173
3.33958604228458,0.0332826846665375,0.7500770375190028
-0.7106688798303135,1.07990041412705,0.21030315735424288
0.7552865863601692,0.43638117203920845,0.9546121121008675
1.039519916193713,0.49914989142121785,-1.4906340752253127
2.668706302429425,-0.9161311950204278,0.11007847346716666
-0.5335845064796603,-2.1979474749271235,-0.42185508844264324
2.050815276411918,-1.6342382647337996,-1.8827864878270322
-1.3699745970359247,-1.4733939201768056,-0.5984654932880376
2.655076667359328,-0.001558864769045908,0.3444853126385849
2.256921909458168,0.500650686896571,-0.2598177728218723
-4.113008801026895,0.2933583517897441,-2.0812643684736347
-1.6843725966205572,2.0937078953306547,0.3106587374362048
-2.3229705294287983,0.6898471702894178,-0.3850661124381218
-3.305995543972665,-0.09278077279841296,0.017093247646841756
-0.2662585343387694,-0.2626458897018961,1.3508360381275626
0.9531359926072906,-1.6973723275253514,0.002288577405338746
1.8539948032858857,-0.46203754043907574,0.9051728556894482
-1.2525079342600562,-2.144302864184569,-0.4132764237998002
-1.7103020338555683,0.8165192062906044,-1.8842899334663146
-2.5670630388169906,-0.7669923774528628,-1.3416505071887592
2.5986280197640435,0.27503358735788935,0.8403284469737304
-0.16917494946495232,-0.45677394045441905,-0.7128895524235545
0.030177772870699768,-1.5825206797534905,1.2601824468124556
-0.686251169446795,0.3196203695433362,0.39568794826348674
-2.477936116123653,-1.1668986371875207,1.6189710937399826
-1.095104745554257,-1.0289527636092526,0.6105293691065179
0.859963993778009,1.8862263760979703,-1.036110736729171
0.2794326483505924,-0.7713993325862711,-2.3726263027383756
2.1015070277661123,0.271960602728741,0.1003642813987976
2.6240339598144997,0.3740171108754359,-0.10738813712807438
-3.171327835573947,1.3535787830138666,0.7520926571981721
3.5052953329320564,0.8432311245121634,-0.7006526157454097
-0.21266518836085999,0.905721336620337,-0.4661650010523682
2.0478052129921616,-1.1956231503884511,-1.1190120728521622
-2.687075812335913,-1.0861070656377123,0.1019262255457412
-2.4691169500319683,1.0980675161531346,-0.5350963193636218
0.3191918840002792,2.2408736227029937,0.5432607014887156
0.3376250354219836,-2.3053715480629386,-0.05193756923148878
-2.8975266127341843,-2.069797968150163,0.8262562363882442
1.540376896227658,-0.999774886046734,-0.32090869360049495
2.8226696202017854,0.17885377276620287,-0.03429979264232963
-1.015798420231551,-1.2156980887691924,-0.12115445911579524
2.0152844789273012,0.26485521158745073,0.16342526486201117
3.1103454772214487,0.63936363432415,1.7815149029101678
1.16376355650942,1.0475108281907624,0.741199778830243
-1.147082671636781,-1.4989158196282837,-0.3676300730692658
-1.3534853269271159,-1.0016695342885633,2.9853879906677285
-0.04519018141719543,-1.4977729104859525,-1.108381726875713
1.9949172632467442,-1.4196424789008515,0.14419375574162127
-0.07895031264051303,0.9863863941380219,-0.5918639040116114
2.4262153429441704,-1.2492919898465782,-1.537931272680683
2.681475395020353,-0.14860848991426845,1.006398032777657
0.033126282458643685,-2.5544757429666247,0.35634594409013004
3.291937928239819,1.5963036969218256,0.5718559796802308
-0.4947539408970202,0.2625168799178627,0.5883607398763747
1.6228301011274633,-1.8076235568589842,0.41223204683787756
-0.8617136412590145,-0.7442269355550648,-0.5043781968024679
-2.623338089791579,-0.16055841338114032,0.4903299825066214
1.7694068768104543,-1.0634241313251034,-1.1578809461117887
-1.4399486606612766,-1.682252704522402,1.0303095167573597
-0.8833667204162017,-1.3371737229313123,-0.8471544838288667
1.8120836949726928,1.552384425110977,0.7874166548586086
-0.7278821883078216,-0.6923206018346966,-0.6267046450119069
0.5589274857247977,1.2613587270062554,1.0716523395208246
0.2603290170946939,-1.3560293923957478,-0.2079013416934997
1.6109304053380435,-0.12872263327302952,-0.11262009660617865
1.2531731684876006,-2.0177652926739746,-0.7016649000398463
-2.496777227444497,0.7261425615134292,-1.1639406948977564
0.3450429093371726,-3.1045640984010925,0.9673384505646394
-0.8651562322178616,-2.1658449785101253,0.525898499804433
-1.3420770475820214,1.6359168834811728,0.8921649061510895
-3.3242084889405445,-0.5974646085564517,-0.15134019684890254
2.8864962817327466,0.8655835470354722,1.5519198831259204
-0.7307546651911939,2.3187996408094746,-1.1118637908203404
-0.2903702890945007,-0.07929290943281275,2.3404794827191213
2.8094254144247626,0.5191943664502727,1.512057888178488
2.888883757977468,-0.20786297567568007,-0.4642629704703266
1.6460398511950942,2.3529138763336452,-1.3523463094681045
0.6911066375795506,0.8587624638713526,-0.6448749063410668
-0.33698591908810066,-0.72812475370037,0.02292897046189583
-3.108946711143829,-1.6336547034850657,2.028102720387853
1.1619608721095545,-2.3109477357988015,-1.2036171877950965
-2.311236050662766,-0.6946947183859842,2.5469527994503127
-0.5108345082679251,-0.2984731804738384,-0.7341577023992258
1.7867098563631738,-1.7329126468794394,-0.0030618726237282186
-0.9056226800685157,-0.15466244425363884,0.2599259523123692
-0.5609220042948156,-0.5885557378483381,-0.9189718633166161
2.3825978055662476,-1.1031614711118412,1.2931074646182876
-2.9646117171597193,-0.5770931288343611,0.4461878065594794
2.205015923501306,-1.6335557848287638,-0.6410738157691954
-1.4200621274709186,0.21448590220016722,0.950209206312884
3.456156154679051,0.16761744847594398,1.2922154625484872
-1.493108416020307,0.9083209058730993,0.4240688671908886
-1.9766619267536731,0.3369493840783303,-0.4833473059059653
-0.8117727334699831,0.2984213016624215,-1.131019106115234
-1.2552865516608314,-1.8882710163706864,0.1392048727686589
-1.0017794759612013,0.01895567694492959,0.5716877392920976
-2.21157428298442,-2.687318936259465,0.1344033474166312
2.109378304444505,0.10804330203680193,-0.24370210519683733
-4.498738093020785,-0.3970973060964255,-1.189876244050493
0.4272206733499364,1.0004040811961763,-1.6287537129393828
0.2749283183879454,0.8450694641320248,-0.5453818956991235
0.455468116100593,1.0561933460564223,-0.23401253117265575
0.43530304389748736,1.0096300575843484,-0.2559751811081224
-3.8136708320279573,-0.09851773801313851,-0.5887781309222898
0.5357257455240999,-1.3565942674778928,-0.4627266680346678
3.321602482396435,-0.13718323012973946,0.7748070682283025
0.10395352367381762,2.8763356932179542,0.21436602794041396
1.8080772276333372,-0.6200773375989793,-0.6774191615423698
-2.0701147097625183,0.8053934788935937,-1.384662326522859
-0.708779650157662,0.3087710998666244,0.27650006145825756
-0.14214134185879673,1.6093229405793779,1.4801909485746043
-3.407967241231759,-0.00995118097831751,-1.1013572188110414
3.617698222647217,-0.025876981121935795,0.47150832703430245
-1.946614640279809,2.0985940819967777,1.2319311584827919
1.762910340091668,1.5534112922769117,-1.4549574955102937
1.1932983361223606,1.3617430247214126,2.099659660393235
-0.048243745519642896,-0.6701977928753753,0.8068964671090059
2.8920535434326897,-0.17779936002171898,0.4368319754747894
0.8575864106709536,-0.9055224816736854,0.42577862148616463
-1.7074076102719142,-0.44575470116730054,-0.34012546093231016
-0.25830318964972404,0.5923488078781581,-0.34660660209008265
1.957632731412147,-2.208401192596108,1.2142088360195777
2.6900005315082147,-1.6018411334687304,-0.2899514260226604
0.0817625330090343,-0.46865379951874386,0.7393890711567442
0.34765714048672597,-0.6936723173484227,0.7406252111667178
0.3354991153756539,0.6727349764891273,-2.068979277055364
1.1820982908539917,0.2594554107992364,0.7630258776088025
-0.8270066257905908,0.1594066163784665,-1.3596065081634159
1.492764489304969,-0.8348640413334801,-1.727417463205776
-2.100347854259176,-1.1093048010815234,-0.7891417406340688
0.04738309739667135,-0.0399446630628448,-1.2189095775015804
1.4665101456777037,1.2014007173153831,2.167657324872366
-0.9857871824645111,-0.6743681406328756,-0.2757560678475697
-0.6765303755590487,-1.6299673290751682,0.21074969405501617
-3.900203668974104,0.6181786304318158,1.3561751981177024
0.3681111277590786,-2.2853831942327103,1.4604866560403398
1.3985173774987907,-0.7282246889602811,-0.06012177476977736
-0.2111987783638058,-0.7722576667992439,-0.47730844612973156
-1.251607198432758,-2.133071284723099,0.047444371420791984
0.49308422318880096,0.3746693266346809,1.5565972241926582
2.689846653056856,0.5178644990320257,1.3499450682654808
-1.5109339630655072,-1.7547487278877316,0.2849955400334496
3.6505610726156523,1.422450677253053,0.8511241707901039
-0.1432917296325623,0.93476035750942,0.6723472756900146
0.5590557062096645,0.6209590518046247,-1.9670295363844001
-1.2773589794149507,-1.1594619564459179,-1.1987714411219197
-4.701768874610606,0.777306866415777,-1.5729383091869933
0.6728172606218418,-0.6554316153333337,1.8478108834417737
-0.7607732094583364,-1.29753554708875,-0.6072958231404234
0.29919486406789186,1.0766667596057333,0.9267216300780452
-2.871235078795055,-1.5579975872296288,-0.9496464137899727
-3.2340405327657664,-1.597642679958326,-1.5721933522230316
-3.1048011751674935,-0.6175018826376906,-0.32535544444627557
0.5783941865742231,-1.3792975650588515,0.5616866962348197
0.36719705466720104,0.1121477198779405,0.5942056614030571
-0.17899628384267158,-1.4211705423494194,-0.23498555413286876
-2.4057739598001717,-1.8418470332934356,1.668897119234512
0.4987864409372811,-0.7621061380224184,-0.20816177663414842
0.1099174266345658,-0.5433191205703126,-1.5151716877137398
-0.25558514950869476,-1.382078726814135,-1.8207700770179895
-0.4521946965747348,-1.8889424288127261,-0.927912169928933
2.2209920729040276,1.3620685613986359,1.1986897007315018
-1.7812944794844936,-0.9342335064068437,1.3857685947674132
-0.2743371334356461,-0.2648485710555637,2.4196051673671377
0.043680286517803965,0.5786927610645568,-1.3448346542502416
-0.8640094275666101,0.601746539982822,-1.0520669177037654
-1.3912372636283377,1.1635182471488024,0.2848547072884284
2.822096004973613,-0.7412251885828036,-1.128743399329179
-0.0950597131079039,0.9017833631036117,-2.065547982502492
2.4462647041747188,-0.025300461326467454,-0.6775022642490769
1.7114576341603005,0.8103810872602872,-1.5334475867378812
-0.1987524475080977,0.9547287250206382,-0.8961436680921331
-1.8602520469759087,0.2272566580893155,-0.11629081966237428
-2.1612687440473075,-0.43455252276030437,-0.6967639029420187
3.468868107926317,0.9212624458558618,0.000116986171937446
3.4437903422779317,-0.7163400987301395,-0.7009819388586797
1.5770201573494862,0.041478123991961054,1.5299621346742291
0.3722412974520501,-0.17307753065882334,-0.3072157374317909
1.447191101564856,0.6502956281281834,1.4615413919717761
0.9974150128578549,-1.3797379428099112,1.2707257674162866
0.013635942018945935,-1.8866120078894522,-0.823068230231691
-0.5580441909699722,0.4713880239044371,1.8317173100905662
-0.030497402363190793,-0.16015535123118194,-1.7496002994477318
-1.0575091883941048,-0.023831958015169536,1.3617476206022405
1.792067459711796,0.9073987345665082,1.7133328649957928
2.3822281768616027,0.7616276338355517,1.756821514639056
0.45771589738908375,-1.2478344410469104,-0.832002057757723
-0.17023601618043313,2.1694354287775837,-0.823409678431073
1.4469728528676484,-1.5194020429362673,1.1829241595088276
0.7281064214966078,-0.79546649168158,0.909271655121897
1.9825352766245925,-1.2326981897436295,-0.22817643768370094
-3.002249291971019,1.191373628815687,1.9715510200843904
1.3815508461258903,0.8275383952647755,2.3633969617056523
1.4074179139637946,0.7050142287751365,-1.2613327658395206
-0.7141364283000567,-1.0738008868034234,0.4061834151816121
-3.4087517442616777,0.5295587513338994,1.429744859406883
1.7676631636512419,0.8722949429237081,1.0212894366191794
-2.311925894702107,0.07039253427710776,0.3610833468940584
-2.4667985961261207,1.4228582524980997,-0.566525497173654
-0.13151802279684133,-1.7218748921529936,0.3838955832989084
-0.8524223245566016,-0.5055273473453858,0.5344535282418488
-1.90576312443384,0.7054112167005422,-0.8539534865344933
-1.6485129339764402,1.3754027614756186,0.707237008369194
-3.558988778178086,1.6605566436876353,1.3095230677477019
1.4772677494952737,1.5814008146049343,0.8909090314839284
3.412370310907322,-0.627253695577101,0.8772256382047136
-2.396415102124788,-2.011408066597882,2.0611476599188068
-2.0035903939074444,0.7604893788926959,0.6493499360307342
2.2875405099451185,-1.3710581716110537,0.10638870262534024
-2.263341252961869,0.6945281043052651,-1.0214372109879606
-3.7811272938740847,0.24358168240013836,0.9798809477565649
1.9976750233385687,1.5939090326124792,1.4737619393778874
-2.0035903939074444,0.7604893788926959,0.6493499360307342
0.8841990692181784,-0.9535561461374094,0.8815414238160018
0.331531191299363,1.717397964867731,-1.0417722946116525
0.1955646823138565,1.4263308805334647,0.6273413629384922
-2.904556680769559,-0.8960607615844757,1.635400719446487
0.09973898335491553,-1.038968417630474,-1.13572130129715
-3.178420197058346,0.3443615572793983,-0.59777272233203
-1.211761176060114,-0.7165934809256393,-1.1645678074410846
-0.4767149271947181,-1.0711839800337792,-1.2796030717431555
2.180001359151933,0.840406403125157,0.6388137607393427
1.5797143125079385,1.6364287691814143,0.8001995060170389
-0.11173843162811944,-2.7546703610828396,0.8579373927759694
2.570881682058877,-0.637161140969178,-0.05477349552828852
-0.11640811740816542,0.5366723982976824,0.5730722673741477
0.2853682291069164,0.5956643258759177,-0.11316799499053382
3.2724224527463797,-0.3400182608665022,-1.9974298047941998
-2.1741436588386116,1.072958512662414,-0.6953963527439033
-0.9794847349414073,-0.9334725021561264,0.0170611538886776
0.27699218008024895,-0.2655161626684432,0.05548616278872528
-0.9041096403148939,0.7434176774053848,-1.300778491797089
0.014861538935487799,0.4348884693197606,0.7780587477515649
0.347281119212107,-1.3883236543832937,1.5475561368455113
-0.3686069969051182,1.051868315844441,-1.5106239575912788
0.8984613075957698,0.6975405715353712,-0.7984324721865009
-1.2466695193538004,2.555952254303262,-0.9655977276795532
-0.4777385110660408,1.6564469573369567,-0.11663352780028927
-0.41008404550696903,-1.6231717967182209,0.8955570507925029
1.4278889768313976,-1.3220498041088387,1.193630581783654
-3.07709008593982,-1.6019859203201015,-0.13785806156555178
1.2130580763986178,1.0935733675373664,-2.107130430619455
1.7982239584870314,0.9789919311560594,2.225554939424904
-2.895177815812706,1.1156623190436203,-0.3668975181373704
3.204314547326704,1.4659968164531731,0.621889299029579
-0.7892298565598378,-0.43070772729311463,-0.15930715629079162
2.50167606438674,-0.3642865165339842,0.0738493514645327
1.3709151422519625,-0.18956756462283994,0.752998977775999
-5.10118823292149,0.8302291556721488,-0.002316634828635861
0.044120778433527484,-1.074310179508876,-1.732682232472269
0.4236029838829072,-1.150032458731073,3.1861525749149067
1.3709151422519625,-0.18956756462283994,0.752998977775999
-0.5974301434023779,0.6095687725420459,-0.9820018248532238
-0.6661049658731623,0.6160828365347034,-0.7718619264868675
-2.0039936513423133,-1.2221536452870136,2.191132808126204
-0.037692963677848454,-0.7920954629687181,0.42862829534432195
-3.7555490745683544,0.4026126421343813,-0.8258955983075547
-0.7150215506646829,-1.2376462255262188,0.5483494965459422
0.9252949938150137,-0.6091421626051521,-0.7163316704864618
1.6862893521850317,1.7842560007648058,-0.5119105014724048
-2.6440370568584366,1.116683180279156,-2.129602877227908
-2.5108483119371177,-1.5338801039225647,0.02802559676720105
-1.233510397475659,1.963265082161311,-1.548143248130294
0.48066461239498653,-0.25358293861175923,1.0049154068164816
-5.193600897449106,1.3454528926670057,-1.9833063253542738
-0.19207078967982305,0.302897632222665,-2.0920815423473784
2.2900337143859857,-0.13546487257164186,0.1763129990312265
0.7153975705167487,-1.6997755622302726,-0.4646648157289836
-0.6474263635192735,-0.603749882560755,-0.4892211606880567
-2.1415648020428235,-1.6709303802385311,-0.31459440515690906
-0.25539895596911727,-0.1678054274300198,0.2404227590354695
2.008919424397185,0.5450896613606206,0.18630555073255478
-0.47081852170297406,0.8190582524896892,0.8281784565179944
1.94175843315967,-0.15137320713048988,2.270925439104674
-2.5636526484778566,0.802043432245512,0.23742086980976798
-0.6867636057774116,1.2570201588805079,0.12064811637307281
0.1979637246846405,1.2602250338393783,-2.1325736484552977
-2.4682364602367377,1.2735397828953614,2.5477236064532525
-3.052812615980772,0.3212699376146489,0.25847192222577997
0.9658922971437457,-1.6200803214518666,1.5847634070499068
-1.7628492206035762,-1.019045763904517,2.9548342915291417
-1.775481256360213,1.3608788806843943,1.4789202582012595
-2.9683915109693073,0.20814278261462535,1.5565655418641664
-0.01982571241140531,-0.1560622737907409,-0.8768434701224642
1.7405605920974296,0.16277839535226524,0.052424851168743535
-1.8587482623987646,0.25963458006877244,0.2995726733154746
-1.7147850410426861,0.4754218410573631,1.0196752040434227
0.9307466594251981,2.055868775105952,1.8238640039301652
-0.9984733143793948,0.8066549743060941,0.911293300465039
-2.5884610221044855,0.1878572957288294,0.6681928858514977
3.047098471316076,-0.6567908553430285,0.6222171902788883
-2.128127245862231,-0.9542966556514713,-1.6856553468660378
-2.354766164601275,0.11352300974385851,-0.7886761976265689
3.5205663232940414,-0.9307808222949837,-1.0579092012001714
3.2806794328885855,-0.758153379794026,-1.1240117898616278
1.6667684466179267,-0.4721187585386716,-1.0648178951696272
-0.12583487058670856,0.5112944568805369,-0.4676524703183328
1.8120028529185543,-0.22466775954644597,0.524617726963107
-3.734491810604911,-0.03842632302758521,1.9848863820644662
1.3507718843494048,0.06642292553641357,1.2745014786835152
1.1219022530602236,0.775750447610337,-0.275922677041708
-2.9269964768005696,1.4169322813010654,-1.17503899859854
0.046910178025867826,-0.5322857028458524,1.2859715293801475
3.1167955382352157,0.842267305533773,0.7138043470694408
-0.400335658005541,-0.011153642720934689,-1.5733864127506674
1.4909082845750934,0.9039844769170574,-1.6911988646196394
-0.15389017113422362,-0.8264011064940247,-1.3473743633616582
-1.0763988432891098,-2.3573144236974857,-0.623494906593764
-0.9522745352853523,-0.07821647770714968,2.3202539656393495
0.11216981417693858,0.8547470807259723,-1.4749894259731988
0.7753156499650835,-1.822985133150366,0.6929039581868176
-1.002132098588872,0.502625205431613,1.929432033726003
-1.4860341906106007,-1.821257478919756,0.2706335665627528
0.765989412822387,0.06044661782414475,-2.0049847640249108
-0.672075706183184,2.707647106602138,0.16695912282877162
1.383410863991314,1.2241372243231519,-0.5183734982213667
0.4706149882042047,-0.04181241308554942,-0.9444487511983054
-1.12707566947439,-0.5779036291816825,-1.827792417615304
-1.0351535463018737,-0.4389421917418393,0.4088067410257907
0.9425687448280605,2.0565104150126245,1.0610099828583701
-2.1334626629597593,1.3610190648985647,0.12203632194704109
3.8080436610853496,0.4118485834237671,-0.8973977920376536
-0.9744959026360022,-0.04168485814651696,0.1404318054253784
-0.0966522666755515,-0.45959007370903543,0.10285771072821441
-1.0877922471336094,-0.039317848298473526,-0.26785010727914244
-2.7188666729916635,0.2798267991439934,-0.3521543701700002
-0.8764243375368823,2.170133225815321,-1.7401355868861121
-1.959670187683315,1.137819601716956,0.3529351054499047
-0.1409292879063403,0.7787802010506689,0.5764066518405996
-0.8872744153966137,-1.6803138342694892,-0.5294957579318028
-0.31113608009970695,0.9327290506906233,-0.5927110645919746
-0.20784658761751723,0.8567715789214316,-0.4148119198686503
-1.301767679647199,-1.9411939488795158,1.1814727381319954
-1.5042516057563393,-0.30778011303909264,1.1054980641634278
-1.134693278908339,-0.5265317574898885,-0.7423842103819549
1.1787919554205382,1.7340473142116002,-1.1472861920098865
-0.36983361087559663,0.4098630731964631,3.0068484722359194
4.017634568379485,0.3982616497607018,-1.8866008423904932
-2.895177815812706,1.1156623190436203,-0.3668975181373704
3.4476778214253967,-0.8759984350504065,0.9334413798318253
-1.1431151324120878,0.7288540484527235,0.8842439320358957
1.3489896958117442,1.5580002998018878,-1.828136961526591
-0.3314073228417079,-0.0855785145771069,-2.365838523197705
1.605155568854761,1.169105519541465,-1.3744693415619003
-2.0948323919662846,1.6595110544087226,0.03669950584006362
-0.25455146082260804,0.4177933919343776,1.851541724592334
-0.7513080482993756,-2.346810080693838,1.5313804543863052
0.011826963297282653,-2.8498491246257713,1.6813364708334997
-4.138837520004674,1.4119540630385523,2.3256966560926946
-2.321697349982655,0.6707849011115067,-0.08888565130454743
1.5022753032736942,-1.2339299499979242,-0.7413138774904815
3.574092863088367,-1.2583793772779144,-0.9250922132306572
-1.742648641398482,-0.7238004136581863,-0.49914423603200836
2.208886159895016,0.4237775141665673,0.9806095734805957
0.2891457234954574,0.1727017838000228,2.9670737416382025
0.5161978648439736,-0.7388104588076573,1.4822252592875007
-0.42015951446406996,0.5772672273570164,-0.4154367238942119
-1.8576815399546258,-2.3196291835304623,-0.6219454708248301
-4.625796645729595,-1.0381862152837544,1.4223490456974448
-1.4672981239531484,-0.6492708040735625,1.2468548021939827
-1.826301125506987,2.1079832750759873,0.9909724497141827
0.05354783399421355,0.6830696561146136,1.8600473912979016
-0.17208782354185637,0.30159532399838546,0.6753407178389985
-0.1713768234930101,-1.1311318014719132,-0.020559644400176214
-0.2318265266402799,-0.21739597617071105,-0.9671878877582932
0.008797144563109335,-0.3643327124121681,2.958652049451548
-0.8169978090696068,1.8472666014740622,1.5922028793863465
-1.8268197380655653,1.672528927621036,-1.583363863541193
1.479599600558431,-0.8718079086222289,-1.2055918011292965
1.3180051004287208,-1.553397071361917,0.136811110181949
0.6964016709423214,-0.7023055771798756,1.2891711530942023
0.5101625792913904,0.0318795052490868,-1.9848029887744543
0.6090299791069413,1.7813974994154118,0.992164128400148
1.2194759833293678,2.0947027894511945,1.4749957676011103
-2.3683947404161323,-1.4317642537056974,0.13293971688513026
-1.4464414671315102,-0.26910454633046854,0.308346281856614
3.2007329159647315,1.3775927387899782,0.9376693520600407
0.09540672274237988,0.8136416967978837,1.592248386277746
0.12758967272336094,-1.0669957059056687,-0.11520166561006746
-1.6776868315518525,0.5181473251445098,1.67621847991323
-0.9985564890451262,-0.22946444335928454,2.6686657564801126
-1.442736860016544,1.7516869148642116,1.1677796524710433
-1.04522930852282,1.148957732893595,-2.0662956111841853
1.9450714093519739,-0.05002680397263049,-1.4143994769063326
-0.49809458207960133,-0.12572284449591514,0.19261583915013816
-0.442294827062464,2.3910916225179117,-0.5048444777565854
-0.8982535641303233,1.4002090342838054,1.0196359405134867
-3.599942331065111,-1.6938848942327887,-0.4520599905823783
-0.40717667578342415,-0.5308130056392782,2.567763693178799
2.7110723661286307,2.5154875956455762,-0.34189819774977
-0.02615703852652285,0.9389439238995491,-1.8513108174142159
0.9254149803321637,-0.6435088681493459,-1.0118850882702335
-3.229069477320609,0.8709890957242042,1.0168981178482661
-2.1483441536747807,-1.6020529501910787,-1.2392812659425692
-2.223975633273889,0.7538623982157681,0.6641564731627766
-0.9874562934725566,-0.7542383959842826,1.1687171915958032
0.6252131238776532,-0.5365328772732698,-0.4253021733511681
-1.6882295978843045,0.1882549538785999,0.32127009064234463
1.5922478351045495,-0.32666198433928806,-1.0640049370163278
1.9987048201994138,0.18624484259015808,1.6670133973118413
0.02851989720337512,-1.1935452946816087,0.637124054731295
-2.043864961118724,0.6307035706922905,1.1029775906436727
1.8911728037936357,-1.39940049163361,2.891046232244254
-3.585991380569747,-1.5430269023678624,1.4789541537785478
0.6138828627962232,-0.5247700388428942,-0.661014623353366
0.07257102570365505,-0.3700959937496951,-0.10401340973915006
-1.1504381619251236,-0.7432372813355204,0.8384228515686483
-1.4516348595943114,-1.5074319244065468,-1.268797242288615
0.542428095149486,-1.3829092141077444,-1.3356962518045625
-0.130050244846976,-1.484274691457341,0.303713519910115
-0.013338054085835665,-0.3216097168341723,-1.191413670744169
-1.7535864436130562,0.5986221289526604,-0.8572621916961449
-0.6778753228926616,-0.5933105094105428,1.4499370590478884
0.06943223548866631,-1.4811448869826205,1.130290339388818
-1.235612307449599,-0.7444188946324929,0.20964670117170206
-1.4966744284468776,0.6220388060998215,1.309394016829201
-3.0424811822392575,-1.516547967003081,-0.49601409127016816
-4.885708343226766,1.1192241004960435,0.11021323023897382
0.46430506415939515,-0.6392462378623675,-0.006538072669684124
-0.8959967162022124,0.13023494656828924,-0.9186233989191075
-0.20145653485524012,0.13284338853593552,2.572513101637777
1.01506308493544,1.62009091069492,1.7175495341751585
2.202230605329864,0.1589101249055211,-0.32958011650341895
-2.656595336547555,2.1595436497058604,0.2042782907808233
2.5577079846684083,1.3455756573522342,1.0742004953675892
-0.8071561340398178,-0.13858516373321836,1.1519563416413356
0.4288886133892238,1.2248924863635462,0.045754324730117465
2.73944556849031,-0.5863404471786468,0.8464493161453044
1.4333241795345135,1.008896791052328,1.9216080870394237
0.040501250870578875,0.025357538608244967,-0.7171158749966414
0.5107959064148602,-1.13262753737209,-0.7728810272463101
0.7235525909671547,0.014895725188395126,0.9278163217998319
0.793875229745233,-0.19201134934325892,1.0999601204669651
-0.09379879283763148,1.5553839535863936,-0.8771579657757201
0.2500275328187339,-0.045903214331719074,0.5201297756339857
0.4765750709487796,1.0234367858410665,1.3375456839087212
0.9005038077380696,0.8300059031441399,0.1018338734935355
0.955506391977429,1.9854262307303556,-0.13074725447220273
-0.2628018248737055,1.4351179833418393,-1.4309676491004397
0.23359192788497185,1.513738081130574,-1.4403629253239632
1.3912216027449686,0.8417369075664469,-2.2194867034568513
-1.6016478341879938,-0.029531325935674046,0.3619500373399908
1.15468489649229,1.7876951442988342,0.6026471540078653
-3.386606724929498,-0.3967965371591344,0.989014401392241
-1.1338939992390464,0.25618881936893106,0.564129321285709
-0.6163390563154543,-0.7776846664930409,0.252971896178748
-0.03957461721888451,0.16325460292806218,0.9639587560450488
0.8242186254509383,1.0610924107188313,1.2902559013913097
0.40951786521880545,0.46723523424801117,-1.3746672639037012
-2.1762851166231676,1.1399437379298112,0.0704008444886418
0.6870008226010436,1.253195780189796,-0.012220693685816035
3.1239767366872164,-0.5052419611629737,2.1912538693063865
0.6548115048074546,-0.2005983901031077,0.903770128292337
1.422869366341771,2.7298841461562247,-0.4240486651850716
-1.0449267241446845,1.1773122350346688,1.1946547449116838
1.361598917362375,0.03474228219110376,2.637421593987646
0.640916911345849,2.352607495835129,0.04941131982163435
-4.046032627885267,-2.1190820812681763,-0.27744446140714546
-2.155012535957437,2.9994407926905433,0.8131812429794287
-0.9971800442607851,-1.3961011530705743,-0.029191277905052913
-0.9584832937132808,-1.4126227632153734,-0.8630107832899677
-0.11645121515443617,-0.5013660886180702,0.6316846762237921
0.5573793432977605,-0.13860736937671067,-0.10022500817063554
-0.32465337857298143,-0.8811900610729951,1.9032848083841296
2.4210818158085714,-0.09452204055728591,0.7363233567737225
1.8684212823140998,-0.2937515717844616,0.657289564645814
0.0018451340028290905,0.5115200348461213,1.2222782032971646
3.184945622240239,-0.6522090445679646,0.42829880714852897
0.396951177917407,0.5804065020935325,2.5284979612439145
1.7540393325129437,0.6979418863315381,0.12112934218579065
-0.6667180702581768,2.349538834217541,-0.6273473693521217
-1.0640096348750234,-0.2754664615540626,0.14153540590341704
2.9061395728242307,0.47384285899660944,0.42724604161093543
2.5671001507778537,1.2663025252103972,1.2842111836900858
1.2689506378790338,-0.9023561889684331,-0.8689367227618694
0.16089055832053883,-2.608781671082088,0.3422886226973554
0.12406405887203721,2.0951865251463864,-1.1341454352435216
1.2974524030594072,-0.3347334544407024,-0.767223972076838
-1.138755922488087,1.4504698874679731,0.18686165032840474
-0.14585295694720693,0.37377492940373325,-1.419282900148019
1.3089014689868088,-1.6965651093154508,-1.2571257759797205
-2.9050024363515567,-1.3284617306729138,0.4870034212117742
1.076266302796236,0.4545913053118808,-0.8213661607687365
0.8458983175708676,-0.2826438939263832,-0.592347065671077
-0.22051797875960394,0.7315826418309997,-0.3935630459901498
-3.0179445635650515,1.4650930074007575,-0.4753495114936122
-1.1074981550936978,0.6719808722636255,-0.5750816273142928
4.077130291091306,-0.8800635357776446,0.737683236133254
-0.44641038233073904,-1.4388613887631745,-1.3486356548612686
-0.022960564125770765,0.6710622430786378,-0.9438600560281132
-0.09189648918778244,-0.09882196195731506,-0.3750676162306121
-0.47046888824698885,-0.1955131318767589,0.22750410935233314
-0.6287952953077458,-0.16990018984885377,0.8812545036218149
-1.3571663331049928,1.0478517352978285,0.9866467651423096
-1.725323106300767,1.2817140468136012,1.3954655139590104
-0.7758130577877718,-0.743927839347946,-0.0018228083097484781
-0.3113458913797316,0.8188089701254172,0.5577761568518304
0.3292753423018215,-0.21020737016166455,0.8115738943794678
-1.87460099458931,-0.8659087972053867,-0.4280568841688508
0.6482290682774913,-1.025217545677363,3.1260140276466517
-2.214712717596978,0.5201284580138044,-0.09660837305193085
1.6479215057564913,0.7815317090092266,-1.6727303414520789
-2.691188853938688,2.1170664890006003,-1.052161437552106
-0.7074142724760218,-0.5866655380730212,0.6600724051093625
0.126679682611348,0.02934058259881471,-0.8461561045968117
1.0674372029988806,0.24304739743046264,-0.3348382721847041
-2.2322837928464008,0.9903082586149072,1.3817419557572743
0.4473184816437505,0.9323842600793008,0.734881232358949
0.8818479765716442,-0.1322671082580816,-0.41743251538965065
-0.19363065376662575,2.0685214816030775,0.6294276266348359
0.9148181644255688,0.24978485467272246,-0.5274394878917045
0.03696064329262765,-1.3415614505349394,-0.5287961895266812
-0.8854513777414349,0.19755618342059839,0.6247759800805405
-2.286925843025882,-1.6932601610207014,-0.24434241351111152
0.030168136921617045,0.08245128056999611,0.6185403884402451
-1.2574670441650433,0.6032613633946694,-0.08117506733898823
-0.07303099578597984,0.5000943834171158,0.20649363707861107
0.12467081220912954,1.476930629651149,-0.9143330782987373
-1.2914776219739876,-0.6588914335706928,-0.5625706787014271
-0.0487217956948666,-0.14059556458843253,0.14659185639082736
1.1724195168861353,-0.016951803092978245,-0.17456169590644427
0.07714915880673527,-0.45841067711447414,-1.5522539982400618
-2.248427146309754,-2.9801521939460436,0.570487765263211
-0.06280000069432638,2.078146733086557,-1.115995921600263
-4.533890246397795,0.6757797838960775,-1.3477746885889546
-0.35342859497742213,0.901476755824644,0.4750591175924468
0.44676811485912354,-0.10420311299301391,1.0895124563302714
-3.7336745589420706,3.7922273181324626,0.30919231347138026
-0.49394381328017317,-1.3086270150638386,0.14535636783505818
-0.5904484788930134,1.1854945219405844,0.3708363898077128
-1.2462589455567452,-2.1883709364056454,-0.2814188630610905
0.38761936840870576,0.6145806444826784,0.8759034796620737
-2.8710268350788,-0.893667286195579,-0.44021798772695
-2.265015229392886,1.3484905197049337,-0.08100803823036885
-0.2157993941278234,1.5998888568181486,0.606534728436592
-1.3947313088555569,1.522897875589938,0.3263744097372087
2.503511500675258,-1.7204622273061403,-1.7870338920623157
2.9553972926850944,1.1516878653664382,-1.5146477697900331
3.104750483783669,0.8909857850680554,-1.991016456625748
1.809023299687695,-0.8149484015141032,-0.417247478882928
-2.63022454274777,-0.10607033924174872,-2.058234572058893
-2.8835447635803586,-0.11875810057387938,0.021469336279171893
-1.9369418228206536,-0.2546096899060682,-0.6875372946040305
0.6777456880382837,0.3279564038788836,-0.2585813494106957
-2.395763470507137,-1.3606343673870362,-1.9849551919278543
0.3921694970323591,0.1669161990650811,-0.2694414308075178
-1.3284000283796078,-0.34468084147356,-0.9306889581127796
4.888361224964736,-2.447999366295907,-1.7268038853801462
-1.3608613641555993,-1.2348511943588523,-1.881754435565566
-4.036817675677557,-1.5911418441613627,-1.0816712662411763
-1.511799475431285,-1.0433139669995743,-0.2439209119541432
0.009183476934285914,-2.284351952691379,-1.0728303283466936
-1.7279556659869442,2.232852301056204,0.181031569092352
-2.5735040466597487,-1.76186447114099,-0.2449249004182738
-3.352227161323907,-2.497922815357545,-0.48605670882425434
2.387125736243441,0.6283433278533817,-2.671368594900465
-2.6717814012406453,-2.1745770877875543,1.4854348803233688
-0.8810022075767532,-0.313307553133216,0.4412590540993186
-1.2822284820252619,0.5367251656865998,-0.47262244234705125
-0.9490513701743146,-1.7380474822760363,-1.5809767450950196
-2.3229137530157455,-1.0895574738712799,-0.36072098426209176
3.157905518180398,-0.8277567474439648,-1.5220699044025208
-6.103059059559427,-0.4703672064503632,-1.4021955516607594
2.0300056640718718,-1.1637274318705169,-1.398921818512381
-4.047365713823831,0.05115893573209019,-1.6232022238316681
-1.5100807240541874,-1.163822385343075,-0.4856127160469825
0.9995607485661712,-0.7757914365543924,-1.8003895631658684
0.5176415634908391,-1.3993262650463725,-1.621426573545247
-2.129409888555519,0.2120894238399,-0.5947953535308361
-2.9138541156130944,0.39057812018502375,-1.280252178599319
-1.9413049829672842,-1.7386837989061468,-1.0293956358197305
-0.8130383736315607,-1.065589367222308,-1.935507088256831
-1.0975985062369609,-0.8555430227166182,-0.5020819912118918
-0.7593197024439039,-0.4038222923551036,-1.5661415556927025
-3.4551952823811023,-2.337124678037423,0.8690264551399498
-3.6825214450362647,-2.3841877397372313,-0.45558769468216
-4.396007895848706,-0.5105034598327535,-1.1574661117240452
0.9614866406907051,-2.013898056572249,-1.368126381262606
-4.13634803755694,-1.267747274852152,0.6545565530345693
5.921632834986572,-1.581546365716028,-1.3760585309379396
-2.4707512224487447,0.5814255856979799,-2.6088156594206042
-2.2204712539526605,-0.9367209695915962,-1.7582810903325197
-2.076041042277796,-1.1707486648479135,0.6907271131313107
0.6684758373488263,-1.1248029734398315,-1.6321402588822365
5.984299053309855,-1.5897532715677734,-1.4295550471469654
-3.4987790193316726,-1.663031619742773,0.10060216135746662
-0.8033263786462229,-0.2060785734359719,0.7104792152941338
0.8839866510110916,-1.8237031833706647,-1.2682668305762819
-1.02853651170434,-1.5596922826063069,-0.7667631954155084
-0.8018211428510423,-2.9091756504682293,0.9582273936061323
0.8805929695209835,1.5675848466403985,1.1275073236436353
-4.061741871734796,-1.431302296186962,-0.5568411830721597
-2.5708064182323103,0.09218983027469721,-2.502218032912156
-0.3834049762316894,-0.6499959753223014,-1.8949822689011202
0.8562984934778444,-2.3280675204982737,-1.2147058999520584
-2.2223170091151,0.643717148826108,-2.475723320365994
1.3004750438087258,-0.8948235886238795,-1.3873140569097158
-1.1983203291425062,-0.2143354421901014,-1.5928019677786613
2.347092613662775,-2.4488802409671875,-1.012719856660401
-2.847919504099146,0.15907757123167257,-1.6862669861766872
-0.35605336367914303,-1.0334218301259335,0.08238454080201253
-3.222392145102992,-1.9162179473398306,-0.5863734462799853
1.7355319467456225,-2.0414828485944856,-0.8674366018081803
0.6894778853772506,-0.010257685590217473,-0.09272469035891037
0.27870430291694026,-0.6856963979541442,-1.4348187782662365
-1.0643432472297885,-0.015309127725687391,-3.003987825371558
2.406869084123318,1.1431295691335708,-1.6497586245098594
-3.959933338291302,1.106812156492746,-2.16668186624168
-4.485305654693977,0.03897748806756363,0.05056010930633993
-3.4850728184297552,0.46890602819163313,0.16950890589596218
0.5664543958403531,-1.7569630132960723,-1.0737609927995022
-0.9152975346208914,-1.804123542831793,0.3182355246009774
-2.119779897652012,0.18353961968034843,-0.1646881517026558
-4.470156482043844,-1.3625420505312134,-0.664195551271987
0.9748264704938454,-1.302528796699937,0.564796747567773
-1.1909527001861893,-1.4141452835662007,-1.4514796751706927
-2.198093125819866,-0.5800609435975077,0.19052401158165988
-1.7189268141986582,0.7432887725702197,-0.7568889282299384
-1.6063811299695947,-1.783705716853576,-1.1082015152688383
-4.7090796105025765,0.9070314854244772,-2.2947209133293742
0.5267994002299953,-2.153183081990642,-0.4840171298377672
1.6110338313838628,-1.2299747899024531,-1.4820139085173665
-1.1818100622918195,-1.7658768691461195,0.9002736903974192
-2.0118026861049336,-2.495384651242293,-0.09650650217825535
-1.0651217721676165,-0.9051055050790034,-1.5413661158630925
-1.8748590893083417,-1.1832414636440576,-1.7588536476011098
-2.434983858057639,-0.7078313100502719,-0.6404590692283728
1.227553460839442,2.2503916175725642,1.030427072893322
0.8655796937450566,-1.1137936150942414,-1.7716027599222846
2.461870142468804,-1.8840040465292576,-0.8727773478901374
1.9715865204051397,1.3149357752033213,0.5715644189760328
1.602504325914671,-0.1107406411672458,-2.560540811513035
-1.7203754967746723,-0.27617518843151573,-0.4399218864453624
1.8111239483050152,0.8138343270407561,-2.126414152220897
-4.31250202640743,0.09967509657819484,-0.15006712458387
-2.3076803673494175,0.3865458253307288,-3.123936211298725
-0.9024657551557839,-2.898548949781675,0.9506135263139126
-1.2448258969375183,1.7725198668821078,-1.3139109480089894
-0.5308795969346779,-0.9531413371688948,-0.3714135582307768
2.776052033002061,-0.26470684105740233,-1.6328217822893132
-1.0876481533258233,2.0964133247400065,0.7666079194363218
-2.5520024934839776,-1.0783684975031835,0.19427728653499293
0.6749215439521694,-3.0663669184105236,-0.869447802184946
-1.3581189052499376,-1.9457118281772703,-0.6715934646960466
-3.5482417802859487,-1.4934974135183996,2.530108284631877
-2.4197289589671516,-1.6274275703084202,-0.8007870649586761
-2.648039760368201,1.930553698246311,-2.494840002993381
-0.6826224934276084,-0.32348635688107896,-0.622579301866047
-5.645655729457191,-0.5543895316218845,-1.676165644633925
1.4386149012767617,-1.0192540606043132,-1.9527490238163931
2.093365917838485,-1.6994029142899416,-1.7936230839004317
-1.9537561830477077,0.7259194470499631,1.727953343494548
-0.8124926375982924,-2.175376810318337,1.0440167100300741
-1.7462583734844856,-1.967572815412826,-0.3990027548300824
-2.6231713975764315,-2.4231503234024063,-0.3007221012648947
-3.321043113766602,-0.1484244235963988,-1.2152449870236834
-0.21721380388275052,0.783616820221349,-1.3988734942251868
1.631804147104227,0.29186572209136286,-2.8148569954380154
-2.1427950985256383,1.6189282250434196,-1.1107487264967029
0.8298634689660713,-1.2560695456197863,-0.6976080224557819
0.5768778172737119,-1.1980534334876711,-1.4210749233277893
-1.7910703985957084,-1.0835307060267443,-1.5413131255783457
-7.6563682190243085,0.7582078960227355,-0.2549419847319244
-2.8484687878638786,-1.3819898450466823,-1.246898287262908
-0.07157535030330256,-0.7489988432601519,-1.93978521564759
-0.007313848860009856,1.37874781845728,0.04574515069696955
-2.3311983250556567,-0.23212666943074436,-2.0665157128669254
-3.6864145447063983,-1.6713298999166484,-0.6658267445798925
-1.286033357992126,-1.9909000000327268,0.5920574192369441
-2.0056368634874344,-0.5701903079469397,0.37712274873661555
-1.7086520554457933,-1.200464286077109,-1.1561173649285823
-0.30214321314949877,-1.9121972014456736,-0.6049009348675326
2.1754373897456625,-0.575513611183118,-0.6540836815396565
-0.8566548806261162,-1.2089790211870075,-0.32031097883202797
-2.117779905267009,-0.42468894795681905,-0.7876631557464192
-0.7147637150151521,0.2616435342872066,1.7346289297294524
-5.104192316158666,-0.5738336624421351,-2.086327143991246
-4.799952033643387,-2.329454166929269,1.8161163767558395
-3.906501239699673,-2.015562117874839,-0.26831445501218226
0.9932185668438641,-1.2834537527568324,-0.1829679709704094
-2.412120524002346,-1.097686097586753,-1.216893974795627
1.2158928097591808,2.3223990807589017,-0.4759446850862991
-3.042218039268636,2.8063193989876978,-0.26372854084209635
-0.541641393027086,0.022601551407861006,-0.9674338465581843
0.9679165028702263,2.118792845985524,-1.7833132977154322
-1.2200617508180913,1.049298389517721,0.5989770479810781
2.28222174418978,0.602090359249081,0.18539596529885152
-0.5537864005896982,-0.3753449604839774,-0.5417079792809941
2.986503890611356,-0.3709092118731648,-1.095220754213618
2.1502754004672573,0.3215791961929062,-0.764737831102805
-1.3529528535640245,-1.8488778164510395,-1.1910251327767014
0.06835214888154509,0.5797128335399361,-1.9654326806282754
3.6014232658137355,-0.04127477714885678,0.24367771480583977
1.4940402072065182,1.2569142953351045,1.9470055663367638
0.03620677227949262,0.9876500433352806,0.7017933748093138
-0.2887748512130967,0.47091939628773655,1.4281001943285911
1.664896103133074,-0.7885529594312394,-0.41136163746124965
1.744111382020607,0.3303739906761559,-2.748646532521148
-1.4207194452948941,-1.1388262357245804,1.1040608836692472
1.3485109673510816,0.6409293033237793,-0.9635288581705307
1.763382847546112,1.7848969688505396,0.32596642213860777
-2.231118402483843,0.038418572973250686,-0.6871655582498076
-2.431094865191437,-1.2053736630496887,0.21553480591373797
1.1867737296566274,0.19034854284790087,1.380160808449921
0.4692744106920996,-0.9329976535092064,1.01866089897559
-0.627543259681726,0.9499557169499918,0.04189151082403231
-0.2714258316369002,0.09478105711388612,0.01921077861374717
0.939444595464588,-0.2336301806324734,0.34262586176409876
-3.988880022913929,-0.7335867148568863,-2.1827940380456337
-0.8391254156954355,0.3600191596246817,-0.846632081117407
-0.5347374706655104,-0.5348972655422434,-0.024331084631622774
-0.4971111412106939,-2.019762438510223,0.20660324962694082
-0.9272057734753125,-1.1272835188725994,-0.737199833666501
-0.4406289423696681,-0.6280531813905464,0.8308618183092205
-1.2434745158633405,-3.4536564981296065,-0.0157788938925018
-0.2121550597030838,0.36085697462449334,0.04629739613146205
-2.2297828797860513,0.061651283072017754,-1.7732782709812622
-0.2518316502528657,-0.612066488932392,-0.15047425484554386
2.0791240878087747,-0.020033728215183698,-0.5593599775212338
1.764931209861908,0.9080851897609602,-0.3190454801510881
-1.0675025694368439,1.8181255089256483,-0.836758198664208
3.7178072289782125,0.42956262452974486,-0.37838864549740253
-1.6439817727289496,0.4186156168744057,-2.2015548751123886
1.4880004243713012,0.33101060994087644,0.6540121452808496
-1.5632566630146234,-1.1508409337289502,1.6924183529453372
0.14159691862362755,-0.19628461179082052,0.6229902529033945
-0.27070893941077784,1.3160723695861793,-0.49333464961712203
3.1941468833992555,0.541533308369155,-0.23737890827905453
0.06374144356788111,-0.10300919377905499,-0.9955163812837577
1.5970874816011464,0.8527054740162323,-2.00085077695005
1.3323277481423268,0.7726843662195411,0.7846553860854195
2.1661370085352623,0.8271790401491663,1.7367999847258373
1.5970874816011464,0.8527054740162323,-2.00085077695005
-1.935955302752252,1.5408516349527512,0.46401636740668073
-2.7764444622105264,-0.8282881124149112,-0.23033679007426408
-2.785459442752776,0.9455757725844094,1.2660824768771215
-0.7332060308889351,-0.7837560553337688,-0.9721495523303926
0.26234021692363235,2.398612960602536,0.41801461526648426
-0.2929100536277017,-0.16182244486952474,-0.8094672626316205
0.6063953414647145,1.0877228903108236,1.3246363894064521
-1.4193007995043574,-0.6230737223588322,0.29491078869671356
0.3607287564244302,0.3740647206003605,-0.11101638236041554
-0.12385863742725724,1.386742946655221,-0.07509688170532995
-2.1241373798355756,-1.9203015218945723,-0.07884961684829728
-2.97800946739205,1.0999903734945113,-1.9285422386113895
-2.8156326355666015,0.8795954510672196,-1.5989394932187269
0.3688618318359629,-2.1267880562022166,-0.35543760162718424
-1.7710932143259446,-1.658458850159616,-0.6856133635303271
1.1022725816637804,1.0338110865618069,-0.9843817268649337
1.2125616318518693,0.3582513892976495,0.018677609207170362
-1.4227601453843441,2.6158963684945666,-0.3425264923950342
-1.9291270803549447,2.4996502193852725,-0.527705928150385
1.0870807887835876,-0.8858082202994543,-0.46903627605195153
-1.9780526196498276,-0.1023831943397755,0.9827337337062747
1.0933414730613102,-1.1416101090753792,-0.15681281463538563
0.48474258109205937,0.3525472269183887,0.6454897038267113
-2.7288108085702665,0.7840202447069401,-1.7943916664869324
-0.5526059848514422,1.4908497605084214,-1.2953907449041029
0.9072143841223791,-1.4790632945051632,0.08215893603747332
-1.431176681324327,-0.20444175407342985,0.9557048011537306
-0.332760799094278,-0.16871119398268852,-0.6908233184367287
0.6202426917642655,-0.9561863348942808,1.5189385779991293
-1.2581561646810395,-1.1523830531098878,-0.7530215217297667
-1.1722269672158332,-1.9060767853633607,-0.46964272792716616
-0.23216972906897432,-0.6449090277471126,1.205556585940668
-1.1452287443362195,1.0506125960304296,-0.518419051626201
1.73027905652197,0.4290080379030712,-0.2311234555996959
4.045132988335797,-0.7109706030339605,0.6808038160723082
-1.3519130683783878,-1.0607657337743805,1.648515110403802
-2.3583689679831292,-1.5960452530163676,0.3212355054412868
0.34795617318801764,0.3628890511433786,0.42651087926080977
0.03079919941255089,-1.0085570286412715,-1.573923247430679
0.2922608094714331,1.2035743730625383,1.8307991106624455
-4.603661602564464,1.4807772194269857,1.3032919621670769
-0.5705354817153828,-0.7423674138423553,2.8924216418634185
-1.0248944069085972,2.3949713730179205,0.5654597454803526
-1.1216286772117083,-0.07965016371518698,-0.12886764517085625
-2.1015985246205418,-0.3710851519703342,1.502587446032911
0.9596535479047592,-0.5422668916285192,0.7407066113616224
-1.730661096617414,1.070046533524065,-2.1657471518919067
-0.9533813396336283,-0.10961635675946801,1.0269303685453839
2.46799837888102,2.5584843760501768,0.6040855038648182
-0.6565637314451278,-0.9759475885710013,0.4539791065754594
3.632931986992325,-0.9879885301730513,-1.7174550689709185
2.3296005254253647,-0.08561120912752519,0.2715384799244036
3.394722355732068,-0.07587800796900107,2.0084050384914187
2.1641368263304006,-3.961016802770093,0.6038954887856732
-0.7493352778770378,-1.288942550707278,-0.5222433881821762
-0.08938263358542153,1.9097850912101624,1.1244002214043085
-3.326438152340157,-0.6157012013872527,-0.6837212503230697
-3.2588860585310546,-0.9367982282027212,-0.6406672883849398
0.7556884120402704,-0.41024908192624576,-0.9078372308086445
1.7741106170265797,-0.43307645759882774,-1.068732617655098
-2.414041057416568,1.3587051944362294,-1.4832402428911127
0.21421485639033322,-2.0400314480313484,0.5279373855905874
1.5175383894752486,0.9759991820866264,0.2807636926652178
-0.20491679676721788,0.5600279270312866,1.891943996943655
-1.5546909158168798,-1.3521254880252813,0.313111494520537
1.2075718589463333,-1.7708879146984466,1.1272992714307302
-1.3243838530218126,1.4223299242384377,0.26889315539034625
1.8451238787006699,-0.6031562816726127,1.1797735608183622
-3.142767301265364,-1.5147354244825346,-0.1642625063743917
1.0071627125243416,-0.2732478276695775,-1.289820635006693
1.5248595679994654,0.7161698398725116,0.37247083681408
-0.7912141579578635,-0.5281636091183552,1.596988771422714
-0.6526336102017235,0.7914473576198221,1.3574702174880786
2.726362436050214,-0.21325518442714517,0.5568032521853259
-0.5055301267913765,-0.4700494058263616,-0.48893828480026025
-0.8803922267376821,1.4872261663241702,0.3963109329936981
-0.6860819908012618,-2.7072234226260106,0.8855046349123765
-1.2857635718057843,-1.8159252759103062,0.6193575660543159
-1.5546909158168798,-1.3521254880252813,0.313111494520537
3.0238526653855997,-0.10622657744637823,0.008008106170245256
-2.244483163754579,-2.900250140998207,0.2407132771195293
1.160497404016161,0.6729679787988984,0.9605750118943087
0.5784352982842611,0.5314555242155776,-0.5859225523886684
-3.3504348896941494,0.7499333576124597,1.9988123618315858
0.7030899661245454,0.18959906653132577,2.1132945561958465
0.8648629721560642,0.9958279225058944,-1.325806130092432
-0.5624321997782274,-0.6019680992595635,-1.4281109276482182
-3.23977880007815,1.6677603653616737,0.3885817705632424
-3.4299336350041516,1.4752151265618694,0.4882092855794107
2.005322786665891,-2.9369646015166513,-1.3280417911611149
1.6005369361150912,1.4059526814612684,0.23161665343017024
-0.7656918863706627,-1.2761864303872623,-0.7531911181862864
-1.7789724696290956,-0.6977608591002209,-0.8148128129612797
2.8483282427259025,0.9772608281653548,1.4269788184646977
-0.5913530673702415,0.5374367635066559,-1.4925330669069754
-0.7789244809312853,-0.4891772549737315,-0.9802513231807073
0.4039853551388266,0.8215140328281744,1.5218081011396434
-1.3180195751158785,-1.5477019774060183,-0.4386609913815158
1.177050818348634,-1.9460684759989302,-0.5125123796139207
1.9722150428051215,-1.2903283361789932,-1.900141324268168
-0.6767341102359332,-0.6039016827260139,2.672067959652129
-0.21658667163400017,1.2974562572618298,-0.7395392192929523
-1.6490414969048832,-0.8257288972012408,0.9274729778967575
-4.428378617924669,1.5535273192840773,0.34880966604276586
1.252288195457679,-0.4497278852106045,1.3131572698386311
-1.7789724696290956,-0.6977608591002209,-0.8148128129612797
-0.05034289752117595,-0.46109313368442423,-1.615470157488892
4.059785264078324,-0.1706852447995446,-1.2364875922742737
-3.3781221802260264,0.8857235283641309,-2.804653220090075
1.5290003520602524,0.3966881180236835,-0.2723632922070867
-0.21987664027785286,-1.431966716580676,-1.2931643195478286
1.5043791808110059,-1.0132458231474735,-1.0631191922492678
-0.6274644721072511,0.11724563331102864,-2.0060006134648734
2.0813705635925825,-2.038707888054669,-0.4755373825762667
2.2637045800258613,-1.5022255534367535,-0.9720403851970004
1.631952559370143,-1.5150257366391264,-1.2415894818338642
-1.9802106230923504,1.9387728819176757,1.2003020349636797
-2.5952371597351562,-0.1734847822105206,1.2707610868057087
0.4961562722549253,-0.32441554735545775,0.5013351443110022
1.8898938816949535,0.34545105714859525,-0.015830006966092085
1.1950459093709505,-0.7104644198567241,-1.8224864780979515
-1.1861032288880964,0.7098874160771571,-0.5877614395052505
1.5708586698123934,-0.6194430830233574,-0.17898036955617516
-2.899183715675839,-1.2974295953722716,-1.2910400590374635
3.865771612829087,-0.26601411804569525,0.7178556913088547
1.573235452746723,-1.9382473407729688,-1.152933139130538
-1.0394755079964526,-0.8709864220861304,-0.8163867247858712
-2.4813830272183166,0.22383862678450045,-0.4225251693224457
-3.0495229626829583,2.4026607993064824,-0.7576566982689315
-0.050886628603522596,-0.9687202434684118,-1.2941636059516148
-1.5551621157027664,-0.18821820435808878,-0.10174042991416828
3.4104863146219704,-0.32821132330161273,0.6256696603294208
-4.743645956137539,-0.547131117216126,-0.9096910800937393
-1.9368387543125867,0.2326860254080101,-0.04107224128785494
-1.8474026883369523,0.18635016517119035,-1.5879166766857025
0.661960153202242,0.8292814878766417,1.3194766852374402
0.7507770750804726,2.744331026466747,-0.7735606153850685
2.006088285367708,0.7759781148789873,1.477509528335626
3.487675285911412,-0.493170224866447,-0.3252383453250065
-5.253694631927598,1.0560907324731332,0.008546008830779042
-1.0217928191335683,-1.6516271794030537,-0.6480180666446819
0.8161447182428249,0.6039705458310964,-1.5445530608430738
-0.49759740460262436,0.5103957488816628,-0.9036419244075294
-2.3030371110095196,0.10991088175663649,-0.898012201451903
-1.8034940779194486,1.8958711422203955,-0.40891442478378975
-2.455682692533463,1.7031904026948117,1.3451298658681383
-3.4538957803368278,-1.1857760205095793,0.3875480661251831
-1.4593311086699814,-0.773664387533539,-0.5858201601229843
-1.2397372095842811,-0.8799897774977461,0.3164267577285228
2.2061615726029005,0.5738268924425237,-1.2122449448828423
1.9107284619059468,1.2803138686111226,1.3904572640968302
2.738488526997172,-0.26296075819846815,2.419344147042441
-2.9803545454343783,1.2738095285021709,-0.5575220974049359
1.0496739641250201,0.3559547437658151,0.16133647659890843
0.10070441031032576,-0.7561228471237194,-1.389815836732876
0.2941028021913389,-0.1686705846723486,-0.8290452069720908
1.5388584992973287,0.32383030642120236,-0.7022011914071491
-1.4255042740856696,-0.29212424346400695,1.041751574899518
1.638309224235994,1.3492848180654187,-0.48789222539105753
-1.0605014672901782,0.07223434482827433,-0.6036965614186338
-0.16036553448874208,0.6520530789725166,0.14336530365615438
-0.10107305825496991,-1.1267120704978173,-1.489721546810562
-1.7712918174564503,-0.05621607289188124,0.7820079923166403
0.37023530771790697,-0.3029235069533711,-1.2664943657375736
-1.1472492629063138,-0.0703098533770413,0.09583683651735667
-2.1831264190817508,0.15377850834808848,0.05114625948579856
-1.0367264973393109,0.3682970015007507,-0.31799984279080545
0.6229113822883656,-1.1196805830841117,-0.21765792167382825
-0.1461453227755223,-0.6538402783859816,-0.36462277522696734
-1.5098746833414807,-1.2551992692012441,-0.7540960873485243
1.2912836150581009,0.1491141033767886,-1.0645077053071705
-1.5119831128938055,-1.202369081673315,-0.3469201827095173
-0.2793772615882988,-2.3605679806557456,-1.361177901465007
1.2499182238900823,0.8343277903024391,-0.9519881458184528
-0.1293817023937305,-1.0232925418516463,-1.2645867603650656
3.142900646062564,1.0423446994511796,0.7015737674646743
0.5616817681497309,0.7086008336319137,-0.7384607390854857
0.27730885810784095,-1.2716406414737182,-0.9568946330494806
-1.9537344511617587,2.1178699525654188,-0.3957095280943378
-0.28719607120548346,-0.9349817218484155,1.4824629738335877
0.7083022458407358,-0.29572294807326793,-0.6344448890366432
-0.11844292372744798,-1.1467647952788966,-1.4807454899612622
1.5815267633227734,-0.8724669021227197,-1.6721265403053573
1.6215254006149091,-1.8587424620198958,0.13057182440726767
1.7045866895995778,-1.2866831510419992,-1.1627005055938788
2.116555189730015,-1.3915168433020741,-0.9954983051354864
-0.5649792654849549,-0.8530433258054468,-0.607553450025054
1.548094608518398,-0.6459887789860935,-0.04050383508017791
-0.794681724875852,2.5114065177395077,-1.3520547099742064
1.2162012381411076,2.4740282131879723,-0.46101265437674593
-1.9571742870676512,-0.3043803075778477,0.637468152022347
-1.2403380173991243,-1.479598735702633,-1.5657476473722853
-1.1490631771147868,0.6234462536739728,0.25785270890340817
-1.2183890955876548,-0.949263668438299,1.0040526281618882
1.0310011553050118,-0.5179864060505082,0.7533267946394501
6.103580516095979,-0.9254040960041311,-0.14899532536697174
2.131166172997458,-0.7082787764137751,0.8048454385257189
-3.097309967089775,1.7753192196285827,0.45911877084177377
-2.5329079004947985,-0.636301599049922,0.3991996617620331
1.0343675327352957,-1.6021777124741385,-0.279722554401449
0.5249068585829884,-0.2610225075403222,-0.0002454448577336981
-0.008989940577668191,-2.2519109317806247,-0.3244671236797329
-3.0935722581568923,-2.9254885789243983,-0.10507590044556284
0.4215203515634626,0.652198260735283,2.4771109365680277
0.37383690994941715,-0.7206933513403404,-0.6106301700226422
1.919488552589416,-1.9225302649136453,-0.292923345464448
2.184119965992978,-0.48218411592995875,0.41745060581481536
-0.8578562118408989,-0.29321916521602315,-1.0104549083735868
0.23089860215285482,0.1693090738636159,0.569865487745841
-1.7087605200273346,-1.503052206463821,-0.5946684987847592
-1.6279694051317553,-1.6274986946967596,0.538076529337685
-1.1263373024568493,-0.7909999531383103,3.4052929874892333
1.3056085625133558,0.1917090239198087,-0.7106000099908808
-1.1248084718070719,-1.5524842869942723,0.825540119375787
-0.664235775557153,0.34744545089573936,1.85291672394493
-0.4273274146636783,0.20332391296026542,2.476716243542109
0.744998166070429,-1.0054332060718771,-0.9495962952044755
0.9305385186450439,-0.09694423947558813,-0.5655222276426519
-0.030243539146208212,-0.5228903021484924,-1.354233885297019
2.102580043684029,0.2147877531573285,-1.8348495271403753
-1.5293115900858867,-2.746582759491797,-0.24355411160914653
-0.8459662207155865,1.0135657513159544,-0.6635882269152549
1.1767211674297624,0.34620340967304514,1.790014707255005
0.9796877983205948,-1.4479808859397247,1.9911002494335635
-1.7172209684618873,1.5611735388940773,1.3401832050852738
-0.3403329205609595,-0.42988638297797716,-1.2064580050621672
-1.2620135485959565,-2.681966047017141,0.30366819512254634
0.6160363622300593,0.26469459196241685,1.5709788355355796
-2.3817522328487826,2.033085797942905,-3.3007520556610475
-0.179328387361491,-1.0526189639123973,-0.5032848945620948
-2.1704599444085875,-0.7433413641190689,-0.537966568677649
1.4037987323134156,-1.883556860876257,1.9490091298936396
-2.6920463875862617,0.6174876753594074,-0.64810585376235
-3.264825875890959,-1.3727209897910182,-0.3825479454608691
-0.2374770847467851,-0.6741598051140028,1.1693570497943686
-4.9402122316104915,-1.5373807842712834,-0.9759435991028003
0.6014905210270367,0.9728599038031231,0.34885394595499736
-1.2889956238031761,0.5887866536657803,0.3897199135155643
-0.8178722996261591,-0.7059017605630314,2.8421304127321507
-1.9537045773063497,-0.9988700044846553,-0.7237521114732399
1.3718404192420182,-1.8245462018337146,0.04731248745687167
-0.9070136256455574,-1.5991866540368809,-0.2549812949542759
-4.677318799436839,0.663679235291016,1.4804737479669292
-5.455073201017353,2.1686165836617968,0.507598424029267
1.1510884196729712,0.8436378750151674,-1.2997280451767144
-3.7203418983324568,-0.7275252155023172,0.31159188657040476
-2.9935202926834488,-0.06966457291595157,-0.12626284268056562
3.769826760831334,-2.187945202172337,-1.0098888894644944
2.035132856640175,0.9770708357829383,-0.9404500232397439
2.8617169038556054,-0.5550579565989856,0.04509283558409153
4.60443853691314,-1.1741951663286327,0.050197193462057366
-0.3941833339687002,-0.7928506610997291,0.381879098826648
-4.547575053544087,0.03844514946121641,1.5479557990329516
-3.236510576572825,0.08014966375012304,0.2671979333966389
-1.0405987567704118,-1.1775224193759863,-0.16565846428397468
3.1262677262889995,0.29156695353291845,-0.6349161296305857
-3.0219078253120557,0.31429226252555126,1.0442084218760619
0.49723921155904793,-2.5271004813492524,2.5054898070631118
2.7585158107330394,1.692422194127435,1.5636723120694838
-2.8662938884143534,1.5139244487291472,0.8451288898798209
3.56898570400824,-0.8800442944671057,0.5058908125037166
0.5834967756537914,-0.5313995983356534,-0.24060850104620357
-3.237360067204687,1.5124942802536419,-1.2853715366165857
2.7240635625435328,1.054014781625303,-0.06612495969758951
-7.534061269307963,1.082175577952812,0.3318413599490462
-1.5355754889897204,1.5106897401180055,-1.232877711400538
-4.0814911153319535,-0.23056048441561872,-0.5210328150201403
0.5508244293081468,1.8626986748118115,-0.3658818193832057
-1.6240823636085748,1.7810320934907486,-0.7578098512021119
-1.0032962103704786,-0.09629124703300637,-1.6016108143581698
-0.36561425448198803,-1.1563539787660977,-0.8354898516429433
-2.4232374351560955,0.8997714617067214,0.5175087076266961
2.57235362763103,1.5271135862147305,-0.11948472105160397
-1.3422626025906617,0.39449667627516943,1.7458424353126065
-0.5149900590485837,1.4377409232952534,0.8455508353016691
-0.23421953300327072,-1.1507648555769978,-1.0149219124163205
0.706163401074955,-2.6240450884597784,-0.25464990768171253
1.0114313528222374,-0.9085160517111741,-1.7388458028733658
0.7894315850955973,-0.6234887825946465,-2.0383444851187167
2.1488579428245,0.8827118525781823,0.020262186686094835
0.04869137200783811,0.09384192554647262,-1.391996929021134
0.37035543049427644,-1.1015841881275017,0.48784993251918407
-0.5178202348147559,-1.2630706737821515,0.1992306141621
-0.7258903979421895,-0.6399511158686451,-0.0871888436157387
3.287834936051584,0.1548263730109373,1.7144194666588348
-0.9859601379758078,-0.9321770981672489,0.8445419208307605
4.083141496522477,-0.5102829891097238,-0.1764232622450129
-1.6523337012362698,-1.7051683815672674,-0.666989789415557
2.5836675081958678,0.06987138725111783,-0.9828178378417306
-1.7313604683933863,0.02958518553118169,-0.8035731926579116
-3.1677533412529364,-1.571745140132749,-0.2866986531114059
2.488265295680386,-0.5595053493354016,0.802600725853134
-0.05361567373783694,-0.6886446185255028,-0.6999765294572557
-1.6376380316801253,-0.10039685965438389,2.500688169356135
1.4447926361684338,-0.1526110882024655,0.18981427571190976
0.28744302473216005,1.1827069441763784,-2.4224265085497625
2.1135699543154964,1.2712577190946346,-0.8588637565889164
2.002754325001767,0.6653329453392747,2.639029171188634
2.406115221093954,-0.36443440738257227,1.035541013786672
0.8104230384998492,-0.23049713576789757,1.7017318799764736
-0.3136482118057346,-0.10483603192299547,-2.4691450572516285
3.0188227811351536,-1.023313486945661,0.35109749484308317
-1.013490079082355,-0.6747256882838848,-0.2031915304657803
1.5106900610699925,0.35906998784731503,-1.9957700050186518
-1.4396772328160605,0.01860755311141412,-0.569759211873351
3.0455468270082497,-1.1059895396134904,-0.5301374254717302
-4.309756391273765,-0.9321893618276753,1.1348024757816166
-4.0814702191605905,-0.2986700517912613,0.48591466301248903
-0.9570648145705424,-1.4154746694509144,-1.1952777634786884
-0.7331517301342932,0.6311456220380485,2.194964986241919
-1.5916028115904972,1.8075577450106715,1.2674385969831725
-2.429185342100437,0.6855317535710773,-0.4547395525210276
-3.3903428720111317,-1.3807099191487842,-0.19603244657656269
0.640523472644645,-0.5702074428902048,-1.1463915862025948
1.8966675024099606,0.05635706190459607,-1.5421520970631684
-1.7335604390354769,1.2878594423195242,1.713449245278388
-0.8797190678207085,1.901652239435629,-2.120534809600094
2.69976666883619,-0.05642987121903262,-1.3170148292125212
-1.267952589490455,-0.7041739770395294,-0.03963108506167034
0.019784728440142705,0.2419188596532648,-0.8707790426488363
0.4413575119926197,0.04122811244318549,1.3151687391867575
-1.2680603388211997,-1.2230431742619032,-1.0461623206841493
3.461847338067656,-0.520111955584698,0.3941803676202503
3.2884581621804654,-0.3463065926310575,-0.3879246744806661
-1.6825511050070403,0.9939881053560353,1.389439817492469
-2.2344474180160185,-0.15095760146164544,-1.4708863793130083
1.7645015143230662,0.05369130612150889,-1.4202926067159187
-1.1892366040769566,-0.17004512943946598,-0.4672319464821551
1.6654020121524253,-0.34573382750044085,0.06607137424655285
-3.047608318466601,1.0187994843265176,0.6580350383001632
1.056712313713312,-1.5874393338306236,-1.4833402847560146
0.8787242913879894,-1.54065586859434,-1.4757561198862075
-2.345139050819691,1.9130443911853556,-0.5495698164542062
-1.8480847139335006,2.0895689388973047,0.08950379195967897
-0.6168310056383884,1.0000098106402417,0.41586361577715747
0.717856831873036,1.2677555675628047,-0.031065648800591802
0.32656187500575745,-1.5579613928704645,2.5041957064262372
-0.6854534926205168,0.5382988433883305,1.6979156305951006
-3.2679119376540746,1.2583170312386054,0.20032830944769173
1.5092985365538159,0.341350559072557,-1.0251387564702081
0.8953584488360032,-1.6309165350847565,-0.3387463784299813
0.8788846862512071,1.5478128936154416,0.3757350731781716
-1.013490079082355,-0.6747256882838848,-0.2031915304657803
-1.628462232975111,-1.3849920728499463,1.065547140622039
-0.29848736469363246,0.25418452988412527,-2.500798908598922
1.241548677768134,0.2726140528352841,-0.2652794805481945
-0.033021771681732454,-0.7980459090452011,1.0363785741569973
0.01595883057246742,0.5353455774037741,-1.4762417776180397
-2.208315636556,2.32588795327853,1.2045104683559387
-2.887189955603786,2.4386863400410697,0.9543726186724132
-2.2075170411663088,1.9665735104316946,-1.6532426266325762
-0.00031635954558534117,1.8094378683550818,0.4258430723304306
-0.5607220081244483,-0.6457287635099641,-0.7855219966674094
0.32656187500575745,-1.5579613928704645,2.5041957064262372
0.5643571115405144,0.924963485711948,-1.731642275670932
-1.1869894921733704,2.4468072137920522,-0.2183761803619945
1.0952828074382632,-1.0343858559998633,0.16119718500968028
1.3385645871142573,-1.6500475028522144,-0.06878437521560447
-0.00031635954558534117,1.8094378683550818,0.4258430723304306
3.5172430143619313,-1.0268176557952562,1.8532874757853004
0.737546448638898,1.1501622465443522,-0.20967843963910715
-2.6270522001904606,-0.27647303996029593,2.42742612102624
0.3135653586539772,-1.3070712120804207,-1.2406000303853075
-1.7832710022751157,1.075031111822603,1.447960609287253
0.9167498184887012,0.09562201835728765,0.8869251062626842
-3.2867141096620367,-0.3933571938254936,0.586110513153443
1.55141547906026,1.4701161862293364,1.6517538884959455
1.0203051072788623,-0.6276155302485551,-0.8518700480774763
0.32656187500575745,-1.5579613928704645,2.5041957064262372
-1.0390077535940974,-0.8793543978452643,-0.3244312022440372
-1.2958793175635728,-0.8270115413724725,-0.3225400522102959
0.35850312466282097,-1.016079415393661,-0.6634676386143542
0.7328188901118635,2.7406666291035933,0.24183729191787154
3.60105315289405,-0.041912738061936926,0.18554175001018824
0.6964498318043587,-0.9150325943013125,0.6278107351622583
0.17412400708342918,0.4666290841036815,1.0756350003959265
-1.5635237420474468,0.5524711538724967,0.9689949177430395
-0.20817251521911515,-0.8512594234030392,1.4597181551318794
-1.013490079082355,-0.6747256882838848,-0.2031915304657803
-0.5215742448178606,0.6269606001039422,-1.1765131293417745
0.32656187500575745,-1.5579613928704645,2.5041957064262372
-1.1196035201668177,3.420763495087089,-0.9886709177909963
3.883492466072072,-0.6378337979082351,-1.1384718636578188
1.022035577070394,-0.9308127597339642,-0.7753309922377569
-0.38887706760641694,-0.5535253166966072,-0.867038719190006
3.7551486645623804,0.695167218801555,-1.6737022157166028
-2.702884423463571,0.6959181312575209,0.8251973312305038
-1.9686327042415197,1.2199030926453236,1.1850215662316366
0.8711843678564831,-0.8618268937794835,0.7338807381982158
-2.723386946008114,0.23497192203149087,0.38423498917404153
-1.1323999256289647,0.8448129732994976,-0.8673376722626303
-0.6561017118895198,-0.42861637006422965,0.20530842843782673
0.6326629289177629,1.1756555702209004,1.5354320754166026
-1.5784230293661123,0.1921911282756726,0.021926378866731405
-1.5057406702926794,0.5959030785143572,-0.2969392206987993
-1.3493319323625135,0.8691702762893014,-1.1227963798577758
2.661242871080064,-1.1189222589563683,-0.7347081167690829
-1.0548058957993585,0.4471155848109181,0.5634922929000963
-2.6640961387551383,1.7700990691109364,0.9340411374342928
-3.5208499788340877,-1.3669521277137813,-0.1613545133004899
-1.2491523461294334,0.8330592992549756,-0.3903751329876867
-2.964057036642179,-0.03257247792944248,-0.7593870655514845
0.9799505648692944,-2.7513153988322254,-0.526125848858531
0.7007481242647052,0.73143592724667,1.645742186521911
-1.8254900574745911,1.8882228402321453,0.8768662132568612
-2.678556629564872,-1.6943597986930756,-0.4619147157149109
-0.5240093258460761,0.15235786977470228,2.306695726122911
1.6633739369060316,-0.3131968006234913,-2.109852149014739
-0.8405894011168651,-0.8410669393980525,1.204704516386997
-0.8043154574362765,0.03427419355533978,1.2072616411108734
2.0219599713475347,1.1422343897336389,-1.4866308035331857
0.3312999471702057,0.5638362172202704,0.6691368149397606
0.05317149550839456,-1.0262324648631818,-1.3943368864254817
-2.6733473629707105,-1.3740995760030514,1.293564852869056
1.848315662116519,0.5570589666878116,1.6378875396053447
-1.4874289432108,-0.14907838102830923,2.7800796908251924
-1.3454791430330544,2.244965425580167,-2.1426492440818476
1.2193971967164363,-1.041945148581109,0.18483685729234647
2.5235049255046826,1.63483239388074,1.3180622151117283
0.30288369608617827,1.6152282444053934,-0.7403704523829882
0.9425970438504712,1.6612817455498048,1.1478740447317515
-0.6087123239269637,1.377650401522733,0.16553714943384576
1.5793347822466723,0.35529498447258245,-1.38127199242818
3.048695244927346,-0.3578224874513939,-1.654614601031994
-1.3173904893474122,1.120688260320798,-1.5383752560575106
-2.567958051533966,1.1931737152557542,-0.23291482024126492
-2.7951484716682113,0.32506830723065105,-0.4662876270256648
-2.52956735116733,2.606040146298178,0.46962278928030654
-2.009315121585995,-1.7747551030259165,-0.005549020950093003
0.7928537198933686,-0.31841347854184265,-0.1727985305479704
0.5485234267070609,0.1790508214936797,0.2864435514710562
-1.2930336801556688,-1.0455131558435609,-2.018430573613606
0.36569528323486883,0.8204133415884735,-1.0794808712484343
-1.013490079082355,-0.6747256882838848,-0.2031915304657803
1.4560522792672044,1.73481352285505,1.287257678654889
-2.6713928941928238,-2.2799884983503387,-0.04118417084851498
1.2332848379054915,-1.0650262466442841,-1.996581980531024
-0.9641678438769778,-1.3274685901045051,-1.0848072166735574
-3.3981783119465807,2.434788389641538,-1.7120482156075956
1.0387942922198141,-1.5297521936933012,-0.5662621621367514
-2.2890593253136573,0.49299277146518367,-2.3032217950015395
3.608620935580682,-0.02597807612024716,1.1417334919066864
1.152081109064511,-1.4557580054343155,3.1287230043876644
0.8759721802792723,-2.072112490532559,1.7471877664777964
-1.3829973404892004,-1.5808581568905968,0.4803256044983718
-1.013490079082355,-0.6747256882838848,-0.2031915304657803
2.4890863763419984,-1.3659911367570492,-1.1632006610816323
2.5481362981225613,0.48958136323687956,1.491078804121715
1.0966356431559932,-0.7874025922419707,3.0712251051738506
1.5456119874579184,-2.273682797868846,0.9938302055645943
-1.3366284267572783,-0.9452717551003175,-0.6546092200397915
1.5334305776998034,-0.20261097232912756,-1.1870027743275362
0.25936633558431016,0.17209419336828602,-0.39227912436185347
3.6926061066252545,-0.2496161379176896,0.2631913166050558
2.097459832773295,1.9913592192643874,1.011268044110783
-0.655283989963512,1.8656548980924412,-1.4082777472987014
-1.7455295877742574,0.22826616559786905,-0.009905585055334742
1.2320183760190866,2.190661698057742,-0.5199935202804687
-1.7659268746626249,1.1111375689019203,0.5535923055385302
-0.6120704554479169,0.4627452923154703,2.5956648197429395
0.945140099323316,0.07737037202605486,-1.2413961646816871
0.7537278498531185,-0.5484246063705461,0.7107761672485843
-1.2220895133744294,-0.19413475176654726,-0.4673060420966313
0.4835892577618325,1.6361299130397957,1.2710132939491179
-1.341027226939392,2.1985553926532035,-0.9432297581716104
2.3571088717884363,0.25193670724769684,1.7705603975036541
-3.502354069070676,-0.5061251503636102,-0.00017155038872669105
2.5763877359521565,-1.4027926534887272,0.9598117961972679
-0.40308766899844545,-0.46403185859334545,-0.2409997599705717
-1.3330415243588798,0.27338644882368257,0.6560748096867225
2.166855925918245,-0.19417544006905102,1.7090433483213947
1.1307325206105536,-0.2514048489562174,0.3706079556917165
0.5940203253718235,0.7219488228874085,-0.11207787659531797
2.855480599038931,0.3080874250091579,-0.33984071732090343
0.22668118451237937,-0.33913677465316017,1.0976586318903754
-2.3604208354697747,-3.1469117298745943,0.8986852894179075
-1.0896704636947592,-0.18670586057488234,-0.03226213140743496
-0.4344912510250511,-0.7347873900819044,1.5057958137096574
-0.26105809853531675,-0.33713052917390735,1.5414941894366827
-2.143541262793017,-1.457667992648447,-0.7375014703748963
1.3766869230703878,1.5931343283463646,1.227445650792039
-2.552262280472112,-0.6623804605202919,1.4574260589914563
-0.48806930050503944,0.4890277368189551,0.3870619962433436
2.5356813300974137,-0.3209045395244078,-0.5760435462938233
2.536857016748686,-0.11359877229079529,-0.9518439236407231
-0.7389798685228189,0.8935165622576997,-0.3193926317091478
-1.0346664482251156,-1.6088990301636443,-0.3637016444848041
-3.090866676045796,-0.47461670101481584,-1.3115155500231725
0.8810999655761315,0.5017927116777593,0.4570733387225627
3.131025939130823,0.27140452733562886,1.9944483627109102
1.5317179906373253,0.05741084514020114,0.5283854000169744
-0.11999574900780448,-2.4712945460155713,-0.8274575351376255
0.6972535091534529,-0.5982246425308059,-1.1307560039841735
0.5394096561539002,-3.1628920313994318,1.3201116923816865
-1.583042044403573,-1.1183309641733095,1.3616623154377125
-1.3848691929628751,1.0373169873513501,1.357244474649812
0.5347135813757405,-1.089167017706669,1.505866893665306
1.8188156506953665,0.7186676724389273,-0.668843534376308
1.6984086235989826,0.3913602831154422,-0.4107474961090195
1.1061520699059322,0.7266924838959505,-3.287891172726919
4.024780179767634,0.3202516295377771,-0.05971088134795174
-0.3313100968231663,1.700029708264055,0.5296930859787955
-0.9464563005984554,-0.9063666394363405,2.230992788507691
-3.4924231166841677,2.9459316734673386,-1.2725385266644371
3.9096624184886015,-1.5286663477155973,-1.180113241257414
-1.8248744203052567,0.9420012810145261,-1.7492904280527093
-2.458169251184257,-2.415448848736393,-1.044197804328346
-0.9156752746300942,1.1151665908451325,0.12584575679368779
3.5784031419163695,-0.5110771950022571,0.5479110488252639
1.2090599833812812,1.0480162130881612,-0.7061458373246556
-4.34869309596433,0.7664050271527155,-0.26555603915821135
-1.1782466928912745,-0.41357259776342115,1.2940610738503304
-2.247556526417939,0.10154971748442693,-0.9338273257618153
2.328302029623004,-0.5835476867124796,0.5546505403413547
0.1321695466279889,-2.288006484994675,0.8641730765911322
2.417585969920647,0.02842984455747692,0.8682311390601972
2.21976638062237,0.9493675569646374,0.47788096769809507
0.8197036146346277,-0.20468568572413925,-0.6807806496357802
-2.749588238698734,-0.622307490084133,-1.0822736555800685
-2.143541262793017,-1.457667992648447,-0.7375014703748963
-0.5936179070484866,-0.5151389762729088,-0.8963233775493541
-4.313059127110443,-1.2675602819306362,-0.39836597272594143
-1.6417705631121975,-0.183465313833248,0.4739160688575623
2.190144795560239,1.924791123530092,-1.5859377784085547
-1.242946604409952,0.8047911825688849,0.060075462875578016
3.4483903250930386,-0.2705831396308516,0.27591666085232747
0.7261997266262944,-1.6201385400612747,-0.19690222444089137
-2.020330038591761,-0.056110006927054125,2.702547158841288
0.42973511089457966,0.2758620881060196,1.9819105347006096
0.6582218799133196,-2.143104734168903,-0.15808083184553906
2.417585969920647,0.02842984455747692,0.8682311390601972
-0.08224384954124277,0.37602436064765205,0.8313148990638002
-3.4886118292176724,2.018962072398546,-0.619129094464435
0.002260931420549931,2.9725537514666223,1.03922290507205
-3.2485410305132074,1.0301619801288455,0.20340720225311212
0.002260931420549931,2.9725537514666223,1.03922290507205
2.552047763766075,0.14676556870399954,0.7269152508911684
-0.029390777070844233,2.998264768170036,0.8562083945971765
2.420951634607483,-2.944389984881645,-0.6580546780855914
-0.9395054936713126,3.1742299115119597,1.2461922265653018
-5.6227532954767865,1.3278179686931249,0.7191508104164039
-0.8787172719117043,-0.5859754985371175,0.006164279744322863
-2.2187823192218787,-0.7857404068636419,0.4557037803213508
1.2387769501725938,1.1814427932777523,-1.5160533696994531
-0.6020869743821906,-1.229590314390719,-1.0182234076523098
-1.5174975930064216,-0.30740403145165185,-0.5993314632951663
-1.4365874346694107,-0.10034722706594118,-0.3291716442296496
-2.936904453394679,-2.170375591364658,0.41842598399244574
-2.4615652948628317,0.9322799921299462,1.3097999880146922
-0.630217216079439,-1.2617965113902196,-0.47281235424600904
-0.9554044987782013,0.059422368063945435,0.2056061745156245
0.5344956305906562,-2.459678757889369,-0.38685302063125293
1.534854957929168,0.013968098084628493,0.13414098267001848
-3.021374956427673,1.8378089850086035,0.9366066774518006
-2.077511563179576,-2.1704233829613004,-0.5677132395554553
0.49299003566577937,2.4101198573060305,-0.7901471318773515
3.1397484288356172,-0.8855934561019525,1.460103169022235
0.8271207173279318,-0.39043359625521334,-1.554493650524245
3.3316116600009655,0.857414764352529,-1.2385789163500698
2.5534775146926645,1.7539407637803914,-0.5366170363580387
-1.1648318647477123,-0.11983303877788375,-0.6382745252177673
0.9472847261010505,-1.2995225596712732,-1.0008380942276567
0.2714442427277418,0.005680480604307396,-1.771263510851635
-1.735679618702391,-2.29570278931807,-0.18108457234006597
1.0762805242272935,0.0026583785508745585,-1.151594789088217
-4.887705554704317,0.5517794587272554,-0.1489111985771457
2.313217063460971,0.7019649568513595,1.0624220673334819
-0.7798808965607238,-2.6826572827036914,0.1401470702938885
-0.7840475933706467,-0.9719542703723995,0.33950643215438336
-1.2849661549178828,0.05983123459583888,0.30833336705828734
1.133700204084256,1.2285223580849536,1.400602279787556
0.15390629404672262,0.4785524952781317,-0.5876307269959049
0.16487431546176984,-0.65225700805117,-1.1282573335883552
0.5768804149294814,0.7925286595816211,0.6010950161581309
1.1569795495889337,-0.4071143957139328,1.2169021810581804
-1.5224849288745301,0.46477194784651804,-0.23215782279141953
1.0137688091857195,0.549600600528017,-2.326487576708703
0.6345949115289131,2.0082186004407654,-0.10735299771151816
0.9861722580681698,-0.45766543458835074,-1.1296549401076978
-0.25374243199464425,3.4296207328774875,-1.475253175304002
-1.9877156302514751,0.9774664615858825,-2.2706629852298805
0.6155739027561528,1.6284404045657679,-0.12808080695757035
-1.029891875047561,0.9827804129192773,0.2796123393497893
0.0005973402997674706,1.144864585735513,-0.7049093873189564
3.1701964548592754,0.1056598774099249,-0.8911558794984685
-0.5566477172836163,0.7681812474741327,1.230126219281668
-1.2213187699628814,0.8312828052008763,-1.381125090464881
2.4664376557059327,0.43805259751235753,-1.1235802029331723
-1.137389365008605,-2.1187104379136863,-0.3175289456315446
-2.0597832590968967,1.657948912274863,-1.8449947971734058
0.20949365665447897,0.7535015901924036,0.844815035226899
0.9264359640247455,-0.28984513567728565,-0.9450684950672277
-3.27186074896744,-1.2583050826022129,1.3760626979902904
-2.664680617829696,-0.2182179673934867,-0.2778079731226371
1.7063786049730343,0.18685951112867666,-0.3014584941006432
-0.10902758746058505,-0.5885991073525301,1.345735137756363
0.7940105811084955,-1.3539609575012554,-1.9249358760769875
-1.1842031614604622,-1.0132494492852897,-0.5214991500523501
2.7095382417743763,1.185256579414827,0.2961120383325307
1.5415321385733123,2.2081884581401177,0.9004916944573299
1.0609151228684266,3.2912706321865985,-2.3744019227890063
4.565943628019853,-0.7189341143415635,-0.7918769958776823
0.2106994526132839,0.26559210932596977,0.1411905308017884
-1.1645652412456267,-1.1796753592302074,0.48835905780116107
2.9371237149710425,-1.6200171396479135,-0.04455217463189892
2.367711289301403,-6.811732245159028e-05,0.7671783958268839
-1.3449305361373605,1.0848617968883119,-0.8350510265610711
-1.8233177728986236,-0.37293983111307843,-0.7616705682420672
-0.3333337355593007,-0.6231486308513957,-1.7447381463057696
2.314952558633156,0.6436701330852216,-2.2963853514374573
1.8670306397333063,0.988746378882785,-0.8300064593402132
-0.7963423554534699,2.360369146032667,-2.2020935436853657
2.6653912303771587,1.0892492582069075,-0.7003796979159055
0.4324135193530852,0.39477411380474015,-2.114079975083174
-1.786226009583903,0.2809794330202023,0.6369269572322646
2.6693835357337865,-1.8327235107099027,-0.38703055221694377
0.9188484294054298,1.9185417819634256,1.3369244263632427
-0.2635847312630473,1.038168500200274,1.0033185123459945
1.282386272759557,0.402419903240006,-1.540978002394
-2.4133615306962484,-1.5052375627642376,-0.4681267819647966
-1.956119113632428,-0.1822028750023245,-0.34745900578750416
0.25825565432413067,-2.3937299869870987,-0.32116019244012106
2.6390066066141173,-0.793192629152973,0.7988307805248328
-1.8642997464719497,0.0022500952409520818,-1.2500428471458882
-0.6128693269922807,-0.45519664926988723,-1.3745294898782179
-1.132175504467356,0.9627241097771341,-0.03235019645461591
1.8210290047561866,1.2623050725523193,-0.34279652383616127
0.5885087091527561,-1.0444085468872089,-0.9009763778402108
-0.4062045436727715,0.4656322885890663,1.9827594996630549
-2.260617329649199,0.13746450388347217,0.8452189698685247
1.5232323864979642,-0.2648450654678113,1.0076020449916936
0.4926399224717526,-0.7639861844583197,-0.5496024662358738
0.6640063003287117,-1.2192013924948186,1.7654872298217295
3.1397484288356172,-0.8855934561019525,1.460103169022235
-2.9868670234824575,-0.5399780471394277,1.5650233230918247
2.0778415505270846,0.653306892092034,-1.1269156658804962
-0.7753389458506413,-1.7229960517430292,-0.5959416447622334
0.70562709547713,-0.6412513441701743,-0.2777546751946884
2.8463417616907525,1.2568346622683308,0.8181218685209007
0.784095240121857,-0.3625381661442549,0.44917780212073843
-0.38376934845663374,0.4998788541028331,0.014955523204664325
-0.8413766362291097,-0.22570839879184604,-1.5432614632798767
-1.8263961359044378,-1.729820023925297,0.775448033268581
3.1829109689722297,0.36801507557502305,2.2423265227171005
0.8160470519302624,1.7102573148425166,1.5269575155294957
4.547104500103096,-0.6423920893579745,1.4205896903286743
2.1404905922611372,0.956326098700077,-0.09479970536657323
0.014528808164043262,1.373511588208898,-1.9073501259571342
-3.4497879941945344,0.5563347904344138,0.07201228007928909
-0.03334955120678535,-1.3444148250314472,-1.4401494697959434
-3.3787755814704368,0.4078848958426305,-0.01778588861650655
0.3821128056477028,1.518177819899722,-0.8457756803219506
-2.8798342842921945,-1.206326481421299,1.8729997386244654
1.51415560758129,-0.5478145269204179,-1.9051365884682046
0.24876345287006987,0.2444783927943567,-0.7639671058006181
-2.442843622645719,1.974226872427745,-0.290969523229431
0.5909122272078556,-0.20325381549968488,-1.5569749570092917
2.4655218773935976,-0.1219350095694478,-1.1043633610629207
2.088683397953886,1.2480862582701693,1.8516660892738392
-0.6099653530020553,2.0292408104780457,-0.7882224111098587
1.7471986208701415,0.36519618966815154,1.8628369003397918
-0.27915984688224754,-1.1468019503478966,-0.05475977938428298
-0.5444863616134952,-0.6807642194692758,-1.7997085586127326
-0.9033126782002359,-0.009407674769698492,1.1941350511247875
0.6907788246520279,0.4785090792062013,0.11801356282466854
0.47011464696754535,-0.11053978506240203,-0.522491201782256
2.889707918903868,0.7267975052508377,-0.280100116709982
0.20429565694199547,0.7631724699998959,0.5564919049768074
-3.2533861635888837,-0.2523473218126008,1.0379860821912688
-1.9113991667238337,-0.5680500418256751,-1.789146319881703
0.2397824472703283,0.9552404002974236,1.512612101530138
-2.0253856457648642,-0.9200462890666774,-0.8992729007206068
-2.382594222679639,-2.007791493107539,0.04773394884578639
-2.456390594428822,0.5054258928788994,1.2881575885005259
1.2598799533054323,1.611891133694833,0.9557756621225576
4.562894426231476,0.6954603689607747,0.5680308227227461
-2.9852477008438125,1.5531283119124915,0.5572117135234835
-2.3411544504823927,0.3919164373554219,-1.7259805477462127
1.473972519604658,0.3307933355538269,0.2897727788197149
-0.621423789661054,0.004232110875937701,1.2474057644765846
2.519980827396742,0.922776264825679,-1.4720786561050567
1.3313631706093318,-0.33963997792011674,0.31898833132179194
1.6896600871816794,1.2109709801279203,0.8673879106519461
-1.3209365380189448,-0.9738696760777926,-0.604981132632471
0.6236327737603712,-0.09019325113852389,1.0199579702424448
1.184627065444166,1.2521744434786746,0.9305473071823487
-1.0730202359717824,-0.7002274162549323,0.9888311534881276
2.5616520511198475,-1.575011326932235,-0.28865196598675813
-1.9529957126794784,-2.060439173683854,2.7167078388823525
1.0704192811362685,-1.1585517662635867,-1.8362662849000775
-1.0992171405034719,0.31678726633046783,-0.7703633804208351
2.0142305320730167,-0.36025540169831616,0.436821267189939
2.5218305328286075,0.4592676464243206,0.524869517550848
2.423865504723759,-0.6304755812492336,-1.187612218138011
-0.8775125408629033,1.1437693516765097,0.6889695876606756
1.7532121974650907,-0.2825466912204746,-0.38321231312591375
-2.0135961886772566,0.910729256812555,-0.5159027482840886
-1.1946794104677545,1.6513604008856246,1.280235986780724
-1.0334933887705804,3.07211921243767,-0.3555646278518561
1.7808066566825669,-0.6883923976178347,0.33038278641464336
1.041606188968551,1.1689101124697268,-1.3553665176606704
-0.38602679802926054,2.611806235572431,-0.30997122735930277
1.129330832451572,-2.0178966102342577,-0.34373011257719077
-1.2013959275342012,-0.6216505939792499,-0.6959914072381694
-2.3936648658478314,1.3210606167749073,-1.2496924178317002
1.5659164072375953,0.6986349201607286,-1.1132697544498187
1.404781410467073,-1.764937495998459,0.006738905460455295
-1.1470847139700406,0.47385299222806476,0.2074310236732676
-1.4041680844882733,0.7646135436653047,-0.2948046345741108
1.113880075052558,2.21927165472031,-1.2934396459067954
0.43339397329127655,0.23866894933876978,-2.4418766508728584
1.7909951770414256,0.4699484768028525,0.730720846844368
0.020107728221374594,-1.5496563716067773,-0.7403993520471457
-0.8785958998064445,-0.9191237648093871,1.243948442100382
-0.7452379016276102,-2.096101725631172,-0.8783048002139101
-3.407551294468505,1.0187334646608002,0.33077069005858134
-0.712991643062544,1.3148597033417906,1.4162009394869033
-1.5023352674659076,-0.8009152953425712,0.046014988521308725
-3.8410415506971276,-0.3676641924942909,-0.7944246567370707
-2.0418259936411984,-0.4030820275300132,-1.2526009265082414
-0.220450705110167,0.37699722710734523,-1.3129700200934595
-2.017015248078496,-1.4976113152539694,0.886599728076484
-2.0005140909551624,-0.6205898543854905,0.5222706915732531
0.8222958854030638,0.9333953015366704,-1.7619860473076228
-0.2291464415545911,0.006082117982987672,-2.264948930397259
-2.6847543794642106,-0.718817974386774,0.7537818952370001
1.3247496351868988,-1.9644935161320507,-0.07475837037061255
0.8065228853404028,0.7274958591000312,0.15568189779681543
1.1252578110855536,1.2465501402983625,-1.1074806476485874
2.3927741080796765,-1.4459951534357063,-0.7962721535201878
2.56206403849502,-1.6156972417464883,-0.7872778225921353
-2.727916979611447,-0.5408953451989209,-0.716563772722203
1.8259282431024326,1.6728304821764441,-1.1072736788373534
-0.2502641150877062,0.7175173482619897,0.6008174820276915
0.41952770480899054,0.49677400592545157,1.7920501371170379
1.7788080862038276,-0.3909850498093799,-1.588013039366985
-0.6098568375445129,-1.324946501324258,-0.696577896427027
3.1956946598012044,0.3154758363145302,0.23980963195789776
-0.9253569064009763,-0.36881834767733696,-0.32599885397083805
-2.485759809663714,0.3235731569808982,1.158727167898358
4.8933876412732245,-0.7848770463691608,0.5979760985727346
0.1113606690519485,-4.406183366620569,-0.19059358996527806
-0.49566136700366437,-1.6540562583553455,-0.17761171518764046
-0.6895391525434172,0.8024245353570959,-1.1788052458880194
-1.2793292168484427,-1.4398326922791131,-0.8202580808246442
3.7424570674537985,1.6369545825690377,-0.026387201042297994
-1.763047093073694,-0.24872158782717557,-1.0147778235803973
-0.6015286746171965,1.1107414913603542,0.2877372324553501
-0.9440969249715767,-2.2834858558584803,-0.3178396005582308
-1.167174228785232,0.4698765179301061,0.15238549182051078
-2.432278930537063,-0.3158895346136626,-1.7218823123897755
-1.0219388637059341,-0.41051755757475733,-0.8544658000992903
1.3661151030894396,0.7790224358703329,-2.6216278926727123
-0.48127385575121645,-0.9007070197517364,-0.9230048915135017
-0.3135873170148021,1.0437385343364542,-0.02426427768811187
3.5766643295781266,1.150609817995085,1.697178271005316
3.255095062463436,0.23596874127642273,-2.0587421698499933
1.9772104590899793,-1.2241015558007042,-0.09326036101451632
-2.47317642237371,-0.9556269931908831,1.8452443785773012
-1.6591902136576315,-1.249789521399988,0.7284421186323021
-1.0708250965609625,0.35676008416817445,0.30057165655358953
-0.651818049319448,-0.864309370709675,0.25164977412993716
0.0023677343163246533,-0.2828296938983348,0.9434249566724331
0.639319186951279,-1.7443341923549556,-0.32588088342180677
-0.713146812140726,0.7353484989779009,-0.6066271446667031
2.029323918134281,0.5442440345849171,-1.0375919009156582
0.9155367498182323,-0.873235436849697,3.159044926366715
-2.019923476253853,2.2718341729188207,0.26760257445609087
2.8702318917369536,-0.5737284701214069,-1.343254090875252
-2.4924365713906345,0.1438770664707958,0.49890690558464124
-0.023638134176135292,-0.0019196523231927122,-1.4153577965664448
-2.5655752602167934,0.7837372547106636,-1.9049053049065003
-2.594777193297564,-1.028202393656208,-1.135650170326706
0.3636057178615478,1.1029148024012005,0.26129070301870866
-0.8782623468811872,0.24595098670393742,1.7456873676238605
1.0938484423316077,0.3008754365959187,0.5730683357986165
-0.44214864986837615,0.10468721259543232,2.1583726521247
-0.569476032764802,-1.8095602795356023,1.366390598076193
0.7467401775026589,-1.8372522325763443,-0.34972714455481824
-0.7820729780388191,-1.7113273666968751,-0.8456301409356007
1.4685760658242952,0.32158308894061005,1.0237835577401306
3.5634914700948657,1.2848940793268844,-0.8726694923165438
-0.569476032764802,-1.8095602795356023,1.366390598076193
0.8382958993701565,-0.043920699979043853,-1.4742342938057722
1.2623741163334385,2.5107199214283766,-0.769601504377847
0.5610087097409894,-1.4904333781973953,-1.0122528183943214
1.9228894299017147,0.4805974819312745,-1.2586229700787102
0.9786890640478705,1.6473117338949297,-0.5811781216278074
0.2882512154686301,0.8031590318874157,-1.8408997280590647
0.2569062888074362,-0.7238281795474676,0.09783342749525481
1.2574079372733702,-1.215368536184815,1.1344729936457596
1.8695858565822967,2.1072502417049823,0.07068608477467864
5.451378494562457,1.0790415552019097,0.664608543861489
0.20186597327836353,0.9066488071725686,-0.7527417130168278
0.6026510734732207,1.5176577731959167,1.1399376414334348
2.025502967610478,0.05455489630401154,-0.8092568989094178
-0.3323328545229904,-0.2796978066087738,0.4404117580982825
-2.3178466835133302,1.7153383757600824,0.6130830986787231
-1.2507675416906896,1.5967946260798072,-3.1343461501012984
-1.3522485803756827,0.6480344032616618,0.48885330272182786
-0.08920640873253965,-0.1749087853494191,2.0719854789447765
0.7659578264372303,-0.1927195822045663,-0.07420430338152759
2.08192815776246,1.2253234420424266,0.33607172806442676
-0.4098607132771431,-0.8294038421153943,0.31127407396818313
1.1077114915416322,1.468606702043153,0.23631841330840397
-0.7028030471775174,-0.9051640603231149,-0.02251062010008534
0.3691023647285001,0.016678866866538564,0.02624462749577945
-1.7227216719878466,1.8492751989815674,-0.6817069370201205
-1.9692093641819504,0.04617921866192095,0.5716102757320415
-0.2823340589243055,0.23310843007266618,-0.03601247340323332
-0.9591637490394944,-1.9098557051453973,1.1266661177408253
0.7906815882174046,-0.6129687660645771,0.8130952105803793
-2.5207418033927005,-0.03858565447856082,1.5461798426128024
1.467051010773826,-0.6705539736504443,-1.1518104724548894
1.3333673996047706,-0.18726776709805265,-0.11183433687226393
-0.028782206844772406,-0.751217591471029,0.660542302231815
-3.063634518950215,-2.1746156594061197,0.2161963127315865
-1.65003064347741,2.006225253019676,0.6129338406107375
-2.034101414617825,-0.13308886180960003,0.0320544141662789
-0.23988011848494414,0.8776866562422868,-1.1554479091328411
-2.9529386565089037,-0.0918680413665648,0.5248224332263071
3.0567150215899863,-0.7147227673813507,2.3545391173083705
-0.6913451949759425,-1.8032970506307928,0.4160628637017356
1.107439077769724,-0.2280968743814201,-1.0841849805830388
-2.3115274008621465,1.8078936908984384,0.9831411852007236
-1.6461467796799323,-1.761002943479781,0.7662326045952704
2.6413089373104306,-0.7206462093452828,-1.0686968936600274
0.016802835760439117,2.229887582234174,1.326333138130466
-3.6041208887603635,-0.09233738677865343,2.1412623038211835
0.1385815507325586,-0.6900210953583553,-1.2594974352279376
2.0320503636126204,-0.9998367008220621,-0.041839346224018636
-2.5865523653163454,1.1883170451808787,0.8044505423861817
3.1238980813943504,0.1697344487217821,-0.07290762050522868
-4.657429369102814,2.958699256737851,0.6793309480903714
0.10608465874574484,-0.5452109529302527,-0.17321916331913764
0.8510636433873363,0.1754761479466922,0.1553106211608205
-1.129186340240747,-0.029925409805509066,-0.8334953520542068
-0.4735756844251672,-0.429259336456353,-1.0521056727971105
-0.9567212521436833,0.7123062473047088,0.5857707152133731
-2.65729688939059,-2.04856236771632,1.7214072790591264
-2.117787800475801,1.0097452247123084,1.693981354833021
1.4171818592065881,-0.9764190919506307,-1.6009372614948545
2.050659991930347,-0.6960133129026665,-0.3923246370895594
4.091118348967978,-0.8917801919792083,0.08374192152419475
1.7584223388975264,0.674775978316447,-1.2258970943999603
-2.2840190613682383,1.0207007155673433,0.7712114643053684
-0.19632129173333954,-2.974699883662304,-0.04038775366145839
0.018305016317004482,-1.4229119351472959,-0.8570986569528659
0.29752430149579434,1.0196879451122618,-1.2956835842280412
0.15670111658392805,-0.6176862979193248,-0.597343872126011
-1.6706383104434042,0.5706392342143499,-2.0159205250653285
0.911702643949375,-0.2265910090485572,0.40515181934782685
-2.302571824117364,0.8047331786650392,-1.3683680681397676
-2.448688343791022,0.4877400067708698,-1.0945921279685655
2.5026369279132763,1.8625926007478366,-0.15259824599100047
-4.779413000466356,-0.737786002322948,1.0713415889474573
1.5253948394795767,-0.7095806182711653,0.12570274439877605
-0.5186175371215136,0.40291811765938057,-1.0876575258311507
0.8636993549188565,0.8002733051769221,-0.974608715947742
0.23630515975550617,1.301432670065651,2.01623331251566
2.803026647784895,-0.8731133155174098,1.6121772186933214
0.0678562601625885,-1.227609957442574,-1.1358684887287456
-1.933632509496567,-0.2855427958535982,0.12853883462340304
4.9028621760660736,0.7265681105890004,-0.5011801752835402
-1.3494315677640958,-1.1026727187235628,0.27036482098498643
-4.126586599672802,-0.9226623876737041,0.25867051952716696
-1.0170722781975132,0.6831597595813468,2.2065021160296787
1.5444870563552775,2.4449234572501015,-0.6750571314492998
0.8678520402227169,0.3816996859707923,1.0128038330581068
-3.3645956878161885,2.2346995170631447,-0.2737641291018876
1.3845160879764038,1.8413960422056894,1.6180961952342277
0.3212685040054879,0.7840034292354082,0.09669833512219202
0.1480278254046741,1.736920586680988,-1.8917487936582853
0.06659351202110571,2.011306670148315,-2.0451774457071483
-0.1503639608681485,0.8618924896086829,-0.004397054733319347
1.5444870563552775,2.4449234572501015,-0.6750571314492998
0.735751509223441,-0.876885117976432,0.8368995264262846
2.3667883649247385,-0.07887251755540296,1.0306850193679107
3.010172904456031,0.21639953005314977,-1.597708088469385
-1.1694630509395698,-1.9779623550662806,0.7003740905213258
1.122254807643843,-2.0418327391457027,1.9442281628732911
1.254008238330087,2.134163267347728,-0.4159550368445067
1.1802134719340507,-0.46378192896715636,0.3725620157523315
0.08086521993113321,-1.2359107368630542,-0.335867694749347
-1.083376642414428,1.008047147939837,-0.9508751498132404
-2.5344404336512434,2.9306593460197288,-1.153924389343885
1.0341833689942106,0.5299131209462102,-1.511013320621995
0.1351702822885515,0.10943512589697822,-1.5947991423719234
-3.077489393522804,-2.1102223168166576,0.9815890878309363
-1.6899429895925844,-1.8309395301264981,-0.6292630485874599
-2.8305399751060962,0.8275576937150748,1.4131338383503855
0.4744160922391668,-0.526237153078372,-0.47085140863750813
3.1794574141386835,-0.5844850115952412,-0.9903670851898342
-0.2835416932517161,-1.3589931906129804,-0.19991108643892286
1.4964342272409892,0.1516810886135395,0.8752244292979764
-3.151024685565427,-0.648248407253109,-0.5166058637796415
-0.4433138059282635,-2.066523579435059,-0.28272814553886344
0.28255645284692904,2.7720437669321742,0.882820369052138
-0.634999086385735,-2.18051078873159,0.023726486627443765
0.19320115992863082,-0.0014947697007369552,1.2732182899738056
-1.0352811361020977,0.09572806271199352,-0.6575070690657377
-3.279239427090537,-0.5399829352046832,-1.1801076989825352
-2.279831625261662,1.9281132129186151,-0.2924600896504761
-0.38854003066010284,0.6739137584271936,-1.0740470368285957
1.8205747686577476,2.0840820967297953,-0.9112447175612055
0.3582957900724945,1.0148051054167202,-0.3873321127055182
-1.3231756772113923,-0.7693445893842721,2.083903437312067
-2.771508137353004,-0.5614483940168993,-1.1153361308317742
-2.7956638913199443,-0.43043619382094594,0.7684770842360433
2.628869153315696,0.2470926916748622,0.8898040994366054
-1.5878146902269783,-1.2694335536054935,-0.05832205050783415
-1.0689039866736108,0.760661447595842,2.0489448023202135
-1.2252688043577584,0.40163246418336546,-0.4284117147004451
-1.9127307416564057,-2.1662164970106677,0.6610803822886466
-0.7491986544176316,3.8469803403653926,-0.5859335523517233
0.720769274144395,0.7504018068706215,1.1245793388716778
0.24298529317075623,0.17620356323537945,0.9503990936319902
1.0073653007719428,-1.6339486337445697,1.520389003488091
-0.00954705260527975,-2.1240139846124917,0.8221559937683617
-6.353932642080961,1.175215111793703,1.5414479047804122
2.842935210636237,0.0634316125617335,-0.41764057034030827
-3.141945386577332,0.9039097650552486,0.21846091942663437
-2.2199290168201786,1.9754449083307206,0.8409908159305616
0.11325355396030551,0.07380037368012407,1.394199459188015
-0.9192439793211241,-0.5521181567101434,-1.0450508613442406
-0.8405293603647499,-0.655009821726449,0.7793747082518422
-3.378883645920524,-0.20176553157571797,-0.9607585085032311
-0.7356007459481456,-1.2707421287884926,-0.34830724019206916
0.2692697943790205,1.1958052060078848,-1.825007891157732
-0.7088438435209009,1.88321444876873,1.1916182187080515
-2.9639245156027343,-0.7413933330915881,1.3523107300017947
-0.9755323602564552,-2.387249806700393,-0.12063304454128149
-1.0902088678668949,-0.6643062731492662,-0.7892465271733743
0.48915794454996187,2.0559481931973167,-1.4539939268508602
0.8292892358260051,2.609016106494475,-0.14405654067513166
0.14934841628244158,-0.383988800877699,-1.221241716019906
-3.410652163259752,-0.18369061282336513,0.9219072509695709
-2.2522757756289695,-0.09646719137500916,-0.9655501223915675
3.397403094484392,-0.31209235258643786,-1.2912215396479212
0.6233746578464084,2.239520087785734,-1.623701919580087
-1.6874863666716589,-2.18182247947165,0.38254160566430623
-1.9653127726715982,-2.3836413711946314,0.5711038418309308
0.4434430286193206,-1.1315993398987663,-1.0569331493474046
-0.6909406356882626,1.333963196455871,0.47203678845018154
-1.736806022296816,-1.024997031968982,0.34375028208751984
2.5870726900063,0.16625966052373728,0.9078682631896865
-0.47996995093966954,1.0013761830014474,0.06045520977964779
-4.795112392773443,0.8071514604660258,-0.011600539276881625
1.4996205358402994,-0.4777822649089227,-0.09373345323512255
1.3781907910529911,0.36072593299515016,-0.29949593301453636
-0.20861749290979056,0.3191059312477398,0.4488469764626354
-0.9049774775859428,1.9730067369471127,-0.3144003988861845
-0.9238647569049308,2.508342445070153,-1.7721947267406346
0.1676811137257204,2.318476753029863,-0.981574101425288
-1.076890584714933,1.6017406731145067,-0.13467916846585617
1.1405310911048063,-0.743298634422707,1.516344827380835
0.31981376327186045,3.29137053352104,-1.1436812158718905
0.43928701429507083,0.5973214679305309,-0.6161602381212397
2.390520054552802,1.033208503224932,0.37884104107979294
-0.6374778642635107,0.03239467933510907,0.9748619374174915
1.171588991021032,1.059471769303909,0.7221706088159384
-0.3679050835928475,-0.06186334500792533,-1.086964818025565
-0.20214213146000612,1.151192177657047,-2.5616372010644897
-0.15876651018853047,-0.8463395820026248,-0.4392507223939372
-1.2012919621488887,-0.14180352113305048,-0.4386290513193773
0.572646859844879,-0.4005973728570926,-1.1478769167306786
-1.1039264548693912,0.22364727220630412,-1.6487676099563626
-0.8348725221205557,0.21339388564277229,0.260975312069624
1.0947277843421728,0.1280759237409275,-1.3656459977021909
-1.9906007317606194,1.2069933012886005,-1.5212687286182813
0.5120226741084422,-0.3720000715706622,0.2976713325444796
-0.20865300003781317,0.3708903912148595,1.6418633004836358
-0.15736007387885573,1.2435061345423017,0.3778153008112219
1.1966441608790173,-0.5607163024129694,-0.9738289879255145
-0.5149407963912234,-0.157715125492084,-1.0048007283186156
-1.5580900054897489,0.43767442419671043,-0.4626247441906817
1.2257866442491288,-0.9811039900794203,0.38930442052879355
-1.3526571037725648,0.6246767170554312,-1.4212291823956236
-0.999471904982237,-0.6192728105025185,0.27827751572391396
-1.010572503336052,-1.5526531504968797,0.3360364368312419
1.2975320364180585,-0.5463742371155375,-0.8241431013528154
1.2530835370880495,-0.8055949248686122,-1.8007492873479094
-1.085424984194158,-0.27135658858148926,-1.5568611079476244
0.49555718329221915,1.805619299717888,0.056153919307670296
1.1617258644516641,3.1851166071728425,-0.4358662505838705
-1.7833627932447957,0.720630847858639,-1.0664984022279733
0.5039651704280897,2.0041629797377007,-0.7749768444455043
1.8314685225157807,-1.95502347866842,1.303801218702406
1.815623760912562,0.5964422813393649,-1.2616416593796103
0.4305740054112436,-0.24177729582456625,0.025366376731964357
0.18671886836006582,-0.61550821613703,1.3490797583283938
1.2802639609116764,0.39963150298960115,1.5484748614332617
-1.87840039132917,0.14177299470995636,0.07210598628077079
1.5582935145985175,0.6017154690774229,1.2484710513575823
1.60886732762306,0.49006203985142266,-0.6700601437349025
2.2098807248634875,-2.116553847114081,-0.6715349710668598
-0.235495242521805,-2.7201115071923003,0.6984454709141812
-2.6175655910009414,-3.0821314901964545,0.9357976275363368
2.099028990242553,-0.6951213529760805,1.1035395743652385
0.31717538821705327,1.3010933124600126,0.1786771833369394
1.1038531286261315,0.059890998457259,1.579697801989843
-0.3387714916373956,-0.5129590370816116,-1.1505010047944177
-1.8258553599647382,-2.2191942602076447,0.7680443137549061
-0.9016134710736051,0.4044757069844533,-0.763259042820225
-1.7749216622199768,0.5563011067808392,0.2361869763086202
3.1634304409739906,0.7722733738946667,0.5019481467099782
0.6890962850758563,0.7536577308483561,-1.1193553628779354
0.30378142860482993,-1.2047673824554355,-0.5448039450313376
1.3506579016327442,1.8985441577934856,1.4399998788531498
1.63131411171276,2.252266753802904,1.1994688133640672
-1.6726161734945135,-0.2731651751066041,0.25254333553763325
-0.7370322787718102,1.6506778836687293,-1.2699835690989933
-0.6813948247977077,-0.5889377144156794,-0.15253816804807743
1.9452207190727502,0.016044050364542536,1.956663945015116
1.8589355780431218,1.6623289750875923,1.084566897605739
4.148062361676607,-0.6097122366525449,-0.8123962528875369
-0.3031416947576469,-1.0145398003569266,1.4819993552635011
-1.7306709713840553,-2.0468713920177883,-0.7615438111707038
0.0028641310426237077,1.3006733789025555,-0.6360048642706876
-2.9386156906907495,-0.7422873650350666,-0.6030598548869324
-0.8691105944366293,0.13995706073748204,-1.2367707159236685
-2.50462175637924,-0.5922250385511575,-1.2804502505971604
-2.283841799995591,0.9878195017038351,1.771688507448647
-1.8441152910621934,-1.719361878665349,0.21022173513854067
3.8078098977041384,-0.3591326845085566,1.4122441253463665
2.9557958813322456,-0.9142843535106506,0.14898216447860244
-1.567209022650509,-2.162576489666093,0.3199430642253721
-3.4069608831882197,0.05433585867170493,0.06590375091286468
1.4253566871368628,-0.9218959459135282,1.232124300381528
-0.7872508555751601,-0.34984630191649335,1.3359062186462694
-1.567209022650509,-2.162576489666093,0.3199430642253721
1.5499579375240295,-0.052407973906362974,-0.25047830384861197
-0.28573063865456333,1.146086018007029,1.4881838412987856
2.4625142617568305,-0.03755910353573895,0.898438158793755
-2.1446201272838628,1.2223386970896566,0.26355093643031746
2.6735425978783396,0.15490268790397785,0.8061923683381937
-0.03276128437618776,0.46196648995023204,-0.9059913582894946
-1.80392942990617,1.7143131587014377,-0.105008506441665
-0.4076313662468072,0.5168706966612246,-0.8247751978198068
0.03286428110150254,0.21842546635557714,-0.6418260962899918
1.4977058219947894,-0.8228000192970268,-1.3533341775376198
0.627927584702214,0.8090494270084956,1.6052008555218098
-1.4537846460995913,1.056517282350082,-0.9304930508793648
-0.15662502967740966,0.169955020431774,-2.3667027508205454
-2.7282263478787687,-1.6651020368310592,-0.0870530794591941
1.1797461261693694,0.6463031023670982,2.0948518773249565
0.7222685259301058,0.5654880357777581,0.6613437583538704
0.025542680535442043,0.7797487035566908,0.06040380793737786
-1.402294155399363,1.3280924101876428,-1.3339458402185633
0.6116467033180838,-0.2251591479378646,1.445730707561089
1.9652694508041497,-0.2427233434879404,-0.9283009965246544
1.7815700981623128,1.925289353005331,-0.7166862291594801
-2.736423010733738,2.0202683717635406,0.7930074102931713
1.2092090975925522,-0.7049389115804263,-0.14334230607517925
3.4479461235343885,0.1669502662933148,-0.5229933150223884
-5.359911343884184,1.8901236129388788,0.040518203165128934
0.8239357636426927,0.06899890165795326,-1.5094320303425368
1.5582574648276337,-0.4478556587137481,-1.4306118314166782
2.6565610982534156,1.645844162453992,1.4093539116579215
1.9782126916815523,-0.25777562832482404,0.48547036772175944
2.2599577986136468,-0.6836347674236052,-0.2319270642465323
3.234141226070368,0.22697117072659947,0.27441270206172735
2.2599577986136468,-0.6836347674236052,-0.2319270642465323
0.41962089663503066,-1.1221388346123171,0.38615274963457225
-1.436972809727148,1.2359596751978712,0.46683951733498136
0.15431851590364473,0.316681776505291,1.2797172186651589
-1.2522616568606189,1.4331233472836222,1.0479335173921973
0.9948830429719917,-1.556842115381818,0.27495930774887406
1.1305072004593977,0.9786350502418915,0.7823411791612654
-0.3562350815889618,-0.044628200928317256,-0.27872395711067793
-2.1091285620316413,1.9876897053001044,-0.8544696603405697
0.13195663623653464,-1.2028747282293577,-0.022425792675361645
-3.4993611862012677,0.592476496448066,0.4046081863743073
-1.8348525601289283,-0.41178082697498386,2.2411678891034987
-2.6355701713318913,0.127514432404808,-0.2505547485649839
-0.5363307768338811,0.6838546063857953,0.1443525736255855
-1.71192577258741,0.902724865480344,1.840079270637893
-0.22617334181618742,1.3070461306767696,1.4753709323255355
-1.8466827471158656,-0.8211489163163079,-0.04606521781894003
1.3999708559043693,-0.25238073740661043,1.3211636291610696
-2.2685638849830805,2.180045700340135,-1.4638267037172616
0.2453127330323555,-1.4800494571264688,0.3035806750040711
-2.4548670119300247,0.14773174060772915,-2.260195674349778
0.510621121294214,-0.08998960092438962,2.0182194743570423
0.2469489921917691,-0.42929209197134627,1.327016642404091
0.4300715986753644,-0.48785392148276746,1.4061384076217043
0.9362419481079101,-0.6399586041344548,1.4456957903529943
-0.18784893803289,0.035457810460966535,0.08291735857915221
-0.291115943462854,-2.6536425015957716,-0.4742296355365895
-1.3460741190547614,-1.2741418447685866,1.3130092848281165
-0.9174951391544222,1.120345176108552,-0.16513799771471843
-2.9343563318988592,1.6601006764651567,0.3902714149550991
0.8720868579814811,1.3430573340527632,1.2983557851040866
-0.3817166038578321,-0.8926579874521351,-0.26406564965245705
0.8833786232188299,0.20461825767317154,-1.5003283371713236
-3.74457814595684,-1.5923803429345302,-0.09264618576989712
-2.3487334291344686,-0.5640880931580032,2.0721388521072313
0.1968134722373037,1.3619509726714127,-2.084290447416983
-0.13415148389268938,1.050738927121088,0.0933954640740392
2.0110456775120342,0.8031273252175046,1.1708976471438313
-0.13114855861426927,0.2092705850441739,-1.8668064674002292
0.17618469963556466,-2.745843126776897,-0.06605475593491743
-1.3704927978487365,0.1893770192052727,0.9912117930585548
0.9679715745761412,0.09633540790538163,-1.9687826816692877
-0.06067569575101383,-0.5885666985351627,-1.7267298667435946
-1.2006491996842295,-0.09620069741453217,1.5435861944715317
-1.0542866007241156,-0.1424819584342521,-0.03573428006183022
-5.499491930623554,1.8213260321523297,-0.8732255482823068
-1.6006486829302273,-0.6676100888427384,-0.05380419392321723
-2.905385672864322,0.15498036699595036,2.506569153559823
-0.8500582637908355,0.5573090828285586,1.9938312441581882
1.4108896649233569,-0.19820111983334607,-0.28823803327115566
-0.06067569575101383,-0.5885666985351627,-1.7267298667435946
0.8896011435052632,-0.48281024791413363,2.200593956155779
-4.299595534457401,-0.3890784392106796,-0.341926371596146
0.3221745318013729,-0.11052680562197074,-0.25919553723814237
2.3320981784798263,0.46069159903580165,-0.7573999571205657
-0.5137362029602431,-2.4807058297598603,0.14359536281915689
-2.4227500337856163,1.230679676203219,-0.00034873402513259356
-2.6202778572069914,-2.291807213526105,2.194863773814287
2.1030193433396094,-0.17901468664683895,0.6091624977106533
1.139082184372087,1.1666781151835035,1.4820826983489517
5.232384847795283,0.4435437254126556,-0.31675315167580004
-0.653783746442656,-1.4475549300479769,1.4554302276744242
-0.1962786521833488,0.6780075447290628,1.0801245878135037
-2.0869136102562216,-0.8467512287020855,-1.602092770869541
2.851638380899021,0.8095615151766586,0.01029469958202752
2.4575269158051167,-1.0221765515629146,-0.23941019014534276
1.6967886732126982,0.7522371216841681,1.5394672878960307
-0.3260655731926805,-0.6285115610214256,0.6382367989313316
-2.1023197250686336,-0.004434808191113044,1.2223730496851772
-0.08545441269501515,0.5266753304955757,0.9641326445719071
-0.6129379915780652,-0.059752273110039666,-0.23690409374438223
2.0798066860979514,-0.04403108555839599,1.3171881421470388
-0.13754477923125522,0.18721386960059905,1.7759875222199892
-2.393955378112546,0.6438748651480437,1.655935607001366
-0.6723349703704522,1.3945939752032097,1.237119568151243
-0.13229495268005648,2.0821145244518835,0.19562450185440378
2.9051349468852052,-1.6487339366421474,1.3268483827597066
-4.9639225427417,1.209723099785557,-0.1431716315793204
3.9207592958040185,-0.459775069537161,0.9820809085009092
1.1648472051869507,-0.2948816278178279,0.5241057053004405
0.7935355889829597,-1.7394483120332787,-0.7830557075473834
-0.14004284175385512,-1.9265180831510331,-1.0836180678335399
1.4450472769570444,-0.8275585691861298,1.3637198475611654
-1.912619171738465,-1.1144585793522779,-0.06254621188733829
-0.9044866631723043,-3.1655771429037016,0.8785107942577076
1.5681937076025272,-1.5360217152257531,-0.6935027412162662
0.8742000203740453,0.06293398624664673,0.43321063237486945
-3.766660698792762,-0.3479691396286826,-1.8867067246995848
1.1831392206400242,0.3199959191714688,-0.08529369933147815
1.4460762906491151,0.22780168030694617,-1.5113665076864395
0.10636661272733997,1.2345439990581761,0.1892570800548344
-3.9986215614620746,1.6874585068850467,-1.1757581455690038
0.8779017297523879,-0.6147238176280717,-2.4456194285962014
1.6908455484115856,0.9800895407198106,-0.9091367544694864
-0.8842705254272794,-0.4000879602896042,-0.5901688333505315
-0.04167455024340408,-1.270074814733206,0.27272447744030986
-2.6206068675614294,-1.2604122866035574,-0.551638875908824
-2.0252207646519516,2.3792644252478077,-0.4074049224509102
2.543901946097457,0.24064362900771719,-0.47284859461453366
-1.401799295421053,-0.5948121585602753,-0.22892511231760831
2.92625812613315,0.6164920843857066,-1.829633824038004
1.7130367697738367,-1.5026269230693203,-0.6905035379357943
-1.38508148184284,0.6793961429591947,1.2205897070922656
-0.08545441269501515,0.5266753304955757,0.9641326445719071
-0.2737163256128743,-0.9668968459101202,-0.13066868390167502
-0.6526268490814252,1.6387210220382322,-0.6336545009878627
1.358853637168832,-0.8226894250480332,-1.5375553796574974
1.6651478364317076,1.35117728234689,-0.34588054554169007
-4.267716253832617,-1.696736238136267,-0.47216114189368646
-2.8627233872146567,-2.3287028491027413,0.15611003761918413
-3.6877904540324202,1.387451402401131,-0.18760267522462856
-1.59459566973176,0.07592813133432363,-0.42575322447825714
1.411391880154822,-0.20151856890460382,0.013367531487290425
2.0017886204208097,-1.6757704473521997,1.4815778609176438
-1.3030913491663492,1.632235240716293,0.7702278567938872
0.1571431944888675,1.308093575619397,-0.5784652282764373
0.5958123616511343,-1.7127417475579865,0.2304310750243462
2.176010894828359,2.074328762020492,-0.09114932085514103
1.4084553527421775,-1.129927202751259,-0.9306302655367613
-1.0763820763350829,1.5461080146316628,-2.3671006458585344
-1.8900808911643707,1.0799898671650126,-0.2957371829059469
0.9305763906687192,0.3627853068521295,-0.7859370406218266
-1.900410231569971,-1.0561764362791857,0.5786134782502215
0.06401393859380464,1.738689086807801,-1.8991100678223736
2.208758146792911,0.8720018310021753,-1.3452211431547836
-4.169036421399535,1.906752253092742,-0.44457330948726814
-0.2610805136138619,-0.3915695085470225,-0.20195564408022718
-0.6506643086387802,-0.2515798080093106,-0.058428398340834686
1.032504987899741,-0.7541307605310238,0.8508178257661945
-0.7912936940174815,0.38924202783109524,-1.943778711683839
-0.04982387318617173,0.8326807825278326,0.3591259167400433
-1.2786125428678026,-0.44413648226028796,-1.9354052228537952
1.88922991997071,0.17098641013788152,-0.49423104492455816
3.4279478324879893,0.6278391723637121,-0.9065508508341008
-3.5694882204255385,1.706818242337812,0.0515435153471542
0.29320233153169184,0.961775122909659,-0.13908829468514253
-0.5428211234728937,-1.4603816780412096,-1.047423964884599
0.40996946020870423,0.4581768070492465,0.5974173149667509
-1.4169947600845036,2.315546502886762,-0.7516518204245406
0.7627996942628053,0.3633775413790155,0.12507701421289513
-0.4482055346739415,-0.8413390791842571,-0.1346625410115096
2.8550816439284823,0.5020821520985226,1.6194467351954915
-0.46527841595413183,-0.981890562330115,0.44044192204409804
-0.5756260979182796,-0.3804140476005982,-0.2340686286485609
-2.5956067394709255,0.42906825276419625,-1.4132284196484362
-1.222912632470004,-0.7557348025057805,-0.18256575645078657
-0.77572176871,1.1343624256492968,-0.6524333114641249
4.186126079239122,0.014698673540202769,2.080148003603886
-0.8520017798707157,0.9570630163457373,0.2507017548783113
1.1201203731163865,-0.32456745509316187,0.4237476060272889
2.7560100017753215,-0.5533572883615788,-1.5335118443818658
0.23103019514440046,-0.23250892356430414,0.8472689773509154
0.3068145575217331,-0.10979182248070887,1.508687205104551
1.467266500061301,-0.14895625163585605,-1.4792173221746865
0.3274634597574496,0.9458728114162946,0.13021714965562106
-0.7694232470972531,-0.667048871832619,-0.5583497556091525
-0.7584825722624022,-0.2949671872240194,2.444939828997631
2.9654085250805777,0.21612276368095987,-0.6198519784677929
-1.1386052181999806,-0.37884322606204696,-1.7826303650070747
-0.1713699621210855,-0.764694666684631,-0.010407767603265141
1.957590334398435,0.4683291680043846,-0.8372013561512084
-1.5905918000249635,-1.3711431833084997,-0.9772335677216722
-0.7892845227838853,-1.0507696248668357,-0.7592618969230414
-0.13019449458721552,-0.6469253888608443,-0.6516566269211137
-1.8244193065322551,1.9376896633661043,1.814457305228185
0.6623613611144451,-0.7538346286844644,1.177312008137527
-2.557342552956503,0.03680766200639023,-0.6902452466819663
1.653024055337304,-0.8174920988258327,2.962030070439447
-0.025353572671579703,1.208885834921834,1.325234078053222
-0.020826659335282167,0.7424318921301822,1.2558604795735626
-3.1119209705507664,-0.5357937807129116,0.8118680497472291
1.8222076180509372,-1.0931015957997174,-1.052903427272797
-0.3646528281752968,0.2400233430813883,-1.130499498370345
0.16000651233183266,-1.211989822636662,-0.2065642061259498
-1.373008802938296,-2.6051380278215763,0.5163900541959312
-1.2130711373639478,-2.3135006747456006,-0.4935978419066583
-1.4475692124234305,-1.1955632312603424,0.836213264403921
2.8298574233165854,0.5698395550170494,-0.5506699710927123
3.1885719098263747,1.2814880367394401,-1.283084117413547
2.1291343315795848,0.28244119240945514,-1.7536733826082853
0.0840295026326975,0.7116351654163915,2.2383940386522325
3.537201496591329,0.18732695660936247,-1.58998563655151
1.9209128693208637,0.23633689595360743,-0.6644059505943173
1.6620261828833496,0.13288850941639702,-0.18412057574359708
-0.9750058846932267,-0.4174996221027433,-0.8182663887056969
-1.225513408057434,-0.80819379364896,1.8538986404225775
1.587832215379489,-2.2190315795954434,-0.44271761469803117
1.1727480429000448,2.4975542524548247,-0.4200286223588444
-3.918446154218492,-0.5187793061156626,1.8978764300902697
1.8058978439435804,0.28246074664280013,-1.5556550286435036
1.2844594141626677,-0.012502207142749853,-1.4052488377686077
0.27912720377731337,-0.5000126374170335,0.28786232258825606
-0.21908728384242437,0.38698394182268353,0.5688637729545134
-1.6069668511559718,-1.4670101188900937,-1.0423399750777473
-1.8217336946990743,0.040131131905596064,-1.4548645949738446
1.2241734031202651,0.1563337585562928,-0.7823063414000807
0.0956704718683327,-0.7726001143525347,-0.9599398367930964
-0.2837619378005647,-0.17532648603727705,-0.06148344762167487
-2.0621971678258673,0.7712658869160353,0.23702866870444267
-0.617883316017524,-0.7676340422037533,0.016826455139585996
1.2844594141626677,-0.012502207142749853,-1.4052488377686077
0.10293587893275566,1.339858795579095,0.21713566324345437
0.0467124632631515,-1.796982026791233,-1.0754100430534168
-1.0610486968316704,1.306442790843659,-0.14057288145603528
2.1146169129855865,0.6281278785797842,-0.3426173551721817
-0.11100883820897962,-1.131892553098561,0.7675069702465972
1.3878034722024724,-1.129624195995525,-2.0604325220919186
-3.4430466762765835,-1.4533956122852187,1.0307199892950338
0.8209590228701161,-1.671000464374005,0.7478633531983219
1.1188425679528466,-3.5845969743812796,0.8671346221461259
-2.879297289851437,-0.32282506250753323,-0.9704947985741211
1.0176133790074289,1.5009270675841446,-0.8279539362280787
-1.0730643011031855,1.932767565358837,-1.016478592280315
1.9136147463246098,-1.4164947349321184,-1.4724221626526652
-1.191375281731956,-0.1992483192815439,-0.5415668903830458
-1.0763653113055933,-2.7322583393830535,0.6194296816935074
0.5775195352627145,-0.06119941905721973,1.5873403918242852
0.10892048311735,-0.07758552436479947,-0.15227593270493534
0.2077787140715023,0.9580854482668644,0.5097924999061088
1.0022465896355495,1.345360353562966,0.6622483329663633
-0.13281814481657034,1.1385641547115068,0.9133411553768244
0.050391627645722276,-0.3637874124483902,-1.6672882379878586
-4.049926202253382,-1.6393089437536117,-0.7746351734333088
-0.07925288153345643,0.032904573608951965,-0.6781327704249593
0.8568530903843136,-1.3347394604466098,-0.8548777184747128
-0.2657585708835891,-1.6317012829497064,0.027817331196360425
2.081600809237879,-1.3692943087435838,-0.658799890490294
-4.20143789001867,-0.47914306257977235,0.7525860146148593
0.8568530903843136,-1.3347394604466098,-0.8548777184747128
0.6828574050638101,0.587231024130872,0.09232066867557154
-0.25223717952352875,0.19729621917628862,1.157959269775642
0.9467760191693734,-0.7759645385640995,-0.03699976029985016
0.23736051464020969,0.9587724968221363,1.4588882015363829
-1.8288212918031173,1.0924931813814718,-2.045419876024277
1.3622624046383036,-0.08711231013362726,-1.8228243838748255
1.0309041868411721,-0.713878216975615,0.027130085051702474
-1.9497927039280734,-0.5698997871674103,-0.478056314501559
3.409986797270236,1.8607906823521365,1.064631779958493
1.523643370560808,0.6944366312655503,1.7385393771668702
0.4078378352548674,-1.6605181231425625,2.3355250504696983
2.722800642752222,0.6813868799624148,-1.7030563363480737
0.8566992413399115,-2.981432378204349,0.6313753043351268
-0.48065155468580045,0.05677970093207547,-0.9162498825748788
-0.08705552593131474,0.06149837397600432,-0.49246083863658263
0.5288349620733023,1.5998071666250684,0.40456088742126256
-1.6461502238215393,1.5397933349304342,-1.286693189667754
-0.41192072433174876,1.188258965243365,-0.5420896518658237
0.6075032592590734,0.0715162601324815,-1.20652530365161
-2.877319818309016,0.9982494987920756,0.7540655335332388
0.7277245402907091,0.14702230343229786,0.44016666398520543
-2.2338709420179566,0.11528187972623012,2.1344381560484695
1.5665087238625297,0.7367028742727905,-1.0788591968360604
1.0986192943650444,0.6941688660365485,-0.9496394671950625
-0.39089988937806097,1.8331307349180705,-2.0534320534507624
1.6844434020869041,0.17248075918065617,-0.6236492539084253
-2.220538726200739,2.3064301713403257,-1.040027284826188
0.1267973116762165,0.14446780063262896,-0.9035374864829473
2.625492581066685,0.8713212136577753,-0.26083070495119864
-1.7497521282380701,2.3193967243324236,-0.37260613678241444
-3.409754176396086,0.4811214530276393,-0.08064759664539213
1.21015430143066,-0.7729148398088304,0.18499549571125543
1.0343942726334965,-0.24693464562697115,-0.44411440766969973
1.376112891344822,0.7714352910473367,1.668870745807112
-0.5502786477420989,-1.5720638875856665,0.4370593860464685
1.2337531254771759,-0.05809004298649665,-0.8920292478016899
-0.6183838472239215,-0.7848215558330147,-0.13855197144214104
0.9435696137194497,-0.10971633704668521,-0.9769724722737297
-2.394501635394508,3.1443684363718436,-2.290645419400613
0.7533665899582651,-1.030730461013415,-0.8095317094397355
0.2077836076683858,-0.8938731106277702,0.32622496629335535
-1.0267600475533247,-0.29467424562293226,2.9989021693449414
2.538371222640564,0.2882731908640677,-1.2278510914520149
-0.8034151180243344,-2.526433859896415,-0.6238540261023896
-0.32746068267835743,-0.688582613691493,1.5018873906222574
3.313869517224364,-0.13205002935596838,1.260924824595816
-0.1291819328014184,0.879227211573708,-1.1875369101999758
2.4438237438893347,1.3029157574175243,-0.26272766131915204
2.531815966918491,-0.9892651081830219,-0.39496336862206743
-0.18114059442416106,-0.13427400627124594,1.1954002690507552
-1.205271629418507,0.3214210567208546,-0.6204777715452656
3.154412759229478,1.5118872793437466,0.8350605828600011
3.9734182195980816,0.2283306833817915,1.5809743654522703
1.1950501753206753,-0.7569800784692615,-0.1934674137314919
-2.7046610164771105,-0.4039282104685378,1.4481225745367432
-0.8784817492158139,1.0077048311578025,2.047703348239297
-2.9482896579982167,1.9602102088033075,1.3137271424703036
-1.5665739437855046,3.307406707985456,-1.2968069526640933
0.2317796539059537,2.0267275416310353,-0.3476806305692585
1.9368674622320914,-0.6621294126683425,0.07170051338409741
-1.06480380616069,1.5139805243557432,0.6155808338921382
-1.9479433969958766,1.7423154389009725,1.3554802051185717
-1.423450134150451,-0.4985226015326197,0.9977605082282227
2.280934969150716,0.4243895315267317,2.274313185765628
-3.3213295001702217,-0.17635457551302558,1.4437759033200144
-3.043320429355212,0.9515918632153438,-2.3351132574010123
-0.09934149830321085,0.9739623834897246,-0.637434590939471
2.688946833898892,-0.28752801008300755,-0.0817218976337984
1.2280454825590963,-0.6002847347708221,0.04795583490328014
1.104389638977848,0.004147047259110282,0.9338064468644666
-0.4234702954697447,-0.525645783960315,-0.4015925271502027
-0.67705577868142,-1.6566043174088805,-0.07393577041647689
2.3525236443050903,-0.4322896814250255,0.3000366387034241
0.9545660279015367,0.115357117647882,-1.4243611010407398
-1.5313269472875273,-3.434379739236472,1.1478407119907752
-1.3877651601761862,-1.3600236978263645,-0.408700406015877
0.3066171855984251,0.2246506403061014,-0.11966085523901186
0.8098231721891235,-0.40403210605611484,0.18795465299428735
-0.6250742103060496,-1.3484868268209595,-0.47677727591548386
-0.13595135304888759,0.5803256901057747,-0.4799765958094777
2.3227241378240358,0.7929235615361152,-1.810211614508643
2.3580396455871124,0.10304876983694825,-1.373630108703684
-0.23044388178129074,1.4290047847109932,1.2383861772470368
1.3072719338266803,-0.9800697866647341,-0.779950424876587
-2.4553380328977186,-3.6323421469716406,0.7854245615657085
0.9926369660589122,-1.2188197166103827,-0.7240871136427758
-1.5856433060811426,-0.532293529070344,-0.5434383294523139
3.221272931191284,0.10980041931138285,1.4922100483800727
2.6264921662818597,-0.8961750458234728,-0.5522969610108711
0.9263200657288624,1.093018016697282,-0.12460579784669629
-1.1872530085129354,-1.8407120300319537,-0.7591027595599779
-0.4206349216362038,-1.5150597162802777,0.33646527751287925
-1.6119387803620384,0.17052736089479115,-0.5950282283857894
0.7327970446617831,-1.1433202304192123,-1.3822897819233666
-3.028210567540449,-1.3125483122017834,-0.7948008411685431
1.5249996573095923,0.15788658170154507,-0.1745550299463031
2.944154464378404,0.7374056848757857,-0.15951265385359492
1.8726876573100326,-1.3587761392205941,1.6359647585304504
2.0887533459954555,-0.8999076921325108,0.9582001080393736
0.4985612168394258,0.5469041569673333,-1.166241186500455
-1.2772869776208637,0.33898429106793626,1.7347015935976502
1.15943725995926,0.7694285778686023,0.5511497357779069
1.6567070762162903,0.1498113021271243,-1.7303745431999542
-1.6254139681391386,2.043536712612367,0.6035366348009724
0.8472865791762864,-0.6349268183139231,-1.8396931716041824
-2.054621962903571,0.23734461890576217,-1.1678694286028368
2.0986656527082355,-0.23704061470341353,0.2232758795032045
-3.933745159085626,-1.0771303576909759,-0.9619474628310897
-1.7143859532243992,0.06693221700836226,0.7907149021052486
3.453164282614396,-2.0071010673373486,-0.6019236868632758
-1.2197604995616387,-0.7936702549938475,0.2992075088825826
2.4796846676108713,-2.905572773960071,0.02276835696806029
-1.1657432589823233,-0.30463291033845946,1.7518102320456157
2.497351442514701,1.5752866938589958,-0.33560624031704317
1.418826825983181,1.1090617963978853,0.8954027349581892
0.07169629974197286,0.7678798828104448,0.21023567891723852
-1.0396435141144742,-1.639360273911828,0.024216210337856238
-1.02300271222714,-1.3179179752743806,0.6323130570407155
2.7888122940292703,-0.9539939988504716,-1.3156505558508187
0.448940110369815,0.8159894610079487,0.1482934501757664
2.55287427037315,-0.28798322302057827,-0.2876726851670564
-0.7547123818494884,0.6935959988563757,-1.7501345641352897
0.0655361905851972,-0.7782745111906854,0.013907104965333787
-2.1906026999555377,-0.5135805836472452,-0.23312554210389755
0.21144430000989198,-0.765322734633447,0.274642792427982
0.06943370635385421,0.19411263638745213,0.9904309897578433
-1.352258883022481,-0.6325925751959476,1.0905136253266088
1.2531266374053616,-1.2469885383698414,-0.8501259940614646
1.1767581562423994,-0.12493728639131972,2.2395612198243855
1.3450368112227042,-1.266853878384545,0.40952194311351153
3.355295038607902,-0.4636188115003955,0.29592253840844196
-1.0687729701097008,2.020901976821533,-1.3064334059829192
-0.34414347575351945,-0.9634885423788629,-1.143767752456158
1.3505242231123893,0.7745707975168171,-0.19266624310974131
-0.35734003565616534,-1.6822397176570507,-0.381466507161047
-0.6826166739166083,-0.9651944590698703,-1.1523649331516528
-0.34180604638597417,1.726539497410789,-0.5959211442951413
0.248626755359741,-0.6617748659589227,0.21900575315802273
-1.0246815248977976,-1.3211436703734551,-0.30859644973954337
-1.2720278954360034,0.3923313726659043,0.9189706731843486
0.2632883502184697,-1.9176827097259435,0.03101761165700187
-0.05395409227924301,1.6174349190971533,1.1966639480467989
0.5374985537677599,0.2764563399953627,-0.31027751525809
-0.025136878789857826,-1.5431043447441455,-0.91948323427134
-2.4734970198866146,0.8260641756702924,-1.854396379782001
-1.3337725380622323,-1.4822143237614167,0.38464979864783544
1.060099261695677,-0.34097252890589763,1.3414127374831175
0.948137331295999,1.1517203872238948,0.22074699049443475
-2.5195832895241805,-1.256627212361889,-0.20805767672015688
3.069659166624924,0.013372345319999545,0.023669910235509725
1.3122952031106785,-0.2906858608701174,-2.6092150419877527
-1.6877946006165518,-2.3096907980489068,-0.22512368768083862
0.1010806854802015,0.2224133882377659,1.2771841473350383
0.7688708476940507,2.3639738275509483,0.003909350053984086
-4.8024271546702115,0.7576867916182553,0.49393179273105303
-1.4791375733461856,0.18274336612303185,1.0003656929100118
-0.19617294814091288,1.0035466009953937,0.1811657516810947
-1.2176920072427162,1.938585132273691,-1.8580861736228271
-2.083017536001916,-0.985706194972808,-0.8401178337634418
1.6483270211178551,1.031946834253704,0.979404244650529
-2.036357083377258,-0.010768794269604377,-0.2586934935729608
-0.00996054949120754,-1.7507474008264967,0.42890831227383835
-1.6326225849994442,-2.4006497149492745,2.4644600928758424
-2.1664953447019677,-1.2176860696236194,-0.15967486446452978
-0.3620493838194957,2.261583529789742,0.13178986863102515
1.6258365758607156,-1.04129381548018,3.098659242204178
-1.1752856644376728,1.034200477083907,-0.7060480142904583
0.2553477762822988,0.8942728677341845,-0.05087834087161201
-4.528731861111172,1.2312861316441952,-0.6100167427753501
-0.772082598442161,0.9611646271590644,0.02125846508151417
3.8710976981739655,-1.3979079441833284,-1.9667923053693563
-0.14700351883265528,0.4242209673190654,1.6484240756066308
1.6629202910334855,0.7474340304018291,0.2193565257380485
1.194244445895368,1.9444164259080896,-0.43747660726500953
1.6342778397627187,0.6543326680663982,-0.7139937197084647
0.24491797217512862,0.7711764142966437,-1.3889133380038523
-0.6812845814048599,1.4056605441432934,-1.0295312835100794
-1.328222149748196,1.732514369491035,0.1807236963169694
1.995564061812357,0.8388858949667495,-0.35958708330797495
-2.7517980446673915,-0.8185023863407048,1.8085685715938815
-0.969248290402382,-0.7162795469397542,0.6941770211862422
-4.1223027857857915,-0.8870315434082042,-1.0646114560350248
1.4914319977469506,-0.9015574090767803,1.162583888614319
-0.7959233379673435,-0.07273208187672074,0.42742537816085024
1.0866700005938175,1.0777636974411247,-0.4350652288702917
-0.6509376643353427,0.7886513970346205,1.037326052005872
0.6946906284519344,-1.2683523634774465,0.4311231250340254
0.976885987539861,0.5751062284886139,-1.050515288224349
0.6524977130151355,-2.2568807922535337,-0.6271779603001755
3.19619771917771,-0.7170499481885106,0.4044922442282901
2.3658904328123986,-0.323419499849927,0.6131258300059109
-1.289300941151369,3.0719528999055976,0.20587775861096702
-0.4948386313317226,-1.0229575382329834,-0.5959511357350038
-0.9146848404045624,-1.0685381502805862,0.19104805402018674
2.935715065070427,-0.5888610598157941,-1.4917615904725965
3.0064041632879195,1.442383712113832,-2.5319936849405216
3.140333056253988,-0.49516788753441593,2.0536414232636218
-0.9498615877517184,-1.6977705800323102,-1.2745407576130734
-1.2304317298523268,-1.2529149772782615,-1.545904862912743
-3.0079809011592413,-1.7045000874149214,1.2975858258697597
-2.3098080508115966,-0.9207913056938724,-1.0613732438395234
-1.069507120580715,0.7161683084716771,-0.8869437688282317
-0.380012653284199,-1.3117067197991181,1.6895078272922672
-3.2730574650662234,1.968338050249835,-0.8026871281172999
-2.4559520071057532,0.43879504964363797,-0.1551925594879672
0.9673510402752307,-1.4753852741035631,0.9265463201607602
-1.4334694649543658,0.4256485993651333,-1.8519159709121402
-0.5159556857243547,-2.1987796793425636,-0.1490040273777213
-0.49183608788079836,-0.31897488627298015,0.5175627200179599
2.148375633890607,0.05179546105328684,1.099723378031837
-1.1466553950189184,0.7373078452584153,-1.3746842011449292
3.2256379866369684,1.6067430589558174,-0.7325454540786563
-0.7217527225734378,0.7777664153571707,-1.711094139157054
-1.1299116482973868,0.8060874912642522,-1.4623013574220531
-0.4319548365886916,1.1565108616928341,0.34991601072672185
-0.3463706270234927,-1.806180018912691,0.746200830048985
-0.8858855822790097,0.8937869545543582,-0.3383083237283709
-1.3937435265056266,-2.1139013309856383,2.7052557464222473
0.2477103650152943,-3.6287574329691474,0.019430731511320635
-0.9592491687591345,-0.7164690729574108,0.9704787319484619
-2.5361892186873356,-0.7213319486246644,1.352048832896607
-1.8449704753178153,-2.0052745432984764,3.151790822782287
-2.9517530519297352,0.03706710685708467,0.9644836810912157
-1.0526891967885097,-0.19326977954089847,-0.22500683497643928
1.0080563746112687,-2.9977036013728022,0.22016261363973103
-1.7625446948909445,0.6376298086129661,-1.7680556007102084
1.2295703810594654,0.5907402641189495,1.37998703398322
-1.5002575953753006,-0.8007780897676102,-0.7208107444486285
0.4567194515676212,-0.5597226137208563,0.5807833285937947
-1.2888692481561037,-1.7018123212806844,3.253634401653586
-1.4107553278751472,0.08100805335952461,-0.4033361236547868
0.9862666005224215,2.4368010374897913,0.6322842421053334
-1.7319398789686393,1.0406060737984792,0.14712684334954076
0.79890028359531,-1.9420768345807102,-0.7471894444808411
-2.849787940441388,0.577520806822897,0.3094950677398674
4.098758764155775,0.02477539266798881,0.7405912219167814
-1.1668280665325599,-1.061011376625082,0.062075931870561186
0.8567393006789019,-1.000905997949475,-0.10520015929550353
-1.0302999962767234,1.9751241181330061,2.1287958169149697
-2.194709436687232,0.8005071634209255,1.9705176691037372
-0.8100617859453504,0.7205681141085478,0.4370424684038686
2.0585147651328914,1.9217823713261108,-1.0299195968709494
-4.213340819270486,0.24875623758253515,-0.34594117193192514
-1.0730038519184832,1.4571002596789249,1.085641345572643
3.9033154374162438,-1.319369530460291,-0.5550795046664568
-0.5427493220212152,0.17438761335635047,1.1071563188217235
-1.4625631246917679,-0.3683747602848976,-1.0465997537905791
1.4130205514571543,0.5214873069901725,-2.4043993323418715
-0.3369804997103622,-0.06786391751662219,1.3454335128012342
-2.78862499172876,-0.9317921866598419,1.9333490384549705
1.3096933502100365,-0.12493549857003149,2.536192409269487
3.7518899284747924,-0.13745123660036124,0.5145543343525595
-0.2713787643648115,2.7934220724823975,-0.19935985058974445
0.1445629095541766,-0.3872207293581378,-0.5454144724593792
-0.7279972504632893,-0.5398597935487527,-0.49793869632582816
-0.8256277871205073,0.5120483382774166,-0.2629115879856722
4.188705936344319,0.4009927638218255,1.0002382919073443
1.857779624973756,-0.49248442087209443,0.13146032048646225
1.0960085334129779,0.5415431085976892,2.35554011406103
2.0552670921184566,-0.8314345363878797,-1.3542620509850178
1.6814905057248657,0.5175665267811338,-1.96252643391935
0.10424301786093754,0.07345112424545239,-1.76298162849566
0.9773310219432488,0.09536349164024308,-0.31797070747674344
-1.5809513078216497,1.5314712112814934,0.652462229668314
1.9209542922559226,-1.3938868197743006,-0.1286091174153025
1.076367546734347,-2.3997339933800808,-0.3218361819316998
0.8253787608880135,-0.7712000083220316,-0.23053905571340377
2.8502974799959855,0.15685706567749202,-0.7571812743855842
0.47420448999034504,2.6537340523603583,0.1394306225407051
-1.533418766509283,0.5994243066389512,0.5434972716241989
-0.7977483981469726,0.2105283078502732,-1.3327044551876532
-1.6992487088697927,-0.2774873255965699,-0.7047608828951752
2.089580348276726,0.0005812688551592414,0.5288163759164748
-0.2744886229684159,0.10521550013709208,-0.5210487975380584
-0.637346503460859,0.10039902044783539,-2.0028107729214826
-2.12951521521989,-1.6105535447694408,0.33444100269852506
-2.6009212644344144,-1.113884469376858,-0.0042647794910321045
-7.534061269307963,1.082175577952812,0.3318413599490462
-0.30088588376132863,0.5487252035782143,1.388528156051836
-1.0600285540868417,-0.3955893129078905,1.401175658431877
1.6006726845253665,0.8338539628411141,-0.41157659273974895
3.6461704395605596,1.0631044319159941,0.9039449054760281
-0.218915429358133,-0.1992663188413579,-0.08535223074760691
2.193223754836372,-0.826203338833343,-0.3723265548010927
1.1639909665365282,-1.5483691002700917,-0.5632598986454171
-0.856966487773752,-0.7043507487269122,-0.5205372679791673
-0.30088588376132863,0.5487252035782143,1.388528156051836
-0.9492578649427175,-1.2398259452279499,-0.7935551310935947
-1.3440059811475782,0.1628352505111643,-1.508437764794837
3.8179234074668904,1.0953071794863338,-0.3976407840664722
1.350785189394748,-0.22467297582485699,1.2338452915921725
-0.11942841860744222,-0.3635452606856842,-0.6579978038105825
-0.30088588376132863,0.5487252035782143,1.388528156051836
-1.5399558505893933,0.43823599596353097,0.9611432701808088
1.9854708223138768,1.062700639192938,-2.2961413475086996
-2.96447704755027,1.08994990776667,-0.8470863381089511
0.3700611375561101,1.7394879484114607,1.1408723416863633
0.5067655137969064,-0.1830850302858926,2.0837753994237374
-1.8388400632445148,-1.6563423272417959,1.3110215295763545
-1.2155657694981614,-1.1002960798422798,0.9430852128844144
-0.30088588376132863,0.5487252035782143,1.388528156051836
-1.5259564614700445,-1.678607481757882,3.0500771542111065
1.189384866727173,-0.846236714542061,0.05626914976719655
-1.9476735206822604,1.2731410314043805,0.4363547155925834
1.2888481058607044,-0.853089719425638,0.764501674502458
-0.295129957801187,1.7973313292309976,1.4477336773228442
2.407717134543318,0.1924706375136434,0.3139193870763607
-1.1722579474344923,-0.959715727866086,0.2941922008023097
0.29313980502992304,1.3175676666381793,0.4562417881886915
1.014492632042736,-1.424793759200986,-0.8617042135804892
0.9821172405759724,-1.3760776828626198,-1.1598861341651734
-1.7415031172580537,-0.8766689404885776,1.1024439513088282
1.0153482276733834,-0.7908935394530207,0.9613084078702752
-1.4774957135320679,-0.9458769668000857,1.2113932478522624
-1.2439183752753418,-0.07704947969829232,-0.047746173633270154
-1.6298738814795632,-0.19340967609386245,0.4805224182451442
0.006297724860108728,-1.6546734443654225,-0.4575738257837789
2.6777922016695386,-0.2143711101606668,-1.3837275236008633
2.0873891278009813,-2.297270421137289,-1.1263109148290753
-1.0387536470111283,1.0664671090379125,1.2006016874201613
-0.16952329259557694,0.29008768758452425,-1.1664868675864275
-0.3008297890883624,-0.6067978026833604,2.1104816207603174
-0.3381417070197827,-2.1979820973540294,-0.27961813705883704
-1.598225671625279,2.5839268801232804,-0.7099892529476953
-0.06962041479661647,-1.5453794071343139,-0.520918664176304
0.7243990264931098,-0.774635429881157,-0.17300115875357086
1.2137280963153285,-0.5154565626014683,-0.6661590136167108
-1.8899558754443893,-2.163603570289829,-0.6946371466892858
-1.881357990289827,0.09809602588068106,-0.09407603432119081
-0.30088588376132863,0.5487252035782143,1.388528156051836
1.6372605881975677,-0.8536030891124806,-2.029280188369217
0.2755382812811662,-1.1981832274500122,-0.651407694086051
0.9664930420889458,-0.27707971852042873,-1.490488678858009
-0.17442889884422252,-0.5431313414696026,-1.5029149885568416
0.35418533794010676,-1.5573610610994821,-1.3985313579632404
1.1489623785064143,-1.3794752454071326,0.5503809347839399
0.31181651555467044,-0.2971179189840366,-1.042416743091193
-0.13278219683260964,0.06436404201280743,3.3897909876923293
-1.7508696368021164,-0.508681937415531,-0.8319910412006074
-0.7802059382573993,-0.6697111560358187,-1.9259891630569692
-1.9275949595297055,-0.21404657296560226,0.34555518244528205
-2.8430062224011623,-0.08213008612978916,-0.09952987049623888
-0.3444790638909034,1.0938027706555302,-0.9536112127621187
1.2678546214296809,-1.2204056447017908,0.3313336202975828
-0.9790668411808626,1.4499957529966654,-0.5989632891896447
0.9821172405759724,-1.3760776828626198,-1.1598861341651734
-0.46401295501260237,1.8965902181555214,-0.6709264718710984
0.7797001721177771,0.6860241336604157,-1.8379027222075563
1.699887182987501,-1.0655564274716498,0.3128185643748395
2.888802315982926,0.6856866682722148,0.5650715620430686
0.6828422090973133,0.03116051028117323,-0.5167988518677142
-1.5988774634470924,0.6357950983192121,-0.7554817806777385
-0.41581616199685956,-1.0695337774706875,-0.1833554647841563
2.579962633407553,-0.7009047479299126,-1.0397139588318887
1.008384300681575,0.44637051426326596,1.6765778337964834
0.8890905862209441,-1.0659368919966745,-1.585414534591688
1.699887182987501,-1.0655564274716498,0.3128185643748395
1.5919284078582336,0.3976734041476764,1.2840009509182635
2.5951795688683252,0.6954871507877372,-0.31067321535488646
-0.01223528668629065,-1.865023655065791,0.30739752944390314
-3.3160032839443465,1.5347633887200542,0.03926254379083932
-1.5154932441741997,-0.1416405884920222,-0.3239482542620664
0.722522915720816,0.6201211614397368,-0.34641174812866615
-2.1956194780613494,0.7877164593074206,1.4034245631824906
1.2222639246590523,1.65413510761693,-1.3651701847399478
1.6245968853071533,1.659673633816766,-1.1324816515641747
-1.6364206225488083,-2.094085385136442,-0.27161512380813607
-0.8465502389481349,1.0314410609319766,-2.1259932392513896
-1.9151721010276819,-1.2932774010503614,0.13110112602390073
-1.5985678271432238,1.21508966477519,0.954089149540238
2.1811994155574803,1.1532125329484724,-0.05860521267135205
1.2891047580407071,-0.4152771325177459,0.7514735850193561
1.5129759436230426,-1.3299469296961266,-0.6459780005587233
-1.8126725160698633,1.070513929462967,0.5566618000690425
-0.6906873667211135,2.5397200426161977,-1.9000985431963542
-0.12595408512030218,1.4068954127444162,-1.3825234901947097
1.3024001070165698,0.0990678259366359,0.29626472770336426
-0.7425239552745558,0.21028237181689918,-0.5262323231532048
1.4035719187095128,0.75416844029198,0.8240558315089624
-1.313941368588907,-0.7243702188250015,-1.1161716788265996
0.6243024744750183,0.05951249616673851,0.6431520503319436
2.1844470518568806,0.8452093019885887,-1.2247061097235072
-1.0161771834767133,0.9601909864956355,-1.467380473184836
-0.6277837332116565,-0.36936997029924706,0.3416446261372943
2.168167114814379,1.4585850083927572,-1.1165758498890233
-3.0201818987656974,0.4042811812953359,-2.0391781785214786
1.4284833414197524,0.9800232171800606,-2.175087679383993
-1.5998406097278548,2.034299045321995,1.0768898805697384
2.962818431642818,1.1551211088964997,-0.5860682405041783
-1.1639009612567344,-2.1013574133549384,-0.3804177931394746
-0.3573560790761767,0.13478457787092152,0.38840963670141426
0.8044864233595338,0.2942525510749489,0.32453935670405804
-2.5699227809310607,0.5652348204552566,-1.0603472586341418
1.5649401233354578,0.9505607694619618,1.8610529173864772
-3.1581776753619826,0.16921001031192875,0.22454566168293483
1.5938248802811035,0.41851319523998837,-0.6108631858507393
0.024659474136071252,1.1236089321917109,1.2920064873166615
-0.5402967009969126,-1.2900191626363902,-0.830438633398824
-0.09636221271884303,1.0847173086936839,-1.6693766779946144
0.9833871271435132,0.6804194809769415,-1.5104013032056733
-0.35027560096546767,0.6493006258378266,0.9803420568934671
-0.06003171628034012,-2.1627901367111413,0.6162172821643607
4.28903727594573,0.4343603337282688,1.4852832668421012
-1.6848006099601351,1.0663137729716832,0.41155931358622877
-1.828273071595102,-1.4178132254222409,-0.2912977517688946
-0.25831954766567056,-1.0693042607634182,0.391475562829693
0.24277010030613802,0.9942087289477812,-0.5413001127516966
-1.0116357913713028,-1.4292826555594595,1.5318187014053586
2.0531328972346334,-1.369122959312978,-0.5926946341694537
2.9341397899034978,0.30640383114745573,-1.0368188172201285
-0.2896929739867764,1.9884787967642157,1.0163968887445123
-0.5402967009969126,-1.2900191626363902,-0.830438633398824
1.323580835412963,-0.2686745237265281,-0.6315601140100513
-1.9720116529096012,-0.13384891993754638,-0.14677537629828624
-1.990521899882487,-1.1648560311394534,-0.22787625812148
1.1259218300951228,-1.3206363480500505,-1.6278611860862706
-2.6703656316742244,0.06198910328829162,0.5328846728105732
-0.5402967009969126,-1.2900191626363902,-0.830438633398824
0.2702154432556579,-0.16009572121147606,-1.672469403866318
1.145285861591293,-0.2213879386455203,0.3412872398255799
4.58388298473362,-0.844457616637103,-1.0030326589341596
0.09045749088161854,0.2089906138717499,0.08472208895509345
-0.06462575364445232,-2.272645367776066,-0.9244410166239098
0.7034233278699168,-0.7882463860706773,1.5143340974425794
-2.907666955262653,0.8124596349315057,-0.31263734196936455
-0.5402967009969126,-1.2900191626363902,-0.830438633398824
2.0135490530163582,0.5720691935936251,0.33704030227899895
-2.3048675071036215,-1.2026605148827487,0.43274691252752645
1.14772348740571,0.4378911086132998,0.9973048043798834
-2.681370705487576,-1.8693813341875702,0.7571828593236518
0.7701738615289349,-0.3339646687806131,-1.1387513952629031
-2.1699726331796545,-3.0717040636632924,1.068320222003239
-0.5402967009969126,-1.2900191626363902,-0.830438633398824
-1.8725356423330517,-1.5477469870123841,1.5194777448761734
-1.0850428215216459,-0.632897092914817,0.5599130660340061
-1.0823216989054818,0.6343939424993242,0.46125758033171427
0.7846376759324252,-1.3443170011118335,-0.6599585920615897
1.329563295374064,-0.2643969284301802,-1.9274565232910061
-0.5402967009969126,-1.2900191626363902,-0.830438633398824
3.9357089461890418,-0.08768877112886557,0.4418735861816574
0.8902877428523761,-0.3716264822632125,-1.0817620849368204
2.2943121944992826,-2.3210774764790307,-0.2466969755234461
4.779438868197779,-0.2957797343505052,-0.43408939342301506
3.2019609662611264,-1.1832903707726252,-0.2716996816159129
-4.018492443358176,-1.499212463637783,0.9342579027165201
0.19090135793439278,-0.5261295358602035,1.426149366111851
-0.5402967009969126,-1.2900191626363902,-0.830438633398824
-1.5991775109090545,0.56983136183771,-1.0039409135722797
1.8773094165558073,-0.2238381635916476,1.383708157217089
-0.5402967009969126,-1.2900191626363902,-0.830438633398824
1.4125543055949088,-2.170095417707105,1.445103557100321
-2.3676186825583585,1.5795959409632139,-0.30274051220162396
-0.24353575112664888,-0.09697655433120744,1.1238444784846022
0.9446961820442035,-0.7109996404082669,1.1490150158218568
-4.045396725007071,2.2773684504158433,0.23494263037653113
0.5532643544322285,-0.6388170439522872,1.2452790425756919
-0.423566848043044,0.02945920946873983,-0.5545740512899405
-0.5402967009969126,-1.2900191626363902,-0.830438633398824
-1.937818753747344,0.6076905348554785,0.011574929147694469
0.46088465754420427,-1.0178453456787389,2.3733757166954716
-0.9466501084429662,-1.1190763498461918,-0.7789704125668745
-2.0467664774202836,0.7729918065056719,0.5498999934214909
-1.497174180707862,2.8568181371516173,-1.6678310467712736
4.667420425982343,-0.30757551541054473,0.8150949727672561
-2.3048675071036215,-1.2026605148827487,0.43274691252752645
-0.673339099120717,-0.9240404268575281,-2.3786141795978457
-0.5402967009969126,-1.2900191626363902,-0.830438633398824
0.3260475548650354,-0.4153788160682672,0.37045163556197724
-0.29253735775708345,-0.19691744498403543,-0.7273495782752721
0.731802386014034,-1.6633235214523436,-1.4818524626014828
1.6809799632860276,-1.9196705412993362,-0.5611097722540178
-2.2319396610066295,0.45353222666522763,-0.3505775112758279
-1.4147852892854538,0.10445392134119517,1.2210488281620915
0.2616046224878469,-0.5257949209110183,-0.3071360244002477
-0.5402967009969126,-1.2900191626363902,-0.830438633398824
0.03606327239494567,0.4498809138660809,1.422429760267188
3.164920210552016,0.16571859443565934,-0.9266715391665297
3.4516073702620513,0.44738133750515174,-1.0863392711959385
-0.007181462461296019,0.8663793112706328,0.48353762502939823
2.2097241349182544,-0.016275743784057807,-0.06038830099758624
-1.3850326647828215,-0.8461484750651802,-0.38910693880687747
0.6521544542642962,-1.840832358323935,-0.3953095858503948
-0.07819382768379073,0.2929633173842304,0.8959763592742954
-0.5402967009969126,-1.2900191626363902,-0.830438633398824
2.258200281228217,1.564989884263353,0.34865399873841796
-2.9488783946398804,-0.43960338531603915,-0.17595915112796523
-1.9225925915994548,-3.3199309939799764,0.3954273058194284
0.12376419575819396,-0.1672563151452322,0.5870605057277358
0.24898082015888015,2.467260388330486,1.3469207973875204
-1.6632904398422017,1.13506571749714,-0.39386516242874076
-2.3704054878024063,-2.840664574357326,0.43344591434072144
1.8561462998426668,0.28950499422439924,-0.356831970097289
1.563327052058665,0.8349638955819969,-0.7914007168555072
-0.4941961437435285,-0.7486079898895613,2.158262419562806
-2.6827419744574184,-0.5070656921713657,1.215237661596385
-1.6632904398422017,1.13506571749714,-0.39386516242874076
1.1728386303771003,0.5812798559555568,2.3604764684630233
-0.30339640977292637,-2.2310504690825437,0.24074282808972816
-0.7914642195828664,-2.8101735519774023,0.37514155477106315
-0.5402967009969126,-1.2900191626363902,-0.830438633398824
1.2264454501489452,0.9465625835885059,-0.8278852469026443
1.7358055392427605,-0.5296559046497943,-1.0985501073837622
-1.2905491005775112,0.03433642713962185,0.13571264009087067
0.4079989822368738,0.3998633334856084,1.9218466736577071
2.84700445614254,0.10085881525719137,1.8509484183194727
-2.9825449695359523,0.6921293310646326,0.3535539133405548
-2.2657129727965697,2.266168191160985,-1.075979859185577
0.4498173404764333,-1.2455513879263183,-1.2781025116487268
-2.88222087686176,0.8391004218152679,0.7429592286897705
-0.5402967009969126,-1.2900191626363902,-0.830438633398824
-1.9117288857532357,-2.0162641222579816,0.9086400705433615
1.14772348740571,0.4378911086132998,0.9973048043798834
-0.1694808240306214,-1.505162057573763,-1.1999960711206998
-0.04032131913388522,0.5858436888245027,-1.370383500915511
-1.5557489621097633,-2.5202621926539917,2.557141178634583
1.1988386649708358,-1.27385064578079,1.198851494271796
-0.9735812064691174,-2.1792285827848468,0.12361066464370526
0.04590478106794174,0.5711292053883834,1.2306524288382685
0.9998781459848798,0.5673218052859978,1.2468201000661072
-0.5402967009969126,-1.2900191626363902,-0.830438633398824
-0.380663580804957,-0.7041102587300592,-2.2968133027864863
0.26474664173844226,-1.6354864250784162,-0.6678819038155835
0.6100857676293907,0.24203382528356868,1.3634942272329595
3.1647275276559554,0.0898379348208341,-0.6928212817442196
0.435807562334573,0.9642076807229065,0.3055103679777215
-0.8327713570897505,-1.952882486878231,-1.0854068212050019
0.0780526462780897,0.9561471986866872,-0.12294995201801776
-1.8276245030010256,0.9607781822137392,-1.1128804872690963
-3.432785101246755,-1.030697137916614,0.8552383360274354
0.6868248413413911,1.0367127452866798,-0.13444571320683432
-0.9084185293065523,-2.205905230172772,-0.8922049723118416
-0.5402967009969126,-1.2900191626363902,-0.830438633398824
0.39728629460420933,1.0123186964128477,1.916980835224471
-1.4879221988654763,-0.5312286247532292,-0.14645634278476352
-1.2853516217485035,-0.48860698819798615,-0.5503048644777594
-2.723630137451384,1.1958405562410233,1.957330510018483
0.7258548520788741,1.2964220771929136,0.48005567269080474
2.7452098868432957,0.482481152372225,1.6994533925500104
-0.838456018006252,-0.2803238393781411,-0.4887921007184777
-1.383010934244738,-2.069071225280575,1.1966967661094787
2.1419629776363904,-1.221156225622394,-0.10237976468947525
-0.5402967009969126,-1.2900191626363902,-0.830438633398824
-1.2408936771082932,-0.8562646147720983,0.591241809786685
-3.3669895447911724,0.38013868131648215,-2.020700109596768
1.718185749120747,2.2534816938750915,0.9010807649069044
-2.46510097031907,1.5747889190460926,1.2224504424358922
-3.0562403597582977,1.0906619577128256,1.4451570379648253
1.502095675721814,-0.4032865815691843,-1.1735622124837977
2.3669322822413106,-0.19358720093881485,0.2987390856051057
2.592145683925722,0.6676590972299259,1.8102692638013722
-0.9527744314459883,0.5314091874584,-1.45957015923595
-0.5402967009969126,-1.2900191626363902,-0.830438633398824
-1.722397435198889,3.543425987945801,1.084757794494681
-0.5402967009969126,-1.2900191626363902,-0.830438633398824
2.2331887537429225,-0.47973347594137833,0.1413424856153454
-0.5006612791829566,-0.7657076966539692,-1.663508903890081
-0.8751611736058237,-3.5752990680195786,-0.013506377183254054
1.1998958787964358,2.2628630695650545,-0.4013622721506415
-0.7342541197446016,2.794156878912732,-0.7987884162596954
1.0245033110943846,0.22476234053749683,1.7129389392518712
-0.6984352783767559,1.7475444765432964,0.3159199757730512
-0.5402967009969126,-1.2900191626363902,-0.830438633398824
-0.2202977168869655,-0.5894409256094352,-0.6445913036061771
-2.55667589826001,0.5670740878160507,0.28453713458728336
2.0807023495703283,-0.6339435022685886,-0.8284261726385613
-3.1148457232696027,-1.8373566338285638,-0.34450772454171014
-1.8443921689767346,0.5893888001885713,1.899737755493625
-2.323868439617037,1.0130719239000863,0.898322105916685
0.3699696406403228,-2.040379072382317,-0.35454971662931545
3.8146045176142884,0.13782593994768105,-1.1576532925097232
2.2577542209920747,-0.6140048032150579,0.23056074654173334
2.5548023726607494,0.5859048623251178,-0.5462309362655029
0.9490701294934976,-2.3781162024244438,-0.7012726315836337
-1.3339491357707467,-1.8436830598611518,-0.5963059082980543
3.6025067239288906,0.5860066976048404,-1.2550303744911142
-1.2535961138602558,-1.2756539174570578,1.1225753512198364
0.8388820016003546,-0.08237252831342282,-0.6447215195598125
2.3329189566542836,-0.5073703715756522,-1.1633760313445525
-2.5257728876619803,1.488704383371258,-1.777069726038952
-1.3339491357707467,-1.8436830598611518,-0.5963059082980543
0.9466628040827015,1.0562364832036624,-0.7470051525011099
-0.14438723127763511,0.9003682266398851,0.8369383793653997
-0.5702950229485114,-1.5532626804985046,-0.6251175276181934
-2.6267827713152627,0.896356311974102,0.015649494644953455
3.337472397865053,-2.083622952696515,0.45420766514727323
2.9202571495915866,-2.0147144207490606,0.4028475149508327
-1.9219566333437705,-2.7295531752258477,0.3214995777018748
0.5696846040375427,0.1463460772364253,-1.050143610528243
-1.0357798716388085,-0.7751428295339285,-1.0165858742761922
-0.8518983719850648,-0.7938241588853852,-0.44786653342094584
1.6220527551165305,0.13108280867773736,-0.4189795698287005
0.7817239985794427,-2.339235475297709,0.37210902767524623
-1.8840187989794739,0.3938473417173357,-1.1960335550136112
-3.09686378986105,1.3328338967535553,-2.00656046100477
-0.32411059100777767,-1.3239649147489576,2.596257391066091
-0.2590989525902318,0.5305318284112482,-1.688896625361715
2.3217491289263488,0.4786668537054431,-0.23783738672434135
-3.4641029224027156,-0.29775059676795956,-0.6717229581921643
0.28690520128607927,-1.5453195617363755,-0.17389253987973322
0.3582235354452743,-1.3221881201526455,-0.33597331368007727
0.46188084645320066,-0.9901626855387001,-0.46586884306842835
-0.845064298897547,-0.25906378814574804,1.1396096935073377
-0.16480747167850127,0.40876503805861786,-1.3424722998888405
0.5307503983340565,0.9730121960524182,-1.4373571509434955
3.2574659483700947,-0.6503561625317573,-0.30017189130684213
-0.6078473691310703,-0.20732362029301324,-1.5938063619377767
-0.7725050232761833,1.6168843624909681,-1.9491479629601185
0.6690779329619446,0.5375028344942636,-1.839444092256108
0.6425328418878804,0.7013114512685686,-1.9219392577691945
-0.9654942720645028,-0.0512827941712977,-1.9145410756000094
-0.1286541826994054,-0.10750804627060484,-1.5867921657670248
-1.2783540115535088,-1.6329673708605015,-0.6459899861792688
0.7051047577947871,0.5847552233020363,-2.0173283857682263
3.1359994856608893,0.03912169523148535,0.8759745983641091
1.563717343094465,0.08060814322146034,-0.9758920618139676
-2.968568326123769,-1.5435066448941503,1.9357996783511835
-1.8842735955197532,1.5027699033174027,1.5779230421873476
2.988042842991493,1.6558487022365531,-0.8291453284002016
0.07784919395877568,0.07899039559453398,-2.068577844666436
-1.0565686663431444,-2.6207314592356714,-0.12344193939133748
0.20766271983531476,-0.6937895958328528,2.656032239168564
0.030344048274215992,-2.6739768847213514,-0.8122842795123631
-0.4301982933784207,0.6058148428338972,-1.5789444461397992
-1.0248521275867641,0.18378082486519348,-0.041861569237336436
1.7791504255102677,-0.73443510128075,-1.44418766806573
1.556887329762747,-0.4486185846394499,0.1625288499674825
0.5530419655320364,-0.7974375124649172,1.9867856232260253
-1.262081039282785,-1.4084359791439383,0.666241611088446
2.6330155611668933,-0.41203851713569817,-0.2090889899136064
2.2586628631261987,-0.2830327973824429,-1.4557081329688204
-0.9015452663369897,-0.12289971291153906,0.32520367806676914
-2.099394904246593,1.1454248456090745,0.024853927881660843
1.1188199730208332,0.11751450928551789,0.7551442828887904
0.5530419655320364,-0.7974375124649172,1.9867856232260253
-0.09862206389280144,0.46608125393555655,2.5101632199050603
0.7926792905270458,0.09307511503512832,-1.1389869701049775
-0.025992102085392356,-1.9143969754613954,0.3465482174042478
0.3918847118304552,1.6158372156155703,-1.787358618136007
0.8619512186474586,0.2877151335625738,1.7444534178321165
1.7356833323032366,-0.40684767066306166,-0.07991248394837552
-1.1479843195859754,-0.06476481670716365,1.5999009257597208
1.4689101280616168,-0.3027870444271459,0.31625571554569937
0.1733363082513679,0.7613469742229652,1.2965539800846555
1.9350174585181192,-0.5221231556997935,-0.46703580773660236
1.0443540860860103,-0.14629702716004808,-1.7899063425801809
2.716540073243498,-0.0721681544853783,-0.6140366639728421
-0.7593544114120115,0.6970699282300382,1.7741898732420485
-3.244467022738344,1.911253698974646,0.334725860394103
0.610786686062295,1.6833223507125485,0.8331088886073528
-2.037320229209189,-0.4117144914480599,-0.528538657290074
0.6369903834078255,0.703676683782402,1.850336713506552
3.058561710212105,-0.9977225203439578,-0.4732028901984226
-0.4148660249885304,-0.2072059389615583,1.3869960864332906
0.565956430268236,0.3203967945723256,0.5451367563781955
-1.925301417757102,-0.9282325351982166,-0.872785600972342
-1.4367190863637387,-1.5277320598918014,-0.25873239492303207
0.5149936876367947,0.10346975756685274,2.3953330841504945
-2.4357838310859807,-1.0167002810771706,0.9590526770877041
-4.232457706239372,0.09939525783106247,1.0330668049897933
-0.234984441751128,-1.006735336742505,-0.48423164237637756
-0.4408651565721899,-0.38353062035950236,-1.2372612922245179
1.0045015704586475,0.6281053045382644,-1.37940047541323
1.3228422967006612,-0.2513915542445763,-0.39668336658112346
1.0970147514329045,0.30342145044514673,-0.5437048310520807
0.4344916547865633,0.5528834172207147,-1.5195444768379949
-0.047313996304653355,0.04856253670423033,-1.2425797914189756
-1.1592370587622916,-1.9134848265810809,0.3631188443440892
0.38488199662362677,-0.1624943721387507,-1.4544845985231973
0.5280735887055306,-1.2044449514014037,0.7752032418083227
3.4017515455445055,1.1210866389500476,-0.41175448923218305
-2.415668238826107,-2.6963036743468067,0.5021299459356383
-0.32040489461837945,-0.1962780465908943,-0.3425575511291359
0.002215184935763712,0.2540491181634737,0.7559454483090138
2.3147600391637866,0.9563548788974311,-0.44190826352040574
3.339980948879108,0.9514170157852415,-0.4457615168326033
-0.12856684800210902,-0.08644045850760801,0.15337574442235244
-0.8451973049391973,-0.5179918821387821,0.18169410747623246
-3.3490405555896956,-0.29179032853444503,1.6002813521796095
1.2139521376303248,-0.04534816420295291,1.5068367434059893
1.095872897010673,1.2425141974192186,-1.549569845045366
-3.2513737859442586,2.287024994599809,-1.98408010201927
-2.1826450096214045,0.9347072075515798,-1.5981138848407181
-0.32512703991039377,0.0689370346328631,-1.0275636098584877
-1.6494252117790111,0.6949843910989109,-0.5865442218035936
0.5801811166404426,1.0347800555325035,-0.5147388151551652
2.4929426799501386,-0.3904085910525671,-0.5659804079254429
2.7012991857253783,0.9577444512979548,-1.0304920967878457
1.6870283162697173,0.3152341548224726,2.3884430275618
2.838971349116255,-1.8135930423417705,0.7418406512412244
-1.186476392349304,-2.74487289326231,1.0912839928646443
-1.6064329616841433,0.42495425602445674,1.3527039153666445
-1.6754589521223353,0.6766931320843936,1.0978171019535996
0.6253113480221614,0.6357715811915835,-0.9983309948627083
-0.40958568560366887,-0.5318728465681767,-0.5954166799526274
1.2796617287691567,-0.2179979010709609,-1.9815717879789547
1.3185580328866353,1.304416463940144,0.06932848098369737
-1.1550164392644535,1.115175660198175,-0.14001552360557112
1.643853927987759,1.5343788663375872,-1.6866025758324736
-0.4702420177370891,0.5891312973846894,2.125260756040993
3.5417023283773563,-0.10823364779789295,0.5480480053367397
-0.7568890611717848,1.2226050168169096,1.500150672676969
-4.021655269436334,-1.1168919362402872,1.333150193207545
1.1992618159610686,-0.989260227358344,-1.0473660222733285
0.4656780466380206,-0.228566457917323,-1.993859183257955
0.04800057698272878,1.4087978121208624,0.35326998176485247
-0.5607252823278946,1.3959049394775807,-0.9308257301626036
0.33115177372362314,0.9016569860811909,-1.1219707140004878
0.1733363082513679,0.7613469742229652,1.2965539800846555
2.108409078621335,1.476212435570941,0.613976855654779
-1.0261577896259044,-1.5408389915253042,0.3407506544859514
2.073226693310083,-0.3287882638386915,0.776179495146892
0.7684051311820432,1.433709630186244,1.0352755671557394
-0.2739011210738097,0.9978652730106278,0.29967051415347296
2.3413451128312026,-0.5029738997839844,1.4803196178878748
3.177375213422855,-0.09310453914702599,-1.4177356907637775
-0.8725265954785878,1.3409621375305987,1.108129524651358
-0.7284754062412925,-0.8604040355096237,-0.33266499246299913
-1.286709126234423,1.7896919602216668,-3.861475194992972
0.7142644665038153,-0.23545264800104387,0.7555126552562565
1.308691360386362,0.6499828839786529,-0.4567817149606285
-0.3683061583505835,-0.3570439299844197,0.8010642297692
0.8359358091743109,1.9579386743823415,-1.2671633396495026
1.0925942703295015,0.45105543967355416,-0.2940409327473873
-1.24224115833188,0.7797516257903351,-0.42149861658000004
1.4333351864901696,-0.15880424945043428,-0.8930966605341043
-3.391707074112222,1.6564189444196062,-0.10122889149319618
3.5673598143224514,0.4172027585490345,0.23281740948084217
1.6904032676154666,0.1255923413145658,0.26461859212720873
-2.0722728510687833,0.045741812356011116,0.7442576934146079
-0.2791700204022278,-3.5207341964648347,-0.6106060406662074
-2.369650497167512,2.3623464179391798,-0.8590949283170807
1.5125776296461078,0.8975996103870483,0.8599045703324805
-0.11946111471527286,-1.0124439459364507,-0.3559512507149778
4.982653466663854,-0.3653635949537928,1.1043102060123633
-0.7787204578313173,0.292679997403936,-0.7692207956825567
0.8991155831993838,0.6242488442195725,0.8721683461377226
-3.911673796020333,1.5810729753046804,1.5956774564553355
-1.0892783439149598,-0.19669445577590977,-0.0932901910220716
0.5253318409953105,-1.0714216732494302,-1.3322513417560151
1.5716983588386615,-3.1194263934691207,0.41856512729228895
2.596252015065253,0.5797109820991165,0.0035088715543003827
-0.11729112882937871,-0.5582474347849419,1.4291364900084755
-2.345483387848115,-0.41791961279751527,-0.5756261101774939
0.5767216268244966,-0.9869949327300628,0.9588109736265171
-0.16743011640260788,0.9792041311217186,2.392687116975371
1.4683405856434206,-0.06940943290579181,0.8344325259178689
0.7218647618781732,0.90683805896081,2.12505646598602
-0.3387874476977,0.2365082271249241,-0.38946259711601183
-4.35060129888175,0.5563225257220528,0.1966071700250123
-0.8802852566869135,-0.2513825991113562,2.3085346994336837
2.349894220486265,0.059032583693190865,-0.13714576672997947
-0.04797926374323641,-1.5196343554587695,-0.4072588640129337
1.8806930204981944,2.527953357262476,-2.4722903487774213
0.09109249648539176,1.0580445623195025,-1.1775475180945032
2.6306883408124486,0.42097372090258706,-1.4214283977184536
-0.18674722624995477,-2.561294600326563,-0.8459341513503895
0.09128944757351075,-2.313974229129514,-0.1806981150307253
-1.0781557097379773,-1.8521133788967339,0.19371619206636118
-0.43343542460816115,-2.1836182946889373,0.39948491149729953
-0.5359363387236723,-1.6250382609790803,-0.8183792723744773
-2.152371676757261,-0.6343989295969729,-1.3369976238551449
-1.0364372373194688,-2.152470514850563,-0.2999730459650339
-0.3543551208826686,-1.8395787808340025,0.547924133218626
1.6740085743301274,0.6955139922070154,-0.16863169744252096
0.8084209320368952,-0.48769115203358504,1.6940107366413812
-0.31891796380151194,0.7961530126808108,0.8130173367298603
1.1740587083340637,0.9936142654161729,-0.39423916338060144
0.16093160256819222,-0.9201473955113288,-1.359967839191846
-1.1430098282740369,1.0778488943643811,-0.9483745213240382
-2.3445217472317674,-1.4789332411700338,-0.11593386125875055
-1.0503769566775178,0.2501684752529176,0.9164854069812673
-1.867080455768076,1.4335926279255762,1.2384261965653582
-0.48242252873180524,0.3225430302940507,-0.719264733863813
2.381987669099368,0.0313341952083376,-0.5464776991527935
-1.20219718429404,1.4285453896124471,-0.3730513528694223
0.028951547998823556,-1.0917312601233966,-0.06325201954640619
1.3934717321815213,1.9811416546345597,-1.7526446314262858
1.6624069014447023,1.967976512608059,1.1327338218377574
0.41054343470118637,-1.2704451554970904,1.130270189318932
0.031225474407390763,-0.5073259681132218,-1.2950039199225742
3.341552831324886,-1.293294326159064,-0.9868762881477205
-0.2372545699419817,-0.8366300889256614,-1.4875529170461104
-0.4947420145368542,1.1578887023940612,-1.0343737246834188
-1.139981898921189,0.2141979668569301,-0.33374975261422235
-1.9686340442769592,-0.4208354973384493,0.2582337444355774
-1.8844548012258155,1.0157531613174366,-0.20218247501367492
-0.08881906179189315,0.7038261288206363,0.9759554444079644
0.6089035751120259,1.5790351323021445,-0.20382182824880393
1.1738478250460296,1.1866055351006892,-0.06529744099331429
-0.048513824613972585,1.5559033642123627,1.4075570320509483
-2.8959742123515664,-2.285999952387075,-0.9534291144449237
1.2802966255073769,-0.41083031474645687,1.324997627426197
-1.3804104358617524,-1.641327735837586,2.00907929560566
-1.9526407922657734,-1.8801550033514658,1.7480670989332148
3.2688129337629053,0.8089127030335495,-1.246728975949219
-1.552193613144573,-0.6492482146888123,-0.0551053016082577
-0.7449975838990602,3.489693564767428,-2.1494864914800886
-1.7345482449094962,-0.17163017380957224,-1.137308543080179
1.367363836982978,0.41285779836450637,1.7062635696825177
2.0880173807019204,1.8736622525529982,0.8776764898995651
-0.8612273932707438,2.5712931020994483,0.4778330861740933
2.178675405601513,0.38814619995771865,-1.3226212311002772
0.7583513275555597,0.266175862353488,1.2966127433481238
1.1072589377544646,0.4165611837400285,0.13424167238895848
-1.468206582982563,-0.47900883457602533,-0.8038530841577203
-0.3085517510900775,0.02439530359951252,1.7580282068386979
1.8796210719702227,0.33937875643420873,3.0703278862529277
-0.251357830167929,2.152612891797361,1.3949428778663628
-3.307418039200051,1.3116717337927497,-1.4151199481756003
1.3275802042360638,2.049259948146923,-0.6051339931129823
0.08393134113077323,0.4057121946517695,-0.47401769455296633
1.9389346123808668,3.0983057826103795,-0.7571182569862636
-2.9948890173684997,-0.501169490999947,-0.43909467309272254
-1.9957028156646408,0.060619267420689675,2.074111846616599
1.700707426878957,-0.4149176725365847,0.77611184651682
1.289786731999757,1.5090657491376436,-1.9605761760114246
-0.24576076358132407,-0.2675311516256198,-0.7189788740115971
3.0248145056256663,0.1539301995911861,0.9920674633333427
-1.1366498121167687,0.20162767363866665,-1.161515429648361
-0.6021901168942226,1.2957105463021086,0.9437581369329655
0.20057773391805098,-0.2953517387103703,-1.1191912732266822
0.7859834363654017,-0.529606430849245,-0.6262340197971759
-2.088161147105245,0.3119296657185304,1.8175101576731565
-2.088161147105245,0.3119296657185304,1.8175101576731565
-2.4539446791130035,0.4259759722887178,-0.8293452929152425
3.021154536817507,-1.1612659372902923,-0.8611285763625329
-0.5413930479513058,0.363613060920278,-1.7613865556042378
-0.7689556933236258,1.3777140626701054,1.1711780599591193
-3.9902239076766572,0.3399403063128575,0.3025977242452546
-1.0881624936356007,-2.0012528370215055,1.5756310230727386
1.0294886620527925,1.2893727414886798,-1.0961968387161163
4.505302437493586,-0.5016907127799859,0.42920701693473196
1.0574380376681929,-0.8403029708373979,-0.11919993835297443
-0.9437381712740307,-0.5742120387127315,-0.49347228317117126
-2.0354026506145084,-1.0405081442088968,0.9278488760328023
-2.6324559741463087,2.1641074698390437,1.313799145732135
-3.5304183336628725,-1.3136958843052404,-0.0384231251552255
-0.4572799149970884,1.0018437686041068,0.6698311860948458
3.0799729312469406,-0.030920099978261614,-0.1425605957645882
-1.9557400955811461,-0.15944242261285937,1.5930213773663215
-3.724928930877601,0.6703667347031326,-2.073515283208266
3.5375037893571926,0.17322550699375583,-0.6357111126835351
1.736187709986528,0.3107628365245107,0.6872104307138929
-2.05268482030163,1.4870843807748344,0.7087832700149668
0.15362262469011181,-0.024442946849161287,-0.29458773148971834
0.9087407512776133,-2.6983617943690774,-0.09521838841013602
-1.1818443968439842,1.6554681886898868,-0.4027600349061929
-2.9942544586941646,-2.5393587763589434,0.8977900303144428
2.3968737276682277,-0.022609174573231375,0.6734348790085051
2.8044766596711996,0.3705717554808487,1.861414739196626
0.7717546459855802,0.36309409621805655,-2.628057104957143
3.955512243128427,-0.3296668085248537,-0.2386659595929189
-2.0001983617828207,2.184412137830498,0.2686667208271862
-1.9975685690171836,-1.3927172020524785,0.694498541405905
0.5952631513558236,0.6003371653155963,-1.015894989652245
0.3810426301856739,0.8095297159499908,-1.3323121363295574
3.5924458278954816,1.2119786171856783,-0.808649851026443
0.9876876911111186,-1.4460226657751534,-0.21949178697087343
1.208688177692694,0.7969346791143886,-0.2929312052420248
2.0337151449510293,-0.3499677161666259,0.44013287091258957
0.09469756667531912,-0.25143850948317964,-1.277147882164011
3.725125217209726,0.07094197609490459,-1.4236474604362919
1.6962417484491572,1.6937610750292036,-1.1568301400132326
1.218624267702576,-0.4955013392281751,-1.091230637746253
4.340749896546556,0.1140457043775819,-1.6159299140024852
4.340749896546556,0.1140457043775819,-1.6159299140024852
-0.6712741057012286,-1.5361976671412996,-0.13082941245842294
0.3621578851765074,0.7710857149064685,-1.8390876253488968
0.21828751917677883,0.5951095229589436,-1.5591254359853906
-1.2715221851711536,2.2549064373104755,-1.6215372251947555
-2.023066031995085,0.7296827450622559,0.2907595968897643
0.4661394228254813,-3.012931706385452,-0.5019798562289531
0.3603471060216306,-0.6219557385550284,-1.8913543564213617
-0.8192215456480733,-0.34066251154031807,0.2088935459492124
-0.41879437996705865,-0.5098111356674557,-2.077936375581481
1.3609049080972495,1.3516046538922106,2.571983323691338
1.458628584734192,-0.6230227302899697,0.561011367307272
0.693673005544987,0.804490915716058,0.06588549386021472
-0.37490779053999934,1.5515604507696865,1.2082401743994975
-0.7296306990598497,1.9525222136798848,1.4080992945972104
-0.2668952432018427,2.8572432536046173,0.9040156498839467
1.3579961448252535,0.4567073652606895,2.278386813647364
1.9166127779016997,0.04866007590479015,-0.9740927499335922
3.1948419929677017,0.700394753761215,0.48093066065968
-1.777942518197526,-1.0956351028388538,-0.693753726946022
-0.8726558947009246,1.205617825873081,-2.096612397078617
-0.41318087040708174,-1.4347421887278535,-1.4502371442126598
1.99300234122494,-0.5520843531467865,1.125823838273824
-2.5666492660227616,1.720320151083241,0.4446615945570586
1.4337590019808595,1.3646834600993114,-0.2264274942719749
-1.0217865033610267,-0.5462420592779201,0.2344678269506495
-1.06051753445864,3.1383391951487054,0.20866387038447715
-0.2814837786212976,-0.8918272310378607,0.8655400385967669
1.3648231918090048,-0.030096964241970437,1.6793315684734544
-0.08683124845038694,1.0210948129225221,1.0032790891971939
0.7673235750137605,1.478575946565165,1.428879105889253
-1.4272400229976343,-0.6292944958699624,0.037185601535296764
2.0710918336459945,1.5058447136692508,1.2785570135561823
-2.495796537223709,1.0542757556578273,2.1404000728847135
-2.6296279644253646,-0.4667119520854099,0.5079730482776317
-3.634818770382543,-1.02332306254359,0.8608050474408692
0.3737138236978334,-1.0732250042300455,1.3675150902964606
2.8243856176614592,0.34116782781363786,-0.6985205077929346
-3.5064187167487284,0.7576810587582532,0.31008539476334285
-1.8403210548376976,-0.7480427121680279,1.1377007418166214
-1.6747349357710333,-0.4007310786898867,0.9904202994880559
-0.16255245494365947,0.9822798843965895,-2.421379021742991
0.14587407256137366,1.304845733638022,0.3452477959432803
1.8535933793759538,-0.890816018123486,-1.6758331940090203
0.9001968951382162,-0.3849452877982414,1.370900993084895
0.35659358201917135,1.1046566375351012,0.8478939614775084
-1.5319122770104945,-1.608718558936096,-0.07797305971391716
-1.9964321888232164,-0.3672675120994835,-0.8237913462113308
0.3646991782330709,-0.011717879446462602,-0.29474555714766615
-1.343971092947167,2.930385161660235,-0.4979448706888484
1.56726986793012,-1.0449211767429183,-0.9346789392434659
1.8458710443957391,0.40363037141798436,1.128328521704483
-1.9667042186581793,0.4535605902630503,1.7106175854496688
2.3437485618919363,-0.9186335694550901,0.10248751385043688
-1.374950212620611,1.0938717040336405,0.29344322568938563
0.9001968951382162,-0.3849452877982414,1.370900993084895
-1.3380725014897896,2.3358919038157264,1.4587676647113348
-1.7208370818836574,-0.09127179200526032,2.424417943476136
0.21590950566577594,-1.4464055880485955,-0.8940388839389971
2.127075684734866,-0.8651805983335052,-1.5709099833275006
-1.0981721244971032,-2.0263459407991036,-0.1172836734212365
1.7902760692304214,2.064430822824334,0.3733636932825301
2.632488172925929,-0.08034146276866733,0.25936850000000855
-2.1413824888679085,1.8247396264880642,-0.3586031110560974
1.876954985614583,1.3681221385997715,-0.6336925951069222
-2.550087769658017,-1.5841659156185866,-0.19205911076891488
1.225733150707781,-2.022769519098243,-0.4057180105035993
-0.5278988071602453,1.7359096277984272,0.8985936181677393
-3.596487769832956,0.28219429994931905,-0.6454779634870128
2.407497320646772,0.034036453626938454,0.5516294460145104
-0.3945050041950816,1.0229891516058252,0.893092299975887
-2.709228225148551,1.0673199484336982,-0.5893809289574606
-2.780698882484404,1.6958861213530498,-0.8645776537848239
-3.1532908145293743,0.07989651353812638,1.8222687031060074
-4.052545959302308,0.655016272337458,0.26034158580956024
1.7776064468957284,-1.125954533143761,-0.7842616782624144
1.3011516754261845,0.5301329195862016,-1.560116392066354
-0.9992327163670883,1.0807839226918772,0.2673748013919509
-0.5868174568825382,1.07450935936447,-2.246888423862072
-1.746906633770634,-0.736915580989747,0.31096433729041684
0.017208702087303213,2.7732470609173725,-0.8181227196445623
-0.3700981179565839,-0.2781581961151154,-0.3305995631084477
-1.508776873432988,-1.0534413748537792,2.312845730106156
1.9063734783362134,0.16784070357576175,-0.4074281076335509
-1.2798946437245593,-2.2368806279759106,0.34663150479175536
0.12289807880079881,-0.18362478036259874,-0.4651543120916051
0.5016331756863006,0.5948245173197161,-0.31775774437110543
-0.09255864992744163,-1.034278593501819,-1.0816198975665037
-0.042755608014356954,0.8730613460665761,0.8521882741220843
1.2781780676262697,-1.7339007885404383,-1.1881075951627924
1.7787346123867698,-0.12882925396777709,0.9617358339657077
-1.7221205356185725,-0.8056151030152673,-1.5546588767851046
-0.29663887837310843,-1.4214421885963016,-0.7050344226097895
2.070232154253392,1.3057880636241144,1.6624642563292777
1.1254066164034202,1.1536659040057633,1.1703125334093163
0.2867880391560568,1.6630336003529878,0.3697066645193112
-0.6983990196548993,-0.7075936979684406,0.9013204249250205
1.0698288680689496,-0.8671374314314013,-0.831153755061362
1.4430909481478067,0.23542253305134098,-0.24569703849287286
0.6711612059694541,0.8059091033775904,-0.6059118418064119
-1.891676156959712,-0.6212544183056269,0.6308377038806969
1.4739061488173582,-1.357794281499888,0.07454478799373705
-0.05555956462849137,0.5026347843301557,-1.6841336025286129
-0.19177281975245417,-0.4023262762829156,1.6976185814168705
0.6548309176422001,-0.2671332325518563,1.1101572762690817
0.8211658880104581,1.4542286153319808,-0.4547029349189137
-0.2800350164626886,0.853842352977355,0.48148977104665175
-0.912039971709814,-0.9663152675624765,0.028035628529318343
-4.616443587830106,0.08687183685652766,-1.1467842077135006
0.4757504929297625,0.29188275407501646,-0.6452299698320878
-0.5521030243630282,-1.7279602488646955,-0.12656987771042347
-0.174282097452205,-0.18300119333588297,2.062440992928461
1.0297500627825487,-0.11449149714290612,2.0796574178379177
0.6940517534618277,-1.1479760290517926,-2.361814612513871
-1.488582508362468,0.7419649389413329,0.6054796706186583
0.9843724545058975,-0.09567407217842189,-0.6130106173468867
-1.3992784181844284,0.6119969516924296,0.6981857039994394
2.779135176015266,-0.8717788415574508,-0.5153556956955634
4.517758432895925,-0.5521446273411964,-0.9197057195629476
-1.948526944297945,-0.030709157634035384,-1.357811119488313
1.622804772219226,-2.2772934267245066,1.0133151981041686
-0.4309640511372183,-1.6996191916345498,0.3793879655152871
-0.11581275232828268,0.455962569641983,-0.5024497801647736
-3.0614056742183866,-0.7222847978085977,1.4967195813134833
-2.1153903441562245,-0.14295882402309193,-0.07863824344324485
-2.4497302026675887,-0.04352842673119356,-0.1289344635997973
-2.8813396782426204,0.7761557707231616,0.4614950760085825
1.8067849446771316,-2.7530495374601593,0.08039000565245819
-0.9720484400307023,0.18344029921080812,1.217118986106404
1.4297723167016747,2.074233179596883,-3.082028836887812
-1.7483224492358005,2.0391704950528524,-0.42964681528607834
-0.9444266416228907,1.5640642336736104,1.3731501257412382
0.23149883263965057,2.0495487256264346,1.0175012676639672
-0.2804563342639618,0.47288987161236884,0.33881764359896704
-2.2882529979120303,-0.950270678488176,2.8879911288487885
1.2178891089833745,1.772841225000941,1.708072750587672
1.4566149613441604,-0.7066226100440796,-0.7023949953797454
-0.25541299146010077,0.798660670325789,-1.604083875760275
2.2921486132919267,0.19074955623971093,0.09119529724689437
0.715635202488121,-1.3320785111634703,-0.6952507594629481
-1.4689714528217779,-1.5611680744126533,0.4071406421326651
0.9132319996307418,-0.06719003469369661,0.8951030330750502
-1.2642980842134708,1.2051969082083125,-0.38147138772324574
-0.44903596004834856,1.255779555818368,-0.5206283762512386
-2.388645878656389,-0.0862820312779002,0.6657999858648941
0.33998056408055477,0.37920404445872286,0.11512116449486308
2.0114853723126154,-0.3944705013172782,0.3426601909698198
-0.6678226602302768,0.05566629899421215,1.1304094195057068
3.344830048918869,0.09100384024782904,0.07989403064142402
0.31923675623017095,-0.7993892860737378,0.9158498365857535
-3.5495107961702534,2.253327061576248,1.005839399482723
0.26424529429116445,1.163154430534157,2.0759155546786054
-0.2916660218407494,1.059262106784757,0.7624722043615473
1.0846572021005914,-0.3290508839976953,-0.5440918272242946
0.2587073042978462,0.670237921649129,0.7331609007565771
4.0286783288894625,0.22564718757487018,0.22896000691923105
2.1347382396388777,-3.3160640602938507,1.1442319319403964
0.9132319996307418,-0.06719003469369661,0.8951030330750502
1.2543133074480417,-0.4322731875433934,-1.7854096523898386
0.3764390954382244,-0.05019318326852484,-2.1502378385363214
2.9828343265908903,1.1032866459521042,0.6210728584191492
2.035276926551937,0.38103472482222744,-1.5970814966439582
-1.643978804597,-0.7554791787356935,-1.7554160470586344
-3.360461280144261,0.3767496547556218,0.7003974950465913
0.21268805004838057,-2.0642473878845533,-0.16564171645805528
-0.3190607308972153,0.33354692724450863,-0.42111000858160336
-4.223003960960391,0.6735133062525164,1.4789048115288235
2.0266263592499416,2.0856025311104243,0.9805426591343567
-2.735330761669598,-0.4916793975792206,0.06161558523961556
-0.5154098059762467,-0.2415953027600513,0.32951993916064887
-2.2370769524767216,1.2930005350244687,0.04751649508433507
2.033683960711166,-1.1052892727029189,-1.0290442035136724
1.6069008124386441,-1.3945688606189912,0.6041502040864575
2.1068942644820723,0.44356841445163453,2.289396453378048
-0.9369226201240463,0.16153525078789724,-0.04905883083981962
-1.7871643293067416,0.7036130430325629,0.4601013241428312
-1.6843884523631072,2.126578267598202,-0.6323969579157959
2.320248621282087,-0.7862646896686669,-0.057980875974089824
3.7070282096812535,0.29389775634993587,2.1036725421224474
-1.1074439597537022,-1.3446205209441702,1.6130078514252748
-0.7356627009051319,-0.49609649852560184,1.4167335935114278
1.7419363816173208,0.8670491026238503,-0.3954331425561829
1.125358458309469,0.12462967492149796,1.4068126918004544
1.819305061248238,-2.20799681990671,-0.3101573667796234
-0.3759331532117013,-0.1744266468921321,-0.2084579262989878
-4.785849883135773,0.1061505934360157,-0.171636842130475
-2.3793916703953824,0.9156589201112882,1.3619980414261073
-1.5968549692549667,0.5556836660466337,2.471344059510561
-1.8533582660143657,-1.8098149984924676,-0.17993763029360835
1.7714795239838461,-0.5120631147893809,-0.5448786147801844
-0.9946327334495453,1.9690000731648547,-1.0751919316913197
-0.31990538055683976,0.6060675834693113,1.7826791738825096
2.1089631132289144,-0.5742138098165429,-0.6679006338732242
0.29625508171051496,-1.4465200987123896,-1.0417633378261875
-1.826466895215403,1.430351731330933,0.32339213400744377
0.08919803382651642,-0.1137184971693322,0.2197465848818569
-0.16908609730250843,1.2240161231497197,-0.6284718086207024
2.499080389802561,0.6589091832315337,-0.603193753063379
-5.0880439618985625,0.8100653781326349,0.23231418738877108
0.08178142338567439,0.9458947126946676,1.370262447310893
0.7361508633928058,2.624549657101733,-0.18341535280116686
1.6300946000146759,-1.694003218556131,-1.3952763887744455
2.00412904549505,0.009374680565602887,0.009199772677143057
-1.0322932551098118,-0.312228807898825,0.5185159601067167
0.4970994728731202,-2.026730866598343,-0.13082601597886298
-2.192123566288298,0.07298476989870022,0.7768767554905558
-0.12707474003893832,0.9072871977906457,1.1239042163894086
-1.5354930244217244,0.872384407419471,2.1015116643375396
0.811340321567069,0.359142347403935,-0.9607452276866154
-2.1136801433163113,1.2100145621039908,0.08689700748265293
-0.16908609730250843,1.2240161231497197,-0.6284718086207024
2.219292604923346,0.43174636424699214,0.18523142986168803
1.574046062128117,0.20547953371842848,-0.012431349999915346
0.7165915663652939,0.35266677195333807,1.0703222300438315
0.8714833176877249,0.13514513454405352,1.1622009341543003
-2.0690856332028864,1.1955332050243659,1.898026756889692
-3.2979458313451686,0.9820756019244524,-0.08401519315227336
2.6582962618939425,-2.7266057234686247,0.7223581484323488
1.2086433883313086,-0.11181788250654871,0.027229268129155715
-1.0971628997867038,0.6020001017806933,-0.016823188190477914
0.042602273692967485,0.588315376578916,1.9231273705275491
3.694225006858011,-2.560177727146307,-0.16553817722084493
1.932027863117141,0.6971106671850238,1.3759462423123936
0.25918910337029477,-1.6752481900349343,-0.7377956104807595
1.3018755775900188,0.40845738558530065,1.7881360163216156
-2.403265305784216,-0.3623054574968773,-0.028447010105315813
1.6257526859790792,0.5764033512054487,-0.7306916883422075
0.15078875537382896,-0.11950142374304147,0.9267049274771315
4.0677996245190124,0.3588742582430918,1.9479846818770366
-0.28867482873944217,0.6126474538759781,-1.192011659576501
0.07629151734614029,3.1542028355416707,0.17260518213608242
0.8714833176877249,0.13514513454405352,1.1622009341543003
2.248493252021398,-0.08953617116429849,0.8531351558986958
1.1963995477417313,-1.2131402383014989,-1.202415721125712
1.5786797204049647,-2.33943148023922,-0.09704706674880344
2.295592852689945,1.3098184108654132,-0.7235549766717708
-2.1215240360055363,-2.487028434120561,-0.055459057448470295
1.32733124658202,-0.776122599517796,-1.05554909935479
-0.8419963619546362,0.3549398533723547,0.5750913463539967
-1.0557042730388249,2.926344238635225,-0.905801721261857
1.5344674096808317,0.7886583507973635,-2.080390497142418
2.2720855207258,0.6915377367922809,-2.238880006863406
-0.7083794934120227,1.1887814868536715,0.37326457614525493
-2.1988301099782577,-0.21363660782463956,0.2842274841878238
0.7667463973133394,0.08213839850043932,-0.3152758244393774
2.0102062268400758,-0.9616729168851518,-0.8125135411372836
-0.46423977755026774,1.6112463680496412,0.39022649962126327
1.9302523962935572,-2.600284906228711,0.021335952891006864
0.19620724904309433,1.36386561062174,1.5677310919255418
-1.4315893937747597,0.28297805944511706,-0.3633205931987543
-0.49756779571932575,1.9156310569439423,1.4434931855238042
3.405214549884355,0.8805875926314977,-0.5525423827351543
1.2267313836446172,0.5165009315535363,-0.29505980341865
-1.372950497561726,1.0400087638178241,-1.4127158887279658
-0.6088757091387392,1.2116141694375115,0.003130915643139845
-0.6144615755163212,-0.10199633189253458,0.5217836811537023
2.0179083677525727,-1.4840307636615502,1.0134039664940715
-2.2733616439575184,0.9745668464415179,2.041423445767142
1.8528581080651594,1.7588394545917652,0.3496936708884394
-1.1319332255766352,0.7846839736255921,-0.20367408196987055
-1.8522936304852526,-1.3037718033822876,-1.451079666477953
-1.7357417268107724,0.9102649272428454,-0.12578769927840253
0.39487840870925517,0.03911167522829074,-1.2876624451467018
-0.22584692284444127,2.5910610038666535,0.28346754067192237
-2.466553415586263,-1.413181058196078,0.23024536815712265
-3.1583055067488353,-0.9384933050096184,2.049373776550532
-1.5268392060888256,-0.4139443670107074,0.45081596585249
1.7343009038159396,-1.0916471826719938,-0.1097323490095096
-0.580059418604426,2.0466658031841765,-0.15424954956908762
3.7954048216044014,-0.2885695082631224,1.0451668638585052
0.542933061154383,0.6474240611851543,1.1227436540953226
0.15151763763292922,0.42668593880035566,-0.7166270580276459
-1.354978845692522,-2.3236212679834534,0.2545456498193027
0.42018344599297874,-2.7308559011581077,-0.022663264375730036
0.5318558110313389,-0.680517536020295,-1.498276291734513
-2.706145442272857,0.07073015292828785,0.541744573810276
-0.24976438508563,1.0227496706563008,-0.6612284920086934
0.8177128618029221,-0.1823806941737133,-0.8490356116276269
2.8311717186970697,1.2736139105899713,-0.5504885906560735
-1.5715657112944885,1.922064326116131,1.0183697695650222
0.049092398051034984,0.13468921024757702,0.7729812118684333
1.9574572323378487,-0.07955976279568254,0.5356345996929883
1.808562664254803,0.8411648760768199,-0.839920958186695
1.5786797204049647,-2.33943148023922,-0.09704706674880344
-1.8840814978344835,-0.14917482684784553,1.3286866261498598
-0.32803412928451414,-1.5239924890370626,0.07012521209027912
2.3576409770472737,-1.379407322732033,0.7454111584475616
0.717777926323335,0.6845110169414664,1.828024199370104
1.8560585979926352,-0.505541663137173,2.207194575029842
1.494639482287079,1.8515633071867155,0.760679061289747
-1.8222504224778588,-2.3064623609861665,0.3591836396772726
2.673011884632943,0.5635615754041654,0.9451522393423468
-3.222466691850696,1.451057805262932,-0.6164044284764
1.20295188671265,-1.8507721206753365,-0.8845119604617642
0.3535022812205708,-1.6491919900297671,0.9799743546597227
4.3489394800003955,-1.4255226390602236,-0.34025970077364015
3.1968731683402196,-1.4769350238252115,-0.3524290720229375
0.7343829917897411,1.27533038080795,-1.4015375232635414
1.0511986317583362,-1.1344161983537846,-1.2774058450939814
3.0246021582650986,0.8313865982824398,0.10518174288107501
-0.08035306300664051,1.482352463962323,0.8531374315673026
0.47659809041830997,1.7302621205454916,0.8927377521442611
1.5786797204049647,-2.33943148023922,-0.09704706674880344
-2.5886455154141514,-1.4551665899134703,0.3534048430714489
2.3612736820228273,-1.439926104303065,-1.9503056057976815
0.7841399821879148,-1.0560054468724562,-0.7078407894130382
-3.9472464998154377,-1.7029322106182203,-0.2641299934262065
-3.308693393762173,-1.9238832268095702,0.02043953620015555
0.741589397478193,1.3361800173624248,0.9955191422112234
-2.8019926887141824,-0.4680001925210852,0.6038667221358004
1.3801330479181648,1.4646150019902653,-1.6299802476497085
0.8189582832548391,2.419721785529271,0.6514613128546582
3.2426734984259236,-0.19352172292471218,1.45672606788319
0.25578334172119127,-3.8028824562753876,0.3104872225575564
-0.45929801631887857,2.0486677875413823,-0.3364595226393411
-1.513112870304766,-0.23713701205347332,0.47497148737328326
0.7515850262265654,-1.1485743835981972,1.0206054858010034
2.111006684743868,-0.9155983394571748,-1.098537332834197
1.0884733816225642,1.2282193270453305,-2.3742646001030856
0.7560358439585482,1.0732338902115734,0.09150553865704915
0.13150083516085156,-1.6435942748787769,-0.15997340852110803
2.760001912630097,0.7732284064302624,-0.711935246800657
0.9676896950892446,1.4385395664652505,-1.057855092313775
-1.244395930323199,-2.4751625138117146,-0.34456957449841324
-2.647493373619772,-1.525605652034825,0.7318031906650904
1.5653715308351916,-0.738977156649912,-0.5943142233025712
-1.2613254376294176,0.9962294108847749,1.0540079369174675
-0.0781613607518704,-0.622931760184626,-0.35355760916068096
-0.22207391613228553,-0.21781078949860924,-0.6307565785370424
0.0055600241497325426,-2.5832922033855463,-0.2939387774263143
2.089399850191241,-0.4995051888735893,0.034508770606645235
-0.35159401268592955,0.13325211884680235,-0.3504270073131175
-2.0063503269395784,-0.2295980563105801,2.363992848912366
-0.015123622757037566,0.3613492987302818,-0.6107910420636843
-0.85789931544039,-1.8383678560768373,1.471827540310408
-1.2735157764379477,-0.9405494277939573,-0.8201384505831653
0.9850315423223854,-1.6535752728474296,-0.30159257248380433
-2.3794664544975213,-0.10264540603065203,1.4686886299916886
2.487173894173817,-1.1624286419233538,-0.4344527428463169
-3.7764498231146986,-1.1984869658813502,1.3711678650615544
-1.3451518899462434,1.6972151144926824,-1.2203326651529371
0.3490275205814421,-1.0321920769430968,1.3716574345013413
-0.8330932914142488,1.6847304891884571,-1.597574953111177
2.9701926985828693,-0.5355218171463174,-1.2987942329533182
-1.6922560117165433,0.4104999198710179,-0.9853947313008747
2.119408499973851,-1.9395063966449109,-0.3169145084996738
-0.5036884763685475,-1.4702419596370595,0.35705948318418723
-0.683582795434456,-2.0003843572866185,0.9579038750204307
3.3112471152614966,-1.6979536904924193,-1.91927951747602
-1.5002654294814328,0.01688722535364747,-1.628768876497669
1.3619027759548679,-2.3935400114932603,-1.4933903899433965
-2.8878688195495683,-2.101702998066772,-1.3232720834853766
-0.8757302917071675,1.3369723932065865,-0.6803785778206972
-2.9296933128429554,0.26066955860742097,-0.45410238320262336
3.264006417689161,0.288077395731425,0.36225802077826924
3.1560194999741897,1.248755096439918,-2.2505886423032613
1.6002622051079334,-2.037726965589847,0.4136827064787655
-0.24825446789671082,-0.7794566633447487,-0.8687434523830756
4.154213744744938,-1.303294727383348,-0.4372182008549833
-0.15652439138386134,1.2287899284818,-0.83304379898491
0.5181792996438913,1.0752636671806588,-0.8553201327929482
-3.0756058829555406,-0.819080305293086,1.1049881212811428
1.6841414295631392,-0.26590975065438377,-0.866256802664077
-0.8644325355307454,0.08883252838640038,-1.0494970729927908
0.37317289004063575,0.44032050337754114,1.0420459842944267
1.0592208504060818,-0.12455935257637246,-0.8006942156378618
-1.7987103879823907,0.9836512332151066,-1.568904903153634
-0.20225014426446702,-0.5204151414176204,-0.6334175815846248
-0.283095308752592,-0.22424512978050554,-0.39674214142150915
0.8072574646608192,-0.9370898517563742,-1.3804242979009662
-0.44723095143010766,-0.3015971468302488,-0.6631269237208357
-0.13876604147078586,0.41399764117819443,-0.440764018437734
-0.12544848369775935,-0.15142944500768438,-1.121306175488268
0.26298661578351906,-0.7280554091256793,-0.7058706643308817
0.9324325613313906,-1.0238729420718595,0.285537483831987
-0.9152752761610395,-0.9367426533755053,-1.066991509060269
0.47667825865649843,-0.8834357402008686,-0.08858164215823894
-1.287946474172763,-0.32574856441875444,-2.1766662244144994
4.211687436725476,-0.2566127511912001,0.08452383547857635
0.8638830434846262,-0.5534900617381997,-1.5051224609645555
0.8421696833361816,1.099468717600877,-1.9542472763166445
0.08317127267640877,-1.0046164428266344,0.7915065741089675
-1.1031565784218806,-0.734146503731871,2.564561766717688
-1.043616957682022,2.0522250385394716,-1.4427178575762145
0.7515399963435433,0.575551880856015,-1.1671884370767907
1.7340661847468826,1.9407844304960322,-2.699778461965427
0.6952432163875301,-2.8213989188132524,-0.7822143651142759
1.1884285536498904,1.0609557387775193,-0.06361492971483416
1.6922565970524128,0.5043084364996705,0.1486767700289046
-1.4364313835478375,-0.8754294079734116,0.7418345097684632
-2.0836501072878595,0.0964079733936272,2.6056802759139512
-0.4766516146130337,0.051835187633205916,1.0884470305151563
2.062995899546024,2.2618020833589987,0.8735750890801457
2.7224912207607637,0.12500734567381064,0.855325629568038
-2.816207876797311,-0.881011669009121,1.6819371342991989
-1.8709340422090501,-0.9075764101696887,-1.037812630420799
1.1884285536498904,1.0609557387775193,-0.06361492971483416
0.4741672376406981,-0.8965753057557244,-0.3468791076670565
1.2437281986715325,-0.33172826258124366,-0.02736773831633198
-3.1042687373716102,0.801449159396918,1.5421269334846333
0.3870063269237063,-1.3761647356878914,-0.6473849462939165
-2.6327030828964717,-0.22762298411797624,-0.011680508811513099
-2.759069074058691,-0.07249862352904865,-0.04871716779892102
1.2049913107309123,-0.25309597989001487,-0.6411095177287659
-1.3599049195628825,0.5548255377413752,1.0619958816187625
0.12905177899845288,-0.9799947268057194,0.4889832395240361
1.599165388217571,-1.1180818285841214,3.1907623765665085
0.480612592809392,0.545025348309626,1.3102947835946348
-1.309186165940846,0.9292819159778762,-1.0317520038775767
-0.5442779846427459,0.2926441657677512,-0.8493893463380136
-0.0020700000410171283,3.8081264672440303,-1.9517236140557936
1.2534223915264024,-0.13470140569580846,-0.4925039330216233
-1.817936558472416,0.3481286672497276,-0.9133104788222678
-0.9242870169453845,-1.121549106270889,-1.2637817112694634
1.5008475332970066,0.6051284223545254,-0.3418773478930553
3.9969112306325965,-0.23575055578125767,-0.06144653673250735
1.1698119098184763,-2.200160118336023,-1.3904704318206977
-2.5255598493403233,0.5462865479227539,-0.37112121324968506
-0.3803346038359198,1.6101526851430181,-0.20835364133331072
0.8725398597132328,0.14775699523328914,0.24459226200656758
-0.4766516146130337,0.051835187633205916,1.0884470305151563
1.4953294061222053,0.9406253289172073,0.09747201368575312
-0.2816297114001954,-0.9743203937891607,-0.21568735858698523
0.10111461629534599,1.4958624645976293,-0.08307833797342411
-1.9995178685653754,1.3134000430146808,-0.22758310750619515
-0.21493281506829467,-0.14338366541400513,-2.6302634497396284
-0.8096197343224846,0.7485895002180126,0.3042997480834667
1.5119759025306292,0.47740491497850324,-2.3519682640876143
0.9349422652391315,2.0226189544645568,-1.263013813811321
-0.34399677775652676,0.21216102564838918,3.064182088505466
1.077824130261619,-1.1620938535949925,0.14795104520294972
3.492905494415596,1.6084520844475312,1.1230264009222162
1.3282358131926015,2.1393641722254833,-0.8741910843467713
0.07674592348550077,3.1817156224940732,-0.2924954749242491
-2.6107415463005834,-0.1917157106389311,2.6209795301929613
-1.097667881731826,1.1445671955398375,1.2051277005811205
1.3109348606153297,1.7176483176744013,1.5376914195144271
-2.4307682637401444,-0.7156158966105051,1.1455246285448288
4.181252739416087,0.4720071827598862,1.9472661721968456
0.20516084356491965,1.1747520571245387,-1.9931320379342221
-0.057851185799518395,-1.1130298610191307,1.3690447076548378
-1.0503160625309858,-1.6838978584960798,-0.5933818291421757
-0.07117484206399544,-0.8495739851244613,0.7630399678476208
2.7061070706103365,0.03925010053474373,-1.301123083434853
-3.0083250550233274,1.017056008452533,-2.069907005432108
-0.7586871415718294,0.9604430979535477,-2.204707056017018
-0.544755382683639,-2.977744701426006,0.8886530906780119
0.25792482340668316,0.44927347361265785,-1.1411339189489074
-0.16444580397795283,-1.4666122520094755,-1.8436978894753837
0.6493199311204709,1.040870438748224,-1.7215688137625589
-0.37349994598906405,-1.4336908391895025,-1.9610386050189685
1.8132367390150825,-1.605535809722067,-0.4226731618540599
-0.5299355041330084,-0.38983301898676925,-0.7587698475849333
-0.5939272904169313,1.2941996687211819,0.7769210541585582
-0.32771534814180625,-0.3472412826641445,-0.3275122966892802
1.3041198318596723,1.1567773904432987,-0.35017647489924597
-0.1597535043190541,0.2577531091631417,-0.4338118046551639
-1.769391395133953,-0.8120160135203242,-1.1023395533063665
-2.0840425940568084,-0.38324835859634165,-1.8620835156741777
-1.0957709410777243,-1.385228235853042,-1.9238394668329488
-0.11678881158490668,0.8488117461039193,-2.555297155808638
0.36519498041359383,-0.31554977418601554,-2.7587805939390093
-1.909214573861928,-0.24355960495138063,-1.6321245525970485
-1.537396303358159,-0.9886929766097856,-0.02596139021267548
3.8704134655415947,0.6881252224197212,0.2677344911945515
-0.8700637708023823,-0.8805667402353474,-1.0746851194832496
-1.4840598852024092,-1.3804988876751074,-0.03833171208060367
1.4864576816201571,-0.7312879183623209,-0.07178079548922514
0.07977115587088209,-0.49181971220648546,-0.08201924202711655
3.5280135019714494,-1.0715815029692897,0.10170031327437377
-0.11929509737835257,-0.5603997565792228,-0.728534071424419
-1.7599585674438918,-1.086629955307955,-0.3693476478962682
-0.3577805216696653,-0.44984209545833936,-0.48453826365962666
0.42194940814611775,-0.7545019959393211,-1.3385506390098414
-1.337302080439608,-0.14803415626768232,-1.7313085932638457
-1.0613746948466625,-0.5670728978637888,-0.31953035333521707
0.1983107381447928,0.09312726034945762,0.7410110182398869
0.011531787781747318,0.6171392579591907,-1.1592537705677395
3.326893954344267,-1.1799333422619578,0.665204117169585
1.5971908314030312,-0.9149681189015861,-0.5617549560882427
1.9425951282908953,0.0808064638628799,0.4275633344236637
1.247563343866912,1.6925295949475416,1.463733258884005
-1.107460456918868,-0.7689569269824992,0.8771717366758596
-1.4656561288132888,0.5423297062620344,1.2479656865260556
3.223564505561962,0.383247854947038,-0.9305332419471583
-4.09184537893825,-0.39188427970677575,-0.5478064217513683
-2.4226426341689753,0.6993867632273912,-1.8877444833129142
-1.6568150151529544,0.7251886385280749,-1.52828995543733
0.6232835124503838,1.5091860186930728,-0.9520119296386441
0.13738479949061436,-0.2610065035977303,-1.1267027112346166
0.380726878290779,1.0201395992090507,-1.4000031587483468
2.169834401216907,1.0193064278803388,-0.6565980060729926
3.1288075949158705,-1.1336066125404423,0.29489631476546585
-3.1499247216819315,0.8853825490892325,0.04375534910995348
3.245045564891674,-1.1605493429949127,-0.6621099041011641
-0.7153537589209293,1.1835482695848163,0.15709208640751737
0.38622599260096335,0.2257246129228136,1.1263536793420403
0.04987982341923144,-0.6758812018701822,-1.4057978866812848
-0.661712527517305,1.5432594144094343,0.2872327238734381
-0.3568944387667106,1.6475963345876172,0.49203389171732176
-0.5730172835090575,-0.08210449944224789,-1.410769865056628
0.012887693004809903,-0.5915731624337621,1.872747271772235
-0.5084013590660708,-1.3446605758330914,-1.2799898117004926
0.43769365386074244,-0.07188847944576869,0.09241145627654662
2.2125744984151745,0.07091628971165206,0.9510489389244534
3.351527999887515,-0.8465530663543936,-1.3431712879995452
-1.2921110245070087,0.9730368473858397,0.06075120826432244
0.5851150619614773,-0.08691054615804661,1.0286445139789382
0.5800655964395189,-1.3777733055017227,1.8017797918818745
-0.0682046777481124,1.6777579644030398,1.8520588142961574
1.2369388480837475,-0.246532462551081,1.0641888590974362
-0.358613041594267,-1.250154105019404,-0.4445717718315724
1.1899089516381884,-1.8011640691851931,-0.7845587322355739
3.0766122625473074,-1.6082385350711121,-0.656933297036877
-1.2698245066328553,-1.4410666582988605,0.7982438883067405
0.10566022349079171,-2.913960444717556,0.7839619432291672
1.0025260329824859,-0.18432294778254946,-0.6265813893848018
1.6629537324405084,-0.12086319907564798,0.3040389096239542
2.5131828534477334,0.22265212505125798,-1.1513996561457285
-2.117859332962799,-2.2085077731875065,0.6875876492392243
1.7370086710795627,0.0824066417044124,-0.9439529791117537
2.4094368133834134,-0.7857714818638222,-0.7882173981005874
-0.9543139860761038,0.44397731867500295,-0.07776046925389803
0.3306229414735183,-1.631198245179101,-0.3739513912386763
-1.44703493482638,0.2379952866751071,0.8200968497836205
-0.01651846008737884,-0.5077306450640214,-1.090968866662315
2.155863073878029,0.5591148577999332,0.4290319773053562
1.8647908961350346,-1.2817563899289848,-0.7513462825619533
1.504402162487665,1.3245408009328747,-1.493332668622228
1.0105948534621034,-1.0735064355015531,-0.5538769284790763
0.9803024069539199,0.5044518982469429,-0.6512694457339834
1.3710793727395592,-0.08207292490154149,-0.966937196541366
0.3406456733559363,-1.2295395545885963,-0.6272201028198607
-1.3362026092131214,0.8287087809629252,-1.5274105900976715
-2.7644326275815208,-1.2120131728385812,1.9873517941248666
1.7276755715643322,-1.2920787518933168,0.9293081913648511
5.1379065516254405,0.4132815973863253,1.7553731895487223
-2.4189745284429045,2.7318668124076884,0.3608574863276791
-0.6790532626602181,-0.10731630610806253,0.027747331689274398
-1.4319273825473953,-0.6533885226536774,-0.6924966488683102
0.10566022349079171,-2.913960444717556,0.7839619432291672
1.9404117149056055,-0.6181350606087236,-0.662476579547744
0.8044079623238145,0.891181166021936,1.2753769186378037
0.10566022349079171,-2.913960444717556,0.7839619432291672
-0.20838136056921436,1.4383218367805715,0.24187577965364965
0.8723316062808747,0.7270067132452345,0.7840224731511777
0.17632738604272677,-0.2835843776894215,-1.3036230149535881
-1.424400005646869,-3.106751961729285,0.39206360919647815
-1.151357740512095,-1.9630913482180399,1.9561662686406056
2.5445984605373755,-0.5556294868900588,-1.5836193077368512
-1.4827130711239747,0.24374565355766684,2.138155165534357
1.0091043881192274,1.7865191886497096,0.34495487129037544
0.4316958109798433,0.14335107702783817,2.206752624318291
-2.6790609443313533,0.4567627285260678,1.9977495979682627
0.9186721596564674,0.2152552392934504,2.6719205574794302
-0.584190937162159,-0.8191395480190411,0.18764343229875363
-0.5474392845799364,0.22391080150513118,0.5385610997593541
0.7167087932820276,0.817830469056527,1.3047073977717425
-3.6890420210207266,-1.0441593191901752,-0.971981175897707
0.005035773098594564,0.13298462901226182,2.4794511457509656
1.777337529805302,-1.1462208574644266,3.250381830808782
-0.015486616155127773,2.8138470917573932,-0.02434635919976409
-0.9966743239592146,-0.8505279411301944,1.4790181474838362
0.09500768177890466,-1.9516945316924341,-0.026294707096761488
-1.7384687255673439,-1.3415805553094844,0.2715618495703751
-2.870829110916954,-2.0331196099689763,0.5428096108733681
-3.1944788996092086,-1.489710846937052,3.2637876049154815
1.9071538950778737,0.7927088827592484,-0.06053293206825849
0.48662021305795167,0.24293274333104511,0.584161752781276
2.448607628786343,0.08288953751430725,-1.360312170225655
-2.0748993018367123,-0.03890157545659038,-0.7890399359760863
1.948595648859417,1.7568726805452504,0.6832322948507173
1.2353963817246936,1.1451735968038945,-0.6566425084155345
1.424789713763783,0.8005078589268646,-1.1971287772406785
1.340403780607251,-0.8939008792072817,-0.5547404846238748
0.34547014230440937,-0.7459183242270461,-0.4800888248280806
-0.832261762138656,-0.7249947546555084,0.8058249604496637
-0.76574665922358,1.440019581890322,0.03075209776488468
-0.9604763241496683,-0.25396722179683034,-1.6206410702097034
1.3722966029176373,-0.38881748804092453,-1.2550864303180662
0.18562786724475117,1.4626385252111187,0.8166553301292262
0.4773085018143024,2.5111752234091678,1.000081984552529
1.9458145645582343,-1.1466978925763391,0.6473910256963845
2.2348612358565414,0.2213877377002697,-0.565273293369295
2.3886227062255347,-0.17134611170609568,-0.04842324029053854
1.2353963817246936,1.1451735968038945,-0.6566425084155345
1.5456466372751134,-0.5541405905335138,0.9255218718430965
-0.005248865792758606,0.17997567528215536,0.4760475704288639
-1.5599705963184696,-1.767117318034086,-0.2334677962135653
0.47065823814078994,-1.421910002819317,0.22285308612721852
-0.09429629331746713,-1.5181593884439069,0.6687163402728975
-0.5329130971682665,-1.292289015000819,0.7369299746619792
0.5458252613531085,-0.019866717118822156,0.7836581472923989
-1.3139285261592393,-1.3202383551233958,0.6988183505900596
0.17964271768281148,-2.2730193275844184,-0.05818598034573038
1.0612485010202257,-0.5131534406043717,-1.3135689678026645
-5.594936560132653,-0.2762201666464599,0.7838300104955674
1.6174545331894241,0.11860971810789323,-1.8030470002430163
-0.08149544922564995,1.5336928651120871,1.7805295406380397
1.3722966029176373,-0.38881748804092453,-1.2550864303180662
-1.2216011892196121,0.8680907477833014,0.30307480722213154
1.2871179557009607,-1.373906217637171,0.4388576450712595
3.7100942750420463,1.0838508855949422,-0.4669061462725784
0.662932448796076,0.7764512117633535,-1.3340760644017169
-1.878671305359859,1.0942285505975697,-0.6699246306490281
1.6391461057677326,0.9347643313828045,-0.054829806351661424
-3.330083764933575,1.7001957716091338,0.44835619586337205
1.5626645542971835,-1.027764023060615,0.5926839091297192
1.6676005810835308,-0.9644138263500456,-0.8681571288962175
-1.655849277036483,-0.7001184632629163,-0.788564471814023
-2.321024081895155,0.14044274380155988,-0.1640520062723176
-0.4446684148261134,-0.8588577242971757,-0.8894011902846349
1.2871179557009607,-1.373906217637171,0.4388576450712595
-1.3513115957497794,-0.35131378636478877,-0.8237193479861247
2.25680633639536,-0.19690926685628335,0.20691951607124717
-3.20015309061282,0.41244911149699626,-0.44474679183077204
-3.0618775618247605,-1.0341050115281625,1.1617582455401367
2.512751960236602,0.5783863443895547,0.6766483127716123
-1.832302824048625,2.2418280556123524,-0.12221934426429042
4.120765698212444,0.292549346280309,0.008494582642307315
-4.103389997681878,0.9254513300883895,-1.329818586374339
-2.3242916341104722,-2.4404797758151333,-0.16475744633853037
-1.3981569610950302,2.1209680952557632,-1.7825063984786156
-2.552525227730308,-0.578768456601489,-0.3229936816305138
-2.13251308241607,-0.418416748603609,-0.5493877886156813
-0.9586059655579817,-0.7154927600502071,-1.228599057848649
0.26357691278668655,0.43319032181382916,-0.28783985983314536
1.7923162525015648,1.1430393353129884,1.0302408819854312
2.336060100544972,1.085595676159096,0.8976915758638391
0.8806140889979568,1.3666532441195793,-0.9299573274878341
-1.2858181001084954,0.058495242059741194,1.6246320797423914
1.831354445861833,-3.187941539972672,-0.37718722708417585
-0.10272003586083989,0.7159323592948322,1.6699624940844633
0.025799049226144732,0.3763642885778235,-0.7998397952379507
-0.25667808477709314,-1.3718454255543437,-1.4835792864783954
-2.468439102465406,-1.2587143019154412,0.08985586173412662
0.17869048229597317,-0.7256871201139891,1.5089683757148202
-2.246565424109978,2.0742417640279447,-1.7831369890398134
-2.3951082254208655,-1.5604119813291877,1.2530427519583587
-2.3657026906425807,2.0857934085276884,0.3259088223551248
1.7773522984926147,1.7197203487254633,1.3952221695524987
-1.7746265244632813,-1.0615461122586385,-0.3590224057697342
0.09976256967049901,-1.5225212047483871,0.2762075933175629
0.7107340800551589,2.714959072459226,0.9399021767422108
-0.2839677512646417,-1.0553637846988602,-1.2164281798689478
-3.610389496445651,0.38850176891623767,2.2897348075962216
1.7888203476973552,-0.7191322928447661,-0.8005681769083315
0.3800934604252422,-1.383592648401495,-1.3987375835182116
-1.970347556401699,1.19278607392932,-0.4191010290592224
3.341621568479433,-1.0721796962456236,-0.5442327941452764
-2.8226229375163916,-0.2222432237277521,1.0499380161183605
-0.8617172686975986,-3.33413657992141,0.21778143067935243
-1.3533365823185144,0.5990174345941596,-0.6921832049557981
1.8639804731606688,-0.5802829880763037,-0.12731683343450567
0.07559327484023047,-0.003789409962326621,0.7886544449967308
-0.8998052343833113,-1.079653362581555,-0.9593836599502424
-2.009287637929479,-1.9297188078152714,-0.3013293899827768
-0.5641359078205817,-0.5199785127667371,-1.3793118832711413
-0.11456277544624817,-0.5103723568629598,0.9271900722245239
2.767757671444945,-0.11230434973742519,1.4372220461505685
2.8093031412933733,-0.5002356825863961,2.4956497086156593
1.9825143251573139,-0.7944123081742588,-0.5124696766861857
1.8306191122455047,-0.9580174475472889,-0.5767625861307084
0.3874381107741798,0.7737054156911135,-0.5069089246705978
0.19250762790665435,-0.5507370434658249,0.23490132823858817
0.3007571344536524,3.0224254374900794,0.8670931901043823
-0.5356332483438638,-1.0897697376066955,0.9849460234331341
-2.948996606950675,-1.8754329931212548,0.1738920898472467
0.6941069021576894,-2.3093036432690677,0.5627642143615124
-3.0322047947224835,1.7853320712374443,0.5223583014218068
1.845154127053627,0.01696377223254438,-1.9395337419652923
-1.0093020636811336,-1.170403064598436,-1.4892123303864162
0.3985504345085375,0.8452786916484052,1.8715864214917777
-2.665876032501861,-2.7052325284228433,0.5664583205792141
5.255156198953438,0.12543776884955496,-0.07976921525318544
-1.4079224736764095,0.7981314557906093,0.6139061007229442
0.9706651253326668,-0.7640268976973364,-0.46594735530979964
-0.23650185901299944,-0.6667689750848361,-0.2741097278547435
-4.2828065123103505,-0.5495999153339989,1.1657669081389799
-4.595194502276914,0.12890979716385506,0.09663940116184214
-0.7048888591112856,2.0585395094040324,-1.4228352115875367
-0.7280883702257301,0.47082765709566515,-0.5560356631888684
0.962482836905677,-1.4758083873853638,0.9676044598977523
-2.624091888157974,-1.0434256396625112,2.6706557642476096
-0.1363089522857555,-1.0961509037314656,-1.5862529386746493
-0.29113782469292004,-1.0053951644960384,-1.7055741699178286
0.5028982974926778,-0.1421499644632,2.7583378637596248
0.1359381381422929,0.30988148569943236,0.8681287119277566
2.726095734870477,0.26777048765255546,0.012150797722612646
0.4507163221447494,0.04319242156685473,-0.9136558002635131
1.834473654537425,-0.5519043752875438,-0.36589591397928495
0.644584714478243,-1.3049271735152899,-0.09216298649937937
-1.5638503192074718,2.6232030942555395,1.2470375785688508
1.4323319280019715,-1.9394364180406936,0.9991925005679811
-1.78694877828466,0.9722095355635806,1.3802880246416018
0.509822140388188,2.0761658539998336,1.2447018084563108
2.365068788621406,0.4843736400177794,2.1781181024508594
1.2419327254510832,-1.537450539068485,0.9768404792382855
2.1050834952494064,-0.7498862619757168,1.1526902917898092
-0.8498297412403794,-1.5416893945740853,0.7865442081116556
-1.9412969658811627,0.22360979034045386,-0.13716314925545864
4.011202443498426,1.0291719368460044,0.4582461320861199
-2.697762866643964,2.9720859009363076,-1.3138716254591511
-2.4227175883054204,0.4494151809063891,0.04047746837953296
2.6708600093588863,1.7368481685492354,-0.8213923213889862
-0.9604763241496683,-0.25396722179683034,-1.6206410702097034
0.9237189786662865,-0.4643539158823977,-1.462333104577451
-1.6774715447436865,-2.1317869733113506,0.4375904627551952
2.2926754308009674,-0.37820414987690615,-1.35967411437578
-3.559645437137048,-1.0482385003856247,0.1684933346713306
-0.38155397526264195,-1.6104642281173527,0.4994203088998872
1.4969171267411647,-1.6020074429802886,0.35164437978098867
-0.2775835578519622,-1.3994949361407285,0.39881946904430676
-0.5543979632867064,-0.8816363628081485,-0.4693922680803653
-0.23716168093177753,1.1141871601477529,-0.9230910776060417
1.8727121419557713,0.7887414096423783,0.04412421436005621
-1.1659465950721788,-0.7648511638533612,-0.653177187522821
1.8965800745771806,-0.7563946412325546,-0.6366357693366843
2.0029415260769907,1.0550385294767153,0.5758409893468979
-0.6356852612714998,-0.952756085782485,-0.8548934585389519
-1.1652232464437706,-0.3041524645060482,-0.9442995032244197
-1.1913879515255994,2.164253400791379,0.027122661682354974
-0.2736621551928124,0.9553301773841494,1.3207439562089127
0.042246777826067804,0.24867047177371865,0.2483910556043325
-2.593513670498492,1.2403551008228493,-1.77903132525856
-1.5244387128728003,0.276488707745204,0.6894643440873204
1.8965800745771806,-0.7563946412325546,-0.6366357693366843
0.1517913097052378,0.5301222496564447,0.24545379778129425
-0.756900868347313,1.0873840640759391,-1.2281516229156184
-5.092864747957883,0.6586051919469446,-1.0060593167456917
-1.3044663004190449,-1.6507128978322627,1.8823071917638634
-1.617683019500425,1.3459264145632415,0.0578719733619202
2.1050834952494064,-0.7498862619757168,1.1526902917898092
1.8965800745771806,-0.7563946412325546,-0.6366357693366843
-0.49098738044892226,0.3895351314440323,-0.1934326731153437
-2.104916100578162,-0.5142616351037155,0.507497520777969
-1.2565768582213006,-2.035759444772773,0.854871752275984
0.18995756156370516,-1.8917564103482578,-0.20570598283941408
-1.6150130491166834,1.6302084878731151,1.3478268040034707
1.2173549390874885,-0.2597823449934095,1.5997266033712272
1.5947059535813384,1.2176636056197956,-0.6864652628684497
-1.145303014187254,-0.7773668261812609,-0.7594522381978563
-1.456063818908114,0.3436443448355179,0.9213303614644806
3.181295210936827,-0.05200001721233307,0.3865595727965005
-1.4505413969726775,0.4281553006228888,-0.7791375468302466
-1.2961467446475694,-0.4396792901315694,-0.3134778295703807
-1.3804627846017934,-0.2880834557759301,0.42625285226075615
-0.2775835578519622,-1.3994949361407285,0.39881946904430676
-0.40827950081398573,-0.8781122221099696,0.9743157808191061
0.36510659977414506,-1.8118718489991814,-1.3384917964517737
-3.7353159306806365,-0.7529090714963199,0.47330580908531034
-0.2775835578519622,-1.3994949361407285,0.39881946904430676
-1.117377572225767,-0.3147752245228133,0.67869025390426
0.9328440084612284,1.4650495964324368,-1.1579280654834687
-2.847169313305398,0.184945530105799,1.080594093396542
-2.847169313305398,0.184945530105799,1.080594093396542
-0.35650351147199055,-0.2871688599845241,-0.04738666411845839
0.5951417174988682,2.7264980224603907,0.051529365517028566
0.30705312180735467,2.387545061909054,-0.21458399497509054
3.108909467919888,0.7869637581492506,1.096739692675544
0.8996935340349257,2.124008458505184,-0.25894084213068946
3.623011859824751,-0.40174394848242106,1.0277107676961934
0.9704432358133661,-1.0046745817784877,0.9550353335917442
-2.100355846890006,1.0296659438058375,0.5582123721420651
0.36110468544784036,1.9888430995194224,-0.9490950433945456
-0.49597161810804474,1.9339720853962068,0.17736817400173013
0.18841545675765295,0.6479048275729272,1.2030081246012152
0.5053993811110957,0.10848211187713468,-1.3207399987467967
2.0972215560079337,0.3906473558008278,-0.2024442721965579
0.5143242748092617,0.6362987682273847,-0.9428431229934435
1.5150693858097324,-0.030819730056186344,0.1909431272108906
1.4650939395470988,0.8197529161511078,0.8935661148285569
0.1076602683081595,0.8814051794339628,0.5052108431050868
-2.997260570726685,-0.8935901155814985,-0.05138319210357722
0.961825757251677,1.399857199349881,0.26080530083362063
0.882401569926588,0.604260763168653,2.2313155111048113
1.2610462375640625,1.358246604048893,1.2345155037236129
1.735032109428339,-1.3698467659152038,-0.6463390412960776
-3.0604079786200193,1.6849678428114403,-0.09088595053085854
-0.46947379342267337,-2.1507510705820136,-0.8224881298581707
0.9935901354335578,-0.4803488101574144,1.7593173895434644
3.166383390126972,-0.9650005486079838,-0.618926614554966
-0.5656555005113675,0.2420168114554388,-1.346204677932514
-0.5883178587205307,-0.4065747524779484,1.0297420716637882
-1.3028176383076966,-0.024395451253512602,-1.2692116686461896
-3.6559054104900053,-1.4236374936765468,0.6305225788226447
1.2078744118198619,-0.8012788411406384,-0.05961267671043596
-3.0604079786200193,1.6849678428114403,-0.09088595053085854
-1.1618940732155847,0.5177046576340727,-0.19894542409251986
-0.8763353596963722,0.1774620262391296,-0.5615478245831
1.1243346071538647,-0.6369536636504105,-0.9480229793573847
-1.0462753353553504,0.6513054865661213,1.2815597092622597
-2.397547598057196,-3.663655424833281,1.1733195413424549
-1.0496231550856698,0.023536524245003975,-0.06986190427781087
-0.7429754118342472,0.20984629343883335,-0.3233925567122822
-0.28391820021666775,2.5926006524527034,-0.3347020239361618
-2.1502200532160933,-0.2642678761474489,-1.4504571084898212
2.270329161236781,0.12257689645283025,-0.32584334202005577
0.45265594757256356,1.3855211024657637,0.03203723703770657
1.093178650367132,0.6679269690930704,-0.29059496866737955
-4.484007711006541,0.6013382012367561,-0.7950638101141118
-0.3587035484856859,-0.6456817583159696,-0.24587883672103994
0.6799813750310792,0.8884983488124555,-1.5481806003878444
-1.3755693509148101,0.7812821842353418,1.850759149768099
-0.22722183471458593,-0.9181735736215265,-1.5865063789514873
1.440966867365494,-1.689693554916268,-0.27943082108535705
-0.37501382272997347,-2.2490397543242846,0.8364049487973457
-0.4855986177425283,-2.111231896966295,0.7431404666945046
-0.5079027136403352,-0.6627460321221615,-0.9376996747983795
2.2897068481372416,0.092449824848069,-2.4241055697133254
-0.22722183471458593,-0.9181735736215265,-1.5865063789514873
2.1222168274742508,-0.5331842376974776,-1.3367433256625079
-2.397547598057196,-3.663655424833281,1.1733195413424549
-0.21418745362579314,0.4588106748892586,2.1418934892764825
-0.289405272409739,0.7207014778146763,1.7409858939750997
-2.804244990382168,-2.0878438271765676,2.2059368826912342
1.0210230045618467,-1.588824078960829,-0.5221651544315988
3.60591090000411,-0.1467170422403237,-0.33374678035164096
3.4140789273909844,-1.3359666592244954,-0.7485793841819238
-2.989877531781276,0.3016830463720656,1.814071917704914
-1.9172004397219413,-0.7509816123359099,-1.5365378579460292
-1.1198723925824878,-0.25051440016407,0.33039475928258566
-1.7796765486027355,-1.3141366839988418,0.7162989726521943
2.396309850231156,-0.19526441364307592,-0.12721421070083752
-1.502250600159436,2.3217293055661363,0.3502555052224687
1.0726235492823566,0.29838680754363295,-0.8036046065284341
-1.3164930567987714,2.03402503181373,0.7743026712792985
1.024483931373778,1.3259332412479377,-0.5186989472658002
0.47814364765319906,0.02593871032628744,0.5741946363933359
1.5962212516892649,1.2746653222264401,0.1474215820178671
-2.324910267977473,1.2778193811404117,0.44428101009525683
-1.5306769525920467,-1.0835516840447525,-0.23858269465481355
-1.1190203238908574,2.0777644121635572,-0.16322724576222283
-3.0502836424039708,0.7349143521074178,-0.47350819921471693
0.09099811535779076,1.156413088955031,-1.3699482499992008
1.6232900220797246,0.33578070788885267,2.4517765536070906
0.18102221274625513,-0.050662585791924584,-1.0280716124259615
1.9630622469343362,1.0728533972851262,0.034894922528152954
0.4980384766845628,0.8648728361523084,0.9474666353781704
0.4614412101236966,0.25197206411457257,1.1943524025577386
2.2060330544627176,1.4220903874456146,0.5191808178515717
-0.6923109753967713,0.06778020865190765,-0.42369244759254604
4.242120250224347,-1.4247687917642793,-0.2688208929855512
0.9338264886386086,0.7604495774924622,-0.689192612393538
-5.821041039693408,1.0254977244052903,-0.05889249785746664
-2.694032779062698,1.5678819502022863,0.0009310691580557653
0.18175185870080293,0.3855447180630602,-0.8163756196498722
3.2180569369717182,0.9984980328180915,2.029117407628956
-2.8821142558437263,-2.2267380665819663,3.6447229685689764
-0.9938893389031765,-0.680884471708304,0.30626116146261256
0.04125437787072395,-0.9882679628764823,-0.39618162221244707
-0.5776173639875443,2.928201905916628,-0.17737528234778724
-0.6443459562783269,2.1713988865756173,1.5305367173647957
1.375659212169852,-0.1538212252666428,-1.5239629203163167
1.4149711960336195,0.12279618687954114,-0.45728781731986445
0.07436040720892617,1.3498344511520803,0.7697054148229996
0.9200396671475786,0.9322559331776806,0.6021558163479983
-3.8984040952782872,-0.35804778784285235,0.5475728222148158
-0.04934598850102069,-0.8711485660621723,0.9633288683379627
1.9200260095763186,-1.3204005827566092,0.6495931805114964
-3.5826923769131587,-0.2486763110791501,-0.903664913966821
-1.106307264523289,-1.8833271416548734,1.6726680190313956
1.017009555170033,0.8957781658136326,0.7975614688299014
-0.8623093551541428,-0.08085162215729301,-1.5864553964895813
2.0643129348847493,-0.7476373994468972,-0.3412556315010948
-1.6431110852199027,0.6085290066319154,-0.4679709410799467
-1.147819939817918,-0.5331699978204979,0.133173163782596
2.2490071222438943,-0.3169166832158385,0.25206348127423894
-1.3052065265599648,1.0602269036839198,0.9146807411443139
-1.3093406070467766,-1.012262589621036,0.1543369594276384
-1.5882144740658155,-1.8069002784470714,-0.6607244242105248
0.03508984236968782,-2.873426975577477,-1.2523176611058475
-0.5092247528829639,-2.406920324585415,-0.45711005970287083
-0.19849524832342239,0.5378863707588132,-1.1263517300908834
0.13205482456601272,0.3003104490053181,-1.106390095837357
1.016928863690644,-0.49153227364848967,-0.39356342802123306
1.3739587610072803,2.403621346767524,-0.6958228057659834
-1.589337396716496,-0.8818194150851936,1.511767041666095
-2.3451470348978294,-0.5333651966828714,-0.03929133083422544
-1.884420413382347,-2.16014350377431,1.4334033650644267
3.679705254922819,-0.0691879421439096,1.2577508439003133
-2.3763393253964487,1.1395066295445586,0.291186684169017
-3.3060174277250414,0.6684228646576827,0.4832272448777258
-1.474848857421149,-1.8753593307453533,-1.1921631902884935
-0.5536519962766534,-1.0981953313731678,-0.1831400736532235
1.2171291249945602,-1.0920809858239746,2.3331036010097512
-3.6344791114951804,0.6305973193238997,-1.035230087229906
-0.4855837734158639,1.0077373370949787,1.1827699916153427
1.100555989572478,-0.11129911187992422,-0.19338508036539398
-0.624767476505113,-0.4214808405286466,0.8357489323546055
0.13873973960506236,-1.764114712932291,0.727607799459655
-1.0552890798919594,-1.533640491988314,0.26323281696815976
2.7928264720838434,-0.8475549870745351,1.6923746696367246
1.0199454406148702,0.8511697586999608,0.8178482770683416
-0.39763200133280535,1.732991124252343,1.5184667946347141
-2.1487317834037047,0.20679219798102738,0.2889062629983227
0.5818626358934758,0.30824419201190123,-1.3507584897688847
-0.16397906948662425,1.8720962908671652,-1.6591128308833694
-0.47224256505416484,1.8666398011188134,-1.8664272991599375
1.0632886892054005,0.8287112483616197,-2.1169261294300146
2.069369473344291,1.9737112951097218,-0.6815231736568248
1.8583143712737722,1.8120886890942847,-0.3224597443517379
1.6972922400881327,-1.116443037090888,-0.029782479369275073
-0.9911178800096788,-0.18228706896556798,-1.7139666379541243
2.6059273860795074,-1.0459640173752822,0.42340757947457297
-3.907022604646043,1.532908971240632,-0.003721073699696093
1.4221635350812858,-0.48967482773197624,0.06749720908570411
2.871873676285457,-1.1154973868966338,-0.5331609610769114
-3.7406772543673275,0.4216742601318433,0.8720594378661503
3.5930829313196844,0.32092766517384186,0.04303906081815038
-1.9431072461259042,-0.3298369642867791,-0.4079410808423125
1.6707613567362853,1.229442409999204,-0.5923052334240498
2.6139769177264305,-0.7071036460498722,2.908580167201963
0.6488855454463969,-2.0969769248071546,-0.7139491614087871
0.9293648409785673,-0.9765344628092966,-0.6171797143117469
1.662036610112306,0.1926878970458915,-1.0951371124333318
-3.938213863884756,2.64769592384731,-0.7279657441952061
0.5962497242795456,-0.19602273387476477,1.2582894439141914
0.9842115388139541,-1.3131513355729154,0.6555953556568929
-1.778414829719679,-1.2802088070292625,1.2343268669406406
-0.5792084832687378,1.347618142283761,0.8054925365227911
-1.0066309099848543,-1.5156449485937349,-0.9597785865222784
2.202222859441107,-0.265404903507283,-0.0445743702562599
2.1773750039598707,1.6865038613881422,0.3846983717075791
1.2902035241039045,1.1409244917369217,-2.006943531830944
1.7227974508783213,-0.9021004163829976,-0.5428072872735094
0.5279214962473373,-0.5311931240542429,-1.0600977805368814
-1.2598728266203865,-0.5612423369793191,-1.480178747167053
2.562149914052301,1.5586211484552293,0.7657104284642535
0.6750500669010697,-0.24627033228845985,0.6929559356914534
-0.024486647931243777,-1.9521940529720458,0.9978119844885432
-0.8386697122990345,1.3160111529046619,-1.1517789499333362
-2.512035571065842,-0.10578972046738852,1.6183192153293464
0.8416010089606677,-0.5346412800505166,0.7568865732146323
-1.8857394329499737,-1.1762081824755337,0.07514404037768646
-1.6355034482259736,0.6650339842054102,-0.021104928309738463
-1.1227757771595486,-0.6135358109702327,-0.43324484544973435
1.9087694030150795,0.8054560144915928,-1.0259848339108755
-1.8663644963398274,0.8567171316920635,1.622444720390736
1.063499096991034,-1.2347597235267884,0.3407790557599263
0.8024429341977947,-0.07314790626140326,-0.4652358355890327
-1.9145586116171358,-0.45567504732032177,-0.24246605546256303
-0.9370522543403,-1.0939226382957246,-1.5950967793112052
3.4155365705281997,0.8547239837160401,-0.5212060569309043
1.3271231444346436,1.5579089825533314,-0.19343629416127764
-1.590045027063066,1.0281696283854371,-0.7758226100522805
-1.0471963390022507,0.14834561458884796,-0.583109412081459
1.2111925410275333,0.8368254171338392,-1.1993896440014364
0.12602012941651863,0.8707400829852942,0.40837391933922945
3.549079690130839,0.042028304739559895,-0.5723346190823488
0.20236756555346555,-1.1338392518849936,-0.39159406631209515
1.6525087193746435,-0.7719909547055716,-0.7745683212674673
2.4034541152611797,2.1519317846146864,0.8846573504755589
-2.644784741047661,-0.17522787201454823,-0.798886112641392
0.8636717114190889,-0.3530050736172121,-1.2722830735595985
0.9728974467049376,1.700607988129421,0.956080350090383
3.9797045943362117,-0.5109737039590815,0.24701049953989715
0.496861084271191,0.22280821281127677,-1.207011866712349
0.0877962797349657,2.8115138199143996,1.2370905030279016
0.6194914371284388,0.6996301854413751,1.2574933384541775
3.2118747455014063,-0.5564377077067483,0.5168730199094057
3.6630058495728424,-0.8264402278193337,1.0199190613879106
3.682143217117638,1.2616397484668482,0.11541761970899558
1.0132080635333642,0.25287648424018155,-0.04019212291925218
1.4060169511482121,2.9051878389763672,-3.478307384113319
0.38332567734584766,1.3934624636138608,-0.2312959084733226
-1.580751199126716,-0.28327150460525885,1.0947217895722596
-0.949241172967876,0.9215500329420421,0.32534776402729365
0.9177670677404868,-0.5886212157008678,1.3231624645415228
3.682143217117638,1.2616397484668482,0.11541761970899558
1.3645209407576444,1.6414010849392693,1.2165383703346175
-0.3291382543535528,1.3571159586540473,-0.43918933881452377
-1.0442157556535336,0.5434506155579195,1.5092563116527369
-1.8388364574576876,0.6992589148370153,0.178379438550014
-1.097107707233903,-0.07031174855696629,-0.5841515180704061
-3.3424303430850575,1.954012822675263,0.6027101349650476
-0.5933023004240605,1.406571298254159,-1.6311488839622292
-0.4071833403874704,-0.36673275974710556,1.0148192078479086
2.466953347409023,-0.004661765880275554,-0.621914259410998
1.3197436318118396,2.8661532054558045,-0.4628014818677136
2.506019838333862,-0.7887719341624017,-0.8257429375022963
-0.6516479454785228,0.7315487450326789,-1.7111685721688206
-0.6625604353578568,0.48559469513333203,-1.5050318650918717
2.1540565925328616,-1.3382991798852477,0.2821850160944125
0.31279520063957567,-0.5801656491989811,1.2829861609877915
-5.5902702833538,1.5359057719504785,-0.5729003970075653
-2.433010929027462,-1.0646012607052375,-0.8246921522310614
2.2700068574881365,-0.07440537915258043,-1.1636154284669662
-2.026429620280623,1.0217892107620037,1.1036814881791825
-1.6243961248931764,3.349535182867141,-0.48924024842894615
-2.7658088365579565,-0.7680975333083793,1.1354384032864895
-1.8987455065062933,-0.8804697594264078,1.4567205478431822
1.2217743058596702,0.8532689321160463,0.8071629787534862
2.116295458816774,0.7807427869840734,-1.664447448904108
-0.11149481635854623,-2.0322248778586958,0.5913485574628484
-1.439898582090755,0.8034935410575853,0.01191063149146107
-1.492664537610484,-0.7743815124212677,0.796350554557443
-0.80825136406925,1.719632209756828,-0.2081984804684054
-0.2586287332219345,-2.5876106977438327,1.9396455321412627
0.3760765178909692,-2.4109636055982584,1.236390385003802
-6.0070595692817825,0.9236927017226533,0.48685027315787566
-5.844830028028132,0.7479061084800677,0.6690643276223789
-2.983597351578326,-1.6462111462000715,-1.4721870245717263
-1.041085318912579,0.3375700904807996,0.6113326935263838
-2.2225215140623,-0.1910899928965671,-0.41953214473773986
4.06023402481704,0.5577269484487005,1.5793033272540336
2.0060821527109933,-1.2463887095511517,-1.339546578351269
0.2161448859288003,0.5217319933571833,1.5392842090860754
0.7857107595666792,-1.641431758975143,1.3877367765877022
0.6505691260642893,1.1617220236767678,0.5073838546591117
3.682143217117638,1.2616397484668482,0.11541761970899558
3.397399967217252,-0.015057997858030917,-0.6329418786612396
0.4958085944834053,-0.768763270260953,0.8232374458095338
0.9326799372189826,2.1588757429236693,-0.42772966404220686
-1.9694601264098823,0.29160837678614304,1.2303885062823297
2.815154297807794,1.5470212798480465,1.0428053218536149
-3.4477240584873488,2.2938769818504583,0.6778329016906945
2.082443090176666,-0.17662261859767908,-0.7328196094019447
1.9333731883673873,-1.078221385716885,-0.1974242259201527
-3.3316465509908237,-1.1267137613693985,0.9417288827978694
-1.3934929015426953,-3.867691980791836,1.0113320564501216
-0.17258182759149224,2.2144618009164048,1.0703095106945022
0.41988299263361,1.1379962738731748,-1.7352719788546718
0.6397058860564729,1.5556629263218746,1.8209041917506652
0.5247219733262206,-1.6702546954131778,-0.5582791273847978
-0.16987025026353922,-1.9693689422966096,0.826267925646825
-0.17050030133207464,0.20809022257874835,0.2216535182980467
3.7084550636845117,0.11609833862750113,0.8688614457961032
-0.3701073516327212,1.637048235841862,1.0581045536493106
0.6397058860564729,1.5556629263218746,1.8209041917506652
3.109597455763776,-0.09599195939141844,0.4368205188063348
-3.8675195196203496,0.7808501789938075,0.020371612150057974
-0.1543415117528362,-0.3552367455700526,-0.7204940751438909
-2.55399535925163,1.0648754033847354,-0.15948367977485928
-0.6483643947098995,-0.4207080977333933,0.7186928973876592
2.8685862709700363,-1.2964164682608008,1.4059044144157358
0.5103702615332871,0.2730049659544496,-1.3143934684679845
0.3629839489977119,2.2361942258395557,-0.048191542877429674
3.3184623498137253,-1.2664870109700643,-1.2031952580628311
1.727747955443019,1.5982812146046563,0.36912110728381
4.1424417194199155,-1.720686916849447,-1.0328664751128498
-2.6572996557991972,-0.7792669276176358,-0.2999991699076015
1.820513161902196,-1.6581837297735813,0.043059639915805116
1.0139223893589202,-0.7320468257321732,-1.1473703601934908
-1.6698660373137324,1.4235820609021983,1.0406965137409834
-1.6861318926368092,1.6191509733824159,-0.2249101619588563
-1.4717942328439184,0.4201828991256662,1.2002524854811367
-0.8720181297235113,1.2553637954499166,-1.8336781963084756
-1.7434605489167605,0.7198398157086396,1.468338668973273
-3.4477240584873488,2.2938769818504583,0.6778329016906945
-2.563043208788652,-0.7117160532416829,-0.26146133751266787
3.268826930026679,0.1188828109196893,0.6835252107212653
3.885319981453515,0.11871859631008683,-0.43782650630785525
-2.6626552105533277,-1.8521437796814124,0.12864850453091523
1.6181393276143103,2.6157889532775487,-0.14042539668015905
3.7076836200652976,-1.2283615712652913,-1.3520764248342998
-1.6299977264494183,1.7606058244919478,1.4386252383214113
0.17914973872654502,0.6870811345828454,1.068117781020819
-1.0467112780348757,1.4014920187540516,0.3023747545738424
-2.1455638395937444,2.35252665365594,-0.8233095236456806
-1.8690136896172345,0.6643140333447145,-1.8564301312368832
-0.9604763241496683,-0.25396722179683034,-1.6206410702097034
-1.032496463110178,0.618699360671433,-0.3229567453673947
1.699326467890432,0.6450231100909073,-0.8358998869699397
1.6564315405932197,0.41651659952487513,0.06813012844532464
-2.902528324025031,0.8045602169591135,1.575640130377148
-0.4688082221924216,0.13886208339733191,1.079539946173113
-0.8372017420553985,0.22527826875444174,0.7127554724582116
0.5790276202284005,0.7054313412792234,-1.93485385490953
-1.9731943391012006,0.9933436131203371,-0.7764237448272777
-3.5823780989865717,0.7573675234349871,0.33986339541309607
-3.795011950904428,-0.5212453015552855,-0.9545036472125946
1.6112828200681497,0.6471146580332504,-1.2855911481594235
-2.62685769665755,-0.6332530963786452,0.009202972406663582
1.7673075256772024,-1.7303570699786734,-0.6036725790414202
1.9427101844700414,-1.7959028408855204,-0.011479858579497588
2.123152231706375,0.48468059680618625,-1.1467035498243157
-0.4486711781231505,1.3054018258072624,0.0883121520572177
-0.6153940019738482,-0.6905494150892558,0.4997441089857058
-1.7216378739086406,-0.46194947512263923,-1.49956122273965
0.8274979456517187,0.158036199699559,0.46549683138684883
-1.9731943391012006,0.9933436131203371,-0.7764237448272777
1.1141396815056215,-1.7079662218091938,0.07511154895371237
2.049166570943202,1.531758392150034,1.1130054600687673
-1.1668690448999008,-0.6279450938451816,-0.6859657493218468
1.2459229293646816,-2.2278172981117614,-0.044567866029586976
-3.966810369708044,0.40723145608730593,-0.23787065387399547
0.10816185429658486,0.05918736803684669,0.21581923250504423
0.30343071890297063,-0.5269710632671303,-0.691264937797111
2.22841025954751,-1.4942163959054062,0.15701538829119593
3.682143217117638,1.2616397484668482,0.11541761970899558
0.7829734941792149,1.4234815935166294,0.587271998179472
-1.1393675832717696,-0.13356105358192089,1.118685914901567
-1.9876498701211167,2.9169516754147935,0.5719846301542534
2.22841025954751,-1.4942163959054062,0.15701538829119593
-0.2001922234558765,-0.5247232897183656,-1.3888030602964532
-0.5349599017420646,-2.3410427273428867,-0.8083048602249866
-1.5388427971282408,0.7200193352797488,0.5234344574845718
2.636515656571399,1.5279102354157588,0.48004378433896816
-3.537738374749373,1.024611420973477,-0.821791585812218
0.5845815829758616,-1.0576815101547272,-0.4966305327253851
2.5416846913415294,0.08702103074878784,0.5447731650670332
-2.1972796508934906,-1.0047415982665016,0.19772230095092735
1.218547742627759,-0.9424988182475824,0.441454486519312
2.803155626021819,0.42698032251935875,0.32041750533119684
0.9478420720020583,-1.1552765129065794,-1.3233538392707531
1.546583672842431,-1.691739908312558,-0.7828066911733189
1.6460329590778802,1.1560431370287125,1.4330695110522043
1.010281953050826,-1.0834358161488815,-0.18311298838508322
1.4314946665495605,-1.3702259307515112,-0.6236584204420417
-2.538950969485999,-0.923952691486488,0.7043737689967957
0.81973954169881,-0.12428755816158112,0.43219695681703424
2.5967095398621614,-2.403461917320951,-0.3845744620641849
-0.14094879985073064,-0.031793182746842966,-1.0980427181389787
1.7976369046921374,1.4920882077252957,1.0100169201037217
0.42259860383346226,-0.03234706715980081,-0.7229767780300657
-1.6263376267399738,1.0182783268854623,1.4198602143436263
-0.3648086184473632,-0.6847428194429701,-0.08001670913677605
-1.6713144624250158,-0.5728823584390478,-0.28346868888140747
1.5956386275371426,1.267522146784927,-1.2897999189283946
1.321941458451655,0.3668098017752411,-0.45621206915978446
-0.17887343639487532,-0.25027859257594115,-1.2929054890451013
1.4944761517951073,1.6999724719908345,0.27290115750912025
3.5103228528600185,1.559058716357855,0.8857438569758818
1.010281953050826,-1.0834358161488815,-0.18311298838508322
-2.1676086839727926,-0.10132724933883676,-0.0730650992734326
-2.710555289998297,-1.0532708818797678,-1.4555200215032738
0.6222612475099973,0.02505242788061579,-0.9952944107081877
3.876685969337531,-0.34950618311697673,0.5868904934759971
-1.2043787469089964,-0.7472049921494845,-0.6337921221378103
0.28953965710495716,0.4515648211334714,-1.512423244669731
-1.6181276702188816,-1.3497136007844905,-0.743596410310378
-1.2198773142564712,0.13755028529873684,-0.6339131696351505
1.4530363021997912,-1.0111251093169233,0.43283943985713785
1.0688452528471393,-0.049771573936925634,-1.417563153431359
-0.7872282216414063,0.25124348636412824,0.8945604933415637
-1.7052100833386514,-0.1894849943522351,-0.5520366068981232
-1.4725558275140043,-2.0028321349358835,0.34448641073977615
-1.8847884515461464,0.5796050073855498,-1.0313192291902722
-3.8771625617397456,0.5676588847120141,-0.7038499994202001
-4.414325479648816,1.232256377632922,-0.473582010914011
-3.7209770259010155,1.079282268943274,-0.6291312551276432
0.6569919767147386,0.12321058481120414,0.6846758075095936
-1.1513456017135746,1.9509715209633924,1.0772441114042655
-1.9603156892505706,1.2904889670991955,0.16992062652349235
0.47964923833485207,0.22637447403730887,0.37301654688395347
0.2003245194825974,-2.9811846299628306,0.5746277043519826
-1.9479497607865104,-0.5602264730243385,-0.007189348090330097
-2.891538582624159,2.5479186644892686,1.7841551081529126
1.3742842836839908,1.355069136937957,-0.16523500526935184
-2.806658006266996,2.3249539671630557,1.286114146455709
-0.387636554754404,0.1895560049259684,1.0696749983141054
1.5512543569976376,-0.7649895678462147,1.1693628707806172
-0.22771826618806154,-0.7515939631908897,-1.0306507174649036
1.9532241286215086,-0.5441039485688487,-1.4271515803132582
2.8461704031508397,-0.8453150225193978,-1.0085290481594142
3.438044941895659,-0.31751700059976595,-1.6410910958780263
2.3037866820781012,-1.02227411088591,-0.4747484039770436
-1.3320817007492902,0.35148423868037887,-0.6739517436943474
0.21976623026619316,0.5771474121922906,-0.015001004172191367
0.5731510271402593,0.874878562749926,2.3337392350210706
0.6089597580657443,0.17814095478153416,1.1820524343928596
0.17643105085901645,-1.0219769137494585,-1.123363624226605
0.7577068117488971,0.5127403360671043,-1.6039359358219079
1.439478295732987,-0.9597568756732054,-0.815391768174329
0.3601621569321092,-0.26155888684642037,1.5370160598654594
0.7816473813722391,1.4832739746582313,-1.9638412714804951
-0.4755162520713722,-1.7556320195289268,-0.5407308504492598
-1.402573905086252,-1.1296647926200913,0.9472237803047283
-3.078119535697481,1.8245831829541053,-0.8826096176446598
1.6770047505968442,0.6560955806985584,-0.19399209424936875
0.336128948902573,0.7076051303650109,-0.631333269626125
-0.4622690536945306,-2.097265890213218,-0.5434709088274613
2.259851001700385,-0.9365072672853407,-1.3415793278434678
-0.8715084836894778,-1.0038084939482768,-1.2105385863793356
2.6433472140183625,-2.5367702333044035,0.4936739370794317
-1.69512452635865,1.1085920010718,-1.0972757447484318
0.706235614878701,1.1921138729639436,-2.3234730452302186
1.698855944497652,0.7475479591482924,1.2532391850072582
-0.864670495436737,-1.4345716225083565,-1.8081641853986152
2.429453271428917,1.1706490035013257,-0.6395818537863555
0.5560401324219635,-2.379924929857825,0.04703800279446369
-1.1952021750063,1.1125932954329145,0.7045263158408234
-3.6536289912637727,0.40279984723607004,1.023084250502578
-2.9951930190019067,-0.7251208400950571,2.0041900334913594
-2.77069872932964,-0.07425405379099782,0.06611172712026145
-2.784236689645346,0.15656007415685308,0.8230345100662583
-2.611719379981137,0.02775202788391958,0.9141180725228957
0.9354984920736072,0.12345647866841623,1.2498017389007854
0.23644125344297365,1.7861680655365433,-2.053127450316389
1.9189803178820217,-0.9332909259675204,0.29519683222200127
0.06275897667508681,0.1417051794440124,0.789731907261759
-0.35916787194346533,-0.00793885924681286,-0.8489219719488306
1.1837348282440512,-1.9699138698003846,0.23752313056911348
-2.9757235103735815,0.5882476948719414,-2.08185986664351
-0.2826748667205922,-3.012277019695654,0.5739365214121323
3.0974511156559066,1.0105806168822213,0.9654494427666299
3.3716340033421517,1.2439164558024332,0.8486557221731409
2.2603319995592366,1.1201048192412384,-0.02780693064945874
0.6965836686636394,-0.7410268545585595,-0.6446866230174769
0.7761759909628718,0.8670391243235888,-0.6431311687959952
-0.8481713738961938,-1.2274227093649241,-0.6382502263242155
-0.24639687261807386,0.1877405942347869,-1.7265457845929573
-0.9490413267439926,1.4752294064495393,-0.2212916848241783
0.8897122606358151,-1.5386022795313066,1.1227962641335143
2.0780834773779855,0.11918107504706947,1.3883387825054017
1.9282045452439327,0.7920104889092682,0.08020961963125472
-0.7471092019155814,-0.2479819090825537,0.6152433758703079
0.04107823865745237,0.3834799707758158,-1.3540089859060096
0.7383749604704033,1.7312148959047504,-0.8538629868129831
-1.8591263038828312,0.21868320339391673,-0.8242171648908908
-1.8356921013616312,0.8907693142523988,-1.7662679920853064
-2.6141822011751743,2.294846013351511,0.9606612388239116
0.2940001565683547,-0.4256177299537667,-0.9583523689308514
-0.7012333696163898,-0.7757836355245561,-0.883449782789475
-1.341152628971188,-0.799400013056341,-0.03318002461527938
0.9628989924167979,0.02811810682162106,0.4873624931827533
1.010281953050826,-1.0834358161488815,-0.18311298838508322
-2.579332402165486,1.4806896847803337,1.1331895271338006
1.9305590058029827,-1.0377912217041805,1.1944431251359735
1.6822489184527365,-0.10722176115701997,0.3666168385458211
0.6188775915307649,-0.1491952864962511,-0.32550466842549225
0.3541691647011764,0.2958736529117124,0.6531380800582756
-0.6833938519036976,-0.9056054074628689,-1.3565566376968972
0.27170193002570253,1.6103910561778527,-0.9308489072799626
0.1987514332469781,-1.2877525600141357,-0.1462905175226012
-0.8344518250833524,3.233097774956057,-0.4652672288863249
3.2531417515388417,0.03879312461314555,0.25325838799986566
2.4996784919979347,2.39872358450691,0.6946330238088445
3.571672475731199,-0.0605642687057024,0.19200193236734509
-0.3354293204175489,0.1544363702422933,0.5203117727017544
0.6885986963595353,0.5221438928010386,-0.035117890714792585
2.4853905093513116,-1.7923863828969222,-0.8386715308130052
4.628045762742147,0.0632098268997768,0.027265000830698032
5.1953301593553025,-0.04936611101931657,0.11172811681506262
1.332464544217496,-1.2923051519564162,0.9960840526074679
1.198493107424963,-0.19770958368918626,-1.081284303028589
-3.580949641524734,0.295710093752161,-1.3688932794111017
-0.1812606050121012,-2.622079473720326,-0.007818145005389538
2.193586533332056,0.08982110114049607,-0.7060718522553469
0.8324694017326018,-1.5881877256703434,0.9821758798895516
0.10298086265844889,0.2829797986556299,-0.43662490084688127
1.2885013998231383,0.46882613690922376,-0.45859674597943784
-4.02717012805815,1.872690553764825,0.3946841810433098
-0.1812606050121012,-2.622079473720326,-0.007818145005389538
0.3836035672881339,0.1749407308463573,-1.4613169412098737
-5.319220489675568,2.171952862754062,0.9883836801698578
0.1418619253509665,0.10621223636407509,1.6211220085924918
-2.810578121944438,-2.368858859063735,2.167456011893516
-1.1100895456077688,2.680502277897891,0.049387829267529396
3.065892712671102,-1.0016276063851641,0.5745797908931147
0.005713054089078186,-0.126624656659956,-1.2870238676270018
0.9167059178737431,2.507738943088303,-0.08896950185920167
-3.4576557619722323,-1.5736356650667658,0.06136472349719029
-0.5024194488688166,0.30648364917139237,-0.5556473743180922
-1.151176995915891,1.7613554292650933,-0.06475898583665915
-1.1504327424431784,-1.299880036740389,-0.6269751748458166
4.86689216447214,-0.62043626284404,0.9517806454563804
3.135919154141704,0.4856705989443922,-0.19203681467762626
1.3698952208153505,0.7353460449763426,1.0409057171581488
0.1755480522686133,-0.5033635778853993,2.9077013992926815
-0.3443502997089304,0.37501963896951257,0.5626043783439755
-1.6573186849166344,2.293090607280312,0.865361372484554
-1.4361490948915236,2.0174748925643318,1.0518903366902366
2.070563723520871,0.9882807760430381,2.3281304384419137
-2.700836105968659,-0.5515054492298327,1.2696013482782254
0.8957980097016626,-1.0923670893145454,-0.32133247028792006
-0.1367189821534155,-1.8339287208931079,0.6162629006872639
1.5665910389806679,1.1839204737693907,0.0462211722404149
-3.9430824825548636,-0.5763658990875451,1.5501970500220084
2.4383592040575923,0.43721167384036647,1.2124383618171426
0.315055262202246,0.10112175174280555,-0.20162216156931692
-0.17480000062317713,-0.32771486703564784,0.4169798147740407
-0.828952287062706,-0.91775334301373,-1.8461251293358132
1.3449063673848405,-1.1485442814501425,2.0105503436760324
2.3772516114046134,0.5213716562445121,1.3253065108149549
-2.2428910257174146,2.8653343084385776,0.8848446895490681
1.8901336488143894,0.60227305149026,-1.3864188731328708
-2.6258611147801334,-1.4961943565242501,0.3054836227200284
0.2348487608800577,1.0459774551037673,0.09081480997736349
0.3420990712792474,0.982872568489332,0.09770740752537008
-0.0005237044020396127,1.1425075733880705,0.05664846460724238
3.9439762764326036,0.8629330151017378,1.2794779154110214
-0.6906176268418842,3.4111644822892817,-0.7843547456770716
0.3859287284134255,0.3602260973402629,0.5319824893845259
2.3039104973249436,0.46437816740138893,1.9922089126112676
1.4387833176049076,-3.686115182763761,0.7649603079985168
-1.8682919203243142,0.45854445800407373,-2.199340569400746
1.6174593824152368,-0.37716078405633,1.2991266255476759
1.7973399521500788,-0.5314790630594032,-1.6097248742087351
0.17296242329646602,0.6475224927284963,0.3350500540478798
-0.873867739742735,-0.41905403896651633,1.2856379224595138
1.9699985149159795,1.5581996393518323,1.387808567700778
-1.0166193645491768,0.5063639950899568,1.4142065036317515
-0.17480000062317713,-0.32771486703564784,0.4169798147740407
1.2460182556578656,-1.7047978124357173,-0.6432856937559396
1.7467364382492836,2.2711548608729943,0.49834781876752937
1.5192229622972968,-0.07431271536986105,-0.13939062215322778
-4.697465207206299,1.4019213498600542,-1.1220410597311739
-1.2574000445747213,-1.0653405248917103,-0.3514998824555235
-0.6201855863440376,-0.3435884117262294,0.8247890523048308
-0.6645216415696316,1.2464269890413646,-0.11308279537386266
3.717447779021483,0.9499739809095897,1.1732434994764906
-2.355248998998123,0.6524558792297612,0.2183903075956197
-2.5714777872921277,-1.800424394591363,0.35834894372526094
0.5708196849771936,-2.458273440358664,0.8821494688580248
2.727932939854303,-1.9975089441369107,0.1331213681950675
-1.998822817082434,-1.2715588521866008,0.5548798597852918
3.0483681208869453,0.44457525390295527,0.43348025673211704
-0.9886354643592916,1.5436329738414225,1.681785425814193
0.9786817708446339,0.29953726798958297,0.02686374165778235
2.330790294962029,0.8580929209307231,1.7143003986110577
0.5965707982882154,2.4389034035721666,0.07509442149661108
-1.0680590871101425,-0.2955544466972839,-1.5621820116010385
1.1297205093983682,-1.1692366960270686,0.15388461107116302
2.077440331703631,-0.2941656160466163,-0.5021371536788914
1.3349158267114267,-1.5075228315971116,0.8254940200392563
-1.9770131912088982,1.1188979813250464,-0.33733347457769874
0.16524597279904943,0.3434695709250738,-0.11474030666648982
-2.637246373986989,1.614509427928405,0.7862669535619334
5.610647261422709,-1.128178072172949,-0.8086429212567912
-0.1907704387241764,-0.32364566444607185,-0.19762491197006413
0.12365674981588809,-3.9523267845795016,-0.13860218500979304
0.8098010927140749,0.38708396825328933,0.12867167982991107
1.082851546684882,-0.7968039302132774,-0.9270171944447543
-1.9626237613475028,1.4174676615200255,0.336805077420026
0.8084752416459555,0.7925217777032046,0.20389204765563695
3.432598600727142,0.6156901724653876,1.0056163730820333
3.2455204993623927,-0.4861681507444092,0.08153680912776214
0.8805606916035329,0.8992788403198795,-2.007758909413604
3.903744314147539,0.6511349482407476,0.2148234794092298
-0.26409492991758354,1.104204305872775,1.3317317510734972
0.9151079345387628,1.4022835269465963,-0.010661426292845692
-2.4972994619451105,0.34021439286257515,2.431131771419988
-0.9528823107305726,-0.9319463572136496,-0.5002750343875442
3.721354937831241,0.2842597393645492,1.6463991493875396
-2.5714777872921277,-1.800424394591363,0.35834894372526094
2.654823295874738,-0.8570310510576326,0.051883904763024215
-2.5714777872921277,-1.800424394591363,0.35834894372526094
1.085996755345926,2.160481921185088,0.2712627778944029
0.4665055423025489,-2.185945533114354,-0.25279325113927215
-0.19864100729931075,-1.6771111506054688,-0.5663593121867889
1.8792953638621646,-0.6582509134122783,-0.2870847956602137
-0.05601756306875732,1.3202522113625255,-0.6006730138729034
3.2396386300235145,-2.412217008122748,0.3723116656028886
-3.2363806737624015,-1.6654448380612668,-1.0100585985282704
-0.6932605632395235,-1.4178010735637347,-0.8034059666898551
-3.2647356648030117,0.330291562816857,-1.0066968907017377
0.12626469574458232,1.9214288390456913,1.2825963480868343
-2.1393663371707294,0.16013741895340217,-1.4602734434677616
-2.5714777872921277,-1.800424394591363,0.35834894372526094
-0.7426311413973451,-1.4326374961040054,-1.7520498256217185
1.9500888660246722,1.200793050792805,-0.250446768108767
1.9484842063606012,-0.575245564768295,-1.1771782076137272
-2.7271803205027236,1.2642464701318394,0.4879595530179284
-3.181804441088637,-0.6366249150761766,-0.8472350036325219
-0.7162660547631008,-0.7953254317800031,0.019048287414116693
-1.5326494070295322,0.5020396600570173,1.3626547718563498
0.8970341722200689,0.089357268172394,-1.9333086531353543
-2.5137937294936017,1.2457676359696808,-0.6909176051575807
-0.650352922407396,-1.1390077283768407,-1.2439971805224235
0.19004303103289058,-1.7093918326832818,2.683043478446556
-2.1393663371707294,0.16013741895340217,-1.4602734434677616
4.334432487785386,0.4401537097735501,1.7624674904623656
1.1400168102869759,-3.9400780736420895,0.15748834305425122
1.5509591252747947,1.0762390879030914,-0.3524683571905106
1.4349615408186671,1.1593295640309753,0.6786626464336415
-0.41436135733400686,2.039613241264632,2.203130863119175
0.1302409022447272,0.047236947818439394,0.8573525834360449
-1.4455491149323283,1.5834600740928353,-1.118422187533636
1.9484842063606012,-0.575245564768295,-1.1771782076137272
-2.020722805549708,0.1683601236607688,0.1211207881468349
0.7122632662076559,-1.9543015555420291,1.4968778128469855
0.8660946387318825,-1.1038242703150654,-0.6710218479077998
3.277428552391115,0.6204137840604673,-0.7234569875980106
-0.20110656160487098,-1.0317646615179894,-1.349233503861146
-0.10862830390472562,0.13043851436595513,-0.6513419877646333
-3.590122057190997,-0.2971691603263653,-1.1727157932521006
-0.18611445074895566,-0.7060517416813702,1.6459923381298736
-0.2096446807548529,1.0233199583286818,-1.168499233417578
1.7007667444703023,-0.21059432146780474,0.6925897061383969
-3.0181351920878368,-0.52224430822153,1.1935916837629739
-2.342715389251568,-1.726512849718628,-0.645281268145471
-0.14858502155999767,1.2262150040460247,1.8496172730639817
0.790258249649136,-1.679568117925474,0.3185823036079899
-0.861964894565024,-0.6468110029571696,-1.6873566735737318
-0.4042513306941125,-0.9366629698823001,-0.7815940142289091
0.6049781168446214,-2.5384314143065088,1.8311671026661624
-1.3671949068791036,-0.9732863773171225,-0.3211279603149504
0.18901276508777484,-2.2886896716504372,-0.7614650594947341
2.187268933885956,-0.4061685850580768,-2.15680435783145
2.4057371579627644,-0.3520263063918992,1.0194966910987142
-1.1480498775560672,-3.5941047009191958,0.9888861018775099
-1.7951083418510414,3.6286314220122664,-0.24143334467261868
1.438806738077846,-1.6788081231518046,-0.4170663276100391
2.112822865490236,1.3960847070121416,-0.18811640331320262
-1.7054191748771153,-0.03243867661508748,0.7025324467056848
-0.6225694358787781,-0.566365553466302,-1.5248068596267392
-0.539342082238406,-2.150899650950309,-0.9827422116576695
0.6924885590801586,-1.826333543078846,-0.020973458326564498
-1.7116389245180417,-1.1350770461527955,-0.51481532595213
0.6746181866100063,0.5559922733494944,0.09852383519012595
-1.9635619529727115,-0.8090581893918682,1.712973185092145
-1.965087946456758,1.373135424671162,-0.3931800894395052
0.3408310520505431,0.42782286215064985,-0.15812881074264495
0.31621488892877314,-1.1731472176580293,0.7569800366001105
-3.8295638622701245,0.3167555529995989,0.8526423855176398
-1.1724738438592626,-0.4338323960130213,1.2389605933302974
-2.4413371451284744,-0.09093761823490208,0.7748226145231043
1.7319891275035928,0.2651351700070719,-1.4874195469574192
2.08773778970439,1.8291724197946782,-0.05581847002769524
-2.0991275053872234,-0.8936291776081519,-0.6616304727560073
1.6210256410717165,-0.054712280092199146,1.0304910112420678
3.3791525779632683,0.494641118985148,0.881270502845957
4.170065359649875,0.6212785377834535,0.023876935845251412
-1.7302159511267219,-0.7250552819180895,1.7037656968342536
-0.4474275267503389,0.3316416133792744,0.42705758948358463
-2.003143711093277,1.0055487050724583,0.6456095830004185
0.3866845579136689,1.3961082566716059,1.5842189450183068
-0.42536481269764637,-0.85989763707008,0.36920812734501235
1.2560492387384277,0.10983540682339672,0.28383118693418913
0.2826623355857689,-0.5460608963928415,-1.1005777260239564
2.562790298026006,-0.5385790675979654,0.03483156444083538
0.8302962066459245,1.5372075652908583,0.8087420499547741
2.5793488498988726,0.6819377585199251,1.6049173265975654
2.274567812976384,0.5942538931584993,-0.5807575063064565
-0.23251958964697617,1.031943269960486,1.8033065129446195
-0.8792699474154311,0.0806114248154298,2.0041719807190312
0.5820393842132948,0.5266277833787018,1.7245981612616925
-0.0152309409467541,-1.3850107879425444,0.16212007394641437
-1.857733332501383,0.4779669856554572,-0.06274598284380466
1.005588549195448,1.056965991784658,0.16305241353601907
-2.2458466984096987,-1.3237747064687915,0.43838614098140055
0.31489785471502635,2.0209568277319154,-0.23088325071875954
-0.4519643184207835,-0.8499128518239288,0.3033766393807196
-2.303123206252814,0.004759992930114784,0.34667959900639694
-1.1948073719077974,-1.9887438111907842,-0.3026731466484358
0.2846984273093688,-3.043289246948568,0.19812709173343718
2.2361353253994336,0.7816417682500076,0.435022160602815
-1.1376386454843759,-0.4787700240145558,0.199681209438728
0.6610078913426045,0.782721461102343,1.6967846958413109
-1.5190460017389587,1.1415023070301833,0.3527215084113669
3.2489539541139116,0.10072684011120342,0.25019144877849236
2.505464549121336,-0.5674339318733285,2.232255858854951
1.3895178494406828,0.19726102631713865,-1.2375839668359307
-1.1905593547899487,1.9881536719026935,-0.5695276435580319
-0.8686548533106514,1.8241310963285344,0.6664165217605122
-3.0015198079805328,0.616883033706045,0.015360973271345422
-0.16356966769485212,2.7733751048301545,-2.4501814902343297
0.1142014538828083,-0.30514134020942546,-0.7747701694871147
0.029910962102618985,1.5946711391961326,0.7846682442154213
4.476014814582117,0.26457732102010245,1.9609293288762506
3.119461853312686,1.5611838071458373,1.2071187043322804
0.19830642669151605,-2.32342258733215,1.6378919887932104
0.5871955756062932,-0.4687706078972504,2.9875265095863925
1.0199399385761325,1.3895700179179502,-1.6111849055979444
-1.6096485922693955,-0.846716681131287,0.37328623839231156
1.7658802859202658,-1.2526138053460656,2.3382345632236357
0.10537097657425377,-0.6297111870486113,2.184211463733178
1.5954477035204027,-0.11476847564311203,0.8640150752648857
0.6058559922021645,-0.001958586320022436,1.9204060542696142
0.20948721034060605,0.590474075675439,1.6642941706181462
-2.810067932562795,0.542762280693808,2.277946866030905
-3.865166110268914,0.8132774614343163,0.7727926672886475
-2.6358429523087734,-2.587121021452812,-0.32843973183282965
0.6195391344299552,-2.030801868882655,1.944386410050265
-1.8403671529008054,-1.1610936173156565,-0.9028436392923054
2.6149907903573837,1.0687806623974736,1.4817315795431305
5.085659698768283,0.07004241807219382,0.4997640636204011
0.10185488310718664,-0.19435802201247954,-0.3085826952619318
0.8187130653528386,0.8527597176452099,0.5685785504767634
-3.8882303994711345,0.6488899419999702,-0.1763534207265345
-0.7567048141619986,0.25856825724821353,-0.736214326676012
-0.4318934609506902,-0.36976929121830304,-0.9558385475908947
1.0848648310707216,1.9946106098529064,1.5036131773592458
-2.787484110307884,-1.5023518296894802,1.2925707053767244
3.346354782778951,0.5670726567009057,-0.9691204402125636
-1.222980741587688,-0.19966860362092353,0.07503522580131008
0.318245214578621,-1.0016437755791208,0.6418570235685459
-0.6703611170919757,0.07379883025075099,2.181810722655034
1.1195919631118734,0.1576716437858823,-0.3956269310304355
0.6602952546211478,0.13957275484205087,-0.02779827531558865
2.0195430183051317,0.7143734511038525,-0.32789657198471495
1.4935698284602235,0.7355581363834953,1.9867609617487865
0.7856480241280551,0.28299049517951747,1.8574128887760402
-3.594246539734669,1.6057190163087944,0.8344708291166488
-1.1467189383562901,-0.5628536372186126,-0.9790009064733105
0.7501392300784465,-1.467413588448153,0.5307549751327644
0.4266981447046485,2.447121419916087,-0.8013826111997224
-1.6306741587004072,1.4947876567779887,0.8065962461855022
4.390226732973046,-0.37697768245309865,0.09138789199499013
3.112334030184833,-1.2861972073995298,0.43712998749299387
0.3386832532707093,-1.1321238002418235,0.5474635986310097
-1.3728441494209969,-0.16475119491771079,1.691866636759917
-0.19570013177878984,0.7859246617325087,1.7088683079049265
-2.455402576752766,1.038186462981625,1.2959590632092917
-0.9604763241496683,-0.25396722179683034,-1.6206410702097034
0.39187672260533746,0.8249814511806379,2.216992363979525
2.33168007675576,-0.5031920327652012,2.8600973496773814
0.4059956324876235,-0.0413514718980408,1.656637098431995
1.562676882302643,0.4712041912065011,1.3894797117935642
1.1929097975675036,0.8423367239244764,-0.9184766846138214
0.29470140418361007,-3.195920463160377,-0.5582381699522535
-2.0652008981299463,-0.5121453391913874,-0.35396203546632027
-1.0814154437466033,-0.526191494707021,2.0136590375752053
0.7899428186345762,0.6044183095483836,0.3207209743986062
-0.62265168948164,0.8402562913949202,-0.5678034418864198
-1.0799082236582416,0.015384554390704531,-1.8319264991270956
0.2750329304202554,1.6643321736600327,-0.22490302353783112
1.9070736636812633,0.771781288365384,-1.8094879574028988
0.9493660238330773,-0.9369819560072443,0.4388714983263828
3.591940882354503,0.8141768428842417,1.5489430146190388
-0.768390783529268,0.8078177198687301,1.3828630282196321
-1.4451228659979953,0.30457670554351624,1.0776177769025022
-0.1416055459363698,1.614183064550143,-0.3950264791427742
-2.604142763036761,0.04314580165411132,-0.0030076031661162685
-0.1899107340803377,-1.4841818403352995,0.1060946798522799
-3.7253364275521377,2.5247836794701266,0.2951311659141069
-0.997836738294547,1.3954265394436405,-0.005145783445738649
-0.2718671780046238,0.5120855366368151,2.4174840682512913
-2.7767418138560362,-0.8880569095291425,1.1271526568880716
-0.16775456845143336,1.2934297927917162,-1.1734903040935354
0.953167915006746,0.8661367078124534,0.07847878550316441
-2.9133370693416345,2.899221732912537,-0.001483939953614061
-2.23543295628227,-0.35267071462509697,-1.2160487747477753
0.3324193427442018,-0.357488897160203,0.14568551278977507
1.6144973061650192,-1.2417102278119252,0.88831747285278
-3.8077270170077924,-0.6877236968536254,-0.7492626515415235
0.8701629102638271,1.1728696465326969,0.8302232672081842
2.343938233893848,-0.4358899593225872,1.4381128793658757
0.17884195016405663,-0.5404003254620797,1.6102143670811366
-0.47825447221534345,-1.9922201300801081,-0.6705221133144502
0.1536175231319447,2.584962205075935,0.516476738070382
1.6703891022577233,0.824355277864939,-0.2007786806361424
-1.2155245952132834,1.0361406547034173,1.3980398126329852
-1.326167409093587,0.39963825419887533,1.9972109684962775
-0.6496231379127624,-0.5584349787508397,1.496757511996617
1.3448377986692333,1.7851150016601818,0.22463575561760157
4.149849948109878,0.021635218862328446,0.4149729571558276
-1.1066412767536487,-1.402071259049001,-0.44122260931822593
2.573053683723423,0.7156865870822469,-1.4340128896098674
1.779102972499373,-2.02748653787772,1.0872157171149168
0.3294820359768446,-1.4917447001138626,-1.7595171970997365
-0.03489222660203054,-0.9659695747046958,1.7110078957316746
-1.2567219395280125,-1.4078843871295752,-0.6750385495755056
1.5599925764045341,0.49890736666029173,-0.7364686477037206
0.4902231663478089,2.318866187798176,0.8684970180390448
-2.0425335843811028,-0.7616957565898175,1.7026197567359136
0.0887418616800566,-0.20039004011428763,-1.3919911559432927
-0.5544167966834925,-2.482776022150452,0.26582752816178346
1.1511571757832268,0.328915356637793,1.9657420007194089
-3.3583200415567185,-0.9655926900353478,-0.64734845868809
-2.4676474772866643,-1.076508534587893,0.2553031884334717
1.3956408835341636,0.42424116975443094,-0.1294458593810534
0.12135484063222361,-0.7905792226829754,-0.5714868262720918
1.17252857903609,-1.1264621139007167,-0.9925232576536483
-0.36999127120552316,-0.37536566024037704,-0.40306521337208023
0.8951556609521791,2.204111712850667,-0.26519372868886015
0.8340211412936024,2.1112718337924976,0.4316446727670003
1.2615193648307186,0.3497285403804691,0.4586820495967884
-1.2560057516355791,1.965287477937673,0.8766311043841515
-2.2472927914357212,0.027336923383698582,-0.947730293070794
-1.3135486975560016,0.5586749265445323,0.04220296876784423
3.399295283026181,0.7876786919375907,0.19934788549717586
-1.0957504461408218,-0.23240862190898942,0.4794450354977222
-3.9121963639018666,0.6062047248136033,0.1151108281731264
-0.8288340212329791,-0.3457016996745805,-0.13216423955235054
-0.41505475876075415,1.447839465596511,1.4291814952979163
-1.9320910874127648,-0.11208144903674212,-0.0026114531873179464
-3.5149007316089564,1.8518806147873936,0.6217265981082442
-1.5037992114831331,-1.6950306765366374,1.7235586210416107
-1.931846487611097,-1.2401459979251335,1.3652325918442028
2.4491043065280165,0.2700790906277208,-1.4904846817450599
2.101130846750046,0.14738987258129596,1.2097468845702917
-1.1481016617365432,-3.149505621768812,0.14883603684877256
0.9281714534898702,-1.521216979411139,0.5214327030957386
0.16871866421645146,0.9365625008975549,1.1189975500763876
0.6017954166525548,-0.010895208775878826,2.0077295689771675
-2.9146544417816367,-0.7099466761315518,-0.5054448555411047
-1.7893766645585705,0.1953291144825685,2.438410686581076
0.6351666577235142,1.1719693605567996,-1.212050934230347
-2.243258231003964,-1.4938076083614311,-0.014937509872325925
2.5891208812988564,0.48715374147440527,-1.0429497274334654
-2.0623051677240043,0.71082813764095,-0.2790872400065219
-0.16608310637421858,-0.7938700668519111,-0.15657123867305017
2.1202222839473284,0.12273281529951202,-1.5682653581307262
0.4571408995977357,0.4398634348933015,-0.746093677872239
-0.40047651215503977,-0.02910136853051364,-2.1186213394719773
-0.7140343158525538,-1.1413167893774894,0.8640022189512157
0.4617760075291325,0.5919608995593253,2.1991628670555663
-1.6096439862848342,-1.7272042324251435,0.275668413344029
2.0978181496101893,0.3432792670967643,0.5710698236480412
0.8627178198909295,1.566286608040292,1.018168698156979
0.1602284654431537,-1.3307058114659636,0.4056532379781808
-1.9534864521831488,-0.28894085807919057,1.6521447357918788
-0.8017554818868488,-0.9877628898265703,0.14364117742043256
-1.0801084479380392,1.1400080417790204,-0.7127850472414978
0.5334020034399312,2.14430835043859,-0.21244687821987265
3.440026836703844,1.919204642579775,0.39668360775806777
2.121171242567625,2.4244538498472643,0.436956101270223
-0.40853093346250663,-0.06278091819764646,-0.8851936157986493
0.9041720180526833,0.7445919925762619,0.7404762169529002
1.4090583556056933,-0.41669164195362074,-0.41958700364493035
3.3389623803860444,0.026173759485478308,-0.05015472044691571
0.5337744018526349,1.2917115995811301,-0.3435220034443973
-1.1683544362805953,-2.264472449161044,2.765299948776335
0.5714578397972735,2.2975535020333613,-0.2603644082035592
0.3245645526661943,0.3173360854948395,-0.6454285156864369
3.1593884021467824,1.3835497293026466,-0.4751425165671679
1.3492809613505343,-0.9827174357150358,-1.0639868594477606
2.1177923576927284,0.6950876865972273,-0.727603562069976
0.7054589116342143,-1.5800644370984702,-0.7548339255637851
1.1076718913367798,-1.213581118679341,0.9134778818520275
0.8328113534656292,0.6168417353601849,0.5926925188350708
-1.248479562209485,-2.297560643748978,-0.5575082890656646
-0.09227441744308441,0.6216534503589716,-0.016784608865019913
-0.9367744736429857,-0.9208774956038759,-0.2081801390677384
-1.850799327601608,-0.4950716049731073,-0.46720263066428963
0.8315131911705481,0.15530369205262692,0.5396887315996732
0.831507073213248,1.35242729756685,1.8063750203015612
-0.026986369944416687,1.74686060890216,0.9213086509718986
-3.0570188411387798,-0.0035089193005246526,-1.1288223640897697
2.159374999019747,-0.27997793955135586,-0.46200586306843444
-4.066117657470632,0.5340423441996629,0.06364278847507923
2.9015330971760127,1.7654989789688338,0.6645160201344839
1.5508985232687214,0.8474924971019429,1.668379595746743
-0.09729236608999747,1.6879440426564298,0.6899321363363151
2.075457231936869,0.04074284397938518,-0.9493537331608036
-3.1857187029813177,-0.43133878946946497,1.3866627799058486
0.5338701136790998,-0.3035858026905809,0.3563046138973746
2.5881006956975496,0.9795066108853723,0.5715962869111332
-3.1240536396779697,1.9453363691150147,0.9649153827125445
-1.1855066251953885,0.035975530112649645,-0.23032724682710756
-1.8794577171895668,1.8858879519446248,0.0006743224556565486
-3.164102091545122,0.8894677959007558,0.43348615738417456
2.8447973770743653,0.38487073189699855,0.01317186698926692
-2.0349189454735686,1.5838002004549276,-0.43101641083270864
-3.24704330662077,0.05376147771687664,0.3057178780463678
-0.681087835904124,0.9156006111279409,-0.8415487478513917
-1.580454217872898,-0.5906867831963322,-1.4627252375586894
5.380524699183758,-0.3670444017705205,0.7243878222164535
3.7622866335223044,1.286671315207878,-0.6864633003685053
-1.8778089983404571,-1.524455312660511,-0.018351915422144986
1.4394142489491812,-1.643080602192252,-0.3524319059473239
1.858366664018748,0.9226979697541158,1.0070545233661377
3.800448654358322,-1.5217006342134292,0.20807207817419965
-0.832839248895746,0.5871504545940237,1.555630773523409
1.2955203836253677,0.11279342394520116,0.9451753930543125
1.05956370532052,-0.6593682318952583,1.2274093041474408
2.339264189471829,0.49766836717856416,-1.1180542186675335
-2.0985332720685204,-2.073205141323835,-0.9058806906338556
-0.23764132628472964,-4.199306675579596,0.7128680946302595
3.2185887071162136,-0.9383650242991117,-0.5203457221880278
2.1177923576927284,0.6950876865972273,-0.727603562069976
1.0947884151774403,0.34906596600305684,-0.16639118272109044
-1.2336151261690358,-2.4658018376644186,0.8454544089852353
0.9045776296320236,-1.0030781788361849,1.1767539998776448
-1.0984374218195054,-0.2843614585441241,-0.34998217413116833
-1.3353908502885656,-1.9921307627698235,1.113382052754218
-2.4303363582434296,-0.36974511308572505,-0.879847290988756
-3.9008698664016306,-0.5386964398022336,-1.585700654311795
2.946235108486465,-0.6906599426727243,-1.4884266432192252
0.6708060603089051,1.9637222044971048,0.6620819548436283
-1.0984374218195054,-0.2843614585441241,-0.34998217413116833
-0.3317476578568004,-0.5626182634155833,-0.8776835413848896
-2.0112330813197943,0.12625900839264473,1.599848301484207
0.7075715002610918,-0.5014309534018623,-1.293394173429749
-0.2649604901551052,1.1241867749917331,-0.6460932112608336
2.0526813292592654,1.0353444434360468,1.9427374627731586
-2.7996906433328776,0.08696634675023579,-0.08884671244471296
1.5612155190329449,1.278580269424385,-1.858584772000591
-0.9411095030147865,0.07035550049866716,0.11767487667766661
0.07084802142281607,0.9281054824408166,-0.385275548090718
1.7489438791063143,0.401214710021456,0.5495242987404972
-1.4839951905251698,1.847885916688101,1.3781244227481995
-0.0930462384070401,-0.9429546217825734,2.5096213668005194
0.9286896982698987,-1.9060074054806104,-0.923650381506242
-2.216177542119914,1.3534456500743277,0.1986066534308302
-2.275780638181338,-0.23659294358731037,1.3715562334397635
0.12905291727190413,0.9717303867283651,1.3165255976413723
-4.587300847382415,0.8770096820347879,-0.37345663447420424
0.6665137550670345,-1.4580130049420406,-0.40638744214135863
1.055784127952399,0.06299863043765644,-0.5652190652669954
-2.472373767768553,-0.7198677082474291,0.3939313007451689
1.7566311367607712,-0.15533122010920952,0.5573253121874766
0.38054447731224444,0.5069539787556113,0.4130670024499909
-0.3282781273451947,-0.8795319286852278,-0.4401023472169135
-1.4693351884839359,1.2751148909556864,-1.5596298024583903
0.3449691019603276,-0.23312606946527173,1.0326724181833222
3.363134004853891,-1.889745072385648,0.30391898579229265
1.1961707241069564,-0.1569374318981753,0.6669349492244002
0.3962279073500365,-1.0758522242402022,0.05012703415645767
-1.038981002827051,-1.0445692360812622,-1.5259574395241828
3.77709268116096,0.07686509711909971,0.19460544957016215
1.8936454010349468,0.5995466606495914,1.9355535873551242
-2.289834707704881,0.5297118954312325,-0.05263128139095926
-0.36859391265408165,0.8057790551737946,0.7345952077673881
2.218201660093616,0.40166890117950343,-0.27991878630498906
0.27488133026201506,-1.1521701730831266,-0.02932899212054418
-0.022344894932952306,1.3799866544816144,-1.3917563673623166
-3.020496302557792,-0.7292396551438561,-0.4247451807079905
0.3847823866945582,-0.6450343853327976,-0.913095668630267
-0.0679547481433321,-2.8638804385976413,0.3906916879494567
2.761953714228253,0.5886178872155878,0.5443680259172239
0.7993660846129449,0.2778840221542979,-1.214209731433084
0.4011812830956054,0.09264539470139156,-1.4565692335732354
1.0148866497148192,0.17836142725021584,-1.5594578329797164
-0.1363270426427181,-0.017417617463800144,0.27734729328870633
-2.781252493585561,0.2356833966379873,0.5201833058987896
-1.9782742169465541,-1.2980057689525246,-0.0780132283310696
-0.10144495467573493,0.7088132048423627,0.39937131179046265
0.4666713136014857,0.026682325729454448,1.680742577195562
-1.630104653103833,-1.5237959934501244,0.5343434325454043
3.2543709830188776,-1.7149091841478292,-0.6238830800401384
-0.2935578415897296,-1.532578119228259,-1.3400914094454714
-2.038951496165859,-0.12270358521100702,-0.04681206569664741
-0.10891442152647803,1.6435171577110002,0.8048508633750328
-0.02932824845887823,-0.6519184876556017,-0.15995719285579632
1.4799630193932805,-0.5227419683163756,1.2731666614337476
-0.6271555279685826,0.9863441425911263,-1.2489678597866638
-2.5247044562297307,-1.9513094670581146,1.249317282904038
2.5874302135526825,0.17172709089941604,0.7017604877663437
-1.8605845186243835,1.884242527103936,1.7326921334719974
-1.640598439553221,-1.2794635938761312,0.4574986529278861
1.5126551368993468,-1.155332743326161,0.022883127038620103
0.7630564560677012,1.2197101774623282,0.8240877057494086
-1.445662791986249,-1.4487193413504862,-0.19941768177230212
-0.7363612115615096,-0.19309298129995997,-0.9761121648360825
1.017352929565539,-0.8289694544028291,0.8373964727869859
3.5558137096103093,0.21127485594684595,0.9178887891387115
1.2167477825098998,1.201880640814444,0.47999425970632514
0.8929325882871543,-0.3603126071870038,-0.932156699709965
2.8500733986742968,0.08820653710784766,-0.7214624589735577
-0.5839548684630043,1.8716252030965215,-0.9294471151252062
-2.6510880907190026,0.5748580333441194,-0.5461182807242635
-1.9119571476791857,0.40703997002060277,-0.4223076338165378
2.3890877112367708,0.8510651555607746,-1.1589885599621044
-1.8795128554794323,-2.4647005661722203,0.12417655831741255
0.26734646385162225,0.46967127082097065,-0.24535726792213025
-0.13723506811023234,0.4333889914725892,1.456092047337917
2.1348515641227284,0.06438028123379011,-0.1121331136597169
2.426629407554314,-0.7965819756465948,-0.2768685715093139
0.995785175509935,-2.093853639512759,1.0973175777517454
0.8960078401897372,-0.6138265700224383,1.619574078348907
0.6927702286275091,-1.6281455297838006,1.6470408116101947
-1.0943584943854883,-0.7079883738871698,-0.9424531928155542
-0.10313245854979612,0.37047736167364675,1.3775358024126299
-0.20734529250672779,-0.008212150029741908,1.7421325196056723
-3.542311461718871,0.7372516559440663,0.10987710607954917
0.7676668708094264,1.2963158568498554,0.542108154068018
0.6448357131460388,-1.6706588272996563,-0.9394269821739967
0.2562628184082307,1.1122213599451631,0.6270934420432878
-0.40648121299232975,0.41554212349289615,-0.42134839736772933
-1.9339106491857394,1.6283310448829493,-2.132653473750823
-1.246471736277226,1.9771866417979025,-0.3644971523400401
-0.6220417035941574,-0.9022302675064541,-0.15057173838532575
-0.6635511339758023,0.13571900580355223,-1.7193829150682542
-1.3313515089400338,0.1195342247181639,-0.8243313590669267
-2.6369654320480462,-0.011283983452506351,0.1862137130407921
-0.3541942434429424,1.3272457725907794,-1.8546540518636323
2.983175593162465,-0.6091549213941035,0.35578078249254874
1.615115586274924,1.7069605438751576,-1.5808292092290797
-0.10680674368538493,1.4339061639663002,-0.42049748665210135
0.040098937155240016,-1.1852269253411523,1.1063742096293427
0.9159760895943883,-0.2509333678684051,1.763322756638347
-0.6930939630858717,-0.8755369699491106,2.3284602754519197
2.046892588854654,-0.33295834392978985,1.7677487856488536
1.7457687477758073,0.5975769218537023,-0.6666626145731988
1.2160080115052605,-0.2221246856401999,1.1259140365908173
2.2607734586345494,0.42793771438200734,0.01065136151280477
0.5259754350153135,1.0442066317261782,-0.41118809650689536
-0.047449021390592816,-0.07353854511438049,0.09569973612504727
2.959106871770656,0.8534504281415426,-0.9853591965932341
4.526158341827269,0.21303400668870645,-0.7482373330279677
2.6717773727585987,1.9721720406789878,-2.021722339330314
-2.948422232246343,-0.5968936925363677,-1.3817954999355997
2.7233478026091484,1.0697861118619945,-1.2939612709138733
-2.1746136312780364,0.16636303431999155,0.07944270668068712
-1.9206913893201711,1.855549255230762,0.5492907822429001
3.039965018216274,-0.7593424749937693,0.7505246516369477
-0.9597632908015564,-1.7688808073584972,-0.7372870134206175
1.8945424050983448,-2.0259196547186056,0.475668865820809
-0.40908740140171135,-1.445993008573587,-0.9236134868342897
1.4091549160705645,0.31758454940548136,0.0947099347964648
0.5830374064822287,0.15784776348613008,-1.7855195727799322
0.9942113708199302,-0.2591509963405053,-0.3808509821205614
1.0185289610066837,0.17298779593627842,0.5982616912502121
2.373907844497812,-0.07242823310053835,0.5521430829394018
-1.219758730396514,-0.403861206143371,0.16466692775717268
-1.1236619769595475,0.6881373195112398,-0.333244681175499
2.4759343641231517,1.7038305583321678,0.12144871515686738
0.9587093935459517,1.9372940015892093,0.26053380464132386
-1.6351971688198368,-0.7648077995108548,0.2987310222168213
-0.4343195058281204,-1.9153910571386925,1.2577855252292671
1.1245246181486483,1.740243927887899,-0.7278584607294433
-0.17880361985669363,1.2774911722082103,1.7938559046526796
0.7662994557130449,0.04412679545928646,0.5939539509133033
0.6358204855099314,2.8130571763784173,-0.10079751900613801
-2.5365494839029576,0.037926987211104296,1.1758830442237749
-0.9128059029220503,-0.32818039870590604,0.2764754090854505
-2.6444520396467706,-1.68047696435674,1.401254254978158
-2.961612758515976,0.2217244716275137,0.11288364629192826
-2.2909545306923715,-1.5016993657525084,1.2809748193764852
-2.019965865993895,0.3835310900496528,-0.5699886083521618
2.8419427793278396,0.5743984135755431,1.4509943816116104
0.3485450776330781,1.1135285965996369,0.6919638679460731
1.4297921228353232,-0.5496128017031972,-0.9920690916167959
-1.656559498991576,-0.98407718100552,-0.19329791864723572
-3.0274759464148873,-1.2107214265705648,-1.8287235282841925
0.9884893727883889,0.1657005855291374,0.8622600184684056
-2.3798523607694957,-0.7921369548867315,-0.7322395593211499
-5.213772991283116,-0.8099987847022216,-0.5946810871285557
-1.9993288937635325,-0.6086029311690644,-1.156182351721066
1.477813586955507,-1.2470901606829152,-1.4860663581306042
-0.6905904393652899,0.20725002516375857,-1.2331743149468295
-0.7945905432119464,-0.45013002989823614,-1.6751091893978505
-0.10513130077652973,-1.750823424390732,0.6145150794527175
1.3861644328197213,-0.624460657364166,0.2611977840757647
-0.09934239028573139,-1.2228881226707042,-1.886491545039724
-1.3194289461456592,1.1965853094298426,0.5485255220698477
1.569053276062169,1.5331007995138661,0.45361803780191584
0.28289126567764916,-0.0923984898984944,-0.3475550718466721
-2.1375721776086762,-0.4771295860982299,-0.4911794030215322
0.21576092437825675,1.1624281972664898,0.38149432852219334
-1.3351895523474724,0.49317356929775347,-2.2730835366126714
0.3510355590589331,-0.8790177171460298,-1.0539892267690736
-0.8128915159237383,0.7323784929318945,0.17005411578126337
-0.12181914436363739,-0.1419342641289088,-1.7874780843451918
-1.097621434125549,-0.3443758817917841,1.9643412915315066
-3.5582677792270707,-0.6724659858739279,-0.06740368922969493
-1.6779818567101088,-1.001572412989404,0.12493664544741415
-0.4402765241064117,-0.4077242854732676,0.7011292869466558
0.4863998501490781,0.32385645777317934,-0.22566472113091246
1.4593743540157327,0.4819371606021138,-2.309722141332189
4.6352177960467715,-0.4643692782940204,0.1373721335711826
1.7380777499802875,1.6670412194181512,1.7970417093092697
0.5408334080885985,1.674162201415684,0.6548539848731432
2.859749464377355,-0.5169860873975032,-1.6742022894731574
-1.4727453288253933,-0.5532747968057377,1.2039943736687035
-1.8515419017601558,2.3035448157326006,-1.4611083136109033
-0.5954864107965266,-0.4282256273493566,2.7776879294091854
1.4593743540157327,0.4819371606021138,-2.309722141332189
-0.2839492269383767,-0.6078836856616513,-0.11962650383380172
0.4429373128262865,-2.7744496337389424,-0.338578020358067
-0.7226869297095478,-1.485423208897453,1.7223639012593348
2.4865810967553807,0.5808560134416475,-0.9245571594846395
-0.3292125959167215,-0.364090627358442,-1.713212198449964
1.8993871918833807,1.7238658990747209,0.2282363459690097
-0.6721759863185801,2.382428077778264,-0.49537835930251045
-1.3897223356599426,0.3556338804235008,1.712378888350871
0.25437968937824257,-2.2795137722611107,-0.016018128554778455
0.3171421099228836,-0.1755846406533957,1.8177377770850935
-3.0559755224159737,-0.7529294983723869,-0.3763320508126042
1.0137219986812482,-0.4140390898533631,1.2198816380182813
-4.30355002270568,1.042261587417329,1.28781012366058
-1.9710906773991794,-1.615482177024876,1.439318270675269
1.245384394125968,1.5003593951672076,-1.1081597829315062
1.1302772094432227,0.4099355221063837,0.886955267250202
-0.8444136110377283,1.7886081339828326,0.7932345985818617
-0.9956398860561138,-2.1419698818313138,0.13259240296047153
-0.1658528898977273,-0.7695751587961269,0.7878978114499937
-1.2603149086870429,-1.8897572577979918,0.06127651207695108
2.589284862851686,1.4969577241038914,-0.08965977150286208
1.3264004222602839,-0.7811785821691223,-0.7473324907009277
-1.7003513992665755,0.7258645693580411,0.5685563600697993
0.453256668189874,-0.07891835532873015,-1.554689323126497
-5.051526260687182,1.324297762596665,1.2132585752894356
0.8291996932810265,-1.9369938831229863,-1.1683026488301917
1.365185232032484,-0.8738401271998778,-0.9536377953696218
1.6263466325482594,0.7233145172262868,1.854752167108259
-0.5478369284951037,-0.8848477913301319,2.2114259939686547
0.9236315552738549,-1.5801506424976368,0.33577546150226606
-1.1408910901401146,1.6602835285876145,1.1364320251613467
-0.11455040379770515,0.9470489018975514,0.10373499638944686
1.9671481245266405,0.29468337709173276,-0.8147764440793084
-1.543180198958429,-0.1803730835339053,0.629214053562677
-1.9033263392463635,2.411018335627016,-0.5118528353184935
-1.7529763522376631,-1.0943540054635403,-0.5924062494840558
0.9502237400578075,1.2864035849970308,0.5865791781835907
2.657735959792839,-0.47017558908591733,0.8013219127678286
3.074662992689262,1.5656727692096455,0.7062457565004171
-1.5973049263306636,-0.3396934312358705,-0.2826975645153546
2.4166376412438035,0.8169656153793419,-0.0833824572236429
1.2371676793739204,0.10322465027521718,1.6451383917569686
0.3139005782052909,0.19394190919332097,0.24244452422219226
0.7967001704256876,1.401147896682406,-0.2224798753656416
-1.4010849840117414,1.3480763296096507,0.09989055803583051
-1.7132714148880228,1.3594780814829697,1.836449395688485
1.369365451143885,0.6929495643556746,-0.1272208222995902
-1.9616546891331512,-0.4105105123341533,-0.16518635170818916
-2.0823442642413577,-0.19865250101224502,2.3954559388743157
3.6836870045038763,1.152212042030252,1.5284641857958763
-3.5176694292130635,-0.545849802911294,-1.2664321115487946
0.53713634910678,0.985362143401668,-0.45427437588657593
1.3563752456204508,1.8577028445300974,-0.47243174703593244
0.5584799702225353,2.231272103107423,-0.2563194038325398
-1.013648252725949,1.108423852139264,0.72095309423982
0.04961256184977549,-0.1416869150712407,1.5930455723789758
-1.4439055882347778,0.17241429543867273,-0.9280970817244762
-1.0162401247479618,0.07190360631195555,-0.3302811485825545
2.32200332587479,0.2536408369536741,1.3697667499508206
-1.0624017210333168,-1.0038444527613608,-0.12377766013199565
0.4219099953134695,1.5817788177423358,-0.7577417221641645
-1.5399728222839555,0.5647130008696047,-0.6246804637742066
3.813329780245786,-0.7056132721357169,1.1039374619421405
-0.7550812058326543,0.7884700621946632,-0.306001707136609
-0.2103927325379669,0.372682796097262,1.3086002651817035
3.2527785683776376,-1.8703421340508213,0.8639383545596774
0.2744314825998045,-1.9016749200219796,-0.4977603245814938
-2.2392653447970865,0.08233575093807571,-1.9595838074750047
-2.740266164381311,-0.28269625668440596,1.2934338870258095
-1.682408345480694,-0.5910112350484167,-0.9731826859651878
-2.7056403240491553,-1.027640279533946,-0.18029868943899324
-0.3175979293639714,1.741263748088324,1.6593737159710389
-0.6288232185113555,0.2015820873224314,0.12885263362666863
-3.7722317205205353,-0.20140458091096056,-2.006706817561299
-3.1147402605697496,0.31231853667034176,-1.2406072114921685
0.8912314198066754,0.33920810980035826,-0.4436463302177992
0.8721741294433454,0.7045995124749246,-1.354081415116854
0.8239617649528312,-0.4599843579491693,-0.7210295230513863
0.4921198454469726,-1.0600361313494029,0.6863891768322721
-1.6955997860799912,2.5370038286603425,0.4615564235334814
-0.32922828539085386,0.8548016393058314,1.0597845749389687
0.24047739259704107,-0.052144743778121484,-0.4690671450592724
-0.09398083780668773,-0.06241670398724423,-2.18871496212965
0.3623653768725892,-1.5890253891166986,0.3823756761961336
-1.975120492918456,-0.9331493097538183,1.6284945189968902
2.913207405869966,-1.2842266451684372,-0.5272011272890516
0.6952201364368635,-1.071814001169142,-0.4107329888924435
0.4832949968152497,-0.3412739702282219,0.7043252535232137
-0.05948714502405075,-2.5571667943719967,1.1196871802755257
0.22410163209998787,-0.5150217388327634,-0.46799676011465535
0.1047824642487602,-1.2978411301660366,-1.8738943155384755
-2.3259072834529557,0.7676816467443766,-1.7494792701381785
-3.295181494034722,0.4759456452777526,-0.7602419403110077
-1.7922316421205078,1.2178660734402051,1.140301944172265
-0.9434416377450485,1.755448331860911,0.14524909923692875
1.3246099027327614,0.7598811064746727,0.2690305554709183
0.7132235561970393,1.8705625560638033,-1.577041551443657
0.37794280777308187,-0.9341126627572912,-0.051838827617570624
-1.8910807457096337,-0.5908580515992036,0.22825906375986527
3.719464901486369,0.7767662063609412,-1.2580769077034821
-0.3791595272005134,-0.36687893723783654,-0.6390366412144634
3.525874510381187,0.5302119453980894,0.1719281316060621
-0.5272208893807081,2.156736160885181,-2.218820004392762
2.3547013418210883,-1.4735566117355265,-0.16855037679401538
-0.5334888674040854,0.44231682039229075,0.02407658992859856
2.141586418783788,-0.019183017827133875,2.042627745105652
2.204943856671881,-0.006725180182601408,2.2299267046430113
0.1372525902048503,1.9088860093316646,-1.0841978329519153
-0.19651303550771013,-0.2433958245572746,-2.6905486066163924
2.504989460320523,1.529700536438904,-0.11478626219452434
1.983072687031773,1.7114597704696444,0.5482594491719744
-1.2792078020551856,-1.006140961086354,-0.6759653849854896
-0.9693178210418398,-0.34411265089639825,-0.9764380465714991
0.6690361419283767,0.08138461131903588,-0.7355912482729335
4.004310905592007,0.9989047683957935,0.6305589632177993
-0.29686902560911504,2.5555649565064105,1.0969404724724268
1.5260823110101176,0.7735394234090506,-1.8903737789851183
0.8271876159284093,0.5410664232976966,-0.5146911006301302
-0.7805976774760697,1.5000686786555057,-0.5771468700273701
-1.95830577036943,-0.10222442218888958,-1.95305542878642
0.8198609077643619,1.349788079994353,0.18442949977890788
2.319141717891028,0.7717405851113072,-1.7477769562477445
-1.396863283327608,-0.7306679831146782,-0.41310022580550637
0.4689676697037498,-0.3315777447049896,-0.7163330652565475
-0.05155735966624593,-0.2952127366354347,1.1935318203951726
-1.248974716741533,0.5630843863228435,-0.7822230232218543
-0.49018066510688396,-0.7149830627733647,-1.8009465923089063
1.6993733944179041,0.9642272807090543,-2.3843916976205852
1.2655218447903012,0.3525020974746545,1.72982222861829
1.0307607050323486,-0.7976570174724062,-1.1449864940266339
-1.4735419455882213,-0.1569600668471541,2.1581690182712343
-2.580292781085912,-0.028570721070553542,-1.2877721456905429
1.8213671215980243,0.28021179507915545,1.2677554164159441
2.1725141929344147,0.3594150106670834,-0.057713833501304164
1.5881420231595935,-1.4222590712685768,-0.09734053371307369
-0.5954009962458712,-0.7527834831062933,-1.4399071118179367
-1.5171784818747842,-0.09617724196303377,-1.1805274407961561
-2.4015479488587723,0.881122911908251,0.8645152806838791
1.9512324784157782,1.897575773713239,1.3150861536279141
-1.6923794275834894,2.6787213188640377,-0.577444179202666
2.6110611964049926,-1.0736151797438673,-0.7573329681967476
-0.3509089464038636,1.78969366337697,-1.5113842742036734
-1.687655209180891,1.556157937955702,1.0118519834576056
-0.18082235308908065,-0.3534581908372813,1.097310976187137
0.6083290445806794,2.3983330767157462,-0.2040006966516485
-0.10763566136928426,-0.879937840831456,1.6373721523016138
-2.6740812027164735,-0.23803408954976704,-0.49883415950913174
0.08465652583022523,-1.0810161689658178,1.0170806974764033
1.4628419013286105,0.4034886315014075,-0.5330073192562299
-0.9962873421369594,-1.5603507268151153,2.0250123648093914
0.13450357771947027,-0.6558510921741277,-1.6006483250679095
1.4406701583425823,2.099091538176444,-0.2078342132747381
2.3927686226104594,1.1640528754191162,0.5141494993524246
2.1184574396333136,-0.07781535123545241,0.1414327474281328
0.7259096298693805,1.1433846291278902,-0.8197452056812315
2.9692576543155753,0.3780376982281465,0.9888175838797537
2.9700840319856563,0.6717519764177484,-1.1568086187274134
-2.096535414863757,-0.4977752034712161,-0.7742710398406562
1.1743724495221626,-0.35205100066777767,1.9659627071495112
-2.741830316731584,1.538360596992441,1.0569092598992431
0.9897965227161615,-1.4419147290621732,-0.5233600923597552
-2.078352145317823,0.326590164805425,-0.5250919389748239
-0.05042528063926715,0.48440522429781085,0.04436485599268257
1.6292963934059026,0.6778038760258552,-1.2616272586853878
1.8923377089905082,-1.1777690487868822,-0.9073232386083605
1.6045507673193036,0.5151133913870245,0.7029087494716973
2.3730781659361755,0.1093475327243392,-0.9189895879961755
-1.4504186366865877,-0.9243403042411786,0.24853681540703074
-0.7998070009899795,0.11014630683032647,1.0198585381365513
-4.219087415786475,-1.021872146548096,-1.460960640598524
-2.6694683724486006,-1.29056331576743,-0.8377671688246331
-2.2651678401133712,1.0668627053246331,-2.8531186950203797
-2.2301811871938404,-0.8015429236410491,-1.4933285179197424
-0.511116918068683,-0.07374674487553597,0.010643041561431931
2.0040771172694174,0.5964697672490528,-0.02340649711326125
0.03994260065156652,-0.377566524255338,-0.9509242971695259
0.5308381439924569,0.004746705132721422,-1.5977302600849717
-0.9439120801046235,-1.3166575014250712,-1.2685659313976014
-3.1849331572848896,0.22228761950717718,1.9573516185551563
-0.33937063930671957,0.7632141614316599,-2.068065400878057
-0.4195276053128476,0.14489992944832994,-0.9973070176732313
1.1478106774707388,-0.8386911992597973,-1.0813093125732454
2.284354696874343,0.3018765013752248,-0.7947351873126413
1.2068298331322156,-0.386752039089783,-0.061756902653406366
1.6761115354925635,-0.6595159017833438,-0.6208306937571226
0.8608511481001054,0.7378880608453648,-1.6608158008846616
0.2943902982370592,-1.690952147918147,0.16822771466268746
-0.8008719779467085,-0.2882448436799042,0.5713623421287034
2.150683461338766,-1.2654992146743922,0.6109099128509695
-0.2304844211900123,-1.5386359806385064,2.4056804777817975
0.7888744622606989,-0.35488049095114926,2.020049828612605
-2.1665801476022337,0.8301868039246036,-2.129732152749561
1.5021825287261583,0.27743621046604533,1.8230427853107596
0.9223962465199051,1.373586156389288,-0.8415609459675116
0.15054664626948375,-0.5883692753194212,1.1706284121445543
-0.49072862031361225,1.5822849534991839,0.057482822672451445
2.1670712565904133,-1.2296635963379114,0.8820488813327965
-0.01693415370729101,-0.8254655622779725,-0.017999017819457317
1.2433985325045498,-0.1693719131807587,-1.1959378184940137
3.1769965069872694,1.2386601104980393,-0.6235904736349758
2.0322195057752537,-0.4058335666735354,-0.3600092019049534
-1.0788363085181494,-0.07230273587028296,3.0495913219433026
2.0123935308265204,0.24640672237293682,-0.047467594849252275
-0.7618320659181232,-0.0013450153346026533,-0.20657629039789324
-4.153094490921359,0.37897933030942543,-0.7100124940397271
-1.0376135106896023,-0.9136620645237783,-0.8407321332362699
-3.0461145923423714,-0.34263332382673467,1.7398218970683599
-3.0560566354268426,-0.5794301618775323,1.9390240963124545
0.7074420528102351,0.2783801107347322,-0.7092784484597969
-0.010838054621130789,-0.7863481977242269,-0.9506800322692711
-0.6299104617346746,1.3226535495302347,-2.579131394484168
0.07979889388134477,0.931661282391974,-0.4617726091249037
0.41434615514428225,-0.46549487700311043,0.9523622094071813
-0.45309365966350507,-1.110102797272605,-0.5384799510117178
-0.47058712060898966,0.1574971509162673,-2.140116498196711
-0.15813910459728614,-0.0329171970661838,-0.9907320325481728
-0.3716411047726206,0.14428727613541678,-0.9708230552498087
0.8542111384908456,1.0801734758335084,-1.4616075836136404
-0.9085210662514146,1.260011043180599,-1.4319456251370677
-0.6959436323693319,1.181256573993131,0.7701471189523494
0.48058902181575613,0.9542423850876107,0.4669660677766598
3.2278391469115246,0.4195453794791724,1.4164479358668072
-2.9043112600096608,-0.7346736726464185,-0.8950674082610737
-2.9307150892504867,0.4617677297165937,-0.768595661109573
-2.3999784875003347,-0.5515926005366543,-1.9255508812659243
1.8316812624490766,0.9506668245940268,-0.04173815441259282
0.32460675039513104,-0.6325654575492929,-0.7316845776785568
-1.6892906297762311,-0.9457992622619434,0.051867246738595295
1.2547761931538957,-1.254331098728341,0.6370083918689701
1.2921025531258215,0.46458664976354097,-1.0734331854077956
-1.5965182233087318,-0.08448923941200595,0.6424156920518357
1.015691716477994,-1.6036908350952674,-1.5533142735365904
-0.4670786891899575,-1.2556905818711992,-1.2198168215708913
-0.7954823190908443,-0.7448879033468828,-2.2174664232539105
-1.6967089243514937,-0.7600547062968753,-1.3914779750840858
0.08279758523043518,-1.1524941520772791,-2.080952950517194
-0.03966639923300712,-0.5048762656790765,-1.9909285466303035
-1.2370599427570568,-0.7865998676887853,-1.7945994531324374
-1.1857319920651215,-1.1922638806929564,-1.899359979295646
-0.7291268234612479,-1.950020047337089,-1.2636781728427542
-0.8058401033590036,-1.2566233473238235,-1.3845647760898852
0.285598132535439,-2.1977510575176638,-0.6403417925103184
0.13003555917081097,-1.0561420541362903,-1.5400973527880573
-1.2783106164240228,-0.28660883231009754,-1.9636390867316074
3.7232931904604327,0.38576598683066265,0.4151013545625569
3.3105698901573475,1.3420993334338982,1.015961926893702
-1.4664755873751967,0.9270574884303919,3.237936621567128
-1.7784520483614539,0.9546694621317303,3.241392054415744
-1.9184694084112166,-0.34546965848834765,-1.4403683064321846
1.1675852361880277,0.7910659666302806,2.2641649702071702
0.6217994752661978,0.9445904188130705,0.3379460566766206
-2.7376928029067336,3.5738872048489716,-0.2684472574956472
2.9269859164373386,-1.0535560619447601,0.7258349330299798
-2.5373387715135647,1.4149467689245288,0.3453599197587715
0.21245961647729703,0.14033857732167576,0.20532700004596052
-1.57392518569208,-0.6795561422236336,1.6053409553118367
-1.2848348273972279,1.972544604066684,0.1683178851899552
-1.1446873606983154,-0.5719184835525766,0.4954890965129032
1.344014431272941,0.14263731616985162,-2.705180947615324
-1.4069326319784778,-1.6987424747773916,-0.7158274422893393
0.8055457635487425,-0.9642733927550597,-2.332565693037183
1.0950911509744274,-1.3905094221415557,-0.9916336356926461
0.19787096900427228,-1.136009618712108,-1.174371562143
-0.6759372598445369,-1.8298105240716234,-0.7760782552800148
1.5495720808263116,-0.13836675879855712,-2.4082036172977794
0.03617221311018914,-1.7716242243360336,-1.39334596919479
-1.0315863350292518,-1.171878704376712,-1.696630952130419
-1.5279684556755617,-0.21454283920413036,-1.9171375451694825
1.0815263581420893,-0.9700070941613103,-2.0968571883183267
-0.6570663320629171,-0.9080380582589014,-0.14432898707834357
0.8676096475573744,-1.1139174687723292,-2.0891350519205387
-1.3869037876363168,-0.6233230593673235,-1.5868640631914948
-1.516073763349772,0.46791221093405294,-2.2934816046750073
0.7744910072327391,-0.7286086180959817,-2.120378043221433
-0.8627964612499935,1.0817504124578734,-2.8127608778429414
-1.7605667191857448,-0.5025597998820929,-1.6042831618275657
0.7387293549398446,-1.0154844843574493,-2.2949953587277547
-1.8488743236922542,-0.42516361252509655,-1.519773033682192
2.9475152484813028,-0.38761818971066014,-2.046303871944512
3.40995740709655,-1.560397496009288,-0.7178855131392002
1.401218075125806,0.9318450976905783,-2.2145102090057605
-0.8476715252228739,-1.7842620244500382,-1.2199083669018993
-0.4069737563943169,-2.2822720428791885,-0.36125743973865115
0.7271751743650909,-1.7118960027143642,-1.2970186801394563
1.4479636485886962,-0.7316924666751317,-2.3776399133374646
1.502921827588263,-1.4921212160635238,-2.101982914486459
-0.3687282611488373,0.30282509249047956,-0.6122823952936504
-0.15944610803460177,-0.330147762293387,-2.069183578224525
1.2462956722787952,-0.29547097463470035,1.4043968397670814
-0.7326589515971567,0.8437401157037345,0.7942886875276984
5.165610557073244,-0.995612878507921,-0.09869473512424881
-0.2573668423143722,-2.969635280993772,-0.48673543240134776
0.26290249341669175,0.03187108034772562,-0.6773821283867109
0.3868471663184379,1.1059129545034219,-1.5197835357161256
1.4541319459851454,-0.7586458893489053,-2.026922919357617
-1.0730524046560757,-1.1465539361908825,-0.5552762217731325
0.21029813056187097,-2.0380075093672247,-1.1981291904885687
1.2485025381044412,-1.1414472142951875,-1.5403976684367378
-1.076112104160669,-0.6623244954142107,-1.9619074484697927
2.4390447144904877,-1.2070152582002638,-1.7331051256904322
0.1762577264855521,-0.9063378595152267,-1.5576264737043695
0.36010976014908996,0.18697963570687967,-2.4798916973368597
-0.07269631637094837,-1.0143916457893332,-1.53516458237541
-0.25894398130391294,-1.7690985763061338,-1.476237697301695
-2.351170077844647,0.6374968207163024,-2.204811358064734
-0.5221032881732017,-1.5780468418033557,-0.8208700159628013
2.0487610214763383,-1.0865111883515106,-1.7771588612405536
-0.8228787607982913,-1.6505194680733073,-1.0221126642201932
0.4681217306649653,-2.091385120696592,-0.6642332619266184
3.357766976531103,-2.1489981503069755,-1.7792447071518687
0.6303443989804169,-0.6005180496065458,-1.7452707052425533
0.01332477039384491,-0.8565607172934453,-1.1084592538268165
-0.06001333910172507,-0.9882583688146592,-2.48625747634248
-0.3420238000226008,0.39794976868228465,-3.1828210142837445
-0.4562056824797513,-1.6101106229638646,-1.5902998816579634
-0.2882621463498121,-1.6194303722332006,-1.3282153263250975
1.5346562640648276,-0.41462860594441914,0.2208849055858716
0.914757771396255,0.09267538141142062,3.0100625202097997
-0.8758566912176567,1.865554951633365,2.0899005406612905
-3.0487722971154523,-0.28106965495825353,0.8042099569268706
0.5803451688629145,-0.15250051410935403,0.8026510406518061
2.913216722599881,0.8334139447062812,-0.23365508453120726
-1.7416502408517482,0.09810835527169431,0.3292884733242679
-1.8642414725464085,-0.21036629179241684,-0.08434462648589533
0.08185427354843562,1.3522559536215628,0.6423317596027042
3.0987384796162716,-0.35971883860798487,1.0358789561688175
2.950315961893306,-0.27454743799687287,0.24986109487658917
3.087186800015048,0.6852622863044482,1.9888304781659996
0.5541373659850672,0.7062816952215121,1.5422250653272462
-0.7400477036887954,0.5786811161051054,1.050328958204635
-2.2081412450909514,1.2804467778301833,-1.0239422756433971
0.19966787558035742,-0.9569625668055949,-0.6544054789337909
-0.8885420849901985,3.0026631099972123,0.23926822461303898
-0.2753113728217725,0.26664705949325845,0.7116482558086087
-1.5956105139337022,0.23417560868886128,0.4326612453061952
1.5728988218304627,0.7225484337198007,1.5479989044222973
1.037284107093177,-0.287374941891375,-1.2629366067459682
-1.036442805078314,-1.9212581546112166,0.10001164974719923
-1.664127575480806,0.5608406571713128,-1.097992426737768
-1.5617884976630985,0.4446241623666257,-0.7920967474173857
-2.222596039150789,0.3883132830489517,-0.9230114153845758
2.126444195401592,-0.7033757698801577,2.933950591602221
0.8292618068440393,0.5503853308347378,0.6871531280379137
-0.35966087289559107,0.05943420600245952,-0.19395025392600598
-1.415119044421019,1.4540550001863852,-0.8423534414923461
0.6087690357675473,0.46824115862732474,1.446019519315236
-2.3722944762013136,-2.037675918066047,0.3299990183968253
-0.46182883367723465,-0.8803420333027937,0.4247108091148402
-0.1045579703486921,0.9752087328745346,-0.004980796613760732
-2.6893210468661155,0.02993530133679399,0.4750325209833499
0.22348348694853187,-0.3799031895967601,-0.1299641721826293
-0.6053019664500927,-1.3879952753475435,-0.661212281034515
-0.3709886733933011,1.1050835142943303,-1.2503584367517642
1.8056825628476463,0.5578095618884051,-1.7332210348692612
-2.321326291656424,0.6585830635999129,0.736483135116565
-1.4544239475963714,-0.9488074990115117,-0.4686566459945495
0.47834202975290807,0.9730894202713597,-0.2971530634112149
-4.295742545066186,1.175786441613093,-0.45523739979410166
-2.613550997182903,-2.9226906894364606,0.8240900970903186
-0.07204081688585043,-0.29174809718159656,-1.7589180031606841
1.1241276620004934,-0.09970740726544368,-0.5919281887906331
-0.8395012420478283,-0.9533153764193552,0.8645708000187231
-3.159180938995674,0.2927288807371017,-0.9437696294202008
-2.7347012199217158,-0.37619628641642405,-0.5621064455698956
-1.3840005065611436,1.0338034133971457,0.6187719281552844
1.320739198381692,-0.5861689667250646,0.39880269812945807
-0.8211645595088418,0.2197472873455234,-0.03866404643358636
-2.3278497386470973,2.0718293903228884,-1.675616248302234
-0.08013511275824513,-0.08012233384430549,0.6151036555068613
1.596644175126118,0.1323507173690065,-0.1268906139047743
-1.3473744382956407,0.005041604394922265,0.17645442175920667
-1.6364278856251897,0.2797205718728228,0.5530510011696262
-1.0836620128532761,-1.8951805371244972,-0.3193273434689471
-0.04806608860424266,-0.9370655175834097,0.51401073584329
-1.573386408454324,0.026128946892389055,0.07679507484651997
0.22262172111153103,-0.21865547216677708,-1.303810348260808
-0.7193463387012174,-0.41983393110974254,0.3555736980672921
-0.3306378350786157,-1.0597383816441068,-0.5764871588830213
-4.525247571270818,1.9721197744279497,0.08931409989634657
1.2165269462606787,-1.8414586118823573,1.0191164212142485
-1.6889657593286125,-0.6639387824492432,1.1662428617372307
-4.26520910969185,0.4385833232924774,0.12463349654548386
1.6432097281027433,1.0264375435790714,0.6828886044396383
-0.368559255667237,-2.315736940263598,0.2793561379034136
-1.0234106167858494,1.014729186927245,0.3683381236529475
0.9278241867312821,0.6580426470804365,1.3824197571493209
1.3267609920738825,0.1086365176063428,0.8409236510388162
1.0257522177349658,0.912050751510934,1.940914223476834
-0.6966343079727976,1.0147784748272266,1.7638094582010673
0.09836649093484374,-1.1792933806545463,-0.8802686363719446
0.9636914597777906,-0.08559727529777071,2.136511679933094
1.8227464263409203,0.4937550769240978,0.3368808983786467
0.25717488493657037,0.35380959046405874,2.0911139269769046
-2.436925275448499,3.1080674508282837,-0.07458171403357759
0.22042956049294601,-0.41272242438651674,-1.1585123952464775
-1.2177730672005451,-2.2482235541546114,0.971014154142311
-0.9875427838978533,-0.18478421633895542,-1.1962032867242922
-0.6654619135451177,0.2809274996716834,3.1629462374605537
-1.7799411990589704,-0.4851385223828743,-1.0966882645430467
0.1798152323259551,-1.4768074694075697,1.053602183706858
0.13340045342704085,1.2896636767022085,1.8931649406558717
1.6019794372792597,-1.9089449603691528,1.235061415497966
3.080065567219937,0.7455793791095557,1.0289715203806757
-1.8880905462372422,1.4692921052794874,0.1788594057143517
1.417252325335406,0.7487441294591871,-1.8085235752891828
-1.8643073340145095,1.1992581927694783,1.9165975200737178
0.6374589230686494,-1.4078988165260362,3.015401893106319
2.5632658499198744,0.7085482353055739,-1.1956140616791757
2.691231352243354,1.038810269632584,2.4456972184083425
-0.47725240707788985,0.07182170532603786,-1.1898667002822023
-2.1346647140775943,0.9174738326885811,2.203414583005934
1.0314794491513863,0.28605537211963056,-1.1960152791912393
-0.17925020706721423,-1.1710942744038677,-0.30624671894443234
-1.7055707701519498,-0.030731424870354466,-0.8683466641545654
-2.1947889642930623,0.957019432530133,-0.6507246249936012
-0.6643413363718353,-1.6054511711014028,1.485260800660548
0.4198670499288754,-0.09548422863665608,-2.791872688350898
-3.1648924321493253,-1.2025771273634316,-1.3800879594940523
-1.6000702533808921,0.01932962679231928,-0.31629019509631456
-2.3491397805973104,-0.9356422905751925,0.20352983003189382
-0.6520855035053953,-0.08255635471847587,-2.029344482475773
-3.461607111888225,0.5964289466766438,-1.2190975929049979
-1.022700798125775,-0.5523715278251645,1.72633661757395
-0.14376383380729463,0.4483293314453161,1.7599091360177288
0.7154834593710222,-0.9246430294974483,-0.8655067250526192
-1.0288271823466035,-0.6454234180901602,0.8294717403633063
-0.4375387264137122,-0.27867834889192816,0.23052205852233784
2.1800389424041864,-1.0589109949653819,2.0971172649265504
-0.21884055722949072,1.2829171939381379,-0.9929422077253894
-1.0445154542371782,0.5375965970965567,0.1561274012571084
-2.1696060597828053,0.07477995774522099,-1.3234251597787268
0.7623961146941276,1.1408216535020048,-1.7928176900843908
0.7399127775839931,2.0262550828902817,-1.5462049539829519
-0.37742699736418056,0.7542474202711908,-0.24845787862090668
-0.9526122245354125,-1.2397222122060387,1.1958995330283027
3.150676911821257,-0.4272619317155331,1.2816912661626803
2.5600267322981294,0.37299277999356206,-0.6957653850115836
-0.9440991936847325,1.2618775592504865,0.2704316795159428
-0.9698995061043978,1.0675959918900495,0.23454023537130425
0.24409398634180926,0.5022878780821244,-0.7275051191119374
1.5905371753137847,-0.0768770051979137,2.8134095228559324
0.2304112245052298,-0.4524037403096923,-0.5468359976549542
-3.055011532364568,1.186174462753036,-0.49740944185320574
-1.416945405708935,0.9709216068065103,1.7430187771878909
-2.0833368968483685,-1.5492092101215602,0.14804771455210383
4.129223345694501,0.3818043956534014,0.03409371204549528
4.037649845226834,-0.6769465059485124,-0.8637539663512098
-0.6434703010956977,0.7993247032915191,-0.8291612006482121
-1.9063459307674093,0.9893647772519344,1.4471631786376513
-0.2320265987594053,0.8965072343157626,-0.0564856423384714
-2.4510269556762854,1.0425016953087791,0.5097113254979044
-2.638259402739133,0.4245777889468767,1.8023831721112944
0.009717123421045672,0.4696270066153982,-0.6303088521277093
-0.27880709884960303,-0.8300321481855593,-0.9241050413199804
-1.4901629964740548,-0.33739591834371857,0.31014059532994376
-0.9951127251012141,2.3134818937882393,-3.557287629316252
-2.172535799012927,2.5592407348690056,-3.175906546290518
-2.6364133344319733,0.07144404808268177,-0.7333558903573294
-2.9931381592583515,-0.12287340225335985,2.076045453600413
-0.6521889395732297,0.7364856591590517,2.1567515528674455
-3.4922623187158908,0.7371877269603075,-0.11903578308719752
1.7598416067813154,1.9127086478661208,-1.272810428049828
-1.3247994880592113,1.8354073746928812,0.0527270034609745
-0.07914162817404768,0.03185053783931588,-1.8978841040428147
-0.08882352315931068,0.0385722879692638,1.016239822805896
-1.47134413586689,-0.8146966932651288,-0.2442728998033104
-3.071371417203141,0.1346889742882826,1.7552794819843438
0.6311709831077689,-0.8676059358380322,-0.8208026449789175
-0.4382007279521163,-0.03129810237585342,1.538265776033644
1.4044574921694837,-0.2775785405564801,-0.1328961687678419
0.4046164999389666,-0.7690076580471501,1.0341752817872334
-4.834077426969534,2.0787043132098795,-0.7957468677471666
1.8614180350474359,0.5021959271825058,0.25176524699714936
2.1710894816533632,0.04939354461344225,1.53625607554075
1.24198160588675,1.0794489312851303,-0.9372252355217693
1.9744061400366353,0.925119535532003,-0.935272126166907
-0.8114926793973846,-0.5717574003343299,-0.45533672591954144
-0.31898744314480976,0.42233515293299756,-1.1608591727895683
3.1589725735762952,1.232274315818869,-0.2604613232194884
0.8700128353247715,-1.209175980362101,0.6227699808086758
0.277823125863243,0.45577370413428553,-0.5333873370412091
0.47840504444397824,0.7091932490598857,0.5498547080886713
-0.9338736024576908,-2.079397886055745,0.7558073537723539
0.7599409646669255,-0.49566326080453704,-1.1680628443536396
1.3666382610363499,0.5259135955322858,-0.47197563219482885
1.2623627651740907,-0.8071017732746166,-0.42359659470027095
1.8563341933420763,0.11872413497930735,-0.1701924324078667
-0.9546249429655345,1.762561860662832,0.49779288478226974
1.7731470807448884,-0.4165120549584707,-0.8071121001316036
-1.1205866701809577,-0.1590167127891193,-0.8523771259962782
0.32441294651740055,-0.4584127899512607,-1.7450980842574495
1.0491049721334438,-0.5084374394933524,-0.13496811174019674
0.20222374865411805,0.8176732954380612,0.6926295444762104
1.0252820065570507,-0.5340704582590724,-0.23892288946618107
-2.5906276126646555,-0.6430862260116408,-0.23950801576755812
-0.5355233393990316,3.6401790938934147,0.4737688376386244
-1.4281108548633468,0.5324553018796517,-0.43181101046727793
-1.0287298346742773,-0.4916288767082974,-0.20931502889237413
-1.0180706418105667,-0.9935635110150851,0.32781205782435835
1.29130040334604,-0.2748704930335784,0.5866794535649187
-2.8281799384075983,0.16398953166848274,1.490568652832447
-2.823578991216029,-1.102331016706382,1.4430793756389915
-0.3423059732498351,-0.4924229111359274,2.5028341557435
-2.130243703595801,-1.6605588816915249,-0.575385612908082
-0.46535395921654693,-0.7415196507284303,0.5330989820885922
1.1591120932413561,0.28680866939222427,-1.2424638379278705
0.052467502842521774,-0.33088284536283574,-0.9441269168323617
0.8467426656667526,-1.3115877175998671,0.8141413011197687
-0.10889396597170246,-0.7636595450675743,0.6840109181967693
-0.42821049017121177,-1.0189811676455092,0.008562832358174313
1.5949402182060715,0.18959206849723587,1.2831326272119403
2.1592794571672247,0.3909851021770422,-0.18451681054418434
-0.8044637900981787,-0.023327867405494862,1.4900201902278818
-1.1971921122175562,0.03460537307505145,0.42143028784405523
-2.4033644633808073,-2.9917114770707833,-0.3326271798206112
1.825707691605791,-0.3116402546166891,-0.583751795174334
2.3933779749444626,1.356659193044915,0.17540861490677062
-1.5187227368722755,-1.973694655043079,-0.10586660214795265
-1.6335503263390432,-1.393376704558803,0.4206277575673716
1.8366665940609792,-0.2270822704341064,-0.9126194759050467
0.5476608876519135,-2.214107453643178,-0.965867162012822
-1.8722091592722812,-1.4513069259951275,0.5247088053345256
-0.42577401918124835,1.3822311267265979,1.9444395327430373
1.0281051162619108,-0.2519940294954589,-1.1811968720924872
-0.9492222084407224,0.5631930091855852,-1.3145551692340622
-3.7422809830165953,0.18826727071088467,-1.8393918906054794
-0.17990713616612988,-2.7142702384899864,-0.07392355361368698
-4.153980808620798,1.749604158457374,-0.1817848692670616
0.09527726641586827,0.3193185813706866,-1.6030496693769565
3.0026548554435184,0.8061031612958867,-1.189853099177186
-4.512463483461366,0.20599999198473126,0.4665994957854404
0.04745746299554779,-0.4144888133633718,-0.9429675326397675
-1.7970241679485817,-0.1118660331069644,1.0220102330616225
-1.939248194261801,-0.19053778953033798,1.2802629927117644
0.6430637289459056,1.4965852367446715,-0.3681892679701639
1.4360942831070067,3.397335744439741,0.634482167493322
-0.1284794279186511,0.9619050736003837,-0.5702049908803044
1.2896829952892406,-0.6771188976477891,0.6311555233605662
-1.5220842237781929,-0.9000508836685412,-0.4464687051537769
-2.5599572203037364,0.5615587700608968,-0.4690246112945993
-0.5583308299822585,0.8110719343793921,0.19730117777201323
0.0629867213620038,0.9607233428685399,1.837389192773779
3.0318223579425676,-0.23630168988959516,0.2982625332470788
-2.4641587317965827,-1.769635068452909,1.058994071165892
1.6137718952087543,-0.9500342474613331,0.9393834665012147
-0.15714292649621775,-0.29698023544328805,-0.8962983076447617
0.49230746462864783,-0.44618242171872,0.2038038216304694
-2.2537366967980685,-2.1270870317887915,0.9057747222200273
1.4137132969330444,1.9524105070077356,0.6282903395543081
0.16283072404359097,-0.0981043015950522,-1.251116460713501
-3.493912761138052,-0.2986393726350584,-1.4128469701600597
-0.4780449272914543,-0.20604727182578408,0.3915547797721318
1.3026956096833873,1.9560365075360622,1.3055633438082768
4.411510821295314,0.7973479263513976,1.2453139463260694
1.1289183794936664,-1.0371452661778724,0.043020369167653866
-0.32632969936014994,0.15018162802342266,1.0979911361845383
1.9046800272911786,-0.23972263122597823,0.7364917220581169
-0.7872864634765927,1.48395346807779,0.5442564987289122
2.128029722118045,0.6636744611365379,-1.3952750139960544
-1.6125385770500418,0.6935863587695775,-1.5257606088238647
0.8053825096381234,-0.24602965776741853,0.3259513629187514
-0.2840847294473961,-0.11798518345077305,2.173509767171988
-0.02715837443390285,0.11880143465286999,0.17904291727493224
0.9102205616330257,2.331682356204784,1.241361692092166
-3.011858163894472,-0.27151918240962813,2.8252195352971685
-1.7506142440540884,1.0622967286297593,0.3108705709128062
0.3396920193137225,0.18645056094087856,-1.8437249715233426
1.4118373334472343,1.102516041313326,1.9571488528049625
1.0467963220437386,-1.5331638053722818,1.037437929350729
0.29909327014441506,-0.4019329194075686,0.2542265863199285
-2.5674582472571417,-1.028398426558703,-0.44465977359950243
2.9711709684646728,-0.1804476576896538,-1.6510532965680538
-0.5325142214250442,0.48556230964899383,-0.13815782068748195
1.7518914423858576,1.0073912697691412,-1.0841712458262462
-2.107358679271596,-1.6767443461915497,-0.6361112863798771
1.4803711214519444,-1.627006488488978,0.3840406698835418
0.720171947216106,0.7562327391684149,0.7664127398394149
1.2956157027805728,-1.5338823453291162,0.8272479865012607
0.08599621373565414,-1.5554354284645222,-1.327494038465751
-1.7743545623987704,0.7597905592573564,1.8069936982190424
-2.4840249053032606,-0.7346141452759839,0.15428603727941267
0.3191997549534511,1.4299971213624754,-1.4061182587598635
-1.2815086779701361,-2.16223285387651,-0.6669027906591362
-0.4172935703922174,0.6188913066833749,-0.47813984191267805
-0.4883192270678531,1.3864327350571832,0.7405467735862012
0.0682769207529158,0.21518621858990394,1.9062771583600697
-4.15933338276137,0.5301952869928047,-0.4954128208133242
-0.13964015746803846,0.6459764036951431,1.83122809208441
-0.1549288195395986,1.4942061996617981,-0.5734818019847693
-1.9626401177361086,-1.0981601024612726,0.9100761884232699
2.298679975808073,-0.12062884922830049,0.7924156122266979
0.4208888479894088,0.9997277022995167,0.52745195549916
0.4936231107502339,1.3788513573351895,-0.18333458949349668
-1.43883207152144,-0.15460628792522482,0.5381563000748785
-1.6903086619165095,-1.6629872706066464,-0.5314432249241804
-1.5247480172114494,-1.3132111722067128,1.7149244925872051
-0.05550519170559895,0.7025619168595544,0.6999418969707275
1.9099219999994377,-1.4355851725845383,-1.1514565676764787
0.11236525193871372,1.6163654725384855,1.2266307535989422
-0.8202379361638122,0.27896147685741035,-0.7693978303230921
1.862711999522395,1.0675952931806136,-1.1116859631249763
1.4250288100041966,0.9066158538240786,0.39545859404026823
2.7292108324217343,1.149716238084667,0.4125573534634111
1.7928812069607662,-0.20551888301082896,-1.8274944572142449
1.9751677112552817,-1.231207278460583,-1.2305230749265321
1.6788366121144505,-0.7920356935626116,-2.302457814374655
0.31692139013529286,-0.5740269799737645,-1.5230909578925003
0.7844979329418252,0.09674208936735865,-0.8689489397944167
0.9852745849361227,-0.0216701930830668,-1.670973150321982
0.5655269385348636,-0.6698200341666634,0.7999167940918527
3.959927481819294,-1.6944857299976663,0.4184715850322677
-0.8652915624343319,0.47712522507249516,-0.6806646653407922
2.2735126736020064,-0.9293734420170192,-0.5036181699017237
3.05018566918145,-1.0087971496481438,0.6350499998891259
-0.6541993444766863,-2.6585453677478346,2.123746972981845
-2.6664848788038777,0.31900268012394795,-0.26179497542509306
-1.1161490695899479,-1.300242581154406,0.3754997774949376
-1.9619977761635725,0.33119910985562234,1.6366772697457779
2.024245806198473,0.302902018780641,1.8343525877478215
1.1637954574299367,-0.6935056453211158,-0.5681588632168001
1.1202089945337865,-0.5193048136787951,-0.35020060436607897
-1.3265828010933978,2.5025876250944483,0.9719453298411268
0.29560049748520706,-1.6349671901280964,0.6600041944512756
-1.0349856670922484,0.4456254552612723,-0.9545823723137573
-3.523576684849317,1.6455385818564539,0.9337698403634219
-0.3514031796739469,0.3639260974050846,2.805320692601122
2.9092791570154444,0.728289407222382,-1.8841688363198859
0.5692965847738999,1.5373386067335557,0.17909717227314706
-2.131968902266192,-0.1426974199506269,-0.6661483956864772
-2.0695827106408107,1.49193418623153,-1.77566660379721
-1.015662158350577,-0.7315296578327987,0.03707314694722943
-2.774390170301287,0.09030719386322646,0.4637850165016523
-3.2484303023153016,0.4417125090225945,0.252184986553317
-0.8672047618980785,-0.9841234050055562,-0.36306421778460424
-2.6246828329442775,1.144915142204003,-0.7865114041335722
-0.3225462097726461,0.5322282548241519,-0.2595419863913542
-2.076756746442642,-0.3946987259889311,-1.2170712212574488
-0.07069730761495863,-2.851501404521578,-0.14807077785573972
0.11145913394400377,-0.9184441298553673,-0.44447467332031476
3.936864993746517,-0.5314747653864014,0.9099154518628901
0.035144714446187046,-1.462346866263196,-0.572381390236639
0.5591030767655679,0.054558657698915734,-0.613394098891876
-1.1430857065389277,-2.6447816927679155,0.9295753758551697
0.3842778159383496,-2.149206635482437,1.5253415708719404
0.32699321401689113,0.5072646296588281,0.0911655870519566
-1.2928973865837818,-2.6356440877234273,-0.4313909891868593
-1.1691783326725913,1.5159336564176424,0.4836268468363173
1.485779374329256,-0.8659900379367064,-0.3221383528344647
-0.8037633860455842,2.03228098762521,-0.2980680905003685
-2.3720499935866797,-1.68991148306442,-1.8896835748461343
-0.5726494475693905,1.8849758484905026,-0.036637526505559265
3.108242861536338,0.2546317843280395,-0.11672925785195937
-2.1456033390331974,1.888819505038594,-1.9929353207335927
-1.509595281846691,0.6115378245139693,0.9320516789445905
1.6729793130621795,0.2076452788237569,1.641195327145882
-1.5484771184420538,0.9050666800037888,0.8427596811205174
-2.3195026254508018,2.1711027269318484,0.046139182570145036
0.30760804255208946,1.7530197017245064,1.0862409534752797
0.53114973133141,-0.8699659578958401,0.6936324312955607
-2.359572728397627,-1.093660303515818,0.7509900787055701
0.9783844203407621,-1.897758615567167,0.29497656335985795
-1.2835829507878282,-1.2969117293992416,-1.1422227633614785
-1.2715338512995749,-0.08490757625038516,-1.9862826698473492
-0.9516544057036536,-1.09700776305804,-1.561952985262444
1.4175630592552955,-1.077381001434478,-1.5844450796548237
-1.9812767839765353,-0.31644213438688534,-1.0352287744952071
2.2223853010126073,-0.047491602713287534,-0.40326459857352065
-2.7883873017044793,-0.11873952656726626,1.463992994271534
0.769180273317269,-0.25990450874555165,-1.1893431582764473
0.4560636477990011,3.214175630110767,-3.308061246804485
-3.9255328090667376,1.5859227559974896,0.4822964029272281
1.8666198958849254,-0.08443758649367443,0.5459729073108901
-3.351335805790831,1.7058433995790974,-1.8157721972358485
-2.836602982041048,-1.1583938573105237,-1.4333864438718054
-1.7812509249126371,-2.269494887773951,-0.49919664233225547
2.673495444005285,0.8423050063487717,-1.7123985354954225
-1.6261784770774323,0.06770319819100491,0.03551666570605526
-0.6947470750047107,-0.3180009989942159,0.038368289468441834
0.2894288079705249,0.1677147364866309,-0.5324713817413542
0.9301585149962629,1.4189008133757757,-0.7191355232227362
-1.555436287319996,-0.15890379549816205,1.353144115408249
-1.653497205584945,0.8681600788133103,0.6477407947648381
-0.0792628026420396,1.9900474613447068,0.28113256183743224
3.263138621444436,-0.03128812108583417,-0.799217950090418
0.5530953164699699,-0.08170785444026783,-0.9679662646203526
0.7897864045195091,-0.18915623850294078,-1.38145999580793
0.4984091089834797,-0.20883750052558175,0.027635342922194203
0.16160137815351563,-0.3970921063396005,-0.2571516255782701
1.6577888221619532,0.13622574468405763,-0.07030367672366505
-2.7034697923894164,-1.2641960195684678,0.037280763412461955
-0.7999497562179037,-0.2908559827919874,-0.02747005110881686
2.11286130998127,-0.045808274646968274,-0.9894486217868348
-0.004094617035869843,-1.0176657658603974,-0.482280902620215
2.354828723790384,1.7624354725692741,0.47146147849403647
3.3465760420793713,0.7828848452800659,0.47341539439036273
0.5607399536115324,1.0909829160738738,0.20384132487937645
0.45158574725118455,0.7571087578434617,-1.6381995136584417
0.6016259565381219,-0.38873783649855936,-0.4563657409777482
2.651899317601317,1.4772495661388263,-0.4497686592474768
0.9188485405979291,-2.4363189430481755,-1.0033999745734523
-3.02507320860603,1.3176078763798893,1.2645460296254993
0.9188069174435037,0.6587592712615352,0.3951604076811488
-0.228278065617024,-0.09355591722783814,-1.41459322281627
-0.21775443941236614,-1.5078669373191735,-1.0402918951090316
-3.1107496204242975,-0.5937595739741727,-1.4748738014923737
-1.2687647584180772,0.10941112006500954,-1.8281425338581456
-1.2805388088589071,-1.6299607065870512,-0.5904355016018857
2.320269266717067,1.0622454016281748,-3.044935696437632
0.9702277055939044,0.022054187607028874,-0.8330689288672758
0.8361427685862307,-1.5136741381616636,-1.784654429017546
-0.613410818988493,1.7503918297788368,-0.5011056411683977
0.3351400011508966,-0.06284721704117845,-0.9652892824337441
2.253449887795052,1.1702829004136426,2.4257651624269494
1.8288230053964996,-1.9353982562989458,1.224425287559809
0.7964171316115809,-1.2908677206753698,-0.1428557803464959
0.7682884209785739,-0.9906946261456625,-0.9829633254216944
-1.1757929661967716,-2.6575614227715167,0.8324394801452106
-2.3940640152760553,-0.20659264470112657,1.4511287147940044
0.8463298113807339,0.05994886981717059,0.5564152339465452
0.4116829123643185,1.3824273286337456,-1.6668272611725887
3.7935910474272982,-0.29530240098536803,0.011774368807672261
0.5977485007124592,-1.555793371523931,-0.7095872328479624
-2.579666847899771,0.2021037694587642,-0.21398545865736515
3.6818457818893338,0.9558140703636004,1.3635937989033233
1.0232431117217562,0.3274034053763248,0.0411543521558684
1.2631626245908332,0.8372196955138513,-1.3149894573843597
1.1976217842789512,-0.04198593098704103,-1.9865383356611312
0.5529877244178973,-0.2993035886207384,0.6572143447055597
-1.4999704306149362,-2.043321898261834,0.266710610993059
-1.4015339517125047,3.8736755771371216,0.5763673784366024
0.7371090546954292,1.9041005933367081,0.12010035972357916
-2.775672293090869,0.18331511361139327,-0.26592487036523615
-3.0565966068772106,-1.0123189830468822,-0.5618757595985107
-0.5907599260822106,1.266557790977172,-0.18740127852100477
-0.004475082388366517,-0.7846267680695886,-1.1770547774815674
-0.5028741040735897,-1.325439891861544,-2.1841168425714432
-2.7975260025840014,-1.0818868619859223,0.40268845500430356
-1.186045939274819,-3.4893570065240205,0.2779527136784588
-0.012726417274304394,0.22586289111257726,0.40273230297887735
1.913624060480002,0.172869540728481,2.4361985604209906
-2.791199966052772,0.00787221176882754,1.167811396380489
0.05107962841665501,-1.8335516760407278,0.8678797632174401
0.6512911915405385,-1.5058691842652727,0.47520074869630086
0.22697539926823765,2.1799415285444104,-1.16766453073465
0.6957569599471137,-1.0427992682730014,2.1078957768871898
-2.156418772688548,-1.5147980147474522,-0.464653392970986
-0.7629937576244358,2.4900877539627926,0.7226703736898646
-1.8641081062595903,0.44352389440151735,0.19616948650988858
-2.2552688162950303,2.243900195299156,1.0739075906958115
3.689953525658254,-1.5728389556601423,0.6270082139907681
1.8695227259420204,-0.9644061712017971,-0.46618382809714215
-2.3252416469656283,0.8722455799534048,0.8665467169489766
-0.9731809060444857,-0.9493139510605834,-0.8478277066648662
-1.400606148196583,-0.7589596480142515,0.45375003943912484
0.0066247406230978785,-0.9167480388101568,0.13297890297455328
3.1340456979221383,0.44713428100978087,-0.9842743028873843
-0.9412664132670788,2.0759834131045665,0.3658324640005961
-0.8158249021189207,-1.9843274407667637,2.189319228409524
-0.2778918373606228,0.613692305795468,2.6222760534821115
0.7723004169113814,1.5096829205237547,-0.0327744410879791
1.0276091101185842,0.8239321003120341,-0.47424448973591476
-1.2276222571123812,0.09912963700399131,0.46434687054401047
1.5688060674413589,2.509084245501302,-2.452860223523611
-1.982513374086842,1.773073175478192,0.3510852356794803
2.056307846444661,1.095810217493999,-0.3636564604762164
-0.34549096370021115,-0.3985841663513314,-0.5043950872378578
-3.6213786021154255,-0.4090755474156492,-0.484771504987501
-1.53264394131412,-3.0508377911547546,0.5615714503250855
-0.01837414134439383,0.037052414735472786,2.9771269551675803
2.4699458131823535,0.5827528087429487,0.1709924383397575
1.7226186586036627,2.2308438957536008,1.053393797329929
1.633918700381056,-3.182399049144113,0.2813747614888004
3.1189948771707585,-0.6538304993395012,0.5519477018086911
0.10350832082890649,-2.0428147825985095,-0.702198851286959
-1.560578001737401,0.617894585028905,-1.7973381902919838
-2.7557952612308028,-0.8404974691305984,0.4152673754715648
0.28496777154428016,-1.7570652144315417,-0.9962063494744758
-2.8101498625591783,-2.269895946482516,-0.077444057713601
1.0611824300025607,1.3696648833485627,1.2616948942420925
-0.10189320067361457,0.8634456706663226,-0.9959444916670568
-2.744324371009321,-2.131413625877886,-0.671320353070837
2.2902098603242607,-1.3360395055577083,1.0291584471200812
-1.6597028257973794,1.682105216899907,-0.7106781372525439
1.6352420527395963,0.610385262857217,0.6491626460075082
-1.467346481916283,0.15075412589878265,-0.9817847702914129
0.3789161803952637,-2.1439405466018555,0.5607757614600637
-0.6060629202585133,-1.983765962525036,-0.7009486053837535
-4.89040732767431,0.01532108447900574,1.2206336108413591
-3.273748804145486,-1.64396322836738,0.4227581234890001
1.0198346790603672,-0.5732267213506879,2.239873165601793
-3.0108046082612683,0.33070845901671336,0.8791754252384532
1.893737339510599,-2.1299849463842078,-0.30926412308573814
-0.34712319751553894,1.8244979027849617,0.46384705206968374
0.17712949423544294,0.051896717295170584,0.9322394783286719
1.2681873023255927,-1.461151457263514,-1.2013225870438202
-1.1994779498592756,0.3384953047391795,1.6330837668985534
1.9090561532962733,1.3242932562428251,1.4563326960651588
1.2202199866025305,-0.440820968640794,-1.1099120877439597
-0.23633871815416083,-1.1949505881056421,-1.0462763489270899
1.3939650095386469,-2.0632010206469342,-0.7333321336225035
1.2749111610593733,-0.09204160164387491,-0.5703700373353063
1.7046558401873708,1.0898453942645507,1.4709107211681223
1.2168337777992346,-0.7603168678923778,-1.314667496811594
0.9965475953602192,-0.6659306875583636,1.049765540100096
-1.1076475006598518,-1.053219364355784,-1.0670816940723407
2.220444599790319,-0.027805591086645223,0.8282630334570686
-0.604854404624173,-0.35493442429682287,-1.251493481863904
0.7109116227138665,3.4129057851207367,0.2205726290505618
-0.4226185372463,-0.319189978003157,-2.1719492970893843
-0.3667803976997319,-1.367147077502023,0.05189080316874494
-3.9248039177093976,0.9260243825290306,-0.8152131372439245
1.8896997223722514,0.3065359275487773,2.5583097232593377
-2.220385925411966,2.358858334367676,0.009378435707419244
-2.4517778057442685,1.8789457133441447,-0.0716630561884905
0.9099763551774744,-0.2582454790323818,0.3137982192502031
-2.9613704986812293,-0.8719079434782924,-0.6137826126591112
-0.07389416424361674,-1.5842012969565595,-0.4976992797972662
-2.9613704986812293,-0.8719079434782924,-0.6137826126591112
-0.8871302355248107,-0.7536165799510971,1.2867556512207454
-1.4774339984578426,-0.8568646019113197,1.3808592858637423
-0.1531999475770337,0.11949164657607571,-0.6083486907480566
0.1011629821326763,1.1389167773897175,-1.772079116852778
-0.8349183940085179,-2.077516208413127,-0.9518288717460787
1.028081656948761,-1.3686942514564158,-1.1203037925133181
1.6344719810930521,0.4438724900236219,-1.1750494150576125
-0.3530486736530442,-2.2514193165865355,-0.5794640444402585
-2.255240828287252,1.6775208345638857,-0.7727263440350032
2.237067220539254,-1.2400114399288875,-0.7388700276497294
-2.6467774353583486,0.06712838732502056,-1.215347181825602
-0.40792073591543115,0.10548703773506746,1.2822505022726571
0.8997323454048278,-2.084588919690072,0.13057532853347423
1.9106321072623962,-1.3701217799034635,1.7899616791154296
2.5444718464265548,-0.3930736174369796,0.35773728301072394
0.05540739895937026,-0.33569202229120476,-0.24845286102523678
-1.8581652493869347,1.8084551530921649,0.0481545304659259
2.322154304299262,-0.09337232134641942,-0.002428650241277587
0.773112074074926,-0.11168254464042586,-0.43029996651477503
-0.9718818724334553,3.5779849525492704,-0.2915751681251988
0.6822841348688023,-0.5508424820660139,1.3608220421739878
-0.40791116410958755,0.4827068467684724,0.4460348500520108
1.0492079078590633,1.609223106614753,-1.3600841287895276
-1.396835437724848,-0.483268451900978,-0.6038417812704698
0.877119748918768,-0.38471866711981406,-0.003789094880495282
-1.2305152065501581,1.8282689346564738,0.4767950729259277
0.10580508763575057,-0.39601216239674086,-0.5492617807025191
-0.31523160061175004,-1.0722595886352284,-0.8124819891561327
0.1226637329177613,0.4091150227955503,0.3436151453554609
3.2115619862290328,-1.9461764532818269,0.3813569616899875
-0.880149587329289,0.5769173923951488,-1.8328563659417336
3.1120754705477625,-0.3868912192536165,-1.500613579741822
3.2459517771108604,-0.7493462500337497,0.7321110213436278
0.5317993348089662,-0.2523054962585684,-0.4441290738976345
-0.32508057609999097,0.2722892389538234,1.6109298588078247
1.0543025751882888,-1.1616367484140435,-0.08766452577289321
3.281287314015808,0.5664887674125183,-0.28578938914454066
-1.2221924451923023,-1.6531967620588999,0.6394913178423265
2.4180165784938525,0.15847628047013965,-1.1741576472561521
-0.45833883506753675,1.890410631010606,-0.8527876047817935
3.6178540086787163,0.30622095290710133,0.35511392179961127
-2.2663944336699386,-0.1967795967075158,-0.44605265049524057
-2.881740840965417,-0.9718934494912342,1.018730434482795
-1.8915880926747344,0.618442295228949,0.7587088289314359
-1.221779876281836,-0.6332879524940016,0.6687253209412182
-2.092250122757651,-0.2630421585518197,-0.9764228751425429
-0.7122618466699282,0.42276908667895674,-1.1211903617073204
1.9181771543142005,-0.23732663522622305,-0.4922005914984967
-0.3491636053403514,-0.5933429499990851,0.49365763617756103
-3.718982805941618,0.1287775599827651,0.9287935863548806
1.1836327116564118,-0.7975529589802166,1.2685782700916173
2.811545058980375,0.5513293418615786,-0.09971712437716967
0.010482765419445145,0.8894180387824835,1.1442270939651384
1.6130476181593136,2.313251152870111,-1.1466802440624637
-5.498825275947166,0.7680339130834732,0.08751826675554053
2.493126531861969,-1.3425655355186357,-0.27349328987446825
-2.6410093573154683,-1.8982946469840372,0.5884535460120736
0.7257729290133561,1.1920553446403557,-0.05141657398455907
-1.4416358882916636,-0.511767323759821,1.525717269097284
1.1085943097961894,-0.3303110832900667,0.5246059137854422
3.6352324908771325,-0.13267701707249893,-1.1764029106836686
0.3136951637498828,0.17604809564256127,-0.33522490099593744
0.44618124757043487,0.3530405781940188,-1.241794381499527
-0.015864011434842725,1.6319823930399464,-0.05710368105779586
-0.12683240733517076,-0.3345829249036563,-0.5340178939177388
0.9824415175340555,0.7914787845891301,-0.9723154188870976
0.7366865371298963,0.2774572682279837,0.9271278297798048
0.7532408630345158,0.8487981048702161,-0.9948372876807542
-0.9322359044439575,0.47074326662386057,-1.310367585087138
0.9967164613250727,0.6945858223412392,-0.5663137009756268
0.47625430250374895,-0.19832956723617248,1.3403069590712722
1.4796620216860792,-1.3878308915724131,-0.5881856348517102
-1.0566322778529187,2.2942713645523796,-0.12294441635430144
-0.22426494294668628,0.638345311043625,0.2333974680676058
-0.9613911519352627,-0.22196703392164646,2.2946052984953393
1.039480405893121,-1.5091148384356745,-0.25008023495718146
1.6665166623890517,1.0163236660383286,-1.834652865450833
2.4678931403564452,0.8556921719657873,1.9390109038685477
2.037460651475512,0.23244311356125644,-0.8931482118025401
1.302558708821131,-0.8134664340116687,-0.9017377829510764
1.0409359832721155,-0.5238994646856379,-0.20172513897891825
1.396969936348052,-0.5263713052784139,-0.687482643549554
2.1139800190485345,0.8977486500204453,-1.121151022620057
0.7919240680095578,-1.8663281511418217,0.9269160519849698
2.1825987740189254,-0.8325678899582379,0.14978502843474145
1.9966875086685516,-0.8364727360940448,0.9623754138666598
2.0265490848138783,0.3198751691213725,0.04956675917504033
0.6044719640262317,-1.7091321742615502,0.12998454531817427
-0.2536709475744671,-1.1460418280420295,-0.28801503762134767
-1.368507122200306,1.3938413067662792,0.4914610197284786
-0.0874733237659752,-0.40378190520286406,-0.7479134441099029
0.19423842054219595,-0.05857741244450812,0.6918011087435492
1.6330415778923562,-1.3320652928936836,-0.7764163978549983
3.1502962797620686,0.1096413660782773,0.3459970713556693
-0.4399564866592194,-1.0932651917793108,1.426251409762491
0.5243629462432778,-0.9460791318132042,0.26992150264032144
0.14742236478483275,-0.09365773012241689,0.49866117850698355
1.1743129836204433,-1.1278165190504075,0.05368113270846569
1.9475056854539383,-0.8034132844199944,-1.170424170155504
2.03806409782088,-1.5557420915859321,-0.12665358237467936
1.1471766412860165,0.486302837232498,-1.7001581788187279
0.4408107534204403,1.172659932270155,-1.2610869576505566
0.332455417561789,-0.21551077305018657,-0.922022091480432
3.2163156607031773,-0.9071820460490727,-0.8870646071810978
0.14998908221388302,-0.6375663866316942,-0.6406596446961977
3.7793462929829365,-0.525981542376003,-0.3145285991826177
-2.609355266962504,-0.7573963503144984,-0.2311039479133666
-0.7836529847854818,1.0680854853686346,2.5036167794343203
-0.8500553563361279,-1.6427398583854809,0.24465664744587437
-0.847831377832589,-0.19987759300014912,0.41811405603838725
-3.046438434964097,0.5889301859349813,1.0897710312026494
-2.855389018087856,-0.3899596357139229,1.8298172830923511
-1.7258761712029285,-0.038367945937074543,1.331286432300593
4.203764951884723,0.439470429757543,2.283746210671197
-2.1733708461491967,-0.48394298275259023,-0.988437055614899
2.6700537031094647,0.34285142206767266,0.4461499163763802
-1.8210365427595583,1.64071893861162,-0.42510228109672044
-0.24249097833245564,-1.254084738027318,1.6031385416168726
0.4044924194326811,-1.674585923744023,1.3480879271531538
0.35853702960941164,0.3658461123178756,2.2838700778922356
-0.9372109008308683,-0.8270590902855065,-2.01462428281074
-1.907607455264054,0.39471122973788175,1.4523032903096085
-1.4270382251594178,0.6649019420839435,1.1679594312970534
2.983490465737395,-1.2847857010963815,-0.6148129857534592
-1.2937920984942541,1.2002468704306462,-1.3098405119497523
-2.6541259987541297,1.0349709172210686,-2.729030052070998
4.263557500542226,0.40103405960339783,0.8074314594679106
0.28071050149789584,0.8558677257624272,-0.13605960385305085
1.367354724929509,0.5508760843726149,-0.8640166400842691
-0.6251544694409397,-2.245380855185915,-0.5571929341349894
0.0618912549786992,-1.942948863325556,-0.9795934614552745
-0.0724608938905281,1.097895621813968,-1.6652160308982562
-1.365337297367268,0.4959417006244975,-0.127813239230361
-1.6975374770867375,1.1704976280210493,0.7605757887489633
-2.390780097436894,0.9184493342885325,-0.06809505158046994
-0.476080505115018,-0.7517661402050615,-0.8887109316768066
-1.779914229299293,1.3082499846619642,0.4689917323710062
0.381432400723245,-0.8293396239186483,-0.2513924509936498
2.0247061156579353,-0.03437380746204608,-1.4892437702686911
-1.9453601361293757,1.376599561389381,-0.4194911435458802
-0.3698549887320541,-2.1269344770751992,-0.5326001323289794
0.9002846318865686,-1.1870509410610854,1.9061503124138577
0.6994548937778862,-0.47450871967628544,1.4258645076835645
-0.8997567184471623,-0.5508224693727255,-0.6093322615625079
2.5455338372761016,1.0619226768018877,-0.9414914218928302
-4.288526160543193,-0.5546538466202102,2.5315072846273785
0.6555708274249549,-0.8675762112834582,-1.3743116759582619
-1.3406165102823704,0.3152210466322261,0.6067810528451124
1.751571859415654,0.5757525761081042,-0.07542879631646729
2.4583499203336263,0.0177808430909251,1.322580200781454
-0.3273841259221622,-1.9536789064518636,1.3018883368265788
-1.0714977232660874,-1.0600697545352964,0.6009257735688855
-5.107405464475187,0.2948468288333351,0.20726547818620528
-0.7366353083712996,3.103603471386476,-0.19915785033723324
0.34142594646887797,-1.70672087046963,0.7982401286946513
-0.9051212959511364,0.6827992426664191,1.4878993238634663
0.9364257960281497,0.03557336548705285,-0.7616332580264656
0.2416237734678738,1.0712161749583802,-0.6277350989154815
-1.1118689222019806,-0.9465717191240232,-1.0700590960507583
-4.435989464197117,-0.09034426970595744,-1.8634911295014147
2.759713206985283,-0.4192923719491925,0.11501716817104388
0.03039857610087057,0.7872282429804262,1.3588475941405571
-0.2389534591613533,0.8457848832355572,1.2490586420476517
-0.9510106064861501,-0.9756306159313949,0.7894965573928118
0.11882654190557648,-0.47953568770418337,-1.0641448810286374
-0.7395407002867558,1.3637941605199977,-0.9186757184990678
-3.148398437461125,0.7044047913084432,0.8990084128371079
2.732936218081622,-0.6063972605746917,2.168659001415727
-0.11277607364234117,0.4007259807718137,-0.8652922756046306
-1.1056313409318144,-0.4599852040388484,-1.4300869986842142
-0.01919707317095516,-1.6264808598619074,0.7216235785617583
1.547051090346365,1.8537949948587085,-0.9396413532641067
-0.7960611978014093,-1.1247649698744024,-0.8368206932741659
2.6478540981223224,1.2603020057756111,0.6413701793169998
0.9367337947670097,1.4074935727626796,-0.24438614860054186
2.0030798449341374,-0.7140842664974272,-0.6909459664383163
4.101603376880181,-1.1562392574217095,-0.28812671392068767
0.200753017689526,-0.9674587642286121,1.0783266241303753
-0.1456615006596986,-1.6263037697254594,-0.6737880589399821
-2.2191501023078137,0.7612173055731318,-1.680022797732911
1.3685035073062857,1.2270614412807788,0.6762785257213477
-1.8895645049504324,0.27285991369815127,0.6672939080607928
-3.172633116771902,-2.6049607178095373,-0.23851441460693798
1.271713723329168,-0.0021944832760211566,-0.08883628905851246
-0.7186996435746129,-0.2292503261425392,0.9680664745028253
0.9830139412814879,0.02777585153083841,-0.4666084780762116
-3.0557558560254843,-1.7558882717204958,0.12421399276640288
-1.4235215148601388,-0.6831540188388548,1.2825129403028261
-0.35580974789383457,0.08540176701211384,0.5474440285848707
-0.6681292599200515,2.7512243656629285,0.19162993531241648
-1.0225833368420552,-2.0341837955786755,1.4871334965308236
1.225029584025693,3.8109601771397132,-1.4711755066945738
-0.9839864904229604,0.5492157693375538,0.5985820771504446
-1.7864383388094591,1.333253687583981,0.7266080177376418
-1.1764260148306835,-0.7697215055245435,-0.3666789516324038
-2.261478922744827,-0.5797287923432258,-1.6331228615235172
0.2644100692725789,0.36299519385043477,1.190939588396638
-0.8887953416479442,2.326422246943493,-3.1253121556236034
-1.7063664897372315,-1.3717123731963932,-0.1622178666543984
-0.2735577739822251,-1.0270488739673111,0.6183641261371484
0.5853094430206233,0.1518803522898679,-2.270856328337328
-0.33579281257234794,-0.01072766393311395,0.675498353961515
1.2866711023116584,-1.1165583670144696,0.6731922994054036
0.1376519249105968,-0.9829981914693988,0.393483950509514
2.4309670283415974,0.8853583186132783,0.39840268140339585
0.35851272699303427,-1.4315027114287335,1.0271598566250282
-0.08515885622784868,-2.318429423841716,-0.45775429845425336
2.194410283386275,0.5440882234384886,0.911152294531695
-2.457195660939813,-1.684804897038303,-1.395531617874271
-2.718274566559231,0.6785330922928545,1.020270357602691
0.3267074432330397,0.3552648217330356,0.5971180342142015
-1.4008109758764482,1.1193830920908043,-0.05227557452066224
-4.0015997958406695,1.173934979340845,-0.44909979758837393
2.43164447889732,-1.263987545959476,-0.04956933377831734
2.714546035162594,-0.4050360990180386,1.0763267009872275
-0.7645203451665972,1.1849177724703612,-0.9583452477032133
2.3089500811083252,0.32532642282334334,1.4412622247988154
-0.3582627116960704,-0.6092616327921998,1.2434055507990693
-0.2601125967493625,1.7881433255957797,0.2520585265118577
1.340799131461603,1.415611576706826,2.1787202174682876
-1.1674233903220255,-0.07507830441535476,-1.8335744310346413
-3.4290756847774357,1.608236822031005,-0.46339131092363073
-1.452865635842441,-2.095816612410336,0.7095188860155507
0.7643002523501737,0.06575653147497323,-2.364953208261302
2.876388152565137,-1.7845372504826578,-0.781471768511362
0.33655555547953825,-0.25848555498409664,1.4107878478371765
0.5617436167185403,2.1795773282110513,-0.07976774310589038
1.48787512986841,-0.9824864099104718,-1.062237524807141
0.4794426992237975,-1.2870257946982588,0.23085758352771385
-3.290519401826638,1.655175794825851,-0.43554507176460966
-0.027422064989757258,-2.116067624488667,-0.05214397215493436
-0.8108816252684435,0.8106545552456633,-0.10755170929532587
-2.294051286368369,2.3445055141912317,-1.8706085727827637
-2.8487450013839255,-2.1779301637796475,-0.09923572275318503
0.5584711199587175,-0.49506228576104394,0.22599034466354864
-0.546224080313873,-1.6969877525509542,-1.35826061285107
-2.1775057747522957,-0.7324345016074899,-1.5755426208779069
1.5301069977960002,1.1019959008244822,-0.7106162692046586
3.250855509167742,1.2421303719352572,0.15304280458342123
2.3021431008979114,-1.2943207700190553,0.17083730122069213
-3.498167480154046,0.7847326246710147,-0.22800178574523663
1.132060219112223,-0.4097608197238631,-1.9441807583136907
1.6328467048722162,0.2602530902319354,-1.2948097126944413
0.6454723232632048,0.23699087819893674,1.8703298580819665
1.0063261480837735,1.6800095991341184,-0.3042208839419614
2.6057895030516898,0.5041399404418686,0.14682683336119198
-1.616773214916626,1.8454482074818952,0.7583033831541814
0.591001595454007,0.40670573522601855,-1.871888150811695
0.1922766174237503,-0.0762541267778107,1.091220793993463
1.9794676233569959,0.7665408888594294,1.4174567418362964
0.1439987958449515,2.9360197430626553,0.7085902456637514
1.913695401966165,-0.21816819519834502,-1.259076202907405
-2.2088771961970317,-0.3235933353530762,-0.4113176868675831
-1.5819148490232864,-0.1792524084057402,-1.7201807531287598
1.7079301595590761,2.398258169330371,0.3953807522520171
3.360179926518654,0.9758680240182137,0.9157162135011666
-1.5109644955492652,1.0935384082676134,1.894614787643622
1.9450323053854688,-0.8466729251526908,0.46858527899365854
-0.0792921834360457,-0.6902115686394803,0.44166370294577895
-0.5471224966895211,-1.3463797515129856,-0.4625748722108963
-0.8720965750866218,1.3904341036863828,0.7114469639514586
0.4350128488173429,1.7415624903634577,-0.15056747755094352
3.206184314276622,-0.008475201097331098,-1.8471023540399785
-4.533608551270872,0.8561505081908963,-0.3779586701088728
2.3641595458093057,-0.06320560610442263,-1.2079243112059204
-0.14176941345291572,-1.3902071153495152,-0.7898763198973225
0.3088456353994685,-1.2633975910045943,-1.597522222871912
0.3427129890097717,0.16385837901484712,-1.8671381303392156
0.3192447132573458,-0.15185319252344887,-2.235583446282656
0.8394792085902781,0.5670645180717335,-2.3171898298625018
-2.4806940285741135,-0.7238955054374173,-0.6660277641708712
-3.2316738244073213,1.9281740819250535,-3.9434539953609566
-0.050936530700253266,-1.628791139810052,-0.7409003080366766
-2.6202400752253086,0.1381525756940375,1.3413413492822441
1.3724619716183546,-0.7703626347098306,0.11236557993930851
-1.6525202277074313,-0.35444488729308715,-0.3686384562644091
-0.31330064179899964,0.6341867453989355,1.2049902455142187
0.2977514571263441,1.8370555024971584,0.6458608114732577
-0.27453209468048273,1.3474380590234636,0.8167741154368164
-2.4933104292970816,-0.3086918311745468,0.2424098952671036
3.335641344135318,-0.9288269271869567,0.6292703717712622
1.094882797026646,2.1393851930227754,-1.2311283302354152
4.750593199447557,0.7468208481525616,0.29058523758235666
0.4823955547862741,0.3003617981444099,-0.6724219737350389
-1.562060459864739,1.8969854813739624,-0.41157010045185105
-1.5984279540337465,-1.3280598376606783,-0.5206835161028035
2.0840437255313566,0.31846220530761377,2.150740064872418
-0.40173962397289986,0.9486634284746308,-0.794389611629324
2.431255133231638,-2.0575394535654126,-0.9378043530497863
-4.238037279600467,1.5539780716628346,0.8952371412398241
-0.05043778152396904,-0.16676802137866853,-0.656491679992518
0.08549995194198501,-0.11293561632064737,-0.7754465096495943
3.0100538054911543,-1.8911235001278504,0.48503781625356474
0.8505960983328599,1.0797692381482307,0.8261302093842995
-1.0453216829730976,0.9543966964222449,-1.9114091171370378
0.29512529836513446,1.0654415008938323,-0.3005958559581105
2.6386488561523618,0.7408430359852491,-0.32672540740222233
1.3009178502829142,-0.35974689323627845,1.696940865385976
3.905230271217466,1.1835136799422445,1.1670407733856776
0.33028725871820785,1.8435964046796596,1.6333224276453264
2.238306369035993,2.0988614893942588,0.9123492429298813
-1.4671474542140328,2.3910720743381653,-0.46585431950054546
-4.203748247092544,-0.8867971157621065,-0.6522335332632887
-0.9090017037043913,-0.035764325580111854,-0.37239166050837896
-0.9742401278509552,-1.3967008418871438,-0.4903049189458936
1.3499501093411428,0.11297505196222793,-0.47862266815761806
0.7675710294183012,-1.9148987767828123,-0.42627736028850455
-0.0003284527695842912,-4.005422349584757,1.300692034778514
1.3136454315772792,-0.6808406819667074,-1.1279887801033734
-0.6876223182062913,-1.2041733462336197,2.9426440303477706
-1.269764232168505,-2.574346192828649,2.0719976266557727
2.181161748983587,1.9434114654608834,0.6281120039044399
2.4464862667066463,-0.6031791314982753,-0.5866702133684022
0.5508375231954784,0.21803048900125013,1.3596773917718548
-1.3452375596647794,0.3904688091783952,0.613203393443913
0.24647545846988975,-1.3647702674544553,0.7980534196538357
-0.37849928088096435,-1.6254793362437552,1.769611739520105
3.5833572153017452,-0.8088464785346728,2.3285789831147548
1.9460364082879738,-0.8543034713571404,-0.9964953514507119
0.31673357741894304,-0.6790698426659985,0.9784699223858137
-4.599185464650467,0.6545943653474681,-0.39955268465990773
0.9073923022758302,0.1159839599120173,-1.5950363901793443
-1.8226196405959574,-1.5925814822292435,1.2155726828931432
-3.786643791215867,1.4318098659814948,-0.12081100859099911
-0.9763445808732387,-1.2976655186343073,0.7614882848027724
1.4960138900608733,-0.8662415910406251,0.40793937688117854
-0.8540744080937431,-1.4195805605057255,0.28537884157687526
-1.473836393360152,0.14261011374748894,1.4618456416268144
0.763127807974569,1.9871441768080884,0.11214244867831857
-0.23997461608098375,-0.7173942024795712,-0.8418066967199904
-0.4551300560960906,-0.5367857093083032,-0.9980502410497671
-0.9122505619583283,-2.5133035528656045,-0.0820354916958281
4.256189282284031,-0.2144988810996901,2.2384267476621607
-1.371639474425893,0.7635389871649694,0.036208128187421126
-4.002870251011717,-0.08875587259469861,-1.4350480844356202
-0.5684208944010415,-1.1356405294416416,2.0201865948148923
-3.0350507833234452,-0.4029220126207768,-0.5439819796037844
-0.8630458267031149,0.9236147667486537,0.18888100803256422
-0.8863603027643101,1.0471862039402406,-0.9341273311788018
2.054224534323693,-0.941980917459637,1.1743117512101973
0.2538406185173257,2.2247898169077027,0.8030670838225288
-0.6216615967660111,1.154182428305344,0.9251157610564635
-0.9749663276439822,0.4743758799589853,0.9372523627116105
-2.565311779119256,1.1501849929455614,1.3266424442746274
-0.0762967986489523,-1.4352544351029461,-0.5907537132943792
-1.1518956696684326,1.0273224377522632,-0.37614324127023213
-0.46905220214725873,-0.12243170103571607,-1.2037922745160639
3.419574804921248,0.8250578216188913,0.5614359476903846
-0.3325520802097116,0.44136164323935845,-1.5854458227538093
2.6810976948912537,0.7230533809681658,-0.3821811598182276
0.2552873703116714,0.08577660731136531,0.8505625524505595
-1.962103062608352,0.5273471505557182,1.5982804760896512
-1.3402115590397627,-0.22691242894722952,-1.187270001842826
-0.1229358337268713,0.16966956798890281,0.14426543903008107
2.8759706900073394,-1.7325216502148177,-0.15829013902914177
2.6080860120665346,-0.8480939272001308,1.4999648080210277
-1.1511172083519337,-2.18897496897882,-0.7457702714661809
-1.9821679879961551,-1.4893113821525603,-0.11536370130423207
-0.48275181063031775,-2.2185409197511006,-0.23409056857708724
2.177181188510654,2.0494071020812132,-0.30529225951913186
-0.4185173684213532,0.6129623920006093,-1.5071282468535085
-0.12677806389570642,1.4931852092849032,-2.3398758392740686
1.236345554324066,-0.21569609289953812,-0.42177276855906004
0.8495322659622621,-1.3259187745761325,-0.5013646027954956
-1.7122617520674048,-0.19836280969381712,-1.1626607717220947
-1.1746272865736669,1.6421393451356565,1.6524570862077106
-1.3725559979716981,2.159102722890225,1.5013455744952384
1.1463897133103962,0.4269826811687319,1.7756219494777266
1.7929686115324768,-0.4054020802295542,2.7804342056805824
-1.1623747070153272,0.9020625089591477,1.1031951061005172
1.8662240403588586,0.1774128929973779,0.9829242318633726
-0.7635639170118397,-2.7244946475414746,1.411958289719728
2.364887819722892,1.4805938169557853,-0.9841410784244459
1.9004136388228927,1.0700191064104732,0.990600013184297
1.9938355118100743,-1.1905092139549405,1.3414126067440915
2.122637349310734,0.6426539323228422,1.6642841894132634
-0.04830115484833129,-1.2176030810567073,1.7813423460612443
0.14521506564958053,0.3420963095694332,-1.2486418760253752
-0.07082233221288782,-1.7255147862479303,-0.19235708079122604
2.490840731219981,-1.5516693334891827,-0.6482609343361675
2.4659220168782405,0.2385014518413539,-0.26212582884774244
2.8979036082672387,-0.3701442896528372,2.599888547035576
-4.229714558733283,3.191961676063914,-0.3903053894315366
2.814612500838872,-1.2543926112807395,0.3524051789705686
1.658549685467075,0.8021632114946353,1.6179147270248382
-2.2174014840026155,-1.0537928022857868,0.9077022596812813
0.15981938785696645,-1.4646147738922382,-1.5777157794605596
-1.7125777716195338,1.4611078851585124,1.0436418956227813
-2.0467107303838143,0.2381014054587226,-1.7138383259655705
2.222940609238858,-0.8796668902590813,-0.38937896707009795
4.353347627702437,0.7296389730107792,-1.2285113811564956
-0.6775341396976133,1.1659172395037594,-1.6926439525349193
1.2024179321083586,0.21575332532648434,1.432432453800391
-0.3125675135332314,0.7269755885111903,-0.0662488651032883
0.8397864512044861,0.04388856003842231,0.5873027562132356
-0.441287590669503,-0.8358905949874575,-0.8822473915944934
0.450196123230911,-0.26800220336533703,-1.5487052645940431
-1.9522671174701745,-0.8547217928454417,-0.24873742402907043
-0.27046235995572276,-0.7734912063268536,-0.1282796388005255
0.4559180566015267,-1.11848362182931,0.5112404395311796
-1.0821043168846947,-0.49787624848394263,-0.9360682240098837
-1.568165609691283,-1.6296643748288995,2.2253690017943617
-0.15144491412944075,0.9296844739384661,-1.6235935704334024
1.5416715467816053,0.3518764389166483,-0.43468004902833035
-2.489657288323293,-0.3852950732543746,-0.5023598196100639
1.1838353029908777,-0.1706058546066888,0.1937564880477773
-2.918866891975618,0.04049093669403889,-1.3153954243522
0.6331953169199805,0.30886733496632834,0.5211922815582316
3.246835734226643,-1.4605901393536092,-0.9774345930749925
2.2143167454288495,0.15731124848135228,-1.9686389660243582
2.1706329620405413,0.276597193518693,-0.8351955310044847
-1.5936142266149684,0.8198814375572375,-1.0213424723401696
2.948829943796487,-1.1385846341153514,-0.6131081551760201
1.723217443374678,-2.124738823643913,0.1870776167596789
-0.598604448561442,0.7516202140814731,-1.1922873255162723
2.0002786961117383,-1.4191084344901432,-0.09666485236019669
2.962752011463498,0.2607246419899971,-0.6076963114822921
1.9468069501560712,-1.115042593631539,-0.1776199751252729
0.8681577376457892,-0.24343272043616887,-1.2669439742723498
2.005515599625854,-0.9045266283302208,-0.7333634473007851
0.1565569833751685,0.7701202528063903,-1.864754622438475
2.667456523042158,-0.10621595554505456,-1.0327136802266648
-0.005792486127936661,-0.6100349393293776,-0.012072478444412813
-0.9354155043663536,0.45350832394406027,-0.19043758430121246
-3.1034289896094323,-1.9141528752780423,0.5839516082985579
1.3641832305416624,1.0447902900423647,0.8304007245486216
-0.9183338229234335,-0.05896277698885487,-1.7023313634036563
2.9176144493290996,1.0145739133761928,-0.5335154196296921
-0.02931496861634269,-0.39511380134249513,-1.1495524604623815
0.77629438492525,0.19378657937948443,-0.8194747753739854
1.7844189965196622,0.3348740148810429,0.828346360412899
0.5777084621099494,0.46790893662733246,0.48762470117304585
-1.7062642435402466,-0.029338900846804784,-1.1447539417232566
1.7415901826994915,0.30761659838645794,2.990139897687597
0.4345588534168972,0.9851520185558323,0.19687784335106884
-2.1786134506167385,-0.3002880142244874,2.247112197536126
-0.27514953532716735,2.9902931856741692,1.0041773709326614
2.047212207442612,0.4634523218965208,0.7998537169311366
-0.6917299356388633,-1.574844276417557,-0.03635784849246286
-3.0924588940400177,-1.0344814428107139,-1.0918876644423992
0.7628204872090609,0.29987310058841654,-0.2716595102075302
1.240554248998243,0.6646474836545337,-0.3348621792737991
0.25917626157506274,-0.2255226586874433,-1.0090540393441576
2.933231361555522,0.10172371344995647,-0.40343133986612034
1.445257958629687,1.8282472038140227,0.17120382815617027
-1.1269194729623717,2.4646940903384205,1.1864112666004247
0.6016031885284998,0.007908134146941458,-1.1237864793729153
-0.5938724564088489,-0.6925877920319032,-0.2672380311724296
1.3184070527566984,-1.4932809610084352,-0.0243689739440897
-0.8737004263854109,1.475023784947557,-0.21310173776048177
-0.02107011117632404,0.6563858760910488,0.2727273848266885
1.8250739573335069,-0.2931682240685081,-1.2908247253263083
0.3768803151829605,0.06567689587867934,1.7073449343680502
0.8551205508751821,-1.352096868426934,0.3832223770927382
2.1879717476135925,1.0143298738221171,0.8642079435889908
-0.654876369702247,-1.8160904524442671,-1.1972912116029775
-1.3411714000484587,1.8416241246334726,-0.25289101620672316
-0.20856800277181495,0.8489643839909022,1.019704051731775
0.9496346883765425,1.408806148259942,-1.2147727411127454
0.6998259703933857,-1.7117512379656612,-1.7174746550467852
2.4474859178649755,0.3183947794740448,-0.5653665627381215
1.2357264303708448,2.233959595484996,-0.24607762603655878
2.407922084011818,-0.49397041521671387,-2.1041933134814053
-1.2220692495904806,1.3162255561237624,0.9720131128408606
2.069962537297827,0.16957781437492664,1.1428123659235223
2.38712633587342,-0.6119244203300458,-1.8485086811440676
-0.23431043786113523,1.135139710434797,0.15851416130175783
-2.4025822141690645,1.2070630767585706,-0.6988573282229362
1.3498509671639325,0.1526741425535831,0.8446462704922247
0.3169745281127798,1.5665270406676752,0.9705161367573483
1.098508179501073,1.0221558811793146,1.484385661396482
-0.2835784660740609,1.9536640503195828,0.2537169810725
1.4689324199160305,0.22483676793176957,-0.6266489679131727
-0.5798701381799879,-1.4555756353086042,0.4345901917814626
-2.6146546600517446,0.5376483657455622,0.1400926971497627
2.6313575277177823,0.8084181067064267,0.06011662051941984
-1.23754846551688,-0.5076918265775899,0.37844494329611933
-0.07867290607062903,0.24059929706918382,1.216798588092057
1.4952931848363367,-0.7249078779311104,-0.26299753587479896
-2.8778807677272975,0.624005263121837,0.9053760387724605
-4.199806655442197,1.0169661206066516,1.5724153494772166
-1.1252632912125078,-1.3609428823966292,-0.8476799121150101
1.590860032304921,1.2600488426870011,0.8084445855671937
3.1996933695147467,0.28876763291557384,-0.6465769882015411
-2.398788734511168,0.2827427305472751,-0.3377354213615581
-4.0167610462094245,-0.29281108385754345,0.6720460264686311
2.5111219930003306,0.9367305279023674,-1.066821959529446
1.5948364429443753,-2.222411028203705,0.570749048490617
0.10442387659653327,-0.050287735985359995,-0.2537752441956905
-0.27242134043627475,2.156137641513083,-0.5620874611317613
0.8260310584281255,-0.004869490868320706,1.0008671304631307
0.49567091308528344,-0.5267746249064769,-0.2279720743884105
0.976132976280391,0.29515899024764836,0.005778632850572256
-0.18478671405304695,-2.2742985138919956,0.3366865086010832
-1.2503967671204341,0.42097947833228017,-1.1186794131817388
1.1651984596143004,1.2819100785133068,-0.1117732127719843
0.7693653513616013,0.17691729737543618,-2.0084667034208623
2.0154690850739345,-0.4629751019675574,1.471388186301813
1.758199685099804,-0.021015945468580714,0.4928792224307716
-1.7930100400297913,0.1466609366245259,0.9367223867132473
2.7323805763265647,0.4235208966233823,-1.1714189738255105
0.4375889383292865,1.056469267978697,-0.716119820983443
1.4126525336542632,0.8045623936183881,-0.5950295549319765
2.151241660157423,-0.01089948729664001,0.7529028647502514
0.8840592604270022,-0.4261020575104641,0.1839548323416809
1.5161941573859643,0.9973611533420177,-2.174588551798049
1.2028209589024472,0.9576327748797977,2.196061715668364
-2.5001497711342267,-0.6290622740761533,0.16012995251980844
-3.076903866020662,-1.8446300819090358,-0.2682343785444068
3.178760807043456,0.35174789337193696,0.43929946954173843
0.8456749325241253,2.1768096302722713,0.9147115417730948
-3.7705698411603032,-0.07221255993476497,-0.6921866221211374
2.186276368063952,1.6244283704562898,0.776231085367587
1.5419660871267173,1.6155686136583516,1.4333901307925556
3.567522337372796,0.14108989310230222,1.3374388007027092
-1.0231068802711238,-0.0809037102033081,1.8147496572333783
-3.192690158617865,2.124630668579221,0.6735705808841668
-1.2243087590629518,1.491611012606924,-0.2652559250774732
0.3970588097555591,0.5419463922823562,0.1430787361404276
2.3632463059826208,-1.0331123341911652,-0.7737787451328842
1.4375966777160574,-1.4049207491750055,-0.6383206390253564
3.313190585169853,0.8714634050320575,-0.1646007194655948
4.784253671529374,1.3038759701645901,-1.0316861083298896
3.450501193346451,3.2014255178659634,-0.7503166133293545
-2.78630267158796,-0.5870368338818164,-1.8825262881801055
-0.873798159746229,0.18490719265284486,1.5119770232856884
-1.9646083884103036,0.793501404013895,-1.1604293782884152
1.83972820205421,2.0842757508652463,0.32434251343859505
1.1149497295449526,-1.127753488511857,-1.0568688838090148
0.7686871356474541,1.314224593149712,-0.9408754430482762
0.5733094305300704,-3.290909287886088,-0.08767486268773207
0.8645343950491367,-1.1475393000975216,-0.7532020340596767
2.338648972094336,-1.137080091871383,-0.7816505251964144
4.245063482529618,1.541618992107574,0.504530158334059
0.7864346642843143,1.1077821577782454,-0.4616581609557823
1.5540430902465874,-0.4954359108595744,0.5309391146567825
1.6007065629876391,0.7406179992315105,0.3818115863185791
3.3944584734288044,-1.1409892903613166,0.8703687783244745
-1.4452744193887062,-1.4436789608611804,0.02393621102221957
-2.7598863315666327,-1.2414687178942039,-0.2918836639743918
-0.8285687838824439,-0.931639268493591,1.377423339156512
0.687506443247524,3.4714406064404155,-0.07247161960274714
2.8964444905526583,-1.5768665183750314,2.538868093232851
2.7857811348024333,0.4313057113899909,1.0052148597831327
-0.546531803179504,-0.46990058129029505,1.2080771776525288
-0.23122513037634346,-1.3239332575854776,-0.03937770230331061
0.3283292696786662,-0.09297487851147444,0.929774522823406
1.3911896313575864,0.16398029413566187,-0.299765587821903
-1.8959361636630645,-0.5192969968960525,-0.6389477970239802
1.4475223024892494,-1.5906384671429106,0.3229403205440414
0.6615305092898894,-2.799906304256274,1.6789290569219615
0.9210243621311445,-0.6107330560221673,0.3896842832734842
-1.7952412765784413,0.05024724269032941,0.4840330232905182
-0.35173218896097846,-1.468675531035855,-0.11333388594851465
-0.8681331858259846,-0.5374864789026862,-0.24583011345732764
3.9168464585005145,0.5214140299008626,0.3909976832159976
-1.014147920670812,-0.9604200063980642,2.5604075095472005
2.7530142947622362,0.1200661851638375,0.31374324542340387
-0.5463544695703967,1.3105502280454595,1.1450901782806044
1.4563808101749949,2.142515387281721,0.49974871119023456
-3.683052189826023,0.3633870148862634,-0.3343080906059793
-1.5926053142988643,-0.35374290782156753,0.48647952433232555
1.934610403099747,-0.11120942558257862,0.6179096959195023
0.3398997081617069,-0.14235455573449587,0.3115743322128766
-0.1545706159444437,-1.3682833019480263,-1.364679431899585
-1.6106233170026842,2.0078150179659557,-0.5630684184336333
-0.18432111326116773,-1.7735045937499327,-0.29348919741937607
1.3142843383034064,-0.6994628243267852,-0.3489834857271908
3.638348477818899,1.0587354670331448,-1.053040047541939
1.0916458576698798,-0.12796046276072176,0.3519755069007336
2.275266213502951,-0.42333719957696714,0.9120395497505113
1.830731046250469,2.453370137028856,0.013837163113557663
-1.730304757096005,-1.1665615332835195,-0.8016151016398948
-0.06382827588719464,-0.9027741562444663,-0.9908444859728577
2.02843921919698,0.5723990991873537,0.5761832765901229
2.7356224010250068,-1.5384835764455307,0.23645373746109108
1.0336089102274106,0.3345131689833491,2.0924208804147018
2.700128419705569,-0.9097920100590229,0.5845975252987401
1.3327372604279337,0.7863977304029242,0.5384980628432661
0.4345588534168972,0.9851520185558323,0.19687784335106884
3.242047838460932,-0.7848768723917252,-0.11015380371089285
2.1708438466040385,-0.19746068055154598,1.1141552091160936
0.7626593426817042,1.324038160346554,-0.029585665411301434
1.8496750777640447,0.7444153743225945,1.7027129082067727
-2.971094689960034,2.0042179819117356,-0.8573187993491471
0.7044234838979927,-1.1990007044704285,-1.154851625428714
0.7121792015193664,0.8623737091802298,-2.104143671749789
-2.8832425223875573,1.1688769160344517,0.14421432310969248
1.945746121341511,1.3814796970600496,0.897719999507916
0.63773940436956,0.8573106127489096,1.444806424767645
3.9517860166652987,-0.4735043990563183,0.48153312658852404
-1.4963837606407417,-0.9914901715906818,-0.6377493235280116
-3.2648851075682606,-0.4153683006487446,1.5265193420639789
-1.6522920916941466,0.8914229030562641,2.021697802307878
-0.27772507673905233,0.4770292560852539,-0.3638059216262642
4.205622364653096,-0.8925439765721008,-0.08290130011433554
-1.960234759564628,0.8788478926065247,0.3043203536726245
2.7951060109162276,0.38512442966103766,-0.18668174047164277
-1.0545474791476155,-0.4855407373799258,-0.7389519765129469
2.434094714484296,0.23025245685828682,-0.13980886898667935
1.1100846821078494,0.18275501043650474,0.5152659487053421
0.9566075384063466,-1.7897532744590008,-0.4787012522869107
1.1098621805722657,-2.394176176833149,1.1677492820296498
1.7753038443739513,-0.6103560250616491,0.005763353634486628
-0.7604690074256447,1.1023181904787256,2.0481428408758786
3.1248143132967345,-0.002299234765564364,-0.566947581274087
0.42700994283832805,3.0887925893944996,0.2917526289914933
0.5714383041973341,0.10917179449992853,-1.6668849695538486
1.7594526534683126,-0.30817407529983193,0.39178490756367124
2.330312945273773,1.728918215464333,0.9911628764488034
-2.3044936657075548,-0.4830709547388056,-1.1231331382603342
3.4833844488038124,-0.04347337553824222,0.2925856466989258
0.6362783453554562,0.18982980603504626,-0.039668563748132254
0.10657058653245682,2.6206424675323703,0.2315393566438638
0.6347977910778009,-0.7157509928633565,-1.6812324222562234
1.1387663948119806,-0.905192710844815,-1.7239559751744968
-0.017790324782093372,-0.1637717060943069,-0.09981812159012465
-0.5172170298043743,0.04379091985602732,2.1796985355511267
-0.7351706977805238,0.27994391828055437,2.0666662522786514
-1.8486590183773066,-0.5921342494691786,-1.4644587558160496
0.9974782107172783,0.8469154891488951,1.9274891875186704
-0.08022738938124174,0.43324324862759833,-0.9669538986341211
-0.09287133440352428,1.3606940440046926,0.4565572070385967
1.0042785103549998,-1.1880680537251276,-1.961928914010441
1.7293469404735462,-1.0653854357470975,-0.4848093641784276
-1.4911241795671617,-2.062724874833602,1.281010801796491
1.2584260888203587,0.9962010788865001,1.488804270121093
0.4345588534168972,0.9851520185558323,0.19687784335106884
4.822723271062548,-0.22574889405926926,-1.0191852712706322
-2.681073397153566,2.5926285600152705,-0.6908413839399387
-1.1959440725783441,-0.19658793509848216,0.9342992445669219
0.23085186664189822,0.04802387418681541,1.5283676092685212
-0.3900114426129816,-1.5952543604981309,0.08121657703829381
-3.1901424025810377,-1.2503344363818758,2.9526695754852543
1.8762245191823834,0.4814728015613085,2.0763815627757034
1.8697061388466303,1.030500206075656,-0.4253847596281479
-1.4090467161368125,-1.6168975480891103,0.30726972305323147
-1.301010916249112,0.18536446254923006,-1.7073204049065533
-2.095126474446971,-1.4708991779260514,0.8588899873668941
-2.5622759233010366,-1.9448174409940049,-0.22321254275748875
0.4479174038793078,-1.5223800861376848,0.5053072888289158
3.7804145131428277,1.3972470295537218,-0.6886758152372918
-1.4339641007348332,0.22961073199337,-0.06417933828167803
1.4625596637107803,0.5813079979165418,-0.0931823989516978
1.239976986891442,0.44694791997124156,2.1861151756954844
3.0929543255456515,-2.207840301216765,-1.548598037557998
-0.6423680504303056,-0.03037283414890702,-0.12737321354847736
4.735711676115595,-0.009426185762377602,-0.7105647159759656
-1.4250747634034584,-0.015814050366689206,-2.1554274287564485
-1.1341853488930813,1.5936734733130506,1.3204631686541517
2.3111402218302786,-0.2896721571646861,2.1648662759412582
-1.1448408251048319,-0.5160208869260466,0.08668140865693935
0.17466768578481456,-0.8138149822215003,2.0822339284969136
-1.6999302180238511,0.3649358043855436,-1.4734745437656278
1.5824742494873623,-1.7809997060437948,-0.7930012439015283
0.005343166118988365,2.0831567144801735,1.014908779774326
0.26911054975225085,2.0061672513533986,-1.7428037087016424
-1.553131522048534,-0.7088632568646436,-1.912156510403639
2.241646636150777,-0.20641878778063166,0.2059890095466647
-0.26929855927865287,0.4291107590646848,0.6192432183413573
-2.272051600272706,0.9785870770512598,-1.4916893321060898
0.7753510957936184,1.8961361773153032,1.3934871499183021
-5.501045415850561,-0.1132839691888801,0.8162513471556542
1.7094811984953446,-0.4075671622328749,0.010182404326886853
0.17076887509517708,1.9012975638894047,0.2164023868399499
-0.429622461707658,0.9807579296664453,1.4477985010164391
-0.40394486407158126,-0.6820697683711395,-0.5831515226419713
-0.9179521545619174,0.9094760139913027,-0.09294491492516083
0.6468311133223386,-0.6164598969311512,0.47973894357361385
-0.3798565192226438,0.27586580125620674,-1.5998276144783012
-0.05580593811698043,-0.3261905136039726,-0.5065001017899325
-0.3594037412640957,-2.6497375227609403,0.8751190977109301
-0.1376366955115346,0.3062670205279399,-2.4854090812318557
2.6855649253591545,2.3716819852102944,0.4099738547838773
2.0063144921852873,-0.7208410729587231,0.5843792571751012
-0.7526749433422771,1.1488748485161822,0.10738850109976408
0.7126352098989266,0.12756243573998782,-0.7187278246720077
-0.5535453156110103,-0.01941264700665949,-0.37405565506690924
-0.017735513788032887,1.6000949356789447,-0.39527395030276985
-3.5185355101357834,-0.7245102897828533,1.0061776929562094
-1.7526508763936863,-1.1763885899215563,0.17090714000058824
-0.3609137603061123,-0.25912068220435996,0.5245386803187937
0.6608702144152593,1.079634342694392,-0.12406443535430592
1.3283158347325896,-0.3033182320321047,-0.01422479195765871
-0.7788179781899605,-0.4814676506195068,-2.3069892047349345
-1.6556161076374938,2.549030196843498,-0.5750618646090834
-0.9894091355333099,0.6630995592749466,2.6051363444136264
1.4993568546499456,1.59563570419107,1.489348244602689
0.08399842216717357,-1.5376034389325586,-0.9089002636816909
-0.7389112895815569,0.5366662932652447,1.5076288092289978
1.7778720859224455,1.616407386841787,1.8319134704774032
-1.315119559129124,-0.7322848161869966,-0.8681326587077738
0.7072935372287973,0.27302414732404273,0.4680029280940044
1.2403363133909275,1.4352541747864636,-1.5551133969459723
0.8040482887826692,-0.7818909531733144,-1.6101092571152082
1.2655553560078534,0.00383499566168915,0.05656705749251153
1.7459046117922348,0.2501951056954272,0.10366489366413652
2.3843563378569583,-0.02155394330057467,-1.1701765347749045
1.4083781101571538,0.7108188208328815,0.6005553159156091
-0.8109180736228946,1.0448564637232018,-0.413409457104031
-3.0079777977449838,0.028262164727124336,-0.6893188849287294
-3.1595518075678584,0.7258014819879578,-1.664578908473474
1.731227456763851,-1.5706562436900597,1.1072522706213925
0.4754502829758685,-1.8716229926898298,0.7705022338858418
-2.5881049782046333,-0.8322665678993071,-0.6666100322389115
-0.3892565324644242,0.42280234778280745,0.029386084949598622
-0.07189095393516941,1.3540116727435736,0.48365230997678305
-1.7983520627815284,0.8644899992616415,-0.8157661068849621
-1.7800465357464772,3.404732420730132,0.4483519812629761
-1.1218352826151938,2.523098046845465,-0.26812676994094775
4.963251858703091,-0.5469646832736311,-0.33213936372015707
0.8645498216303987,-0.14585379341039553,-1.350320738917812
1.1459467270592965,0.40926890163169155,-0.8521163370114527
0.8924974270763115,-0.22808928057950056,-0.7535787885135247
1.633451078656809,-1.993139768123267,-0.6680913580867488
-0.16130804837742596,-0.5447747237245488,-0.12903750531754515
-3.1140246776857143,0.6282551368445434,0.5601987545451014
-2.2809663846942003,-0.5066963998094082,0.11134518556222431
1.8504116865313716,1.8856662394249823,-0.5634788610851291
0.39692578479827334,0.6076412278156773,-0.7254574409531178
-2.7852241595949025,-0.3352070415646807,0.9179457033514828
0.9565421935699551,2.1255311792050513,0.8947626024411335
0.23889765212655054,-0.5711875218600521,-1.0526931511715072
0.5506970026768327,-0.9637238050642606,0.15099494108686176
-0.03964612190567899,-1.5388476383638787,-0.7218744230624848
-0.019135324519815394,0.9768792937712724,-0.7304856180402477
0.19244166850022615,1.0026044393678173,-0.8063883754636748
-1.7516416802058647,0.06844159603957217,1.3476550957469289
1.5792798129477945,1.604938059249953,-0.21187351516164674
-0.4744651624021298,1.6446154416758714,0.09138905732599653
0.9233863489304278,0.5861963852229858,-0.1914597787086969
-3.7477432150272953,-0.7851126470218754,0.5600095051906355
-0.9754923743010246,-1.9970589586307346,-1.060406270746525
1.0855203893100018,0.32134738253514245,1.4247397148567285
-1.9743808319423384,0.22708362192813314,1.813849913555206
4.657654427403785,-0.6649839382096221,0.363213702314022
0.531312812558705,1.2629240332987215,-0.24795689690404066
1.8678195025019857,0.5211133540483937,-1.205383653115198
-1.07945668790587,0.33967018197121784,2.221372512008549
0.11314631842606582,-0.32131939826810196,-0.9966982918362345
-1.2792771464428816,2.0754702202302218,0.661857447387886
-2.1012518907087845,-0.8773062853445152,-0.3109532211973993
5.377360254603621,-0.2606970370121705,-0.6443199219913406
-0.9283096531451016,-1.4556717256566571,-1.1695994323035686
-0.6073743013023952,-0.6926143417821,-0.14961015106913345
-1.2051351993003372,1.6993772289453115,-0.546136294426355
-1.7533359480572919,0.23598352061455555,0.2980871686792608
0.525956220085035,0.9365482446084552,-0.40289679726519145
-7.304785577536814,0.6663226733396369,-0.12481857284147246
-0.7786682009422173,1.887191652213536,0.6893327289211895
2.495419095261969,-0.18054722858952849,-2.3495702041522404
1.5933244644956812,0.5578898938344905,-0.28479526578325653
-0.01119569739803344,-0.7419576258917123,-0.3740990882791115
0.3468923897842707,0.020270534153198717,0.6720344827956071
-2.6619347421410606,-1.0735611432870424,1.8511470667321082
-2.929767804493083,-0.5266264572590962,1.3876793190614523
2.7341008724491473,-2.2282223205198357,0.13592144765073483
-1.343339393911625,0.38351518467760676,0.17050597424302455
1.6272564926470876,0.4068941775559012,0.2997849907165571
-0.6861143692437236,-1.9093846769942453,0.895983862723593
0.725951936099108,0.4460746350242208,0.20338619304945618
-0.028593049811856924,-2.9723859296885964,0.0820457259432077
0.7543179283094917,1.0322924895994199,1.3375929828593982
-1.300123016718572,-0.850856470093208,-0.44611149420324414
-1.7958365843395643,-1.9142798250639654,-1.0344231587215544
-0.3953086640884095,0.7168535982349289,1.585274236565335
0.5260459520636719,0.39467615420295493,0.29145902767799664
1.4373165276251445,2.0218957980100787,1.1027911706650768
-0.28674982346817346,-3.12689914840818,1.3848247222734342
-0.6103719981717824,1.4182632468352936,2.3458468366080116
0.5493963629464995,-0.1087778005848673,1.2404692555990762
-3.2167585107274426,1.4446006720526519,-0.23094620441265942
2.4471565925670666,-1.6973991359494918,-0.8841226795980613
-1.930400400318882,-3.281930395269477,1.111722108190963
-1.7848127302396106,-0.47607562785838753,1.0175173417368084
0.8898908638272391,0.8958408257035244,0.06577660987637098
0.3757941776232754,0.2184583694904421,-1.6606249978224688
-0.16751777795315395,-0.24726393637044294,-0.7233433946164284
1.709645511237919,1.814353833811267,-0.7410610641038684
-3.1507656856426927,0.1939344722143432,0.6372275347509408
0.2121289878608738,-0.7734566027527311,1.2496845291586627
1.2133128346733957,-1.0563190263002826,1.7320394913569066
0.7028776125353681,1.2829068317930925,-0.319393644685859
-2.3323137673629266,-0.9069204730658684,-0.5655601415285249
-0.7911404799764613,-0.646662453558612,0.5967408548193551
-1.208651643695512,-0.48363834000178973,0.5436461363196674
1.4639089890987638,3.023438319203726,-0.2433577989092568
1.389446071856437,0.44099845513379615,-1.7142245765728257
2.1269727852146647,-0.5442862918702659,-1.5430726672413084
1.30113252007227,-0.6588765220637948,1.6664096939692639
-1.4402083226380067,1.1586371600297203,0.6941692352869219
-6.321244577127606,-1.035723582170339,0.2210429035059697
0.8296437401738052,1.4702207941780994,1.5226326851055314
2.107959827299918,0.9272115152962603,0.8828396118463662
1.187686202563637,2.0240679668174475,-0.6257868845691124
0.8358423727937313,0.41069587773848953,1.3266038984861774
2.0784454394238305,1.1054050018287394,2.0491337202146873
2.3078540160768712,-1.7195025639337822,-0.6823597082245499
-0.9588288460454781,-1.7580133404174239,3.0004577533529884
3.238206702507935,-2.5567048047172802,-0.4227200960649255
-0.5352478213912119,-2.0636741452738385,1.5811886597205767
3.170268485333736,0.8811908699208731,-0.2398956205159947
0.7917419111455664,0.10200808916023286,0.6400759281316326
-1.9326047584563082,0.6177421996111537,1.7579576519356688
-2.135019690707301,0.12836534402630795,0.1109763792974947
-0.3891001091161387,1.9426248793135295,1.5654748524483642
2.010072366616925,-2.328476156539336,1.7338055359497813
2.1526588125533994,-0.400491789657192,0.2939288532300042
0.8469734363167438,-0.4992554305819267,0.16730451626766452
2.7966270374622315,-1.1832106791931605,-1.2057652609254739
-3.3774638777554795,0.8268950063500714,1.9571934446760706
2.4047184564949493,-0.8690829177090131,-0.7840201416053856
2.2974631209047747,0.557851951314439,0.77056790587104
-0.044487444287529446,0.20277580955436766,-2.1524988709216544
-2.5337971936729455,-0.9757091799370473,0.9593959404148137
-1.3481899554741341,-0.9960515494980323,-0.8525518039463547
-0.21198614990696907,-0.5672633369051718,-0.5465064191836924
3.552180715143145,-0.8617750609832333,-1.7414755482516844
-0.41875302647525015,-0.4035487512229701,0.7190297156639621
2.450191952485794,0.25404161862575814,0.4362094723283505
-1.1148831885826982,1.3830031646156773,1.6964926301760497
1.1851666771598208,0.9598019503941796,-2.4165311365017312
3.4916625383222586,-0.08772963223651976,0.6794515343581502
1.8285934662555663,0.1397151634389106,0.950191334881466
-0.6093232917419998,-0.28575069485464716,-2.2343990597154395
-1.2359042221244807,-0.6711144145376932,-0.4908022447495171
0.8661229221343465,0.4060123701732057,-1.3318827267719833
1.2142733188840527,2.2801112245242576,0.8777887098826811
1.978417119972471,1.0881806618618322,1.1073736705009827
-2.6042016829746357,-0.7961949331691618,-0.9976208616756935
-0.04008104676728487,1.2869926434061656,-0.3447232546409575
1.9508025974135466,-2.055895339225518,-1.1793804474253229
0.4952429033060944,-1.6700486995095711,-0.4454655200051209
2.697573844751976,2.323637486778692,0.08297130572537968
2.3017768590269734,-2.661337197136358,-0.5538847128525793
-2.266342080687513,0.20315778919797592,1.6244441097339553
0.3918333433521464,-0.787099845345777,0.12154328528097405
1.3056405734214054,1.3677123016570218,1.2972363028982872
-0.6888589218299545,0.8306566378193682,0.2956497354808897
-1.4961357461061682,2.2782851182135775,0.4407809922121645
0.058565502777109174,-0.8198401234069197,-1.4436487152725477
2.252824306299608,0.37248756758558965,2.549185418990598
4.156012973184224,-1.5959163618550851,0.6795119655925372
-0.8626417430526598,1.639554726679492,-0.9429984545485844
-0.6330927888527724,-1.2763234865113706,3.4955711971701007
-0.730423213875132,0.5210733650547289,0.3454030249259901
0.314522936094845,-3.68616025632107,0.9316026976344554
3.5980204135033365,-0.02793702532038618,-0.5740778210582599
-1.5635522658506709,-1.4606417982266116,0.004776922150376755
-1.7291859089752502,-0.06929247798980638,-0.458166321226315
0.43266184170288274,0.04834133491634069,-0.801848103862947
-0.09331080329998612,1.2154519691065526,0.28683865525888913
-2.139247067441378,-0.9780977889570586,-1.378748950188684
-1.7183730555826215,1.4557066827202834,-0.2631279797626114
1.757282864257692,1.4519594263444695,0.7615777575015829
-2.1713850682428,-1.3124077836581236,1.434974489859559
1.2749128999237103,0.32574640663924675,-0.02505769174271279
-0.19406444148985244,-1.4233769045464706,-0.8006583545725191
-1.502220262696233,-1.4867165920485756,-0.33681477795226866
1.2509629504853979,-0.011713017344704223,1.7496949280801224
-1.9680779095714067,0.3243236076517289,-0.4119408580037163
0.6432963958008393,0.1613026000305717,0.44670842844135245
-0.19949775217608726,1.705070982482954,-0.6153637362572066
2.3596549271921643,-0.17677090941507387,-1.5924487569860124
3.73804257932452,-0.11851805939622528,0.9075646798808559
-2.9493365217286995,-0.9619724054441374,-0.3612286286138471
0.6883340715210154,0.8323185413927304,-1.3987327693838874
-2.4362915556409677,-2.262750684491313,0.11517240247701342
0.2615708022336978,0.014934685630653933,-1.0292369980538596
-0.19575879658181952,-1.9914654420839233,3.062270835145344
1.3298401856156585,-0.8642691359103257,0.4180569236497118
2.247964439650146,-0.9553787859020711,-1.5814134515915235
1.7449065123527987,-0.32390789047688484,0.22240391664925532
0.6833956475681354,-0.23620831259756467,-1.1303681019331266
2.0046608943098185,-1.1052996149225454,0.9812302668935089
0.005362454062743353,0.34882176004157994,0.3390451513180781
1.4875846896975116,-1.6484896902073576,-0.12693913898191164
0.8411215246845809,1.2852304644664705,0.31698845385234586
-3.1408864766130704,-1.2700358282226418,1.5869650441353618
1.0374547080998968,0.940671556195281,-0.9999144447723658
3.248578280331835,-1.307059459105989,-0.47711673885107886
-2.6630171156164666,-0.3825317938323051,-0.8417681116422326
-0.5914226904417764,1.9322246125923435,0.8397351493276543
-1.1320459050159002,0.4446807540761992,0.5437728408601006
-0.034154125503400266,0.16471788854556563,-1.2683899742988758
-2.5660220762505537,1.0538013198771987,-1.987373690247195
0.46798912952850164,1.600644962704512,-1.153821783961998
2.4954954717034603,0.8553189825650915,-0.22664766338808706
3.1882337627171062,-0.17368509407227373,-1.1917335262867461
-0.16973848311816614,-0.8526805603871771,0.33270633942778494
0.014512137706366977,-0.4175165868654871,-0.6111654527246354
-1.9094011206969226,0.5142345484452681,-3.03729963893941
0.10066470591304562,3.4521796167168914,-0.5918901940617864
2.4147412934228947,2.1674230063379123,-1.2285916858492143
1.9160840578033806,-0.07404460700215319,0.6339656044424472
0.6217792602458271,-1.1899329831932752,-0.11296598697458993
-0.26260194031887407,-0.4518998619255034,0.09701101121645647
2.637673932265158,0.5145787272188336,0.7738789143047576
-0.45356886385712314,1.0094204305355259,-1.5724042057903498
0.6245383080906989,1.251505588255886,0.36663385755329386
-0.8271899990523562,0.09326187297134073,0.7181556839307793
0.6384438963239436,-0.3559825530417098,-0.8213320758751906
-0.16099281094007958,-1.4608039195187807,2.9190728422384353
2.332877509917908,1.1164528663732467,-0.10768897773386088
-0.731597055593181,2.6241679823767448,-2.649778667426873
0.9636724956319875,2.7669828371361644,-0.29114364127902925
0.2696502157231916,1.783419675540817,0.7102086156010324
1.346724706320871,1.3823242167798366,-1.500644747096791
-1.3052420670858693,0.6469906183390881,-0.07476725844816587
-0.08761119529928214,2.8359222675620352,-1.1945208306613218
2.5220544505624423,-0.6984957654693595,1.025050550627509
1.0674228042966156,2.701447763325625,-0.04216251146625204
2.6772209548858252,1.1491292409286702,-0.8081140660563735
0.5096728520278974,-0.36979895563622095,0.9887436115086197
5.056258352232189,-0.37221715497143226,0.4937436911699193
0.055443958204081795,-0.08900226597725974,-0.7952544041686214
-0.31819345037473384,2.639579048084051,-1.4152907672922008
1.5155571725007677,2.5414593445906175,-1.898302249952713
2.3773607503926213,1.8971760008305751,-0.010086934571161004
-0.8219293537496125,0.3972437910733509,0.04101305632617904
2.498891781748647,0.9010700254849434,-0.39453734283045905
1.1972085127645784,0.41336796810857696,-1.7027442061463156
3.690748517845346,0.7374056729607568,-0.12250358924467675
-1.1178334040084756,-0.24758296675671382,-0.8590805985683249
-0.4037853033485051,1.572504404782047,1.229542388117406
0.8077642707980449,-1.1213349879036192,0.2522453043089988
0.016884916127669163,0.5856778598046125,-0.3564995208016457
-0.2705770485238147,-0.10746904568415841,-0.3475829357754722
0.5594133823845527,1.4140681734905975,-1.0912230418597755
-0.7573743527232916,3.118152433907693,-0.3360334935551084
3.907007437264301,0.3031321792777857,0.4624015002321008
2.3833150928408315,2.916663868542068,-0.9914159474947788
0.873991848746693,1.0476811296669204,0.056266617663336654
0.9481637839544222,0.4623620846904349,-1.5840398964893414
1.703385912522872,-2.1419938091171042,0.12146766992414226
-0.5284535664090416,0.5521314810675753,-1.1126583652839572
-2.4256704425774966,1.7594561929509764,-0.614453170623438
2.4385505641021004,1.1736015226247614,-1.9720685592678393
-1.2298816157861134,-0.189417532645976,-0.7664158342429968
-1.0850450169515071,0.027408520483277053,-0.9845424278407251
-0.6316839807397229,1.6620111497204078,0.10979139019401402
-0.05372177235698429,0.8761305847028433,0.22653772443657633
1.5588837342659645,0.5980489713543162,-0.6039818288648966
0.43359460925261734,1.1760639756326092,-0.8868122696469437
2.5636535767461006,1.1052842377783576,-1.8178969123264819
0.7962428832881122,-0.4762437903467512,-1.7862377802036946
2.987940941013124,0.3543220452074591,-0.42508216968511686
1.5932075350475632,-1.2562730553641965,-1.0893584700731598
0.31513260821416345,1.5391433849055844,1.4508122569858215
2.314546512712131,0.5972484348732483,0.8212194336087372
2.0645708410570176,1.5390826148335353,-0.9732036805242165
0.6502792294092777,1.3115404290119235,-2.0283716615833693
1.1129229020515026,-2.3561827978129073,-0.5420291774946172
2.9170291849527983,-0.2882213654225617,1.3997036180524103
0.2881286940613451,1.3725547860617897,0.799839924948643
1.779495493984018,1.3373503160695548,0.9977452749535897
2.7201700570486573,-0.1647156115133759,-0.41058890114055413
2.5016731232614,1.689855158989234,0.04699428199577733
0.3565175460519838,-0.006960584894497356,2.988085242894755
-0.8269035262116495,1.8888849974158621,-0.33940869783005323
-1.2291481759132274,0.5851677284158401,-0.5545994545704396
-2.2742192320846195,0.971544144208686,0.9495660314855403
-0.5169921816884221,1.0906748532110682,0.4424337999922927
2.6246183165636277,1.296520634747848,-0.013113278688648446
-0.442102359077136,0.8530356946096621,1.1725158119910708
1.684758872748083,1.525742044869688,0.658673573013631
0.6931245622257195,0.8494778846228687,-1.48123393027019
-3.040795443333017,0.8502119122824328,-0.2673581389256242
-0.22614717782418295,1.513130333794467,-0.1255459095540744
0.3614741638318576,1.4311447151094605,-1.2218697637484972
1.69876972580137,0.9938831653320654,-0.15756224449805467
0.09340834351830193,0.24356665926166068,-0.5307208671831051
1.0952144641214634,-1.2881451700807875,0.0479120064824654
2.1942454803700584,0.5769001835259189,-2.1728505487451644
2.1467117289573077,3.3328157849553173,-1.3209990350190846
1.2695426512755328,0.6639900769003237,-1.675241334700539
0.4050625250216679,0.22162792932453695,-1.8042436632023782
0.4432527228356788,-0.8771078970801163,-1.1757386013350073
-0.3868756519699888,-0.8892428488775759,0.4249024547540494
1.1592947855409028,1.8731831466287965,-0.25818603023361686
1.8788698510450292,0.122861762386691,-1.0215661746112534
-0.9909784864557631,1.1029438532579041,-0.71620203746811
2.5213339314150236,0.38474159457408214,-0.22374038180073158
2.026614536107579,1.8498622294087406,-0.8056185744607073
1.6741054251816363,2.277364778401441,-0.391435163138836
0.9672698612488718,-0.08640090072836154,-1.4929088466314522
2.274472074649594,1.3410429281217877,-2.3007229115450545
-1.2810829707655242,1.9112892120884482,-0.9694737177916749
3.0210482686277516,0.357255492240603,-0.6432232677856425
0.6478747351994515,-0.6278328205860901,-0.6998614257318422
-0.8666717464106386,-0.13207915107497836,-0.4411368947412851
-1.085493997373962,-0.11902236257230057,-0.7383046314289529
1.2332571444867355,0.3001828114193745,-1.2464815317257005
-0.49094092847771714,0.4406303796584086,-0.6867345125992586
3.7595388728538914,-1.622616721767164,0.5699620838819236
3.0409095128033097,1.1768386105491357,0.8780180063100604
2.9090596657118306,0.6944733150005192,-0.6428951624160493
0.06274557232457662,1.2070147617250349,2.1261008214331656
0.11228989894631583,1.6637750717765674,-2.1438541495965855
1.3615886001652842,0.6150460622877317,-2.104973099794659
0.2944615163668021,-1.293801987888966,-0.9039914833138446
1.4018729310286822,0.594449179265564,-0.8117221647188645
2.281973101782721,1.1957877282180307,-2.0452575705010956
1.1098614833812577,1.6995177219784767,1.9020107821263064
0.3522952002793915,1.5034965976840537,-1.0105567452905793
2.5877873828983367,0.32763422387212204,-1.1841406021249725
-1.7934098532699034,1.3003121597147504,0.682268271907062
-1.4614767270739637,3.070487915951694,-0.17087633009712505
4.093852074454821,0.3689515771131527,-0.9551088425102093
0.8757412899338632,2.483218780601746,-2.232506472087892
1.8440983303654066,2.2137383633983605,0.4482980017151982
0.49529123856368795,0.08247595049907368,-1.477428868115526
1.4340893770882308,0.6619827196968521,-1.7175925776379262
-0.7164985319892047,1.1468260217880544,-0.8012202223705941
1.710079010104785,-0.45577109557961143,-1.6150028122135631
3.399268853935648,-0.7816343693449408,0.00937614692140978
1.0966803408670636,0.6806305228432986,0.90424974309051
1.0055574889359473,-1.2577652041264336,-0.13416766510858213
3.8522246242256912,0.5011259511680317,0.21077544104534288
-1.136530922350924,1.2890152122241463,0.0806431829075978
1.0347132775027517,2.1715232842888144,0.1790977561571715
-0.1072262049335887,-1.480158183582429,-0.15884704830303625
-0.4629922584638456,0.19525343477605853,1.2609213633331902
-0.5702930464524953,0.3699783302234002,0.12075153755077883
-1.5318328449599268,0.8705024978891303,1.3090978984402497
0.3331805892089853,2.104766883425987,0.40313308442079915
3.1967048141848493,0.8451106136878743,-0.785746510713736
0.5470452646705047,-0.3660053487218974,1.4831635868587392
-1.1543881962149787,-2.504259682568327,1.1762281913138621
2.0150154211010047,-0.7764252400481879,-1.4771508701040714
-3.297329160654559,0.5071606195027994,-0.13553921689278084
0.24821539316717253,-0.8511135052085036,-0.30832759183734176
2.44524465188774,1.2679394907688846,-0.784007223594673
-1.4446958279640982,1.0215456010056432,-0.20255410047611455
-0.04855284952891231,-1.6305695439704275,0.10955154084702208
-1.3602125744175648,-0.716459670780642,-1.272559185072855
-1.8053399901273548,-0.47790022550960215,-1.7599837062164674
0.4411792021081734,1.121030602447264,0.8752394882724106
-0.8346778005201615,0.5453474967774262,0.536458285071472
-0.27098941189552933,3.022130332942743,-0.19349491650882553
1.2488429561946714,0.7922835238286515,-0.5960263448930583
1.2916075650464676,-1.4625178046695428,1.6307433463654153
2.739608118206895,-0.1368517909060896,1.038715266857523
0.5867580761721976,-0.030762390127286477,-1.6286979736543479
0.6747402466230868,0.6200671544621519,0.5445914442232955
2.1815059385604982,0.6785606778403559,0.3329698949830665
0.5066564022480231,1.3564178029644918,1.7816756548656663
-1.7476775386843562,-0.7217051462473034,0.4454984202416608
-2.8867498979457746,0.40304823616097263,0.12977557729344855
-0.6231915624771717,0.8220804862280722,0.7169124885376847
0.42930890760946583,0.3694146236631858,-1.112909490582701
0.17094389478080582,2.0697305001928945,0.2721420928114221
2.8803744562366487,0.963332336924884,0.691091108929982
-0.9595313453408196,0.8369158749825191,-1.0482272846507175
1.4770234438105112,-1.7923894449087725,0.828038482242371
0.7554022126245167,-1.5048521985205037,-1.5879659343866364
-0.48378196358261605,0.6839660924002919,-0.8569702839414269
-0.6415883452991731,0.4033156568795636,1.6394236586303674
0.9549795815435824,1.2517779206450432,1.0040731755242742
1.598082324333305,1.4813926430357915,1.2541157887977663
0.8259990389520689,-0.07044982837000772,-1.0973201620760626
1.5685348614794543,1.5295841513755324,-0.4041488206440057
2.8518946481479426,0.027886510608507963,0.9242417462504964
-3.6524586992324237,0.4576854810455729,0.11001587283557265
2.201266469430435,2.1700153289539297,0.4720624527249544
-3.230075474621908,1.005089748673417,1.104716197175324
-2.8792826766908615,-0.061382435473097796,0.05030899571087563
-0.8549980371558008,-1.6765904748662122,-0.5206153500265528
-0.873234679158848,0.5959657837982544,0.25290141606620803
1.0641427115608237,0.6367283602880133,-0.055028575123745115
-1.503376393607422,-0.06106156765751865,2.3053632843542795
-1.9254728072446627,0.456466510467766,2.354335071402445
-3.8052857584740627,0.4220895336448429,0.8103048209340874
2.370340530785202,0.818132441423546,-1.2091809375900038
-0.2547335129854484,0.2528826042958166,1.227175048076551
-0.04231576650967423,-0.12350434202368535,-0.1615783086727872
0.639321770494066,0.7031962591727432,2.069816589084472
1.7289954352337975,0.7943064079931441,1.766393622649422
-2.336360264800073,0.17199116998383357,1.7426260317175013
-2.142633000552299,-0.524017598533924,1.3598268800658166
2.3381021168077702,-0.14305101874975337,-0.36243197497483853
2.378591577438733,0.6621536749660122,1.2699826799882459
-1.2753808983126147,0.053239006013448345,-1.5701017287410464
1.1254398554675886,0.16112754521854952,1.5889729762484706
0.5554477512253805,-2.2045649442849657,-0.17379710408199409
1.8406856981831128,1.9407889275197698,-1.0051800142854672
3.2202663857192046,0.19781180647032134,0.8984460435274849
3.2956290228835226,-1.2750662480712773,0.9474707242032189
1.8550342144044567,0.47626595461562965,1.9451032042625562
0.3273175640358173,-2.156793054904482,1.8100429648110483
-1.0597288841272265,1.6706716328947848,-0.4018008091638319
-0.13859904921394425,0.538516090390744,-0.9950467670506651
3.5206303386536395,-0.4732900756271111,0.26607708144929687
-0.8103060477408179,-2.7374349618466995,-0.2387469829333436
1.7010991251777892,-0.28501120559469545,-0.8602488126176365
-0.9430467875196159,0.7353262718709451,0.40287521342511623
-1.0101136051706685,0.2857025692365338,-1.856351919149355
0.26954470081306614,1.1908464966603238,1.6215802317868477
0.23229012946772876,1.0234475059233188,-1.8207740958939957
-1.6811648874723757,0.8235334989294779,-0.726651195329892
-0.1954028446409278,-1.1489501859186775,1.1111735778589031
-0.430508597310757,2.405911247519663,-0.5456897694767423
-1.2765016126200233,-0.9449134438926322,-0.43149115319770315
-0.7267804442659318,-2.5688225125521384,1.031670521750572
2.5747884573367856,1.5057935717704227,0.057558057124380176
-1.9513554443637158,0.5190576597336107,-0.8015676648561166
-2.1426723473869984,1.3407648549715323,0.0302318611099206
1.6108881957663321,-0.8704567510879464,-1.1523108782826654
4.103303924199437,1.4128591311710703,1.307830162582521
3.857947176973813,1.644404923402695,1.1554154060883302
0.25462566193995295,-1.9185965874040738,0.0710846751102204
1.494976556817999,-0.1393225724505034,0.5929520826463539
0.03169095903110188,0.7999810791600279,1.6565296552740314
-3.0805433797556043,-0.9642694967901424,-0.6240823566184945
-0.07138620199957565,-0.28445113727562304,-0.3441563562078864
-1.3648294365300895,2.0088792918122564,0.2595854196024044
-1.8245105016604335,1.5231003393992657,1.2307139957147755
-0.5766361869083233,2.1860148352615925,-1.5375054437369398
0.1841791542328549,0.22934461069281187,-0.5619126659583555
-1.117471927169512,0.04850049868924811,-0.11068080871132141
0.22243623003736204,0.42955475582820185,0.7464675929116974
1.7796362962870662,-1.4436721576660267,-0.037601415960842925
-0.7265525137125732,2.0712326919650734,0.26917755472720994
-4.327355620112276,0.22639454112618168,-1.098342350103483
0.09358908903352628,-1.3919604861153692,-1.8268842633724864
-3.6272598069206228,-0.9204057109219558,-0.28328050827366885
-2.2625948623286485,-1.0825857204439429,-2.170192091103282
-1.6976865251773452,-1.3042034054190934,-1.527984573023121
-0.19861733211624444,-0.7640837224788193,-2.042257151620777
-0.01857021051163904,-0.07283744982229605,-2.398491723960365
1.4815039025550776,-0.41679837595610403,-1.9736264726537385
-1.8999858145008823,-1.1274414108444137,-1.5503999070674146
-2.1979521668987725,-0.23467461338014417,-1.778577547300529
-3.7888642596495945,-0.7878264624803962,0.11611403706100387
0.4431276291552519,-0.04340533159556572,-1.775878969845129
-1.2586890794970909,-2.2050054639732055,-1.0446080119648764
-0.9128793238470071,-1.2146677133791317,-1.0987893834931681
-1.0309348485166372,-1.6276375767871964,-1.2586884817279058
-7.029706035791472,0.6761388375052818,-0.7899071468221864
0.8746209110990665,-0.6104062208550218,-1.6027124633964316
-3.3549065386255945,-2.7219647960871494,-0.29373171069368403
0.805978002297491,-2.526085608287939,0.27973439985610754
0.28101735944628187,-0.26821853048587907,-2.8124379672403332
-0.28272637416627694,-1.3065726592102,-1.3597907636428985
-0.28556800950609607,0.9529441323805528,-0.2717137512794998
-3.0097279688984635,-1.1755555062594967,-2.030113328280057
-3.4418444060279016,-2.7484451659471287,-0.2561125861060504
-2.148132128404588,-0.7526483395636654,-2.429972681287738
-0.18136220842774498,-0.6665194397526129,-1.9650413747162674
-1.0377039026382278,-0.782383093169367,-1.6117037856081604
-0.14087791194795934,-1.430720967400092,-1.5136705424938743
1.410900507482932,-0.926740309125729,-0.22260337010622513
-0.2366853315161042,-1.1198140900150524,-1.1221995563139953
2.290362940097162,-1.5882329414511853,-1.8639343011139684
-3.24475532116881,-0.9718011783459077,-1.0741643232290488
1.6814531177844634,-0.7662679491803114,0.4393861454099905
-3.256162401499772,-0.6579236521937822,-1.255692231328379
1.8028383920070887,-1.1923771707284898,-1.9016621936538762
-7.289447369875272,1.7301109418129632,1.5054080493109874
-0.6923008505790177,0.28421629560148415,-0.7422591341383509
-0.4857329433057087,-1.061032446776245,0.7662907036198779
-1.1430380996210865,-1.5862700376292278,-0.48266337492588646
0.6634904271734055,-0.6056438481965882,1.4732707191676992
-0.673248082369372,-1.2396252786050908,-0.6923855078879326
-3.269523520746723,-1.4397510014950254,-0.5848669830656008
0.7913053525472286,1.4407275982408028,-0.5759504818743967
5.109573745523311,-0.47398226390843967,-1.3080121330585064
-2.20276832978121,-0.47758381949063106,-0.5259473873264043
-1.0771031643573228,2.748758603733186,0.5429289813607127
0.7647218731766715,0.14008845767658443,-1.4482009755564507
-1.011224933172095,-0.02949495389462155,-1.1553782822278686
-1.0112668734957766,-1.41930717459741,-1.6745251438889108
-2.687944447324101,-2.2395815874324914,1.8844518688105207
-0.24278437870911243,-2.426582768977876,-0.7512839025433837
3.522972659652604,-0.15681608980663986,-0.6093644871749341
0.7734972063197514,0.16612670115710307,-0.8383117253902456
0.9553962371648023,0.1869339000406698,-1.0674831028003546
1.6095257160023584,-1.1918836032212743,1.5453537252933947
-2.356938055687676,2.533530207748312,0.5368294219601036
0.9921911409150775,1.3696757016861925,0.06383365445003045
1.742194287827281,-1.4236034377622762,1.107388942430696
1.5837622897492196,-1.3028788808263645,1.0772300297800883
1.6477700207072195,-2.0805769139892463,-0.7061113177346804
0.24707928287235992,-1.3489410026159083,-1.5466110135780036
-1.279610953916387,0.7757672037232366,1.758273680456144
-0.9216474518121829,-1.4262438919504135,1.076969706558123
3.156309437052649,1.6670581115977086,0.8458291411126182
-0.16079693775625953,0.3870619902469995,1.211906811103948
-0.8430333959258014,1.469594666314742,-0.3480044416040442
-1.0401544414885031,1.0243312624485872,-0.583616659749002
1.9945866161165748,-0.7576978973333156,-1.0835161696805498
0.6671118380997841,-0.7362417172199499,-0.9411065291215803
3.8857963378604494,-0.8348503539537037,1.1925466169126782
2.1332558928507734,-1.1267885872198573,-0.4166287653499625
0.7022887243259711,0.9535767865014796,1.344957223545151
-1.0692802293322163,0.48174349700931346,2.179496562532633
-0.13242908941176101,0.41506517895205547,2.5143193052303467
0.37066740658595365,-1.418967176261376,-1.5700313172780624
-0.8887061688260035,-1.972148209091103,-0.7202528366644148
-3.8421157796307184,-1.0309007293335666,-1.913489060720309
0.6637499364357331,-0.1402950289027259,-2.9901769179753113
-2.1638686357563497,-0.1528394487274757,-2.806399692507452
-1.0782080764954673,0.572741256568419,-2.1829004172773976
1.0119650155646025,-0.7114348361431801,-1.7299099260677748
-0.6220030077079998,-0.11608775701882122,-2.078365711696276
-1.7127834004722968,-0.1533089209278675,-2.3690259354022545
0.9529458197360001,0.6972645468392813,-3.1473823266848315
-0.8608883385621292,2.3222237137172703,-1.9605597822757859
-0.15532527197240065,-2.7193983638640864,-0.8019195282667582
4.298175740322376,0.551277221229661,-0.38060952698337996
0.06585370674031141,-0.2957469872989079,-1.9214879614488465
-0.34351707435983636,-2.1141818156442604,-1.7432325956010417
-1.551193640191304,-1.5785681134127532,-1.4992574330266606
-0.039280357624035,0.7406468629245475,1.6807101668366253
-2.520497476820059,0.3314779920747872,-2.128629522970521
0.33084060248946323,-0.8835846293469288,2.8027962102061355
0.25953189784716846,0.29754246186301314,-2.7751931482952252
1.302024637845236,1.458648407277703,-0.5944072805894239
1.4814330236273452,-0.10611619371022744,0.24789767270421612
0.3862093556441402,0.04742372376018289,-0.47064678188283615
0.16043092984496915,0.2133388922284024,0.4871201273913733
0.844557615031156,-0.6780106262831769,1.2065210718667285
0.5675640860095801,-0.4845093871710813,-1.2866744763321645
-1.6419082796256312,-0.26586397173553683,-2.4253640671112575
1.1113272383333448,-0.45722496055556483,-2.3953916811188942
-3.0250398712669297,-0.6820612677162499,-0.684222754842588
-0.7739711493241166,-0.09275331803485812,-2.4541872982010275
-1.5206839745784801,-0.08574439073423218,-2.072086922490329
2.2089173850113935,-0.47479071185945243,-2.1448341007842657
1.283032548191721,0.5661254819402497,-2.041290991040803
-0.24678493551977423,-0.8037163582200516,-0.9957106552122067
2.8762210636397945,-1.2542820681593394,-1.3078874794413426
-1.2124541891858764,-1.6493808333528999,-0.6260317015197482
-2.145550401701121,-0.6857750358153887,-1.7641795156577746
-1.2304773531893187,0.3938622488426235,-2.4770925978978733
-1.9413605146486093,0.005280585924013901,-0.3649209852552704
0.9800026835801121,0.6517015548682896,-2.2151851000923637
1.0370619833223365,-0.9445818142716872,-2.0434789471096595
1.6509044052111563,-1.0717185959612558,-1.583446621654626
-4.39910294400296,-0.35280766999041957,0.28615193246682463
-3.735685126013424,-0.9735006603778616,0.2230289385230612
-0.9650495970619445,0.6211956947865293,-2.688105344384249
-3.263133859702774,1.6312788144622667,-2.797669672605419
-2.305263242384529,-1.4708678783511917,-1.3779386842509045
0.057585125766980855,-0.07164688148776298,-1.5268814470080108
-2.2067720259722305,-1.6307106969513596,-1.2676170982923174
-1.9012870042729029,-1.8251783840474154,-0.7839214087094695
0.9452500437523625,1.1846759419105763,-3.784846455593687
-3.084708683990949,-1.8581683396916249,0.8924922132090678
1.6565959876562304,-0.5759101764873329,-1.772635907204932
2.3047267273632954,-1.6789810085928816,-1.8378443205502628
2.8056686188812563,-1.4187627695580698,-1.9660791684177632
-1.5966833278668089,0.05883303935019136,-2.3921267962287223
0.8988630289792183,-2.3169637607249807,-1.5302361937011304
0.6242380855615982,-0.5500843123392561,-2.0916634849846893
0.8559971438543819,-0.9389401828448574,-2.009734489353249
-1.8595741352972186,-2.322934064861415,-0.8840742614168227
-2.581820866202153,-1.5177739398985741,-1.0060295450689538
-1.5389316122845842,-2.025741851596846,-0.0466213059141966
2.529502780234947,0.10997536108882987,-2.3642325414681866
2.899479620937681,-1.36010073568405,-2.1005390121053664
1.1731214484868295,-2.6011193058796853,-0.8849715512997193
2.5984656392968013,-1.3717040779730425,-1.9923811186641665
-0.07941014418965238,0.414421905007451,-1.628473515314853
-2.2926827074036304,0.17962473798278783,-2.29091854635985
-0.3138600470416927,-3.4486661724530276,1.6052556172877024
-2.3353766289423095,-0.5935763582159986,-1.0135129624672619
1.2845337558475252,0.3129476141693749,-2.152937425550046
3.8082514619551446,0.05630606785478587,-1.4136776450594613
1.3098658303428445,2.265672969388594,0.299640669814522
-1.0799969658169535,0.005292533915380692,-0.9663249300238458
0.499556274140698,-1.8089164642580577,0.1843630668094603
-0.6485177968981995,1.8468275650218011,-0.7811113629648874
0.37923200378217103,-1.2936965900367563,1.4769172970692843
-4.123845927106928,1.6367323232564939,0.06757730042546937
1.699815901387575,0.4520055648719216,2.2465245149388426
1.3911604105273272,-0.3720259668350382,1.1624492612591888
2.4808577265157705,-0.1458016615342498,2.2372604792388597
2.6857505439669502,1.138516231570124,1.0161362760955395
-2.434961607319275,1.6711486974697227,0.05758571340708564
-3.5193390952087564,-0.01774370023995452,-0.794199324312423
-0.5994782394691475,-0.9144255319182472,0.3325771467953667
1.8606385961365357,-0.5971137719479979,0.802102365656401
0.17255183632842966,1.172658042948938,-0.7240664454489961
2.1674762188243393,-0.7896922545193623,1.2211775851060978
2.6713050920483044,1.049270743969765,-0.13048314341189782
1.9056720924938446,-2.287676256796264,1.0304215875255183
2.513478037861023,-2.1549102720440296,0.895791394725236
1.8988003539982654,-0.3606052992250508,3.055420962514226
-0.9182194273245783,-0.31782436264921077,-0.5769149603827426
3.445409676284965,-0.4717979050614323,0.4116606935009064
-0.1784464922594709,0.3787614424672491,0.2724915217480956
2.434729447664154,-0.535004356651915,1.9702559204631716
3.537640314908959,-1.6357844383114748,0.8165841326666995
1.9761797012622782,-1.7242932391051409,-1.1960058713499278
2.3033112869365473,0.7276117288650537,1.5331454636440063
0.31375501375367854,0.7596358180906424,-1.1405346181725056
-0.09240959647856506,0.11195293133623377,2.2141666048713673
0.24171395381328334,-0.9245367637776861,-1.1711681745011837
-1.0426839344205567,0.7270585146463968,1.8404379675458789
0.6082039754474697,-0.928603539075381,1.463766008348957
1.7132568099698946,0.3774149942481688,2.148452579994107
0.2127639426405273,-1.209184463636529,0.9770010779784765
0.15421138649854507,1.6081478390322774,0.2115296567272613
-1.3907340857222377,0.9332173830612749,-2.413427149403745
-0.3333460054894409,0.6417456644007096,0.7459326304935322
-3.8849542060699247,1.5151521635997753,0.004163105855214365
-1.276629352172512,-0.49240473113548344,1.0368618254029456
2.09853544539404,1.2500040517803603,-0.4357074934472505
1.4423071916255579,-0.9783822645886984,2.803498075833244
1.5598113806783254,-0.08236297179591742,2.2648189792530795
1.119813451618004,0.8201572575619587,2.5009496655211088
0.046910780606141594,1.070803012970378,-0.22496877784173125
3.3403188238170882,0.3086148451093225,-1.3100785424410857
1.9220977646793773,-0.7985739733866473,1.1131426370635653
0.7011660381697257,1.9278906389402573,-2.4737186782263403
-0.8420016311600274,1.765625611401537,0.40943993973109294
2.6488210748677465,0.869909813288303,-0.08875462438341358
1.7014511969867299,-0.8439208137118878,1.2273062973261637
-2.6120285157597114,0.28228269628077696,-1.5710736674146126
-0.053138238194741116,-2.1527235839963907,0.1258419501108076
1.1617180889273673,-0.7642403371080052,0.48830522425260525
2.0160540909436606,0.37962408342256587,-1.3379816818083103
-1.802166050810798,0.586487591951252,1.4229676893939922
2.382789628049003,-0.9164587222939847,-0.5102978779271923
2.4801281814631606,-1.0865702756701159,-0.38174615635139625
2.9857992708020755,-1.6323038421181706,1.0352814075566974
4.080764178945948,-0.5325381101986133,0.85824947556896
-1.8846618010369651,-0.11895977718271165,-1.3288547396959387
0.12512529239098472,-0.7486265780516421,-1.4563771957936302
-2.024114593143989,0.21495661888703527,-0.4946885012156517
2.6301459463796815,-2.960439854350332,1.5901265655078756
-1.8775673533889268,-2.00547505504023,-0.24796422090196757
-0.28187404715828374,-0.9017130447988211,-0.30084132838163125
0.29349626749656216,-0.7474207127502273,0.377355236021469
0.539426235278498,-0.3641328293109742,0.3819606144316832
-0.015186726657856654,-1.001173420467787,1.072575326195498
2.24860469051932,1.8432508199991973,0.6189020995249838
2.621995680935035,0.8276380268075127,0.656806993235317
3.2558093586400605,-0.43694320292773253,2.1014954898054627
1.1310765223647008,-0.21156797600904056,1.2225873112345202
1.7045746209954182,1.4195988636789718,1.0862036583289039
2.9741779735568077,-0.8111919933500182,-0.1207940660711941
2.539488636545271,-0.9435938426499141,0.06730155686697424
2.345276683763335,-0.44094988947648434,-0.8203393365345252
-3.2790560562968065,0.8348572636595407,-1.4478348622640862
-0.8251690559722863,1.9743850723366019,-0.039110904478608294
1.5512043952427705,-0.35754626909883114,-1.0366629114053874
0.28655816731796346,0.96546520582231,2.074201552554494
1.4654399456069882,0.5488903213870702,-0.33693950827247565
-3.731581418133571,-1.7655365396781026,-0.3527406221510678
-3.8830645480492825,-1.9761601607527717,-0.2607121232159131
3.869056647986254,0.7628809333352458,1.1372114905824895
-1.265216648644874,0.22498396965871795,2.048276034363141
-1.9361300014589806,0.47202312962930826,1.112776869395016
-0.606488495059606,-1.2579516973985183,0.7953334759923599
0.3845711413422305,-0.7076599729471129,-0.5246463098348094
4.3962752691798155,1.1029535521555347,0.9246327765592157
-1.8475353634844545,-2.4526490204531055,-0.8102537133670996
4.553615873956546,0.07876997340993905,0.03721410727642336
4.365826709578024,-0.03434752075984808,0.3636767995698004
0.3050089350004059,0.8625150916815159,-0.052754033388132206
-0.7891482279799156,-0.16551540006747217,-0.5889422175824071
0.0563099035157326,0.2339014784153049,-1.1004630625130174
1.4146588108865061,-0.9199988404843397,0.6320604844531825
-0.10846417980161847,0.16783749120398445,0.6848854836833836
-0.9791083936147519,0.30270969027451977,0.40370752162744056
3.1700303115736346,0.12531706676991752,-0.3129723681503755
-0.39780057833674776,-0.236579681223225,-2.351266696648551
2.1494893865385354,0.5868767713028503,2.135596836381324
0.8179249631800684,-2.4324978636562453,-0.5595367019472253
2.003739527429027,0.754153455477842,0.4113239849609202
1.314993063089377,-0.7627005145899067,0.45572218294351163
0.6066303611472948,-0.30451313672994046,-1.0654469118516265
-0.05806991667075676,-1.1463034662267106,-0.7390686021650038
-2.222796275004365,-1.3941712440577374,-0.8842008321786546
2.7748376100267733,-0.17419136618280012,0.3526372984176385
-0.13823078561806693,-1.513305757079318,-0.21460489485740863
-0.12565612155370948,-0.49145178726518807,0.8139686364839409
3.3735640486468697,-1.8183479993243952,1.7692063811973426
3.721282218827092,-1.476249952357744,2.174274614613313
1.020056399464502,0.45403385623118775,1.063515141659426
-2.2479697187124357,-0.2530570834726526,-0.17259365064723795
0.9734450825129531,1.2998983399778872,0.06472382198477578
3.4546322504235127,0.7459145690230752,0.14895427121712393
-1.1344257815991183,0.9255385245826282,1.4999672296428712
2.20438653320641,-0.45485660470288725,-1.1587507870070608
-3.1374634384452533,-2.422727376267227,0.6118633851771117
4.607421047088915,0.6736329171246098,-0.2369276217400634
3.387231689225777,-0.10386357783670688,-0.7250754876124103
0.007201020202002126,-0.9747516865277863,0.8393825270057551
-1.3741557792363648,-0.0934539883522356,-0.3086966073140114
1.8762496041710155,2.1777166556174508,0.6569431408517546
-0.048850941545465994,-1.1056636776213362,-1.0538774448469999
-0.1000167583665776,0.09335872718983988,2.524434587256998
4.18180016708305,0.4718194016137687,1.4455010942989428
-3.265454603565438,-0.9259715504460497,0.9425506421500783
-0.47754580351707193,0.4731921067282513,1.8854089918151804
-1.6765268963987903,-0.5015348097490125,1.0015851463398677
1.867488132507344,0.6616295946129412,-0.4143758418938852
-1.8749967656170736,-0.3733971061964938,-0.9515780477682423
0.0026907874749159543,-3.0208750312608075,-0.1106122409631222
1.363861299931945,2.314472324862477,0.34008495675209766
2.835157076051533,1.7266173585734088,0.06551110611459735
-1.6998760368836572,1.950112304962232,1.0785753180029478
0.2627592682500047,-1.3059287627488072,-0.7719153054498765
1.6662598369534263,1.4303565039984667,-1.9969605034158733
1.464066340181318,-0.7850604002387371,-0.31025908300939004
0.7846410871729371,0.07764015025400586,0.10219532004120913
-2.3658033453791463,1.8087706665754353,0.4465447094996321
0.21652251184142648,0.7618263946568354,-0.8936004870224639
3.072172091523872,-0.4407098614412103,0.6819739340227546
-0.1119298878215097,0.3679169553700472,0.7864932175061549
-1.800238021213346,1.2145176744786996,0.6390292790701423
0.5630178007897861,0.23755194515658204,0.6455966702790231
-0.10089927961982399,2.587600731219275,0.926769002427729
2.3255302792613795,-0.6727826003022008,2.3057431983799677
1.7726591162621999,0.22014595277560475,-1.1841198842749396
1.765913323702168,-0.24098318262982887,0.29499973015590497
-1.2446443921084551,2.1860236258402255,-1.0539319332267072
-2.1129050559215328,0.8571943625638562,-0.5831880811564666
-0.6730051238861002,0.6437483327502213,-0.09223619158690845
2.6249842587964753,-0.8455859224790453,-1.2394582059318133
2.316817035090406,0.2653079305620083,-0.2798134305000063
-2.1098460883005132,-0.46297901754601306,-0.26130678032663396
0.5525383776345442,-0.4121745658417437,-1.6311659562618095
2.846739326947333,-1.0929593788867376,-0.12094830264386504
-2.7264976701338037,-1.0025383683702296,0.9481594089142995
-1.6571780977700188,-1.0500105740238999,-0.144887183644186
4.013817823474757,-0.702462898085046,0.18601410941246818
-0.002764255756178813,-0.025980843271919178,0.33448104658418126
1.5356816617506515,1.9785518021964688,-0.3844347091155169
0.18467947255193795,0.4434834282922519,-1.2703276752862205
-0.665476806017603,-1.6496380497355363,-0.2441212536025001
0.4656765688953064,0.23866102070168377,0.6274846526296237
-1.5190466630179802,-0.7937911204978089,-0.5262990735251204
0.295115830588099,0.5077536729349733,-0.08977048230652089
2.5416357688664126,1.6235207277710935,-2.5256277137720438
-2.5311144578244256,0.8980474580577117,0.1987734320530718
2.865441477854545,0.9186334007700768,0.19408422709062736
-2.126099086431383,-0.8981073422238197,0.581380111538488
-1.5603787872480017,1.5253201678367196,0.8233420594519761
1.6977894711286277,3.474516250554273,-0.05495576208202954
0.8472257122694224,0.6565534336516164,-1.1565153046881618
-0.008962177554550732,1.3033291670861864,-1.428344359700419
0.7347551716178791,0.3092073119169408,-0.43581480253748184
0.019637977518577068,2.631899502901505,0.6174803333764142
0.5318043650154751,1.1725261584589375,-1.0403624921613206
1.5918122805274624,-0.0645246080276779,1.1180977083207997
1.6686633271932587,-2.04286347783993,-0.4943007460714282
0.6684364857405982,-0.4799600802147014,0.4793818823529947
-1.3616422182674621,-0.30641356080073345,1.1364617460609538
-1.8095302268973614,0.839613494425017,0.5381647531105146
1.5308394597715616,-0.06102681050666181,0.42855489552709775
-1.266525012410609,0.31282925236740927,-0.6669598181081661
-1.816871009536738,-0.04056298342749356,-0.19867893139544948
0.9513688092698934,-1.3376415844093061,-0.47731879436947344
-5.4987817101950975,2.1419543310141824,1.0396600130803837
0.7206819744682826,2.154153206277868,0.4651723715548926
3.955255785923392,0.9406135574078438,0.5465524142541038
-0.38903437093064996,1.9574276356411051,1.4793419835241566
0.048386952846435155,0.5457815856708444,-1.9236874678144018
0.368670822004214,1.07710954009394,1.1378932493582161
0.07696733246590284,2.478464111135232,0.12508731448690957
-1.1661706786060915,2.384363501513049,-1.2855237609598311
-0.26933959289805665,0.3921871267886802,-0.6353755797402675
1.974612995149438,-0.5645807035495896,2.0108232201302725
-2.78201426978144,-0.8206398284141325,-0.9486750725965903
-0.017689632389983306,-2.0615502227902676,2.1060173639977826
4.502527485623195,0.5334307412800922,1.3346417596386027
-3.402438712039838,-0.7033979498091761,0.20888018759010926
-1.056848046382406,-0.31899192793212294,1.5242409896016929
0.5098992040361613,0.5816234545257714,0.39042251924184906
1.9519950746663302,-1.054126095711382,-0.31447802547041076
-1.0962969404783873,-0.5629533348924254,1.2799937821024099
-0.8054921476211965,0.01986744964891641,2.15983278383266
0.6223423002963918,0.5743616948914204,0.7676796887611009
1.0055505012978136,1.7792962240979893,-0.19988880503290984
-3.9498356087427493,0.6015071113121504,-0.314843743229408
-0.3847777093931384,2.285023187182784,0.06777946828332496
-1.789854531085298,-1.4507834467294602,-0.19460247394793745
-1.6264189945029253,1.2130955515354827,-1.2389703119818096
3.6540975931214614,-0.8438376868429395,-0.5486268897166856
2.0268254514358524,1.3079628297177734,0.795929290344484
2.913649410107654,-0.5153607918096951,-1.1656799419637096
-3.0734536667479224,1.4810426489269344,0.9907583907360936
2.5911746614556534,2.367353235911917,-1.2384493060368078
-1.928452485932113,4.3467212979740735,-1.5049038862921682
2.8730170014655494,0.7148056367668062,-0.9772500260325466
1.495987903645726,0.25101462303542743,2.2455980722588142
2.8775265670862558,0.39206140191153016,1.1692701563495864
0.9335727315858171,1.2000799168571978,1.5491499577472412
-3.604693924077228,0.19725341873846736,-0.8099473540379317
-0.8852559842153896,-0.24320126134813963,0.18902840577659763
-2.6335398556288614,0.385978309770168,-1.9949735240935202
0.880165715972769,-0.4699533214180214,0.7641556155558547
4.817496026047836,-1.6724115847259038,-0.16320746456107366
-4.189827756980854,-0.25538403045816394,-1.1065405115188813
-1.4985512716966662,1.723447316469874,-1.6780483186386024
2.3051110066790903,0.3950296551207763,-0.8600398982061384
1.5009472814168208,-0.032941551270871484,0.8106379180682388
-0.7689888409490807,-0.49450677636419826,-1.933917812671185
-3.018064820286604,-2.600351778903306,-0.5274192323914503
-1.391430207779538,0.4874067585300244,0.8836837873577621
-0.004660087056629971,0.7454472116773379,-0.3186874519429352
1.613893469063557,-0.2169381014245612,2.073910263671265
0.6651473961541354,-1.7860783659331319,-0.13966536783588698
1.349172306245685,0.6143009265276677,-0.8716142127999279
0.06345189627105272,2.106547514646892,0.07875009667132697
1.2780335122060922,-0.6412570304481202,-0.10647533439860796
1.6025459659987775,-2.2315709436678497,-0.7682676505652174
-1.7049855013025337,-2.56903337197387,0.12470587013108247
-0.9763927939261747,1.524257429881581,1.2980734781398575
-2.2555916373848373,2.5279889001650204,0.44561175763110283
1.4745234309412514,1.8637514788518108,-0.6528942515575383
1.6481767792231068,-2.6258991838043273,-0.7394036267474754
4.133759352247155,-0.6768223419558419,-0.5229029117025927
0.3057828851117521,0.4163650281911057,-1.7574884465294929
5.162206900687487,-1.0261716772325264,-0.9028801152484739
-0.9645929573267289,-0.6539548038922173,2.4304684417349045
-1.6437233195088712,1.6611734019489912,-0.07466802538687846
-1.6315995397631,0.15087289418711966,-0.6706371919488769
2.1785952793572254,-2.479075650994513,-0.5998373979144519
-1.9542476654424108,0.024975647422925518,1.2580198577821575
0.7115388061455034,0.759136702027046,1.7839633496480574
1.2977302637266288,1.8920428828672184,0.7859369668466282
-0.4195391939698078,0.0037850705725348557,1.96889478658603
1.027488583261091,0.10174845595990148,0.714654099076728
0.0008941414562799952,0.7493587809872488,1.8578274635001277
2.4155774441820026,0.7794536450743106,-0.47476140086859103
-0.6625978604795485,0.05574379039376734,-0.8900132835790133
-1.4093453415356305,-1.8578231331991277,1.924334184486553
0.4054449687552911,1.6043399936625675,0.1298949270968564
0.7290744769400189,-1.964075414293922,-0.3691888231220918
-2.3563911426117654,2.4234650758605407,-0.421572579667164
-0.24860219372864362,1.4751716061798263,0.8289366201996302
-2.2995578526978093,-1.9848850834487755,0.7139615965635442
1.055375211002329,-0.42359358007026926,1.7093046539554415
0.569534167734258,-0.6927744536242967,-2.0303004869066243
-1.2386597729143651,-2.083523410239321,1.4801017658472897
-2.236903383423819,-1.7576470838390954,-0.26700237917789416
1.0330057505937917,-1.0227252981878174,-2.1924131214005897
1.6612090228736578,0.7761233224553594,-2.3114626054848113
2.446740345073872,0.20576615921959007,-1.2092628428862622
1.9746142625787562,0.621438017444784,2.456511178775807
0.9544294384774906,1.66386963769676,-0.010607035263337847
-0.2515359333380461,-1.2907743507638483,-1.7274110363928667
-1.0428351157246252,-0.9339401579917107,-1.7602063433452726
-1.5980932656231623,0.06162174396633466,-1.0210265189181913
0.696651160585797,-0.21351179936689552,-0.6483604427038734
-0.19786083508543412,-1.3011280020569636,-1.7725200753399388
-1.6857159153438308,-0.2723198129836573,-1.2611290602786664
0.18498497656473004,0.04788374838448245,-2.286055347389603
-1.0067420890732395,0.6495619384060984,-2.8237001476167376
-0.21637125230271356,0.09463538294711626,-2.341785776932764
1.2080688092762772,0.7537349443026653,-2.4125557637665627
0.7525095027089728,-0.17699962328211688,-2.0025314022389757
-0.30433334257728106,-1.2630643496552159,-1.79813047313732
0.6156118106101749,0.24737376240852507,-2.6184674558488537
0.5989931568817657,-0.20072993776839243,-2.39435735010099
-0.5552843365969773,-1.4863668787935376,-1.0356376341283724
1.6336274477918733,-1.6032537628919326,-1.4918412876316824
0.4411764435814063,-1.5506491518422987,0.10919116987944737
-0.29906817639702293,1.865066834282324,0.6378780939388324
1.3788226807883068,1.9624633911877605,0.9526910098736214
1.8647578330633021,-0.07958406548995525,0.8699027850073359
-1.204234145209802,-1.6255710814287267,-0.3578291099867627
-3.7412511018940213,0.9838625414175753,-1.386691383778172
1.7819974359242727,-0.7450426461016635,1.6046037268584958
1.7518790015501358,-0.14847332885764758,-1.6014515225138448
-1.7841674724583134,-2.72481283166295,-0.6948255052678464
0.1689888179577449,-0.6326219765138276,1.3478274725886654
1.8224003482809021,-2.3333374629874806,0.9406747732185764
0.596317220432829,-0.2592824568010232,-2.1493952735846236
0.06091418202536572,-0.8482498292735252,-0.5067916112312181
0.6431347490941531,-2.512899002940815,0.5572579684271681
0.3598539748840629,-1.1362319692669227,-0.01645218165884094
0.9517974263592783,-1.5824681709336175,-0.5314918300245467
-0.26720553599950353,2.1422740914522254,-1.9347960487460392
-1.8438864015237226,1.6536353474195304,0.48361739598518577
2.6869376968362553,0.3371828542078112,0.7920521799127229
-0.14098771004387345,0.9107204106001994,0.11331309207339858
1.3934737848555498,0.11579156958681604,-0.18578481189865656
2.03124226427514,0.4666189565109243,-0.31391713570536206
2.5237469790937985,-0.15996870079580955,0.1655067500645308
1.5171085410048055,-0.3614282356633562,-0.3907009649002611
0.9262151031179453,0.3080048489925042,0.47410499020407015
-1.352646541292529,1.4828223200857726,-2.264040520060021
-0.21569555210159996,-1.0262442356169186,0.9401005519631591
-0.2822174567747709,-0.4581974702399328,0.9769954142989574
-0.5831573374749641,0.5789125072530351,-1.4922122668401463
-0.9132359715571123,-0.6534725169835692,1.0342741413978829
4.512308724187239,-1.8277692063861697,0.2047956790561039
0.4015271313734143,-0.16257644113043834,0.01720982285142264
0.7632279344514931,1.1387892089570077,0.8496145562431601
1.206591632519989,1.0584318715791237,0.22571264850817885
-1.4023694610830462,-1.1559372411847184,-0.01650938036107726
1.2576091757081533,0.7290824097394129,0.10870640366810265
-0.5861371482260911,0.4388861374387492,0.7177906380222709
0.19834222289409642,0.7016183515154844,0.2937815713248362
2.2391432024924764,-1.53217605846504,-0.9657286406659337
-3.151773742022558,-1.1297932344292236,-1.4312965793406078
2.2107642300886217,1.192192908564688,-0.16428917866969017
-3.039371098637596,0.4297154462291546,0.9104115920160186
2.372955005127641,1.2579942209539192,1.4743387199078732
-3.6322597991192502,0.6189206818197018,0.18282890026244733
2.297640731852465,2.471832445300313,0.3370564368893489
-3.6901294446422375,1.3386803914541097,-1.3239892578920442
0.9312161314363349,-0.2917533916814855,1.2847464877147174
0.26562317006761543,0.5884846219016646,-1.4385576708998429
5.037637191464668,-1.3260652611694925,-0.3422220993723185
1.1187788600021065,0.11094562262367304,0.531811261788065
-0.8393175163103529,1.0667619124748755,0.761003110320754
-2.8588886621592975,-1.0355818180279635,-1.0034589407432217
0.5123209484911632,1.4648195292407535,-0.339174504229947
-1.4844908370987382,-1.0925742086064985,-1.4800710098870624
-1.8732832801839863,-0.19771460412006783,-0.22915502737989157
0.11200390321414244,-0.5408464497238186,-0.1779628859322285
1.7753067952297164,-0.15763472078912502,-0.2538046564050525
1.0496846657894539,0.7506162946747125,0.8879064649850731
-2.652064656991271,0.5690460965216023,-1.6900627612346288
-0.5876757082424818,-0.21642178891781477,0.7011752945144106
1.1673092183182254,0.7925141084050467,-0.6195886613919768
2.273268827247585,0.6981822131818392,-0.2982103044525466
-3.351060608236509,-2.0231553289763964,0.06954526299989129
-0.430434728925974,0.9428035074920867,1.5138319062789793
-1.4626023456838773,-3.6449390103428607,0.08553370304938693
-1.6297278397665103,-0.4046735142128154,-1.6662222912744669
-1.2408398636359366,3.0775447316285662,0.6157651485943777
0.7807002145153538,-0.8309490249476267,-1.5128533698105857
2.432493444702578,0.20093972710542543,-0.5687783989026776
1.5157944551090787,1.656419276508626,0.8670339346022629
1.6733697498999633,0.39729680957955155,1.6011010205241938
-0.47898284464942875,0.8086308914094723,0.19867078254678852
0.6535471371227705,0.7090483720565909,0.3443185986091286
1.9287745225612651,1.196990684440748,-0.29350384615947345
-0.9535133089238111,0.9824693012339953,-0.25917077154319124
-0.4547927779895475,-1.5302477750990031,-0.470629427017828
-1.3155030815113982,-0.01182180248749485,-0.3445538799771939
1.2180786807103954,1.1306496460009876,1.6045422483941914
-1.6332512075956735,1.8584738666308496,-0.5010287126440337
-2.769688549233712,-1.5986894172244133,-0.5556606656636409
-1.0523395431182287,-2.5966462161251624,0.48571046399693624
-3.0512769977583267,1.732095494759221,-0.06333068436162739
-0.4009073255614512,0.9265159571657255,0.5418515121968762
2.381190688388579,1.402822796223809,0.6581662136414275
-2.1366497207672674,-0.5250702467728116,0.11734457592388003
0.24527181164155493,-1.7027461643583857,-1.2123523164290275
-0.994799971048808,-1.9841929485866379,-0.44197728249428997
0.3353244562633517,-0.6254348577206952,-0.44740257717987136
-5.366813686310348,-0.4301543636492327,0.7928565981385499
1.6777681097935953,-0.5746170549822011,-0.5628478672989864
-0.17951528833594485,1.320352382719516,0.737700697733084
0.2083372618791487,-1.5145962869752092,-0.12414433485800477
3.8360170468856793,0.6433013152640976,1.6719125467256934
1.133463515052366,0.3782982986801436,-0.353361123381378
2.480666909251811,-0.8552462341818352,-1.2947066520250858
0.36216781190079295,2.8145661883595876,0.886737735675672
0.525387647523241,-2.3008220209326042,-1.28940171253105
-3.300891226358343,0.007721394100987496,-1.1012071883659873
0.7577239988140753,-1.9905398163731014,-0.5232140265864037
0.04112425966935843,1.4723138620547571,0.1318786759955086
3.2890521159988193,0.4988938514006475,0.24060168119026612
-2.599019030857042,0.8756829311718735,-0.05491847953665864
-0.21108796007788425,0.6025455793716396,1.2460113194865319
1.258198857742888,2.806132039928785,0.4021137404071771
1.2218232030465166,3.2927943520681775,0.007949162568812552
0.6459572706604959,2.4100755062606147,-2.819238058822076
0.43860175620172953,0.0023430445784772837,1.053089587864802
0.7197463574327796,-0.9835089288816063,-1.2580636096568618
0.3887352728899905,-0.8709133101373705,-1.2957272878781134
0.2929463968764228,0.9962004974963317,2.1873061598486654
1.3705863258515703,-0.7623316138102199,-0.6992942209498763
2.345141223887401,1.2006629318665003,0.5040957446845616
0.8162594451970914,0.2345140365409494,-0.8227974923401817
-1.2431327300748658,2.5374746804800963,0.15842909950556958
-0.5902682622617904,0.26057860798571764,-0.0909554465510808
2.854305794793239,-1.0566543456473898,1.4808478808179348
1.6498867935486958,-1.5592656584889901,-0.4424589835226259
1.387590476530477,-1.2328039056064988,-0.5941551239037083
-0.9469019346719646,1.629908028503873,-0.686296822791901
0.12389663941255058,1.6889282568301187,0.8061121716886772
0.2977833676423603,0.8772646070089976,1.5770277604570135
0.39639440988188995,1.0956767144783097,0.047915138880115726
1.2776564644103134,-0.28531001014977425,0.42869000115360584
2.5922722361080854,0.6903295798206025,1.8158745047916311
1.342311380013225,0.1728395632427552,1.9323618256228705
-0.20093714612568528,1.5424627433243014,0.7729189512785068
1.2846998766849822,1.7446962557043197,0.3110781548130239
3.1386945252717084,-0.7840709501506762,-0.7912671898338742
0.9524126221957692,0.30094595467308427,-2.8900309544642475
0.9976058447200137,0.644626713980654,-2.51261484486374
-0.042149555470375466,-0.4810891439587339,-0.265009854103215
0.13132672904067463,-1.6939741396150874,0.20077580626932337
2.1887551808401406,0.7069126507438249,0.19325233586523777
-0.5344264257292106,-0.6129942874381543,-1.375840131803367
-2.6527499210044736,-0.6904212861804254,-0.08749352194332184
-2.6749866628371946,0.0006183803619751689,0.2778900577900918
0.7670839039697488,-0.4142486217461925,-0.7659539548629449
0.007159823297340477,-0.4891070262672829,-1.3771869916597923
1.861238449024171,-0.6925626728029819,0.0255055972567049
1.532791826125098,1.997599144437135,-0.970767253118473
2.236410122249152,-0.8854228939842717,-0.733537674414938
0.8304412306977107,-1.0903727661357718,0.19233920801219143
0.3235043469791074,0.838377457852931,0.7213639595350723
-0.7921447140794986,-1.5156311589340954,-0.7808113752068825
-0.07660195013263771,0.33127120345891836,0.2725361379647741
0.3719598278018801,0.14384396500186877,1.0457738612766707
-2.0470887363676535,-0.2158058218077348,0.9537973658221583
3.0728171523979944,-0.666572347168211,0.9198771180028457
1.0212667134389377,1.3833194286578814,0.4564673815945172
0.2668417432432266,2.4517297586356497,-0.48313880735741094
0.6941644602692892,-0.5495231597448277,0.47544077714319954
-4.884205010627655,2.451848289898874,0.16355805304532348
1.3570373759763203,-1.6793221228630961,0.3720639724015681
1.158201908257831,0.9322402241656862,1.518556393853298
1.511302528991621,-1.9952340561169821,0.519540926101109
-1.421472313062172,1.5839322486530585,0.7760464618653262
1.0347263486640172,0.8215385415154147,0.41142986725483294
1.1152806590152493,-1.197944412399872,-1.103099331244777
2.4432454557351444,-1.1097470772203861,0.07776805491961117
1.615437973016617,-0.024489562562853333,-1.4601632585726767
1.566097293922837,0.13932897310388465,0.46913184489583093
0.8021819597188938,1.2282066742476472,0.4571480754129362
1.488239384269361,1.3265249687437752,1.5993054856106408
0.9782790468451624,1.1189934530082652,-0.8035636737460748
3.869915533171506,0.9392293092313768,-0.12154418568475595
-1.6719333682167317,0.17146158114808746,-1.6009906317287113
-2.073292225767967,0.9478027193667163,-1.4326345987629532
-3.784054754756996,-0.5471248547138077,2.677157458867336
-1.2117400876683517,0.21988551808306295,-1.203515918716868
-0.28781519817038537,-1.3243386061918005,-0.8662863405486622
1.9866185470284314,0.2446371792690575,1.1265893828456355
0.7580042285913231,1.8587949177185819,0.5556877407399441
-2.1369490811399,0.43625992983967365,-0.8682527582732951
-1.4298200155740952,-0.07606653883013685,-1.0741224282774195
1.9587635945348623,-1.5165165531395144,-0.4917274043157037
0.43882463617819817,-1.0340049894737402,1.1618237050528737
0.8068437223617021,-1.2998722630802588,1.5515849374035728
1.2629796455538338,-1.422510693667163,-1.4224453532861951
-0.30046931628996615,1.049966428863487,-0.9047446948136713
0.06757572276670158,-1.1802844780752764,1.6222210858934807
0.4308025718333767,0.4718199987756426,-0.38171697373747165
2.4224168272240867,0.14643212733390545,0.6454280940289536
-0.45729977032683844,-0.5955728021887801,2.109849417988179
-1.7015835085357283,-0.5164888643839073,-1.1382591913062308
-0.5325158390631203,-0.10018068541360393,0.20826447298699502
-3.9154491781454284,-1.0833508251883681,0.061505227862213574
-3.961413078148667,-1.3908148783467733,0.132720226613245
1.4297530144687849,1.3164688280961954,0.2841362903977016
-1.1465241012416438,0.27942174907202544,-0.49155269267271035
-2.418893579179826,-0.6536545684487091,0.9316381402717145
-1.6811816840372746,-0.11244548482981927,-1.3471303282298208
-4.848576546431455,0.6888317389572736,1.1422642045629192
-0.7655641726260349,-0.8383856928653539,3.3334366094002275
-0.3482925079039622,-2.0248034952115215,1.9905817515344233
-0.21768081436554293,-0.0129987064562635,-0.916605929616582
2.018971964703808,1.2459860188062857,0.4600586532053363
0.9218534416703852,0.1298468030347213,-0.9170409266356503
-1.3795525029906461,-0.8828355326922129,-0.525720716639827
1.873322878681287,1.1563926328833978,0.42656504386075356
-0.6860824731605507,-0.7045885616110266,-0.7365218954835586
-4.169060828702879,1.909942068004195,-0.06385570828880553
-1.0644176709205653,-0.9432548610387793,-0.3119378699992709
2.9484830778976523,0.4169462915923324,-1.8405433672333225
-0.3205236846340027,-0.9429120819473241,-1.6399575876827153
3.215959097341432,-0.06333868809506576,0.6614005829920663
2.1101321241994815,-1.5307154527081583,0.31644793203815685
-1.6292278609705988,-1.3063514111758021,-0.16502793083188663
0.9397266493121542,0.40881915523765794,0.11635603107742318
1.714654486074902,1.2001737579159397,-0.51453246361845
1.2175160752510459,1.4412711110106597,1.9730094455564697
-0.2366658031965297,0.05223354344306264,-0.939755217355238
-1.2486954256141387,0.8915545164404324,0.4313047334391262
-1.6972628775913845,-0.9047758508202813,-0.22355020624449223
0.3752754366766207,-0.5930857807932088,-1.9692401876587455
0.6026796058148305,-0.467756779812546,-0.8122185220325501
1.040237628734547,-1.2905569416797342,-0.3521115246447431
-0.9559615115136159,-2.9926029649222428,0.7461633695486614
0.5550040054325615,0.2638969580883789,-1.1127120613635184
-2.6200916684608866,-1.2220525447711958,0.9623838418866612
-1.7151960872242016,2.7526066404325182,-0.24009823811501826
1.7235968572832852,1.4161627460294826,-1.5693400031476712
-0.6482800321720908,-0.22708598771695498,0.30478387573063326
0.06147474550585708,0.1362404137044576,0.6020176824762551
-0.12799815140788956,1.0971237164276344,1.0846853357767847
-2.270897440567854,-0.6275350732893272,2.2898396737018065
-0.9731116981613368,0.231372492779141,1.8483983702681375
-1.1285870909791005,0.9578084857014866,-0.0922807819666416
2.8070006801430734,-0.7137224695281658,0.26813100329087286
-1.6393558150342284,0.023114785768913734,1.4374007412224719
1.0917424589919695,-0.7380728187422567,0.9515119173625005
3.3514602073243718,1.0227261960259908,-1.1141065390856932
-2.6869339079311314,-1.0546236150285464,-1.056321848788353
-1.4568789499490018,-1.0778094769642872,-0.8292340648092401
0.41247337202114587,-0.9224381876074973,-1.3075297942022046
-1.5098745391277382,-0.567082937488758,-1.0318017507404524
-0.26179346021478106,0.4899527506865948,-0.8457827644142525
-1.002153952027849,-0.6309293312490465,0.18466107810232146
-1.5612585057229111,-1.2124305582151782,-1.005134481747865
0.6395260247309685,-1.1427885829172766,-0.40780681621238424
-1.1851342768225983,-1.288697171396487,-0.422816521880516
-2.333257444479756,1.054296200311912,-0.03926961473063908
-0.4289083611264616,-1.235798550212843,-1.0225069143273036
-4.3260624424395475,-2.0973717076822918,2.5330231333272626
0.9435360355699414,0.5292609676085641,0.4714380982523332
2.2431702634588135,-0.21581364886840568,2.2441713262075464
-1.0633865919865388,-1.211968709118073,-0.09931127045590338
0.8481119249077778,0.6421069320242677,0.00023777628828276133
-3.2517895580313665,0.14558035616491996,1.7952025789920496
2.187104120835174,0.4486349272073523,-0.5892925143594818
-3.8194825826260868,-1.347184272015625,-0.02946220318094863
-1.908133499695933,0.10632388707619468,0.36896080586376184
1.0078660825455956,0.7725617234022071,-0.43297071589654584
-0.028940692503861914,-2.0302870174351715,1.6766955741946916
-0.599960296677955,-1.0618373170145454,1.2189643516418769
1.9165936351764548,0.6633073911235828,0.009174809174183299
0.42612582986391717,2.0638798897259556,-0.28453127737255735
-2.655122871089447,-0.2796254889690262,-0.6708157017255436
1.041926285841845,-0.05399340186305184,-0.6527365862538331
-2.47252192744669,-0.5261144703460464,0.5332238718654083
-2.47252192744669,-0.5261144703460464,0.5332238718654083
0.21812752670990992,-0.39451258602398953,-1.058536100654781
-0.040059944439230416,1.1800169242927405,-0.8450454730096226
2.6860426313993364,0.3517332851875492,-2.8938857226805816
-1.9805714179627447,0.3091302352235412,1.0001121270483024
-1.9435199836948742,0.9948909288351873,-1.065498329590076
1.3414360342997027,0.7360147144330969,2.063285913875831
2.0386204049848033,1.978650531628725,-0.1870033953502305
-0.7433494488446154,-1.8108290434547265,-0.5716743684625685
1.9174217310054675,0.31221480565399046,0.05557408449827275
-3.6837685329533283,0.38338186171500116,0.6339122663488655
-2.3917562917347084,-1.3577043743871406,0.34052650668577067
1.0379426918489383,-1.0375103727428834,-1.46342491888411
-0.17231266980216492,0.04561747206164745,2.215156051695411
0.6425097369410552,-0.28950380161086225,-2.110734049063779
4.3609167736586665,-0.8263632757633582,-0.27289001104257476
-2.6184596987715745,-2.8960489987401,-0.002204434230896311
0.9083500132345486,2.301462251631704,1.1816337556844565
2.120624187699376,0.8062917051723627,0.11312940855563547
1.092284918004554,-0.8505309711951067,1.8606716744759304
-0.9436573749265318,-1.9349979782081321,0.6745813359878596
2.551003541590504,-1.8109706539383033,0.7204995040118799
-2.648718630425802,-2.4373022863380616,0.05770589012249793
1.1321725894615564,2.9127421323627107,0.696086176925888
-0.9803041383874838,-1.74801335038601,-0.2276509025351386
-1.9401997604418004,-0.38988782563524355,0.4165564423691807
-2.377251274895181,-0.074451497620802,0.22649285886494425
1.0535117404595788,2.3886408483804207,0.49312226310468316
-1.461333420741008,0.30344071786685917,0.2720362914130399
0.9824635098262842,1.524615613904163,0.9431604926655708
-1.5658539669646347,-1.0887364172837488,0.5308379314125262
-4.647871444783678,-0.3827055056193451,-0.8174286946246296
0.3865816688695231,0.9269880750780989,0.8466790262115156
-1.9787794181236067,-1.5947150254904907,-1.9267376274574168
-1.3141604667507214,-0.4742213627910296,1.0759969252479378
-1.5408716333405996,0.018336958423708843,0.5797606341902461
-1.371780440687347,0.016128451924722974,-1.0752783353906277
-2.069147449271999,-0.7020449908088837,0.24811762181029823
1.004141522744782,0.46477223656650873,-0.9750775212828592
-0.18354065383603418,1.9058442580025279,0.15979033055652853
-0.7447957572369269,0.8026147082711411,0.45130869429563386
0.16800914510276077,-0.0979870995277358,0.7978142695253583
-0.47494485474490905,-3.3648517198425023,-0.2575981767907719
-1.8532783001556181,0.5561818582428492,1.5578529905298617
0.4355811213335985,-1.990782838347285,-0.1504204386059871
2.1930012060874002,0.17564176038383908,1.370537943905823
2.484727580230935,-0.9421801743844174,-0.4195309304350298
0.36185074246484566,-1.4993158443345294,0.1613336903473007
0.32282865315273174,1.8691299434460444,0.6488743412747232
0.08539343388703612,-0.7745843119363819,-0.6029713859145674
-0.4647660564275289,1.3824681533090384,-2.588697521928242
-0.3319187356156513,-0.36570225085456365,-0.39481262722888716
-1.6978915371711085,-0.6710241603836921,-0.7745902202019147
-3.8380356941378233,0.3625657664645003,-1.4836480667092014
-0.6799858213988589,-1.2942594157029084,-0.38032615967240013
1.6432927874867178,0.8541785266347595,0.5236555292968709
1.2999663826224612,1.7836504125702184,1.2026560179431807
2.7236104697429186,0.8289198307184121,0.35394346332857396
1.2965728705978585,-1.2235886679605483,-1.3763125632748463
-1.0576275136981095,-0.5732724490060086,1.0814643356025777
1.4462382722386828,2.5265361273799565,0.8023371098798728
-0.7222462237335499,0.3178129588331376,1.4283304245216872
0.6693246763204903,0.3666865559152327,-1.1296719603812237
-2.6181516083137852,-2.7989055213766076,0.6737820406256939
-0.34924635370898055,0.3840169035646493,-0.5117546813750278
0.20361587187914681,1.3542980260105355,1.0321350552643087
-0.9029813348980953,-0.7697186034948198,-0.5805523081547896
0.8819545423754115,-1.3292391736811815,-0.23236320947120542
-1.5597952709974314,-2.267867904315271,0.15020044708757563
0.6398302898112724,1.3980916058117645,-1.9165545021388846
-0.8483524481362733,-0.8628392113839745,-1.0354215487093295
0.40626722589758796,0.3920013824736627,0.6428253038493734
-0.7073844602675923,-1.2013000918754109,-0.7231038762472103
-2.78175043420984,1.4094268372158893,2.088940585559978
-3.587255194313344,-1.176128059225409,0.024729758849237136
-1.8958724069673345,-0.01132364535619605,0.6950891508747865
0.10018328643677313,1.5967555757015344,-0.48150483371116964
0.32369632393020065,-3.133618939308997,-0.009579280325029573
-3.642039366939784,-1.3716061542735385,1.4828537115990759
-0.7325907283407354,0.9453081795421383,1.1763011164589883
2.204294534067799,1.641080723962408,-0.784897374354647
-0.1540651737229573,-0.13110981752518627,0.8528045320238172
2.016698362938203,-1.6646432885198792,1.0016222335046372
-0.6540758313015873,1.3094164931138064,-1.5724901540548462
2.448842278977704,1.2208002922077885,-0.8276877321628322
-1.6755131123230882,-0.8484399442212092,1.1295109351558323
-0.5012797477423503,1.4422240272563918,0.07234567816406047
-1.5281317587153438,1.2181720057001564,-0.4477674798847037
0.3209306768227275,-1.7619801094402314,0.11851538983388658
-1.7447383986916198,-0.31083587178512034,0.4876282113817175
3.21914979583698,-0.6494218054155231,0.7374479051342089
-1.595877264043968,-0.40201202219112114,-0.8061906423865828
-0.7044023455579538,0.9138094108641485,1.9093553429345582
0.05640870628247854,0.16948083270773406,1.2518668622169111
-0.14639065709507224,-0.1235620682374303,-0.03527241574608026
-0.3554530566535864,-0.7348552375959259,0.27245106423804333
-0.33580740823444216,0.1493470460520703,1.15414735184459
1.098691948555846,1.5200622998464803,1.8384047244393984
0.7993979439335627,-1.7445756216829011,-0.6130121080938917
-1.6700590391154602,-2.1731368474870054,-0.32502557225171447
1.4341077685753179,-0.32314702444591265,-0.2852656187144141
1.5805101013147596,0.2865903320552104,-2.3970722630306054
1.1937870174886123,-2.318774845555705,-0.9583241614426813
2.975071861323771,-2.1093760475841155,-1.6690414113260972
-0.3033820333352119,-2.9932856677613726,-0.291139600236089
4.439323331331666,0.13284828165939827,-1.1522754848840187
1.3890219217777386,-0.6367372657996282,-1.6800754383040564
-1.3129967897784163,-0.060614706748267515,1.1967429779377468
-1.069559349193484,-0.9064330073623478,-0.3273773479528935
1.0625966644814655,0.3317789327054527,0.8692157062262649
-1.9021655204715657,2.386877554241852,1.155126717490611
-1.7169013391780685,-1.5859549044503478,-0.9332325455125917
-0.2098790190763961,-2.4498211044431346,0.5478034301834763
-2.7598159198803844,1.9729712871417164,-0.8251538150131564
1.8131650902529433,-1.4953397227580678,-1.070256707682275
1.2214433330889867,-0.20066043413872445,0.3542111627262408
-2.0609087249126663,-0.5385609047803512,-0.06523025239271991
-1.0051998376621978,0.8216609161498175,0.1824525690107368
-3.5348499148362005,-1.1958207107800294,1.9869088679336482
-0.3917810659183342,1.5832776255523624,-1.429128173508671
-1.3102369324832344,1.2957204917318574,1.0272595102629138
-2.418303055557929,0.5571660172212592,0.02469868199634605
-0.16098457691630164,0.5467072306857722,1.259857262467157
-1.1435275590690308,-0.15961698363867574,1.8193656284141604
-1.326828572204188,1.0631467704289161,-1.735837518062866
-4.948188544851108,0.6579058421227767,-0.45799330907438796
0.30354522232916975,-2.1475819763830857,-0.12421657366324887
0.8239422030487772,-0.7613379387063286,0.03366619264343718
-1.9695771793496009,1.728943453011974,1.632088072612859
0.020942997048850907,-0.7822153330156314,0.9348187476216695
0.41807811439977344,-0.14116985016881664,-0.644568166729806
0.7731086624995701,-2.4224166119378436,0.09692811155682908
0.5016943759207365,-2.367747146565064,0.47680336167930365
-1.8953453986538047,-1.4353800489120554,-0.47693362303550646
0.9032113743532295,-0.46752800363342006,-1.883539215230854
-0.5499370253134572,0.8445517543358145,-0.24472334167083104
-1.1013015527732644,2.1506546954595227,-0.8742194917777983
1.9732338482927307,-0.7371401967441982,-1.2538372077629898
1.017003857955899,1.558850765828934,-1.9536076881973585
-0.8116745119401064,0.6892073130562131,-1.1217477565073306
1.6114692410570106,2.113712508658385,0.10117751737844666
-3.5802080489426,0.10914427372415754,2.060789939670131
0.4439869694272575,0.185987753403154,-1.101687875596324
-0.45503989347699825,1.573707851052006,1.2614248834636006
-2.888561932239435,1.9945496569984533,-1.4997715140249548
0.5368231760806677,0.2938086552114689,1.9633608154889115
1.4940624184987492,-1.1145172826784162,-0.6040354625374467
1.8712746864736272,0.5244673307396435,-0.8582850863800516
-0.9226391185945996,1.2722297443154051,2.1779347405998406
0.6966027584832984,-2.923620663744383,1.7450662607414091
-0.5963885872212422,0.21342239834985258,0.2913450475241696
0.2868163378781462,0.4049200168606343,0.9575364106955517
0.6249947108496385,1.7869628895096508,0.36083857329393443
3.3496168528705406,0.8969973880023459,0.5121183215183364
1.938251302860775,-0.36702705185880646,0.2987338910218986
-2.145185978341657,-0.42385571953978396,-1.402621731404517
-0.27434024690360603,0.21562724688072726,1.5669385407282
-1.6723069188857922,0.45389197403329734,0.5494282140160878
-0.4102446062490822,0.6160311631953596,2.609970089156912
-3.2375040732695757,0.9031227221577497,0.22125681067661118
-1.4199182848749206,-0.6040373258546472,1.0887111214340357
-2.5781290862228476,-0.3628716847141632,-1.5783279458536463
-2.543235380955313,-0.20557048976160192,-2.0133730759590165
-2.1949555649581747,-1.2647895525734647,0.02173716821881638
0.9811735545008026,0.6606788822152221,0.2893091568659621
0.2850140798258399,-1.673451241920209,0.06584205373195454
3.0706040641930814,-1.2817960372157693,0.11904188297601327
2.5458806841816948,-2.607572899595366,-1.016752463350156
3.1219676545807284,-0.4851222986492903,-0.564505975726915
-0.5310531179492027,1.2305910646866183,0.4387385547074892
-2.422569617594877,-1.6618719749664705,-0.17020635907112944
-0.7223799048177413,-1.2420481967136787,-0.6513981567096205
2.58390480857917,0.1755676641567908,-1.1181498694746448
-1.6772502277568713,2.1944755365319324,-0.36838085503790585
-3.459701200446993,0.74244567722642,-0.005583854428345314
1.791116997571577,0.09342020885700773,0.8271883860651219
0.40905754074745604,0.3090588460282898,-0.5945328663250775
-1.420092212289069,0.5344685094990349,0.9202641522174858
-0.1442526173121979,0.04098706461709969,1.7079949898803857
2.5563930876054046,-1.2542478846693756,0.2304670367391828
-0.7102561432733341,1.7531471469304034,-0.47486458690523553
-0.18862893885949053,1.9120293660902783,-0.7005793344310376
1.4996003017167854,-0.1522928365537206,-0.45235417781052695
1.0267145797804003,-2.1779115013488424,1.3372084130974304
-1.216286070942901,-0.024943661848307833,-0.5753253740240591
0.18024328145144722,1.2164133499675038,0.32667654396430695
-1.2229411855649615,-2.1973344976019984,1.8934637649786283
-3.100114992580012,-0.7727311592747,-1.7781354574087154
-0.4048086983597459,0.6012896127224958,1.9502079669407162
-0.8485976372257675,-1.3304334869874224,-1.186930503285626
0.24991446141021828,0.0679908932840553,1.9215671198665194
-1.72647160894355,-0.47136102063115415,1.78385947537088
2.2707583745600366,-1.1039086567111773,1.5658990401244925
-0.20673666672777707,1.0299921069319042,-0.45187014053307445
0.5882061558412125,0.8713572728112653,0.6270629138751185
0.05157394983727537,-1.5317014408175222,1.102788357333578
2.2008280887368987,0.5132181320311914,1.4861288982589962
2.8217742801048753,0.4845380480243502,1.5484776610459496
-2.7482461453644365,-0.44678354520452096,0.7114624788628694
-1.367861629051197,1.2861289419189115,0.4004613945611517
-2.6710920734606027,0.43518765151760797,0.5105906888064039
-1.5668672672873951,0.462872940257016,0.8204489689356891
-0.35630585580911595,-2.0905660866457443,0.6925121806083409
-1.6583751807449678,0.5811174697910186,0.5118076634801892
0.12936507228202634,0.46291766092112785,-1.2041398339377118
1.5030371438601609,-0.1582722565051627,-1.3433770195699224
1.1039981762175075,-0.6318749407618802,-0.8470203585802413
1.4120844869450748,0.7956295209626034,1.0909513345210389
-3.659049084745903,0.9392557687743303,1.8199171839915254
2.4140552702176343,0.4820074456073941,0.06990221963895302
-2.97989878191978,0.9520441540936495,0.13967715792141855
2.9391701773225756,-0.9907609978213665,0.8947801488193046
2.2339289672704363,-0.452076561894709,0.6033986980208056
1.1318872252596552,1.2972570212113834,1.916230976254014
-4.180219548550958,-1.2914631454840664,-0.28328647649304683
2.569928263146592,-0.6669028064203925,-0.5166145832696468
0.5946808071974549,-0.7719264493695425,-1.8829093311385696
0.7108746585613618,0.6086962451358182,1.6095517194321678
2.3976231514469566,2.7795582889169874,0.2637975212124534
0.41595738220814044,-1.282012575571827,-0.6014294233383248
0.5172504556538136,0.6474448911606622,-0.6314724409006904
-0.5588659966535057,-0.7078992578032389,-0.884450142480271
-0.7329683184235644,2.628521708812211,-0.2935322565008801
-2.9138004736799,-1.9838243795254478,0.5599521963504939
-4.184364269124821,-0.04269867669436146,-1.1947490285325766
-2.3507697478048284,-0.0025095960417392247,1.1991535197231082
-4.71571363733256,-0.35198541775321407,-0.8516362539453735
1.0398099369088234,0.9110394386260351,-0.14432466349898235
-1.3151620435878848,-0.6629468480942443,0.4868556512175854
-2.2592152219154635,-1.2686796917143992,0.6612790485458039
-0.43059589510428314,-0.2501288457537201,0.3249531717178348
-2.492949897082426,-1.3543651213096979,-0.3172362352446252
3.454215015613826,-1.0137473986737913,-1.022557217622889
3.9759430410875405,0.12474093267364413,0.00701487195619079
-1.0630212744099723,0.7981477479462449,1.0203245648351504
-1.9205584739407349,0.5794187988940331,-0.03760918530425325
-1.5068292465982553,0.3714892169695497,-1.3767022508177043
1.9403887305680567,-0.046447310090035276,-1.4878680680278213
2.8233862707106687,0.40769598368339866,-0.3530121045628598
-0.16913101736898375,0.9692862938439945,0.1532956817245389
2.220011111680915,-1.3235671028647824,-0.9911436888922248
-1.1366604937840765,-0.30180481238785933,-0.457495356062005
3.2428630779481247,0.5252732231426548,-0.5009339038011492
-1.1777912495425755,2.595963886029372,0.4983918550214432
-0.6363865234515402,1.1800796484431004,0.5963835393634558
-0.47479552887854565,-0.07286671399999464,-1.5297475987863876
0.6183272574830067,1.4546277246748271,-0.45093760232502617
0.5861530380141776,0.4390861638875641,2.0846438764265205
0.34817607182335003,-0.7778847109393908,0.6686200152081974
0.28630890577291324,0.5981913108318604,-0.9592066361999729
-1.1076617729538065,-0.4466590536197893,-0.6013167846263867
2.0057918369472656,-1.050605302556212,-0.3744242751201527
3.0259546896207303,0.1534062626708873,-0.11923501609856346
-2.039230580666363,0.9815749536743087,0.08136556153478312
-2.097170840067831,0.5374789332696991,1.4168381890206991
1.53206983481806,-0.503382924473905,1.4175657997164757
1.111368943711718,-1.0277566716813928,-0.9965957396878663
-0.28155105231678484,-0.4777741227988617,0.2937231634153361
-0.09905934098945098,-0.668071727738487,1.313648203147593
-0.7847586548542957,0.30118126811654045,-1.3104998182375767
-1.2441099741431074,-0.871926376393522,1.7673479246991846
1.2787434857974844,-0.08993688464293864,-1.149570870821516
-0.45042712370233995,2.4261314591983623,0.15670599793168002
-0.4503393057243748,-0.25756384548088845,0.9478200247586375
3.3223873549635905,0.4219244558559896,-0.26507344477945516
-0.0013581494107426048,1.1677174591383934,0.39968486043711504
2.327685068787842,-1.2327939291188117,-0.9227118772310692
-0.7645547602287311,-0.07469243969597335,1.9234828123975631
-1.0565168855534366,-0.9558997527179398,-0.6933867315742575
1.6065092137191284,0.11420896077748383,2.487296932608234
-2.148592558717669,0.15361442287411,1.829279761028329
2.0065051621125902,2.4167317411366387,0.7682870289758459
-0.9752175463401804,2.6115151762208715,0.8180808536489547
-0.784093004244678,0.5480377756620631,-0.34819960355242
1.5747791110091416,-1.0872753678976417,1.4910479270931665
-0.1661694591778013,-0.9649712088846295,0.18346161257080965
-1.3114696344499766,0.5979745209153823,0.05121076814741892
4.618496162858043,0.6204190525748835,-0.25870519423824695
2.853539502550133,-0.8556053299961537,0.6811357233315926
3.883368807166346,-0.13837296798434764,-0.5516604418448242
3.5882206126797365,0.4378900780995576,0.15733409647619695
0.8643637508279823,1.6929109244043528,0.9761192272459005
-1.542603548547834,2.095135943499979,1.2114866102618835
1.9266076296567585,-0.49533919514647623,1.0710401618368637
1.0536837805519101,0.3985728097250536,2.70875920683253
-0.3109075924849919,0.5201546469674891,1.858729035056149
-1.1193967888288712,1.0788261904145338,-1.5922699573320205
1.5366566496925846,1.0909394743454195,0.46719300580090667
0.3644996478693617,1.635917891847913,1.8065557076269807
1.8744588142700207,1.2945491385640422,1.7207592679555566
3.5755507127352817,-0.4008808003156796,-0.2911401384714525
-1.0768731199415564,-0.35591518783125636,-1.1492536556961024
5.006217727158153,0.7243076976594407,1.0442565183583186
0.9964004337410748,1.862255846666182,-0.038984163629209284
1.6852919642202935,2.2144451836697887,-0.4129552332055995
0.9213181934613591,1.493823172054249,-1.1248488616505126
-2.302099583233216,-0.6728841158297126,-0.25076994395384117
-0.5669373218808972,0.14448020899045025,2.2276739044046465
1.4791345148463657,0.06155920641087164,1.45867854637034
1.3673144815085438,0.13419823881282872,-0.6498748185046166
2.7464217360320182,-0.6408279313484408,2.1024638822011448
-0.33500884749312837,-0.27464858963669236,2.4427850618265237
-3.2086078837461516,2.304921177156446,-0.5707709594243395
-3.731433058718549,0.4105952010663635,0.7663682449939373
-1.5146163263879067,-0.5115765220451083,0.653699482385508
1.0856062510978108,-2.065372348898313,-0.5364151795279921
1.945376164423299,2.144426238977171,0.8422370464739206
-1.6163727557059684,-0.9338187311031572,-0.5577088998543823
0.8165066458452936,-1.8360177072372832,1.1733432263908785
1.4789477623714093,0.37415966274498125,-0.2284417408037261
0.2022941116471154,-1.7000655373428162,-0.6213175474821362
-0.5376053154002993,0.5846435573440588,-1.808203682871286
-1.225494845595851,-2.036183352356611,2.0337359189917787
0.8089574348651608,-2.499749634447041,-0.2977209288820654
3.0105901629040015,0.2983032223685137,1.842808975518181
2.8496407075443826,0.5347594124619277,0.36056492155057146
-0.640471467441995,1.0657352340399935,0.3089721742122753
-0.8936262389435177,1.2213098688428856,0.0663625970474281
-0.33536311082758574,0.6180875598462936,1.6039520979493251
-2.595508403680165,0.6905952113395966,2.053288417556852
-1.2324356416416338,0.09795138628855389,1.4480772914114335
-0.33500884749312837,-0.27464858963669236,2.4427850618265237
0.9945404478979025,0.06155582039943646,0.12238336723608959
0.5368066792345411,2.4357352678468303,-1.7264496567313439
0.36924838542946053,-2.9391871583493523,0.8833375130420718
0.3666914735489619,-1.9735290071409857,0.551036909777192
-3.8490392125561956,1.2058969998106315,-0.25761923568541617
-6.061100052064377,1.5969699391177734,-1.1788624031919668
-0.3214491583005651,0.19707742021601912,-1.9125446553508154
1.7651655204142385,-0.6248005712747469,0.9494741212888377
0.8854662305584371,0.8352885093143838,-0.19751234762868328
-0.33500884749312837,-0.27464858963669236,2.4427850618265237
1.9197922564994714,-0.1746892737162101,0.4339744661075252
1.6548484099464649,0.1822376810093339,-0.52122395272188
-0.17558454798112644,-2.2514829317398357,-0.3196398688481307
-0.15442379258664296,-3.087093583322054,-0.09702950550166407
0.6599468553037195,-1.4027833814980322,1.221490685743088
1.9457319107096815,3.1850226500257395,-0.010910162428345773
0.10936097927261214,1.1473257817341946,-1.411616613785144
-0.38786049747799173,-0.9841709121445988,0.7990351366557279
0.9257774656627028,-0.23887195852146398,-0.4844776384136618
-1.8716895139180796,0.3487479630806973,1.9324385686828587
1.899430824663462,2.296868455897566,0.9642853239464113
-3.37636195322452,-0.3469678731495632,-0.2704740723364546
0.4600947876791192,0.9908872480540126,-0.599686927260069
-0.5956875171131756,-0.28268003947916864,-0.8557661100045656
-3.7922254241062974,1.0624945019545964,2.04510839757587
0.693242164959204,-1.7832796815553258,-0.4135741388541028
-0.3658514193789245,-0.8124004387357964,-1.3426772181079718
-0.9180739699885478,0.2018438959090511,2.585366717951242
-1.8767401438311007,0.8109667618106401,-1.551243363911993
1.1467579693091672,0.7045628674646975,-0.18014088307211812
-0.2011477577871593,-0.4004276899789992,0.60948182051944
-0.051934842180047645,-0.5768602574671415,-0.9370141404944541
1.6895605708656398,1.0286316608680326,2.0620889505223543
-3.173062194649067,-2.1198957328198684,-0.1741877853167826
2.432734851442163,0.10067417907629103,-1.3937048529811147
2.215517135764989,-0.8036371208203112,-0.7890658910342923
0.02006211700839911,1.1556901335991945,-1.173197991884625
-2.688318186795531,-0.1667608391754592,0.8325599108358951
0.35220743108323604,-1.2633627107415957,-1.7917158346507684
1.3968083931426445,-1.1689103684553492,1.274783179160614
-2.4960415056739182,-2.26960256786535,0.6059084108042149
3.3405212887156197,-0.614218949346699,0.5581719807363591
2.254823113059897,2.6687229255414104,0.33795182007592733
-0.9936657818931897,-1.4477963372459481,-0.21949750691967154
-1.5437440381173257,-1.0053266616913599,0.7645476187554748
2.273757521002542,-0.4487815645377774,1.2311617061171922
4.099748256985802,-0.43352113469244036,-1.2588493447652902
2.349360127498031,2.3592094386682754,-0.9058568249861999
-0.6511226070135104,1.6943312376740036,-0.7288281727620736
0.6521354347803471,-0.385791309837054,-0.7873728524159558
1.9084088396775614,0.041962708194468394,0.6029972024291105
1.820433997731623,0.6537276877797358,-0.11309620534652914
1.625600491317506,-1.8397898375661206,-0.908517189605148
3.896652082521785,0.2037992307974866,0.706585724518952
2.6370994666326437,-0.03475944791450961,0.1655476568553451
-1.8775229656780428,-0.48322762963397925,-0.2928525341522068
2.1417450179322626,1.250069380639817,-0.43367284046927634
-3.8777315169539084,0.360170258539102,0.21821339158444106
-2.923295587573194,-2.01316418801833,2.1739292716322147
-3.184109189780116,-2.0926052975982676,2.286786645395116
-3.034505104054525,-2.074331833590034,2.1956710045984558
0.22258824608794975,2.6401775209720237,-0.42350549982420177
-2.6944335585578174,-1.6876543719910926,-2.0221662317783777
-1.020230025817409,2.621620429191327,-0.7250824420486697
1.103823497550155,-1.3355937899907133,-1.9780024274479027
1.7475045201113375,-2.3309703486431625,-0.8054436732434461
-1.8263898559050298,1.1118414407679689,-0.7334866185863131
3.2639813961996897,-0.12084106084508332,1.1602309890189748
-0.5194311517801379,1.0000152136042186,0.14731558695405422
-0.5568323686188069,1.3200391336185835,1.9402297976817533
-1.5968281468888639,1.1329279814572335,-0.3500541760658844
1.0862909417075461,0.6985831749402232,-1.5867700476780058
-0.27995623861904756,0.8598071986421362,-0.15228569515591509
-1.1094205615997155,1.411527412417768,0.1070508384527734
-0.4551020293219291,-2.003309105197333,-0.24839768095118364
-1.1237143569417531,0.5247448850314119,-0.9921954354327019
0.4851972271550927,-3.5942893890374945,1.1870772432511543
-1.4786891268277131,-1.157549780769807,2.203160783397571
3.825634195231838,0.4066945497743806,0.6908977248395032
1.0637047314367398,1.2562321366777098,0.7387022187293059
-1.9886041673993682,0.5110647409853384,-0.6248737644317827
2.8507739737488618,-1.4721934091829083,1.1655066225426973
0.3403888251738357,0.21441026538833274,-0.4700947465095054
-2.151662412808059,-0.38361517730956673,0.710163121863652
-2.55875293679425,-0.7354893463818414,-0.0959657256037306
1.9442729017700793,1.2363954643046893,-0.43031844851920126
-0.4808903297802614,-0.37349086049142477,-1.082539494618635
0.15551232614088412,-1.0313177430240703,1.9662876935986164
-0.6166105892612234,-1.0882447177663155,0.9583581563819374
0.8435933746995153,0.545601187413609,0.9376372455718026
-0.33838893108484613,-1.5637001777067887,-0.20787629773209448
0.17527082491328305,1.090910403586086,-1.828035222599914
-1.0240149349829086,1.4222081195445662,0.4340772423020974
1.6266470120407166,1.522248428090476,-0.33751809866582344
1.7274747743476926,1.0912595742166296,0.5762107091252799
1.8300337271304745,-1.1808365201589008,-0.48753450171175444
-0.41235893979113997,0.9588325317270874,1.2634832683847819
0.4238967172690464,-2.205302326641637,0.9268222464349813
-1.5230015763148084,0.5908156374524514,-0.42401159321003806
-2.6528039539355204,-0.5176720759575583,-1.0346384932496762
-3.1284651675073416,-1.1452652021289624,-0.7755210496552054
-2.6087929559008005,-1.5973755253867012,-0.4668353759722687
-1.3507593042984682,-2.064683796211383,-0.26500948250825523
-0.975784033158406,0.08471363313688929,0.2064912588019854
1.1431543766952637,0.8712655150647621,1.5020621388339783
-1.9426934980490005,-2.7736908924389825,-0.1925371479740869
-0.8701030233848708,0.8419124421015453,0.41063853189443045
-1.5004160351010911,1.4732523832501627,1.534350752580837
-0.3449333442450044,1.6182180440921874,2.0524751392952267
-3.141246219892872,-0.3089148811381515,-0.8604581417859658
-2.2734359699546256,-1.077996870256364,0.23810851706419336
1.65782001640394,-1.1554049364041266,2.3366408763067104
0.4915183363251635,-0.9167447682514823,-0.4096175649871881
-1.8939257265390832,-0.8839146564970306,-0.16873247828368154
1.0068656118278987,-0.4949302228843744,-1.5480284141127065
2.520315024945135,1.5622235114787923,-1.5818932694803463
-3.0627080941430895,0.6396445921807777,1.2099976288987986
0.828082436435352,0.9603478895313312,1.7111655139527644
1.176480812870544,0.21366991966061333,-0.02030900172106322
0.965202704766043,-0.4616734524223492,-0.6651608144610649
-0.8134818526767017,1.4582602296708176,0.05651966847449343
1.2529849897387466,0.3250202248866563,2.8798315255402342
2.4238777693098976,-1.3567898852789948,-0.21979518581067828
2.5738889880589877,1.5374873121230883,1.4840417816509417
-1.3839686289785516,0.3703519230476956,0.377512178027724
1.8462716537248718,0.28365580275142616,0.45922826000173544
-0.9628010345284745,0.13819170872538755,-1.0088362626767486
-1.6996882966335243,1.474077465511229,-0.8444078829176155
-3.213140410510575,1.0361723597654116,0.10210763256123115
-0.37480765935684174,0.2546229357854325,1.9523331266928534
2.2790677261880887,2.7123896552902322,-0.9848609317584242
1.461649687133413,-0.6832237297558879,-0.2652674970283475
-0.32309686919902114,0.7962144935750359,0.2568748380708671
-0.13398699343280587,-0.48740156863946354,1.3334632245482494
-2.797462121949206,-0.331366960414523,1.2888748745201075
-2.7718175811861774,-0.434901785977986,1.6652244618252454
0.671468060749788,-0.04914866901280076,-1.079403276509324
-4.47380092557342,-0.8961490383525734,1.232000721261246
0.7942128135006693,0.0640048909925753,1.6227921571733648
0.6718098392704356,2.22475057717852,1.4279501502775473
1.6681314590227834,-0.9466662847145147,-0.14654625743632227
-1.8016962248481145,0.8663637808488824,0.9514262239468064
1.8500828576180266,0.6201237853656667,-0.17282621008577448
2.365601087058664,-0.7272771020193698,0.11245850916708611
-2.383371487388068,-2.121702942071506,-0.7364992784191763
0.9824806655688321,-0.6452392307425685,-1.9374303695581874
3.553020389545973,-0.4237838670116625,1.7356881576931806
-0.6003753557382422,-0.860595561466089,-1.568087536714159
-0.40321026280977573,-0.4015965857643776,0.40909313833289235
-1.1501690922261028,0.7203726197804234,-0.14764404520678515
-3.957926948228802,0.07885111011683961,-1.3551720079031793
-0.2725570937516199,-0.8646422555679107,-0.6773810120810891
2.423328598537086,-0.8614375870421423,2.2369670219088835
-2.160896355681938,0.8033663913897198,1.1315036444405273
0.5199532718266601,1.0848045679328329,-1.2962153918940287
-0.3908287822008685,0.7164946353756205,-0.3999416252980611
-1.9968470485196037,0.21381391708464045,-1.699411721366796
-0.3400235562069071,0.036631423668766504,-2.248655393282991
1.748520409035265,-0.31538852840536624,0.7415260973615438
-1.4213580454416999,0.9010975820584819,-0.32105591869872024
-2.290178763898742,-0.10371111748154505,-1.1248495077198035
-0.8389849665022022,-0.45150799691608656,0.12378487448034192
-1.8671603934430971,-0.3285035668194745,0.1831038857213877
-0.8307216596208076,0.7662847305793654,1.615709429177549
-1.9773281675075394,-0.25225607171925973,0.27408323612750646
0.852734979382518,0.9548852690907876,1.8913532393250423
-1.2261632236610065,0.17857089434963808,0.35141680148625354
-0.8439306574784076,1.8164720980847333,1.7672071615643503
-1.4755279579863463,0.6069254927230313,-1.1749673158228338
-0.44627819495245713,-2.8042234847038956,-0.39233372881247247
2.3935102544367717,0.7089202491384934,0.38576178077394224
-0.20019256957596474,-0.8277541457538694,-0.36487054421721254
2.6317018259125744,-0.3097873895893004,-1.9675176192685329
0.9665842374561386,-0.8736644775519801,-0.9803132615205618
-1.8653149363028627,-0.39024922603624135,0.021383656973754817
-3.693862730873726,-1.2470528446423466,0.30133357547713774
-0.09036944849703495,0.42917063222728397,-0.5611149298303137
-0.3057909337194948,0.017514069199133658,0.14155695869243926
1.2016481058723674,0.30308040664244057,0.04827554861220278
-1.6549853927827438,-1.3276641056852776,-0.26316417484221455
-2.6968794713610507,1.3121330281438364,-0.20441175821205124
-2.915404697190687,0.17881722944516007,1.050612556083961
1.3298086240816622,-0.7945792249699019,0.7989891740279346
-0.4127326217747004,-1.026240463538814,-1.0000570487459854
0.12503044213420567,0.7676495394773164,-0.7706305407763528
-2.2169652282506322,2.7813926146894516,-1.8641911317710234
0.8316330383020965,-0.37608750506620836,0.8040099062691664
0.6534494101202567,-1.1468290613957621,-1.102738445878101
1.0753573770540725,-0.3582365284771787,-1.5046641424177887
2.1444045066400435,1.9141660655662598,1.0178354179290718
1.3502375228497436,0.14175825489118968,2.356886770940673
2.121492024430299,0.6466456595115897,0.09387900341808252
-3.3145312431500433,-0.27300227283957806,1.3727432009732523
-3.3145312431500433,-0.27300227283957806,1.3727432009732523
1.030916749894494,-0.8565439957983436,0.30284624682379613
1.1293442061587442,-0.25971383100549567,0.09952794867632402
1.6653563811691214,-0.27875557712829546,-0.41369965173142426
-0.7405184217632548,1.3825521483923253,0.6042441571637501
0.0230722834833861,-2.5690119057125114,0.05754319612875228
-1.1260677537441501,0.09402880267580992,0.24328570990784554
0.09877726232038984,-1.881400524584646,0.16103801738996815
-2.5298037253559893,-2.7604250495473344,0.558069573518663
-1.5405694908061849,-0.0070160797490523095,-0.6750944639557511
0.8295851149072169,-0.5718722155467655,0.5926676551635692
0.5558455377337603,0.36533296816264516,0.6900198749443944
-0.574561363270338,-2.0332722251384783,0.9633701612231674
2.369246190659623,-0.6936700525191666,0.5336718413015782
0.9507249524504066,-0.11067012834975122,1.1230131077686587
0.2020844834338268,-0.27378514565151024,0.566271599219614
2.687908404234073,-0.7580233201422849,0.4331530394303406
-2.5442644645084447,0.39758486661230863,0.21799964003610622
1.0366184442795063,0.25033359301994335,1.7481156661654205
-2.968434545239776,-1.1294242023244787,1.577383516830092
0.5023019707631178,-0.06834968631962002,1.245392825858662
1.2695516781102394,-1.210736095992132,-0.439165408787763
-1.2698441457665304,-0.11172340429845563,1.6191985028211344
-2.6503146550550865,0.48634526296423447,-1.020685696700959
0.7742725944496286,-0.28285482324661976,-1.2153352279273004
-1.266112567637129,-0.6937573090524771,-0.5195550556750526
-3.253333682697793,0.43513878171231635,0.7238559681525721
2.6210172928355746,0.09284714856413934,2.2668418017521628
-1.7130198626613837,0.45960681614439586,-1.8106786469078826
1.1647918110604731,0.9644562343839995,0.7622454055083404
-0.4310418345588447,1.4661842753294723,2.023701264350931
-2.230509146265995,-1.2137331067328536,-1.0794929652522884
-0.05946558646586837,0.7925031313456791,-0.935975774456136
0.8033992234399313,-0.4383301333092746,-1.4693791417446407
1.4271994495786884,-0.3506687397983232,-1.876961707716589
1.0040745122768744,0.466040901746738,-0.738020396374917
0.6894957570967396,0.0665192894188919,1.2145931979889832
-1.6254605359191912,1.0454259517469138,0.08914591720640498
-1.450797376515961,-0.3896736577216808,-0.2659667475982869
0.16009906232427287,0.9997177073607185,-2.0164849574836063
-0.12358516856143517,0.6752086427567151,-0.8406060122561361
1.1240845420860404,-0.3687324053702335,-2.0255064532471807
0.19906969593518717,-0.14257123900740704,-1.333618845080408
0.2788445176434994,0.08922730509591742,-0.9717142990874434
3.483470829815623,-0.7587999055272207,0.37189583345405525
-1.207024188123376,0.48363551008749883,0.34693682235928786
0.4994697343998098,-1.6232667627759632,-0.3313021497041804
-1.2592564923403966,1.8462813674393732,1.5744289151389148
-1.2233072143181825,2.4433778494215037,-1.5728058286315338
-0.8287702110555846,-0.4100417902614735,-0.3716938558485916
-1.2157440449360408,-0.04922410357019843,-0.5933111457529472
-0.8201866639187839,0.26332295373182796,0.9991288487461192
-0.08883712386881622,-0.2850102618346182,2.000088072586591
-0.0028492430087902736,-2.0364190403412925,0.37038845182625413
0.562488324299451,1.4792264021825348,-1.5303599547740452
1.5778216152572218,-2.1324752647790093,0.6892963839664765
-2.291310950165364,-0.04660878353867514,1.3293578066030394
1.3560791293812353,-0.3729858518100104,0.6316498066713707
-1.5933504436491228,0.32428804575767906,-0.4296247973985226
1.9524759687862752,1.288252826655428,1.109153057045262
1.5744227429158062,-0.04730610064480462,-0.779164103011629
-1.3540613705160784,-0.251497830394043,0.006290231354036579
-2.801386906718017,1.6557794464132236,0.6204380415730428
-2.6375975295744047,-0.36100102955020585,-0.01727805001612453
1.7662673202513395,-0.8191310476846113,-0.05836807963179654
-0.060362926672134,-2.6301826386949054,-0.2742982837676388
-1.1208714999857068,-3.1992845883975836,-0.09735519570510401
-1.5399657870816281,-0.3863789743753248,1.9543674105410758
-0.2934334630897459,-0.05764715135326313,2.1565633556303845
-0.9092533052264065,-2.2070921810249047,-0.09320661908741812
0.5905237348825364,-1.2561751835458157,-0.9774236890238298
0.6463183694219871,-0.10402737681582795,2.1189181993493365
1.404681000942261,-1.5488592830813004,0.16100770552474264
-1.1561126872057919,0.5165746423253331,-1.0147974305550644
2.6682589324014736,1.2955278558343968,1.2369945996015261
-1.3934928920981688,-0.38289360474087186,0.20216188696346302
2.137956485310697,-1.417001332512463,-0.041780840513583266
-3.10484366064695,-1.3903087063882844,0.2869404180111205
-3.020733155418307,-0.3527741874906924,0.7187819980708151
1.0234284069486959,-0.40462988812390427,-1.144326708477522
2.8561492361449132,-2.0701844231482873,0.20156936186977972
-1.7221876101957754,-1.078586593312379,-0.5959819638715207
0.5672898002877758,1.5126836663592016,0.870173683944426
0.18759314027086393,-0.8657137959896533,-1.0167009521122536
-4.061556759475542,1.1926579840101814,0.6679955327677901
-2.0798681863206068,0.26075785858720857,0.9093353051687642
-0.29472450007137235,0.6251189165093473,-0.22061783226409049
-1.23007361633431,1.5802967244344792,0.40860033656651945
-2.37921315001749,-1.1608740092596015,2.112534560740949
3.638533369716146,-2.1906984062684396,-1.0530590424699429
1.3179578956331963,-0.7074848326840631,1.5094244328122677
2.1840656808251673,-0.8949819135368304,-0.30147907384842015
1.580343542671352,-2.0832281949028517,0.027275279759982084
-1.7915015352933292,-0.08981137077479735,-0.22590190629071996
1.1777331446157826,-0.9669308146925029,0.35258004739879395
-0.2212694597611854,-0.561552556429686,-0.47327147082380305
-1.607341821510385,0.2751821405701141,-1.5857834441820584
-0.9625156048740988,-0.3501012962871029,-1.33236849562777
2.2048058850540695,2.109974550145873,0.14916497705681328
1.0672386434372416,0.859840351831226,2.2493425069206414
-0.1901345601823532,-1.6411323524098032,-0.4132702943480272
-1.7809585643661405,-0.8193838057297487,-0.8658021355436343
2.672336179783911,-0.37980951515350286,0.9539161734477352
1.41023972369069,1.3100945980466292,-0.7515624929188908
2.32184980602423,2.2766352086466166,-0.5071103319185944
2.3834665774371993,2.5527265286020406,-0.651052666319581
-1.5806655376406933,0.21992573516447755,0.1827738378016452
-0.6057001798469535,-0.3710186634794319,-0.8696461604880206
0.14303417777439636,0.07986549909650535,1.0606630967130681
-3.0034029284140233,0.9099371010968779,0.04994474616221255
2.3255594492066223,-2.022496184065602,-0.17137913188203852
2.0123504942457764,-2.028405667011261,0.023292555008191284
-3.232202671943444,2.022190734409972,1.038696765329171
-0.36194470767541354,1.30011315346262,-1.6342969367196594
-1.2133716720527616,-1.0295142815352545,-0.17934293021587633
-2.945763565128033,-0.8508670581862076,0.9275405883728762
1.5626195476465867,-0.007781873728066064,0.9324484994431483
0.7905727646850992,-1.8224217415514263,1.2327591376963503
0.4626973007378513,-1.8788529024707779,-0.759105377304317
-4.278604810933485,-1.1518792508846079,-0.4193663768131422
-0.9757049119563435,0.34234903006804474,1.1421277367502347
-2.354543115848941,3.3208818945504284,0.059188727727660206
3.515650966853117,1.5957227904136473,-0.17304398064405135
-0.6982390991400926,-0.10635892448165826,1.550057706134474
2.472377326339745,-1.475562498111501,0.5064189210900257
-2.616349093703052,0.40840907917351355,1.45671703531623
-2.180213059637107,2.4899655491489643,1.4330775573647667
-3.8974930852901184,-0.15766361447044075,-0.09954182027434802
-1.7213560107222157,0.5863818920622565,0.5346064898123601
3.289836423110207,0.34382730845908493,1.9985367297176966
-0.5145610170911351,-0.1697470988976049,-0.39609131916141227
-2.008588703803904,1.0769949644468977,0.6103590665072135
-1.1860980876242748,-1.7576843146676462,-1.9371663920279987
-2.072879399393679,0.3672536792140055,1.5493689713235719
0.8361240759930072,-1.027179975830984,-0.43394314378583065
2.1978893466115514,-0.6885480187086765,0.6038672763430538
1.4291153973077881,-1.6925273037534942,-0.2211938492932032
1.650326000024144,2.5872555410040623,1.1956720130213971
-0.17992964233952616,1.8074050490955154,-2.7602662534501534
-0.05538687821996101,0.3038068878162306,0.5561409562340635
-0.7799667599178501,2.2917746703094872,0.219141801422268
-0.6840017742657294,-2.124202251910703,0.04247179960334454
1.9516890071118855,-0.5655581860887063,-0.9082977474370143
-0.29567236015678167,1.955004912109426,1.1900680292841912
-1.088285470768024,-0.14135871981282283,-0.3799261448929997
-0.5015281308334468,-0.12514818437057662,0.6423891715738501
1.1887644565036306,0.25322831201270496,1.0675042359774372
1.343995246254888,-1.9276309626061534,-0.3153127181744313
-2.2321061179748214,0.3913716868493296,0.059177756512775674
-2.255221610892695,1.8907809909680515,1.2211770060880651
1.2331947400898344,0.249193131106952,1.2765326415997322
1.5254232324682135,0.7574701980782911,0.768214431487311
2.1247827110654343,0.3579462971387597,0.9463258832596972
1.6805794906785245,-0.32207544387274795,1.530289682274644
0.9618085235383597,1.110418467160222,2.0413894006487086
1.3567833221588481,0.30656834224120794,1.6051389729354073
3.781244530746693,0.3557528963631527,-0.8077834338981176
-3.7374354503134457,0.30692662274952265,1.209693579899047
-2.2615409505938993,0.8650167383047328,0.45373487591873585
2.305581901564385,0.9202883456683246,1.248653522407103
0.626315241307717,0.842289490944674,0.04553737891253187
-0.7978347252520259,0.3774124459934846,1.0177186597714352
2.1289620741685322,-1.4585207229437227,-0.6457100635930187
0.722051904182621,0.22340693240536202,2.2778719353731773
3.707795547260887,0.6497814667719201,1.2794544501731338
0.0746883772925188,-1.1410503770799454,0.8778750089244659
-0.6504751534369516,-0.4758381214636737,-0.3295578800834638
-0.5722809193384185,-0.8918889698017087,-0.4814343339216416
-0.9851386079554474,-1.3329838864209382,-0.38697330830885873
0.8506476425279365,0.6983393491108133,0.45545813679761316
3.011789240324797,1.1672958173635732,1.4417899283474387
0.6478904679884772,0.12939232078428714,-0.23995875355893492
-0.6434776490460203,0.36209627885049955,-0.0932505467757609
1.6770050204072975,0.419454681226896,-0.3912355045384871
0.7923488073476166,-0.41262921550348985,-2.292411715179781
1.643959459155058,-2.829591110356879,0.23766050945104744
2.38925848276347,-0.7094104308699981,-1.600007380169313
-3.0608181838537902,-1.1188123226796651,1.1993699831300886
-1.441364842498096,2.078484312283773,0.07765571038029971
1.275759462354174,-1.2000975279867678,-0.5836645735401967
5.012255066403397,0.1269033005820199,2.047570429324955
-2.725837657117326,0.7724518317877597,-0.3728894349977561
0.5268785886422611,-0.011801917851496235,0.32363316255178953
-0.3556464804652866,0.06579753574819232,-0.6848898402102305
0.7775208816119412,-0.9592118483468794,0.3912731325219298
-0.5104271925522065,-0.895902697240748,0.3949647440302
4.220036445077241,0.23718307482556777,0.5393409725928289
-4.281140756279522,-0.8836901330627515,-0.7918325638177423
0.07463613808763578,-0.30928226243714724,-1.6919533530383606
2.557996377340693,-0.05757095681093804,-0.735498507307492
-1.1392774589807948,-0.21643519318823187,-0.19882471235082028
1.559428551283629,-0.39319469228614284,1.2252638580494686
-1.6469700358837607,-0.24280117118803746,0.7174196098364178
-0.6146266159749464,0.4669820344537203,2.2048893165748935
0.7998865776047218,0.14470298196053977,2.071987076866151
-0.28771568951843524,1.0001645841348956,1.143264262036245
-3.0881192600471183,0.5133381091531183,0.28143104106542954
1.2194124044406556,0.16904079425389584,-0.3390208907651208
-1.682378318744376,-2.2906820731695916,-0.45524719600904456
-0.06182684912810318,0.48496360143363404,-0.42808488740094364
-1.02432568711172,-1.017581624191158,-0.7926668111475734
-0.8352174332531602,-1.1104225459711168,-0.3026051773385139
-0.8352174332531602,-1.1104225459711168,-0.3026051773385139
-1.5768012717383595,0.4039549378040194,1.5901083587117375
-1.7213770979836749,-1.325825631262522,-0.6636917865455761
-0.7084823990477942,-0.6525210702761869,0.7666171382185656
1.4282876891370635,-1.7775641156948285,0.8983647638451968
-1.5062719488018912,-2.5588721483012113,1.0890837074934394
-0.894871027531939,1.5046870991600416,0.6202042395407303
-0.863601352325663,0.3445121217969105,-1.6565494428756966
-0.4419331019449756,-1.050729418581901,0.5475979797404775
1.0929880550249893,-0.20351286493259885,-1.1536553654882131
1.0058350757751604,-0.834998259377652,0.2540717603432461
1.0032694500691253,0.9721104572676538,1.2335990069478375
0.853053803772764,1.7378610179381464,-0.5853412400916841
0.8861875369827623,1.1134683209084497,1.2713301315752574
2.010220223336964,0.6529811152672247,1.7795268662283168
0.8928285932648322,-1.3428750032758512,-0.5053775882326986
0.5278656281613128,1.3444570492116852,1.8260034576391782
0.09565238419491967,0.2199318092744146,-0.8764358092983905
-3.0279381398630654,-0.5477075635202823,0.8400534455955395
0.2231283246016817,-0.31146001217668384,0.04731845336085779
2.0899074765802372,1.076136631221939,0.21240660421734528
1.6120618078465283,-2.1667689710457916,-0.15768160879885934
0.6862464990530692,1.496563892471301,-2.5310363749079965
-0.6242581223303517,-0.7062404028377425,-0.7687345766492539
0.23214344087856786,-0.6924938335453112,2.0509543885543797
1.0539512125393415,-0.39264297574264045,0.5975694422261109
1.924199591818653,-0.9871565224836167,1.7889568627681387
-1.7820383873804333,-1.4919681338503945,0.3840526580681051
0.1753560129158954,-2.226800398085956,3.6074142132888163
0.8293584005708297,2.036862835395451,-0.3458906333887643
2.4731591300402664,1.3445723937069973,1.0992533837176668
-0.8907273111762686,-1.6561691247801864,-0.6297704087184746
-0.29749492544641926,-0.8293812414203071,-1.5487041195853108
1.4583860853289292,-1.4750382376782092,-0.7871941731766554
1.016351924689737,0.10656997947503864,1.657070160088906
-1.2982086592236683,0.07741108114238508,-1.0571016056015263
-3.721594873320877,0.5692367545602366,0.18670282586359957
-0.3936622890312427,0.16007432949377562,-0.7011620019915453
-2.0055318406765203,1.989226781670399,-0.5248800143835338
3.6877405276988893,0.6399658956346713,-0.853948161969457
1.0341914268227592,0.6598407281109946,-1.2327809083297292
0.6697275795512152,-0.6169884554081134,-0.4975175895299848
-0.4646194137980997,-0.6688388370359419,0.2916554229725042
1.728567296830609,0.9780793872125704,-0.6435723897829861
-1.7591460145799582,0.31229496248488015,0.4793576755483901
0.17514543114387107,1.0584619320319524,0.0034322055091454834
0.9708863657213149,1.5839018618107112,0.40786113382587147
1.4742858628059574,2.380260137645337,-1.184131743635012
-2.629920044999175,0.11005303901112873,-1.1175111219034453
3.7515935783068532,0.3118901387536752,-1.4761669789244334
-3.1683383790193695,2.491606682796206,0.715046200607817
-1.1263207187402733,1.1990646091790123,0.4327567846949408
-0.1884964694560824,-0.20928614055195263,1.6606951087631192
-0.03738662738972531,0.20600976721120207,0.8973284964217247
-2.403561105188513,1.8226665206201853,-0.29161498954355236
1.3658974105021977,0.7649881142915318,-0.4753064525602943
1.9349940253542894,0.4985762559902317,-0.4042813618659382
-0.9192195499051948,2.613364358936112,-0.33714099994624536
1.1758787106259916,-0.32189201522446276,3.2086779904029585
-0.8589630281991794,1.2507605461455042,-0.01800654880740664
0.20232485987940982,-1.7111473952383354,-0.5238910902946138
0.5312550996431747,-0.8359968159040525,-0.3263177770183572
-0.32964094847086395,-0.7249009346089127,-1.4614897447795057
1.132473246312107,-0.7923500825212159,1.615838832918539
0.5283167486631143,-1.2819581479593583,-0.44462383349926465
2.435984377976381,1.904816519296473,0.9968172270250257
1.5180731177501279,-0.8638190690736851,-0.1407318961862907
-1.0377110574247406,-0.6267602324242021,-1.1372560237327383
1.185406314329636,-0.13503134290866453,-0.5142228552829469
-1.5202167189137388,-1.6996884092575433,0.19832330911046195
-1.9894801662841004,-0.1919211797729139,1.3187430190410359
-0.14549977008275988,-0.3147103717125921,-0.5361721506163399
2.062144580181186,-0.7062327164378541,-0.5001674787368257
0.22041159233252602,0.936660999083354,-1.7537664328141311
0.6755303685814091,-0.1311180399770633,-0.6235865634662446
1.7820526862039734,0.5096765116165937,-1.5039268809156336
3.075260309576531,-1.696447766868823,-0.4821604866107178
-2.5920970656042273,0.6257429972036648,1.274609549645773
0.30114044618622693,0.45427656779303044,2.900240140021767
0.8766019509430799,-0.5397924273537293,-0.7295767877410556
0.9952447565549409,-1.0264840950423735,-0.925949447408741
2.245127047297653,-0.3299251237250836,-1.5322560554170805
2.210502952519925,-0.42459993680196256,-0.8989347885200113
-0.33258057989217343,1.4773638942972163,0.9222334990817058
2.868439591051543,-1.8210015228802592,-0.5030638272972954
3.012121788745139,1.051924218686416,1.1344431008318245
0.11206581175594046,-0.34693061220123883,-1.3014537763407394
-5.815226499545543,1.2221669892571578,0.41460504215985455
-0.10344951665463109,0.17930728508676774,-0.7604153706573735
-0.23161359069765652,-2.3019666809482278,0.021876208071721054
0.1309182405749324,-2.3122038226484323,-0.27962987287060026
3.270933601229869,-0.2584919247156628,-0.897860901379692
-2.2969886604693746,-1.1741037278092723,-0.7395763357260409
-2.474280982683003,-1.0203354241653169,-0.8790759269030501
0.33875693243341837,-0.6209877433902637,-0.37060004254021894
1.5744271971431976,0.8418288746118693,-1.3988029214277489
3.382889391158071,0.20984450661277107,0.15014064973503533
0.07441712631264148,-1.0280756576911088,-1.1132713054819843
1.1296755643419025,0.33683988370261775,0.07469760640538964
1.882830903750612,0.2611691840362164,-2.0505119092177706
1.227097342438374,0.05159483246434103,-2.2605070780111407
1.5342055398512027,0.512766492424454,-2.418980222955633
1.7092623633767396,0.3418081434872437,-2.305138868909698
-0.888815116839692,-1.3958284665908125,0.38379584088873
2.314926099824673,0.755484764838628,-1.0593849369030763
-0.5326439913927515,-2.4852155745455806,0.19414221302205625
3.248384109138603,-0.6927606947272946,0.03053596822746782
-2.117088060722011,2.2015378970625883,0.7484537934821031
0.6981866239167189,1.1033519903170577,-0.32390659474258077
0.43968003789304133,-0.1502400514127365,1.3614885301309056
1.3942396157208263,0.29928377322664634,1.6243601962284497
-2.1246893511873144,-0.6880906207471426,-0.5462323906412917
-0.09468161755786009,-0.2944913298207544,-1.6589830900337794
2.0817626617619185,-0.47897794367251223,0.6810448819278362
-0.22332820075397772,-0.851180799055873,-0.7738874076721943
-0.47213585334071306,-0.3004459394816632,-0.039969417841844386
0.10781074308440934,0.1785130925182552,0.7805350586699972
-1.2969079131590993,-1.7113568667565207,-0.14873629532831173
-0.3799279191531095,1.7711626226855528,-0.5014445214127864
-0.5353257355871621,0.3194568001238427,0.4677004818839899
2.069743537645635,-0.7311292686553511,-0.7771156767106501
-1.3569560701262955,-2.6151079022747914,-0.0272714904303735
1.0443950315644845,-0.5645990005133221,-1.0754994641755282
0.4791860758607462,-0.5281034008283081,-1.0536632113031064
1.6103066221467752,1.425638030380421,-2.1336272911985295
2.0503683684387872,0.011794744796534216,-1.2790873415157678
-4.313675647496602,0.2949075510604185,-0.13315783470203338
0.621465384441306,0.8296059533895834,-0.17905652461776006
-1.676126735103146,2.4632800344362638,0.2532260810470502
-0.9586510134829223,0.21168737195507698,0.05299763010378477
-0.23521047790471042,-0.8254392670376234,-0.5331434786553993
-3.97246430324909,1.125173275807276,-1.7422343197836934
-2.917383943533516,0.6382242822758515,0.3073005598911744
-1.8751614293506134,0.6022946707958069,-1.3898913012345435
1.4147923513204064,-0.5382521587060017,-0.19817154551898924
-1.990150311372124,-0.7572485636121126,-1.7166915374686456
-2.318328143537261,0.8987588217718994,1.3752758797980218
0.1287745792763508,0.2125483072612676,-0.7555614148215608
-1.9149214676001178,0.583672641693595,-2.2205136440515636
3.950575349164366,-1.6030849745484197,-0.2570685117287382
-1.6278434588646309,0.7542641028999066,0.8679033503867616
-0.7008314771437303,-0.6682826883439783,-0.21137165269004937
-4.672553823615305,1.9521899824501656,-0.31493745570480586
-0.1609038066915013,-0.9980573035510297,0.008282401381325629
0.8809164717047029,-1.0998582708795483,-0.8476128919008271
-4.28754584976304,-2.3087253900277482,-0.7775415735538435
-2.2042008505110497,-2.490068795024872,-0.5404426073631853
-1.5774891381113465,-0.4617961311583671,1.7637715448564444
3.3131329375437497,-0.15001758618136868,-0.7582703890932825
-0.5670934322084334,-1.0440622834291071,-0.07125440498092238
1.4342005473570119,0.6016311499987868,0.16645325348845477
-2.535771963524145,-0.7436150250798873,-0.3275112855074908
-0.3995488164496503,-0.2351068885757445,-1.0680720005723328
-1.860833825282391,-2.487383999042086,0.1406337527557268
0.15683416598603456,0.10552322310083455,-0.12707237861328238
2.0642771559353483,-0.534203899515913,1.2080014685917542
1.4100525194626485,0.6950041572041225,-0.043379567886933125
1.6737738317264215,-0.5470626697613478,0.8515298096383224
2.450338599259864,-0.8072527258659056,1.6226930545519103
1.5973712025556324,0.32954002849991304,0.40850970335400305
-0.28651254377592994,-1.7990566128942589,-0.2748091255047415
0.642543230636134,1.7548814902483632,1.2527045787119044
-0.9415949890280292,0.25295164202385123,-0.8020512675313631
0.12810152948346656,-1.267454851909231,0.7230792729215286
-0.06263003377104252,-0.02687044313037255,1.1689418462940742
0.0025926216357382028,0.3211714921555752,1.4159741274182858
1.184032479265739,-0.7256469433741188,-0.15890563747356165
0.12805429643579916,0.40163975013303305,0.32560907549174667
0.008660610480094191,-1.2366503067719663,-0.03901979675066357
3.9526124535438103,-0.7916321713864155,-0.6621487717277464
0.3307008275114788,-0.6210696639017796,-0.4448695323253162
4.453803160633308,-0.7919972321831121,-0.8978617183188861
-0.4068057523538085,-0.6475438078083333,-0.5536292555542418
-1.1249404121301145,0.39660951116516957,-1.1201755460761107
2.410217309199526,0.6906502182351623,-1.9988104401860267
-0.278419694327365,-0.6668978384665667,-0.907027116956215
-0.16923859993870777,-0.2507836787783091,0.048537272362894825
-1.6404758127664645,1.8740358244938509,-1.9183715223226308
0.8552109628399468,-0.810855071370434,1.2783083849910044
1.341060566675232,0.1024645184994816,-1.069635450295057
-1.0910306735005522,0.25244778410228197,-0.908135739621295
-2.2983436109532382,0.8405032592491853,0.7039612091774501
1.957370023146719,0.06952694447735092,0.1024242695345107
0.5659599907807793,2.793586649812067,-0.3459713835806168
-2.4028008654499726,-2.2341240031790033,1.6009356926521354
-0.6404017616682588,-0.08923405501397813,0.39386021677901806
0.6046298939744755,0.5153105992231283,-0.20871693725878815
0.7193131131894541,0.8246781810324257,-0.15480376485110714
-2.3795495984345822,2.2976024944731295,-0.8446401031180846
-4.622535653421638,3.1490418086556144,-0.6759253826824427
0.7025927842471488,-0.9820638558994589,-1.1421727800007873
-1.3357837196603197,0.2598299034369413,-2.018744821244561
-1.2005083162422303,0.184184773503441,-1.8765174865747143
-0.9660763999043197,0.7973921584067625,-0.8453571196127968
-0.8702394917929955,1.023855319761727,-1.0745026288948132
2.96321906135267,0.26080392626100973,1.2107046729102269
-1.5378988045688406,-0.8914264167106851,0.4052961269956014
2.710037035274418,-0.6485177085398649,2.577299517390462
2.762051867703692,1.095202545465967,-0.48966851552889906
-1.6007014723300286,0.5027140909051512,0.9487582684735423
-4.119717927509404,-0.15932606521759532,1.627191045075514
-0.730570465239866,-1.9382401798198512,1.970231246444612
1.2975894891511652,-0.256885035259567,0.5292484732110329
-1.117346747700039,-2.64800932638713,0.10554922739932569
-0.3984942288987838,-1.6017201052053274,0.24390898131457206
-1.00265907519065,1.7621639170753969,-0.16009122907021892
-1.2869777815176116,1.3324661900071877,0.41851769809627754
0.05270013761596094,-0.7993266129285048,-0.1875981990720047
-2.342644421768809,-1.7737256227559686,-0.86999741696107
-2.17054724092628,1.0584821940104872,0.05036473001730484
0.6356851214204342,1.3989363039882825,0.9929053514061087
-2.337420122618254,1.0346628674728275,-1.5618754429142203
-0.1642674838343075,-0.44809838151092757,0.4679437535230312
1.8282556325360713,-0.6263796696725592,-2.1459064383986597
0.7228129661302567,0.5629109648231091,1.5036714853414552
-1.9174337140527125,0.30879996455496467,-0.647138979279485
0.686303122163277,0.30540737779821603,-0.4099847884362551
0.6180050763533853,2.447890487608695,-0.020954829503823904
4.009508178770677,0.13929435434008905,0.30732994344938036
-0.004406933819032845,0.2416399807608999,-1.9063089874804895
1.2336587386783595,-0.6318699655076822,-0.5745063560080675
0.9447302579219222,0.2734576553790403,0.6509184073471344
-1.4967657278097644,-0.01183881611634038,-1.5117609661015052
-3.495823238542814,1.9017262923088574,-0.4628191847939472
1.1314135895372919,0.16751423983466784,0.2946023857222402
0.9105815144126305,0.9730019834549907,-1.0929156434874903
-0.8357771116925781,-2.0240284161296733,-0.3635954119199306
1.2480589848625876,-0.039287188618069104,-1.3784500029550917
-2.9211997847529982,-0.18187370392474017,-1.0122145528888267
-3.079978374599072,1.9642914853287048,0.7438718819691684
-0.41936229809529274,2.368837592190175,-1.3667492681555358
-2.0370282062387113,-1.2302966652773875,-0.38222698613021006
-2.8085384977222883,-1.5338897387777348,-0.09886835746784263
1.6749743215515864,1.0190386437373067,-1.3469573587340322
-0.7089758773861847,-0.40939359265239134,1.387105664613408
0.06802155999353622,-0.7933756446531275,-0.013295456467537327
0.43887663417297595,-0.8278912667449018,0.9774359817475439
-0.6672502143519091,-1.1977805204279572,0.1886616018730135
-0.7535976035089521,-0.7311831163842168,0.07015470162879317
-0.128272483629067,0.8312040486202821,-0.5710111774138711
0.9641055935599866,-0.46558840014859415,0.01060357927472096
-1.0781269911608595,0.6173039513999795,-0.1652671556002761
-2.395352122995375,-0.832884527548266,0.9340922656508409
-1.295819141413671,0.22903845470212764,0.05681462509751277
-0.8478605718571112,-0.6754125988506566,-1.425073517850468
0.847762927078053,0.12236359143804715,0.04361916253941181
0.48938098356296444,0.2969396137457944,-1.9832306467396321
0.5317389934098369,1.1596622252107551,-0.3125803786772191
-1.1287437784738361,1.0300321276390854,1.7941976000594608
1.3405276000231512,-1.1956430960622382,0.13540705127063107
-2.388303342472527,-1.443448203474919,0.08558699709841341
0.739768708388897,-1.2626985570918718,-0.6751694999181903
2.646276093343258,-1.4684995709108193,-1.9034064656495575
-1.2730834458840372,-0.6164613133592353,-0.03630902156747777
-2.908181055554726,-1.4731636874553846,-0.019049892822216953
-0.6726979233935835,1.1466651571465984,-1.539661384957319
-0.42753690329713767,-1.4207248074863963,0.45462010666096775
-0.030146808326074116,-1.1208779391433124,0.8034201831604971
-1.0857439102795647,0.8220144796091252,0.44432530175480756
-0.3963324698865267,1.3627164843382666,-0.3566194923871656
0.8713285804096849,1.5452577466234343,0.25691003970902176
0.8116431043924007,1.6132102207248873,0.22922829282347748
1.4737683778546748,-0.4802242416472458,2.0085239999183115
-2.3174386606362027,1.5409932270981512,-0.08830231510391352
0.28472469076896695,2.281384493478288,-0.7801258558579691
-3.279500009967346,2.0715669458857215,0.3995081174558453
-3.4043212981322997,0.884000665166453,-0.6191575124418593
-0.5635354222425708,1.6050351611582616,1.6213670263003899
-1.7840589387537427,2.552272347708603,0.4588148303105376
1.2756265441079264,1.2923360924920404,-1.6776009013487223
0.5092001568051493,0.4424581721112983,0.8456990994116678
0.6717226597388548,1.6610785109116781,0.4925029068297309
0.6462018609118707,1.755202311276063,-1.9163675961786484
0.8269763150542175,1.6496872973194059,-1.7365932587518025
-1.2040691063342701,1.6368963318008733,-0.3539361967569068
2.2422292856445116,-0.37212743168092405,1.1420600338966156
2.088541640326697,-0.40727259829810475,-0.14921868476124356
2.230577700943122,1.12242792064665,1.2234617229755516
2.452436446312089,-1.905412732903532,0.4390206585105019
-1.0816067723970866,-0.8233976295698241,-0.7745090376145792
1.197526079578778,0.10691643377943039,-0.4427746887705449
-2.8154156035209272,2.063416688347262,1.6498203654550634
-0.12578575639265246,1.3106313566734504,-0.2404055765014924
0.41101867886409965,-0.4321328162260448,1.4324125812488722
-0.14870187274228505,1.838309790426349,0.1225320197355385
-1.969922997268211,-1.7661008667846239,-1.1785724763703995
2.363214141461199,-1.1031175615403053,2.5818362203836944
0.7252556950552198,-1.3264040379244844,0.9790623303533434
2.096880074840796,0.09278394746520456,-0.8748420362906216
1.9906020716131272,0.5290240406504224,-1.1735219557261987
-0.5113536984289522,0.474462880291191,-0.6643603581681274
1.3158193041491857,0.3715836824267689,1.539606979883154
1.6035563778277975,1.012556483895345,-0.7901789982533294
3.7687991004348946,0.16524521249576846,2.0365475449655572
-0.28361244963996024,0.9220080227154599,1.018038691030033
1.198524192697073,0.549256858353943,-1.1534485042827778
1.694895958910568,0.7414054825605781,-1.0728735148328161
-5.0308527772842995,-0.1697376030949373,-0.9969318439739377
-0.4469976399800154,2.0145922008804233,1.7412251091718465
-0.2388182705633992,0.7877199280940896,1.1569300708922097
-3.5653419151216363,1.4853943141064812,0.18647585974651584
1.7603400893461607,-0.3956768824901922,0.8215257242574621
-1.3789058188575496,1.079918407746715,0.28564353610733173
2.062141146697346,0.7988872727240837,1.0933609728478357
-3.1388970774772886,0.5646247045175554,-1.254568106298221
3.06767695528115,0.7717629798933952,-0.23959066171501345
1.4719086046879846,-1.4180889940402093,-0.8909636100629977
-1.3891212735896863,-0.42169452256875034,1.5841734977724256
1.4976321037223106,-0.7489017891971761,-0.516778449753762
-1.8027183380994134,-2.433603142233639,-0.5506613016641724
-4.823266289184191,0.8767321134233979,-1.789261733079051
0.061450706318811096,-0.27187308945084815,-1.7174219327147444
-0.5943052696857156,-1.7984064268326392,0.7428754193307392
-0.24144754533834328,0.9366658317168253,0.20301587535931426
1.7101451119976716,2.2456739706039,0.4081509575363797
0.5050993342025724,0.14069601179781,-0.37950439176907486
1.3271456102567338,1.0094557216592408,1.2081850757353083
-2.9554276221421105,-2.6286988006518346,2.4508861435897686
-3.0211956881822957,-1.519243312863012,0.23310947091787856
3.941814890080311,-1.8668165612382004,-0.3471835359217013
2.1954134473819362,0.989828880115345,-1.4385780525324035
-0.059560849112341635,0.599851098040953,2.4596859328027496
-0.6487768554297213,-1.416714406686054,0.4342698604977486
1.9748796219164026,1.0971718505190133,0.8744427176868568
2.5380484456880192,-1.4726217316886354,-1.4958314017186147
2.741824266740909,-1.052929905232175,-1.5431643345273942
0.13217380708281917,-1.2243163777831287,-0.8980634003364828
1.538388042886602,0.32000264794384276,-0.12042959691753019
-1.3909917569842856,-1.3986485875249681,1.0246872076548537
-1.3227231791701084,1.3820898487460804,1.4040407971960571
-2.2856476349112484,-0.16823000248367762,-0.7893270929311835
-2.42335076898059,0.0002032536054521031,0.5611989230117629
-2.669073554589486,-0.850137690516692,0.48783575643068416
-1.2372025344909179,-0.47216334598926996,0.22338977553541273
-1.228146362136698,-1.609924189253754,-0.6131675689162119
2.9647622792412256,1.3979678873220647,-1.6469473474580125
0.2543167769179696,1.6006207596859485,0.58965752076732
1.3601597924954258,-1.0373542493583683,-1.1684924374726138
-1.71034566717569,0.667526589619556,0.36569738900260024
-1.2291330203865714,-1.877316824704234,2.6892167115168224
-0.9568856209253023,-2.273077975568228,0.9399059654976206
3.6138075487238113,-0.9548515957491288,0.15636538510245176
2.077123430634437,0.581225377924702,1.3235283533676332
1.398832929919277,-0.49247644887868536,1.4448404390881768
-1.2274704655584117,1.1456126485087372,0.5148522352697974
-1.5991651981783832,-1.3851585637691044,0.5163511048452964
0.3131350961627594,-0.7586731596213183,-0.08245738429741911
-4.061548516201955,0.2620524575933741,0.733378541984829
-0.6441113338386436,-1.299151230680602,-0.8161415280873949
2.6033791097806893,1.1805663829103001,0.5269394306457371
1.5400524172685435,0.47355226194075456,0.1337206308940228
-0.4038058877573437,0.943195657769677,0.24833563727817598
0.32044265656493587,-0.13610423663235557,-1.1596734083292877
-0.09997753785697336,1.5151575457978221,0.9095775534326067
-1.4063446711503407,-1.041515615431448,-1.06558739097668
4.1030393455641185,-3.1009914752081857,-0.15291815258371705
0.3351614553797361,-0.08313472197415009,1.1897009451313534
-2.3158251853385097,-1.7943414746297726,0.27403354800082363
3.6932948713335163,0.8933936208973949,1.3756592431955517
-1.8352203448010804,-0.1932236076954626,0.6200839390455927
0.2392191791222621,-1.3791573841216076,-0.8878880475579277
0.05107114073313797,0.6376129698699081,-0.15433904017140598
4.239273527764619,0.9924023778210902,1.457091663196599
1.0112058494182896,1.10545609821373,-0.41381805923549186
1.780670942644024,0.8096177803424138,1.5382566762686871
-5.187402853845958,2.3507053148250656,0.24746471163264672
3.1643943042618763,-0.1765089261880434,0.8723173619501601
0.958912502778214,0.12888249613019673,-0.07590413749221071
2.525029171197573,0.26260037787463925,-0.08154538689153454
0.5198657559214026,0.7999815581042571,-0.23934156428301934
1.5477125121798214,-0.13219895745899088,-0.36029429041212757
-1.0267029150258271,-0.08716393626083734,-0.3807518294080736
1.0238709191102107,1.111875321441434,0.27662379354677935
-1.0363587068422078,-0.6190918060321735,0.6128950496028015
-2.180099428167377,0.2720335654302023,-0.6112479143371429
-2.4142204064507315,0.08712215077704573,-0.6229887812891577
0.7485348411483601,-0.9195278519212912,0.28634168554125833
-2.246478719695401,-0.6228295196476478,2.0916859491205275
2.5391913092999725,0.6325656020128524,-0.16769003615564082
-1.4463416010878256,-0.01460577882667454,-0.06439025262124387
3.6441794252510644,-1.5212121321242613,-0.6903647568251653
4.757332932915958,-0.6381395336899098,0.30203963776916615
2.033125795364986,-0.15265591376112464,-0.5822847798445447
-0.1603035712555467,0.06754460000442992,0.6420702885941523
3.2565016930167174,0.7880934937787467,-0.2856613914016563
2.620367450857038,-0.8000830187422369,0.17998232853361446
0.3181576046805736,1.7323317714054525,-0.4938274404662628
-1.8864494150246043,2.4890947273312523,0.3682714126734472
-2.158839873073859,-1.1990078142628287,-0.6079351539230852
1.2608560485341496,-0.46075218424606607,-1.5344613267344396
2.3633896194626067,0.12141163032117279,0.9172002828269847
-3.515876619429593,1.365457513606504,-1.7941729652703446
1.302990511515171,-2.0265298127653604,-1.0612344382419003
-1.8149451438081257,-1.9988158760404866,0.49746095154964926
-1.2958673510099947,-0.4137545487499146,2.765119450706349
0.0414809227432166,0.37727420444268717,-2.54064408917383
-1.442980044381671,0.1982506502569583,0.8105260774703
-2.1795510955291135,0.6902282891791182,1.0988840068132135
-1.4656276324255089,0.9399417707499642,0.8160166219992139
-0.9562556852719429,-1.0027610360214085,0.8607132018458759
-3.7919556638375727,0.7697876413664206,-0.5419230542997063
3.3353526004662433,-0.31088998050118577,-1.1239291045930861
-2.206627886057278,0.698885777227679,-1.6107239288427166
1.342910208781355,1.5275906508057848,1.1544435457283897
1.4908708630166467,-0.1970653992654619,2.2799917205074336
-2.1150687894882476,-1.3965801281391312,1.2974038972391602
-2.1150687894882476,-1.3965801281391312,1.2974038972391602
-2.477651253212293,-0.8114444621946219,1.1952116557391101
-0.4975769206795467,2.697563265706527,-1.744841627092911
-1.8078439004495797,0.7466796256039795,-0.10039450863181806
-4.9298631259957375,0.6194948539873069,-1.1981577195921291
-0.020980071609481118,2.7219482968068656,0.7356710631244409
-2.0188432579427844,1.3326849192128634,-2.5188412515937286
0.11860639616601301,-0.13081427352738365,-1.9431688067160302
1.7556906058501225,0.026763695046826578,-0.2122733277503467
-2.1955130630286606,0.2632838788233816,1.6631618418245813
-0.49244721367666755,-1.1081260788469516,-0.1401696709564459
-0.2732382244785351,1.1364405220322096,-0.43694777219567954
1.9421909176291654,1.5621380591446778,0.8247743352658667
-2.6201537141063236,-0.36053206667658405,-1.8752160159836244
-2.4255408663335256,-0.4575493239141676,-1.7991177394581042
0.14686911756345866,-0.11077045010328755,1.3255695654947546
-1.1446877709185683,-1.934555572519109,-0.10008312181005416
-0.12466947657613221,0.0416800763888579,-0.2814317966432016
-1.0606443554868126,-0.30543265517271,3.3446712436275536
-3.0211956881822957,-1.519243312863012,0.23310947091787856
-1.4833102090034223,2.7425835245311774,0.2210392748178187
1.852575754436608,-0.3943946542493001,-0.5183471590147547
-3.640826769167695,0.17252678847074274,-0.3273635921385517
-1.7322786379766995,-0.7422304830571835,-0.03128551109322008
-3.273477547061363,-0.6507707007885929,2.192182235213986
3.7498832363061263,0.11204395862932459,0.3981534489983011
0.37450511923492963,-0.16314439400037525,0.12559308224870203
-0.4659266094680113,0.2289881115919211,0.8015631257171489
0.08633636764635033,1.9933611259624497,0.9237311615208426
0.548238010255571,0.027309722084267463,-0.5540931168172547
2.672898681294513,-1.3462130913733925,0.25101067165477087
-3.5670472884161484,-0.07111038233960454,-0.031309569553988
-1.2382689606651813,-0.5244150636519898,-1.6943488676654723
2.589030393147162,-0.17235316885838317,0.4519030455071075
1.721474416649341,2.427993810296192,0.6211669982624193
0.992505319260792,-0.5085240501519019,1.9808264629667327
2.53958695954457,-2.012050553044565,-0.7814994613248737
3.974731914907219,0.5231532737838781,0.13124617542722467
3.1068584047827192,0.5719484002401738,1.4052130115688617
-2.035514077106325,1.521467608516698,-2.545206571325881
-1.7733191515271503,-2.0235516442128896,-0.9921646566350663
-0.3595534871063502,1.5212597993389074,1.0412398224231525
-2.0954098037265565,2.1009576291286014,-0.35349544677047035
3.7977646965168783,0.8905790425359048,-0.4484671946963313
-1.1202673691154543,1.2419507348960614,1.9270607619309579
-2.833322330291856,0.14819397772633466,1.6410493077279604
-2.9603119032497673,0.7749157167060409,0.2696055196046185
3.3078531879790383,-0.7512883722969169,-0.15846452655904958
-0.45800770103701527,-0.20213854271966158,-0.43553422401312614
-1.3043947336404442,0.057890005210798505,2.588565541182347
-1.1922282184853188,1.3864589041284552,-1.3292153041188126
0.17314399119062834,-0.7886490566154131,-0.18976841887144336
-0.4267758859627044,0.522579424448702,-0.8286823742368987
-0.29691996070920634,-0.11510615028298453,-1.3874125974528464
-3.7742950570114653,0.6531493126116049,0.6653965207957572
0.46138730250340937,-1.8863581416184592,-1.2302970161955276
0.9356436229731377,-1.9910683484602285,-1.0080194430317417
-0.7819906664680052,0.9523223482461196,1.5514496475404485
2.715548192709043,-0.5489490118136187,0.5196237055590349
-1.1697496490500765,3.878625466234948,-0.23998345948038127
0.25884788524930225,-1.6450029508292152,-0.666048771863888
-0.6104684003600384,-1.8138795555806677,-0.7262973874793278
0.91297499419858,0.8196243500919866,-0.5978175241796296
-0.3413112142853704,0.2087386424433301,0.24378033598344875
-0.140642717293817,-0.2171719232583728,-1.1588746986411549
-2.009419839303642,-0.4270056599432973,-2.177548266570519
1.0053974623089523,-1.9442215165814234,0.6180109225055478
-0.8613181750750293,1.2564250453612698,-0.3849876900189611
0.2751027908284911,1.1855498056871538,-0.06482094746095697
-0.03070328017714348,-1.6432366504979061,-0.6291789081088484
4.290088914681311,-0.31552842827620037,-0.46801145200020045
-2.201480431843272,-1.8327114223613754,2.1173787933037915
-1.8644231514322902,-0.4021877289865627,1.1169774863163244
-1.7628761521794538,-1.3070716946387382,0.9426397475788858
-2.655407996872454,1.2674381660788636,1.697538966817054
0.025092570251540297,1.4495223090921447,-0.35857722159063204
-1.3366640716433695,-0.3283358720189972,0.36526077599937995
-0.808473372088377,0.8498503925234315,-1.2918238163361062
1.1945354269649198,-0.13319634888516232,-0.8346381460971036
2.607155882451506,-1.4871473648980413,-0.9442646567543017
1.424204890522216,0.09323005405878694,1.5276903958793964
4.43267103004188,1.395761192847689,-1.1618095202203413
0.3163995243041984,0.38773668004705214,1.3111212791879432
-0.10072294512223648,1.3539936487479214,-1.232463516824306
-1.277088177573238,1.349957192681235,1.2347838688144863
-1.8087608847798027,-0.5282045720173325,2.213127398154394
-0.9409456850046728,0.4765257349318772,-0.3861295132403324
0.3006359024617557,-1.5569689006303684,-0.41231330919661485
-2.1429940793791307,-0.5361872556038478,-1.3356152639821326
1.2361727062334988,0.11419214682506164,1.7330292223339787
-0.7294590427607693,-1.306388669152322,-0.6678045334277383
-0.6670187353571824,0.726109846100423,0.03680650710610516
0.2201526423553648,1.1403541742186778,-1.4242729256019404
-1.1489423624484019,0.4470334819618618,1.3487670133028324
2.045535490606582,-0.47085995100031053,-0.2157539961794262
-2.2096127712337603,-0.29980410352909814,1.0443866308083458
1.911241675816845,-0.7413235342185389,2.281350174713111
0.0030117703169035824,1.1276265118296736,2.0451954038893896
-0.0679390941539151,0.1895341266009474,1.811978401895395
-1.7702126047547784,-0.4641263511207469,0.05868876013039091
-2.1027335472461037,2.1546912932307154,0.8206314903728394
1.7762027331263839,0.3080247354182811,-0.702897944873369
-3.6334342595543747,1.4405687252769839,-1.6329499268119447
-1.4594608039669392,0.20160578912780425,0.22101994503434186
0.4070127689044325,0.81054401778742,-0.917089093891909
0.1574604201840779,-2.8417433936630343,0.7837885193844838
2.1097681502743124,-0.6625240816516661,1.2344289801125665
-4.673175530219527,-0.4468002934368149,-0.6698032876215609
-1.3784268975873288,0.4658011700864318,-1.5870881546608058
4.594736947216169,0.1680075023491367,-0.7337457193989477
1.3790767758785087,-1.7448579985711838,0.3386025500951697
-1.434087609654399,-1.2734389572970695,0.07831882831531312
-3.2320828234225676,1.6772318787654925,-1.9957291074029417
-3.2320828234225676,1.6772318787654925,-1.9957291074029417
-1.1210734373272817,0.43515866666883823,1.2528090421334102
2.632751097153072,-0.4875393003145189,0.8561333717685089
1.445401625200826,0.5935413465966086,1.1100929004501578
-0.49481163891232566,-1.1961178022071361,-0.4876333694759672
-0.4301446288784498,3.0022287858733345,-0.46629185340807217
0.7458348276942061,0.3489866047121372,1.3179993526879517
1.6461718167651174,-0.4044935879679361,-0.9389612765605376
0.02051993602257559,-2.307518046576006,-0.06283063124799484
2.6041414233168716,-0.5603019488770268,-1.3100412381600954
-2.7538163958444826,0.1294680239428094,1.0515119660896943
1.8417631065280577,-0.19648130606760067,2.063475800224152
2.822103093554553,0.5868974670242577,-0.03739077655615469
2.8311441807364828,0.3764452286305978,0.09138929530799597
-0.1658742682617474,0.05041343023435892,-0.37084599050628597
-2.077492272950633,0.5863410501543302,0.16521770855081636
2.6683285929778804,2.100996828607708,0.8754290812155985
-1.5736460398756518,-0.03477572457281862,-0.6909753811486952
-2.077492272950633,0.5863410501543302,0.16521770855081636
-0.5191254771556406,1.5193598567016704,-1.1651345862985263
1.3434640381073126,-0.47170934857100133,-1.2606087917808182
-2.2719892544721496,-1.2238068182534552,-0.20043484729099692
3.0279795174064446,1.256535025941204,0.5122373370581103
1.1305036461166742,0.10967675141617596,1.9084638313266982
-0.8522816948922032,1.0400643573472863,-1.0013646649260879
1.4747059396831077,0.27848547066698326,-0.06940478310704783
1.4551435160465906,-0.8798423293369488,-0.811119198162124
-1.5216233838800317,1.0555718077475427,-0.40292527106679166
-1.4360603361100128,1.1130206350014435,-0.21759248248143404
2.536866468977417,-0.8762651401229652,-1.539741081570969
-3.564345275878547,-0.43143200212129434,0.17667997276856218
-1.4329019033031523,0.9797495190119669,0.819328971545011
-1.7106954962283494,-1.6935259862802536,-0.5673917637894853
2.5274141594421913,1.1392459464509523,-0.13270563087034423
2.951191006574393,1.0256937458515023,-0.11466454673156438
0.723612813098477,-0.05277947566730698,-0.733026484526802
2.361490998931581,1.6551495332926436,-1.6948717399780318
1.4926796581302828,0.410795483340973,-0.2148341760048636
-1.403253971227048,-1.0812544124220629,0.23284183603150854
-1.1472152972955172,-1.6141005450559187,0.7881296616988299
2.21341643029817,-1.0132177010866463,-1.2398178766747436
0.43811143005194014,-0.03935691136935448,-1.814209326039781
0.3546948822964783,0.8248660934740428,-0.7714732140497198
1.6468214195094804,-1.6717434417659256,-1.318578643459603
-1.077125154466524,-2.3484512780147653,-0.14155673040947342
0.9587278656070269,0.26696566815645917,0.18918411217181372
0.392219389114616,-2.2230221485196866,-0.27626228942761777
-2.00336105786931,-0.2836930379382396,-1.3219485477921857
1.1833975210589633,-1.2769948956266886,-0.031643440835458427
-1.071787296837115,-0.7413717967166588,-0.6915411759881347
2.0311293247392253,0.6215175943113588,-0.3532264656461118
-0.9950578159341019,1.811756015586381,-0.40150024111302834
-2.577477646893236,-0.9849054461100878,-0.4206076904017914
0.726061421017007,-0.014261182622112888,-1.6848180480127397
-0.4709244832544251,-0.04387322342465792,-1.9919881090470395
-1.1881457294525943,-1.6437236952506458,-1.2435859073088185
0.7906743658222348,0.4703686293136025,0.05647913604135167
-1.9765382603822472,-1.5453861151311084,-0.31074718652353545
-2.2319749577640855,-0.7172727302997318,0.23684957572458695
-1.0274743530853478,-0.7851131300715357,-2.207756192695723
2.1001209112777723,-0.825905167608664,1.1895500172497244
-0.34152900855634394,-0.21032116947173174,-0.8903733006940044
1.056380559504497,-0.22058311358805685,-0.7960886992303031
1.2547195000483136,1.0723218312815084,-0.8635234657319146
-1.3879817728712398,-1.2302859195694678,0.08007345074377542
0.6716143906392278,-1.0886568090361293,-0.7591066367075363
0.2012047620975565,-1.7557254868137178,0.23289847206331868
0.3928888049578816,1.2653094132107343,-0.29786538473655
-3.7887512091413336,-0.366826053518814,-0.3810329190509282
-0.5600660467953331,-0.09684919047313155,1.2679921901287032
-0.33626382450219544,-0.5367552310486996,-1.1724115667949147
-1.5868646387544554,-0.7149735997795478,-1.2460679177320817
-0.744128019175035,0.001079470768697497,-3.0875113230820093
-0.5441504320850096,-1.146261759234798,-0.9696164743559618
0.3259411334674792,-1.0170946092430413,-1.6232197465110814
0.12207703678777707,-0.010039940562885619,-0.6497616312701747
1.536651205364688,-0.4141327594494242,-0.7387362741221061
-0.648746431926878,-1.996735234506794,-0.07978989568735642
-2.0599733275123997,-1.0360997266107894,1.3742006344252062
-0.37229519513520026,-0.4979928514141282,-1.620154438289928
0.7264233811577503,-0.693406200363413,-2.3262704123011555
0.7503818803729373,0.25431694822881307,0.43707090986231334
-0.2753961840043433,-1.364695735770222,-1.430473355498424
1.5938098228091013,-0.6156596841257682,-1.7996668657610366
-1.1086959835810108,0.13664484124268933,1.4291556658248514
-3.5174491418040663,-1.94923966024406,-1.2302050954764665
-0.9235604222942171,-1.3643547756537864,1.71447085386471
1.1986855232334062,-1.154146298179975,-1.1219804972103922
0.8668425446770129,-0.7673480091478783,-2.2385468999300513
-0.9679999708908567,-2.1238129043154754,0.15889827745723897
1.0152251115047395,-0.9889403111792137,1.8260043675890751
-1.896614009420125,-0.21051820987609488,0.1775294445794472
0.9985372377894833,-1.212627383117297,-1.0165055551130497
-0.8700482528801351,1.5452499801902395,-1.3705785355271862
-0.31587386044697263,-2.4344312854796724,0.31585122279301336
0.5130792039863865,-1.0126641441932522,-0.335760238624862
1.2159695047660206,-0.875287296993382,-0.5543790923199966
2.6730713841594502,-1.5992736787844555,0.09713080047505479
-0.024949434012359308,-0.2747843693259829,-0.705405383846526
0.3051995325285942,-1.6147018520865797,0.15217228138540942
-1.1814774454211623,0.40882053128368495,0.7081778705605226
-4.372186892234684,-1.2249185124050528,-0.3390118200207216
-1.8903621670148452,0.3764836903928159,0.9908031309300008
-2.6255166801054948,-1.1388584275397633,-1.7892982234858983
-1.139872570401371,-0.005540904532904227,-2.605684236905757
-0.7382132811236238,-1.0469325980398636,-1.3643027807288994
-0.1468211730377753,-0.8535104625618896,-0.782845663686685
-0.5983482248650963,-1.463255744943646,-0.3638724071675787
-0.1554139726631674,-1.4712043234376782,-1.1059983874863815
-0.15859127698073516,-1.2308607827225468,-1.2722436828105557
3.8491879028124103,-1.574210695420513,-0.6384034677279004
-0.1949677186726861,-0.15085852515333933,-1.8726417843460936
-0.49528230503860426,-1.0356777191964748,-0.4913344799786687
-0.7204979617148121,-1.0202657384975802,-1.4287174887945704
0.8408080831797579,0.11953437842691518,-2.355016984771487
0.1135935451376602,-0.7242330082106131,-1.86919906462824
0.6113782956536269,-0.1786449698737356,-1.7547762934209088
1.6475165124436868,-1.8035761377246502,-1.5410870118916058
-0.34620209098686716,1.0967845990292868,-0.3285934302899084
-1.1327808239543533,-1.332662397887152,-0.6853689229054183
1.3874377936799496,0.4859188199650239,-1.898345457056941
-1.2492463671644076,1.0940922944181513,0.2961896715732967
-0.35558256690552204,1.0369676240654415,-0.7915690483844928
-0.62775025851935,0.30622694313342436,-0.7364000708949747
-0.31547799348183037,-0.32149105753540663,-0.8757923669485226
-0.36388299660909157,-1.0487835900490305,-1.1970355276552511
-0.9451681073660065,-0.5025969331318746,-0.9513164441705295
0.19243823942828564,-1.3215267311116112,-0.874022927080825
3.1467511433680597,-1.4058554844343631,-1.3008241110234724
-2.2140641485770383,0.9209392159429,-0.7665623788099784
-2.2410875746316794,0.49108286603958523,0.4625799979597595
0.8147513358049686,0.047674994256471946,-1.8815880018205347
3.1766174092941024,-1.459218342397954,-0.34156736642952223
2.8282108000789212,-0.9480054709559135,-0.4955727665546498
-2.272851912824051,1.5208322378257375,-0.983697409447809
2.8469939335065946,0.11018147814509491,-0.6405262581615678
0.6816515306724018,0.6388600198669256,-0.01780145985795646
-0.29150687460297137,0.08124838820703606,-1.3247885736262297
-2.9600589278980687,2.8175869571222116,-0.7964042132848178
-1.3183240129617797,-1.4811435285518157,-0.8477909329815853
2.9311390910672666,-0.5000091955346978,-0.9171935831777794
0.17882117386609234,2.3457290231308896,1.7401956579657445
-2.6255166801054948,-1.1388584275397633,-1.7892982234858983
-0.16492532068843943,-0.5446504368355569,-2.344854555120252
-0.6223720950478658,-1.7056292448990393,0.13140509782791648
1.6131002526220237,-1.5473445209271108,0.006503266237247748
-0.4794030563517743,1.105326013515654,-0.9327994908624131
-3.2648375247005728,0.11609174734118387,0.6104611833255243
2.2807116244646153,-2.0566362720852,-0.0695771662157832
-1.0349833949826421,0.2592897153300258,-2.08754260433135
-1.0685272083596498,1.473832302284334,-0.3440905802369293
-2.843234192039965,1.552330259819187,0.6109437985481857
-3.2474673266560754,-0.14303368197359062,-1.2055933846786218
-0.6460643112299446,1.9080643435088658,-0.6555730376129796
-0.04581717162207659,0.37644920923913067,-0.04865349423781238
-2.187706966897733,0.9275782440534864,-0.9365359423879026
1.9001558511251417,-0.8055859698117168,2.562293494459482
-0.1819026423545188,2.4692961218706726,-0.13881680536219776
-2.8985426463665194,1.5688606518747066,0.14633258592219436
-0.9484523105303575,1.0236908320594285,1.1032617230542565
0.1807047637593786,1.374524530765877,1.2208313926073158
2.3015813265024123,3.2083890728807867,-0.05198176892975183
0.6310624985829798,1.730637912897832,-0.9010693363066606
-0.8957890017978243,-1.6511985840692118,0.670142993316912
2.7022178478626895,0.6702872827790822,0.9252380761643102
1.9693997069503557,0.12980106945899153,1.8097430472879708
2.254097116170363,2.112036319968914,-0.2888885436074684
1.9622766795758755,-2.2105376529251197,-0.7318449455316091
-0.2324718078610192,-0.12484314672723734,-0.9856792859941719
0.7918200964742356,1.4418049023669086,0.5574170659833431
-0.2919292098491609,2.6176056603896485,-0.2570790759556276
-0.7996500551273731,1.7725450644989391,0.719386671137472
-0.5951595089084916,0.7081441244195859,0.5720717382185849
-1.981727519615865,2.168108313929687,1.3455649728814398
-0.0641152845893221,-0.0253412649995936,0.7270760000300857
3.3434826026364903,-1.2572970720897774,-1.1315804735615287
-0.7487168333532289,0.8301968411747814,-1.2793690820669887
1.6115003132620807,0.04282609725179502,2.7711598125260424
-0.27527666808751416,0.8061705153501009,-0.15058045162087877
0.5550312680615875,-1.467769559209539,1.5652166899252378
-0.20628514531037562,-1.2331115054190167,-1.0523524686429657
0.9627217736817444,-0.17610442937743648,-0.8376406040204206
-1.724613393895345,-1.8171120246659935,-1.287867564417983
-2.5467010048461716,-1.2363077967662186,-0.1677417461953857
-0.5908360286925383,-0.6701791452104187,1.588199525198861
-0.7872510363951395,-2.255114421832137,-0.4131218320835758
0.40125465908860264,-1.1791074253127927,-0.7227885053972374
-0.7685089920495922,1.2123337714336129,-0.18303887028494473
1.832291640730223,0.14150206893102485,1.7874166978936872
-0.9781123027868645,0.2690176499694796,1.7958940312515366
-1.0105187391546613,-1.2490193391897255,0.7499440124457977
-5.122778150241179,-0.6673453085461013,0.1442901837083572
4.7950239099024685,0.2763275636867328,2.076410181035359
-0.7286696366759753,2.353180080148442,0.5010352691716146
4.666079852876506,0.34262854684517324,2.035256437149171
-0.06586043551793481,0.1844870482412991,0.014688656176962888
-1.472435365641227,-0.24351120739840906,-0.7157644964653868
-3.9063989813043105,2.5413139552108475,-0.5627351431656247
-0.9921854918447832,-1.2433929629822458,1.4777839115688272
-1.5591353793325962,-0.4420580923678107,-0.5357919916262598
-1.6501449348310964,-2.356897444819043,0.614471804550554
-1.6406118719909606,-0.9712056447513122,-0.9630889475459695
-1.741859317244433,1.5722013822441172,-0.36958014595953076
-0.34521063319843376,0.5464250055574669,-0.8761262481146544
0.1799644411881472,-0.3057298866577501,-0.6108989255402074
0.1799644411881472,-0.3057298866577501,-0.6108989255402074
0.1799644411881472,-0.3057298866577501,-0.6108989255402074
0.96168589336142,0.943473061763777,1.89627297670525
-2.9077473222216397,-0.6959320801754973,1.0628724971548367
-1.8027271650903125,3.3551407572211294,-0.5372115592865635
1.163746891123124,-1.7959598108525006,-0.6058719585968483
-2.6419391961470495,0.670276107786652,0.5935123436049751
-2.591329934476212,-1.64568238232797,0.8835153548959674
-2.591329934476212,-1.64568238232797,0.8835153548959674
0.9122396657996944,0.6844060572278999,1.9447586618564114
0.8306178938868286,-2.2768910126285746,-0.603931235495938
1.1750883138894732,0.621886857382208,-1.466830752990283
3.250391008330095,0.9307982133110437,-1.1015598165069944
0.4875053588051561,0.18131829149169068,-1.3145492527669633
-1.0157208860465907,1.1591340410004718,0.5739595984678297
-1.8902121367705178,-2.4796421137869475,2.0061111412972323
-1.3397265092270074,-1.9475890751785148,2.015610598729157
-4.858157686129756,0.5919437155343276,0.08902250639104892
-2.679611046691059,0.746442370570143,0.6276318098520409
1.010249704555716,0.46737551079912326,1.9511163850417987
-0.61094306178828,-0.1424995338077399,1.1879499725762726
-1.922952875471353,-1.3965701269773143,0.36951534258376484
2.5729700002672207,-2.1401275337825756,0.36837634896602245
-1.81009015023967,1.1136304871089406,0.28125935107393013
-0.08241612551617673,-0.4855820607532065,-0.15391055443945845
-0.9027092084837137,-0.04723963504620552,0.4577132720748681
-2.323168794349297,-1.4141946167287305,2.4225805536369878
-2.323168794349297,-1.4141946167287305,2.4225805536369878
-0.6371807936866775,-0.014270225994792803,-1.6573745408017664
1.188241141491225,0.8209350249128653,-0.2873265872871089
0.5731319159919315,-0.30162165360541215,2.758402436407125
-1.1628221079757135,0.9462248224585921,1.44149530124295
-0.3859164660018601,-1.2324739833308178,-1.5533418788737263
3.2170648928370538,1.2586641680039075,1.2176628036560118
0.25215357324308735,2.2131534879305526,0.5163625966191197
-3.927335058636675,0.3382590003038201,-0.01090068940597883
0.965031186606295,1.278932606662813,1.1408550201810477
0.6476979745095026,-1.4324140686919284,-0.16539937688790476
-0.43744758318223714,-0.5921777541849701,0.3557210997867948
-2.570734481570356,-0.6355016425512837,-0.20571411459387803
1.3609967439994168,0.05944417743568683,-1.0073027426945538
-3.8697917876869314,-2.7118856834667233,-0.2000442128270228
-2.6393526046531677,-0.38988655212980006,1.180908329339012
1.820966700238646,0.8015892513222332,0.8516119844663744
-2.4536552738805977,-1.9615152608200386,-0.40566696767955795
-1.896702541588306,1.036410947964247,1.4224412502364217
0.5858456622893256,0.1592521577386946,1.8023885723085913
1.4384768977032503,-1.2769755987236775,-0.9550201517935054
1.4030197191513254,0.398713070623511,-1.2703929040206159
2.9791571861293966,1.7888500205025248,-0.4511262652502681
-0.22123901812499658,-1.2534454227312513,2.94612295271161
2.08506988128751,0.6779022922817983,2.1272582616680054
-1.3007824265607046,1.738719988404791,-1.0440473213391024
-1.6831890321768839,1.2658044964371196,-0.010521474805317756
-3.7107527861550413,0.8980758271753128,1.8657993175339198
-2.1318227815827355,0.5531469383545592,-1.3416880322277098
0.9087218368164404,-0.08053995118981949,2.223808177679783
-1.5575619225308641,2.7169911279059957,-0.24111406214323178
-0.3220993548121624,-0.3351732473869973,0.9908806847170836
-2.457719580800875,-0.6576254357149226,1.1711628236779887
1.3007168931050526,0.7893346732574641,0.09239129910619981
1.0056918668279768,0.9453221348608565,0.6259291871220127
1.860650240011606,-1.3294988999215411,0.27653737138226187
1.0335609739933798,0.1562332192471241,0.27813994614940346
-0.16859649271144792,-0.7403071738218053,-0.8017408371971239
3.1619437757877358,-0.07976310429523276,2.7876065310946947
-0.6072898070813746,0.36040550238224334,-0.7081680431240152
-1.2880149477344116,-0.7681560418625679,2.0102108400524976
1.3518446769098407,1.4227202126364271,0.7103869833816309
-0.3444759662440185,-1.348031053329976,0.024225410036594768
1.5918395047400566,0.6120619508985092,1.6148756145721312
-1.2307164894389155,1.4114969113581228,0.8663404369672225
0.5848636376219069,-2.3451416717679776,2.2503866492271887
0.0681746281351183,-0.589012606660841,2.0955877795459292
-4.436663829164779,0.5714887851987323,0.6726276917189022
-1.2998541591650798,-2.475902173294546,-0.21515515416925599
1.1361569502501416,0.9448256265169103,-0.8089055348722021
0.11146455548793943,0.2539280531317415,-0.12676106317808858
1.2336151740170924,2.1495192462407364,-0.12833256080113525
-0.8756521129487347,-0.7106701106260177,0.5850713271244268
-1.5529817408619664,0.3549026077926003,-0.4505854976126651
0.8988330186941688,2.5327682398473326,-1.029981941079994
2.254671164154322,0.3289556342030509,-0.22876055113440807
0.7452901044946432,0.24802232949996234,-0.7294906422510122
-2.9846952596250027,-1.7502151678405682,-0.04820554905918878
-0.8021644127151573,-0.10286382944654474,0.7421814618128149
2.8644726194230357,-1.089956634491939,-0.3619818515164518
1.378409048055195,0.34126170425325514,-0.6281475216040054
-2.7980395043236177,-0.25784622354247216,-0.29779208058620743
-3.333338583948748,-1.380278583661551,-0.19435814635544738
-2.0070942810636456,0.686440506024329,-0.5738546047298828
1.4502557927428246,1.1987868372873347,-0.014108866243110576
-1.719634000942053,-0.8620085233489619,-1.3515636489870417
-0.5534635223745799,1.4676883739145072,-0.06651861709878024
1.0142326059353726,0.41008521502796336,-0.9781642756023188
0.6146668195099794,3.483757254458929,-0.7452073503515529
0.144659716182794,-0.1925885026556341,1.1786422421475453
2.1896844969180704,-0.3802761455029106,-0.48461887317309577
2.4491659731354147,-0.26057651307901414,1.6379259346834782
-0.26920121243555767,1.6506608286762456,-0.32313829769473157
1.4386615549716817,0.3818383549865179,-1.2008835730553689
0.18311468132501188,-0.7833306834793706,-0.13906584980178952
-0.0899319177540775,-1.0916092704742373,-0.9384371450504537
2.3186077002514893,0.5132478994261668,-0.49736099999975486
-0.4652726571113997,-1.60133258114968,0.31766723809708736
-1.6901073572344505,2.6951181186805533,0.27029662016269385
1.00583819570084,-0.1435359029786813,0.8644405762403552
-2.5000768616675915,2.176856941341882,-0.1080687053767383
2.3838288425659755,2.1123327593651897,0.18428889665505246
-1.9292374428705807,-1.3656871952855156,0.6972836011063974
2.8433961009377033,0.18226602925615315,1.6077792293218218
-0.2938398017729225,-0.9487245320630907,-1.9206703408643406
-2.3520832092394985,1.579493981968258,0.05965014763738205
0.982097078426995,-0.30512822045618593,1.190826205302965
2.2563786857541164,-0.18225100273171302,-1.6670731886562686
-1.5969964966705141,-2.2287571472012147,-0.02747159940599872
0.02932491444826497,0.25863101407764516,-2.9779796173375077
-1.741186426712808,-1.1943245378837217,-1.0853001486555047
0.265428293117847,0.9203733230564877,0.9890954284957525
-0.5829375222906974,1.2104546754629186,0.8737332290369426
-3.161586376965512,-2.67565731555959,2.308573131682613
0.02250181391651086,-0.5347430053052057,1.0625681373894684
1.4592033892287923,0.9836998084921029,0.5853948687092746
-3.791822956699935,-1.6399619696608987,-1.2369458588457538
-1.2213084923868616,0.21430599249284013,1.1946557928250596
-0.46104660724815566,-0.8559975597793895,-1.047269143311106
1.019328610101879,-0.9379313056248999,0.6260985988453731
-0.6114418089652734,-0.758390776052281,-0.518999534080247
0.07599182984276823,0.34200418827655704,-0.1827013073778162
1.3821551548783193,-0.9186862360878532,0.6183778497398134
-0.10436714502276752,2.7008312837779975,-0.9586688290596302
-0.10436714502276752,2.7008312837779975,-0.9586688290596302
-0.728734706440122,2.5810154476967226,-0.4390936732957725
0.4960758342795346,0.024586472385794457,0.034963579711514946
-0.6586424010997226,0.1024415446000661,-1.3215081043686816
-2.9236083024686232,-0.15692050565863633,0.5703551927580632
-0.6572142688977132,0.42095800923941135,-0.13786331396695364
-0.2788068877702083,0.11123522108899624,0.049619928099350945
-3.178410261268858,1.8337164969676822,0.4057453473211511
0.022548767841314165,-1.018311967408088,-1.1205838513160642
0.16855188759573278,-0.4809792521652125,-1.3537628224012224
-1.8595770483999152,1.9701353782621602,1.1367977256392274
0.2840822314331196,-3.0751859651835307,0.7928665753125402
-2.500433605482397,1.1313894807691467,-1.8587588786421319
-1.4418743256619968,-0.1496993063872651,-0.7151864759039016
1.882925129535097,-0.5856534731798729,-1.0293008298896176
-1.8655465942779614,-0.43256712511308887,-1.704858932907069
1.3638035408763876,-0.2098764969064377,-1.4262698095490696
-2.838975189900563,-0.76559978605638,-0.47866224789075273
-2.6013521072031565,0.29784795629062427,0.3168591242891114
-1.2677631408722763,-0.3711199815336838,-0.27005239232078165
-2.545402623176614,-1.8303660990628456,-0.05129565414837168
-1.2778191943230028,1.7267037087500174,1.4066277613191067
-2.1432348763668045,-0.22859388102602723,-0.17823881630743338
2.2243011501350454,-0.9450306937453087,0.15110191510027607
-2.701935964313284,1.4358542182144194,1.6332044668555674
-4.359214271948305,1.8489114812073877,0.2862102486536768
-0.9675689041614817,-1.6177902043701073,1.213846906006385
-1.684311900993589,3.4247086110461433,-0.3849261560749131
0.6072286173767996,-0.8111320067432162,0.17287729731135956
-0.5268643214104757,-1.2947591978425035,-0.2524040985540096
-1.103444633761115,-0.9258266449471234,0.4163994815546703
2.160153221339136,-2.190210875447193,-1.275521654418731
-0.5351842393232803,-1.0252648033281582,-2.1188454212001155
-0.32908697822600064,-0.9411425097182261,-0.8122477869629874
-1.7165837705484923,-0.52958823184698,-1.5637745932602023
-2.9835821223996972,0.894539785180326,-1.293006613812306
-1.0068615928939575,-1.4302733858622922,-0.9443163127086599
-0.7230804347235742,-0.5426212372516694,-1.6636368719685783
0.6978543867951678,0.4867231895089614,-0.44715820240009435
-1.9286181930626038,1.1866586097860197,-0.6686543075436934
1.4575018650186202,0.1792792770685814,-1.9597576449571963
-0.8059119974763895,-2.7553065604548537,-0.4778774922520723
-1.067924572013663,1.518550876307545,-0.5588110348968003
-0.6477641815924812,0.5591131128577985,-0.8201095011866394
-2.063692878867505,-1.145621811072926,-1.5009652685879804
0.9997052703904341,0.1644952960756186,-0.3635087991799018
-2.759071079386893,-1.5203396034256456,-0.8675770092856072
-1.9899759902721126,0.4597860025396829,-1.7830431848102526
1.3084593837825356,-0.11930498971823193,-2.379661954280418
-2.4220161472067274,0.8699170577585865,0.887735725794572
2.1941636163596545,-0.147773178413012,0.14282366177782566
-1.7967372379662128,1.3362968138825049,1.0235320916612873
1.7914805090825394,-0.24860034327020689,0.11471918021854198
-1.4145099834725778,0.06842578782389298,-0.9747655150287247
-3.372887260057677,-0.8261950591849562,-1.7247366314192218
1.45719571163745,1.156410229238978,0.3376408709121257
1.3120332692105858,-1.186614192354298,1.4090454762830502
2.993745000204269,0.5688562113817655,1.7180875644771645
-1.796545366610968,0.7008912006407205,0.8174310730681056
4.7815506244663855,-1.1288570677192007,-0.5381948704740147
0.8426804733061878,-0.721763753782156,-1.0371416224407008
-1.1293769256468495,-1.767059152421927,-0.21763046554046905
1.3817710322324708,-0.8172251113285125,1.155507667409324
-1.4141648998669563,-1.56290617342619,1.0466084330499545
0.964265191271496,1.4890668949295207,-0.5482225947386767
0.5377724780440084,-0.6709310682072751,-0.18370275535670003
0.6009083667062066,0.7219946634181617,-1.6563816950652586
-0.7362920520019569,1.8558490264349188,-0.6746917815489734
-0.20827208861755472,-0.8824888994640869,-0.8705205468880394
-3.2319730680624277,1.9514394098146797,-0.019997437171411232
1.3930274266218652,0.09725277017519386,1.415327332770454
3.095823021539571,0.2623780129300545,-1.3918885959195977
-3.3353116659711737,-0.11508886810097001,0.2214464104704307
-0.2041567481921892,-0.661159657208638,1.0290298225777346
4.798844821526787,-1.4222862621234653,-0.40741225466177
1.7870772240428316,0.26376477376065377,0.9441211949601701
-0.20578244033353651,-0.1671600008712655,1.9091978665488925
-1.5288887847644332,-0.5878589943882361,-0.1318938132536399
1.1582736552658655,1.2109999981739559,-1.8403268611428918
0.141087509730459,0.8697511199850032,1.1950703634509623
0.5401632661016239,-0.2360449747841837,0.308337816584642
-3.7867018203247427,0.8045657503175327,1.20949276591396
1.3910324176820597,1.174298362520693,-0.1237025030238471
0.6274644974749904,-0.10520253479341203,0.7903698768483686
-2.07512737138668,-1.43261272374117,0.23669552145325745
-1.5712446840051255,1.0672145280685623,0.5732052638415918
-1.9261279692417324,1.510233316450684,0.32661227841347723
-0.2275154513514165,1.636747721902269,-0.9300572085879023
-1.0368611128612777,0.1780459004739665,2.13485276177592
-1.3292975816280679,1.3215244974338662,-0.03295413535200612
4.331201315922958,-0.5414677071640933,-0.28385351792638996
3.0788817737805405,0.5747204743696339,-0.14657835416285842
-0.7507892132206204,-0.4010898417663767,2.529429819661963
1.9654151448321704,0.607261418005779,-0.2965146636042254
-1.4297118107699947,0.12798338811726034,0.8336356647246989
-0.9190957720920604,-1.848384213027309,1.4108729244045075
0.6871109076769106,0.736211724660165,-2.4403314647867385
2.411696861962229,1.0100047954636668,1.630729915931805
-0.9200430229539996,-1.6395705504943245,-0.10994340669925545
-1.343660075990217,0.9471899741653101,1.6543846286899768
3.1994836433711096,1.1172461457269238,0.5548061669303374
0.30886798788889436,-0.08792733426616386,0.20887637478027773
0.6641644525237699,2.582301372066061,1.1043969044883952
-0.6862674608666033,-1.4335070062726867,2.1009565244213633
2.477500810517652,-0.2148902028705965,-0.9929788979647052
0.030112158912758345,-0.36692019393136527,-1.623629570180162
-1.406027226854756,1.3933899314601659,-0.06449541851693566
2.4241879929860297,1.8327481113292512,0.05923940504673577
-1.122286276881201,0.3054126987402214,-2.21829116275303
-4.191416822403919,-0.07155566452709687,1.1023409135148325
-1.759187665899961,-0.17700161701599842,0.0198200563079065
-1.0102464968383356,0.19660529556586712,1.3332874556971173
-1.554343766550909,-0.8987533447923686,0.8900336745428765
-0.1968580942042116,-2.8876328561474276,-0.24428562310723598
1.3878138105123188,0.5926165485300599,1.7648324338018886
1.4025315074233635,0.13941092478818906,1.0407754518771506
-2.040014784225824,-0.07564772962800413,-1.5048221168500058
-0.519283835986747,-0.30039985409988906,-0.2705656674171571
1.1768889582828839,0.7339443687189829,-0.40392262090084646
1.5396326922823846,0.9774879999103322,-0.8591136737922177
-0.28810617705670744,2.1143566072776006,0.7325417855924006
-4.196982471162341,1.5439054343409737,-0.29555536410440325
-1.8575306321744383,-1.5059925596949053,-0.9689067508324803
1.0726011693201212,0.04582742868791497,-0.30109463030224926
-3.211760823460886,2.257338034983009,-0.7129376956085546
0.1291521735782824,0.5043026039098554,0.6251176270824288
-0.4155788091489056,-1.8575501062099578,1.1650285878874098
-4.9207416897383816,-1.0168149135882107,0.5952584060451042
1.6805564769299968,-1.9512013883621402,-0.8519731589156495
0.4069313269462215,1.3400315886890029,1.6618147145913644
2.6884541459012246,-0.6558793036637571,-1.5059025381909854
-1.954997317322208,-0.2308023763698872,1.2049428395515913
-1.0072744967760499,-0.11810947322190415,0.8757293541060924
0.3518154629764294,-0.5373847560674614,-0.9749027761208631
-1.574150321382446,-1.304161073121279,-0.7583807785245061
-1.51011878467667,1.2760912240443198,-2.453544290456374
1.0666953045772054,-2.585957321424377,2.382690933030932
-1.952886262444665,0.8014521905574823,-0.6832702659903569
2.5276551586232294,-0.1223306894898337,1.6012958002816113
-0.17261432320139566,-0.6171995157162556,0.0999218216784051
0.17922510208266723,-1.0480809949035115,0.6644800399904459
2.1674155521018528,-1.124181280677747,0.8908164007511682
0.4522618103227933,-1.4119150736219805,-0.7592464180907087
-1.731324139793136,0.004155294394516637,1.6721812590126468
0.04869896096684839,-0.10426432979038543,0.23704698695041904
2.2037016401544895,-1.203232146727695,0.5160027160912793
2.4303830858053868,0.8922907738350527,1.1942851337394027
-2.008720367486122,0.5798657277414152,-1.2727658036209808
-2.008720367486122,0.5798657277414152,-1.2727658036209808
3.558336474018752,0.45405249499051664,-0.06381018866022406
0.8506712886533816,2.7193073034844057,0.6232151752434139
-0.380626854715614,1.0135814386390203,-2.1627051024374953
-1.3458878138427435,0.9671416320219993,0.5353460715101752
0.40265659097532364,0.16650310009192837,1.5968781913186074
0.02755246392552243,-1.6314769981977806,0.7538170251708249
2.4026619706437478,0.5513635852216423,-0.5568675404735932
1.1410520722108386,-2.047828337762866,-0.5821890336663699
-1.3374486150150775,-1.760854282824422,0.5683623525647915
-1.3860352088630623,-0.9156326620749736,-0.42174668048845076
-0.33071662102815097,-2.205617622705753,1.5733182391137892
1.667328315845618,-0.46403311090246596,-0.18095272312203878
-0.29678808210333124,0.8425353988350036,-1.5063416682815134
-2.0436524261761293,-0.5593523495874884,-1.1287304681664658
-2.5895125657706086,0.0010982023507562805,0.042352202473115
-3.6854637194426605,-0.845769046211791,1.922105910111881
3.5238799008322115,-1.139502526143348,-1.4108406806910512
1.2192649253949084,0.052440475442346285,-0.6235431105815825
0.9957390333433812,-0.7104580906060177,-0.2868325547417209
-1.4467192070402233,1.0549017878489884,1.189012760225884
-2.173746616066882,1.1749194652863344,-0.47027258344458167
-0.13538150599570065,-0.637707241798446,-0.6899646955652545
0.7878261600592056,1.707894606372707,-1.4880471658774241
2.1080058917619424,-1.7037330709695928,-0.15078280989681295
0.4227825755200302,2.1865206220939704,1.6143133923566169
1.192744632595766,0.7098679481979859,-0.670695864740472
1.7429343012828515,0.0027934285666724383,0.36077905475221894
0.6774573554347935,0.5396715579302389,-0.2947175644329381
-1.0894663417132155,0.20255721806915822,0.2640147131550547
-0.5155864450266876,0.08324361792273365,0.48871235965560245
-0.43780025084724505,0.01958844556147397,1.2670930834809986
-2.7159954182440167,-0.02065236562548158,2.2235426793006168
0.493975771072762,1.1532174196147376,-0.011038943581286775
1.7401271069349216,1.917571607682504,0.16573821452122076
-1.389856807928645,0.17012443952744147,0.8194300307279736
-0.5540622524002161,1.0526578717245785,-0.13188836373494256
1.4255617358375967,-0.9467027404630544,-0.20231287468512266
-1.2936008205133354,0.7227047474814808,2.394093924348375
-2.1029705854629936,0.9978698548764214,-0.8204082575636237
-2.1264893748629343,-0.1282995762279392,0.436930917709427
0.8916692395366954,-1.1635002078462782,-0.4682399944552992
0.5911695623051144,-2.3502247259995177,-0.15955729073257868
1.536302208558288,2.160111220929558,-1.2113990078312078
-1.8724143076508164,1.2254588969008542,-1.7771785329635514
-2.2513664356519345,-2.271064362484589,0.5388523795706027
-1.4858123355664552,2.3744915382668066,-1.2171804177605419
-0.8562292737682853,1.3608962553166961,0.5655320870736457
0.5746197639688801,0.41928349266987325,0.08392234019578017
0.9968512359753857,2.1824548929269287,1.3979174773424567
0.982627530749762,-1.7132529857109895,-0.13957893538872182
-1.2568619907522431,-1.7328976925956157,-0.2477637357303896
0.6543451268293381,-0.7397396245502081,0.7720708086791376
0.865031134554272,-0.24263380609469834,0.6235922301480137
0.34580571907826685,0.15218062881198952,-0.1561208842803461
-0.11508442344955612,0.7981783860161016,-0.3613161243242551
-2.717082345918448,1.0553683837965466,-0.07566570264270542
-0.9842946897450666,-2.69411327179167,-0.780343281254134
3.463609355419693,1.4564971910248345,1.1975486245325062
-0.1783149359920711,0.128185586362562,0.9441103329189265
2.4342152812869964,-0.39703167713659665,-0.8107714753772761
-2.575312408704215,0.1445287344480241,2.196436626832267
-4.869600902367205,-0.8935751046002572,0.44862660509741353
0.4435294491732805,0.9935595083153753,-1.7623306375224796
-0.2632827538058822,1.5967854541088113,-1.9879183764659756
1.6734764390689476,1.1552617920768462,1.3226014889094968
-2.6221329536150817,-0.22299988530459441,0.16582738903426733
-2.929172099132127,1.0672279556187083,1.200664967566839
1.0441372174464283,0.2050710329657095,1.4338580141932749
-0.9933769743886309,2.621629339020221,0.4630021646921138
-1.5677170534261988,-0.7356517981082394,1.3246405252219542
-0.018132075344345952,-1.6562529932565686,-1.404809598297094
-1.1953296572583207,0.08476917322929699,1.778748379176309
1.065307181960591,-0.6386144593618432,-1.2672536362573312
-1.0306569234785476,-2.119501681053432,-1.08881590735331
0.4555228981453212,-0.3858333793868624,-0.8592780083056558
2.1148692179169353,0.9042261952110917,1.4171647668961311
2.3312044386680157,0.8289409165987518,-0.3543290449877546
1.973610830187444,1.0263082646391848,-0.07334280156449767
-1.6475653310634255,-0.6093191852913222,0.42134015168378863
0.42816591191304537,-0.06771436808151442,-0.5455340357694981
-2.292924362931529,-1.0631009047571163,0.04110508060091699
-2.785262344995909,0.3912550835023127,2.2334179668895127
-2.2265166252738946,-0.3047320513708435,1.307371378380074
0.32158138722554586,-0.20342920807553078,-0.5416964104895087
1.408791501355003,1.8510489946633464,1.0723314156641548
-2.136657706832748,0.8289572236320869,0.34949794063412803
-0.42551881799517643,0.25626815435613587,-1.9636919486148574
1.3133611713021978,0.20777297738643455,-1.0817226207548416
2.2317322798712027,0.5650537436273833,-0.2008715590100733
-1.6974302032017046,-1.3657936588633235,-0.41857398993725947
-4.590245380739965,1.6464458017460932,-0.2587814410482034
-2.475617701080786,-1.1821858886159902,-0.6185295179748515
0.4897249333059802,1.6850150354197824,-1.0568365320424706
-1.0084815473154491,2.277809848979898,-0.7710790255986143
-1.7858985451212916,1.9863660322785193,-1.0505170612985584
1.6389894297984762,-0.03764756931993114,0.6953096153191043
-0.13715399311112503,-2.208028865337868,-0.5802541702332765
0.2520975623525551,-1.8662938412357382,0.06509997770083364
2.0732314938692253,-0.01820041867252628,-1.2382486905828263
1.5989612657141716,0.0881287543039761,-0.7983362242355668
0.4551536183523078,-0.025125155099021166,-0.9274511004315279
-2.0320511112005946,-1.669919444048973,-0.24533902509781988
-0.2686981523371794,0.5067616468929209,0.6704962817404265
-0.6292815602811279,0.7539081661696535,-1.8454585803851224
-0.2686981523371794,0.5067616468929209,0.6704962817404265
-0.15020526981151702,1.019403028708473,0.10167763521227556
-0.8760407242385588,-0.27846929410894816,1.799559468306596
-0.8437172850312189,-1.315350010297236,1.5836449591586752
1.8667785580639604,-1.9561866165841792,1.0551747825429403
1.9822945448598297,-1.1742143226578576,-0.08715959736610783
3.776200567824384,0.8785838334475,0.998879006641202
0.1735078320482894,0.56263870914354,-0.11290947416513367
-0.9315659819035176,-1.2197517570230543,1.5412262868090436
-1.0711481771064928,-1.442538862916782,1.6044143894719318
0.898262835379576,0.37433642282746826,-1.446201172373494
-1.7856247615553795,-0.1390659416849683,-1.194205348504339
-2.5522736512013005,0.025702724375324688,1.2775817443268445
0.2814221368089033,-0.2713850957632568,-0.8144813676852406
-1.6300736453086295,-2.495585781906561,0.04174310327609865
1.0837516512373868,0.446686086775401,2.0770857366084967
1.3901358156217418,-2.3316352748290834,-0.06729275593302576
1.843454690154359,0.6283479743112227,0.9112230599614225
-0.6704781062187317,1.4135901883149937,0.29731002859342026
3.7382975196426793,-0.7943536892509662,0.3165428197721182
-1.2811362726412356,0.06674333387361527,-0.11631641386111376
1.4410750660963734,1.2572068788465993,0.010205318214467943
-0.0902975329572963,0.6562601081549337,-0.20232560007625447
1.997309130300401,-0.24418115514257263,-0.502351742896786
-0.039707178850445085,0.3240519087638362,-0.7338312277792275
1.8623283867208966,0.6423414275108577,1.6137145177348748
-0.1263457293110706,0.5887449674623146,-0.6894962583428026
2.211143981106893,0.4795039476727335,-0.35665075289072806
3.491228861894271,0.40190649036822285,1.6656537178567024
-0.9024679641551958,1.8561013994201132,1.619887544579099
-0.029835091388998834,0.39068488802044804,0.2157569694257256
-0.029835091388998834,0.39068488802044804,0.2157569694257256
-3.2444860805149536,0.1200892784630956,0.6292088699678857
-0.3562130763728483,1.8211365211530666,1.3899260639233963
-0.18843144794556968,-0.13135621647775622,1.6286503294292232
-2.424946603041199,0.6855781887139973,-0.7647864913775183
-0.9546532812258989,-1.1431665068136783,-0.24926442171475877
-3.08285634256446,1.287698532734902,-1.5998288607550135
1.2284641619976482,0.6347401145056998,1.3897787161940653
1.8165761408399868,-1.0467902567976632,0.9868759009180462
-2.008640305947197,-0.399374873768315,0.8672633650856743
1.1243125359618478,-2.768897633453475,-0.3984098172369486
-1.826180332903854,1.517226466267262,-0.4341031085228867
3.558227567957363,-0.18556688459897028,0.27261040630842964
-0.9613040969669486,1.3570152615856859,2.081556144806569
0.9422214233725142,-0.9022480280630043,0.4151982042004775
-0.15934286654360472,-2.2762990588469827,0.6044355196482426
1.5459991851341617,-1.1449039644896604,0.605854851490741
1.504664240262031,1.0734664377932475,0.2239041417311803
4.942503923722113,-0.26911294096870175,-1.4328253326461138
0.8652625486809147,2.5315662081702985,-1.4780816759856374
2.9157462102126877,-0.4255650273925158,0.6485589159715576
0.003412713307429716,0.17269530592048074,0.2876627090418218
-0.794116262520625,0.1607765900336145,-1.5161290229028406
-1.4984201886255288,-0.8613670114561979,-1.2451019858729415
0.621357239838975,1.6234740287080835,-0.37339041468207224
0.8451347399159672,-0.6120772947729508,-0.8093515251190743
-0.5928749345416984,0.2345611245595329,0.38950258405188826
-3.2906865851205933,1.2880130199666688,0.4110006243555223
4.658925893979328,0.11336875512504667,0.20599087498515561
-3.116787732582217,-1.5143383219028914,-0.18309461772350782
0.7475580013352012,-0.44497846847672956,-2.1912494173739048
0.08106682016218543,0.6048941733884886,1.534787284986392
0.2670588415949597,-1.7034822942867311,-0.8331851097826167
-3.2441182299724374,0.2236056366260876,0.04959029478079473
1.3043468096927449,-0.3675079251940741,0.4055172442264609
-2.5591130716341914,-0.35924943586770003,-0.6347254564169255
1.756284606428672,-1.5254900674120278,-0.9463024322383645
-0.89427798636541,2.1151676843840197,0.6610219704103486
1.5061740276682665,-0.7333548711878796,0.7043082569192727
-1.336296828482833,-0.7722276324885656,-0.2362688251074201
1.878889227760625,-1.67307315421168,-0.2396165047149322
-2.433725750157338,-0.8382120970848908,1.3451430060572058
0.45896979636409335,-1.6816932312229687,3.455209117978937
-1.6308584058260633,-0.32047297466573016,-0.12308035507574677
1.276643073736742,1.5534751449272415,1.5032747324661628
0.5008441722235958,2.1726270809820707,0.7434444677735343
1.0066646290993992,-0.22901425272595552,-0.9227299610139391
1.4418972891274815,-0.9186381369203835,-1.5492356678579757
-0.157868012670282,-1.318216244863789,-1.1120463153997628
-1.1112514851930204,-1.4377209685938168,-0.056343351398395684
3.4589695192011334,-1.0627553065982418,0.07396266011503323
3.4065910692884085,-1.0075698537768436,0.03632868431619354
0.23247306458451283,-0.11876519056220501,0.6795019812019831
-1.326083801420601,0.41684750254934044,0.19915068031641336
1.7138495376282388,1.5974325765648167,1.309311658648624
0.20121328200536143,-1.3628154316749341,0.6129328308403381
-0.7160820893391737,0.05694767908920325,-1.8878599177021496
0.854994261953177,2.5631105968443166,-0.979346173610196
-0.5727129111395373,1.3115988338766742,1.9805788171021905
-1.083982956044924,-0.28342727554732966,-1.206195779616112
0.458367603363021,-0.45290560259504736,-0.7626560084823537
0.8863358659956022,-1.0438109918179204,0.010823453309937956
2.9126118907932708,-2.6735572307661046,0.023702876893243522
1.7138495376282388,1.5974325765648167,1.309311658648624
0.3321589201877144,-1.2433797724144802,-0.8034894322463536
1.7240708659648738,0.6553117093901287,-0.5345936864311903
1.2199453177188608,0.6875383365903952,-0.6335416527781245
-2.621635005441747,-0.26275616497399557,-1.2747779596509863
-0.4029086642086967,0.2460531490158049,-1.5783324793225755
-0.4029086642086967,0.2460531490158049,-1.5783324793225755
-0.1307335916999865,0.7178791915506668,-2.1435643565741973
-0.6382309377550135,1.1569878159112552,-1.5687144961687445
0.6165578659355326,-0.41360328338229363,-0.6683782366148897
1.4703697452149254,0.1314331458665136,-0.8775616943751231
1.8005013671271672,0.06077284197418645,-0.9535037084522929
2.0027994504626245,0.07997168784152095,-0.6063157090320436
1.1940152977912146,-0.7135494613511588,-0.9126832724882911
-2.9497455231192147,-1.2213787873433597,-1.0230985912941866
-3.2304817437612185,-1.408887448805913,-0.8140834361172492
-0.7358214353428938,-0.31434926122004997,0.39892088953767846
0.5951218999755702,0.727331319909439,-1.7246524530378076
0.21672411567131156,0.7534328716669221,-1.618690330454017
-2.214218122968309,1.0151733240296996,0.0031556140738371206
-2.214218122968309,1.0151733240296996,0.0031556140738371206
-2.344964139915837,0.6545717059974892,0.24652063870977947
-1.9654888194419329,1.6396542509780272,-1.174355076950135
-2.35238429104406,-0.9974631505492535,-0.04987292442117687
1.4995322773481439,1.7813846995428393,0.08329968879702034
0.7488514429393676,-2.029372615935638,-0.9050728716678651
-3.8434879169417577,0.5782588312612876,-1.6102020801146846
-3.8228067682561635,0.555459125776286,1.7629388234256695
1.3901549619988787,1.5696835813847094,0.08181785614707794
0.36664174344793926,-0.7588371957097018,1.1918503529154894
0.812263977007788,0.27540867340771785,0.7430937738644482
2.129825981632635,-0.4320729405364662,2.1105057458170142
-1.7878597675683379,-0.2768663769528033,-0.1964163372158298
0.2232614033842517,1.7263313934589972,-0.13743076563521076
2.7819921749126633,-0.440797804840478,0.7692641408669422
1.2507841840117007,-0.2064699412547258,0.8257669236720669
3.401067603302863,1.3135027190663786,0.8782431309267181
6.181584942080805,0.1301772666174494,1.4277347805764615
-1.8738079912398664,1.392221144355125,0.9343406140626116
1.6376495582636061,-0.753420318426881,0.17119331047832936
-0.06917844746412925,0.855661001009278,1.6929890112301968
2.7226989177215803,-0.8081078267656263,-0.6721884434996305
1.6771286439002888,-2.197844836927869,1.6060473709969925
-1.581904371856519,2.6848625764981997,-0.1951700864002693
1.5228812775447595,0.2517529747112623,-1.4690277233346989
1.6041321901042633,-0.33544560558999525,0.6947090999606816
3.2980567198362336,1.3819880161995872,0.33155236725040027
-0.15260768907986663,0.5792286317289855,-1.08993946083992
-0.024868704179988876,-1.2157898168126926,-0.963426116799076
-0.355711567142396,-0.4146617295672758,0.23628739390120354
-0.4745871649981817,-3.32320664995249,-0.4246655952395849
-0.1163197137943372,1.5216913401211418,-0.30814301953926876
-4.272219261197904,-0.16812277798005132,1.8216414131505594
-0.19239542811114807,-2.6806260861879343,-0.2864575331739278
0.027334215152727135,1.750891055883595,0.18853109540730834
0.34167540692402487,2.4426238414238637,0.5509493584101363
-1.2658226710950815,-3.0926919977403,0.19908698820666954
-0.9376211745261633,0.7832970283813394,1.1420626676006647
-0.7719692891556169,1.228610220128065,1.4151000266899028
-0.5295586747837089,-0.8531053943646577,0.7178270578674448
1.5270600841704691,1.6813248119197288,0.25970529395600783
1.748634103319963,0.3427275656722962,1.0461604806785312
2.2551921110083697,-0.47277677090424197,1.3509256581760334
2.0423611310763397,0.0757059933515225,1.4098225562355313
0.48033942207332214,2.5790367822777807,1.1234474256554903
1.6508108410234554,-1.423971237609318,-0.5275023445200662
-2.027798596513265,-2.9622920432003457,-0.4624338228683178
-2.8974188909931287,-1.7543521474623667,-0.664329067495627
-3.1064377470363262,-0.22006542956197897,-0.6260570969787731
-3.1958269045579737,-2.2004604346178613,-0.13655265059828944
-1.3121873738802623,2.0580776579767837,-1.535605149761686
-2.7831619205701528,0.7911928640152562,0.08553753124275273
-0.614567212745661,-1.2631926491815457,1.5957248996786633
0.3497476159704182,-0.08057458061506462,1.3468098327337166
-2.6504238695590567,-2.2650127886190576,0.6492117820898371
0.917682431422139,-1.6758908042278557,0.057473212898918734
0.2014160283538301,1.3458989626140188,1.7646343914568605
-3.2407591319121503,-1.3549463823606924,0.5164165698491356
0.5291707159758374,2.10788570064783,-1.83633703454553
-1.1728449575880675,-1.1682824933790983,0.7992255681798235
-0.6128994124720908,-0.24804120565568388,-1.5161686990686263
-1.9675434287278593,-0.0457921193981522,0.5553009949584847
-1.1223027052441665,-1.400653732072302,-0.19847511534679416
1.9629732071979107,1.6620683079313536,1.1038172843383494
2.4035731322610205,-1.5818218485852056,0.9345650175410146
-1.3139398097547001,0.3007741027093018,0.6344532358866649
-3.2231839834553013,0.39339768590249263,-1.358412022051364
0.08890355203036743,-1.2731559347296753,-0.4454716602490781
3.658305980613819,-0.7420472499011836,0.9419072567068467
1.0529374728595657,0.6243460765978618,-0.19432224047410146
-0.3520700155640762,-1.30255565925102,2.88142724163508
0.7811804180200574,2.1792797656018745,-0.23433772414132936
1.7907490706370257,-0.6700103491901017,-0.9317242862136556
0.5615659659930502,-1.9889359749466118,1.251500971121711
1.0871678754819798,2.40582244971067,0.32098213914714696
-2.496445080778482,1.594822732097736,0.18519594580819596
3.0857266803242593,0.4463428444775117,1.8637650424507812
-2.496445080778482,1.594822732097736,0.18519594580819596
-2.751411261303308,-0.7603072256320815,-0.4933592312541037
-1.3361646965089438,-0.2764594096066861,-1.5239815253085216
-2.044543322103725,0.4082871592190304,-0.4975712157488136
-1.5624729193235027,0.34272161348666763,-0.3662441604513255
-2.5263996958750274,-0.4628456120246754,-0.9030296546900296
2.685931874133503,-0.8910067028282114,-0.1714855498143996
-2.0113145753321695,-0.3842470247228496,0.15667987230621
-1.0600509826151308,1.9161137427131703,-0.697413246082437
-1.7043568241978326,3.1121730545526924,-0.4944326301167685
-1.8069148221241003,-2.815595974122701,-1.0435131716841755
1.4750113985099607,-0.82417739514145,0.11501126844417418
0.45281567989886357,-1.0793642722889893,0.9114125797781282
1.1729609529996303,0.7840501402335202,0.542621128542416
0.278681721860722,1.4122121373786498,1.4672347320343855
0.8497968538736079,-1.7389649216074619,-0.01761366092631364
-0.055618753796363885,-1.8509803952031378,-1.0603268307291138
2.3341742099429124,-0.7061312717143576,0.4366667323302027
0.5986390160749641,0.5698715464784627,-1.1933968539019937
0.8253099608650591,0.6771301214400515,-0.22649711979187476
0.8253099608650591,0.6771301214400515,-0.22649711979187476
-0.33178505233935174,-0.6962046556980224,0.8368750536530785
0.2895704632217663,0.41874493345463365,0.6164871432563562
1.976327318313047,0.5746297551347302,-1.274679989949915
-2.563813833071285,1.2948092374060751,-0.9345947534241245
0.3510958125000411,0.9670075718381406,1.7385441919208549
-2.350511905279069,0.8837783824165845,0.9730732814524093
0.41461460636367625,1.0816900679400814,-0.4474461637634218
-2.8182489202548484,-0.9523647206762973,0.3392149496785715
-2.1929698568962115,-2.0766018391348426,-0.3034281718472839
1.0424263152397941,-2.627073414468206,0.014243531239610205
0.046466619172935264,-1.9334806854483257,0.9174501971462204
1.2410004548363707,0.23329766965829396,0.9450268202324807
-1.0515963130784043,-1.393868675202516,0.21618582661792157
1.3286608407998213,0.5043649734330178,0.5546607307890214
0.3983806341182258,-0.019230018906000935,0.8911919761007308
-1.623296143109713,0.4529442499140341,-1.51428281791063
0.6402798523127932,1.2931464692913779,0.09020674863763121
0.2748033927842116,-1.7740261903466261,2.8491190784448177
0.5809400909386948,1.9516350745164248,1.157687666834031
2.620266968398957,0.4189699020563558,-0.43144880705045235
-1.0880019847805311,-0.9863954753681556,0.49209321217916235
-2.4420840027202795,0.5661925573158587,-0.25826634015711303
1.8116121097472175,-0.40168240302429453,1.2617019833239236
0.5060459100416774,2.400917956623558,-1.1381836499077103
0.38181356902264135,1.8653446524921373,-0.506078862831155
0.5005076411978604,2.6713501116840024,-0.4994004343482221
0.19520388260485055,1.9532610344778671,0.5052515423900464
0.034948796517908304,0.2715610010253316,0.7040832888406958
-0.9117419627383709,-0.33233417340036475,0.7683181128744333
-1.010847913406957,-0.5906067878189487,-0.6851319894691559
-0.2552389429351749,0.278256614310728,1.4331512158692008
2.4458444015188916,-0.1607176071924066,1.0629141350224236
1.8196040523371095,-1.5280930836265563,0.6637743379249531
-2.4581564236043034,-0.600952811584069,-0.8482839340262684
0.025556361014480347,0.4226933744119332,0.07330175806457412
-0.03401205163994933,0.5139129175733625,0.4567380862152094
2.082402344692379,1.2770453298368964,1.118497851819444
0.9577013456902177,-0.058622251053959094,-1.3144667039894733
-2.7941928132801275,0.783054914198958,-0.4709874390160216
-2.0437015906060787,-0.13706270665561954,2.078338600859144
-0.3762104951886008,1.4134994243060754,2.1563597909905763
-0.27017099808455197,0.6683825011213539,1.2848889808574628
-0.6714755208829164,-1.1044453624373667,0.7146763484513751
-1.8794330265338315,0.4801904433476712,-1.7412302051758242
3.443035583915999,-1.072340375956823,-0.5794388876694888
0.394251502200365,-0.4036899932920524,-1.3295097794241597
3.872623805783611,-1.4122446131448192,0.542954179784461
1.5376212632215407,-0.39479551753289766,-0.09166364558481044
0.13934046724919566,0.07547853957990827,-1.8285229603154995
0.597831896504822,-0.9794715784981314,-0.5834891116493152
0.6498017622500031,-1.8534552772759696,0.5271718626004867
-2.8091100534454854,1.1959883970108254,1.6947784599308038
2.04527528900023,-1.175688166549597,1.8884635207847043
-1.4845312328439482,-1.4901888593273942,1.3069963639524986
-0.8808557189140634,-1.0835519431174228,-1.2833589893999557
-0.4004564310616301,0.7331472582848035,1.0676903473724662
-1.9096878036608633,-0.18575659723005028,1.7075600628781493
-1.5767362827362097,0.3124476847630059,0.10943996335097986
-1.7755370162428636,1.230180771122887,-0.02423276346037188
1.4922942675274422,1.7727697773115398,-0.25898734747692087
-0.5937726957146616,-1.4814543499594466,-0.2669335505310308
2.2690092421532846,-0.42102098080489586,-0.6646294394391346
-0.8213994694545996,0.8786176800567529,0.8963003035328194
-0.726832289676272,-0.13755483975395505,-1.294492569216186
0.7015088359877059,0.23667689073000453,-0.0331354620500169
2.573996890031335,1.1733908816821221,-1.0039503084053496
2.1906997870746996,-0.22514688878672504,0.2727410076688445
1.7588677617001962,2.0505177916371204,-1.5380070306953646
-1.846412646991488,1.5984791113882837,1.1544728243085218
-3.7644195851181887,0.7019184778384864,1.3471334540096498
0.11623153873793027,0.07513166714075938,-1.2545687750131471
-0.5049761960000693,1.2070730739444229,1.7119153334048915
-1.9485595812880885,-1.6148624348495997,1.0039381443205997
0.16931057356542017,-0.6901783877914862,1.3239301561331185
0.32160115316366944,-1.1974829223923666,-0.2908922926427184
-1.6386210417705096,0.9636983211737862,-0.21331668628614864
-0.03146830812941563,0.3578290498600795,-0.07370508309311957
-1.685373791318044,0.797888587215907,-1.6558373615200932
4.10867285842363,-0.6752475002801037,0.35220400798738666
1.2615694804594657,2.3418313092589442,-0.8087102871136425
0.12453132701911575,-0.6339468755419727,-0.246218616232313
0.1584037191425173,-0.6479893089622231,-1.0449038290326975
4.327473068378642,-0.46350366356051187,0.15636505478870624
1.3756413882533323,0.7517404606624992,-0.3652217905252459
-1.1308418010793944,-0.29824207346017884,1.4020646123975231
1.2135296795201111,-1.3527930146121352,-0.3779972731509278
-0.6812170406830015,1.4376974242491616,-1.6318553288225395
-1.646579677470452,-1.0012162684735728,0.1823758050066859
-3.2771743554156596,-2.046309327622096,0.19960517067784708
-1.356240897105721,1.0353062006676619,0.30983672381570376
-2.082626285515526,1.0542711484090075,-0.1951910518447377
0.42460549925402663,0.15540922676384533,-0.8195258175930493
0.8387072695884126,0.20711634049731723,-0.12472407262441765
-0.6960488151931882,-0.3184032042083964,1.2827701167307652
1.6934604822076234,0.6064237744223194,-1.2892202358267002
1.8386552163263108,-0.08068306820542875,-1.2364693348503748
2.122467231416812,0.9626274640494572,1.508629025472276
-3.2767552683186576,1.5906655211170768,0.07735750932749898
3.8234193462638153,0.06806671326693084,0.32903867333451164
1.5723443614687016,0.7905487517800911,0.10377038066663477
2.4622924223417084,1.0606260447206246,-0.7262138335957671
2.0464328343297966,0.44751545959166905,0.8994199419457116
-0.8966834824509997,-3.280462660652694,-0.5044693553847854
-0.5776398765210253,1.0161655797344253,-0.01675723622602554
1.0517438739485103,0.9817678955772969,0.8754903113682841
-3.2447793010540416,-1.7188271339578005,-0.791383112870443
2.9562568022363305,1.4812100115560276,0.16284159982417387
-1.7698040719530965,-0.6346960392296589,2.3671295886461703
-1.9936470335308536,-0.02843971904067385,1.860714967421693
-2.8494741378020496,-2.90661472511326,0.5989132588208281
2.2924649438205864,2.0066811457010205,0.1155119216734328
-1.812761443419843,-0.0072925553133375365,-0.7962974656073515
1.607363568408845,-1.0030542468540646,-0.5159398843784225
-0.6291540664958889,-0.2018986798306574,2.052532685791661
1.1117365037401346,0.689672219991993,-0.8303096742539547
2.5575864127301124,-0.9766235692470681,-1.3350461500558224
3.1345750674155584,-0.7330517471072844,0.13152874399463357
-1.7880668412525198,0.039890164426873785,-0.14068998060599486
2.0461322553455834,-0.6728893824368963,0.3311802179244959
-1.7699945311069913,2.257270368846775,-0.360239257308801
0.5167172098394283,1.6975123069343387,0.19982312787873488
2.509364039835408,2.9450677891737636,-0.7286749062205555
-0.18053444761311502,-0.42843124236287217,0.6456117223562494
2.059649666268191,0.187037402964399,-0.2815881745366065
-0.5075608922192297,-0.6764766585581994,-0.07885455177668879
0.08465899595552037,0.35740884704586323,-0.5373321363831847
-0.40929869967579946,-0.16232095454513878,-0.4451425435700757
0.12847822604772757,1.2904981738693615,1.6661989746328314
-0.3913794630461294,2.0164969400572104,-1.2223041054292296
0.43551498053851645,1.1905261515764756,0.7011612429603848
1.1886133746845156,-0.34360783132249567,1.098110948467388
0.20009151306229228,-0.6124768293762293,1.1079519989796536
-0.478278119115583,1.2907538132546412,0.789551126076792
-2.028221086085102,-0.12076886089180135,-1.758127007798606
-0.37331718247622847,-0.5836168334330263,-0.6090652216841226
2.18096576328559,-1.3113606643897673,0.1616079948171352
-0.320354400828196,0.960450137580209,-0.35596159412888284
-0.5303009852273278,1.7378746411959114,-2.8161974362547095
2.8269318274011215,0.13840458754184112,0.6822833980747751
2.894069549483047,0.6867490643978532,0.6080319066232283
1.1340105878418227,-1.1886500431218732,-0.28660884987227836
-1.7535436950627974,-0.3107957961779309,-0.6943986218059535
-1.7859056174242238,-0.2510800182215795,-0.6892554437724001
0.9933743760605045,-0.8393561015127449,-1.5208953009590265
2.857159353200979,0.457530991295729,-1.8507950180932247
0.3926153055181399,-1.003352846909214,-0.42879343165755773
-2.102543807283373,0.5985362916364277,1.2375056327104645
2.9504090219495964,-0.6124565462034881,1.0423131633665812
-0.6335420763334819,0.8502352646358694,-0.8972854518778429
1.9544630800542944,-0.4366803505432864,-0.10191280144986159
-0.026123625760894883,-0.04979693135201575,-1.6520396620231443
0.22326499170796626,-1.7523629856336016,0.009170564605486126
-1.9110249872864637,0.15606427759148556,0.8271563451629161
-0.23447333886065858,-0.6207808276675358,0.05761950492931925
1.7234015759027663,1.3034863708166933,-1.140714182317407
-3.628864665499068,-1.3403744733091636,-1.009210691922412
-0.16494218651018744,-0.15371056540986722,-0.48699717233703205
-2.6957843710819778,-0.17560689442519897,0.5870458974858542
-0.004423505261385476,-0.011170121147506687,-0.5464348283596058
-0.004423505261385476,-0.011170121147506687,-0.5464348283596058
0.05061645313268194,0.7317513869649258,0.6385361986924792
-0.88809518763558,0.2166886855882825,-0.5338044882775334
-0.04886181744843819,0.4347720769813428,0.5262468419866652
2.6381503591411053,-0.3992448372262778,-0.7947948742710188
1.9010294820893885,-0.28643352003260375,0.869474824246434
-3.7023449539172946,-1.0753806154356602,1.2264193910479277
-2.6597456577290655,2.1309790805819206,0.40680686127469917
0.6403875973093436,-1.9461503602481436,-1.123368847925129
-2.828238790136181,-0.16878496431209028,-1.7910155989759788
2.559762260227618,0.7545318020684075,-0.45054382472591975
-2.558838781314669,-0.5703012125226629,0.9521979235391426
2.355753994488443,0.5133171008301547,-1.100699405646646
-2.3183410988605555,1.6847247042847884,1.77878719340861
0.30736663707326156,-0.008652890044749608,0.3477513474626915
-0.09257906907662367,-1.2185990921306278,-0.7895367235118564
-0.12792962586175932,1.511664292620821,-0.4408122739027575
-1.7498450811328756,1.142327651005856,-1.9788590576351328
-0.0803104760659182,-2.243061119381553,-0.5102049789727352
1.2104379145582673,-0.7718652382382303,-0.46629416147686403
-1.8576350701581343,-0.8598853754031305,-1.4688500726709623
0.030585598102113077,-1.8688891073308744,-0.27328453750862036
-0.05635226930019394,-1.8953694771908536,-0.2356654129209867
-1.2195908325986413,-0.543903333285181,-0.927708955399614
-3.9842187379968372,0.8311348861596976,0.530160024787757
-1.6478381397595003,0.17129672889913156,1.4498516367620113
0.79613258038007,0.27281737169467685,1.081383963107376
-1.0700385863199122,0.5993637105214914,-0.8199998260861534
-2.347022818233626,2.6808147607316153,0.32997915896758506
-2.001519022572119,-0.18729748491035708,-0.8709944029351133
0.26975946182394317,-1.8178803647292754,-0.7632796068926874
-1.1538637894672688,1.5873735199232017,-1.2549335097579992
-2.2447708846787027,-1.9584210484647255,-0.34174170126730224
-0.09562666239917912,-0.9397680683259477,0.46742336608035145
0.687436763581535,-0.19489730643040182,0.655471684647864
-2.0250209191409994,0.5391408331515097,-0.01837093915822066
-0.44445175578515483,-0.41198349563019504,1.3833515093269997
2.0107711444674847,1.4731072129811942,0.6633727586811018
0.1725693864092635,-0.4244065665968304,-0.07612017836328866
2.6000790412168873,-0.13535022199097793,-1.3843190983487426
0.5488587143394974,-2.1597769424999673,-0.7626913233965974
2.7367553399161553,-0.49994952873549314,0.7858063190934509
1.0624146047550749,2.3433709736697796,0.22504517689220252
1.7595066435236817,-0.3179276364168791,1.0282649538350253
-1.999508684121251,1.6495854729295962,-0.34897119567641477
3.19170336756155,0.18742877281699719,0.652399068412694
1.614970371158604,0.4844693814466245,0.5486270700004208
0.3395204394594922,1.3033025581175008,-1.5423023201586705
1.2514793100034478,-0.8321312258922807,-0.9498951497758755
-0.19661252219580425,0.12110163502639973,0.19131771188086205
-0.6751302684768993,0.26574195756675795,-0.15647962256142595
-0.26994442525271745,1.3097218736004033,-1.223432627439394
2.2302834607856377,0.7511039718474309,1.5475827201194592
-2.1897614184619663,-0.563513331870247,1.1141334628083892
-1.2422903903435358,-0.31427633176715625,1.870487370804938
-0.05993473499597673,-0.01663872135173701,-0.03511592916099339
2.66627191298679,-1.3363350694414582,-0.8115211253414929
-0.19999117738945377,-0.9005857597627591,-0.3215564014807648
-1.843882573978738,2.115960218825377,-0.06042109274399084
-2.637235836449842,1.5408308017453953,-0.21551258305852283
0.26554026038366535,3.094320722460782,-0.6494774609408823
-1.0250870579637401,-0.0951333082308967,-0.7174044607604
0.16680814481926676,0.6649898224864828,-0.7947375262922649
4.5488489679181665,-2.8087164004243808,-0.5370676879532856
0.5977382564762874,1.2632938816610562,-0.6217576594495714
2.588086977869017,0.8902307039395904,2.3946474588608044
-0.5220794434187005,-1.47157441574838,1.1190133731838103
0.3232810325771367,-2.5303344570456714,0.2559628419706228
-1.069181089882431,0.11698506932935179,-0.47857779895266395
1.7548890743690118,0.022928153494921867,1.061037547014419
1.29732490200978,0.11764148939620037,1.0257924203932038
0.10632449212919619,0.7607620334671319,1.5194888428654136
2.961877169318342,0.8523017242598134,1.3080360276704541
-0.4628969645719303,0.24292601092020824,-0.905490990233547
-3.2927691379818547,0.3897274247231478,-0.7748975527182629
-0.16459036654157863,1.0998505369314269,-1.7704321335637527
1.484998549836478,2.363658243820706,-2.110320556609515
1.4071028534446552,1.6015700535894706,-0.04644636755199604
-2.5908455055045723,1.1475084953096746,0.5385417370492352
1.2611531092135613,0.8016789401846762,1.182480456405061
-3.412472087948128,0.9634125646947229,-1.2814998511771079
-1.4262917513393572,0.33875219794075345,1.7741598993966676
1.093790747688454,0.9352384543520605,1.7133604641919864
0.745663278374098,-1.552877444207227,2.5749255397854895
-0.7161340814504313,-1.342568199225682,1.0910685942132485
-2.3655725261082257,0.015737551623810585,0.22739145810512532
-0.8092997498588089,0.418476482822426,-1.0697423919855822
0.6215103976404148,-0.5564669863169303,0.7017170048593423
-0.6603401370984223,-2.028458491557655,1.5185314547547093
0.14694082829678265,0.8602762889992941,0.3369426221075503
1.5501412422064547,0.21603698288832704,-0.6828951768778755
1.238892942588541,1.555022776438788,0.7432638605650412
-3.0623905177485966,-0.07885156701885979,-1.3935810162190532
1.1046279393849034,-0.7224331814361843,-0.016710365569327593
0.39363516725085523,-1.733855069045414,1.432422209416413
1.1922145475523738,1.576393758315599,-1.2950939494724119
1.7847326633743918,0.19378576098570088,-0.5503164155305152
0.4613507871310505,2.028595487587307,0.18087532635967185
-2.6074342822204373,-1.7929952157907159,-0.5911432938789035
-0.2598172551435499,0.5576852910522236,-0.7666204643742106
-0.014790243331850476,-0.1159582713935529,-0.9912871683042163
0.03674246704852007,-1.1394735960958364,-1.4124431559469182
-4.816239690171116,-0.16218804235126424,-0.7396275024208235
-2.7530756801643563,1.3243501345260764,-0.06554601900562669
-1.3848496233490077,-1.2142475169388667,-0.31342323423912327
-0.9893578106423322,0.829315397836645,-1.9670672682120212
-1.4887905151025103,0.40417189335421894,-0.49956183952579863
2.6210850311366336,-1.7042115108200036,-0.020171752487985913
0.7460533718391406,-0.08154136778731362,-0.5317899223584297
-0.5101716135768803,-1.5047538912126381,-1.7558796302800677
-0.2707474525612959,0.054017531688279524,0.6777499987453547
-1.2103814709112901,-2.4511070209238164,-0.08561895465271721
1.6794273199075014,-2.1850787404146264,-0.5148997422318545
-2.5976725929387037,0.8567552649761244,0.22788409269006807
-1.8358708963308978,-1.1669409607523484,-0.8672617570712837
-1.1691664293963084,2.5791350965638493,-0.5324102350529715
-2.465182519121516,-1.5442155248674594,0.07904434325395902
-0.775836720319108,-0.02343210904222245,-0.6461850403767265
1.0736112668889666,-0.334459973461949,1.5353392894896356
0.19189628542805928,-0.2762840068946086,-0.37000161192259695
1.0398089777387658,1.612581002831934,-0.523338658064116
3.3705788472079488,-0.03382089120379601,-1.470809173605135
0.3218887843506057,-1.2768602321478146,-0.9192174202930591
0.6487225721957761,1.3024700148253567,1.0929789497480675
2.7077366982439197,-0.7506195126505757,-0.3805092867558773
0.7418143229620678,1.3004938130397488,1.2403555787353604
0.48461217381435956,-0.3434083538748372,-0.19678040804339414
-1.7892001021818023,-0.5318491691985683,-0.782509494970893
-2.399659309380741,0.6950364947044948,0.21039526956325683
1.3851131861634414,-0.16040426359672258,-1.8279193889360401
-2.9801607120260907,-0.07164012609800662,0.38131329059562696
-3.3046487627091845,0.8144221889952485,-0.32254426586480284
-2.4004566525070734,0.07646074955807002,-2.125047831920426
-1.309505885430101,-1.6085711969496213,-1.8393944751381341
-1.9833857221552254,1.3935894311187595,0.05046357382180032
2.1018823885343547,0.544594972279637,-0.98205562309381
3.317815378094777,0.4634281206980933,0.9217919056964812
-1.1840196497832098,1.6080428494160872,1.8451318840423903
0.7094579167179619,-1.3936240403548508,1.1430311078822528
-0.2151665546306995,0.2715428741964903,0.5615627841436652
-0.9066072031672205,-1.5610809988612666,-0.2305961180750073
0.2604736314262454,1.3625499090160385,0.9092522140080089
0.5596674017014575,1.4379969931722236,-2.2103261512468975
-1.6122122726363135,0.09968877592464107,-1.353130516214276
-2.0548830214847844,2.071606242969917,0.26637928009721756
-0.07900686608488226,-0.4898836002780266,-0.3392995429663447
-0.9113333901824858,1.13015032696962,-0.6244648838373035
1.351427798594602,0.371970399452866,1.5479188151529635
-0.3819343235736255,-0.6402255496315313,-0.10173542872999447
-3.468807038381488,-0.6917858727133347,-0.06756530044052213
1.6650476898752133,-1.9212557831170984,0.6565180767439616
0.28000980771002904,-1.0404787100677857,-0.4523493844438949
-0.0831808909413557,0.3954142544052046,-1.0931842783545003
1.2157524722367483,-0.07416139575941072,-0.04632082809201519
-2.0216629665324266,-0.4418151224158838,0.3080489127059416
0.08585721580800379,-0.24794157912724957,0.7164133500049393
2.9286884646132,0.37083071364534576,-0.8300562967272859
1.7135119086235646,0.3413996567269359,1.642198881478188
-1.7727309838964884,0.6773664066447213,1.7070720296026072
-1.1012831522831685,-1.2159920226250125,0.6817225384803929
-0.07807919135020715,-0.9748768921063077,-1.3639795828548857
-2.223638490143147,0.9425443237167311,0.00822109539808372
1.1374118833056615,-1.0492415875164833,0.0886914754332731
-0.2155906794318247,0.9323752683664052,-0.17146432007573376
-1.706618096590981,-0.8903344357285118,1.396525431836988
1.7610757270743012,-0.17757239381102183,0.3118460444852824
2.0472615968969703,-2.1636286339050246,1.1058483873348188
2.416624169780584,0.6915080811626095,-0.3700486046178496
3.1569744497478704,0.13545844144235383,-0.25149895802332045
1.5077210412885635,1.776198487933129,1.6349259082638616
0.21405258152244416,-2.616245350388319,-1.3577278237099408
-0.4975037795944282,2.3337864322897555,-0.4224906773245596
0.030790810150069303,0.17431533935910282,1.9405545838718026
2.4891081399823936,0.6515086568726537,1.5491012823504673
3.7030407341935248,-0.11707835069778562,-0.4387476906717305
-1.9102159728580719,-2.3227400247492773,0.6349007373308639
3.4300156927100236,1.745947236480841,1.0974030229651406
1.4446541706984026,0.9681032756239514,1.103317550873147
-2.868995498275203,3.2097048753012682,-1.871752184398678
0.42078191093998835,-1.6715107355481762,-0.6001406525135706
-1.246766159176782,-0.3650290084074552,-0.43806710901280765
-1.4205505840282362,-1.057348376942051,0.34849187644270735
2.309464341832063,1.7074029856777795,0.07130638904470428
-0.6084963825639347,1.8671303508185242,-0.671472055274131
4.013608475992266,0.2862479671391808,0.46818202184950897
-4.280900427516697,-0.17798808235329594,1.1527530184673616
-0.19837799427232838,0.33778865528363583,2.160382287581309
-0.7172360741108038,1.0851472698319578,-0.14789209173754386
-1.3051182022748857,-1.7731314645020366,-1.2687707768246947
0.15458937358560626,-0.5343689372584789,-1.815833089778355
1.7645980632382208,-0.32631700034531086,-2.264188076258671
0.2627981795758436,0.9781359348167685,-1.6232073391735704
-4.635035224217104,0.6034598694864154,0.7594369230849325
-0.17656632975367068,-0.19781681920989297,0.9394069398333836
0.21528535114364747,1.3768164680451436,1.4513216810304133
-2.1787369478611454,0.07124673949094694,-0.27134056668414464
-0.04292342318674427,-2.2466201165320854,0.3143390086144447
-0.05728676725382559,0.4893088923911318,1.9215003753562228
-5.530012314148341,1.1805515592571605,0.6272173240167958
1.218205545080375,1.1029558839977462,-1.949222072989803
0.8543435556292847,0.5297379811862496,1.5956336548693193
1.3191713852848441,-1.313085419790078,-1.6466148395358382
2.237164015281917,-1.050627696471272,-0.6329608340204327
2.2459782752101622,0.38552323047929926,1.6712886566012128
-0.3245501148442476,-2.024865660485333,0.0982296613073727
1.417992614392309,0.32163484447153184,-1.9130308236141453
1.6118106162257262,-0.44012946162278205,0.12139682330084287
0.4421082531414278,-0.5752204052164702,-1.169228736550792
-1.4786140766562181,0.5321102936318656,-1.3560301994310278
-3.1057590960633097,1.2493036761305023,-0.2929569671067928
2.268773689349779,-0.7337666031139632,-0.40811332473147716
3.1163043024912973,-1.412394107821696,0.03629509712179708
1.1776350726775482,0.5950157419331293,-1.7587553634135216
-1.252440390784219,-1.4630579458776998,0.10264850889593273
-1.2597950527146453,-0.008428865395873644,0.5928637557730846
-0.4331476258842473,0.42662851365350135,0.4607636723726837
-2.018149793556518,-1.0533791998245734,1.0549250404184327
-2.003709574533918,1.1199994660426114,-0.6443539224269262
-2.7587734185819586,-0.9596425507413311,0.04392206152700272
0.06910754140314859,-0.0010218414447959547,1.0608015443434735
2.4028635186178127,0.5301592445616268,1.4232163899539712
2.418678149402234,1.716165117777945,0.4171420703520883
0.21651675809439014,1.25158573949013,1.6839202357995149
-2.509820527878724,0.09772968848822887,-0.2541197586581099
-5.083108923498692,1.9498736480655527,-1.613973231946777
0.7023625853681962,-0.5623547345499388,-0.1443090592621295
-2.091067169217287,0.6018370956394441,1.3693987504400595
-1.1514893777878437,-0.8417402179335229,-0.5302926271670505
-4.712592855206807,-1.5121591496687172,-0.7190772745028099
2.966430949953272,0.5055499754980448,-1.271057706906624
1.990580247633837,1.1271542517022946,0.36623835542801786
0.8278986531773131,0.7045318506024804,-2.672872358699792
1.0092211601160013,0.5830454146226416,-2.5940846390147647
2.6676102415448333,0.22435120263534777,2.3819656505217477
1.7836866162810638,-0.037629207759544,-2.0029676942942034
-3.7540535826027863,-1.0526517943704528,0.983233923721224
-2.3247453678196757,-1.0602484661859586,-1.2857464316890839
-2.0767432320672867,-1.1627339599262883,-1.02586458514887
-1.3650466860592008,0.5783712072801064,-2.3429160742189366
4.885423055435509,-0.9128372960394805,-1.254699321214717
2.779859340438973,-1.2527065112644435,-1.082577012545126
1.313243280991522,-1.095718793879916,-1.3008783217386037
4.339815291447331,-0.36485231371181737,-1.1237949004633858
-0.06927428189215945,-0.4049819148233846,-0.495238556520146
0.48867268788543405,0.27990166110251724,2.701876312450469
-1.3322522102186107,0.7675317841778151,0.4367080359342896
0.1293980991760221,1.3965693526725416,0.9153969621495252
1.0868795007351735,1.010846400439931,-1.5339093433218822
-1.796100902104943,1.3514491822040486,-1.209951967216081
1.5316954929882447,1.0084517057762268,0.3068479300407541
1.2009357241377798,1.2055715764851922,-1.7270681945367505
0.6075457034962224,1.136825767074522,1.090785819526862
-0.11278919688470379,0.8679050476760242,0.46127057222154966
1.9522730943396296,1.4041064496822862,0.6471083328744067
-0.8058451796763996,-0.5200595077529634,-0.9435058840061885
-0.8117202670963365,0.10726297444795513,-1.41608662677152
-1.3537274005815771,-0.053210914473070636,-1.3607344461441695
-2.8665415371504013,-2.028369858883675,0.11587481817058146
-1.5323788863045869,-1.0678124136208922,1.2753331797769567
1.5907353956628076,0.8285150521361413,-1.3070735236144837
0.2753192334162418,-1.3752966865159797,-0.2729962822383856
-0.7280914237992824,1.2304133574906084,0.7460885814429634
-0.17436272657849877,-0.964755321417419,-1.5911275092819586
-1.7747792057390335,-1.1953127597296813,0.5213667540674461
-1.1462548555169072,-1.0590935288268053,1.2234460211160962
-0.31314001445340556,-0.8787408877664274,0.7789777978808288
1.322554661043076,0.7106455763398815,0.12205350140439611
2.544446196397251,1.100500566799739,0.35244499119120465
-1.1232096596472236,-1.5651718508146613,0.07702470578648103
2.55100973074169,0.527713146718494,-1.4325618417912702
-0.8126119253651176,1.3038360469267962,0.06294981898622803
1.2602733240941466,0.4225583782778993,0.6058473152204581
-0.4096301028215291,0.9273809203620923,-0.2943801991223389
1.4190964736223037,-0.35553780224415277,-1.6568543070232908
1.3800873091889017,-0.14645762008248017,-1.6984246296527192
0.20656788376845575,-1.4009878093977368,-0.27909925259026286
3.2600896027111337,-1.2526446962068352,1.7504136333178544
0.013589586455556843,-1.2246274699875102,-0.393880033285614
-1.857255006219319,-0.1903731855504833,0.32858447787466716
1.8210531561490326,-0.6133213951849501,-0.5873270233323525
-2.5291334676894297,0.7252985413605112,-0.3236440395124206
1.6450002079951302,0.051406619568465144,-1.2778370977653233
-1.0357249244409903,-0.3478453436399796,-0.594746276696912
0.418661865139128,1.4166955115114588,0.5949423312847406
0.3024753742355741,-0.3176663381987334,-0.9687890230836257
-0.5681634799835044,0.6184868154160412,-0.3044676663435499
-0.3617744764417451,-0.9265107798111343,1.6251438467375283
-0.5117641651927111,1.6134005026351088,-1.0652377259439483
0.6439738661381693,1.4287673131878351,-1.7142464084447353
-1.1177341165990557,0.4108966556948612,-0.6210614103528349
0.10721538658261846,-1.412263877635416,1.54952726793061
3.124903808769778,-0.7108830541017103,0.03361842665485678
-2.9179162838722976,0.9228983087095549,-0.32967740242449456
1.143294235679658,0.165460904101201,1.871828912986947
-0.9391698285427657,-1.942570577008394,0.758780951769569
1.0680470066040577,0.17060531725108613,-0.6615774065843861
-1.6591960236276169,3.6027724991577794,-1.1932688483426057
-0.41095281496123853,0.07651628772775085,2.1447707350330694
1.3496470469071085,-1.416627720180242,-0.3294783440614221
-1.3582780716373135,0.4585822942237291,-1.5118982234805756
0.9334291938330824,0.9435885224772191,1.534949203688855
1.5707078539783221,0.08759868732470182,-1.402257999267315
1.074357825854505,0.5908282173626118,-1.1731386140760498
1.7136174000422078,-0.3250225385576339,1.1941693043171298
1.6677126583864494,-0.18966186809813043,0.5147994521615115
1.3770074635335843,-2.352727107395062,-0.8784332429945364
-2.0112638796111613,0.5543214834341673,1.285368757061701
1.666484526118361,-0.8171220472044857,1.6294895240762672
1.7136174000422078,-0.3250225385576339,1.1941693043171298
1.7136174000422078,-0.3250225385576339,1.1941693043171298
1.068154344694598,-2.645686246533058,-0.34016897484965863
0.13724339958179002,-0.9524423289754588,-1.2908190886216198
-0.1264769975452815,2.161783034479991,-0.2867814825249355
2.2268441702041004,0.7482473329566997,-1.4086120236722668
-1.58273202437827,0.011944486636329466,-0.7477452226031588
1.3381561984177468,-1.5292026603545013,1.131753978600195
0.17968136725181197,0.7011731805598238,0.3181063042027193
2.159804624460393,0.3814278968827461,-1.0173100812668356
-0.19715669114794576,-0.9442753351536083,-0.8876642846396608
1.541614866833264,1.0774556048657402,1.4125306626497924
1.2639493012750123,2.1924365345662657,1.1899661457724897
1.9060304314170355,1.59917581325735,1.830495664548287
-2.5984279394512715,1.2316545089897375,1.3165278089143257
2.681686800747778,0.6352779795797868,0.5996286324191332
-0.16218674972476751,1.2208531790069292,0.5835591269199993
-0.16218674972476751,1.2208531790069292,0.5835591269199993
1.4438670095056205,-1.234139378981105,-1.3715186932403862
-0.03686302525023634,1.1405723936248515,0.05627218351552464
-3.5637718481355702,0.47309059440203266,1.2930084790217216
-0.3899533674758194,0.867952691874199,-1.3417902933265398
-0.3450600452514515,0.27437570581948656,-0.5116533893954174
2.393349783109807,0.645761582926476,0.4307941613487439
-0.5818150483343538,1.2470609770257508,0.8452686906885037
-0.4505916635083412,1.1094129937515451,-0.049144275603779305
-0.25300078157777384,1.2916406583769757,0.012456098840467434
-1.0475535922790074,0.13767385001228766,-0.8593195697689473
-0.9974083856968697,0.37458275921356754,-0.8902525364140628
1.9129960337392944,1.4591860838411772,-0.2250340678036323
-0.43511605859187963,-0.2827588648852115,0.8704590186429384
1.4728237862403992,-1.9402111839433356,-0.9095973465481783
1.8178674608070378,0.6779780955614684,-1.0517539053646099
-1.6460247025921066,1.2765890735531487,-0.3422849866051846
0.6586143551497159,0.2415494086148517,-0.43587001457041963
2.061804828962659,0.7199903498883758,1.5157716046862342
-3.5437203459754496,1.5321605198890886,-0.047719908055788164
-1.798600812829904,4.374549015481193,-0.43456667979986274
2.0071373563878616,-1.2357794045289445,-1.0947093047101577
-0.7419877537896301,0.38603302808793727,2.057935193801779
0.46993016946001065,-0.5655573172999283,2.344079300907558
1.2099767337292882,-0.7109265900068642,-0.6364777119880934
-0.2881660945424812,1.6510879302111086,0.39672607652265374
0.8216022504649162,-3.575212471108578,0.33986905750463725
1.3779632834635398,-0.22145872794629975,1.0104026150383616
0.8984613419797391,-0.9624916183754108,-0.02941417304443381
1.4088555414017625,0.33336964211957604,0.5373461950772526
2.5780805894441357,-0.07065994561141432,0.33081830721274463
2.627514710490492,1.3047128137151045,0.9961339569526197
-0.5921440798584057,0.9558595133021899,1.977050593808195
1.9661133246956162,-0.5222709560507892,2.046571072203793
-0.8220864298872271,-0.11558024404698018,0.24300996822633533
1.2381612119122067,0.8268914013406741,1.5732271972559482
0.4862432455964018,0.9311564391892538,0.760120204692546
0.6341466001797791,2.5822270995214005,-0.398365083827011
-0.12216133435677971,-0.5938961120136785,1.693980288393591
1.3969343757933437,0.3291948606454239,2.4002380662555405
0.08248516536610595,-0.4039749160196579,3.1203955135683694
2.820468659325198,0.5009927937994683,0.11581440311157873
2.8243629083016297,1.2093695749043005,1.0681257335869239
2.0005549599892563,-0.3860278972929302,2.2281103540108465
-0.1990435654752664,1.634043558653162,1.457554277176216
1.73992062328868,-2.498590569730982,-1.1408886162547227
3.496643666909047,0.7891766612234163,1.4570731830273476
-1.3284115530373286,0.3817560882993036,-0.005882966526008293
0.11729947070665622,0.11602730691039607,-0.32192147396213594
1.1889424921631402,0.3902462250880371,-0.8473057615888591
-0.11245284741437031,0.9851088863734908,0.35411671262679395
2.0152136480726757,0.6644416712444525,2.0500671374367823
2.825716551968512,0.7000074605862784,-0.4251528655579377
-0.7756027860327143,0.9370567482571996,1.2302970716192947
-0.3640853189601704,-0.7292625302907532,-0.7698168436132121
0.24684225785518787,0.39630547158870905,1.635433736060298
0.6528936487318749,1.227689045732926,-0.5713695005760517
0.9685648935101558,1.8016698790622705,-0.21773118372079356
-1.3089966657572218,0.2349936777053334,0.6383123635580302
-0.22426669590526888,0.2574387546352918,0.07953704511965012
-0.36358301322030084,0.2861438375967106,0.07952219390844423
0.15236212648286684,0.06398240362940154,1.0901319943346335
-2.223683874197532,-0.5070408189563632,-1.5725324292497036
-2.8374982230196,-0.3765746316386917,-1.5333344483494828
0.15207231141094213,-1.6020179150842122,-1.2103344224702162
-0.23534720503184484,-0.03134825953080711,0.18503438396662647
2.5780805894441357,-0.07065994561141432,0.33081830721274463
2.1517245558376774,-1.2026170096963786,1.4930778712158275
-0.25863863833268697,0.28657960958152895,0.5646345280211265
0.9476008828532279,-1.1354262777833362,-1.3307355747360547
-1.8780147550685349,1.3787852521005277,-2.496502914470492
1.960956330575665,1.4809517347749355,0.5843440932878733
0.5406286266324528,0.6449050969636088,-0.922854866376362
4.264980163329696,0.43116576659294664,0.8765682805677725
-1.8648505999638663,-1.3702405887250788,-0.10562516422893833
-0.9538594479524208,1.8770712652852928,1.1047844771263438
-0.9891746884948538,-0.18316595970481173,0.40322941671618
2.4683152381996183,-0.1152990835469288,-1.2464887733134695
1.61690867077515,-0.16248584835409813,-1.8398615420374667
0.21382622213785032,-1.5322299643349755,-1.4317099573096363
0.3637694197518071,-1.045170568677685,-1.661014798271005
0.5205434734404191,-0.5999606777921562,-0.44147204790468747
1.7619606174443188,1.0494635617200685,-0.33332945804925657
1.02453458789221,2.178296551351487,-1.28292578307751
-1.0737781890329579,0.8522146891950578,0.5389524101047826
-0.4721312141469831,2.384221061089481,-0.7293277337254597
2.681935563659873,-0.15412524478219564,1.5008404456661855
0.8300502726770375,-0.9024226909951885,2.1902457173418353
-0.3189982872367451,-0.053728651238456784,-1.6005680832186042
1.4203843981982374,-0.8224831105782303,0.4219982284895745
0.6498275277183385,-1.374239270638934,0.8628789967217992
0.2833836196896842,0.020200021576367366,-1.1833026980742107
-1.0472381271357234,-0.6005279700314442,-1.7873009038453904
1.4442480463264478,-0.7620599159120004,0.8727401466679942
0.13140671197134757,0.3921594594123119,-1.4233507789844213
1.4300367304691766,1.0633068959655485,0.18872573628623926
2.248832731743614,0.19942778141781392,-2.112427011039007
0.57372656151483,0.3964968006471197,0.0913507517303731
0.8400499640128605,0.30055307334440357,-0.716472395213704
-1.0342388133770726,-0.7247287916156718,0.22149118756919875
2.3092307240892787,0.5798969905591671,-1.66483688466076
-1.8503701652854565,-0.5942087139702326,0.3310769718545105
2.303698743250001,0.5043279516607786,-0.604101495189008
2.0647969117177394,0.5662358036405447,-1.1039392085495443
-0.0678140445987072,-1.169065574655081,-0.5815653371740629
-0.2328938700289139,-1.3905516847971702,-1.352626987344328
-0.8578338068758636,-1.2499322237520822,-0.5485035258100714
-1.5328454886938738,-1.2990207640535316,0.38221875350965473
1.964226165627165,-0.13587102253536318,-0.36012929329089466
0.6935978318253432,-0.8883463675647648,-1.14542311631255
0.7130025895663767,0.9963140311396664,-1.2468319870142446
2.728969240805796,0.9146189179516452,0.07825245536477422
1.0821012808362622,-0.28000980732357417,-0.41651996641076783
0.02341724971075407,-0.352242658283294,-1.4395357546127114
-0.0501760475282013,3.1707184622203415,-1.3498884536017657
-2.2341489760420257,-1.416044726574155,0.2877420396171346
0.07471641337447717,0.344752062883173,-2.2153973281748125
-0.4317749393793229,0.9481859813112811,-0.9945448304752658
1.5662285682982102,-0.7275027281034174,-0.29421888614122976
0.3753893691497722,-1.1138984888741763,-0.49737740977387074
0.5586769810208051,-0.2729610572367582,-1.3151183854859356
-0.12205740248170498,-1.1690808073496555,-1.6336138966319267
0.5523544310695306,-0.8705877457235476,-0.8704498724069963
4.562443510206395,0.9310387910554496,0.1891523386748855
-0.5481405131040936,-1.2486069776287017,-0.3637498371250342
-0.32767438469709037,1.1398853431124545,-1.4816132600096614
-2.8298232228687756,0.4393053343334316,-1.7752746710306118
-1.1527316217004078,-0.47967694905272834,1.8758940654118639
1.0739079507811198,-1.3491610835516805,1.1074459995695347
-0.9222867425289881,-0.24174269103326823,0.0021934358097966426
3.1620235012600286,0.14514635028835748,0.07405650464454522
3.0477385452692043,-1.1697035854318028,-0.4396457348699639
2.5498555544819808,-2.281083868362409,-0.5553142585563876
-0.7100969458389647,-1.4703001229466646,-0.6417715786830697
0.6756909474825389,-0.009259013199950658,0.4527669301418593
-0.37760419394649025,0.21136688579547241,0.969802722642163
0.7842534825749679,0.9781975491604394,-0.04543455009065794
1.478291548014824,-0.2323160954687421,-2.11528020800896
0.6187872603227085,0.49658734826653006,-0.9607172614474422
2.4029402243487104,-0.8002774519002982,-0.8893113088680017
-1.8458072800583447,0.5133065209627368,-0.15917960729334013
-1.3808077441422046,-1.655877837709569,-0.15865962071271017
-2.0699524791895447,-0.5482847469901788,1.1452555176234744
0.06222111641963634,-1.306581720726565,-0.0651429899231819
1.3272271443960748,1.340167192892291,-0.11334771009718048
0.9349777609834546,-1.348037603705946,-0.8730134857047137
2.4123578293116807,-0.08072993277169259,0.19016241066779807
0.14026966027636747,-0.9413691034954554,-0.276318888182956
0.5036170452577845,-0.31504303400774014,-0.608425698321062
-1.8166489087731756,0.6984597832704699,-0.4379496284493109
1.0957779349707835,1.0882307519235639,-1.7268149064742235
1.1633962198444536,1.3992085392633409,-1.9313392305412784
-1.6186364643962738,-2.12226924620802,-0.4874295730795994
-1.676842809496104,-2.039646841671428,-0.5430600793836009
1.9969279764258527,-0.7054099801486103,-1.2360970167709535
1.9445214001570084,-1.2824746225484227,-0.7240556967772867
-2.8135918849550015,1.3037607140130292,-0.707170081764053
1.9117970861034932,1.3357955631991039,-0.5959323007400245
-2.4719037310250984,-0.7123899532257043,-1.5440078800789943
-1.4085537076964767,-0.6641213043451206,-1.4748286625597773
-1.697821063702463,-0.24847098849665977,-1.1595479226160252
0.3284144142054976,-0.1786852963990778,-1.0719757714820173
4.562690110674576,-0.4328829044627976,-1.0360977126244026
2.577368429976914,0.43504375241360654,0.5155530484066936
1.5234458776184527,0.8559080702784682,0.3425989286747411
0.6719340257997736,-0.8262276230427595,-1.33851013316437
1.4414108051812209,1.209102139123126,0.14318033391383397
1.567739277615797,1.7420336185124858,-2.4230357893637704
1.5138487124619657,-1.9636179243701777,-0.5807953711452452
1.2923359759191253,2.2550129121115945,-0.9630500716472741
1.77874581042192,-2.347575931059422,-0.29141174964650546
-3.3815915610425207,-0.3634064027719062,0.6161168455112993
3.8001222063145477,-0.32401701933526844,-1.2859754951178781
-1.9173646922821959,0.5188491546127029,-1.3217664659574941
-1.8259949495644057,-1.0426441603234913,-1.3827738684776052
0.8200933145698758,-0.6653441620021966,-1.2659561119468774
1.3630816777897687,-0.4619613183686472,-0.22902266650808778
-0.949502783101883,0.1051765174102439,-1.0688610853252885
-0.12167463773574279,-0.9364389161761313,1.2521148211454571
-1.0676051970514326,-1.1009219607837597,0.6772931445618103
2.6934492725126664,-0.29280838512550905,-1.0909227442611074
2.11725112502059,-0.28715357929059154,-1.8183006898113385
0.5606397244700294,-2.0101009981420375,-0.7260227506747325
0.12842644318399005,-1.839011684123411,-0.07537453199649183
1.4129591447365109,-0.7984144587778988,0.22379043380487798
-2.0526543922416254,0.31767313273146947,0.3511325032330385
-2.5795308736613864,0.47461968990912023,0.35271135954562577
2.4362878556020555,-1.0265862181629222,0.17017412093398912
0.17833585027917123,-1.248311259581153,-0.7556319691487837
0.45889911987660326,-1.324937756898247,-0.73097979442027
-1.9983881994203274,0.5199713248674745,-1.525761759112934
0.18199873689269497,-1.558274566924682,0.14045302554531272
-0.16060918533630816,-0.2583981328113554,-1.5491050140934775
-0.3116280068726298,-1.0785259343599694,-0.20489021739610738
0.14110772190096324,-0.7133983930149467,-0.10333487375406071
-2.3682021759607883,0.8894857291530055,2.0701823938832264
-1.5645349142781937,-0.2278873708606205,-1.1064191180786092
-1.8538392018740444,0.5171167519463061,-1.3203379256502725
-0.6631523507293093,-0.9507024215205037,-0.850904441192471
-0.019129564297740327,-1.742196926064172,-0.9990510814158003
1.5754182479057477,-1.1883207958754973,-0.8688492528946147
-2.1195985002082107,1.3131244040903738,-1.974869749944028
-1.5051367630225114,0.18222460786441994,1.4176007246722222
1.7048959975641123,0.8878719819000014,-0.4408408539090906
-1.073233856157779,-1.164272386072327,-0.9762359841911877
3.40528124624709,1.3685040201857044,0.9598144850639798
1.8017915815638217,1.3775024959680255,-0.8523741202657825
-1.677701929776123,0.6947226039975075,1.4344216257939573
-0.9609050312985238,-0.3504638661055335,0.7806201957174334
2.2883123569404513,-0.8225661492603948,-0.5087359461493194
-2.743578384918109,1.5726915983745318,-0.21544749938565325
-1.376757000005538,0.20663281339879955,1.385774504000849
-0.7758257816601104,1.0175863469374,-1.6266896368713566
2.11708024772199,-1.2200497480964314,0.4804969111474582
0.20439796044083047,-1.637975490045571,-0.9148824140694599
1.784786849214045,-0.06704093854299384,-0.12577014503532366
-0.7004717428286742,0.5461409437029718,-0.17925408155878972
-0.2281271072140811,0.2951637214331056,-0.11575919500384918
-0.2763932696060978,0.2506049692982614,-0.08573908649722889
0.49726596721081584,-0.6382377599713102,-0.45150542197736987
-1.1423823268011297,1.4387480589403412,-0.6333550364968071
1.6040080660867506,0.31117359748899626,-1.393279395787012
-2.129526506975087,-0.17801685123134578,0.998620158285221
-0.09426715150618732,-0.30501086302611374,-0.23647270981093593
1.1317149403906595,-0.52043706578007,-1.0635539352667809
0.14537663410791019,-1.5595206139684425,1.4258052883319126
1.0587361483461781,-0.12005187055944525,1.2977664534707225
-2.8918512383364567,2.313935826328639,0.07332376015898351
-1.2181724897217145,1.8254018468423046,0.4141252371428212
-1.3999194681431797,-1.9487215051003215,-0.480891340168278
-2.418401457427783,0.6229608696348056,1.0026963737171248
-0.3632699303205046,-1.0142297303190124,-1.7158141337407848
-1.7653472738207092,1.1253628290164115,-0.06758305969054203
-0.19995605979425649,-0.31743556349001595,0.1750383357938883
0.4739385574353411,1.5456493102867075,-0.4863596234417544
-1.481049075057623,0.5499962478900234,-0.5570700011477722
-0.20507721643635574,-1.2859058889214183,1.1832425649408325
2.8265422207590225,0.541776162236206,0.6397821390001701
-0.670061002731079,-0.4699780845808172,0.35177677194669604
-1.4061696377494342,-1.6318697162746938,-1.0759657522889676
-1.2975373881137366,0.40034310988447835,-0.5811992699759269
2.0074237166504325,0.23266877197131977,1.7864470663488592
-2.5928718203698002,-0.9129776343361679,-1.2682067441379559
-1.580144304581211,-0.5328585575625849,0.48932811235706875
-1.553547046172552,0.7568565412573194,0.40963757566769204
1.9897000389251362,1.5291066807877758,-0.541062776072916
1.8348954371766277,1.1591733104836186,-0.3030408025603076
2.2749558397984386,0.9010920220431635,0.713532312491801
-0.8714189144830283,0.19219582484814687,1.6035710327000843
-0.2417964599537234,-0.24537643009103796,1.8318208512808003
-3.528464146700033,-0.23824103058548343,0.05027814258989553
-3.0206500681207182,0.5591522780474498,0.6900978915621573
1.883534196765566,1.3450352493554139,-0.8402075730425851
-2.5017999316364357,-0.8215998806501157,0.6265535631406922
-3.173210795961475,-0.48754572635442456,0.4255556231090997
2.6877503487837586,0.8507262327553068,-0.20422893298577788
1.005346995484382,-0.03204585424292399,-0.2556607149087023
-2.1214942810298933,0.9293449801909891,-0.29383949565882084
3.1172379330639948,0.8775259242000752,-1.0246806525432113
-0.9464174218356877,1.4122402391562723,0.812980548165549
-0.4751779137891907,1.6182103118690956,1.4383669977171873
-0.8815999936955106,0.8221592860354822,-0.37393943144839753
-1.6395152902840047,-1.4219660191733585,-0.9994408563919673
-3.1260189941272056,0.10392899803249907,-0.7620856277831431
1.755681162358127,-0.9659381200472528,0.008535334618928327
-1.0679899328283382,2.209803347585495,0.5275595266955789
1.6845389486434008,-1.6179609133403745,0.5760997417028044
1.6845389486434008,-1.6179609133403745,0.5760997417028044
-0.8212877320704856,-1.1670848873803652,0.3553957366788714
-2.8469272272611414,-3.1554536019064754,0.612329423293103
1.319159045036922,1.5760838012950944,-0.9256286058833977
1.237846001917109,2.0313525827519796,-1.2771405332798407
0.8765144060202104,-1.274283069386695,0.8170773303369164
-0.4206612135160335,-0.09891096611321573,-0.36834902140985537
0.9312971741718542,2.078251963168137,0.04526140942956067
-1.0708308406126188,-0.7286642169811881,-0.10149380206037335
2.353050771746226,-0.26605787745092924,0.9177450816326014
-2.565295299629281,0.2920158424883052,-0.5913871394105146
-0.3382875490116456,-0.76124669724669,-0.7271222873750522
0.8950296201171796,-2.9638337879375305,1.2534329563957576
0.5152577266289334,1.7438058497773765,0.7335157389429651
-0.38553408399267475,-0.9432845593946019,0.6389316640732292
1.2623281184995683,0.030609960238871692,-0.835219145608468
2.3549949871360494,0.5376874703194404,0.05634511494512461
1.6342830862540094,1.7654615596636765,0.9938675270014061
1.297392065052042,-1.0297576180380763,0.7386097739929709
0.3495644723060824,0.2622381739765255,-0.6858826741003928
0.34984646042388134,0.4231720696151611,-0.8428851193079921
-0.7964017183622105,-2.0699215404750646,-0.1262406315958921
1.420824689647685,1.4709204293622735,-0.8474419982796728
0.4535924764402043,0.6809362370702284,-1.5289438350413695
-3.409191635241073,2.7834574388042657,-0.14517028127971943
0.14252710363377918,-0.45582089718070784,-0.805959381977111
1.1998073108304883,0.9858070680463416,-2.0777961046984674
-0.19447875071097612,0.9622949111482743,0.7056338578325053
-2.8342878699392093,0.10900168419431251,-0.8021774585294226
1.240431872084527,0.5207021466007973,1.7751136547426087
0.5253786780335269,1.1386288160412639,1.4138050495040655
0.4609066495205452,1.1717793076204843,1.3932281775609716
-0.4082110628877895,-0.23145073873779531,-1.5240365677328973
1.7730335817910934,-0.836527189307483,-0.7221743133120053
1.6712446163211023,-1.505821306188786,-0.596019194932865
-4.358206397190643,0.8510225177726886,-0.5713575525943055
3.245628546325101,0.37166759772021213,0.24936708424622872
-3.055238963201458,0.1965803725655953,-1.0423271172509778
3.8135119832344913,0.17600667536573728,2.225400349754546
-1.8897282171928866,0.17449842485011172,-1.3517287350895972
-1.710542927852591,1.5795116974522914,0.418989511187599
-3.055238963201458,0.1965803725655953,-1.0423271172509778
-3.1919985425277764,-0.20465936261870582,1.0845726743848854
-1.8434439308422153,-2.080714454515502,0.2637042787007671
-0.4222078385865098,0.7964420716569833,0.8347227017009858
2.9661600512171056,-1.42190086041344,-1.3500005700657665
2.380637269782543,1.5127113658105198,-1.2696343355639865
2.0391884592363767,-0.42190276509485636,-1.3905066270258617
-1.9147502794425009,-1.390239689598634,-0.5507767711324569
-2.8199730527726956,0.11773545752991711,1.2979385097870295
-3.0688723649162766,-0.5581717490004354,-0.1276703791930803
-0.2643250539806648,0.8619699946010978,0.36789937517917515
-0.3864199347361385,-0.34935367768329245,1.8260782986277864
2.1560252551480406,-1.1040959070676089,0.43552483806178754
-0.04251207024310616,0.9712109519530883,-0.5220360517020475
-1.9443668270379293,2.038787567364537,-0.07368000425082515
-0.561579975823473,-0.8043738721726038,-0.7402641585701013
-1.3723771916281449,-0.24854242807686971,0.37805104073025736
1.735202003384871,0.9910869477959212,-0.6750487784344515
2.664853162365374,0.3326756999476494,-0.1752847773012154
-1.3743046637137606,-0.4794871726593785,1.8019074159800472
-2.8648913179241706,1.238481980762598,0.6299378318037959
0.9063928070153855,-0.43053900090608865,0.7877255114913033
-1.294476211804793,-1.1214297373539055,1.2331976382310053
-0.7245618607857215,0.12070742893960652,0.19983019812450042
-3.9671714847256263,0.65756656944358,0.0061256179772812966
0.43627079061400736,0.544557852658624,-0.3195521803751581
0.19496423367636492,0.5003127994033567,1.523399523365667
0.0599908083642063,1.0887403088399135,0.20830844161846485
-0.3123340104323198,0.14329046524474776,0.40397436469470854
0.6014213303302697,0.06965464811854881,-1.9686747505915012
1.5463974456054552,-0.42120005583178133,3.0296051110588533
-0.11198077063460972,1.3139136515287908,1.21658233501442
2.2634047030957722,-1.5381038438284358,-0.7217711269840943
-0.4205705622039047,-0.16009764958617548,-2.1770384813888817
-2.102543807283373,0.5985362916364277,1.2375056327104645
1.138922663011097,1.5317062840643734,-0.31287762546901265
-2.846613499268124,-0.6283685050602301,-1.45609754453656
0.8132446703949865,0.07777727807322285,-0.9926317748934012
0.934320630853742,0.797204891511341,-2.1089578142318555
-0.7666256005106489,1.373452517429407,-1.4592488947899536
1.225104708753281,0.749534490832162,-3.125778528990958
-0.23378908963520473,-1.0347232879191204,-0.656521035895581
1.6595417714604983,-0.8920953751255194,-2.144095508185782
-0.14312270260512125,0.969323170199833,-1.662426848197522
1.0588680033295461,-0.4663180475341332,-1.266286579130222
1.618904475293832,-2.0195389289946344,-0.6846332051455716
-1.5845864745786375,1.9313923006896017,-3.077777096251638
-1.875864493819904,-0.4078687205987753,-0.6793720768464112
-2.3757837723373734,-0.8353732270731955,0.2834508197855109
0.5288568375859174,2.17428395777725,-0.002275559339709568
1.4008846777389066,-0.37480218291097855,-0.08413774422105397
-0.33544906486967474,0.2747384250072995,-0.31965510493850674
-0.5708909620253851,-0.5927044010733747,-1.6835780028787242
2.894065205417602,-1.866723539837773,-1.4071320684876885
-1.9059165158610167,0.4801061978189988,-2.366538945428532
-3.709045133598083,0.09648957653815352,-2.8735972944586035
-3.3468392253089005,-1.383755141708746,-1.5055151427588462
-3.3300450091707288,-0.04278395716434008,-2.1223477207126
0.6606032835808117,-1.34070100021795,-1.8292345305139321
-1.07635361447598,0.5191811725212226,-2.68874381635992
-4.100161441317568,-1.5186447784813348,-1.2547347373492097
-0.6533804697144742,-0.203761660231677,-2.763026954851406
-3.170153949277083,-1.3785104633986425,-1.1993940441675743
2.144390871639849,0.12829997837918722,1.7413322989103732
0.7699137901348033,1.031502436676417,1.3995714907206165
-1.6654057757151288,-0.9514906080258236,-0.11916623135119121
-0.9552192326687554,-0.0780011855168698,-1.4532671432749935
-1.1253995239560104,0.5185002434237337,-0.49083950468647164
-0.41645055443967244,0.24140436132320603,-0.9978537372782507
-2.0095580823545807,0.6436873243653217,-3.033328049301964
-0.6485966633760656,-1.0538781037329428,-1.390583626524632
0.1465792985821867,1.03378242296888,-2.4549091026816723
-0.6340855330493804,-0.7803188989758562,-1.1872609106348215
-3.165864098469781,-1.3759038943871358,-1.0502287339210243
-3.519097678539709,-1.9368693601892515,-0.8076144590326487
-0.8611267388455778,-0.6796222461801311,-2.6469168246583243
1.0281680687412555,-2.8478665292538823,-0.9532555539785564
-0.4145618246411668,-2.26114151493531,-0.12215928265314256
1.3993823123324112,0.5513804551728596,-1.9601018682401803
-3.4561730200572534,-1.114194986685329,-2.0468316765204246
-0.0644961927157771,-1.1138370925385261,-0.33396973039520444
0.16979545236868845,0.1141442549092683,-0.17267801438684083
-1.6687473968538353,-0.5294814415584802,-1.547932051486775
-3.7406083425331333,-1.0542818311128592,-1.4710410300624193
-1.305156281099879,0.5760686666926986,-2.8700464236406926
-1.5057328891066333,-0.21159069834343183,-1.9108402347069864
2.2696688343437126,0.1739718214025819,-0.8703453806186434
2.888914929750677,0.9214532689794607,-0.8370989077630009
-0.0842393400334502,-1.1178384961215593,-0.2917629818163637
-1.4649687086822316,0.5325915775508056,-2.9159138446617705
-1.4654910076556478,0.9652052277402219,-1.1995496576739324
0.5778946882822568,-2.146357533656007,-0.49176112809308925
-2.2118647378420726,1.6696065674337497,0.9186276822068222
-3.1782522379229126,-0.44396921684961077,-1.001937785200722
-0.9573119242076372,1.2704916475830759,1.7327726009347082
0.018901816857186445,-0.3885091880720519,-2.088129918770174
1.137460256873706,1.3494561987919287,1.5994224944713242
1.0791939775522725,0.3172143920146235,1.144364045371784
-0.21781572705036276,-0.14076536406701476,-0.12198365955264953
-2.9548423382103186,-1.0838328193894406,-0.7648823354088886
1.1622022270343235,-0.7518181295997768,-0.8564564950218688
-0.4436554112725211,-0.5863266928498545,-1.2119903087347588
-4.3777731913100215,-0.07243792271445364,-0.7742499966555089
-1.7813910324388287,-2.039088218564007,-0.726482819091578
-4.764506508368644,-1.0892841630752041,0.6212823014748747
-1.2403061058631866,-0.4603897591245087,0.9744381790111784
-0.17767409043070892,-2.348845463386217,1.0062979976242628
0.5516524107215142,2.3432748005506676,0.4761759314016984
-1.0016040137636704,-0.3526155772111627,-0.893859048119989
-0.15766133014207112,1.072462631113804,0.6747899509745516
-0.1609516128491437,-0.5870960066721811,0.37962416632160323
-1.5765513795860564,-2.292199135332002,0.6694837435013788
-4.75870091073929,1.3395047419842756,0.9682463227579492
2.4633899548081963,-0.34834518649170915,0.2942723590508978
-4.705245658418187,1.5697103261200673,1.6352960699736958
-1.454886696215569,1.113275087378267,0.8500800772711545
0.6038976475494763,0.07176971309169068,0.24815276771210787
3.711335632312801,-0.04156668293048456,0.0685401044764133
2.1839565420251685,0.31200381425637086,-0.46533515984867724
-1.5653504867046135,-1.0028263390232222,0.8721505349523567
-0.19727770169827302,-1.9535236786522059,-0.40506904325711096
-2.2691419766026026,1.4250368762274717,-1.226663727818119
2.4587704744786243,0.9915928973144706,-1.1541900322297498
-1.7780406590404514,-2.234750229034201,0.4620024249733733
2.089708755297479,0.8599486965224964,0.9326598343011134
-0.3824183416737892,1.6090032481114769,0.5379373573876832
-1.061404062631663,0.054611578113657126,-1.1458372971348951
-1.8929243095353798,1.4408257446657262,-2.157889792462877
-0.658565882560041,-0.9951889777289703,-0.31692711049442174
-0.13798163053416238,-1.215040961889992,-1.739628204826029
0.8649872960375141,-0.565121742763084,-1.4993954353765884
3.3507525068961947,0.7050321278236005,1.3018194374240588
0.8014036869994192,0.9824209398134418,-2.013084925801897
0.3672572730175648,-2.0241170935683956,-0.514995539793961
0.440924551338352,-1.9697100053209862,0.9471034215630634
0.1258676815949999,-3.0291341060826844,0.7812601987061509
0.8752806562488437,0.7076808164751931,-0.19118414188485036
1.155788454051772,-0.6216266669874347,-0.9048729303079764
1.1877755163224013,-0.7166524139324367,-0.9105037729736957
-3.2202660124584845,1.1118510654226776,2.0736129942052703
1.3500891032129938,0.4297812671494098,-0.19537758925749363
1.433896961870623,0.11690765163637244,2.0182989652331167
3.3163886693202755,-2.5189623553530223,0.3135801318281974
-1.8598805297646268,0.866868150285586,2.4701419910870577
0.3726239487524779,1.6986038693510712,0.7234772084919571
-0.7610178389302202,0.20377869546213337,1.7846134564130962
-1.054305480742911,-0.7246425335481865,0.7572580390782313
-4.51776368427482,0.4509794971960355,-0.12821665915307812
-2.3976550342881104,2.2359904024371917,-0.6534643076953613
0.7582398673123032,-0.5074663190579635,1.8462257963208557
0.8883394828020149,1.3838379411563966,0.1292752217933372
0.683091458672662,0.4790792948073915,0.13776591484762138
-1.605623932466934,-0.21061651960048833,0.1974739213427687
4.16281462101638,-1.1293844296006041,-1.1303712774638215
0.5122733395369271,-0.3365409121575322,-0.7703254801054497
-1.9460226990841238,-2.261463968282328,0.3726453790379082
-0.20922070190723552,-1.1010252177999875,-1.165656448666912
-2.3340929386291673,-1.4053356122445528,-0.020425525820843466
-0.3831257622855734,-1.4616396893271506,0.21229441836182325
-0.17234599955359078,0.6207025731820747,-0.3625052531904379
-0.8243929296739695,-1.1605954654309127,-1.3363486880420707
0.730527525446817,-1.2263470366886404,0.6193865707626437
0.8745774593785777,1.5651039799727722,0.15093251428400006
-2.154838855180357,-1.4291594070622506,-0.11997940553631711
-0.8157870185231254,-0.8671103298677897,-0.5138187499714869
3.9675446166852852,-0.46543340623481316,-0.28559805017788276
2.4946144183349377,0.7151790786004202,1.64465150606741
-1.4763960663255822,-1.856751708178633,-0.1809237575603538
1.0267498213494601,-1.5288942952401698,1.534501136877734
1.4807012224492053,-0.24507300732745102,-2.2833364357800674
0.9810927006033174,0.0547953891845672,-1.0025287946399315
-0.5217975523650971,-2.7859316316221583,0.1559234621269108
-3.732181229207591,1.935646428465248,0.21590921152845827
0.9590874595054287,-0.7629161375727784,-2.1884698429070473
-2.409944956953373,3.490981245728171,-1.0381381443515982
1.2878803908306817,-1.0266133083670697,-0.0031566814127566315
3.128668275661411,-2.2685284996398174,-0.333098918393527
0.6646579662971133,-1.3747206822223503,-0.711061516067057
0.5206832076169166,0.33216639732192854,-1.0959294971808111
-0.782821824064095,1.2337089798383079,-1.4856125900769166
1.0725050181794236,-2.6812241153157284,0.374382985026535
-1.8781595821171115,0.3229706340915863,1.9030384519357162
-2.6642504730897585,0.24706269062336778,-0.4614175557198796
-0.6209796397140588,1.869659958268842,0.4932931172499732
1.697764253286691,0.04495281265583025,0.34228725920906217
1.9932408128812593,1.6717475423999688,1.1700513256581069
1.308791168744827,-1.3586054232280431,1.073209611407602
1.0900493701319849,2.185147806639236,-0.32814160115234303
0.24179150287212334,0.8142365897646957,-0.3638909373088654
1.5736993232400154,1.1998950392093595,-0.8448186236740708
-1.6927449341146654,1.5859360671140155,0.20249395748116245
3.148608136457066,1.0111742373596415,0.43856298471222077
1.8282084551297526,-0.7134886982417444,-1.547196146266221
-1.9076959812288123,-0.1532452271804332,-0.40480716348156864
-2.9879446121035205,1.0743369513235286,1.6499315680126785
-0.3369630680796213,-0.02044409862970035,-1.5994345575558733
-0.08810686043141051,-0.5838338809126762,0.7281146702959759
-0.9156443534943246,-1.692935902771007,0.41081029570960514
1.027748766592827,-0.31268699543438444,-1.005914428023055
-2.9985813389258484,1.8220244959005845,-2.014242250584781
-0.7799177450948198,-1.4674187382314596,0.12799969091064764
-0.020801148300271712,0.6604304247722338,-1.1866925513676818
0.09539695395645142,-0.3415307578105456,0.7354645383288557
-0.6825283922665982,1.0403475608595507,-0.5297704021883869
-0.24187500130095543,-0.10421668252834719,0.04160408891555865
1.3299119708428615,1.0429998732957333,2.4774349867742336
-2.5591486132983263,-0.9204621754269842,-0.6512080928194359
2.5053123656423155,-0.07132247344383133,2.545032467680226
-0.7632420702617506,0.4288092607984776,0.11079512630808612
-3.418831077881105,-0.9539957337764915,-0.41537913122679954
1.0163097331115336,-0.6092881145623658,1.2512298445081314
1.4433369527739028,-1.0558610054988988,0.03646408809868005
4.461593751104251,-0.07959789928873029,2.1121476081451163
3.053885156285533,-0.4634580383733682,0.5549366391515254
-0.8733742582434889,2.0851655210410485,-0.3761254462397544
-0.9459259680925924,-1.0593263219177012,1.8559023193487336
-2.6091860189998015,0.05828713258535557,0.5561024564811702
-3.0701003494853296,0.001350133072942194,0.6091973878300837
-0.22940895817675336,-1.7503052544324342,-0.8103436437797155
1.17075013655129,-2.4521070416946915,0.015596454658512246
-2.8076704077657544,-0.35447089405412874,2.033427863029234
0.32420147138607414,0.1493342731653572,-1.153686898395443
0.9204406156788869,-0.5877267567320785,-1.6073958989419175
-2.3781880304710947,-0.3081912966318188,1.0393762704359786
-3.092486208105179,0.10363467870781047,0.8144672886587387
-0.5609115706380949,0.17341324562314359,-0.3095580748230178
2.140762921262636,-0.8840847559361923,0.1967618181165604
1.0919702202346964,-1.0001840296733802,1.0276189088625105
0.6528906865836095,-1.2628832828258616,0.9473235609898156
1.2567999544932054,-0.37997479524128075,-0.17331945825016856
0.06874608006884851,-0.29511693485342094,-0.4180927009394596
1.2999407331348727,0.955958034076364,1.5369041411531459
0.06874608006884851,-0.29511693485342094,-0.4180927009394596
0.24825831725308067,-0.17385388923201722,-0.17032506278645307
-1.3463917164822452,-2.4725788730404163,-0.008964256254796524
-2.5307624242004545,-1.0098135474279015,-0.4374390125831006
-2.4659907508880745,3.1096830884699043,-0.34240475905759127
0.9336182910277296,-0.11577888736954749,-0.451537250914813
1.471667327011568,0.9029793637484668,0.5795885396640398
0.5185526320555606,-0.9366596835219851,1.344574999076158
-1.5554105541692993,2.1592555897033723,0.426861934229846
-0.9952873238844568,-0.745491331853834,-0.3415857328932847
-2.974280583896107,2.3999899197996903,-1.7071313299280992
-0.9196119255296709,-2.12049542959126,1.783589085858367
2.1575567596119205,-0.5445036167745068,-1.3467846952118685
-1.5725796209807663,1.7431766210222621,1.2016875168773387
-2.2225715187074577,-0.9918108515432577,-0.2530749992394239
-3.2117037024697854,-0.08211436317613399,0.040362294378499794
0.11829236227952408,-0.6658774414079417,1.0986187634217985
-0.763587638749706,-1.56378564616259,-0.9756367065777843
-2.3564201005727585,0.1739504529608827,0.29676708711803085
-2.216877082771183,-0.828085326208245,-1.4191854304199527
2.762256826789488,-2.0468126851579664,1.0784223536610487
-0.26441450153680013,-1.4991614233635924,-0.8259373923214933
-2.6363368555035906,1.248369783762173,1.4049377342001583
-0.02706796196764093,-0.25129118467280287,2.1597358855731406
-0.6600998169070719,-1.0143428194827855,2.106067765641838
1.0446369054293863,-1.1155183543745009,0.12448358735377704
-0.4346463083889285,0.834680430053077,0.7490423938540045
1.3972548223151808,0.22898334269595147,2.726205103030518
0.23714614718735874,-1.8681777475151953,1.2634648572460287
-1.6437041577739655,-0.3017402564782642,-0.5307560925141243
-1.2434961193704084,1.3210747636108293,-1.8432320331268728
2.231974334127488,1.5564853897976938,0.6749462348724966
1.6101347147758294,-1.7576021792545846,-0.10758618523314797
0.29942094285951654,-1.842346403543315,-1.3028929112662315
1.051307574857436,0.4936211473816005,-1.1095279928928687
0.7183465032877666,-1.162254755831356,0.0006688867246148173
-2.2056630168240026,-1.3421846546249208,1.0149914254593815
0.3998334983515187,-1.5494754510370141,-0.3502691861157819
-1.5715385163052074,-0.44825724867598377,-0.9724356930638076
-1.5715385163052074,-0.44825724867598377,-0.9724356930638076
-1.9082939698384018,1.6961253155076308,-0.09144996878083259
1.280535117634237,0.2530914935938808,-0.8940217601310487
0.07741797938559897,-2.667533268752833,0.9741271977923175
0.8796370629900622,-0.6091938599336094,-0.8574543060496179
1.965941923870411,0.14552131429224596,0.7137675456629108
-1.5457200206652186,-0.023861239154322606,0.027396598793469666
1.6736017517295745,-1.7878951547220636,1.1125882334403168
0.6895200199922196,-1.55142959818039,-0.9940190055028081
-3.521112478185785,-1.9401065758586584,0.25500230854216455
-1.5578520068635764,-0.7176889152456117,-0.3738864284939586
0.8066256007130893,-1.786591327095131,-0.07590032435055125
1.128441713373792,-0.9704508172259787,0.1390656428276917
0.38371167175463033,-0.9482420559128172,1.5314191213753823
-0.23481785929361262,0.21760400121013995,-0.0927428823221854
0.18958312276727968,1.5195498784466002,0.7397837922838078
-0.03743304622677175,0.18528562329574932,-1.2619576080033663
1.5730024086586631,0.9261173701607841,-1.9230015374476432
1.5954682475479889,0.9857482315999836,-1.9811975339783707
-0.6901982678043578,0.20336446017188017,-0.8269841650410416
0.8977173485062881,2.1396848825130497,0.08602640315231984
-3.3227230339259273,-0.16131646739635744,0.8457805257316342
0.5759480918013107,0.004853469807499119,2.2341578403557127
1.2897522279519338,-1.314013433565647,-0.6083181036898527
0.8430531623127974,0.04531097182301249,1.9693686843949318
3.542363104373547,-0.081706595968963,0.5161868450228356
0.6655549030000396,-0.1869900564805692,0.8450537848757028
-1.8963647426073111,0.45482994936258997,1.4355624298179943
0.6840538580166221,1.870699104109921,-0.3509141194565191
-1.0829689510527856,-1.6016608393184657,0.37470631443940466
-2.146227038407443,-2.8109684288126204,1.4196634469139946
1.2248180408387879,2.5903933828026844,0.2384340053506674
0.5791008720069153,-1.0938066210243957,-0.06021060241465295
-0.7631623863781627,-0.006993438051437898,-1.543959155743038
1.1562412545489051,-1.4894479722597251,-0.8115718838913754
-1.2009870796502229,-3.1689106622221264,0.43696128368727943
0.9379397919565072,0.4621813839106648,-0.8996403013976099
-2.128160144710202,-0.4869062749245046,-1.131934792750007
1.5666377592495577,-2.999310408241938,0.7366707160908825
0.7128710031469547,-2.843926328511754,0.07224511957277586
4.673751734634723,-0.0066475136351031895,-0.6895310629049536
1.056859374753691,-0.1696649773420586,-1.1970818677429809
-0.6442100407122381,2.6224828023676245,0.5742053349205186
0.4583070585116592,-1.403869775878041,-0.18307059661906316
0.7557179144816414,-1.3622976158885636,-0.20206617146769107
-0.4037819402082218,-0.03444677985056275,-2.0503511545846096
1.295204076895591,0.4141750767368166,0.5703176099696661
-1.3433119995660894,0.7431681230772937,0.3418570634837904
-1.220517140068314,0.20734944164178112,-1.5003474845639053
-0.688144856713214,-0.46333443128593577,-1.517099992004435
1.5504464230215376,-1.3556927148613143,-0.41092598305765177
-3.641024705726056,-1.3146030581901755,2.3169794248596496
-2.0085388743863413,0.9763043625519089,1.3681520722945568
-2.569904230028607,-1.3511250537377457,2.5542604956620325
0.8643276104949396,-1.3228775056255222,0.2548881012961491
0.7848408012586526,-0.12029368787916762,-1.496260876864543
1.5906743595784794,1.4531278371917828,-0.5918826721230501
-2.5850192205409304,-0.8949544372160458,-1.0984758867892248
-0.8602906999002073,1.3814350083790867,0.8260935293070073
-3.7449585111062427,-1.0629092130612794,0.8657078324729547
1.3655798813675286,-2.239900783245473,-0.5727347615156805
0.8330532936778812,-2.6859717724672056,-0.38697981623783706
2.1188023898673185,1.3482886760136306,-0.423399676309022
1.0903255655028619,-0.28852234862692433,-1.1848548984278857
1.4783974434255835,-0.12977703524677742,-0.6679169425668244
-0.6830302862149163,0.12982073535665162,0.36837747514781655
-0.5977752708460637,-1.169260427686778,0.0019060470140567208
0.8997776628817472,0.3468915134401342,-0.09875435958649056
-0.3753422125086801,1.5452483200860125,0.09782115311054267
-3.3945400381543944,-0.08921891097194158,1.7084322434885932
-0.45283974854141623,-1.20373039214015,-1.6034428810746268
-0.8154907142708194,0.6768491783093021,2.012280720256233
0.5744325828813178,3.356292284763597,-2.171940025044975
0.3471745482877323,0.12216405969848931,-1.2196693191822654
-3.507510224538884,0.5515271787832291,0.04205403746043887
-0.8027579351464823,-0.8209151433899191,0.17135139227597887
2.50994771686619,-1.5144124849051854,-0.4277309696061922
-2.0593390275224275,1.7889138665495377,-0.12614827663525044
1.4525234654068164,1.6828049236424258,-1.4054966144973273
-0.8816781265446566,-0.004307180208961284,0.1452941699978174
-0.3060450645268739,-0.06955792564420817,-1.0784920441506394
-1.0021496024154657,1.6962112611417124,-1.3949375549801948
-1.5651122781508386,0.368744208160421,1.7078465513315466
-1.5651122781508386,0.368744208160421,1.7078465513315466
0.6168390994950409,-1.5422262824543715,-0.7328123712366379
0.6217086486163435,-0.5026553602336242,1.8268515502234328
0.5169597894279093,-2.1029836460287177,-0.46445672664112153
-1.913784377318568,0.40499139046249827,0.7079953507597001
-1.5358912241262488,-1.1367455044715746,-0.7036525576958688
-0.2456841725711827,-1.1189297331642467,0.10739630232111873
-0.8801976305405176,-0.2654733489224802,-1.5791944390516328
0.38299053158746443,-1.0854494366119416,0.765009939124623
2.38079828169224,-1.3742387975806092,-0.9696165938630957
-0.9995287054041183,0.3389668701703639,-0.8856490063392215
2.38079828169224,-1.3742387975806092,-0.9696165938630957
-1.9587188955462438,0.5685847824888424,-0.21407446940063174
3.6277008689325636,0.21059518988750991,0.018475660995137616
3.6277008689325636,0.21059518988750991,0.018475660995137616
-2.8299815690581496,-0.9077991173356181,0.470676879932508
0.25173637460914716,0.0018780734621830159,1.1389281691803996
1.0734450902909531,0.49244062317248405,1.2573265704360674
-0.5667512443231805,-1.6462389562683497,0.6905846013934985
1.819088573260173,-1.698483903390085,-0.05742120486395704
-1.9253382377742543,1.4641208566667323,0.5451257516747868
-2.3312526821981305,0.7986955599243024,-0.8710522947238895
1.1103600851851712,3.02754859216773,0.12314684353119529
-0.06338548494176566,2.6407855591608222,0.422240589686676
-2.6078696936552546,0.03460929651994456,-0.05628753786189218
-2.7523891846886164,0.2897268341262514,-0.18930513464734278
-0.6180310484019642,-0.9439236242478372,1.7726784422238722
-0.5899410252413007,-0.014636361045608592,1.0683098199396894
2.624921575402887,-1.863341915165142,-0.9720237365205763
-1.7712625638329207,0.5230575804432978,0.2705180119198362
0.2860067488441037,0.8675258050533742,-1.403351870217251
-1.368508639941923,0.5643687915917567,0.36611517931959386
0.2860067488441037,0.8675258050533742,-1.403351870217251
1.7182442485178913,1.703321700771842,-0.014410390337109627
-1.0384403187153386,-0.36652264999247286,0.28080892743914443
-0.03572228806553717,1.2635646472138298,1.1481544419662748
-1.3510443295367602,-1.5206385289645843,-0.5362003664875505
1.2740222408339112,1.8946201045397286,0.5576398022732479
-0.9401628936986544,-2.217420608141972,2.071074380474505
2.62181745002863,0.6479197504903695,1.7965847960416654
1.937371757846171,-0.08656016460010929,1.4603831440348087
2.5789868146417323,0.43430697957167935,-1.5564249189551416
0.043143527723844464,-0.5291856899586216,-0.4001282672098193
-0.15728045388242226,0.4625197495579488,1.7646698664181995
-2.560263446570939,-1.5751853010558592,0.44522250002984315
-3.236984369726282,-1.3131707963797057,0.09237693167994979
-1.353074680364886,1.8305191369351752,-0.6875057426432467
-0.8749009094059129,0.9757900627019171,-1.1339051300670473
-1.8303066327153208,-1.021074490765408,-1.6053121666576573
-2.9126125565296013,-0.6611425260528749,-0.35105323034428876
2.8860550659483963,1.0202172263822862,0.9332664751174397
-3.8186661339729073,1.193163875357983,1.7983266824231823
-0.2409507068132287,0.6453235888055437,2.086930453816564
-1.6450531854131112,-0.7053977531136923,0.745291040279627
-0.3091765929472159,0.09706973293825297,1.6467192651593363
-1.6760380998747844,-2.8001922680934266,0.506693086647719
1.0307969385815317,1.8236977479089287,-1.862172099676202
1.2288349565874017,0.6523130642957121,1.72675491410656
2.183208240210586,-0.8334047025770592,0.15695227052133684
-0.1004130078048355,-0.785951699364657,-1.1571103757571934
1.5546347355995496,0.4008335135987877,1.0743389229951559
-0.31853412790456254,0.24387479203075502,0.6830358752029705
-0.11349736769262876,-0.04495936126229258,0.5110613626609964
-1.4741668820813154,-0.4077646174288077,-0.6339054952723223
-1.9695189458135973,1.0680194105679353,0.529188741137517
2.6929712517201523,-0.1133262440579058,-0.23811186579653373
0.44371452540785244,2.6288356049469335,-1.7095368715129478
-1.0084303769328071,2.150446069476323,0.760010098131251
1.4779510765781592,0.5320526614725247,1.9031033762600313
0.4227892294073599,2.0446949760809106,0.8539258599915909
0.6611869821909999,1.7793358583319703,1.1101036504289488
0.9099217835536891,0.4887128157708012,0.5902345412628067
-3.2444586456211226,0.2540690598245785,0.40923010758879136
-1.0077212136819018,0.4667627113392149,1.1828106946896464
-1.5892468687163512,0.40708539879442657,-0.4476889511972301
3.5470098560438714,0.18415332002510248,0.10717677703354662
-1.393782633182595,0.45401850365626145,1.184348857113223
-2.726141335402635,0.05459210875488953,-0.4488796774183163
1.4156609212410545,0.858212314176451,1.5369782218546069
-1.0309655698239604,1.6585780449081209,0.10231590505555879
1.7976443886107805,1.0689237344683244,1.198416712321637
0.8209347419780783,0.3348068094285948,2.5524918457891888
2.0630204087248005,1.1418215673337524,1.072706892869452
1.0641076055521157,1.7118172983245203,2.246450226496279
3.467375004627659,-0.7069229218386229,-1.4309697752804136
3.2225584869923005,-0.2670189799046738,-1.748382346176571
1.610403439430269,-0.7056856043408232,0.850436667848705
-1.5276282218065595,0.35962324863928896,-0.020658184669012408
-2.1446847142781293,2.3865727764770197,-0.8198470624333752
-0.769360761583496,1.6898028511174044,0.5499951142417737
-1.5111325520691081,1.2760772150610782,-0.168467298639603
-1.2210474823165434,-0.3898838959500877,-0.8731134216779916
0.5030875977583795,1.0919602549873124,0.7843661138888337
1.1207973876162665,2.524333538244142,0.7777898911275988
0.8788260267016376,-1.6043479541702317,-0.5801548760366335
0.0783028440262445,0.9622349422899183,-1.6716541134593217
-0.05148101974974154,0.3652604184952218,1.1355079131135697
-3.592349060233568,2.1741434385625213,-0.3552560291252647
-0.7993955418227472,-0.574819795203821,1.8249636531091837
0.9422560240740183,-1.2139072799032193,-0.39600878323633365
-0.9661341961678604,-3.9317820329683313,0.27067935078720495
-0.7785517164608116,-3.9159283637949067,0.24067409349179059
-2.8700396090033653,-1.729463927730583,1.3507471142343945
1.528012252607551,0.13901477664951456,-0.03097233223407488
0.477134181845019,-0.12858054151817358,-0.7238460308936413
-1.595460459538349,1.310628416563749,0.2987924430432992
-0.801684144935423,0.9347313590547245,1.084244555098655
-1.8240071130515558,-0.6883784209683992,-0.14022395587535477
0.0638639068728054,-0.2079633168000094,-0.15770926749029243
-0.3022837095799198,-2.2716017354805063,-0.5607543263094203
-0.11171515950566259,-0.5445357176371142,1.1893359847679856
-0.2909120338008199,1.0109328834973468,1.1136734115656746
-2.4941356786013116,1.722964257865033,0.7323594960882033
1.9237892864943924,-0.646857802213948,-1.4511964014545706
2.2204510649541063,0.8061725099445536,-0.050345910971034614
-0.818807007162173,0.31884597073456405,-0.9955888361723967
0.603967710163249,-0.5310201705587219,-0.7099454279823364
1.3254334777333976,1.4819920259731176,0.7864518545340456
0.2898660366248482,0.9849756695211891,1.6640261021877083
3.102654138150827,0.6064551229960948,1.8452644978056796
0.14465023816547554,1.1234617794275454,-1.3970027234994788
-1.1774166448279064,-1.5970668000955357,0.4444508437259699
0.6544754483505112,-0.5166763504958444,-0.6161563656116973
0.38372462793845047,-1.3430527076569778,0.0030606404931692957
0.525597005207479,-1.9754904564450093,-0.10844493961321092
-2.654864692688086,0.535892158596743,0.519844574996785
1.1775488597423562,-0.0630073563813204,-0.42380957207203745
1.8518762848887216,-3.459609853333516,-0.6031097298216084
1.9083600464095098,-3.272988584673904,-0.8638133677118718
-0.5037595459835325,1.8058397091516485,0.9019681631228109
3.6750370249426814,-0.3662459790674505,0.1960280023934827
0.5515148480350583,0.9301848629216027,0.5959040678054782
-0.8083148880803899,1.388767201241113,0.3148886651615193
-2.128108548780968,0.9690425605909789,-0.5217824727488228
5.078762478885475,1.1678743465637835,-0.19868641755097383
5.996611774041177,-0.18558350946088079,0.8944479521045177
0.6292887245183271,0.6533417360635827,0.49884617951806787
0.8676824618810187,-1.2320669482021231,0.2862915593290525
-2.490380742226944,-0.17754441485368982,-1.0846288237961272
0.02260639481052936,-0.6538036722126781,-0.7549653676410087
-4.345537222948906,-0.5624899051629457,-0.3766528781389575
2.4321286000514117,0.3865722142835843,0.6705384748327669
0.3674473121024476,0.36579240828665754,0.8062270052127137
-1.3049969194396334,-0.05931961747260659,1.2079130056977567
-0.32276454967935914,-1.8350555142448113,-0.7058610986021938
-1.5787370939134486,0.022454002488420405,0.04633408659557124
-0.013815161005247082,-0.6382933603455611,1.8155785997077765
1.2545673381268192,-1.6075964519914763,-0.48088907365272754
-0.6947624105124465,0.4401706147575087,-0.11186043055566489
-1.6979521350006646,0.17080189382500877,0.6076203347290899
-0.17392751380166752,0.2579487569811895,1.0154105778997966
-2.3730719334681534,-0.8796569315344779,-1.1860353554576732
-1.4513027957413804,-0.7151914153227225,1.5908929330628763
0.5110562558286219,-1.0551072985451004,-0.6907504170790123
-0.7962471615178365,1.087633909494475,1.3740489077893765
-5.00389415877032,1.950326433126951,-0.6421425614313581
-2.299071369426988,-1.467399932087232,0.7429089333446968
1.7579858696841977,-0.8271811246091646,0.7629685582886404
-1.992469464333097,-0.011501545505284127,-0.30426037985347143
1.6198888576078458,-0.27068690161454506,-1.0760592312805117
1.404504758450691,0.9143530041042457,0.46306962056023476
1.0217033391626267,-0.5319213548619821,0.18521617784601155
0.5422347925925229,-0.34911922306020854,-0.5698781399507459
0.9659828315874317,-0.2984251043402005,0.11802867218562997
1.3724467827766296,0.2227155587769415,-0.3283987442629573
-0.9846136689171285,0.563596711929475,-0.19127438610074163
2.5629922051429674,-0.9002362943740457,-1.190230265902119
1.2395249007873193,0.4478260772169499,-0.8578588834542383
1.353330036650329,0.17359234910367663,-1.5383650235407405
-0.6592180673942117,1.720608851343957,0.8222007920857941
-0.3743009696714421,1.5937392174805176,0.7271365367011403
2.3938137351813475,1.2482044090569164,1.0852643511116409
-1.2770248744433932,0.011568786844738665,-1.5065430475054842
2.497457523529878,1.7759807377457204,0.9721616337508868
0.07128161134237565,0.78683329942692,-0.5208532228905851
-0.30796246926477006,0.3205059370099754,0.8179253930848954
0.38060675180117154,-0.6127783320761266,-1.471308019234699
-1.8904378507286148,-0.712995855151146,1.5323169383906645
1.1824947159399477,-1.0081277064373078,0.5609219054705255
1.6020771455067015,-1.1071772421325017,1.4128989507321246
2.39229027883722,-0.468159895583978,0.035965671885574736
1.6173330680485372,0.1838854409021498,0.21172794660916458
0.4682513110440056,0.24493725786754195,1.7383173554885005
0.40593527761156756,-0.15448002323562493,1.6568322723136557
-0.0007707213254093673,-3.0332131596217655,0.4745737011923345
3.1479032420837005,-0.12877272767903244,-0.27689025244815607
-1.923282279956363,1.3490233938071345,0.3023863068164334
1.2348997972035871,-0.3574944543965221,-0.44482392283931005
-1.1072384712481145,0.4104380325022079,0.5408871039636728
-0.7604128627662937,1.336532430303467,1.3865298014638658
0.6351401017589519,-0.3703577413651883,0.06979025103517454
1.5855323606750196,0.05829443809802465,1.3263072461511838
-2.1607836889015783,-0.12562765557593097,2.326775648897606
-0.8527649096765841,0.032424698622434446,0.9385109638929529
0.22630632522267516,0.07519975262020674,-0.6739084124590662
-0.4269830736764123,-0.2906652614132206,-0.7463196450432698
0.9899890893816801,-1.359472478395203,-0.8717330252799681
0.32883831784370865,-0.5962727620048579,0.1268591516861251
2.3646456163467255,-1.1585713673790174,-0.5139835796506466
-4.029766142511467,0.5755456352847336,-0.37723205707635493
1.012334010859219,-0.17776757116644978,-1.5620638290289632
0.678971727755877,-1.8508460743591684,0.02296860804034745
1.8906833213749317,-0.34023404679632546,0.07503990833777605
-5.691430330302294,-0.1911634932741661,-1.7455706919168181
-1.2621585800263502,-0.8996052716543779,-0.6822536141959813
-2.684430336791416,-2.442814586223406,-0.4864918622508006
-0.25644806869808434,1.6497500227933921,-2.2345627220710376
0.02368946310182895,-0.347018399264588,-0.48058802356158914
-2.2362357424936494,1.0594782665712998,-0.18750579017285632
-0.4595020977098478,-1.4679035302100076,-0.6798473784942876
3.05648805336126,0.5223205480493729,2.0700913236586813
-2.6279257167453567,-1.1838867984298937,0.694865924651805
-2.885474484800165,-0.14975090810627967,0.593156033058233
3.144311647467526,0.232638428176991,0.44672772792711024
3.2400325812878172,-0.5505097664540375,0.2101894864985101
-2.009628675686086,-1.6126142915920039,-0.5149889747623079
0.8303093294073653,-0.4602665805979956,0.19401520457549615
1.3330307479073258,1.0138575580284834,0.03734415446824202
-0.8101169303167458,1.1862051394527826,2.254072917324345
0.7395660960179071,-0.9100975247052364,-0.6215749460353072
2.2789834635148076,-1.1693413880888577,-1.099536055903567
0.7648979168571343,-0.856496652027458,0.12365317052814315
0.7596817690339356,-0.1875641263968842,1.2879616598257504
-0.6664842198528808,-0.18442358272507653,0.008630585889516922
-0.40545989512296815,0.7124200593758824,1.7103402234746512
-0.37997380991975876,1.19433727570446,-0.22060664017156714
0.8185925531505592,0.48022636536587426,-1.6916259739909596
1.0180333455306114,0.77089565563911,2.458207528031739
-0.10292401338611676,-2.3354879154874806,0.7549641103144259
0.0587961018438599,-2.9961325376101917,2.841448300622463
-0.16044896437342346,-1.879644388592947,-0.35065903433687745
-0.16044896437342346,-1.879644388592947,-0.35065903433687745
4.037266795227601,0.019929264135294132,-0.509909825171978
4.037266795227601,0.019929264135294132,-0.509909825171978
0.3011905863414538,1.1122188033011533,0.2350614647613998
0.007135827851801247,1.0095872047513568,-0.4054152043263499
3.1627373960029317,-0.08432069295646988,0.7750424883622221
1.102610992406594,0.8428801451951893,-1.9205480618020148
-0.7924675970219943,-1.3897910675967788,-0.07664570580257968
0.6961405175543348,-0.6143044555700978,-0.2699477074250143
-3.6467028599269597,0.6956630124853849,0.5118617981801127
2.5178379283269687,-0.06405585853722721,-0.3317270201583795
3.403463558861146,0.2720755638026782,-0.8764096220383298
0.3010288010192236,0.8467204492674666,-1.3646486593680518
-0.4469855492757835,2.871198865962425,-0.5481458332528998
-2.2333164628078297,-0.20159065344795607,-0.5931427290920258
2.251487238484562,-1.2895257978866002,-1.3830251024459228
1.4394650231871358,2.048713056211369,1.2791571100218824
-2.426071728644559,0.6111585924423271,1.3052651003763251
1.256983433701785,0.5044263739583402,-0.40495684736447884
1.0132024178077643,2.4816172307948383,0.6955884003265904
-2.0810344543836137,-1.6456188848925979,0.16008366940917498
-0.16738100686002422,-1.8681157666570303,0.8042564136219819
2.6128156817582355,1.4296919187745871,1.0357589987731108
-2.6392506068834356,-1.6871751515333322,-0.5887061657782345
-1.819355954311662,0.9536408678939783,0.4792152196926871
-0.7503491644004522,3.295983969338495,-0.0640171968037245
1.629003408454866,-1.5353490613395109,0.272444409111431
1.4525369559830377,1.0379221768069138,-1.4361307006603494
1.2295601701272714,0.4306343184425305,1.6146423851053537
4.930180302012144,-0.9976065874224831,-0.6198219313996068
0.11673899634704425,-2.0648825325390026,0.456729584857858
-0.8735495403642104,-0.4143377453940494,1.6393196355292867
-1.0757255755580457,-1.372953374040767,-0.8398870345526374
-0.28435109942245035,0.9848990105377615,1.8275793772652067
-1.2186746967904427,0.08870553480182652,-2.2183843620972397
-0.881883936465482,-0.8240404078519848,-0.021737459192790253
0.5343419127447759,-2.592895606391273,-1.1747927918810874
1.9460895146477322,-0.31576375635479387,-1.6387066068060552
1.4159390300978056,1.2001249441277329,0.9127269168060261
1.197012118242916,2.075529119061452,0.5080336561057905
0.7546520518068892,0.04904346498359411,0.7045740094292586
-0.17710176503637537,-1.7752768092755014,-0.5704219766837518
-0.14248934990434228,1.5291459294061076,-0.6076550714780873
3.5172726569449067,-2.166387023721255,-0.8277803646655608
-1.73492380038639,-2.067513694565336,0.550590625760983
-0.8368693797478121,0.8718624280678091,-0.019055314264283984
2.9066978071892366,0.327613184888547,0.5233968027722479
-1.3040476665625103,0.2739326172933949,1.1178716562306594
-1.5498144889041918,-2.904130972556427,0.8206114249751827
0.09873831112682788,-1.3089551768958887,-0.8304987164195793
-1.5189172449531245,-0.6218079023452183,0.22216531096764958
0.7001376866233334,-1.4169921282697013,-0.4132153292545809
-1.1603135358108125,-0.5405798215258842,2.129255211944614
-2.0941535301967913,1.0544671522938187,0.874629159809572
3.0172426086934188,0.20641728975753854,0.5526322100318248
0.5110610681911385,1.6103954681355763,0.6747693982076285
-2.0779675175462238,0.30348727458852726,-1.6576825512515185
3.8543254994615754,0.5955233693160797,-2.5648934650369775
3.618096786195052,0.7937334473101825,0.10849366168669285
-0.9458127951415425,1.410143733399518,0.8180254526790447
-0.047003501812729054,-2.6876591760287063,1.038879787752317
2.950128984163498,0.1537527108217082,-0.19132314843566586
0.4487788261853836,1.0404442577156159,0.9504366410133188
1.822347243036464,0.9753535022925198,-1.4232885246896152
1.840586220860814,0.13229422408357205,-0.9778090293412184
0.2633591539257449,1.7959803414554096,1.5020577450552748
0.02577476700025199,-2.1785720138681555,-1.1811556835120363
1.6798552116769991,0.2969513579938037,1.1171929927021556
-0.5729920085389721,-1.2139327667000455,-0.03233505813811338
-1.2924300900592949,-0.7605471875880796,1.3196334358540838
-0.5149743657700045,-0.0757263214552313,-0.9446516662243375
0.39168015986737603,-0.9197655191086526,-0.5142377265369361
0.5501273788549405,0.5441800659998993,2.753319838019495
2.459196311259131,1.2479549249453699,0.028368380301401857
-0.5657878691130573,1.7274427348350434,0.7792107255274332
0.810741436740139,-0.6608001175829191,2.0432692901727623
0.005762925265825318,1.0675798159137706,1.933281114168302
-3.6361155611289133,-0.9138052730187419,1.2411790168479602
-0.2893663027514858,-0.3664959438283433,-0.16960025724196087
1.133024329640258,1.0215972510262596,1.0292146434282219
-0.3205714762126987,2.0967769023417246,-0.36455109063997504
0.37753091282468637,1.2296628334671216,-1.5301583851397675
0.26738493382718787,0.5270971056708672,-2.5862287154800505
-0.39237615201645176,-2.1413490157386215,-0.7688014022683651
-0.6427683651853707,1.4228529277467186,0.6533255832295942
0.9401189208580956,-1.1189088032055134,-1.9166069270802066
-2.0387450243217193,-0.22536492685750112,-1.1701367418590625
-1.078242815397557,0.7286471918920712,1.498644654223219
3.790641974839819,1.8589133806152083,0.5210500172123598
0.20467914372988918,0.9260188985685738,1.0164970486958433
2.116950881774712,0.8864666340524696,-0.5105189498625191
1.4624792994366271,-2.1405099741018283,-0.20924006668540993
-0.6410326930116502,0.443571934873611,1.0733934256977526
1.2956594369311294,-0.12754761534036743,-2.0918757163408657
-2.1727883089524975,-0.12829663067684846,0.6497782618654706
0.7220432104170995,0.3861218366009277,2.733150228433009
-2.9110738572931147,0.4879929256449559,0.035372287024411905
-3.599068925281882,-1.0910255091629675,-0.12426041207996236
-2.224182392758137,1.0170926551028958,1.4120574954368663
0.8288584509178444,2.113941681050342,-0.37474074809294927
-1.1163358871251738,0.030336969666025834,0.15737460606523157
-2.954073370859403,0.3037658838171432,0.4155884989397385
-0.049998346319621564,-1.390365073993726,0.6600172282432474
0.42593013569820914,-1.1294265069442133,-1.109228239717941
1.992054858353604,-1.0173364041025739,-0.9872469689247834
0.16035964257499144,2.2067446954640237,0.4590440155483856
-0.4758772851390337,-0.209042218762613,-0.15400306690761098
2.0949870119677887,0.8125246760807008,0.410426500426795
-1.1782933316645192,-1.1832406080641071,-1.056357267626399
-0.12489101815810034,-1.2807499580843726,-0.3911362094394802
-0.3418976121729686,-0.9135428845600249,1.5670732457178451
2.4122281941540633,-1.9035080024014777,0.8133727636523765
1.1188600074526158,0.1920941804376985,0.8315236793587497
-2.3570388606260915,-1.559054068312373,0.05597205600956013
2.3768176481435415,0.40285756081679347,-1.1355350264166102
2.5651165215290535,0.41092827749610505,0.32758385088883146
2.5859578035555795,0.49653108846730837,-0.9804322956234187
-0.7720549863591273,1.9765052672764145,0.21734919956129586
2.2511393536691386,0.6036722936282847,-1.237503792305327
1.4381205510269564,0.4318693796239858,1.4253225147047035
-0.5931194060070057,0.3541537899523943,0.4919436405418725
-0.43004043652788065,0.6372341396238848,-1.854729804748551
-2.6810592561016113,-0.7813555778308511,0.9974430531041261
0.08410636890683472,-1.5345569773568417,-0.8715451389990903
-0.8569341544260123,1.1368946415886032,-1.3109757815851433
1.1853473935254712,1.853143565112427,0.4378493595674719
2.6850945119555942,-0.5134610256781122,1.3268500262988292
-1.1614727017376665,-0.6811395693844922,1.584858477533522
-0.034847234552041854,1.280698947857734,0.33232575568994693
0.991326789512722,0.40117188087994055,0.4477312483638253
0.3404008335202385,-1.8187354827614979,-0.4201046950026067
-0.615997419952461,-1.3637583884828608,-0.8992468676030616
-2.298496758753308,-0.3027945221301986,1.324997961776987
0.7253015712814076,-3.1846793593575016,0.963678449255907
-1.5349242884524896,1.3516631722264205,0.6025556003519975
0.30844034960692784,0.5364488978784067,0.11897842663142841
0.8892096538791291,-0.5348572466188409,0.3518589518477899
-0.06765475106673464,1.2598190444690829,-2.6470231304344765
0.2600719798364389,1.0278378913883368,-1.4064163555638578
-3.3161397616320847,-0.5210071356276715,-0.7907807573420345
0.7253015712814076,-3.1846793593575016,0.963678449255907
3.6161693187054094,1.9259997424334363,0.8020827070694052
1.612917296416434,-0.8168712452476118,-0.4298534147075554
0.5955627790408972,0.024334766664344632,0.19507098644239693
-3.8676491499510766,-1.0030683692103115,-1.3177198003807682
1.3609783923544947,1.328770574870077,1.1950385311294387
1.7783537563348017,0.4569724629200894,-1.3649430519782562
0.4181027145262036,-1.7915455856424078,0.10182617510322442
-0.7897126617156499,1.695163524369642,1.8131186416185094
-0.7506373574952261,-0.7002664093249981,1.370157149707726
-1.196533357059471,0.09836159528351054,1.2331207349826447
-1.6046715549191848,0.3373905866139541,0.6396724598908629
-0.5595025353108715,-2.96713458387682,1.5761632347858459
-2.788616078888279,0.6632509970106721,0.4684700184104151
-1.0834545437460403,-1.6228233946307062,2.8740826186169306
-4.1184186847366915,1.7673952079275306,-1.367550613889947
0.7681568705770492,-2.1088212410354332,-0.34013922415997655
-2.757509803865265,2.2213262845532555,0.06678101970633506
-1.1213848223738525,1.113143182546593,0.7460536928231838
1.1162871543001838,-0.24812542937876375,0.2790547150345298
-1.8107947697674451,0.8809438854214799,0.12632677319289537
-0.860166351448235,-0.015131281869299261,1.3134258452155814
0.058127446187684305,-0.5345641099997068,0.5273542101775952
1.0430254350557595,-1.3932321891189516,0.5856074332667377
1.0150913405379356,0.5801168934127455,-0.8135778134940788
-0.9712830550359906,1.0740415486703019,1.2069209154703209
1.2517655645446684,-0.39647202833638323,0.4817520350571465
-1.3161900248604574,0.9713416729455916,0.6418398816760842
-0.8331042256242992,0.004180874765179461,-0.7290219570083304
3.5255995542991867,0.5478327217938699,-0.34242431886066
-0.2820594522509526,0.9655318237781021,-1.7647870084182493
-1.5484754683291337,0.4083380018818544,1.6868280907363615
2.2237485132605834,0.8277652114336645,-1.512564857015357
-1.6601545501719015,0.8271377854170929,0.484479543401665
2.3656173102112366,-1.2872145460229876,1.918588336109375
-2.573341357285996,-0.049892982729521584,2.083033616479578
-0.578104254823859,0.22075068731746278,0.9183754915831851
2.2178845388367554,0.387323640757836,-1.7840789233113412
0.744079684011398,-0.3725167491383483,0.37031957397480747
-0.3031048469145219,-0.5241572843909915,0.5943463890875672
3.464926007718482,-1.7765363530426992,0.15432499709568367
4.16352984377448,-0.22138065909161533,0.41601195047787226
-1.5816340415235595,-1.2876630829927924,-0.368660215956567
0.4452487701843042,-0.2740371896286079,1.5238484583395402
2.6646784237130716,1.0975932399553718,-0.8750334294078786
0.016453623113875583,0.7733769148149543,1.316566887393443
-0.713871889155614,1.174836400926024,0.929947041718626
-1.42273557993764,1.3770614830967216,-0.269675147529207
-1.1696389599260912,-0.9717319366104645,0.2331498240452755
-1.4106551807978296,-0.4449824302910696,-0.5609259953962142
-1.1882336437628649,1.1166418160838267,0.4546054423939619
0.9349487475199981,-1.329120707025245,-0.7909772660868057
-2.246348589058926,-0.5082392741660736,-1.0467420224554218
-0.28248994326707605,-0.21984933905546217,-1.324518001181519
-3.574783822972866,-0.7748462456115478,2.3165314002414186
-1.9299373574089178,-1.2616300980348676,2.0970735560034184
-1.761783797895219,0.525792335885044,0.14288998441279765
-2.264321132100835,-1.2007020329432672,-0.3664906503748929
1.6316682567205711,1.252110918319622,-0.7020456094667207
1.8974440758660798,-1.3364792661526226,-1.1107293455130118
1.4025216887873888,0.9322314343970186,1.113571454429965
-0.6726619508958226,0.5350911745839289,0.7209540092364092
-0.13550114047206727,0.5485302078896405,-0.8039474740859192
1.4591924104922411,1.4984882955284389,0.384741195175344
-0.5941820395005053,-1.2854096074442236,-1.2546479091781007
2.3515924434498303,-0.3923991448147381,-0.5937933878618066
2.3515924434498303,-0.3923991448147381,-0.5937933878618066
-2.0369425697178936,0.5478297570136477,0.18270308776675093
-0.32968848987415966,-0.7841439444822879,-1.725159610519971
2.96329330823447,0.6099208146453625,-0.07621908379216454
-3.7545132898124742,2.5173585689162596,0.6793139860593399
0.8031317485441807,-0.6456517964212711,0.433902968766699
0.5136818263934507,-0.29016142470746836,0.8970794642061126
-0.6142115185807674,-2.085178019070082,0.32238714391587486
1.6536201937942874,-0.04631137611783535,0.2580217031823227
0.09620510191762299,2.3733583031028265,1.2509587958434898
4.883197131516165,-0.44115274106790825,-0.46607319385654444
-0.742395332484802,-1.0277081268219717,0.953206385573561
-2.5097448066305468,1.3539613359098237,0.550888541281041
0.2590143426734021,1.2360438064863766,-0.05566593475105721
0.16222473948417507,2.8542943489550634,0.3565411735705451
-0.07799632009763369,2.7682507603062354,0.2112783178877876
-1.0567151942583906,2.9028539861176155,0.49722256052480523
0.9068318091322426,0.21185965960082134,0.8858930822740348
-2.0373201309840168,-1.1074551179764296,0.33624385344232427
-1.264602988171215,-2.8043636090776243,3.5281035779546372
0.7816106183905905,-0.4712082708220822,-0.45937041935385164
0.6773601119892997,-0.28501398968448505,-2.0613941679016308
0.046527176296887726,0.7428595418683746,-1.8928996425170563
0.16986179721034775,-0.4575732483843133,-0.09178527510240508
-2.5064414813936824,1.3173239081987942,-0.8570667842264937
1.087795126799799,-0.6132535410852908,-0.8373099353031155
1.272377280793834,0.5650909195921852,0.3648594947873822
1.532215300488508,0.4706813718732879,-1.3416740861247825
-0.0585445454149823,0.011621468241645432,2.4336988077379624
1.386451807705452,1.0166465521193317,-1.0749123029136185
-0.6725781731103493,-0.2782791385438434,-0.4037242405041215
3.1025435738122393,-1.0850005750390048,0.721505857383679
-2.145985003729752,-1.457811615957932,0.059412257942111
-0.9041657576029045,-0.17925817759890358,2.2266031925955936
1.1289533579749091,-0.5703819787216559,-0.06656583606983296
-0.007975113631367034,0.11234045158130497,1.1416463162284802
-0.3054044116221131,1.0094679889771416,2.090011599584515
-2.7659933089970177,-0.1264097512124412,0.5563830443949601
-0.17929956221786802,-0.6895806524980441,0.4187649090150811
0.793800407515454,-0.6473524866828518,-0.8479938038499245
-0.6410688177183432,0.6569180198033122,0.10854476210170909
-2.5756015159981445,0.813613800003651,-1.9342264800834852
-0.4017735668985138,-0.6289552573306028,0.44086796636426817
0.33496367792443715,-1.4583540087321603,0.6734262108785495
-1.0511620321040658,-0.052441165217550746,-1.0680413973549632
2.1272473190108117,-0.750219696801362,1.922477275184389
-0.7872467808927844,-1.813006558600498,0.11960224250913525
2.1423791380149684,1.9664448620468113,0.34641882742380564
2.5329701211953304,-0.19105620551784652,-0.21400439835024748
-1.759606501864206,0.5770158368262139,-0.3709289492421052
-2.846362274515648,-1.6354189302778002,0.7593197723645245
2.71293970647177,-0.025893195962670302,1.9070253266970503
-1.66764305764998,-1.07824331136509,0.047095954153518006
-1.0323883465019972,1.1097790262715754,1.6332043805340302
-1.3585570130261777,-1.0208152753169903,0.019375509349353722
1.955262453471849,0.9426585624341255,-0.16859935299766934
0.4468830452778835,1.098240408695439,0.44604319321508545
-1.5011449837776045,-1.3240643256361109,-0.15981795748698516
2.7582285021974378,-1.3826074227067044,-1.0893532308913731
2.106736345656558,-0.3493964725888423,1.048270927119045
-0.9550524418635125,-0.2148548628896879,-0.9716400178935686
-2.402817579960383,0.23564707972811622,1.018977296833517
-2.6347355427466965,-1.5146825255590073,0.12059675815478564
0.6751698566790255,-0.7212909719626639,-0.8703589009578396
0.15902303287422828,-0.7236604073610554,-0.5168790600169434
-2.797319436970292,-0.9235208170152409,0.6299998883610786
-0.1345274776608408,-1.8200326231501638,0.0640078573063394
3.3646354760631465,0.36254575888310414,-1.6245226529927044
-0.742057453436438,-1.76619670839208,-0.1737769124100192
-0.26937766063574375,0.7007352160030111,-0.8283515818827922
-0.9297888960845022,0.529871864159524,0.9070886315684316
-0.3131284262873081,0.42940304704296395,-2.456383040081905
1.9320039662731112,2.257604221917274,-1.0041553736003637
0.13674716111592575,2.1228437080176454,-1.0661040116707339
0.4245158173578578,-1.934849356345782,-0.17128383161979285
2.1305206783090163,0.28282640030497247,0.6399291908858843
1.963720241268451,0.2694379235240267,-2.2568524797584413
3.32607025251016,-0.6908758519859661,0.057334166203957794
0.6627031904950933,1.6579845404065743,-0.6481464852559083
-0.5392642039614653,-0.7591215506623328,-0.3431072710826057
-1.080551443318628,-0.16721915291819503,1.9879831428786572
1.7748289112417956,-0.5691255744552396,2.170187071839252
1.4746748323563281,0.6727805389278516,1.223493079469924
-3.927573192709866,-1.3661047571980989,-0.9149545438735245
-5.532831769203023,1.4874111152173835,0.8648132660820178
-3.7471376136845587,0.05434308834518274,-0.9744935620430223
0.7113010721122269,0.27348511795313385,-1.2385304581046492
-2.2338279243756993,0.831025242012339,-0.5602809832473347
-0.6333180173667821,0.5592432254101052,0.5226186680984304
0.7715354416974701,1.5059706622741655,1.9306453189646864
-1.6412965134064996,0.5353568476452666,0.47668593617730737
1.7464850126091902,0.5722363663603134,1.2304556621471887
-0.574482029735137,-0.0014315137037092098,-1.9153045539314737
-1.5367208048902408,-0.3167615115461089,2.7296170001084357
-0.08816812059408949,1.7207501195941404,0.010012974435609527
-0.433747471710227,0.5871211997653912,-0.5048721526011266
-2.292926909185768,-1.5505098594264868,1.8179169297613422
-0.3858955058772593,-0.9309864716282407,-0.4819538842155441
-0.791577950993714,-1.173385180073282,1.558886844142229
-0.4005590255740535,-1.0051393881554878,2.2439294905842764
1.9378365770213013,-0.07279008254192121,-0.36376209580297464
0.10181753072988499,1.0398593188164487,0.1241285837398963
2.8303972520060316,-0.8620501680038534,2.4370306912789874
-0.8154957933516963,-2.1091168231191597,0.2647463259307395
0.08861676318509884,1.2464667298629477,2.4378691740436986
0.18557413846812612,0.5345435080588204,1.5305236346899551
1.1808010324269844,-0.7837519002252366,1.08872657024694
2.567658675624615,1.3180043817815592,-0.7812443511835008
-1.4340073656075023,0.3239570276651629,1.062205882370619
1.3744259978374953,-1.4383084321542563,0.2212414875746478
1.8565461615803347,0.6307043220309365,1.1491607973154128
-1.2674893385785306,-0.1587462266801668,1.0391131243881047
1.10359577152086,0.20743086156569,0.4327449606608523
-0.885216106259636,-0.7303567354693558,0.6959233010327114
3.815874047826356,0.06856154975988542,2.043398278766663
0.9182816458730744,0.3646635433147104,1.8365028155392895
0.7469754442755574,0.2096418508900779,-1.4725894267023654
0.8272216122557482,-1.1406510653674198,0.15189960901252395
1.694254846036054,-0.11149748975721424,-1.6224654778921437
-0.7727483027415122,-2.4953046524073317,0.059723169860241586
3.620461350472428,0.7557618195859327,2.132492719703446
1.430185619616878,0.7603423702992742,0.9311172304961401
2.021008927949799,0.2581893959541829,-0.0020684326433499304
-1.2703959259796331,0.1530310283807634,0.8037555348204894
-1.4990601621612716,1.9381813142300186,0.6065631162235174
-2.2086261234948767,0.15182205612309232,0.5172824030291971
0.6796236948479992,-2.568693759938785,0.28542785896910794
0.2982658916691807,0.7505132555589022,0.6300700890687612
1.0203087428987871,0.07175050346708287,-0.3062696047012893
-1.0512403296829633,0.11725137505924126,-1.2655405915670763
0.20445208954737987,0.07724278895500852,-0.570843662566204
-2.041478567723958,1.590493907549298,0.1428513286689702
-3.125523791007868,-0.11850608546693447,0.5583878230316696
2.27520190080628,1.6497611145874294,-0.7917888655998604
-0.047717352762447034,1.607992565532954,0.7103903506950635
-1.2496876785289217,-1.9430595199312506,0.048907824270919976
-1.8098198918438466,0.0864489313404131,-0.9888551634373844
0.11233191505341718,3.032378391487604,-0.5009957390082007
4.673028353673893,-0.3987259723923093,0.6701347417707685
1.1343342684992035,-1.1781165380970966,-0.2041963428519807
-1.266463222035595,0.43662013455990123,0.19508751364806734
-0.5699989564250406,0.5451050114860919,1.0444683160219317
-0.9332991013851436,0.5975568175455976,-0.39905102361955413
-1.4602723267313718,0.4791743656489635,-1.5243503963840435
-1.3156281723192629,-0.5625061587514342,-1.4714646903086441
-0.7363860911348735,-0.5708817283056963,1.1381170916755796
-0.35330152384757507,2.666915418792692,1.1793927594424645
2.7316099510571723,0.20568482292565396,1.765125917466204
-3.925230624578683,-0.1805462568534837,0.9302006623292854
1.731815745882911,-0.23920346621518554,2.708434360913704
-1.13379849514082,-1.7021493021352703,1.6918050639040458
-0.8490489310813313,1.5955634603411264,-0.16016302413145644
-2.616656379735557,2.2527180746862774,-0.34089681705283587
-0.43582680808423163,0.43059739327615654,0.4719829040241113
2.632577583065526,-0.8385372958368913,1.0010402171194983
0.9385686736327384,0.9333783110041571,1.8239968750592452
-0.9188811524190966,1.2664293244965117,0.5476199561232706
-2.8789441772853466,0.3583560177674383,1.041239600759352
0.820766694163676,-1.1826142926090306,-0.585338040262391
3.213745294005972,0.1320518350244978,0.6435248591107217
-1.3153861263161284,1.0370264408265188,0.2035102450060882
0.061494442940574656,-0.04342995519819914,0.6889883420396328
1.0942817546182932,-0.5629884700072949,2.2617518573880524
1.5394507216250017,1.5289907421859934,0.5949637239630468
0.38350776937311376,1.1415193784109012,0.8931652539325153
-0.05681961147862183,-0.2240299179710603,-0.49115999353162565
-1.262824988562092,-0.5616180837442778,1.2565327101476955
-1.7328607745076536,3.225639414542291,-0.14204741058687853
-0.024195535956821602,-1.234967115699007,-0.09782042381696421
-1.0694643138753799,2.2785888457722208,0.09403354383238663
2.6667396725418473,-0.46591206047112893,0.345633815927277
-0.10700474655573498,0.7748230808327856,0.6127048928867102
1.0489871295458908,0.6815385899880109,-0.2790729906097596
0.3833198830551949,-1.1972506179967946,0.7731493149046709
-1.4465671460910527,-1.0931856654692067,-0.8625034408257801
2.0066306032250742,1.2551363618358518,0.4298007950013535
0.5669265078585285,0.5059551253914399,0.6579273582975179
0.23802039355959698,0.6238394852819218,1.5024079827703363
-1.0241574919947805,0.9531489164028265,0.798652022381429
-1.0095653934592932,-0.15812890559758852,0.2485586720247241
0.48912268738664083,1.5075411952949511,-0.0172882904671833
-1.3899199856442828,0.12975819622007656,1.0088871812331905
-2.078324355847009,2.4374153477187104,-1.3383862332749346
0.3849126703265579,-2.9607285789705453,1.5501504277707387
3.438777449615323,-1.0456055831969022,-0.0712373491499831
3.444844731102366,0.10585166719772598,0.48010124310651464
-1.3274484376703353,-2.0446098769364696,0.23795372386171199
-0.057380622064200616,-0.014384277074784438,0.9680306872188831
-0.6205188136016377,-3.0015829649428007,-0.8940736969146502
1.4904656212737988,-0.7881902926573634,-1.208041166078908
1.2775740804700133,0.15003660223618645,1.4191490156587923
2.082517395855938,0.6931357122902495,0.8425695184438055
-0.04277633474383397,-0.31623529627312363,-0.6415599258981556
-0.5298843363310095,2.065685514815894,-0.3632245575000582
0.4237702115457434,0.615217412267428,1.3859169541641918
-1.0845383497939938,-2.706799084511003,-0.08756141259526731
1.0809886169426275,-0.289982077154073,0.6130887320262988
0.25886276146667125,-2.541409629934744,-0.04691493226596156
-2.5777914371532233,0.7590598087040304,-0.44914579837203505
-2.5397068466618,0.4736962327504983,-0.13860900360635883
-0.36473699132226156,1.3909834926696145,1.5959494166381005
-1.4489487623810795,-0.1183529632572795,-0.7210354039367314
1.0576163410062593,0.11302151741517504,1.3154457509560566
-0.4989965534862015,-0.22937879409935572,1.0369278238952564
1.2569577743196683,-0.9391815220466853,0.24788745520584973
-2.330743901524617,1.2369306799003803,1.147465228187198
-1.6571842331809765,-1.8654413161448,0.3733012112456744
-2.457957968982744,1.2644772976861383,-1.1502188825253112
-1.4624131661882869,-0.7121577200851389,0.46504926354669035
-2.8523812325833617,-1.0592085261200108,0.21150956558463616
0.8916237045694572,0.12553054780432485,-0.47596000672581706
1.6547184587853088,0.9567966542281914,-0.577301337870631
0.8535841714843116,0.6698349782469679,-0.8821914281495612
-0.23925452473398484,-2.1877987198789084,-0.6934174078545217
1.805751755212373,0.020417347077241833,1.0890519913847247
0.4854360738221017,-0.6593645791317186,-1.162486034446485
-1.606155487262559,-0.672832423596456,0.23406382544731053
1.9646563757113844,-0.31421740130420284,-0.6782935382136603
0.5705342641683993,0.043219579917344465,1.1432088012647565
-0.5119293213677772,1.649987905620582,-0.5073408510015611
1.08206910672907,0.1756823098779598,0.4593835943156649
-0.5760034282082732,-0.549269589258695,-0.07662516428071306
2.289211046032796,1.1527107276089357,0.7490389171718228
1.5857094549010802,0.35386472625147286,1.876892724591034
-3.747403080789825,1.5769251918727796,-1.0335057201505347
1.5231360637184692,1.9553155240647502,-1.8280250960522317
-1.365964541711923,-0.3554094077910153,0.8232616593890396
2.752468770524931,2.2008507619655036,1.117337283583567
2.081226693048535,-1.5321878355983884,-1.389567379822089
0.7678524709425741,-0.17583585516826772,-1.17193485026556
-0.08315180417206831,-0.519766423102233,0.8422646107228504
-0.29445365579167326,0.3757989141890856,-1.0397892622460565
-2.457332723292516,-1.5674076667356343,-0.6905109651633314
-0.6523364817133244,1.267584249732675,0.3309156752645725
0.24198755002655203,1.843444622435964,-1.3731988927600527
-2.135773771638108,-0.9690931302940813,1.4639971264316696
-0.34928355110482956,2.8887215688972914,-0.7549157242447886
0.30441882425516775,0.5316049394190103,-0.3134277198267232
0.5625631948193481,-0.767436733113324,-0.06436835036034812
0.5866300835156928,-0.22074452919833348,2.1058500194319296
-0.5007439935348321,-0.48883791406676175,-0.6747534679344358
2.731280173500999,-0.7664846876534901,-0.32637015811724207
-5.878739147617344,1.256064210937102,0.7150989768043923
-0.3557908001491933,-1.6023571651219999,-0.290411837688962
-1.7343383494096043,0.02346556341057766,0.9015975713505072
-2.126946328450523,0.026473246807610467,0.7435593427466758
0.798452763597804,0.5178292348182957,0.8168147308844086
2.1757693583968845,-0.7656836929816833,0.10184438008734409
-0.26895298200885737,0.6935235821898897,1.886921950700756
1.1305493397803257,1.503698941480441,-1.9008877925738348
-1.2401702167359894,0.5414388764820629,-0.33043615732145537
1.387616163840548,1.0946684899312733,1.284117477896798
0.19768802519742315,1.1161485882411366,0.9107431149943084
-1.3848528923283439,-1.0322646394082282,-0.938824931847114
0.6841699899995002,0.4016171855348499,-1.6169464118178827
1.9377045569821425,-1.5252837538099746,0.830250425538142
1.437953118444743,0.23580155542910877,0.6609309298428884
-1.5461100355662856,1.5631932991859596,-1.1709063026603488
1.3724082649566982,0.24554110185433708,-0.8688009012078923
1.3924161826954644,0.8602302918207565,0.48424109254839226
1.774080362500905,-1.2169015577592561,-0.6296514892991726
-0.004253298877255663,1.0905982038312414,1.0904691906024275
2.9253158740820218,0.6128513070636495,-0.23905259888045088
2.314445420782508,1.8218567398463226,-0.5435992374165959
-1.2020258243384376,0.036451083366008934,0.8748423251798199
0.022827597135407506,-1.8532980370023107,-0.05533485413219553
0.5284531877070789,-0.06508687125560848,-0.47606832219207423
-0.07741613793093767,0.2196872659682175,-0.06566022037300619
0.964581611755032,1.8095882474687217,0.22881267995048907
3.0772688470440883,-0.7404564542763706,1.2965271895259742
1.7174633302034892,0.10686942253405089,-1.0647973054548663
1.7548227822215634,-1.1202462028323634,0.1643848775102787
-0.3476963543185801,-0.21904217740715443,0.41424525201703183
-2.46021716677918,0.640448367746259,1.8340696027659122
-2.125919418290977,0.9108009497485813,-1.3548609751472838
1.8580423066445197,-2.0409082288742684,0.1625930253459667
-0.652999622787086,-1.3745797844391103,0.03009154934158148
2.2384109537977968,-0.6762481149306998,-0.8895195013224054
1.4107898763111062,-0.5636551722117767,-1.2109631391096756
0.17131787291055092,0.3658086621645687,-1.5504788428814769
-0.7204877977448712,-0.6606299642492627,-0.532564784105651
-0.8776220384262987,0.43040449642645207,2.077454371136481
0.1785701918534029,-0.28437383591470805,3.5320553731784847
-0.22882100228404145,-0.6002445475226942,-1.1063911334872556
-2.3125791848955246,0.5179361275643821,-0.49153167439837525
-0.08995979285022992,-0.38079735668786735,-1.3982592743493079
4.1479678954829495,0.5217081619754227,0.005549558661883596
-4.401208386713243,-1.1492391406651716,-0.1361461110570544
-1.8271658776319772,-1.4501983387548831,0.33152500244775196
-1.6189639845780126,0.1890036809075308,-2.322850724955888
-1.8010941818375235,1.5359763897382805,0.5807771556384783
0.026634163934535215,1.1172596515845066,0.24190896791191127
-0.8398736140050689,1.6692582782553702,0.9458574676998486
1.0937082057524343,-0.052061543488267116,-0.2718186665857558
0.6819916975819125,0.48429737632838743,0.5528880242278083
1.2397000815145618,0.4418305212676395,-1.0347328454631797
-0.34478079326449546,2.251773187223558,0.5727972608936502
-0.864123763989145,0.4104872608629753,1.0160691026700102
-2.1154382434116976,0.11223945668503292,0.5273893476842478
0.7718634266766989,1.2866232347346287,-0.5718124800902079
-1.6006669283385275,-1.0887928768421848,1.0083091602055536
0.48606188767948855,0.1337231581472534,-0.8893006274618933
1.3147205264521642,-0.21834051777413785,1.6232748502610883
1.1285958900769657,1.0295299560880191,-0.5047260101737678
-1.2119267137684226,0.12157130557088709,1.1474682767375894
-3.3964049260471194,0.7094144047109073,0.2793498738245349
1.6290094893089229,-0.8843215219855377,0.23245324045845964
0.8422342840496655,-0.1514226423914375,0.9304185258541077
1.2345775214102763,-0.41322759386628044,1.552257019187914
-0.49387518732797686,-0.6037345559887546,0.9967570405620191
0.8621723034941874,-2.349499546002525,0.028833942849363435
-2.1775629641645367,0.2559819070563653,0.06088497038787168
-0.2380456607685602,-1.0621000779260805,0.47386527167064757
-0.8582592345205375,0.8558607254133962,-0.49505728786194314
-0.7733932815050522,0.5143246260132714,-0.029964799195525874
-2.4265223121771844,-1.0093023697035037,1.3583078305130916
1.4059681915948337,-1.926651478295128,0.9959697946312503
-2.1701024904336297,1.54650304652024,-1.8834665657218008
0.8226201800609908,0.5240315394408259,2.3652246384439164
-3.6419704694820974,0.6281250888218708,-0.9176098424329796
1.0301795665069162,0.1770167089091853,-0.41984318779171353
-0.9024829871851754,-1.4230891525069616,-1.5147466646373575
-2.467362133354045,-2.6076114140322755,0.035028858745082374
0.7451885659233548,-0.454162986064107,-0.44502142793371097
-1.6847353611349387,-0.1624948840141297,-1.430927688145832
-1.6136550953633937,2.1782241322790266,0.5231754521067405
0.8181164318181268,0.075329306315603,0.6451276991782777
-0.19667462891883297,0.11578850789887571,1.131054825287018
-0.4293576137791163,1.3335079012895865,-0.32327678485148015
-2.3517862912818472,-1.2087016003264777,-0.513878702643307
0.006490659259283362,0.38949333813492365,0.2963605329990893
-1.1899139812184896,-0.7186477380440989,0.3087033959352809
1.6295342580958705,-1.7495650651107726,-0.8060259475372408
2.0744286679357873,0.12223570382277792,1.837573704178859
1.5207783517593372,0.2197633430353536,0.9902822929858938
-2.4612523013346017,2.224510980009361,0.6885919788671782
-0.5045398970648789,1.4137846856691092,0.24146356231139826
-2.2340606258653732,-0.5905673151609382,0.5501153146630516
-1.8202871597147277,-1.0726687750767965,1.699470757862318
0.9086686541316732,2.1248897566489378,0.49958346671690246
0.17192089345424963,1.0953038384562264,0.009601923196042299
-3.6029796351088015,2.772276468871819,0.7134475998104896
-2.3031333068130633,-1.2707168343596535,-0.3723718389873266
1.965707471662235,-0.717993464295255,-1.4936926302951776
2.130458539738265,-1.0098632568928336,-0.8784544219679583
-1.1141223795986344,1.5531944456275308,1.5210108306166954
2.972350759282743,-2.0723318184449884,-0.3914362294836157
-1.0407160163228866,2.40250044939631,0.23223870933574065
-1.3970841803049756,-1.7073937435937254,1.5432666488946916
0.3002413195564386,1.0466305671366851,-0.05600064607967643
0.006673446483101677,-0.1107358200099403,-0.8646758231709635
-0.7970298947048046,0.04910532501108394,-0.3778980019972089
-0.6549308629327033,0.5794939364041469,-0.29642765359358697
0.8619704359033423,2.676287936544398,0.29418250613540686
-0.4121567023889092,1.4784802343327728,-1.3918684538312507
0.7059257005096063,-0.5610725498674082,-0.4104738605584572
-2.6750315814342134,-0.6492244354131124,0.0160929656875914
-0.335699215885984,0.017517365151501946,-1.0578998209311803
-0.15743604750638576,-0.9238385156791743,-1.3673238860414936
-0.12084695976483113,-0.458890609077561,1.5701804981469791
-1.94240096522509,-0.7557062403842079,2.3901492241546345
-3.2820998497127336,-0.4673438800676263,2.118937510627484
-1.194211768906361,-1.9665446535602062,1.5623994422359577
-1.1071999658181821,2.0537186863403836,-0.36978002295301604
3.905165904492205,-0.9870907683199239,0.6737900620783256
-1.8898244305285616,1.0125955611531599,1.4508549333769978
-0.35913580661905964,0.2980586269965244,1.9313662964991727
-0.4021328467882093,-0.6978739828687608,-1.1052105379220278
-0.40365366237615036,2.4841533421749658,0.24296040827171758
-0.5323127256086457,-0.6954895159110132,-1.3941034144992996
-0.43869021546667697,-0.5920617813808968,-1.4336907125022273
-1.3324767075908448,1.685807411709209,0.4590582905657852
2.361497320253152,1.3828028995574848,1.4802135730948365
-2.63823533509693,-2.168120375285114,-0.9631684959088541
1.2551372580476696,0.9924212937183651,-1.9744357379393573
2.3168232669023148,-1.1065365762352755,-1.024068700032633
3.350341154857891,-0.30494358560840246,1.0599601433906767
2.5053702127535242,-2.067849168633697,-1.0915366156138813
2.3422159336080175,-1.2030047699649018,-0.43820826099381427
1.2012851845902737,-1.417182136653129,-0.9186442332685388
0.0682893756361405,-1.7980897461815015,-0.5257747216267602
0.6005710675294583,-2.249543431295104,-0.11274732122381566
0.08400027246761838,0.22052567203130283,-0.7099572510278704
-0.596934732481981,-0.014666326136959814,-2.045904019151353
-3.384606668944573,2.060885587436317,0.036989341396939934
0.28677095661276814,0.6672616983284028,1.5798744690419566
0.19753932338128896,-2.5124188840077237,0.8255596358101581
2.703666752259744,-0.16708810448962366,0.6498939633692913
0.3140102671410676,-1.2252488764523666,1.3760375509098726
2.3621691237627056,-0.006714316554792964,2.3534338766572063
1.0295919899500956,1.4295826922115016,-0.15081850531386126
0.6278007777605876,-1.895911589701922,-0.6570462065451458
-1.3016822913907318,1.0008912244835415,-1.4503690817266484
-0.3244709825714399,3.2968539696418917,-0.2864109563179527
1.2689722980407787,-0.6290586498534096,-1.798617711844375
0.5104373562519818,0.6137990152566454,0.13214085743434603
-0.14112947410019017,-0.1502940211020026,-1.0546327585443158
0.34981566480292353,0.10764407621892899,1.7349596494488864
-0.19775572207719647,-0.9808324240605487,-0.06280903729883469
0.41146071022228536,1.014456050672798,1.3308762341354898
-3.136227337833452,0.9969407663045309,0.9591192322597738
0.6414525218869777,-1.213939499511482,-0.46035366796016547
-4.349319363085728,-1.9717378620363828,-0.664439534436959
0.24758882188389728,-2.304285414233983,-0.4400691645577567
2.2044580734756227,2.2215009841820095,0.46875940082398543
-1.7552901182722487,-2.1876203760230384,-0.6423551537220596
2.386220045853507,-1.0525833635028374,0.63382858635382
-1.1797069883786142,-0.4634976953620826,2.0728091025924704
3.4792634418479613,0.5708888021771924,-1.3741018541983112
-0.13929786763015772,-0.2652506148878349,0.8809183730688777
0.5553453674209563,0.18518492215150553,-0.6944194743624358
1.0247191863165723,-0.02530137876916741,-0.5236211761844618
0.5280931142072985,0.7875783753223661,1.9526003674818677
-0.8735139900660531,0.10593571085233482,-1.0991288064558107
-1.4413120454651784,-1.0436476177535625,0.7748898794576833
0.6761096273554823,-1.4574113616944242,1.1803345032219903
-1.4008074284834466,-0.5949170263373476,0.4190198600586964
0.12374693151913015,1.6111874863119582,-0.8566183928390231
-1.512783489994033,-0.8577198272629053,0.5844572388978116
1.8988301459166352,-1.1722359628750254,-1.2157171185524887
1.8940881441649344,-0.5554922708786248,-1.2017695653482976
1.40817478461767,0.816114464481999,0.30911142339093295
-3.571200437213299,-0.42004221953274506,-0.4549941406001921
-0.16391107293602233,0.2947304639776734,0.49982244416369503
0.9153716923190637,-0.6323461501867242,-1.7257832784916773
3.7642288977532905,-0.45038659507295487,-0.5328078110739483
-2.1138149927073084,-2.00793818316808,0.5784332130633696
1.4871344525855366,-0.5370333619444566,-0.6003288238741153
1.9442006936496223,-0.07301341522399922,-1.3607840198555563
-1.4627672175231532,-0.4650671027699658,0.24393200825424624
2.188000597388437,1.7567052968025434,1.6051603212020695
0.8512157451487925,1.7071233250407134,-0.1771292973750834
0.6474738403081252,-0.7813314163838538,-0.13776856333380239
3.319115738194335,0.6836440918197813,0.8571290233927148
-0.40294659811610695,0.8898653490019429,0.5208487561318897
-1.1369694606415863,0.3077938185723719,2.5821917997820085
-0.4239284621555915,0.10996376343188882,-0.4624085096706461
-3.6598982523954966,0.1120955280647943,1.0148145858698665
-1.9975809462974563,2.3315255318217454,-0.6385885578416726
-0.012250944926291215,-0.25555642125965544,-1.1370012179855433
-2.8822893626880726,-0.88959656421506,-0.9688437544109048
-2.6565271924909197,-0.29432340720592925,1.2603745234802828
-5.121849461314157,1.1817246768620533,0.9552683987865221
1.077964651495782,0.639632154485327,2.125517360518838
-3.1645481524821024,-1.4262671613468376,1.5803315611717952
1.156369035173519,0.5089494399468504,-0.5697540110637941
0.24105514409202503,1.4732404217109247,0.28705119095058984
2.490965223111794,0.9912711817482969,0.9074508048841364
2.32983158272997,0.15869289013526938,-0.023513228390922004
-1.0605749335335801,-0.3418326481039375,0.18391443524940143
3.0590908688003515,-0.13625559020937503,0.3288416310972966
1.4256997074961961,-0.047132047340339676,-1.2146007471813336
-1.087701543299983,0.4431983417562234,-1.4504477118139896
-0.17341858858315234,-0.2670394130886864,-0.5582404275152529
-0.2144452034851389,1.3514822585526067,1.7703765522123123
-1.1257681910356978,0.8034939774139525,-0.3671629191995321
-1.0550051508100635,0.028708370690029773,1.6004377535415277
-1.6075107271189015,-0.7450113355992639,-0.22548281544331866
-1.643246375255342,-0.3607456085163302,-1.3270013421015034
1.9203306477021722,-1.7045325985181137,-1.8567303475845849
-2.3011336476045754,2.571860273727204,-1.4470061769562361
-2.9723805649305155,-1.5871916653821108,0.171789352501703
0.7991690529847709,0.57290846358135,2.1547795491278148
-1.2194626861909657,-2.290213827868018,-0.7905977636841194
1.782279125847134,0.6489868693646597,1.6313167434718756
1.1279423997429916,0.17728888819281233,-1.750736281550607
2.5820380706299026,-0.3786562480092311,-0.27135997804201767
0.414783754643112,-0.7769143750573202,0.3572535949700428
0.33770993209426714,1.851228304577532,0.8578468311069921
-0.8386786992358772,-1.5630619704704563,0.4065657571181847
0.4015769157998954,-0.5971119996272604,1.6212857625437922
0.7612023853004163,0.222946390500758,-0.10158461723965283
1.927095777653407,0.6222698966771862,0.5652770370736762
-1.0283422787331893,1.2609458674785046,0.17452322108361795
-0.8244863069302298,-1.3690282317656461,0.15637271620452003
1.25339675319077,0.0410482458357981,-0.16673167954226234
-3.825791745297841,0.6612790257693081,1.1294293820410268
3.0827808794033653,1.5073783661650262,0.37388188986885434
-0.4004003132477189,-1.7797874605272574,0.5764346776456177
-2.5297922262940222,2.54590448735738,-0.758046416721734
0.3340542788944171,-1.5142077256890614,0.5478347928987112
2.1796832233719496,-0.05220303941274637,3.0488229279966013
0.4473555680238023,1.1762589219217385,-2.263537521783644
3.425353458887882,-1.0049498918993702,0.019858823267053537
-2.149698784589169,0.24451726360875467,2.5055641577324357
2.4864550236430625,1.129108306183625,-1.8915950647879745
-1.1459914998391922,0.4668256377292269,0.49337128656334345
-2.3725205409399157,1.2016582151034516,-0.8659020760334003
1.592361695230381,-0.21874898476169205,1.1568662867985888
1.9308318330459153,-1.5760261039012398,-1.0436206408974444
-0.6556834884349456,2.491375616404006,-0.2628574059810724
1.216646410145454,-0.9255663217665324,0.8823835152310266
1.2828084859516125,-0.2603566638972513,0.37423509389849746
-2.8854189600935074,-0.36568433269362677,0.36853520997259065
-0.6323979156432065,-0.12469635254494764,1.2751332875778634
2.5723256319367396,0.00540437644985421,-0.35460345975099344
-0.4759898298668964,0.22209925793381433,2.05848066786849
-3.0460433319426437,1.067463599184607,1.0278612686766673
0.79048141452634,0.18918960751626154,-2.0582555694855267
0.2095550038419899,-1.8930954123465147,-0.48175408016568416
1.643961397852186,0.43963973286917185,-0.501997774484077
2.160214985321853,-0.5749065068072594,-0.6039240265376454
0.7913744816639285,0.34211459086728363,0.36078736866676486
1.7561033735581528,1.4309927941955707,1.7834374954759482
-1.3587294437178083,-1.055288865641786,-0.6859347582784825
2.4547907706426844,-0.26519865837235174,0.5828050507974301
1.0759755417028465,-0.49138407600255335,-0.5912886397047075
1.6948597126235614,-0.6153486661977522,-0.8296048289038265
3.627401137694198,0.23310863993829012,-0.3701136021138824
-1.7150178373163019,-1.5493377418771497,-0.18574285434328056
2.149971168743335,-0.17825219100994194,0.5690248408617933
-1.5377655954753193,-2.5349919004581043,-0.49181618546096345
3.2809222813637486,0.4796965241317131,0.7979316097608473
0.04395560456704537,-1.5817494579659972,1.7940940961600016
0.01672549186149926,2.7840657536037017,-0.46166230029773425
-1.1296601624760474,-0.583907855310327,0.6435239813809662
2.489015256338214,1.9052491446602882,-0.1839690469759089
-0.8898638114929697,1.001584781212258,-0.47175548539171225
-1.418619403332193,-0.8393031480195855,0.4139681565603438
-0.869880227875578,-1.0247614393337925,2.3099078164001003
1.0954713529241509,-0.2031702215664081,-0.24943600043832956
1.095473937986597,-0.810094851555658,3.51497058416907
-1.912042941870589,0.4124011270915511,-0.7188972630340172
1.0395677117065865,1.2358378571214168,-0.5641689384371362
1.0888413205913157,-1.0675127643394593,-0.48595981534120697
-1.7110334333399024,-0.5543984649933998,-0.7919325628001858
2.839525893723824,-0.20664726733094377,0.317649902574332
0.6587793318686226,0.09433598691827508,0.42081907910259436
-3.5832399558115613,1.6428603556059864,-1.3150446249276366
0.35596595164228834,0.6995761999435042,1.4738246264425898
1.4861710118588178,0.20445153170111194,-1.7764676589999628
-0.10512319799779539,-0.6945242634968738,0.1367467129848381
1.433205821317199,1.7405408805186584,1.1334137115672638
1.8811613617322156,-0.8371311565684308,-1.6152834678500256
-2.4214026457693087,1.6913173131238208,0.3419227488918497
-1.504665376924519,-0.8470411107838531,-0.4920263021856755
0.27655238995620546,-0.28225379000700135,-1.2088861045344061
3.260769876949446,0.577805025323162,-0.0365383914541827
2.6831621810766304,-0.2904006258192414,-0.7133941637160705
-0.3898899738998978,0.3590710444796786,1.8168561051073464
0.7566737887189581,2.142068087186961,-1.5976661502997884
-3.1367440072996664,0.024320852222811558,-0.35939981308121777
1.721860133138913,1.1594185885309571,1.455633252659273
1.3437375575972972,-1.609049529216221,0.17588227975292245
3.238970300131139,0.47650555663561805,-1.7241067968988926
3.4281879455401585,0.23444452252606665,1.889391952821591
1.2894651549673835,0.6973553250247221,-0.7943535620144353
0.11936059012889756,0.28841529342330313,0.27267368062032976
0.3867750025379919,-0.9583753838741104,0.47805256562321075
-2.2064453067585124,-0.1725529358528823,0.8432993802723505
-0.35588002261964724,1.2770030149164018,-0.025598789324684096
-0.24666161699864034,2.371143063039996,-0.059773881723897776
-2.18194333844699,1.7023263146536343,1.4268316415914364
-1.0378467393640824,-0.4768991041848256,1.8530528007815472
1.9713701503357772,-0.028377562213568793,1.324838246094711
0.3416799291546246,0.05351164252524754,1.4973906686087612
-1.2901761604308428,-0.7713281463136723,0.08112783412834135
0.09872038158053595,-1.3281332272313173,-0.9655710634967997
-1.0079141759459158,-0.209234643493575,0.8608569311795788
2.887515678999721,0.3542796541727299,1.9706701871806955
2.230381469868458,0.6057377488172119,-0.6708645616544219
2.201939993400873,-1.1774379569785127,-0.6586038079986662
1.6355297062059038,0.47534985842590116,2.165016166576489
1.8179713933515207,0.09935355288101502,-1.007449156227872
-2.5424945542246924,-2.4139934066493294,1.002351248806854
-2.5109741717705516,2.241108763232657,-0.054027629251507926
-3.906811048568123,-0.936483118788123,-0.9694780222785176
1.277805198967324,-0.2914115956438837,-0.246084811310719
-0.7737038943074984,0.9551285670874481,1.9408883584762882
1.0660683904934973,0.6876046310061508,0.4139071263596072
-0.15607853822660195,0.3789889071006511,1.8829537372744294
2.8473311805090544,-1.4476274961393956,-0.11655193266110704
-0.7706292269951059,1.2340637818470686,-1.0705409774861072
-0.3925461870359677,1.2526443987391531,-1.0921020425614612
-0.0428439500559781,0.00291811954203733,-0.17130351790427173
-1.3366555648164522,0.6668735035120954,2.4118288659043574
1.0587057862205862,-2.12357834372866,0.5496301741094503
2.3757518428387163,-1.30993996599435,-1.5783594716323182
0.2380053456215927,0.5380435551140311,0.7160680252886296
-0.5567021984202016,1.3066183855483082,0.005508771610073375
0.8610254776828832,1.4554179326067136,-0.6522406978040342
3.2746255383186247,1.830421026888375,0.4917361458430067
3.5609186354178486,-0.3946353788645767,0.8215665588185571
0.4797409043756575,-1.1194302093354775,0.12114663211816189
-2.298561693259454,-0.6478221017248089,0.322975493850532
-0.6961869051040785,-0.6798505437952723,-0.530275339959484
-0.9748263438636318,0.08397726276672693,0.6001615149832762
-2.6310454100412506,-2.234028202929178,1.9723179512098326
-0.48443882040412595,1.1480408853895725,1.8825193286458872
4.279305358051555,-0.0019069125394877119,1.9483024724954483
1.5230402694493628,-0.7620579340904362,0.8453284106622898
-1.2285737034528228,0.46993697027421677,0.19252433140274927
0.36242867830876935,-1.4290830290704981,-0.20801373704129428
-0.23277651568844865,-1.380216183926417,0.07845573159771915
-2.110590818021859,1.2522808453092866,1.345137979205827
0.8686851557351797,-0.4001708323947127,0.8691323265956796
-1.3964159383555563,1.4616913688253206,0.8727786359913914
-1.3838180908212243,-3.1968056153805278,1.201134021316808
3.694303698236578,1.1068417503106516,0.5092896420699183
-2.1601402449016667,-1.5689097036605415,-1.2137828429061492
1.290819277453226,0.8649966549526488,2.096048023235054
0.0640481690959731,0.3933503782456233,0.9586566089297858
-0.5320364879558059,0.7298093502492525,-0.31108938780285794
-1.8247383052718886,1.901112554630764,0.4697474050672
-2.0720314624276726,-0.8596829412293903,-1.2867379379423232
0.20469730493676963,-1.0033707112044232,2.807383613586761
-0.8180040935997762,0.2921239345166101,0.08365920006392083
-0.986208122576844,-0.0114121234892901,-0.4641173181391414
-2.9380845691299027,-0.29798761182951644,0.15822821999247846
-0.3841261777749251,1.7343513961386554,1.211158811130226
1.1318049077743353,-0.6639251603223554,-0.9974590137266298
0.19607438895503831,-0.5218310644788341,-0.5165534101182279
-3.2169819298590405,-0.7320616307031218,-0.7685705855036383
-2.019177682694982,0.4406969215618519,1.163505721577698
0.035159312415887725,0.16682063862555127,-1.170694230585532
-2.277845873821488,1.8581471545456456,0.17943710725881068
0.9946961411191307,-1.0041301464868635,0.048433594151310516
-1.5118777339151976,0.8214498290763745,0.5602374064820101
0.7639134299648626,-1.713295469810837,-0.18143405432148382
-0.750831668970477,-1.4477082214622115,0.7739046857270948
-1.1581451667741633,-0.03640030179378634,0.721019712164653
-2.1268771052335285,0.6840944214035868,-0.34843785123674414
-1.48194077243557,0.6504921653272139,0.09653547624920054
0.1930234566447854,-0.8616617296989755,-0.4289084360680378
-2.2154253072088057,0.5504186565126556,1.008409387320769
-0.746115365718883,-1.2973251293634673,0.7532802152951452
0.19404159366560625,-0.5067664049366152,1.2847219883708276
0.6059231952702334,2.445253251205969,0.15651801325503295
-0.3325762244793051,0.9786218100600123,0.32086616001225254
-2.2725179612862103,0.63833018837114,0.48643274853846746
-1.340871214254877,-0.2546676794883879,0.8003772625039806
-0.4203907726507617,1.775346793637582,0.8949884798445625
-0.1036507135861533,0.5919405903631212,-0.15843331600426905
1.4008141865922863,-1.3581288545420167,-0.6796301519638852
1.3965343100953547,2.045333229049857,-1.0692389350949334
0.2874770933992405,-2.5011324769445866,-0.4637288782551972
1.8205696997052152,-1.208307069091013,2.262657187511009
-0.2633023698622586,-3.5971283916472627,1.2962441867459455
-4.3989448508076885,-0.4274891454136371,0.9527110350031044
-3.7684939878393213,2.3530704409301637,-1.1494876237585723
0.15652717047435108,-1.0263874335775305,2.9068385523229283
-1.3303529577829734,2.33927757359017,-1.0483723973698427
1.2601579627414679,2.2527324128021853,-1.8944336849817751
1.6402418072395448,-0.9748289510344524,0.7666231652435919
-3.2707926090527777,1.3395783666307173,-0.16877579045920169
0.36697927766786104,-0.1696626709793257,-0.7350494763434501
-3.4737652647104023,0.7782466613685612,1.9721949659840685
1.9350024392462613,-0.10867442373036999,0.20665076819690262
-0.27035595208643964,1.7216017812947868,1.130654619165338
-0.8205535698251398,0.9405487730030064,-0.18964435124915316
-1.9954719842016186,-0.8496154378923267,-1.3943417045562936
-0.011719908124867394,0.8723845318621449,0.4323942896252111
-2.8223268378406052,-2.5314768337061357,0.19330055437296417
1.4319602776562277,-0.7379953871412667,0.9626768155175672
-0.9527819493345702,0.7935773164082214,1.240818495395558
2.9264451938030955,0.10867461091429514,0.09683261556127395
-2.647562198263761,1.1808465266265964,0.9449674225742672
1.9864059990806293,-1.6291682419158549,0.2966675027878416
-0.8592560198654414,0.40059014812632515,1.534119170710312
-2.1391781906325296,1.9198790295711605,1.9468681745276182
-2.880735721821857,0.9047447771946899,0.9785548057239182
-1.2167671228431478,0.27190981843752265,-1.7109832275007655
0.8205253539036058,-0.1642670017711635,0.4368938072280074
-0.5097911006430134,-1.0398400953714122,0.802838061601159
0.496764071808607,2.363546111981468,-2.2254444438413583
1.0847412000661838,-1.4300549004260183,0.08691677178609063
-3.970329011682545,1.142969509024568,0.351440303684758
-2.242394597007086,1.9274739838592743,-0.05481268616659259
-1.203078562864612,1.6861654394170702,0.7388356326036161
1.7039669290814001,0.6119703323215324,0.9988681354827493
1.0476129018730138,1.1627328381820037,0.8112786654533101
0.30075715775171313,0.7672131949772174,1.5110725375035177
0.8241401151161809,1.3851769025146723,1.2913786848981443
-2.426066883514879,0.13723644701863083,-1.034686508690086
0.10146479892622635,0.4513794065672961,0.9739032427127778
1.0534284259039122,-1.0140917380935288,2.679958476226782
0.10882799141996011,1.5220805596395182,-1.8052637012050585
-1.0313719068181189,1.116683713910202,-1.01169989875216
-0.6043197909995549,-2.132724526561107,0.19611901213835548
2.427895792141702,-1.7834946836316776,0.20292763358047713
-1.5465016858791973,2.5592029814940416,0.5661429174495682
-0.7653166400855045,-0.5320271403277929,-0.2540747453229072
-3.513808568861903,-0.7066875793200693,-0.34340698343387
-0.6845845307657679,-3.3617350169548943,-0.19510152712259052
-0.7042761372448665,-0.26054741257637315,-0.8486613375366029
2.399688017498734,1.9011399442671437,0.2110673333811489
2.0076851352008047,0.5151355382953376,1.9975272482432718
-1.9491275755124553,-1.611089092335246,2.4390701852230077
-0.7259317930463147,-1.2412969688542057,0.3994697155185684
1.1062477025580844,0.35575582606752487,0.562487894051704
-1.7073868049575112,-0.4151491398553178,-0.7699900981439798
1.0063557030884918,0.5668421983986465,-0.31072704768857284
2.1057077564299407,1.0537002501858226,-0.4254712045660821
0.9036522983356924,-0.4057693983138791,-1.460201836825366
3.0354702697586626,1.3037951312671074,0.3368556464541379
-2.2375181109653774,-1.7215846547631108,2.66025971737482
-1.6412048628783036,0.47116570570385896,1.1979626993085455
2.5935693060524154,0.33312479428955283,1.4055528224746507
1.632781245175511,2.105638288753095,-0.32954688408795946
-0.7501038637335911,-1.9538084250729775,0.645164399972698
-0.3247610391570464,2.2624145497428367,-1.0815454952175352
2.9436020531251126,0.26790185330038435,-0.5263673979203959
2.479657181146338,1.037037982037972,0.6650968969472395
-2.0405324226719017,2.5352955035520366,-0.08843093126140793
0.3391678220273536,-1.4098048140028494,1.4053149304572095
0.2306487007837868,-0.628414306655671,-0.906028034946424
-3.5145067990671786,3.0305778646597363,0.08895441571823173
3.618311287361868,0.4256309354217133,0.06454429215937071
1.4387389234550576,1.8232336829700495,-0.9305344152581427
5.469229050049742,-0.6595989732861546,0.7762110967447302
2.212395156830371,0.144376610581447,2.3288688725834654
-3.251620492593424,-0.3397046441972525,2.0335025635281507
0.1428316906982552,2.1362751422690627,0.6333347996225234
-0.44956330249614135,-1.58309330062867,0.3693917553890469
3.8067683006956883,0.6357608476081027,-0.16986575754084915
1.0622149644102816,-0.1673426065003433,-1.7216348165966362
0.29960022435483713,0.6699168660166348,1.7181542037904025
1.5367773396364135,0.3452097733966313,0.9459489101429072
-0.16318393800718162,0.47729221513450176,1.807621396449623
-2.6870308439516255,1.2503638481015753,2.254419407147853
0.7677098617428347,-0.6654875621264469,1.3682112927959749
-0.5069997427367431,-0.6756120797034508,0.3066010030317261
0.6210547236918228,2.2022879334921237,-1.514459821589952
0.41068012984478613,-0.32903893353216607,1.7547281711337563
0.7907004893339397,0.09869516820847676,-0.37245011236199305
-1.5376986140342979,0.331788125938087,-1.1332199748679783
-2.5001728738409086,0.773570426749211,-1.234943324361759
-1.3589942490200135,-0.3622410118207655,1.13550876981981
4.571517424218698,-0.49374572472711103,1.010969306774595
-0.41637846360228215,1.603485198011161,0.2133158267840269
-1.956348238082288,-1.036434454059554,2.5235831745177757
-0.4189820316491223,-0.9715907838259935,0.16347232285132932
-1.494969590348312,0.4022193963470896,-0.07129919365551819
1.4854636112546562,1.7115482792138517,-1.804521565624696
2.6004300637714293,-0.5918388734083726,-0.9264829267781428
-0.49727862417910873,-1.2115696140534928,1.1402781044643704
-2.0104636617381666,0.8467521463547579,1.4769300628090853
1.365827832074681,1.4156760596828972,0.7880278689186367
0.33934507649395396,-0.7198974924285264,0.745380622862263
1.4819349993122544,0.838052081584082,-0.5594192907838347
-1.6114913280459906,-0.8144032393493404,2.1256788402066262
1.3107895708443709,0.9523376546178955,1.5974963953224879
1.235465187739842,0.42843609131131505,0.7653272273621925
1.8092820883366894,0.5236510236980323,-0.148698655596732
-0.7463590133276248,0.8196523649214307,1.3598509801631316
1.8629996824251072,0.9847093539877079,-1.697377964475726
-1.9739402986798047,0.01301114719809028,0.1714474322903768
2.852034561121398,-1.8291375846292854,-0.8791238691698738
0.25305419872674506,0.8194978377762542,0.628679783226626
-0.4510287963115722,0.7282753097101453,1.0029753444536968
1.5379815072593603,1.8883888376179292,-1.1643508018545359
-2.983848101322064,-1.234028428039168,0.28022533524037446
-3.1684733417431965,-1.191335066373163,-0.8160266054629286
0.10998136140226646,-0.39824677988520013,0.12494575532781892
0.8855912681152419,0.6117901505871945,-0.3719882966416883
-0.11863723871570296,1.7863894993439255,0.7773692134705475
0.9312730315029834,-0.5761778393215654,-0.307811030466849
-1.7786003773621355,0.08704908255738951,0.07378079996959054
1.3218849670755588,-1.158081985335776,-0.06717944661755348
1.6056016892201361,0.35780613733530225,0.9727710370280404
-2.7784333394226004,-0.33565100053763514,1.0055541388131155
1.9259952188834426,-0.577426728165575,1.725671903966357
0.24360277853366047,0.8068088509224897,0.9689216951163918
0.3792976918490451,1.1310998407666222,-0.38169171490131204
0.9021354074950719,0.8339270085247814,0.33623293722826064
-0.05008611362283551,0.3722469939644089,1.844137648358472
-0.5128807296005924,-1.1566178924134192,-0.8148197041473876
-1.29884528241414,-0.6159196712660734,0.4667574138069062
4.373894762109312,-0.75459859827694,0.915981105623033
1.0073991462805767,2.3774470125848577,0.3573339392841351
-1.6981109200604794,2.5134590007091315,0.7538247338084847
-2.4529505326049716,-0.8830203263699758,1.98533862950797
0.3476517824597361,1.0256316390937648,-0.03588088148399687
-0.5542827563748437,0.528286872730414,0.7358775800206415
1.4071426052408151,0.4791686511071836,1.4529383374381217
-0.0023332442949631754,1.9369222769681682,0.411588332264995
-2.7896510774233296,0.9461202961046761,-1.3070557593714645
3.3281942436301053,2.8774578359358873,-1.337099958010325
-1.421702110824584,-1.7617261291360202,0.9870807161350459
-2.147256376531403,-0.7501290787982311,0.5988838376429588
0.6208089353160392,-0.4858131494727028,0.7514119428546746
0.582134797263446,-0.4767828843200276,0.6974263826285481
-1.5952035489806422,-0.30663991463437495,-0.5356551836371336
-1.3155163901277775,0.32108997091142977,-1.175692871870022
-0.5595423171830357,-0.06956333289058614,-2.5856159954615108
-0.5595423171830357,-0.06956333289058614,-2.5856159954615108
-0.06822960506348591,0.2628261814682639,0.1343083524741009
-0.9815509348501044,-0.23840348334720954,-1.7393101757557357
0.21369055837475234,2.065784295022571,0.6153966254071808
-0.45730550996712915,0.9952591889906184,0.22289607542685674
-1.4555650515108847,-1.1090613686078967,0.999971496457131
-0.7402201736981971,0.21910179691533682,0.49985260980335444
0.3273095770484545,0.04646073651117799,-0.20031532645386138
-1.426115731238904,-0.886027612944433,1.0315011011753954
0.7741493046573887,-0.15062866283846663,-0.9765554559126292
1.5741834835807607,0.4768141079802166,0.7743119222807713
-1.9106931074370013,0.12856697080736149,0.30234587512486416
-0.49652738488846365,2.557101036943407,0.29267810826500457
-0.025293774286313755,-0.9269656954460684,-0.1422520704150728
-0.14339602108517308,1.489361493212095,0.9797350531276168
1.6032985377820779,1.0438263533161565,0.8582061737067934
-1.3142033764854881,0.29730716720725714,-1.35767574169135
-1.565762746400296,0.030896098561660274,0.6757918920861177
-2.1894426014992026,-2.1416392817257264,-0.8912250962402761
3.4714414535784663,0.37052689320925464,-1.5994227360055062
-3.300056534085711,1.543637552766821,-1.4072218336330056
-3.530594705741489,0.1161622370077133,0.4644600828954093
2.7702907505282974,0.8515172698636158,0.8013869156425051
2.185226580434513,1.1510617932962937,-1.0586294752876588
1.1475154803771281,0.6179442565095322,0.9156301295354728
2.2091341353839438,0.5298848360638856,-0.8870577721750471
0.14080327397841588,1.775036972549697,0.3740785363696588
0.7305078726492422,1.6032494455603907,1.421626371245157
2.0626327269935554,2.1808190137323322,-0.11249709857787357
1.9511940327327646,1.5108976220333112,1.0569532426133537
-0.6022507173238784,-1.2900154844502374,2.920489333190886
1.9551779344617395,0.20956789399330927,1.2060104021441778
1.2585368318932373,0.9569303541294772,-0.07240165669195153
-0.5768504200143281,1.3027200479427978,-1.3934771752819324
1.9219571160342361,-0.3963046070132062,-1.3479789050110595
3.54465469487355,-0.3385791486577127,-0.7201494288701024
3.3578026672840346,0.9356093469054932,1.8891318482834023
0.688523152671534,2.552021806034758,0.6138344653725739
0.7930793661976263,0.13943986067756825,-1.0978075636427733
3.435965567314101,0.9590785907548978,1.3230827751982492
1.5612630298541488,2.0682141406062016,0.6191402490864628
0.4353508390239448,2.0092706185809184,0.7663793216018635
0.2608016625812792,1.197268822688322,-0.7662966012395117
0.5539075046143043,0.9192555917382917,-0.5281766026011344
2.6951604219166696,0.2907785510425789,-0.5923871906916315
-0.7941685412380687,-1.4834033387861114,0.8497021665559764
-1.382376543922402,1.990182573382281,-0.13063843913038878
0.43501663212521,1.6978426522863133,-0.25143876735965354
-1.9593016589804297,1.6233518140526562,-0.8624041090776544
-0.3227574333668844,3.124849748125665,-0.09202283543369842
-0.8556780364874033,0.10750033248625195,0.04687045319261679
-0.222180599591883,-1.6731117218904434,0.5390584810488749
1.3196726967575279,-2.350748182058991,-0.625750706554832
0.05552296735563808,1.097165575726003,-0.18861331351866606
-1.3499923666626104,-0.6806243089585977,-0.5617120540831674
3.0263695292280164,-0.21604812867209877,0.28311518275202685
2.873901752372821,-0.309752015278898,0.11576309142832661
-3.2228111350715047,0.9277941288609738,0.7891030882873474
1.5457596712255681,-0.1410823726288346,-1.4390587802440002
1.162347831419686,0.5354814360786513,1.7346154889150183
-2.3214154561716533,2.361016869439354,0.9207403533504542
0.5537508562021565,0.03358317937184766,-0.07265673012797264
-1.5118427724728514,3.3440103644178785,-0.2791512248343783
3.621223522060817,-0.7118495082630555,-0.018933228648496753
2.7024379455733447,1.846305337301019,1.414836826448902
-3.1241082977219143,0.12610184502760147,0.7991927550495445
-0.7128585633959257,-1.1500255714891203,0.1280462451697254
-0.31977329115367065,1.408747253749781,-1.0821493607215866
2.8672288614882797,0.6567306251148188,2.179111107642842
-2.425757228359519,2.5321460678640877,-1.2640363729875381
2.516422903763104,-0.4896652242249364,0.3407796376973844
1.6347476878126894,-0.8070569434174404,1.4349264654068856
-2.6245349009342216,-0.3227881466570482,0.14782742870095336
1.288784508611366,-0.38771755448066625,1.4252540948044379
1.9572705428127597,2.4682364289513488,-0.07137618961185274
-2.1937739994087524,1.2773241137632185,-0.38617146876173614
1.3256880447028223,-1.7819908528523989,0.059922431332132854
0.8872666479091318,-1.7286800691601503,0.027588108864422933
-1.0558812904753327,-1.0487266585306951,-0.9665653009276233
0.6843661190162695,-0.4704437388859199,0.42210291566046554
0.1519260053845382,1.391107848098324,-1.5268978798398245
0.3509165246859746,0.21053242478378922,2.4568604736828177
1.009923528340889,-0.6491659805401694,1.2606763053531194
2.057380307794143,1.3822546021486268,0.9828030701068219
0.00042882426711252883,0.2915825970961889,-0.8673246496072603
1.9700064322460449,1.935652372310502,0.955685770235674
2.787485236647309,2.1219095514230775,0.6218285053037822
-2.5459145200647786,-0.567645842461813,1.9134608488138911
-1.483998128923642,1.397580522913506,-0.35897628827027916
0.5178986525626096,0.22896774680022455,-0.4936324965266219
0.7311999428595901,-0.023459896295799247,-0.7639268660409401
-2.4058782026083447,1.9113384325811333,0.2604625128035625
0.3766249809113826,-1.1938036543708632,1.6678267083041443
1.9216166964432493,0.718241340908839,-0.020103164628173
-0.6841332348289384,1.6677942651240123,1.470802903853714
-0.927423065847448,-0.29801500526432295,-0.9005561865642963
0.7914357548439459,-0.6353367378291682,-1.0042597193805654
0.1282899888627355,-0.6753972718737554,0.13011857266871907
-1.1858764835010496,1.515661551157681,0.5151895566793979
-2.834804438189232,1.8695418708331184,1.417583465250286
-0.4735825694747333,0.8854736451695755,-0.46190963243280253
1.8315275173316699,-1.6970327556422133,-0.7130377616480759
-0.46811015517190324,1.2789204001039114,0.04893770716710687
1.30546025967209,0.4384179090973865,0.2720159053017334
-0.8400304424918961,-0.32917622687106485,-1.4519897517581395
1.3291650593874882,0.7397886269286245,0.10636671298613516
1.3009416812707857,0.5046242956432393,-0.9374736262621606
0.6456779784514058,1.3767368861758629,1.7648103213794317
1.8926706181881388,1.7738244860410908,-0.19685389432104844
-4.5242722933683135,-0.6161980723043782,-0.7585875800429427
-0.744057072413559,0.12935908429381268,1.1976228145091383
0.0608485160464152,-0.7461373583850464,-0.15792299231106635
3.769639598643243,1.5740131107587056,0.8277719040746221
-0.21382298689950738,-0.2498428387614334,0.6314368709649288
-2.863133458329686,-0.13652273683553073,-0.2210026712250246
4.514892893933509,-1.302748013249912,0.49960984793988517
-1.0046622199436535,-2.045755758285555,0.11617253929328714
0.5284505038857908,1.773846516967908,-0.6492102778637018
2.9054605821223705,1.9049148377287917,0.8128162299543491
1.981907827835447,-1.3639543353228956,-0.24884778086624976
0.7167239966084145,-0.28055916875066156,-1.866318153264969
-1.5668548115688798,-0.8211986904230046,-0.6881885272276781
-0.12970419762196145,-0.6183869954894275,-1.1645566783259866
-0.291034650899421,0.36772895205474504,-1.4303748113561099
1.7442663711271928,-1.0204395344202812,-1.2896604606153392
-1.2732528603942999,-2.274152415664219,2.467933716537641
0.5806316875335443,-0.674174934568399,-0.9989861027853763
-0.9263299721950856,0.4799145367106723,-0.23482008308257757
1.9731822893866515,-0.46283942490213875,-1.2212116882340442
0.004168883889769423,-1.3520808693473358,1.1412747085999269
1.106665112503582,0.5402805115105314,-1.1365611506538356
3.075506698497934,-0.022698146403988553,2.4936840036834416
2.6776404457708027,0.12509415679437513,0.6070891762674205
0.6387180833486509,1.8677410474025176,0.7227112306453642
-1.842646995836117,-1.6476271733826815,0.7618231457821861
-2.4856367758462286,0.8133708911505295,1.0793209161375281
1.4758457987482223,0.1595376160798676,0.6261733583520931
-2.020494884033824,-2.3604195826273595,0.49834804213935485
1.417256616144081,-0.7414218709880565,0.0102484156173864
-1.9571997856286039,1.4576403986564965,1.2013000093801938
-0.1434120672846276,1.2824566142162748,0.9551447441888326
0.5302861332235292,0.756499176258509,0.8084815722330098
-1.4507571609923988,1.0376066177221717,0.7293653940995232
0.5692004590981008,0.5739842769942791,1.0717586543093633
-1.5146766853221776,2.4046605690845086,0.576595165379297
-0.3840919515491102,0.7681101701014065,1.0018520055376878
1.5626612505380015,-0.6504695874813761,1.2316719975400723
4.995693139948801,-1.1120314162734466,-0.22527694729056832
2.4360241620345415,0.9457489106057375,-0.26218421258649005
-2.2429876827875956,0.6591618251143598,0.4828518842076656
4.082934326812361,-0.945693474351617,0.7204004016412834
1.6021938437494572,0.06601730138280762,1.1268911977817078
-1.7857525117877022,2.466403810352518,-0.6651039550953103
2.15488692982486,1.473443324434448,0.1660670411705226
3.352421767272448,1.0272906467454728,0.17911382682062188
-0.6339115807110838,-1.1944470173318014,1.3326710476339845
1.7026890924522886,0.3393482780777651,0.6705941249600675
-0.32448471597156653,-1.1723645710378054,-0.21532975896597845
-2.8529105072744825,2.897244578160687,-1.1637497352605053
0.2048374515481209,1.5048243973988276,0.7217120291762831
-2.4235644431445666,3.0257427711561107,-1.200629202613654
0.130302432411426,1.32552084000249,-2.3109171819902845
-0.5050400104591399,0.4561307102549586,-2.53130922833257
0.2547267024584799,0.5256748820048003,0.6219770132763152
0.7902235821289489,-0.055199672347851315,1.1267087701029874
3.0019081268209424,0.7027854516997712,-0.41615005481794265
0.43161881452826634,0.4417216189700704,0.0821032789486093
1.3853547739680976,-1.066364832147099,0.5676733650697119
-0.7149345233317005,-0.3270837242366999,0.007009521041498871
2.731168502980281,0.7130554634694112,-0.849117295401281
-0.8705243411679274,1.8140016356279904,-0.02303188650385515
1.0542063835476534,0.1646280756582168,-0.766218843425172
0.015517232573847845,0.054860738554525945,0.8761715873444946
2.234768384800518,-0.05226669994785514,-0.8608049041732464
0.15219120106871772,0.8704290204981722,-0.5660877951815663
0.2272244554393543,0.8810509243854892,-0.037602882217179466
-1.3913886651026506,0.12474798794628938,0.26059296940979865
-3.0352131267976237,-0.23254226531979522,1.1857168858590834
-1.0949220623442733,0.9932898977222219,1.6606097213262778
1.424777709014602,0.05309909516897582,0.20310840044623665
1.1995442548561581,1.1841819195336982,0.9218666540022166
-0.0034733806150908635,0.08987010926332333,-1.4134412807213022
1.0321030608558224,0.20792105804244376,-0.48169537943642254
1.3244579004096944,1.0451957393802174,0.017431790750903856
2.4462344084864873,1.1440789133999723,0.6432596445048748
-0.44221087711993756,1.1893842041194311,0.3685682331913096
3.4804512887085717,1.4488250707853496,0.5173403238504278
0.5048228670363164,0.24720779060800188,-0.6785139762490705
-0.20506148743605507,0.2941082445029192,0.24227735874324272
-0.07009179215208218,-1.3038491115835222,1.1051531453462804
-1.6239684715490228,2.5770839744770813,0.32799428710196277
3.3048702681745685,-0.11199364418606587,2.078800520025872
-0.2876269247832208,1.626917167867014,1.4143974620914617
-0.08343156844409952,0.5723419714626663,1.8928103827841285
1.431108910750728,0.9289467173007703,1.2978993429467691
3.1453669110204774,-0.74985609436447,1.2675965366804243
-0.9686000007182387,1.8791994337424405,-1.4779543267139128
1.5162493755135777,-0.6349906652433769,-0.22606464674493093
-4.46962000101771,0.8025327894628712,-0.02581024484816597
-0.09317658650460324,0.17921223725171365,0.5455671596246023
0.2958982904979488,-0.4285208854117145,0.9012077234725455
0.2824475347049039,-0.56753383763078,-1.1863670601457672
-2.107280535660638,0.7888623395449776,-1.544772763775778
1.2552780654241849,-0.9869645774648997,-1.8276724096898334
-1.9519098402476414,0.5065765859976096,1.567596151404197
-1.16037557300575,2.0422339452506484,-0.42772731641036843
-1.1598040263008582,-0.31771336846930653,1.9168337450402637
1.5526709736585658,2.816172796458817,-0.34735403793377456
1.3938200162539938,2.909421901681962,-0.4105984115299954
1.5860771086547143,1.5009025976215595,-0.6168227579937282
-0.6635468044537343,0.010871174973661725,0.9413433697295691
-1.2158929547293187,1.2281610011177875,-0.6083800602435004
-0.0707419264848695,0.5451426995682529,1.8653808667923264
-1.4768697704350953,-1.1794145353312928,1.2362675957387552
-0.24685866696958073,-0.6810962586036831,0.24657604882069592
2.034925112930504,-0.15964639229933922,1.6649568731460167
-0.28433305263163855,-0.7553935978855105,0.07610695062968159
0.0319574335888603,1.3530552422769606,0.30145977614285274
-1.982651679512757,1.8595483831784723,1.5293888264345723
-3.1675992369885444,0.6727706730399612,1.1329675154946202
-0.7997737246234902,1.1420546846115909,1.3993285772340598
-2.139819615702676,-0.5346272273601405,0.8182408348288768
-1.1101607705823902,-3.6624752923396446,0.20216436729668408
-2.890494933936638,0.00708774204763654,0.7619143087344749
-1.1689983872577836,0.5895775689796817,-1.729704168550756
1.3471486281421676,0.5688050791021096,-0.5838428577723992
-2.0947895893719983,0.3223201690130501,1.3712662397638988
0.10673598865011635,1.990308093359168,1.5074091259312046
-0.7268462284885358,-0.026296543561400227,-0.2218065157218423
0.004298106577047799,1.5378801602935002,0.6420437100398716
-2.9944365314905483,-0.15640779130412424,0.5379355231908335
-0.29310679410912793,1.76339724884138,1.509767322510661
0.6087946779719347,-0.0506792523652936,-0.32569952913956474
0.3613623604823447,-0.22524725410070803,0.42350047907023364
1.7828166490015838,0.09725567344250327,-1.6956188953999354
0.9374827338980389,-1.0577669086486914,-0.9004807349916439
-0.07407325973249858,0.672612025181333,0.6569121489162357
-0.6377713905892088,-0.2930854461848731,-0.27177197025080957
-0.7387443584806228,0.14534068620566803,0.2540792788609069
1.6232440830944428,-2.028714913072204,-1.4483835604585764
3.8869008892411863,0.7986777003332495,-0.45429731621426167
2.1437614525251076,-0.9118951901117095,-1.8514216482849384
-0.029454473574976953,0.3536707570837571,-3.480352720533853
-2.186063298144733,-0.16240399220698334,0.30314411469909364
-3.3776842748447153,-0.3459889979805496,-0.07833233746330436
0.782588776797635,-0.738894027062244,0.012581746227993486
1.8230752960112626,1.706713204861417,-0.7851260706554797
2.1784766086591763,1.1290014055694773,-0.37444901765648075
-0.6192553689270925,2.183559370449655,0.642948614773338
-0.6015911071812535,-0.9620038794837451,0.7608214091784601
1.7669206512577156,-1.0159330700953284,-0.48413081131000596
1.2950795536076285,-0.32359338349566735,-0.9788356196311119
1.1332846929123235,-0.5652859361702499,-0.13772418095269431
1.1728675898177143,2.0352464655941525,0.2620141494231896
0.4167010672819065,-0.10029987675594514,-1.3334694918093297
-0.06167977263204001,-0.13931989884060958,-1.6352653956006815
-1.761100993042655,2.4404026887490557,-0.4408767388265418
0.6169848522776264,-0.2426943543430908,1.0684510302532073
1.2822496393296656,0.8315605074750593,1.7809165098120834
2.811174689007442,0.3795121433222506,-0.026352655067359065
1.2207456320863068,-0.1092914679405399,1.113120596071767
-0.12577940461176212,1.482483725882383,1.084486181267906
-4.473329983346568,0.34572042940277325,0.14489329262126313
4.413767841496022,0.3756983572283118,0.11861884159932506
-1.1138873903444202,-1.2490017440197774,-0.9612091438161453
-1.7170596072331747,0.739072685019163,-0.054250095489366865
-3.9794570571447982,0.08382290813825252,0.9797605011833497
-0.7292205660296815,-0.7415056706543034,-0.5878918359385709
1.7053089983797642,-0.5352289684971088,1.3918812824909166
-2.0179094507224384,-1.8323967790452236,1.0179625638107894
-0.47839450351461904,0.6503564760593914,0.5830540597773589
-0.25825284733955794,0.7807522295979782,-0.5546609909104285
-0.4902068167184793,1.2992100376945879,0.6839176106805147
-2.432524395657368,1.856439677125947,1.1028869736628726
0.46132752188949716,1.844573078656019,-1.8902817314299731
-1.108908370311048,2.435092655544671,0.832533911208524
-0.49669845810122365,1.180378092165794,0.7965422554999868
-1.2849595061132837,-0.07751465394164579,-0.3573061458222183
0.176296001783495,-0.4063229894867104,1.135044689744604
-0.7157006126828925,1.3812916912793685,-1.9497519502550633
2.8962470290508673,1.723834796232827,-0.642572563572528
-2.2708401199856234,1.066982413498917,-0.8434037806106169
3.881897938780614,0.11355008252473581,-1.2993689513498334
0.654603055769646,1.7320813598765266,-0.8171452343462011
-0.7032617257241338,3.0081650762558594,0.4825133566193238
-1.0785236278128156,0.9241328009613742,0.4766833730241422
1.1298929578421337,-0.1983503065851292,0.6608888009458017
3.079576431043975,0.47431562383660414,1.6568115588331918
0.9105792423050366,1.6433584678905209,-0.8443445640724451
-1.4759648185890548,-0.2454931855551196,-0.8147171787849155
2.340003920374491,0.7838621060883606,-0.558139770627176
-1.466911821841702,-1.2572048276720407,0.9136577002380912
-0.8503876676867398,-0.707867043702999,-1.9858149339643956
-2.2275996974810406,-1.7132031364672577,-0.7925871517531039
-2.9293521376890466,1.490924980092069,0.4148584454779522
2.5676237634318615,1.0478357207225384,1.1663900692457587
-0.7073798299122163,1.0371512718619187,0.8972965545935975
-2.7258796942407337,-2.3957929618530005,0.07727519570464281
-1.9680128141333777,-1.0531253745642213,0.8235856798047924
4.323545495889907,0.3376217971386315,1.6689560207202085
-0.31257261276432513,0.2583622402651849,1.1652116804961326
2.5772118431280595,1.4681245084256094,1.204446794399742
-0.4662043968431913,0.7140595242708696,-0.7326781971880776
-2.5807176104599105,1.8518351734747074,1.6684690664997368
1.2871339793173064,1.9860767145223697,-0.421226260912146
-0.7200441078098228,-1.4377769660303972,-0.8177091945579587
-0.12505721290056815,-0.3579639584570766,3.034614654801755
0.36763330869838273,-0.11455817922377527,-0.40620741793070936
-0.04098598957250072,-0.584756589475692,2.7751550937120513
-1.676199463642171,-0.39425250988385324,1.3975498523493843
0.1931489814290157,-0.9427467665898999,0.7151496253424846
0.401599957362754,-1.016691568028553,-0.8159491914443622
0.22588966597086949,-1.7527487651679348,-0.16566379935865322
-0.2943983134017141,-0.5108988814660339,0.19570125468937805
0.6040170251090168,-0.12722848904471112,-1.111579609010201
-3.719431563234777,0.06132775576552027,-0.8341289667577401
-1.4967891925549408,0.927518463717599,0.4966472034488363
1.3834314551431914,-0.9179077772639782,1.5455133591572359
-1.541332812426657,-0.10338778981721732,0.15118263701438672
0.024219308779282356,-0.5558857449366512,0.11895302543407882
0.992182665937117,1.3654840531076393,1.3622581112515844
-3.156941189625839,-0.5503937263850235,1.046048250872623
0.2398750815271923,0.15817784981222277,-0.9164978117295927
0.45538289619445366,0.2078721275022634,-1.1497773133967129
0.7297499735330235,-0.1423485343300017,-0.9661442258371267
0.7109974086830282,1.9380203198501997,0.10603899995134096
3.371155609541181,0.7336037339751219,-0.6371772432858
0.9348593051807154,1.6711958594142187,-0.2063957599587846
0.9817230150308457,-0.7156731470350697,1.5014349534103346
0.9539983976266172,0.9517077529877463,-0.843989101805243
-0.8617882007914053,-0.35007079223651394,0.4244077180853546
-0.6557068896158118,-0.9989298676596249,-0.2421624536957766
-3.5474429467145225,1.9969502981505247,-0.9337116392703405
2.8595206901865486,-0.8252713930390853,0.6633754564178688
-1.1455716443709258,0.8086431817393406,0.42158137801863266
-0.004758730797453487,-1.4499349744694707,-0.6611072631307191
0.8102094045583987,-0.5670594315170414,-1.4707288424133214
3.2286445096227188,-0.12223638190990863,1.1086900988759298
1.4925378924530641,0.5339965743319011,0.8873839996473635
-0.46693586816011245,-0.9963114971748991,-0.8336569983762633
-1.029245926383378,0.36370245942297835,1.0055327032136008
0.552981543013152,2.0417705317332104,-0.09786604892633927
-0.7729538031635153,2.2616620680991293,0.6253779558856828
1.8994842383478945,-0.344825969125328,0.4062955592352994
-2.834430369583093,0.4611669578227829,-1.5236699502369286
3.118641015188359,0.8158587400483683,-0.10116154894147528
1.2168477497280787,1.3091973113837676,-0.40033972153239294
-2.1735039697737957,-2.898496609640039,1.211066501091479
1.736799291320761,0.27646865961613226,-0.6871513386660432
0.8641527945861964,2.0522153359271744,0.6247753013237775
-1.1267918013949585,-1.4204146384074077,1.2426630289007121
-1.3103461253050763,2.669969828739492,-0.5461914680205711
-1.8492372673344935,-1.5105361388875418,-0.019364336456572456
-1.4731522919524942,-0.1449884632491115,-1.918372831131584
2.254002111983247,0.0386697060934189,-0.6592112599409282
2.9867775700679884,0.8263344677307096,-0.42706155302347104
2.301740183552162,0.5871531503348499,-1.5893610292565554
1.2874997871643723,0.6857850606576812,-0.2159524750737105
2.9347720794530874,0.18016428514822208,2.0468015459147546
-0.5204578507936365,-0.7813211226225651,-0.8062725821577066
-2.7929067598971016,-0.2777418891163245,-0.17116435266641786
1.4434742049131257,-1.7813576060124834,1.1176291587242284
-1.02342464107523,3.3569615445334176,-0.41126545483773325
-0.47275230942118185,1.0950254508538637,0.08412278146987541
1.7001436059975283,-0.15750940995288734,-1.6944771063466084
1.2124881941327785,0.5120150062852,2.740753406213601
-1.980858569830114,1.5039166432139752,-0.8253928122079648
2.0988357753304197,-0.2618990302584499,1.1412304870345797
2.3874016265681375,0.04072125737941932,0.48275312544881954
-3.1968505935422673,2.7167601631978022,-1.1423359575348233
-2.313039828504988,0.10806792023364224,-1.4391418562868403
-1.1904815011358711,-0.2623871961730567,-0.12844518595438803
-2.6358605568664264,-0.08272539860339484,-1.8798677157427106
-0.09086177636501115,-0.7541958097477427,-0.39347838389607187
1.2073950116977175,-0.7774368135874061,0.20281434818635405
0.35229482707139426,0.6059571042848144,-0.0848864443872685
-2.042368045486199,2.184689698812608,0.08543019848802032
3.036109483841852,1.0808628235201367,1.1039834431342515
-0.22928355244921958,2.5316002358886593,0.6877245442388125
1.0998651392377523,-0.24403326337453687,1.0206518732369319
1.2605495702615865,1.920844970701578,-0.9564021239156727
-1.7588033290860225,1.2812857681159273,0.6643187742853985
-1.0682113175365058,1.009702515221215,-0.2898876270083879
0.2957635665253285,-0.1749792676893389,2.065794185300116
5.625876435849423,-1.2245204256038156,0.6452440755243978
1.4297343723532574,-1.1449818164384138,-0.5249427946127044
-2.4334424615732044,0.0692926027896968,0.996459954458043
1.0796317672127145,-0.3620069015728873,-0.16696596317952964
1.1333716826085218,0.9656267323493978,0.2652966317386561
1.1939204204014595,0.42247073412636255,-0.07724640044338887
2.7594995449323694,-0.9926478749285551,2.011700372772305
3.9593076369650104,0.7087609881936481,1.0702237939356793
-1.0531417344678968,1.754524520079751,-0.209881600490134
1.2234385087542174,1.3315690467766765,2.08179127409983
-2.2360235592965942,-1.868308913481206,-0.09008870789374049
2.5493831892000896,0.6486451793095197,-0.47490810513293474
-0.9979828538287686,0.7763638469978047,0.06889498007447935
1.8647488520914541,0.5769002752776492,-0.3105340286538739
0.5305005486819137,0.04269953234291345,-0.6836109212446224
2.5313352851121267,-0.36742296445119965,0.9788653399047372
-2.784335197007758,0.08452977702084684,-0.8842143290418383
-2.812501196814909,-1.9606747300696483,1.409663065557584
3.949152304305468,-0.2755057076609206,-0.5093715515215343
0.4676164225685238,0.13606505110233688,0.6245525975519407
0.5678442163602568,0.005812197162127142,0.09358950847446235
-0.6883483734924785,0.3055811397292273,0.5900025906507806
-0.7091000029320748,-1.9454870682701553,-0.7281748500695454
-0.66225564940876,-0.34356158822023525,0.35976619167906215
-1.0323447771902303,0.5715351108393832,0.042364250555722224
0.7474745356738951,-0.35512807123158063,-1.4542603490636257
0.6854558355627832,-0.11814151765066688,0.7460332585754776
-2.4283283353673197,0.10087730387687528,-0.9085508006935304
-2.598707829944786,1.8759622780245238,1.5158223298009077
1.2062470252516133,0.2565115526479778,-0.2870382487861373
3.4241119532742847,0.6488265765142436,0.14957231610101082
-1.260006662330822,1.6322974576087559,0.6245785679929797
-1.8273505358016489,-2.2173912443933124,-0.1115974398379031
0.311153074071562,1.9251527426185675,-0.9480564795840298
0.7416145639434255,1.8885479066892537,-0.9319835688605437
2.526708997938386,1.1323329833083577,1.1354899415768465
1.9874835646770321,-0.3854966233629799,-1.3671458476713123
1.8691979300692867,-0.11164803712764038,0.22212432285070094
-0.5545957455978864,0.10248620391287765,-1.064509784422142
0.3072053734061554,-1.5042956860226235,-0.13310248805221414
1.391533945541426,0.3505069640148933,-0.30139725798199574
0.7161938917434232,0.658198279440321,-1.7953530401260782
-1.2251202700803814,-2.196037860802454,0.8059880399194137
0.9365263404924972,-1.10181222345836,-0.9858565084115921
0.2075655396010506,0.8990874820027143,0.61310418342303
-0.5210766733823186,2.3524265605249015,-0.6078997653008195
1.5950188583654479,0.6920876089333549,0.30674032984595057
0.1035616173145928,-1.2809250644666539,0.010106603586363026
-1.377190005059502,-1.0215361030413508,0.40942472015010606
0.1201002422656592,1.9501222254014452,-0.7577957995368266
-0.4146626300234762,1.2194013577833562,0.027658316281334087
-1.4845805135469097,-1.4152170658590801,0.46104381225896635
0.6765662733025226,1.3225043867453303,-0.727472001392107
0.057470045358654465,-0.41179525723985577,1.9193645842502798
-0.7675920208589986,0.38197960143611953,0.8961438539594171
-0.24414014208473694,-2.1116653821449782,0.8749067737762808
-6.508785777572262,1.5611514943231741,0.5209979959377673
-2.179326561026438,1.165872078729296,-1.1873740897821092
0.8095935822427168,1.6518694748628804,-1.2337420219337423
-1.6058874734060582,1.7061948735242036,1.1663298535523032
1.3870434454580436,-0.4386796573170671,-1.2777387577544654
1.366033828052399,-0.3587807692236803,0.422783217804342
-0.8615022487616227,-2.8600906094916336,1.8759909762032745
1.4521979919976848,-0.5700577189559175,-0.4424980694429856
-0.818399217118563,-0.08069179182463047,1.3116714755331949
-0.025123566940748944,-0.21013137172118893,0.5848767328538343
2.2454300047211344,-0.227242114986059,-0.28062274893581984
-0.16818708652563902,-0.0783910424719304,1.7426472844510408
0.4730889079982628,-0.018961058223865193,-1.1002896450540902
-0.6116370866032788,0.16497963034616162,-0.15544399580218968
-3.5814193581365528,0.5856159580473995,0.4429412065598423
3.0672879199233614,1.0693907204915831,2.0793497541319947
0.3118802829238845,2.1958940622296,1.2251071014348858
-1.3780417522976205,0.1035668284392107,0.7937181351745348
-0.6267522476939414,1.9582820938800438,-0.5407477821272769
0.7796947604039389,0.2991669092494194,-2.0686493140315325
1.9442267106292765,1.302819081642611,1.9134660594244537
0.04021217060055653,2.499387227841267,0.27402083919062575
0.19269882066586988,-0.03619105597847685,0.4802779015513442
2.5021492570253674,0.13017889764849325,-0.6338792034933562
-0.7618383670109484,1.477766848970803,0.45242461407783335
-1.1913615819593497,-1.3136453810105464,-0.1493568327938245
2.683659660286306,-0.2440036637981134,0.5712793278523742
-1.6679613459484135,0.07974758255394741,0.0539311147529041
-0.10144493186202458,-1.0014499823166947,-1.5497721693887132
0.5449496059814014,0.21132955635110226,1.3197378965021984
1.6281398379399514,-1.7223160072479906,-1.2346557028219516
0.13939438220933995,-1.4075243131003818,-0.24912254145736928
2.3850603719413095,0.2693883632715235,0.059206095422090266
3.02250875257165,1.735822297327793,0.45209925737963563
-2.750809469606117,1.3219870216663645,0.8663632195102126
0.748842229740582,1.6918198364770778,1.5515431961434032
-1.8732603577773583,0.062014593614022506,0.5781056610946511
1.5239562394542412,-0.28442433645872656,2.5747744825313266
-2.423124686024667,-0.41998110981233805,0.7514979956801024
1.9623549170658081,-1.3610730224794287,0.35865125279305743
2.027529398072292,-0.8279833612632268,-0.2724563953895938
-2.4727207720836675,-1.8856612474247583,-1.3038660782721854
-2.4727207720836675,-1.8856612474247583,-1.3038660782721854
-0.8786323174167819,2.8929755200182323,0.9219486086410729
-2.3907378737680913,0.13076471790717142,1.1385451785415697
3.727559671726444,0.7445908583302494,-0.27751081766881064
-1.2756960498003937,0.6882396980877251,-1.340907468376739
1.1816326641605412,-0.011051674449682051,-1.0249992743393812
0.03393859369047078,2.3859104806871807,-0.12277121998126778
-3.125270911871511,1.225040150530885,0.5494642358745273
-1.205478419163236,-0.44098943412439146,0.22089439322650986
0.29480488420215983,-0.4836847377104108,-0.765550352746137
-0.5901930728463528,-1.428897559011733,-0.43269932622957574
-0.013335210854442324,1.4867806656934082,-0.16884325259435828
1.3945970839128685,1.9404313489544027,0.6301947417396176
-0.21903925191617313,-0.7501437882895529,2.9623905290676014
0.054048834624862194,-0.051315275902064826,1.240676014065816
1.4150107117858644,-0.5084160182446489,-0.527167951023855
1.3944916565489776,1.1852498883002043,1.4242031635219914
1.961899638518104,2.169859813260924,-1.0796817950504578
1.1226920763189052,0.5463801204308426,2.01745521547551
-0.6708864824054153,0.930655171302004,-1.5254763717676283
-0.6362605352332591,2.494247592760011,-0.31939838930741193
-0.9907266945844401,0.2998287984434709,0.8378142647360474
3.1374107161701583,0.8966001723472734,-0.8363747499492125
-1.345093262206482,-0.02409380750635979,1.2299574705422238
-0.5607796143034801,-0.5559670492881053,2.6019703955651834
-0.3809988132533286,-1.9522322409921806,-0.5452186341099953
-0.8206354076270158,-0.7617202481769046,1.5750651949748113
-2.120277257171036,0.6398910542458409,1.7721693661260918
1.7708026874502043,-0.4825635673023823,-0.8175249334310888
-0.4268814413545799,0.636294837594336,0.8209262255314039
0.1399523836497355,0.6214228608092088,-1.1969980142152694
0.41273595010197744,0.44161540705980906,-0.3858330049292358
0.30115278895919473,2.351464513708842,0.2701987679278303
-2.237556821969615,-1.5153961405556613,-0.5107823353490719
-0.30666056399803165,-1.1476379717248277,-0.5294698818653647
-0.9816447613657941,-1.2569285697250616,0.17246444533817565
2.111258538990943,-0.9817783736156536,-0.11779569613798219
3.405720867288259,0.3314494158184388,0.2480589302442177
1.0421181233129997,-0.049230441192313006,1.6928944711255087
1.9404116519975052,-0.4951032339298734,0.7963924282112166
0.15229255341193473,2.5786431775439946,-0.050703638899518205
2.7496177733618863,0.9371963599228854,-0.9148688609248021
-0.1704151748557181,2.570235931799008,0.023193108203500373
1.0694729485623122,0.3452977051799959,-1.5241422645699194
0.45406204197660593,0.5807211768957853,0.49452082560152466
1.2115860044876678,-0.7228840019760211,-0.239540646957402
-0.8371842101261657,-1.9029706315173016,0.6821525551892201
1.2067719297180657,1.5635396562699937,-1.1663956567111406
-1.6276136722854972,0.7711010865803459,1.4448247700048134
-0.1966603473710419,0.03891572141776469,-0.40667978405441013
1.5397144533104217,-1.7400584789671862,0.47969996408082416
-1.8887042419198454,0.525876184382178,-0.03594275246196445
-0.6291426108929361,-0.8780734211359182,-0.6333299490404741
-3.3861104010054373,-1.011204476912377,-0.1661215392859809
0.739305887120903,-1.1031841321581757,0.8556597533125
-2.225688031288619,0.034189899061911125,-1.1192242927606817
-1.977666829979746,0.9778505689149647,1.813795899779295
-0.4911388851327304,-0.8484159054929521,-0.016357822841464777
0.2213260858865864,-1.0224162569982342,1.6969556968085415
-0.9403206338950186,1.4259222017124,0.9797340166236079
0.6532799721895574,-0.20489823402466315,-1.1750663620310107
1.6009266377533862,0.38928906064171287,2.4665849401539286
0.6554465883776266,-0.39410808223879085,-1.1140915886471723
1.067841653742144,0.5642791510798122,1.2824610759035626
-0.3129428834449019,-1.2392026108375287,-0.16064344105280676
2.214164497547139,0.3569834420928172,-1.4935737776880627
2.6621164153576626,0.13347541597735896,-0.7260573626653666
-0.46173841180802094,-0.7669821339226377,-0.4264659387954184
-0.46173841180802094,-0.7669821339226377,-0.4264659387954184
0.8600719466725119,0.958611630899612,2.3096519970675504
-2.005706388635358,1.6024571540842576,1.2595323554296374
1.0194504962799293,-0.8081642810774947,-0.672479903760957
1.019384250298847,0.45394342412474775,0.4535033166553384
-1.200712817885428,-0.4178200628490433,-0.2495663644291174
-3.3858738050999007,0.5742161985288281,1.0408108988314146
2.2880402893638205,0.8924016714959451,2.4362374115899987
1.9267746116110982,-1.0543340468903057,-0.15753835411599565
1.1522755802215454,1.1975898714480062,1.0436684250766637
1.1926816594842258,-0.7663736999470167,1.3625944000178998
-3.371140396754599,0.17307777595656001,-0.9059082093139372
-0.4520047598665746,1.1465155290813551,0.9852018424974043
3.2442186383230287,0.6415133451183439,0.8914738038569309
-0.6420031167087916,0.1109753362600718,2.3503545993783894
-0.6268505577504443,1.3777310477223719,0.12876955743623825
-0.9250765821638773,-1.1983303072825693,0.6348592277066504
-0.666391514181938,3.001115916797316,-0.09324566162209744
0.2442773014986279,0.4944586953674183,-0.17968716062045562
0.39054006384685,-1.9101144512786228,-0.40038933726241294
2.0196427832755695,-0.6197847208972004,1.102621908757594
1.2877321806761033,0.9608489675113707,0.9701682417116693
3.482866664952778,-0.8958713498669774,0.2620996796144821
1.6134092682568835,2.0849994053199867,-0.48299370556716964
1.2096850594166768,1.0913432711262112,-0.17628359945416486
0.5227370094452257,-0.42821227588113187,1.903264204960938
-1.0301578071448871,-0.883015522461954,1.110457505426575
1.0790901478735953,-2.2347204278235675,0.05833442831795658
-3.262075497071292,0.313317449497898,0.8565912534433636
-0.8731110052524551,-1.9495448991277953,0.21157612188114958
1.987185099528514,-0.7630555829705283,0.6086823726914903
0.45128608651349655,-0.028388626390200383,-1.5792402297729065
-0.5094431294320934,-0.09558676144519206,-0.9214008679854464
-1.8901120241713223,-0.12215395528620403,-0.9474644329276644
-0.1424075142781876,-1.302340062002221,-0.4753657958260434
1.1173269421470344,0.9821654852154428,1.316744726525132
3.037242893459353,1.6880739223938244,0.22151896447680897
0.7250924686849365,-2.0021199726222054,-0.5871448946045621
1.7398292745711912,0.7139514577814692,1.0725381774132279
-2.9638637902218714,-1.0919882571569954,-0.04739153268630043
-0.33973757240811137,2.2676390704977565,1.3203039041485378
-0.5697314713113525,-0.5823300316289678,-0.5603958627832314
-0.5697314713113525,-0.5823300316289678,-0.5603958627832314
-1.003060796395364,0.299421150804712,-0.34745780603321536
-0.8817689048534442,0.5299518617467971,-0.4032999907553852
0.06069114504700599,0.537858725784448,1.026576775706505
0.20265996635169997,-2.140505234228933,0.837472489487318
-1.1392572182782479,-0.4782706507654788,1.9148896397884447
-1.418891951980169,-0.7157503341573431,0.5071715006014809
1.69629130052248,0.4711577460811243,0.9522205409175818
3.2058872939137597,2.5534901540058117,-1.9238833026912958
0.741916922115757,-1.0852166286354659,0.10598743638137988
-1.8270610017532418,-1.535164039443284,-0.609330698496881
-1.5676511445524137,-0.5273597828369604,-0.9784009305673373
2.1093739314625175,0.5286096677435376,-0.3763313748734494
-0.837942903921353,0.299968370008029,1.9492883204012814
-1.3351216153084173,1.1495424482020733,0.5433551389178641
-1.9726081643923237,-0.5696696978680139,0.9279149416916733
-0.17926349022531254,1.3755658552870194,0.1658859790211663
0.1228487499576374,0.022182460439008067,0.4859198539081561
2.454227612476958,-0.5085048956314746,0.327036855209625
-2.2187801015930595,-2.2447177231003077,-0.19255452901690434
-0.03651335418335883,-0.7915638046004968,-1.0581232646809378
1.4841778203879896,1.6047440208670436,0.5090696438544569
-0.6266912753526952,1.6878738374230997,0.4868264778010738
-0.311588867818338,1.1788884246653437,0.42887775513735377
-1.958726279711119,1.9137609385064571,-0.2998032086629285
0.9723608470024265,0.8748023469562158,0.3790776640523364
0.2168176007218878,1.8426080941490695,0.9669496588961363
-0.7405141473897174,1.7689288053676617,-1.7192380242260212
0.9882168219025902,-0.5404790404060515,-0.7706038672484968
-1.9117461569074765,1.2703342920907288,0.14567434364621615
-1.1113298166991612,-1.375143543875784,-0.2948324622599649
1.1012963037300307,-0.22906218471245646,-0.9246293388373609
1.754156973981852,-1.0897417196877874,0.5190170695225046
2.679335811955124,-1.087638485350492,0.42855233087787215
-0.19098125061866328,3.963705559940874,-0.5541208599757772
-1.9032619529155628,0.6200074463369254,-1.2698153383839663
-1.1233065147600887,0.25718892830489637,0.1986529527762549
2.200528883128021,-1.129862497620509,0.2442949099597702
-1.6077366213132116,-2.286159303376382,0.07319584005955349
2.6246181205657053,0.4611979202178786,1.0338464048059686
-0.9012162968980937,0.7322195459429252,0.7854792820073214
0.23089405459577514,-0.22636290312200952,1.6476999133485681
0.09094102363633781,-0.04902185065658711,1.1442830819789538
-1.231790005655046,-3.6964167904221505,0.5469246818898696
-2.4149716054518904,-1.3389101110346981,0.17440938985044682
1.2550190778022936,-1.1857313834913545,0.1414412782288684
-1.5534057155620031,0.7404644324537252,-0.02294406590915818
-0.8355477600790558,0.2990065620391976,0.5833895625199514
0.08156042725137276,-1.5525430202982529,0.6917467626261277
0.19210466892380398,-0.7060962061251101,-0.08663332350341771
-0.7146140023680139,-1.5206410088190243,-1.0182262286173205
2.2494920644845675,0.5191619686084349,1.4507271423684704
0.6212096908841087,-0.7705052717752384,-0.21674641642428677
-2.7847367942383627,0.27216342308327285,0.8255767889271834
-1.2160646012184095,-1.2753153365050258,-0.17531012558239398
-0.9285692381101944,-0.6165407133926482,1.2914524326823154
1.1682163737682285,1.9555843926968888,-1.1837483298087939
-1.0771031747155309,-0.012394240869277231,-0.7819407488474546
0.7021829207592131,0.6409183669597238,-0.8328587512000889
-0.03613166130304597,0.5283929409440383,-0.7163666644484833
-1.0547917535376938,-0.06261295007832808,0.25913524893718526
-1.283323205245336,-2.4300597060767717,0.4569523121269627
1.0001847350659925,1.3492952475614892,1.159182311703741
-6.003656525947833,1.1060375025381377,0.07258363375664356
2.846010508673385,-1.6791849731360327,1.466045663555339
0.23137894759265062,-1.8994594201128296,-0.908195203819208
2.3283059836667865,0.10369296532601248,1.0080659145620383
-0.8758006650844457,-1.1832858797883667,0.4709494758365014
-0.7603445892250701,0.5162999842251434,-0.13426229757195143
1.4204533820219003,0.2049583701319596,-1.3456116535190221
2.48255696588244,0.9548943955920944,1.8655423835920664
0.8119422781447428,0.8918768986267634,0.16718510099812517
1.5268489881728244,-1.901338439348045,-0.8717480327345244
0.3922977679380214,-1.130764421094404,1.1474212621513813
1.7820670629147257,-0.30355723003329893,-1.094502256597055
-1.4833177649914684,0.500869741639828,0.9428754446031284
-1.2827479538778357,-1.0873491401261512,-0.4010386591958733
1.7680077463205388,1.3210276746706913,0.9805374349356437
1.4064299796693032,1.083751014790201,-1.6841509867667481
-1.1954397174898153,-0.012395513024798056,0.18940960895020217
-0.9694670267136306,-0.6237445521457,-0.3778390647804326
-0.17981770437308367,1.0670311569083244,-1.7740472360508046
-2.43498546851515,-0.2323781589656556,-0.3174034943250279
2.190287493953155,1.1221674395099626,0.31618381874733753
-0.7180099131519979,-0.09178907205574469,0.2841185477071518
2.189837939116131,0.2429959700948074,-0.2586672376392582
0.7408415814663336,-1.2422417225384434,0.9278195146822295
3.5577960651313636,-1.267291345261527,-0.014555222766981282
0.5084770716707118,1.786844455563177,-0.8868466750928198
3.4426400583694714,1.1038315451514706,-0.6309392308948327
0.5508353519230209,-0.24817390004865647,0.786619921786738
2.0787207641742826,-0.15911780066138007,-1.5650602668045388
-0.4521347080299852,0.38439778813703857,0.010958279424740704
-2.1305347818760523,-1.4259807159849118,-1.0616657443547248
-0.5895173740294537,-0.22170280014076355,-1.029560139670279
2.7057500422989076,-0.8883277904200857,-0.9354240737801173
0.649337883676971,0.22939449690236122,-0.021697567360079422
-3.8718167497071114,-0.6801203154232914,-0.5724838494747869
-0.32825759691245726,0.3184134188387462,1.0377400301711153
-1.1304100151595595,-0.2911794896145348,1.2415532225297248
-1.850311127722808,-0.8729437209092319,0.4951143878247733
-1.1823160660123715,0.032403855351956626,1.242484944966954
0.7950023086702074,-1.1092725031386241,-0.8071511394429682
1.991147901945327,-1.2942327974223116,0.00613794523987336
-0.9368255509474434,2.239492638867619,-1.728927098898462
-0.8704056495375844,1.0345815108682614,0.7738629839455448
-0.17969025193061997,0.16929196360664264,0.6406953050987235
-3.7636820822083754,-0.1887400445351203,1.068148743970168
0.0335254153007323,0.12564069021591795,0.6320130307356899
-1.660215594201416,2.2798960508254664,-2.2903081366420026
1.467959571755315,0.9782681062833491,1.8708258971689584
1.6215736831277603,-1.8586333075706434,-1.565397673197387
1.165611606915904,-0.3725987146296381,-1.746017000128776
0.2193419642596341,-2.5694703791811984,-0.7623751995154721
-1.4332040446902257,-1.697413313985331,0.41630559294128533
2.384122819993251,0.6302884036030926,2.8647968451006345
-0.8097292901119377,-1.0438888231298311,0.6604028149741
1.7033630755968368,1.3652887127044004,1.0628119771806654
-2.8533111106764872,-1.3839708348711113,-0.9168577361269415
0.20327172727442316,0.10291439722302723,0.4215833999733829
0.44148867705239475,-0.1876257113873425,-1.7753401369019954
0.3948779981092062,-0.6277470971538253,-0.3882797067321286
3.3110025677412867,0.017732928144816758,-0.22997479103390148
-0.303699836380753,0.8448530905181394,-0.2549857367321247
-0.07045648860742948,-1.1638529045981012,1.498876816270503
-0.5649325908762959,-2.412759294435676,0.971048772811623
-0.22514542227402745,1.144284904898191,0.060933659420431746
-0.32471944635157207,-2.449891594668411,0.8530267814189443
-0.7816008657779595,1.0827086367362304,-1.6584689271088475
-1.5071733507890268,-1.695674864309274,-1.5376979902493317
-0.524219082649918,0.8475171887047903,0.3914919362050384
-1.171205250852575,-0.09640284486915432,0.6035690705275222
0.9480899541415537,0.24598721912689608,-1.1685235516115515
-1.6184454861868398,-1.213824628183993,1.4428946596446046
-0.3292619110689104,0.6459498900777227,-0.9014080696707392
0.8917650529722715,-2.170682922812187,1.5085376701233557
1.159508852667899,-0.12404257998548328,0.9060201006721411
3.599642633905174,-0.6655910415650366,0.6733235097333956
0.10513380866853284,0.5362611020817938,0.787336249463046
0.5302895208139414,1.5932480852000153,-1.7874728534207893
0.13902700954638003,-1.0031319089170305,0.3723122194776035
2.255571502688487,-1.6547874154169073,-0.011862955212354438
1.045233912032197,-1.368639442170946,1.4937385369301648
0.04369641267521488,1.4180287444970785,0.4725665588563658
0.5371073296724143,3.3959796524394363,-2.6987248721346444
-0.5286155152963616,-0.806045335284975,2.7419391062135485
0.7881713333190737,0.40339940783866723,0.12554458223879789
-2.2826106582277155,-0.10707310587800399,-0.0473887557910444
-3.1502386693184983,-0.13573981414123398,-0.02077727585120506
-1.9784277316222232,0.03145367045569591,-1.887267271512717
-0.1750757746753108,0.42937759590889485,-0.8910610557010582
0.7488357384214782,-0.4153467781390255,-0.7934179938319089
2.0493200439406083,-0.5013275443900332,1.0246121370954968
0.6260681919396146,-1.5449058431253238,0.5337222573882341
-0.6344293172194355,2.5173708119405256,-0.30415584903875464
2.845355283086498,0.48157723381430184,2.5453558019632734
1.1221283398734117,-0.945083080701363,-0.1531970561445841
-1.6541274804296653,-1.705964756438507,1.6764352355243692
0.6921984726962933,-0.37691092676479604,1.1937102381948779
0.0573830583003916,-0.7596003789941833,-0.018084949365751616
0.5778228415638718,0.020514111663014856,-1.0857437815577613
-2.031394227909934,-0.3979819896031453,-1.2626191135151394
2.003927338680228,-0.4683710010567656,-1.4571446550851288
-1.917833650628725,-0.45583841360758975,-1.761675694722899
-1.5834027611078547,-2.148553858925067,0.26378395973446933
-2.445375828444446,-1.6447644216873947,-0.14395574561820582
1.7942240439044705,2.4523450459206537,0.7596748163341472
2.6026830674860144,-0.5884079595418489,-1.064997498885982
-2.6850153329866506,-0.9817217762161276,0.5870481027326047
0.49558704435637535,-0.64272700552394,0.962723845819445
-2.6921096131366973,0.3935604387157397,1.984582185691387
-1.7256136097065473,-1.1142919818939048,-0.1115770951131914
1.257351605722891,-0.5998778895920722,0.6544258782998535
1.3928613000482637,-0.18114701785902312,-0.4603115353873213
0.28079404300770144,1.349106755983104,-0.9696334290445092
-1.1357826933156583,0.3356008891926416,-2.237211864356646
-0.08690027917654725,-0.769815271660944,0.26655417814798055
-0.5769799598813173,-1.1281564733143357,-0.1676446283946793
-0.892060957501801,-1.0021843993036843,-0.26882204237311796
-0.2614482479797859,-2.10155735482497,0.41479329310679275
3.7160813269675725,-0.5216839821148974,0.8342958440474899
0.03898410134338305,0.04901501067439226,-1.3311448132268364
-0.9925677550105058,-0.6909081355342013,-1.3768092142746327
0.8546905130366769,-0.06060709655321028,1.0832600393718352
-1.4682520684096725,1.7631542280246162,1.3708003474190782
1.0080971569570605,2.7737919898683043,-0.4947278764271057
-3.9963983178279983,1.9920068766848673,-0.8650939758911167
2.384637442059009,0.1481039165248466,1.7845543816667284
3.3353056588814667,0.3835211118865738,1.1282006020367323
-1.753868470544875,0.3286312209669772,0.7469004871766706
0.4233663171268285,1.9248363024509652,-0.46467473716297336
-0.13974847198968426,2.9125926850489265,0.29484366114951527
-1.4201024842794026,1.4682324682373813,-2.1478487855968815
-1.8985140984768434,0.25942080776576776,-1.9101487490293614
2.548585603171431,-2.0646837538981524,-0.12505756131520337
2.503070853518895,-0.9803345056318092,0.4529371776770285
-1.0552951209342742,-1.384565172003827,-0.16819259454791063
0.7766467588569949,0.281870013000557,-1.2571796504562662
0.4797853260934574,0.4540486923511701,1.6099283422065898
-0.1740949717428572,-0.007190520569108275,-2.600726604317181
-0.7860910583656257,0.41022557618078054,2.064917253815059
-2.343525860245038,3.006955578556473,-0.725604715129147
1.3158672204286086,0.43202507697376696,1.2599474994694553
-1.713031286476348,-0.9862879521131838,1.9317401527398528
0.5874521594698199,-0.17188947769489665,-0.24158346053244248
0.8821081971292718,0.6218202076300102,1.5908767324178676
1.4460419199422267,0.8815086571457856,-0.20702780492549114
1.323347340823065,-0.8728821849599925,-0.18210462290721843
1.3158672204286086,0.43202507697376696,1.2599474994694553
-3.0286021617975623,-1.9481265713441358,0.5926112992022723
-0.24860574117238723,0.06605319131517562,-0.9306110973224201
-2.0699876498508174,1.1785241571115148,0.4938104243750142
-1.828652720351143,-0.007342623518128042,0.3571112618756546
0.338709223292139,0.20116185386668542,0.2248563661670553
1.6260005582118597,0.8074793692674435,0.5529051117701529
1.0857013112361664,0.36301515207387214,-1.296469774349392
1.800742600809309,-1.2199580909034007,-0.9395957166289131
-0.23847393712510065,0.807312995563317,-0.10957891491638008
0.7453317598005424,2.2779519387437994,-0.30995592005969524
0.6797327487446663,-0.6606691748231104,-0.671451435122787
4.064900508402653,-0.7343074636680866,1.9996631810945396
-2.348544489830256,0.31552063906412153,1.8987366349298098
-2.1798529307966645,-0.12124212645043865,0.641686634080048
0.4094087914419534,0.4940799578112188,-2.0257434588706307
2.3185714448790256,0.5609526611312187,0.49785966370476525
-0.6662020788872319,-0.8900824344205307,1.0100203556169196
2.251213745638477,0.013965344533314071,-0.1721886937762107
-0.6722992590598262,2.1022907351705253,0.35949355417228995
1.8159606171346274,0.19776151215707016,-0.15174919558401834
-0.7287562299322647,0.12315574063844055,-1.94010587274102
-0.7475093715311728,2.4224709808661244,0.042029377856482295
5.700176765645449,-0.29691951696474916,0.2612617715781605
-0.036334986216302496,-1.2706028840303503,0.9462415347421169
-3.0951520647292137,0.30245156769540443,-0.3248961519742639
6.225887465812325,-0.6014364140740552,0.437788019313999
0.04735000160178057,-1.1259197743799303,-0.7596437888769875
4.093078272301374,-0.03960184255089353,0.31744896712137277
0.8988020347950582,0.2021381491911753,-0.4160808295341581
-2.689473692436329,0.7953182171534288,-2.0781185698322604
-0.9588846015589259,0.7874993713469439,-1.1928561531131383
-2.689473692436329,0.7953182171534288,-2.0781185698322604
-0.54312654553545,-0.11661177676304417,-2.811946975622681
-0.831363274651581,-0.008906106455173236,-2.323428672531901
-1.3781721007423673,-0.018306839855515126,-1.9923276419419378
-2.7464661792800977,-0.49210929826918787,-1.5747827618188155
-3.1352524925796668,-1.4983070644616794,-0.8142484972004109
-1.144849108841593,2.1865408097809844,-2.513046920496877
-2.781823257367167,-0.38767101191483216,-0.5151800932410544
-1.6082589223177284,-0.08992848944456476,-0.25398459677287255
-1.0572324630765384,-0.10815721846885744,-2.269514031873759
0.02741578496927569,0.033011745571494375,-1.9336740457639867
2.9157157656221506,1.135128751083901,-1.563512222279101
-1.4502073118274854,0.38934498631526593,-0.5964391755230669
-0.9588846015589259,0.7874993713469439,-1.1928561531131383
0.02741578496927569,0.033011745571494375,-1.9336740457639867
-0.54312654553545,-0.11661177676304417,-2.811946975622681
-0.051758154625308216,1.4426542423984183,-0.6102380430241532
-2.8880133624110456,1.3108591381740278,0.5682769166452294
0.8921211254001159,-0.7550907803244741,0.5230356199975063
-2.781823257367167,-0.38767101191483216,-0.5151800932410544
-1.5532740057442198,0.6155910204738648,0.8310774947566069
1.0381621396942253,-0.04206466664882707,0.22513198201876586
0.1125712325032486,0.12321610925579979,-0.6821092347213317
-0.10483467222210016,0.9455396238085622,0.043299202162678796
-0.5438534770920441,0.6687874711788557,-1.0426602069239628
-0.15778800091044484,1.606094736118063,0.6380735531459548
1.0949507351904333,-0.4355078984525339,0.5140942795271812
-0.47932310459535954,-0.37758519692680687,1.346228208799399
1.14340429424274,-0.7538043973288512,-0.8187045959783052
1.6356951967302609,-1.7170958431717858,1.8214610765059438
-1.358727294587428,3.0046910567130776,0.1323759171365848
-0.9608289409164437,-0.7682817360656508,-1.94538055474565
-2.4011438123871645,-0.03827852953170827,-0.3483413192460379
0.7675725307858804,-0.2096522165296484,1.355736911550176
2.2368113408456662,0.30584643066358547,-2.762207366261135
1.9754116427932897,-1.7436849802267091,-1.3933735251225414
-0.6111613567228859,-2.2459976746642933,-0.1397659144770938
2.2368113408456662,0.30584643066358547,-2.762207366261135
1.8081037598597063,-1.0745283714967577,-1.8908103604261632
2.786831221868557,0.4852484976224516,-0.9608250625143516
0.26787185133826347,0.41869593642733755,-2.248040703014167
-0.1873649288828212,-0.13014480789931535,-1.8171387436780202
-0.13176234289039584,-1.2326732542385594,-1.96058133755758
-1.4712170262820536,-0.8476430214934803,-1.4624996333827607
0.580848253671632,-1.6415436744071996,-0.8322575541857687
0.13767734930484812,-0.8227222701853287,-1.2419479568564342
-0.5371886482319197,-1.518652467930556,-0.049319104183967975
-1.6562619338013693,1.6723683067402728,-2.3285883738243536
3.2763589556625092,0.14977256217286508,-2.3408442175694084
-1.4658949654366236,-0.6957860456108015,-2.0189213990768966
0.08236753481056666,0.16219199381045052,-2.1122012467429245
1.519819644340491,-0.5636394500037858,-1.8596130122077565
-2.5309586104152357,0.8392238871869097,-0.1824023159032567
1.4195561256352356,-0.06504720751518443,-1.9780097304623658
0.888898531893773,-1.3625948513272959,-1.8779559665378873
0.4574609743343902,-0.13659204461417002,-2.410163765497236
0.9029089468015575,-1.1257879962977235,-1.0083946356819091
-0.13176234289039584,-1.2326732542385594,-1.96058133755758
-1.5186520233520235,-1.6692329996041917,0.44641622497664085
-0.6065330363597883,-1.3693052399715246,-0.28271502821256356
-0.929772922469832,-1.335002265390726,-0.12228986744107698
0.2501377856917025,2.6479641749581737,-0.8864099589676115
-1.95765022950305,-1.0889329562866505,0.4741942257206703
0.08374284571747516,-1.2840751918035391,1.4031087958531276
1.1350939744562856,-0.543396926717617,2.929771935560029
-2.203060209804209,0.4839329601623302,0.17290004846878665
-1.5415763198129615,-1.4212934542314666,2.509184847785183
1.738796785314137,-1.281884820490293,0.5756819962114237
0.5722673151102224,-1.252033017680048,-1.4427866054057885
-0.4681046944057009,-0.7764432963491744,-0.6261966062462152
0.23343371938609334,-1.2912963399763002,0.6480557177359504
2.631594912445948,-1.0950093632161384,0.8288661802463874
3.4004873834671527,0.6755034006214076,1.254912610468141
0.8009860579920214,0.7827600697317716,-1.269582170779992
1.1596047127991713,-0.9163757330561593,-1.2428381603200418
0.8001313006739202,-2.0645613410103802,0.8237708077370489
0.27807419199227695,0.7075272292813034,-1.5368829314509456
2.204452932552575,0.08279555228561282,-0.7581500690957607
0.43000738066119415,0.6184921679372606,2.0496246058991017
-0.674360687379029,1.7700999736335492,-0.14131102680074728
1.1433253120195914,-0.9951310924141049,0.02930641473110691
1.8185045943738976,0.1608443948830377,-0.3860100982730454
1.8185045943738976,0.1608443948830377,-0.3860100982730454
-1.6692176499996736,3.0983284824839936,-0.5011624656235313
-2.914802204186134,1.3073058100374932,0.5111517485415805
2.451978077762255,0.02747747140504094,0.628102681663413
-2.014952485676203,1.0222675014863323,0.13564263678217328
0.17396108374488847,0.9833899591738321,0.521127078982462
0.04787208681510172,-1.4789420464655325,-0.5301823462472713
4.072221768043624,1.1471218153126896,-0.12589984013966277
2.669996153031115,1.4852183604766716,1.2647711722668227
-0.7521826306055016,0.9387858417689288,-0.7015847598648424
1.4007583204385905,-2.030430908815838,2.583678481651272
1.311833261159354,-0.4749555773969586,-0.8069483921516216
1.9191187678289228,-0.29329184486269605,2.273779650905147
-2.709706999306921,1.226780241750091,-0.6444610645462853
-2.709706999306921,1.226780241750091,-0.6444610645462853
0.279595163822854,0.5497554241792736,-1.0259298405079906
-2.4549736206397967,-0.9632556742173424,-1.0250257523474475
0.5365136653613086,-0.6340599050332095,-0.09767184733173423
-1.461589807947971,0.06265061926957231,-0.5192688903936938
1.1880991324875205,-0.15580172863775688,-0.25759178593207477
1.4206358980243938,-0.08818593392024723,1.1813709561682482
-1.6580729116032857,2.9114812063262683,0.7812482755423094
-3.947075235433816,-0.8546016165505702,0.09423803893731675
-0.8667159932156371,1.0844858937767765,-0.669962241739372
-0.2671928150521185,-0.7147375439169001,-0.3575837397191809
-2.6863371741746502,0.22154003447904347,1.0861688100916003
-5.434109579651686,-0.6244227446124243,-1.2253985826177483
-0.21324089544322777,0.44959612877780186,-1.1128066027030044
-2.3075668785347982,-3.4245792202069505,-0.1419042637644781
0.025083554530807607,0.3622361444785002,1.6461264436399883
0.22675272745635539,-0.8394487317756445,-0.18126180693415225
-0.13277892028989385,-0.21806153800279104,1.1974462496068512
1.8234748339215379,-0.5518331931962517,1.187838967807243
-1.0238510503836862,0.5147244107393437,-1.1903545176152273
-1.7586818227607774,-1.5505818679512569,0.36574454652363403
-2.7769724394106823,-0.34675087160818513,-0.023166380474181965
0.29450716749282857,2.2343523052780947,-0.4810897277193719
-1.6062954782855245,-0.8380933762575156,-0.6342344589549206
0.4592955512385141,-1.2491548921511444,0.31831291001674705
-1.0716511751512225,-0.6304920613097363,0.8864778494726092
-1.4132003854673219,0.31919550039424766,0.9452343248869266
2.0711207252786075,0.5902453599818568,-0.1632337137979947
-2.8917375399426968,-0.2712971127678052,-0.9176640464633867
-0.9184758867265823,0.08504454661353059,0.8028279488519722
-2.589956910411427,-1.7195862859169027,0.32721036058131425
1.6072549699354792,0.09491107445554095,-1.1743233738173338
-0.9760127665713134,-0.13717955329241527,-0.6458263690441909
-2.6916242131320365,-1.3081132717266173,-0.12256598341227692
-0.6939060461549735,0.003653066524065872,-0.8191332871001549
-0.30115841723308723,-0.5696009390365175,-0.23288678865861856
-0.525293551455987,0.5595667682126559,0.47377634409115627
1.1246791430003182,-0.538873643300234,-0.24012720180276875
-2.1171216743544035,-1.4688508446302264,1.0800914356687583
-2.118326302353452,-0.6182280327740919,0.8093857977547376
0.3541209705096218,1.3039945101844859,0.6183153496896314
-3.156309820908296,2.503290905204532,-0.21317373672909806
-0.24682269402458185,0.8505740492568538,2.7408702185359792
1.3183404319079373,0.9482297611874143,-0.6222577827149083
-0.5967647554314093,-3.0986550504136945,0.7399844159775166
-0.0877460981799501,-1.0889387234107,0.7443819652682684
-2.6188330929652683,3.1625577079992997,0.4700228964332563
-1.8850898891080203,0.6037182333259045,0.9314523872954866
-1.517711049043484,0.2706814330187353,-0.28725841276744746
0.048848796900840624,-1.335165776380548,-0.6700665414594772
0.9709128703309527,0.5995709226527077,1.304603275788449
1.652399121104853,0.6654756162818453,-0.9233461631931364
-0.49549808825744796,-1.6208084456589675,2.7569034703076447
0.4121953478091461,1.981931931974312,-0.035215159237276666
0.26466469820071,-1.5222777674198376,-0.4851676394317936
-1.3429642028281974,-1.1188758882431955,-0.38338656864988185
1.8164436920139024,1.935241460286471,0.8326789648472918
0.8690600009473325,-0.4975669749577852,1.795793260664401
-0.5046769089336857,-0.07373705069226869,-0.8165374880359294
-1.3054702657212756,-1.2931519098044915,-0.423164671161692
0.4116704105735574,1.1683134625976308,1.107388272176942
-0.27509916914313737,1.96808241338565,0.5423832831250844
1.0792799831138378,1.1079075711316733,-1.948376182943514
1.179968158110727,1.2635837129020782,0.43160830891781743
-0.7136154141081521,-1.9583384315861323,-0.45464852558797636
-1.2129218801685562,-0.3706950850287634,-0.8692121713687653
-2.756736367578954,0.5716788101773134,0.06097986469563056
1.0499382845207657,0.034912281864526794,-2.8563862606092134
0.10391382326406473,0.4924978682493947,-0.6654813703025974
-1.7164974161912203,0.16260802759184742,0.467460723405617
1.3577836817843272,-1.615153669291462,0.12587825869035096
0.699593670983489,-0.3697735165812203,0.3845697079829494
1.7329932590000332,0.753354212324494,2.0372840626138577
1.3133502325526833,-1.6037500481879015,-2.1424348208153376
2.4452661498724977,0.5898105211114075,-0.6896923383064376
0.34331872282114917,-2.762115148063796,-0.26055800246714333
1.0250249051939355,-2.45800078889852,-1.4296314406250363
-0.6434884012865274,0.05164760079504997,-1.6198085190775566
0.8774507163469001,-3.1848394404206672,0.09671155671122794
0.77274073982686,1.1462152333109277,-0.2633429574328087
-1.6280113068541526,-1.1467871915721741,-0.9914382328803565
1.5862141347845373,-1.8165488727465002,-0.48497164207911647
0.8622829124188492,0.5848812829124596,-0.13320410388754506
-2.3981683957440314,-0.34590814692129784,-0.22088464137592476
0.5109736881913597,-2.274045876566959,0.9885401245510048
2.140962584067667,-0.9114995484098875,-1.2366192819624657
-0.014271017304242382,-0.4598598153484761,-0.5647515212879265
-2.4738196952591567,1.2248094218186776,1.1453082394129763
-1.301284970332002,0.562544211939878,0.35910206366720826
3.473480845227688,0.00012373062565840593,0.3343100139406456
2.6821981872774643,0.46133231926407414,-0.5777401252250021
2.534016876758542,1.0963763080797553,-0.47349409129126974
3.2196798218413942,0.8201917779869223,-0.9346689421568525
0.9421067015785078,-0.1885886554523564,-1.260622952296112
0.025149637987977737,0.9794789879933885,-1.8652986002355139
0.5870063029790652,-0.20888030231255722,-0.7959364688651361
0.8504171340450679,0.8664661093332285,-0.9895324879884254
-3.4608316277893887,-0.7759156363241004,2.4630789645135565
-1.5800712063993245,1.3238301382634827,0.05488610179756495
-2.139134453288195,0.8425176143914144,0.8525569612617482
-1.7017337391077392,1.6436898800893704,0.8012988335172749
1.0508718590009152,-0.8153529545267482,-0.9175852158099659
-1.4730295510957392,-0.6982732371093436,0.32828876138322605
1.1975898105377731,1.0515505439217265,0.5319944689980953
-1.2214410673409242,-0.25544413340603556,0.7471949129228547
2.019271932042206,0.8636097793918822,0.5117111722138098
1.397123120087916,-1.1656305072793833,0.6868425833317947
-4.121975104433878,-2.5186533659117307,-0.15177516259219143
-1.21548644111409,1.051595088288076,0.44717347770728977
0.4449804334085718,-2.6754025816826976,1.2689257270667271
0.9370098964366257,-2.242439687232505,0.9054146297894725
-5.122553369903668,-0.3530232112743443,-1.7421160223751173
-5.177035405828332,-0.5427565858383377,-1.570705140574608
-0.9748589678392157,-0.6967426721987133,-1.42669399828815
3.4133879545782007,0.14459191205130895,-0.5040908706798511
-1.9698829209419784,0.7007701445170014,-1.595593189533525
0.7987410442631446,1.5823320285194404,0.8944723954103306
0.38122316853225235,1.5442171646339033,-0.5644554143899887
1.4950881003728074,0.3968844017994733,-1.4700003378571338
-1.520963416787861,0.2247875077581615,-1.320198384895239
-0.9264226864881935,-0.04865682901659851,1.6793035729413148
1.5655749017639076,2.445342463527832,-1.4935919651772642
-2.2707973603686447,-1.4571264295696378,0.8408095816489317
-2.1233841985775035,-1.2891500881589393,-1.1061698179686443
-0.05020423904559724,0.674182442633028,0.6562538217760062
-0.4026773966032631,-1.7233570295236793,2.7711840602772395
0.6528098939401198,0.4495373482775969,1.14767984095808
0.8611394972939016,2.2795166399777798,0.2761049461397659
0.06245688114517569,-1.2180030831320927,-0.08543404156857737
0.7597574537269929,-0.3931721186203788,1.6663350745472172
-1.2804686539214776,0.968362410009924,-0.5224134717776581
-0.5521894710510736,1.3005808247468016,-1.4202364206458482
-0.49444548062985827,2.3596433163285706,-1.3595467226033466
-0.4218710967109061,0.9443676694635612,0.7944347773819848
-0.7707736510527147,-0.28468430745021095,0.9553966114198019
-1.2640848577112083,0.6228074044280605,1.1148965103982436
1.6304874249421044,-2.313592974854645,-0.09324959279733501
0.9825374028663013,1.2505554509819325,0.5796129177651289
3.8315381578653347,0.40128043706571653,-0.9654057034808133
0.7479295537789707,-2.523677801003568,1.5289245211508822
0.9791405240001043,1.074077915822453,1.791102466590556
-2.473587538215524,2.605485011684342,0.01944900591464184
0.4010270890936998,-1.0357527997659626,-0.6041054388041509
1.611853446828907,0.7162247517868544,1.8029595736768962
-2.7936975968868425,0.6460353382292569,0.9197536774684026
-0.4869006039036248,-0.17624715049230938,1.22945179957572
1.406794090946651,-2.017942885667411,1.7811292712295315
-2.53681695637479,-1.1556124236024274,1.5953831193421382
1.0139328046112543,0.38413642335085385,0.171393004057787
-0.9611599653065153,-0.0947238761031933,1.450267067161674
5.065649738709303,0.19960608247033587,0.0641950162550735
2.507311497722102,0.47914260067216075,0.09496500358479852
-1.4321478251460682,-0.0825534418677719,0.7639519530904397
0.36068043116929394,0.7485114444115748,0.48478019806431655
0.07883505771730845,1.618286346537085,0.4842668492257672
-4.608241488614918,1.615797499731793,0.5761854283987567
-0.09658293147663867,-0.20194958156014836,0.4553384288401568
2.117164998137471,1.7284032111615226,0.7584271214967631
-0.38492480456494477,-2.042036517414704,-0.32649419814594505
-1.3620171901422478,-1.2479069607975941,1.8693856800130944
1.7938391219871912,0.5476467195649453,0.6745490845877353
-3.9558894339693116,1.5730014948695237,0.462523032033522
2.4265496973307044,-0.39229533485024853,-0.024258639549036932
-1.8470553339205589,-0.5813404208989713,1.642281809181907
-0.6338506913293713,-0.21234077694956677,0.19871854928819074
3.1265860261815748,-0.012964255698078977,0.7909665303183752
-4.082178274725316,1.9055075143746016,-0.1772497548555224
0.1805334431979363,-1.444354194039459,1.035672706568392
4.031514828650949,-1.753323911730001,0.02274364914794817
0.33381826937792636,0.5883706848667201,-0.025319666744781984
-1.7796760995450418,1.5179238909913144,-0.39124349361045185
-0.812937475951414,1.677370138313067,0.24544636971978326
-2.6203645868523684,-1.0511559937643413,0.23418132393982702
2.5346010446582676,0.1056178695491712,1.4476463604184608
0.04153555532551913,1.7725491418698769,1.4847907889202598
-1.9386424056467906,-1.066003489200793,0.840985748910084
-2.049307163882515,1.994740464902592,-0.2320288186883828
0.9372060670978285,0.23876319805289184,0.8373462624468107
-0.2363628732407176,0.7907327419733071,1.0427060793609855
-0.23240623424876417,0.3929881459895832,-0.01897493550508892
1.2644271493011519,2.358761258043618,-0.49313802810863117
2.677553190184873,-0.057596315986798145,-0.8480803193650697
0.6939697616397102,0.03897925209755013,0.4373209128800095
2.406986526866941,-1.2784564880659643,0.48672004664010265
1.6034740503652805,1.4482119191272116,-0.3479721168315283
1.5618185591639253,0.6559046839112909,-0.5897059676428805
-1.171309316231013,0.9883707107685222,-1.2416607669370059
0.20777433713436133,-0.41679605771715267,1.337875216046998
2.2878825916274144,-0.0751874157658023,0.8987745695638454
-1.8999569837350412,1.3119161904763559,0.9763342979029003
3.118113807924791,0.7764853966005913,0.7035107508190099
-1.189275680346472,0.8859251348627397,1.0033526843289249
0.7974417997460644,0.19725687288645957,0.040361578664089445
2.8484511183919876,-0.42421090449746046,0.6044294503179628
-0.6038482980073224,0.42635887250770216,0.5756152298164886
-0.21213442146283118,-2.7820170490732297,0.950843588903562
-3.790892535042681,0.1904752338854557,-0.12242639867630026
-1.043246569361329,2.061710971316652,0.716019515184293
-0.5237540204708185,0.8966262205971117,0.1378533094450568
-3.3212088318809148,-0.7671684374089496,-1.2534342356837618
0.12353334191443405,1.2843793862102386,0.5494418534069094
0.36384277955320926,1.165287283889396,0.9644023304531122
0.49053696784492407,2.0057921485521546,-2.033982009218227
0.34054523189545877,0.5046880715013187,-1.0643486024038713
-0.539268502698025,1.1177587254099128,1.0730014946763156
0.8599424601327624,1.91540856201256,0.0026784462428861983
1.0070914150308137,-0.0493846625414854,0.3360698680166718
2.4716409427820656,0.12121571997032216,1.9621766578098558
-0.5516926489510648,0.4780116444476714,-0.054660557963601517
1.0503890140490677,2.1690848856210554,-0.13391076303746938
-1.044494138386869,-0.7870106651533032,1.7033420308126366
-0.7938307564255227,-0.629269959692495,0.7473162861719372
-1.8406090623302354,1.7680588724424462,0.6307937400323266
1.9490433571523686,0.7491372324622569,0.614680155811996
-0.2799025096699959,1.7180743755489989,-0.4504881383671988
2.8986852515144967,-0.2768259978640406,1.3624214407447512
-0.44716400598545025,-0.40822579140337967,-0.2603783410887
-1.9325593229717672,-0.0031155960497104254,1.0270002642996208
0.2421700703234617,0.42975061933276304,0.9425447940338006
-0.3926215056854424,0.6144404856234936,1.3643115740416565
-0.4348992118127397,-0.09146072546045667,1.5222565525046745
-1.612500062147817,1.3421723888074424,-0.8539137398920608
1.1527178002533927,-1.4572269513737695,0.664709985656183
2.2378761222215537,-0.0602967296455905,1.4676160995348484
0.614363104410659,-3.4550419382111377,0.4621203892645074
2.0060498270949365,-0.84643141895754,0.3562114926636095
0.4065209411775531,0.3904192832763144,2.061383519962765
0.04864209071382111,0.5309056824424989,1.736935517086671
-3.8359915619108405,-0.5921386854833396,-0.49153006878257965
0.9800373301481259,-0.6623892823122998,-0.5843637396897247
0.638312194772678,0.2295834746963255,1.5256378307503051
3.762106604449712,-0.7556857206315174,-1.0253421362522916
0.5045083816270751,1.5588504446473628,0.09339796056335099
-0.9954569833215602,-1.8533656324794396,-0.45421009892492026
3.140525963941668,-1.9571594567022301,0.9140592211289342
-0.3955791196969992,0.19738972262741622,-0.37105991213843664
0.23389711149707298,-0.31264117701396893,-0.5575743595471939
0.783195744121588,0.477976746531057,2.4651255056450334
0.6578536752828249,1.5435379415003883,1.8431457869291743
2.285900095114751,0.23895409278862245,1.7066530281230765
0.5850727848163076,-1.0832660047525065,-0.3208065015224368
0.5019338735511137,-0.688671614423731,-0.6892705245897895
2.442586831997683,1.0022069508904963,1.9739930842394648
1.5439424825883181,0.4758428991231561,0.09689490621188836
1.5688255555551809,-0.8055157083092386,1.4255319943984817
0.5350104504566999,0.8029768895035241,2.269296207039113
-0.8061897842418315,-2.6078536717735212,1.4425328931274684
1.5187542416653672,-1.2368933528993706,-0.4864946778239765
-2.5990947726655174,1.5604320039646742,-0.41912013563825185
1.1640945914823533,-0.0837669860699626,-0.29578048373851873
-5.1037485539095675,0.5887905948434035,-0.15375038079310419
-2.4852396988244085,4.112560019300214,-1.0673115274676688
-0.7920639546072084,1.7007323031392882,-0.5701663851368521
-2.0068214727229066,-2.1610546166708433,0.5652562074510677
-0.6723217698804954,0.19110961103127944,1.3281019463588306
-1.0124554528369014,0.14261693871994907,-0.9868034542537008
-1.8529788924692518,-0.5937640683907602,1.0817201948882695
0.9119579193181614,-0.058460365322318,-0.6210469044869665
-2.245782360681547,-0.03761142019724164,3.5206939107858757
3.4743341002733996,-0.07873109455827214,0.6172577845635472
-1.735046193108273,2.315943596000428,-0.9873179886552049
-0.5407952824710114,-1.5647385606061186,-0.06558340078058128
-0.0959930970650088,-0.603660371488526,1.6698113523387588
0.1467814329033503,3.0350088082047746,-0.9636394921715072
-0.4317697232498,-0.19757290233861718,-0.4279818853460119
-2.47581306246804,-1.3010631745363883,1.8674445904658663
1.3405276000231512,-1.1956430960622382,0.13540705127063107
0.03538639142810978,0.0759779896822475,2.6899278604120456
-1.2881295010265799,2.960918433833025,-1.5811043202731918
-0.5342741942042029,-0.11297710554351419,1.0453979142902134
-3.226691411462323,-0.06492015843897124,1.7700464835339975
-0.8917286899899663,-0.7730001393503568,0.016623713593933928
-1.286617502445249,0.9148773495008481,1.5853532951088383
-1.4256460696728819,-1.0861810053723155,-1.2824014285867031
0.401993971213174,1.501546144381945,1.4353415634312672
0.8199635163540009,2.38109968667768,-0.32482465261847504
0.8199635163540009,2.38109968667768,-0.32482465261847504
-0.7679437554011844,1.4551406929827546,0.04288926521849762
0.22755189715916116,1.7270927924660262,-1.235537390190157
-0.5084141812663446,-1.993398283722526,0.19847266233580285
0.0936335315746026,-1.0556271161666582,0.2690703324995934
1.3549610543299644,1.0971573219247224,-0.1259926400218743
-1.6858032698574343,-0.8785083700011634,0.6653795817452861
1.8705821261004965,3.0937508576029122,0.05873270488492656
3.4778494396395283,0.8875875800643549,0.0016553363791041269
-0.03550342286441712,-2.2450304822026217,2.6021608864130346
-2.332361392822173,1.7799105932935178,0.06375647722899434
1.1185984535043614,-0.18016651291533722,0.07192777946757967
0.959747496099789,-0.08691740769219104,0.008683405871358482
0.9210757910894986,-0.06883902541732607,0.016282421952371874
-1.544793273687515,3.5198783726687584,0.6049700921691834
1.6429348038654372,0.030250698609609317,-0.07391508963013488
-1.3093351278091279,-0.7431082542554001,-0.3785351409591646
-0.07941587297740849,1.2458825322445537,1.0526668102252859
-1.2749277445741631,0.8006940750519435,0.06011542102142674
-0.1794042074672075,2.1622232802819297,1.416254419603773
0.35119389116098676,2.16590604730576,0.22831971334190357
1.3620341587121305,1.8432879728178504,1.3346962245573817
-2.093131336225565,0.22176751401151437,2.38703524437886
-0.8941771725825431,-0.8322466093156629,1.5304634519670102
1.1970458382428908,1.2796748614961555,0.2695968001578124
-2.0177322307913377,-1.031523370119677,1.2048574116945567
-2.3423678353653528,-0.6044502522384042,-1.0041239221702265
-2.275328689643982,2.4424883901693724,0.4127216369740955
-0.2742443347266363,0.504478688478707,0.6656795025602049
3.4814369199202155,0.8997682986576756,-0.23866707142328802
2.7108012943008926,-0.24282908212820895,2.557163952976551
0.43632741660029745,-1.0602805229785248,-0.09055143033607846
1.5860594857343513,1.1066599585157615,0.8411945234467811
0.6669325612833293,1.5990120045394578,-0.91822910819379
0.22946280827657414,-0.8470237527320409,-0.8641778698477259
-2.976523901188449,-2.335382525128223,-0.47537069532264675
1.2395300804467873,2.9090977665328484,0.09716771635835346
1.989675316895455,0.09696856413571384,-0.025371866613932
-1.9526031522830571,0.4412159224759948,1.9178568919797445
0.5385117996371029,-0.025867552500869927,0.9896607772458458
0.8969888341162243,-0.12936467609712363,-1.0929109147366047
1.079845600068405,2.3153322220878216,-0.0683887581030554
1.8175678266186808,1.5938783008849844,1.7001214673627931
-0.2732236623572612,0.7522840494988132,1.0211597878845056
0.9438474526441094,-1.3944816124197086,0.3556376581076714
0.13415388502664535,0.537739702531233,1.3883360396246027
1.9436848111775287,1.6467664832366748,0.013067613335106724
1.2086569949397448,-1.0216853836188828,-0.495378855302529
2.525404271550167,0.7046099429058882,0.2681665734670084
-1.608650827684007,0.9719630043209553,1.144993570367058
-1.3055839817793233,-0.06475138495133202,-0.09212221343192395
2.1835445000135834,0.8453457505199067,-0.5001835737204047
-0.5140847479121424,0.8362833688163677,0.7325968145330619
0.01298276902428567,-0.6801654503536736,-0.10391321085207061
-0.6638291352972375,-1.3653263016845478,-0.6367199320164914
-1.4424227410944908,-0.23931541481673646,-0.7159491762978737
-3.50755234397722,-0.418900954097497,1.52404429949905
1.6684474402370364,0.11793864724887256,-0.7159313615308074
0.1425178525050508,1.4364726855146082,0.5160787797814487
-0.9040457879011,-0.18092913250058162,-1.165028304306497
-0.24509440701664112,1.2445280258429905,0.9063468081556134
3.5185002177413107,-1.0258378447294225,0.3007112323910565
2.199136518591158,0.7873016175133122,-0.8982584752269647
1.135813272769338,0.7593134344055275,1.1116367033312657
-1.4913708123965876,-0.2749748822611479,1.952432223778798
0.7211887681074588,-1.370303841505134,-1.4837097519996594
1.3731655733305206,-1.8723426832315737,-1.1730361698342617
-2.5349111782440312,0.3934970200891371,1.7061134531166549
0.4317268315725214,0.41129858582444495,0.7271574667783647
0.8183477011460102,-1.5748826339870576,3.060320624727483
-1.329354411237861,2.359937924434971,-0.5715046420113523
0.9551123822096201,0.4458054214245887,-0.8017646172832189
0.43058011429705323,1.312004718838837,-0.3879120672153722
0.28339198746369104,0.06459284899221722,0.3947895593985511
-4.6115115384955585,-1.1607706618940479,-0.3805222756674812
-4.31601608950482,-1.9513133728102878,0.14709539001374955
-0.1503168123880971,0.9714614057861423,-1.0311764420375138
-5.090797440213603,2.4865150568363337,-0.16218351881578358
1.2522295636379206,-0.7261171454019714,2.5335583845446945
0.7032176361579553,-0.00899925033592721,1.0332820482381126
-1.3344962474659592,-0.5674108561083755,1.1615866067753475
1.180954970431465,0.9047102121117004,-2.3259840942823384
-0.47548974346654876,1.8130526428537885,-0.8562401085225813
-0.9284949734261876,-0.18874408094365594,-0.4403992485000563
3.012955178189837,-1.1793075453527038,1.2612323153542033
-3.3020650922702197,-0.596763785235749,-0.7509331327223239
2.175741311620408,1.0031645992572116,-0.13729280581760328
2.213216418468998,-0.18683288854254126,2.1059735561487463
-0.9197055115876674,2.640302176886662,-0.11058738329275801
-0.8066798168442505,1.2051719381207764,-0.7704855882093637
1.8367328423632796,-1.2063578148902523,-0.8062759569847877
1.7420709766029014,1.1789609602881876,1.5603485243726218
2.6264278453579637,-0.036956308113815485,1.4038779399421115
-1.8529862462486273,-1.6834563306595889,-0.12681658156417136
-0.798971971044989,-0.04488564018987935,-0.6043483952017846
1.760463643441602,2.4141319587185177,-0.9674764731419254
3.4684086150688165,1.117914715529389,-0.14626766089353938
1.3654081851127395,-0.1122460631760679,-1.2694337179777622
-0.14657966271392478,0.9736228880176041,-1.185407130735599
1.1064785442248328,0.015141695894543174,-0.03379084638364565
1.362050230422402,-0.9651574695256016,-0.8726861749607542
1.0659986087865652,-0.7322004850113222,-1.4135239892390115
3.890333871124776,0.9241611104914422,1.7100122089039593
2.4721711356652327,1.6826710977246138,1.0334337217802665
1.1938400964246156,-1.165219079794349,-0.919413359143281
-3.597189377608059,-1.4143898526357768,-0.2678663140330754
-0.21717076984703876,-2.468321075319692,0.10608293234541799
-0.9881708957516826,-0.9078464395093929,-0.5296802110691635
-0.25374606488070656,0.30604313845204084,0.8012161377684167
-0.4101515259432619,-0.3925706991943314,-0.5525481035667656
0.16719968135484448,-0.1693003959841381,0.8316209511834414
-0.38052854906820116,-0.8950932352377637,-0.7348310150155961
-1.173882022418335,-1.7920608821904158,-0.8818821841423242
-0.5363046070611409,-2.366716230451141,0.6105559621719336
-0.2881052378954248,1.587058919495699,1.1355484868613765
1.3325070060380435,1.0133796798701828,-0.18651386806395173
-0.441800771915932,-1.2435023207839482,-0.15009132676490416
-0.7164221122929901,1.0337394760797587,1.1869306054378792
0.22299844686905262,1.0198328769994365,-1.6709072815772477
0.3350018368808696,0.4412091883421053,-1.1848937939660422
-0.6852853260815027,-0.7958102963656467,-1.1963365451916539
-2.545404744819178,-1.6260504894206314,1.1015258208083805
-1.9473119991952401,2.442905316896559,-1.588322823858509
1.9106084104544556,0.20000995767054583,1.5248597680565537
-0.47776330132466027,-0.8471598279581779,1.5303917765021229
-1.4642820355690165,-1.2919781890672475,1.2031678161255288
-0.40026686626337366,-0.48574566808341785,0.34053084926001986
3.3194664305966,0.36671602894984434,-0.0060902458948651934
-0.04972214763653888,-0.3583268601907286,-0.7387222684128969
2.6027053175120742,-0.3396834309673715,2.9585257268558336
1.6604462526609627,1.8116652983380155,1.0771986304107093
0.976463866642966,-0.1107849576475543,1.4519190586131738
-1.0126963594806224,-1.3544205571714387,0.1689545041579857
0.3582337232475819,1.5483493269097142,-0.998105269313139
-1.8874342410502036,-2.3216237167384843,-0.045951554668534955
-0.8357740378638253,-1.059373346309828,-0.978066678088654
-4.1938815239856995,-0.8780116087641258,1.9366113034631254
-2.2173115980753,0.5934670308488026,-1.3605566859484346
-4.647447938260374,-0.5280520605819448,1.854091139637145
-1.334193310674699,0.6078936399813432,1.2020996350165265
1.878596711405578,0.5617224157171221,0.8203058410028
-2.843177547155175,-0.7873439123731392,-0.40689759266434455
2.661085288334842,-1.2247003204951827,1.0525075562440527
2.2665989574645855,0.7915919815835164,0.8898265649131761
1.322014439404479,1.3766196815991856,1.7219601532220363
3.5511725831216117,-1.3501494841171688,-0.6050901071650809
0.21651929255669883,0.8948150482267325,1.7714306890247555
-1.0799270204163711,0.18328444995794252,-1.1560281288648808
3.153059649017877,-1.075304912277402,-0.45266050085199366
3.072432324245561,-0.022701965492942833,0.8393213868796596
-0.7670490651291026,1.1346544977749282,0.8457938841763744
2.662374078194171,0.5507030902155523,-1.2773795133958172
-0.5891735191771281,1.0177840316196558,-0.183927115243249
-0.6426635918241763,0.760601163282019,0.11907115563746933
-3.5880666029071193,0.23231633255053669,1.2833477066498262
-1.3679293891760842,-1.554176237312665,-0.514493582190915
-0.16360101077065775,-0.8265721350169287,-0.6491988956668691
0.12769894149120467,0.95686850636131,-1.442156115246597
0.7371235369409432,0.2972152996258143,0.007779082775677928
-1.247998763493858,-0.19137427568678597,1.5990097294709633
0.03136412114503595,1.0902598809215907,0.4506291169594328
1.7818973694687896,0.804420635954763,0.8869385410911406
0.1817350042087593,0.2251498301079711,2.3177937731094764
1.309605669473817,-2.4750166304041854,0.664005395903543
-0.249843554293868,0.4312613503879959,-1.2881066323466488
-0.44477957487568376,0.9651836340550389,1.4295980764854608
1.168313885436368,-0.45731952700247386,-1.785119272446429
-0.04626520034343347,1.318054825784618,-1.4513463627974936
0.5029792613620053,-0.5992628389400673,0.5881404266790655
2.4893555392175464,1.3282151240260731,1.0253075429790721
-0.021701650915115635,0.5473960382276667,0.1597711741422702
1.1517109570758435,-0.31243109510465417,1.2226386300856131
-1.3635763272127919,0.42859432301404304,-0.43503696074769066
3.940497158507,0.971870968656481,0.9379193079020083
0.8826421133683182,1.0696901559581915,-1.0455882065012174
-0.32105405336080073,0.4022574203205769,-0.23686390796847798
-0.9139642475884524,-0.5743873755337267,0.9960545799619878
-0.6043723000480598,0.6274437093599454,1.06319857607187
-0.062117556124779365,0.9113654098147032,0.5548403986614001
-0.5730442528641334,1.5947693689492302,0.20190894990419594
0.21470801936428793,0.9234198748772717,0.9632861747146055
2.1456253884478866,0.4236854421366355,0.7148514729330194
2.1404818114713353,0.24594164516903907,0.2985634768093992
-4.11431336921697,0.8526578724120282,0.30761710577315715
2.8076735112342734,-0.2457042033368213,-1.8488633750010879
-4.39194250788906,-0.18477772614396343,-0.6560399932489641
-0.14556101915560804,-0.053804439205256065,-0.3732338643959831
0.485168608456527,0.23464613381591376,-0.5432347756108091
0.8523618792472851,0.8917626944365036,-0.38305190469532713
2.047420090892717,0.11992293452551278,1.2021119974860361
-3.5977081623150475,0.780633066170542,-0.1983622086131723
-0.550425970425923,-1.1847800805167719,0.25667408357426696
-3.110554950741943,0.627164447457273,-1.08506615194171
-1.221944907866043,0.7098463308690084,0.14809265252503703
-0.6743632140148276,-0.1111481569895093,-0.2411470629060951
3.2209568654152005,0.3960493414765151,1.8788103157576064
-2.032533832487803,-0.3749342697623927,2.183154122112152
1.8309870639408514,2.9764605451414465,-0.8938968825871605
1.9089178537602738,-0.49565436420053166,0.2369188376290576
2.533835034980259,-0.7146045090934836,0.4329197991614855
0.09544548783815296,0.5631492413112935,0.3912612649991497
1.7000123008780663,-0.46871094322595863,0.6493442093437296
1.0562012272680104,3.433838256363303,0.08481623538541164
1.677652718794981,1.0668580553466707,1.476952897026311
0.8904223112643541,0.5302940970423499,0.06077080050601371
0.6773345396126093,-0.34751876936647474,-0.9679591540329986
-2.5174692599204356,2.46338060183641,-1.1110552144047687
-2.4996796443630673,-1.054898501544584,0.7220197391108203
0.20430128644565806,0.6608485463648074,-1.121460488224123
-1.5529715108846505,2.556938462333719,-0.23700853371005212
0.013274721714105576,-0.6100386698591596,0.036065728518661244
-0.777896784979524,1.1601909618594441,0.5079502988230029
-0.8176222958794265,2.303308349953676,-0.4038243905306964
-0.5082384027088571,-1.3811882381950402,0.1794867166005357
2.4550296305841464,1.7643416021147453,0.6696398986610258
-0.24035028772281816,1.0470998244609204,0.7091396944858724
1.768766616011746,1.197459040936898,0.307193072870736
0.9240158534856021,0.0697772700012226,2.2002505971896174
-0.572469400486589,-1.682399710222504,1.1563044955137298
1.6728303168056857,0.5301330598540894,1.1250220291060218
-2.1319696175453062,-0.25393846457546476,-0.46277293523018437
-2.8254735630205583,-0.5338476610470486,-0.1913263295472746
-0.6786399714843835,-0.5054954915361375,-1.152372340566443
-1.5384590315597584,0.24938268765545651,1.7643594394329776
0.5088588263755287,2.1826326791758097,0.509513411559834
2.1515237750069702,-0.8696430474591597,-0.09232898506012198
3.937738224282352,-0.08034420115588387,1.8394569166482841
-4.568325839436689,-0.49259036483609153,-0.7631328908073737
-1.2337281977298444,-0.646727394165268,-1.0540060459167995
0.8052549712711705,-0.771218305018406,0.5834395781235627
0.7308463260434593,2.325856251233325,0.8208059484337018
0.814402063723454,0.8291789301606107,0.5654775251635091
-1.8756307148856892,-0.14500970568787128,0.3838612009993852
-1.2427617216009565,0.47330160283224315,2.7728013918509364
-0.8089163893399357,-0.4616698587367566,-0.39745379969898736
3.512966830427512,-0.4353820752100989,-0.48688154759539687
-0.8677569649323837,-0.021269295084501743,0.04877958109780621
1.2368217202614733,-0.24163206622745464,1.5321913726558793
0.18993208370948442,0.12475152198355424,-1.6337315393239384
2.8839430915400324,1.2702260233690534,1.1781813927750981
1.473759754278345,-0.8290323674759132,-0.9236130946736735
-1.4905860024960607,-0.3099459527139092,2.819642395944165
0.14559909885121322,2.316292765954694,0.06749719663428523
0.17375098981167567,2.1037563207909002,1.338536602729066
1.8311555059904183,-0.7764641113836213,1.647292621217473
-2.3629190456026565,-0.21138960606619506,0.31512106804013723
-0.4157131571617115,-0.41804587857293,-0.909912913698121
1.5452267139347824,0.7133527121506312,-1.5240528534733544
-0.034543758335652194,-0.44117673699309906,0.5567393448080946
2.533835034980259,-0.7146045090934836,0.4329197991614855
2.4716039856158427,0.455268461813896,1.1950276265526378
-1.9615000030660752,2.29500987972221,0.2276118831603702
2.623016818546192,2.0820561209491437,0.8623139471389288
1.4040615623293007,0.016174924441093457,2.205202287132697
-2.466899710021972,-1.834073233890457,0.16909640250396943
-2.3737467945484982,-3.392342909326514,1.0828759348146944
2.3718912807278953,0.92272760724583,-0.075751211662552
-0.37127201341861815,1.1110282310219979,-0.5645328958064236
1.0743961810781884,2.773671028996217,-0.11239577672143054
-1.4653761609408653,1.8448581838425733,-0.2818024857111711
1.611999500407678,-0.8080561278188223,1.028277318823162
3.725232862333784,1.1759410391032408,1.3819733641485985
2.1686656501233106,0.930573730822678,1.3301966452366283
-0.265179104249164,-1.7227342709053106,-0.3285440316180759
0.34138575467550014,1.9214281658426535,1.5580794795140993
0.3566085233078046,0.5672756074750643,0.12541624755468084
1.0455278270706643,2.93935914124638,-0.21750293612781166
-0.3696337805195551,-1.4518306918973964,-0.5976409152246501
-0.4117017998369308,0.92199239377839,1.8749212894081153
-0.09474592597378768,-0.4289740850211046,-0.38235247601203587
0.4384377502913176,-1.08657914709053,-0.7336727387226166
0.35985831745187874,0.7772027231620279,1.7430038374615175
3.4865444102251635,-0.45856251739720316,1.2613518769866567
2.200124100316854,0.9728975268469073,1.6274044223789637
-2.629829909599017,1.1641164423062278,-1.2273602529849397
-0.003885269063360165,-1.468524013923136,0.2880129331069028
3.4799286547552732,0.5518525770848051,0.8758139607795498
1.6012326391654956,0.3396415120135387,-1.5058770319361214
2.6501214943456772,-0.6986277295252252,-1.424202044146134
1.4519111264480942,0.7490290887743309,-1.3986581982336093
0.2748309709117829,-2.559918828914017,-1.0803233696185224
1.0390833523748504,0.6180690772648453,0.08482598279520735
-0.4138714271064756,0.11338227355787778,-0.8838170217329729
3.2539536466940793,1.3705382343040846,0.25514574377960125
-0.4269122039110033,0.6078312208891459,0.5567745331472292
-2.7618926871028995,-1.5372904323115648,2.8307723145345465
-0.5330185496805598,-1.574630655824586,-0.79972428515352
0.6697041049451924,1.2194479432402314,1.3782401047231334
0.21144387249174984,1.0500191551036293,-0.6173409749618085
0.6517595190385831,0.2683406628478383,0.18033597112226113
-1.620013914483452,-1.699441586935485,-0.7837349439072874
-3.6326242723358537,-1.4145189260103028,-0.5274530087008049
1.1552973901967902,-0.13931220051722837,-0.8781556309738998
0.11311311359218992,1.9104127762570404,1.2204920664727106
0.5589198342321523,1.1579419594117137,0.8867734119110546
1.4985665177747363,0.11742833778969078,-1.0724221791503343
-0.9268416977029067,0.05547433973925478,-0.19188308783494656
0.6784115365096558,-0.16736715848665115,-0.4130792332453793
2.8824748950396124,0.3615025484553258,-1.548167473473416
1.7837202430262684,0.2512008611181791,0.6581295531395739
-2.2890665849258007,-0.777892825826709,-0.9357200502897378
-2.545419467157619,-1.0347395583652592,1.0373429223579227
-2.74731746346573,-0.7232822405061028,-0.6748858897763111
-2.6201305373303536,2.5675913593642057,-0.1954548455800024
0.09360785911594298,-0.10682273904213369,1.4709100234868748
1.2760576493512423,-0.5660833789277753,-1.00594984714272
-2.5131907494251267,1.2136359177299252,0.1668115369003824
1.658077049602273,0.6446415721471955,-0.3181226359201221
-0.16502633454173884,-0.07472515958891206,-0.8922612538140736
-2.963761812289086,0.90664090372597,-0.3587121705306181
-2.9944836174058187,-0.6650131505540864,-0.008927815655497337
-3.3985914827617516,1.372837471051007,0.7454455051861858
2.8351005995442033,-0.42000042817465216,-0.8508086140166949
-1.3307582700897582,-0.6559170676751401,-1.13400913762168
-0.955961392497568,0.5413279867386201,0.08544346736414758
-1.7548167235621868,-1.2271531977944359,-0.9294831840026477
-1.7548167235621868,-1.2271531977944359,-0.9294831840026477
-1.707925315397516,2.897981748350844,0.04289192895922531
0.35314891188851966,1.0987861213139953,-0.41002888182416064
-0.12559997949753032,2.2316106728083125,0.4231435467824445
1.8691214429036123,-0.25764321387786415,-0.6846051392393314
-2.7326925327779037,-0.3758577359044517,1.163859908235518
0.21334733882829374,-0.6186479939200173,-1.5460367613943597
1.3987121254438348,-0.3277795860683808,1.3156400341764172
-0.17551592896414453,-1.243932174430207,-0.5608274478850863
-2.66235523049975,-1.2569007136949562,-0.22669169283290524
0.716035646448443,-0.9563185125918069,-1.6373147897032294
0.485708234301208,-0.6847470168821286,1.3016231401565634
-1.0561250171353467,0.2956822360495934,-0.41564568620790004
-0.032688608290176745,2.887237192904575,-1.1770829311262592
2.6546962981480595,1.0292208519226926,-0.30925871503475993
0.23493836706664548,-0.17015289411832557,-1.0751837772269404
2.9252228547344963,0.8280908177827575,-1.440758225628648
4.819634531259437,0.091898855255952,-0.7509948605544974
0.5440798361455129,0.3395909474882587,2.6600746148257586
0.7900927785825025,-1.1565425969645367,-0.8393995291196059
4.67287144181033,0.2950511139171683,-0.9050356806259982
-0.7791109377883252,-0.9095002620986778,-0.22889948304486513
0.44764307663955566,2.839724015684208,-0.8013496474430669
-1.2548819589502427,-0.3536587493892998,-0.9541914581657805
-2.3054945237563045,0.4685055825603697,0.1547322428460308
1.5814668987567448,-1.2367778376985545,0.9774958015986155
0.09741650598414889,0.5674552844510155,-0.5245616811037235
1.8465624394708129,0.9254604195742047,2.0452472336191834
-2.4640714169311706,-1.3396094071289295,-1.0580055425719601
-1.3097056829493416,0.9024268196317323,1.1345191992401944
-0.3726267991828399,0.36291046025519225,1.9015513601476168
1.8126137433377107,-0.7139094314672332,-0.443782226379163
1.6881886608430736,0.26559024247010105,-0.35714867211670404
0.6026005302224137,-1.970752866834757,0.07591149014207163
-0.9213199479522859,-0.05659313757123966,0.517513762808221
